Event,Date,Round,Heat,Start time,Name,Draw,Finish,Video,,
2023 Milton NC,,R1,1,102.662,DODYK Ryan,,,https://youtu.be/l5dVPGKj3ks,,
2023 Milton NC,,R1,1,103.022,RICHARDSON Matthew,,,https://youtu.be/l5dVPGKj3ks,,
2023 Milton NC,,R1,1,103.262,CECHMAN Martin,,,https://youtu.be/l5dVPGKj3ks,,
2023 Milton NC,,R1,1,103.462,KANG Shih Feng,,,https://youtu.be/l5dVPGKj3ks,,
2023 Milton NC,,R1,1,111.622,DODYK Ryan,,,https://youtu.be/l5dVPGKj3ks,,
2023 Milton NC,,R1,1,111.942,RICHARDSON Matthew,,,https://youtu.be/l5dVPGKj3ks,,
2023 Milton NC,,R1,1,112.102,CECHMAN Martin,,,https://youtu.be/l5dVPGKj3ks,,
2023 Milton NC,,R1,1,112.262,KANG Shih Feng,,,https://youtu.be/l5dVPGKj3ks,,
2023 Milton NC,,R1,1,119.902,DODYK Ryan,,,https://youtu.be/l5dVPGKj3ks,,
2023 Milton NC,,R1,1,119.982,RICHARDSON Matthew,,,https://youtu.be/l5dVPGKj3ks,,
2023 Milton NC,,R1,1,119.982,CECHMAN Martin,,,https://youtu.be/l5dVPGKj3ks,,
2023 Milton NC,,R1,1,120.122,KANG Shih Feng,,,https://youtu.be/l5dVPGKj3ks,,
2023 Milton NC,,R1,1,126.742,RICHARDSON Matthew,,,https://youtu.be/l5dVPGKj3ks,,
2023 Milton NC,,R1,1,126.842,KANG Shih Feng,,,https://youtu.be/l5dVPGKj3ks,,
2023 Milton NC,,R1,1,126.862,DODYK Ryan,,,https://youtu.be/l5dVPGKj3ks,,
2023 Milton NC,,R1,1,126.962,CECHMAN Martin,,,https://youtu.be/l5dVPGKj3ks,,
2023 Milton NC,,R1,1,133.122,RICHARDSON Matthew,,,https://youtu.be/l5dVPGKj3ks,,
2023 Milton NC,,R1,1,133.222,KANG Shih Feng,,,https://youtu.be/l5dVPGKj3ks,,
2023 Milton NC,,R1,1,133.242,DODYK Ryan,,,https://youtu.be/l5dVPGKj3ks,,
2023 Milton NC,,R1,1,133.402,CECHMAN Martin,,,https://youtu.be/l5dVPGKj3ks,,
2023 Milton NC,,R1,1,139.222,RICHARDSON Matthew,,,https://youtu.be/l5dVPGKj3ks,,
2023 Milton NC,,R1,1,139.322,KANG Shih Feng,,,https://youtu.be/l5dVPGKj3ks,,
2023 Milton NC,,R1,1,139.402,DODYK Ryan,,,https://youtu.be/l5dVPGKj3ks,,
2023 Milton NC,,R1,1,139.622,CECHMAN Martin,,,https://youtu.be/l5dVPGKj3ks,,
2023 Milton NC,,R1,1,145.402,RICHARDSON Matthew,,,https://youtu.be/l5dVPGKj3ks,,
2023 Milton NC,,R1,1,145.542,KANG Shih Feng,,,https://youtu.be/l5dVPGKj3ks,,
2023 Milton NC,,R1,1,145.642,DODYK Ryan,,,https://youtu.be/l5dVPGKj3ks,,
2023 Milton NC,,R1,1,145.842,CECHMAN Martin,,,https://youtu.be/l5dVPGKj3ks,,
2023 Milton NC,,R1,2,244.964,SARNECKI Rafal,,,https://youtu.be/Njuntb0LjJ0,,
2023 Milton NC,,R1,2,245.284,SAUNDERS Callum,,,https://youtu.be/Njuntb0LjJ0,,
2023 Milton NC,,R1,2,245.484,QUINTERO CHAVARRO Kevin S,,,https://youtu.be/Njuntb0LjJ0,,
2023 Milton NC,,R1,2,245.744,SZALONTAY Sandor,,,https://youtu.be/Njuntb0LjJ0,,
2023 Milton NC,,R1,2,246.044,BIANCHI Matteo,,,https://youtu.be/Njuntb0LjJ0,,
2023 Milton NC,,R1,2,246.224,HSIEH Nien Hsing,,,https://youtu.be/Njuntb0LjJ0,,
2023 Milton NC,,R1,2,254.064,SARNECKI Rafal,,,https://youtu.be/Njuntb0LjJ0,,
2023 Milton NC,,R1,2,254.324,SAUNDERS Callum,,,https://youtu.be/Njuntb0LjJ0,,
2023 Milton NC,,R1,2,254.584,QUINTERO CHAVARRO Kevin S,,,https://youtu.be/Njuntb0LjJ0,,
2023 Milton NC,,R1,2,254.804,SZALONTAY Sandor,,,https://youtu.be/Njuntb0LjJ0,,
2023 Milton NC,,R1,2,255.124,BIANCHI Matteo,,,https://youtu.be/Njuntb0LjJ0,,
2023 Milton NC,,R1,2,255.284,HSIEH Nien Hsing,,,https://youtu.be/Njuntb0LjJ0,,
2023 Milton NC,,R1,2,262.564,SARNECKI Rafal,,,https://youtu.be/Njuntb0LjJ0,,
2023 Milton NC,,R1,2,262.864,SAUNDERS Callum,,,https://youtu.be/Njuntb0LjJ0,,
2023 Milton NC,,R1,2,263.124,QUINTERO CHAVARRO Kevin S,,,https://youtu.be/Njuntb0LjJ0,,
2023 Milton NC,,R1,2,263.224,BIANCHI Matteo,,,https://youtu.be/Njuntb0LjJ0,,
2023 Milton NC,,R1,2,263.304,SZALONTAY Sandor,,,https://youtu.be/Njuntb0LjJ0,,
2023 Milton NC,,R1,2,263.404,HSIEH Nien Hsing,,,https://youtu.be/Njuntb0LjJ0,,
2023 Milton NC,,R1,2,270.144,SARNECKI Rafal,,,https://youtu.be/Njuntb0LjJ0,,
2023 Milton NC,,R1,2,270.144,SAUNDERS Callum,,,https://youtu.be/Njuntb0LjJ0,,
2023 Milton NC,,R1,2,270.144,BIANCHI Matteo,,,https://youtu.be/Njuntb0LjJ0,,
2023 Milton NC,,R1,2,270.244,QUINTERO CHAVARRO Kevin S,,,https://youtu.be/Njuntb0LjJ0,,
2023 Milton NC,,R1,2,270.264,HSIEH Nien Hsing,,,https://youtu.be/Njuntb0LjJ0,,
2023 Milton NC,,R1,2,270.404,SZALONTAY Sandor,,,https://youtu.be/Njuntb0LjJ0,,
2023 Milton NC,,R1,2,276.564,SAUNDERS Callum,,,https://youtu.be/Njuntb0LjJ0,,
2023 Milton NC,,R1,2,276.604,BIANCHI Matteo,,,https://youtu.be/Njuntb0LjJ0,,
2023 Milton NC,,R1,2,276.704,QUINTERO CHAVARRO Kevin S,,,https://youtu.be/Njuntb0LjJ0,,
2023 Milton NC,,R1,2,276.744,SARNECKI Rafal,,,https://youtu.be/Njuntb0LjJ0,,
2023 Milton NC,,R1,2,276.744,HSIEH Nien Hsing,,,https://youtu.be/Njuntb0LjJ0,,
2023 Milton NC,,R1,2,276.824,SZALONTAY Sandor,,,https://youtu.be/Njuntb0LjJ0,,
2023 Milton NC,,R1,2,282.824,SAUNDERS Callum,,,https://youtu.be/Njuntb0LjJ0,,
2023 Milton NC,,R1,2,282.964,BIANCHI Matteo,,,https://youtu.be/Njuntb0LjJ0,,
2023 Milton NC,,R1,2,282.984,QUINTERO CHAVARRO Kevin S,,,https://youtu.be/Njuntb0LjJ0,,
2023 Milton NC,,R1,2,283.044,SARNECKI Rafal,,,https://youtu.be/Njuntb0LjJ0,,
2023 Milton NC,,R1,2,283.104,SZALONTAY Sandor,,,https://youtu.be/Njuntb0LjJ0,,
2023 Milton NC,,R1,2,283.264,HSIEH Nien Hsing,,,https://youtu.be/Njuntb0LjJ0,,
2023 Milton NC,,R1,2,289.164,QUINTERO CHAVARRO Kevin S,,,https://youtu.be/Njuntb0LjJ0,,
2023 Milton NC,,R1,2,289.264,SAUNDERS Callum,,,https://youtu.be/Njuntb0LjJ0,,
2023 Milton NC,,R1,2,289.284,SZALONTAY Sandor,,,https://youtu.be/Njuntb0LjJ0,,
2023 Milton NC,,R1,2,289.404,BIANCHI Matteo,,,https://youtu.be/Njuntb0LjJ0,,
2023 Milton NC,,R1,2,289.504,SARNECKI Rafal,,,https://youtu.be/Njuntb0LjJ0,,
2023 Milton NC,,R1,2,289.784,HSIEH Nien Hsing,,,https://youtu.be/Njuntb0LjJ0,,
2023 Milton NC,,R1,3,386.806,JURCZYK Marc,,,https://youtu.be/HNdBDv0zMdU,,
2023 Milton NC,,R1,3,386.846,VILAR Lucas Oscar,,,https://youtu.be/HNdBDv0zMdU,,
2023 Milton NC,,R1,3,386.886,LIU Qi,,,https://youtu.be/HNdBDv0zMdU,,
2023 Milton NC,,R1,3,387.046,PREDOMO Mattia,,,https://youtu.be/HNdBDv0zMdU,,
2023 Milton NC,,R1,3,387.066,RAMIREZ MORALES Santiago,,,https://youtu.be/HNdBDv0zMdU,,
2023 Milton NC,,R1,3,387.246,CHUGAY Andrey,,,https://youtu.be/HNdBDv0zMdU,,
2023 Milton NC,,R1,3,394.486,JURCZYK Marc,,,https://youtu.be/HNdBDv0zMdU,,
2023 Milton NC,,R1,3,394.606,LIU Qi,,,https://youtu.be/HNdBDv0zMdU,,
2023 Milton NC,,R1,3,394.646,CHUGAY Andrey,,,https://youtu.be/HNdBDv0zMdU,,
2023 Milton NC,,R1,3,394.706,VILAR Lucas Oscar,,,https://youtu.be/HNdBDv0zMdU,,
2023 Milton NC,,R1,3,394.706,RAMIREZ MORALES Santiago,,,https://youtu.be/HNdBDv0zMdU,,
2023 Milton NC,,R1,3,394.826,PREDOMO Mattia,,,https://youtu.be/HNdBDv0zMdU,,
2023 Milton NC,,R1,3,401.306,CHUGAY Andrey,,,https://youtu.be/HNdBDv0zMdU,,
2023 Milton NC,,R1,3,401.546,JURCZYK Marc,,,https://youtu.be/HNdBDv0zMdU,,
2023 Milton NC,,R1,3,401.646,LIU Qi,,,https://youtu.be/HNdBDv0zMdU,,
2023 Milton NC,,R1,3,401.726,PREDOMO Mattia,,,https://youtu.be/HNdBDv0zMdU,,
2023 Milton NC,,R1,3,401.746,RAMIREZ MORALES Santiago,,,https://youtu.be/HNdBDv0zMdU,,
2023 Milton NC,,R1,3,401.886,VILAR Lucas Oscar,,,https://youtu.be/HNdBDv0zMdU,,
2023 Milton NC,,R1,3,407.966,CHUGAY Andrey,,,https://youtu.be/HNdBDv0zMdU,,
2023 Milton NC,,R1,3,408.106,JURCZYK Marc,,,https://youtu.be/HNdBDv0zMdU,,
2023 Milton NC,,R1,3,408.246,LIU Qi,,,https://youtu.be/HNdBDv0zMdU,,
2023 Milton NC,,R1,3,408.346,RAMIREZ MORALES Santiago,,,https://youtu.be/HNdBDv0zMdU,,
2023 Milton NC,,R1,3,408.366,PREDOMO Mattia,,,https://youtu.be/HNdBDv0zMdU,,
2023 Milton NC,,R1,3,408.466,VILAR Lucas Oscar,,,https://youtu.be/HNdBDv0zMdU,,
2023 Milton NC,,R1,3,414.486,JURCZYK Marc,,,https://youtu.be/HNdBDv0zMdU,,
2023 Milton NC,,R1,3,414.506,CHUGAY Andrey,,,https://youtu.be/HNdBDv0zMdU,,
2023 Milton NC,,R1,3,414.586,LIU Qi,,,https://youtu.be/HNdBDv0zMdU,,
2023 Milton NC,,R1,3,414.686,RAMIREZ MORALES Santiago,,,https://youtu.be/HNdBDv0zMdU,,
2023 Milton NC,,R1,3,414.786,VILAR Lucas Oscar,,,https://youtu.be/HNdBDv0zMdU,,
2023 Milton NC,,R1,3,414.846,PREDOMO Mattia,,,https://youtu.be/HNdBDv0zMdU,,
2023 Milton NC,,R1,3,420.826,JURCZYK Marc,,,https://youtu.be/HNdBDv0zMdU,,
2023 Milton NC,,R1,3,420.926,LIU Qi,,,https://youtu.be/HNdBDv0zMdU,,
2023 Milton NC,,R1,3,421.026,RAMIREZ MORALES Santiago,,,https://youtu.be/HNdBDv0zMdU,,
2023 Milton NC,,R1,3,421.066,CHUGAY Andrey,,,https://youtu.be/HNdBDv0zMdU,,
2023 Milton NC,,R1,3,421.106,VILAR Lucas Oscar,,,https://youtu.be/HNdBDv0zMdU,,
2023 Milton NC,,R1,3,421.286,PREDOMO Mattia,,,https://youtu.be/HNdBDv0zMdU,,
2023 Milton NC,,R1,3,427.306,JURCZYK Marc,,,https://youtu.be/HNdBDv0zMdU,,
2023 Milton NC,,R1,3,427.326,LIU Qi,,,https://youtu.be/HNdBDv0zMdU,,
2023 Milton NC,,R1,3,427.426,RAMIREZ MORALES Santiago,,,https://youtu.be/HNdBDv0zMdU,,
2023 Milton NC,,R1,3,427.446,VILAR Lucas Oscar,,,https://youtu.be/HNdBDv0zMdU,,
2023 Milton NC,,R1,3,427.866,CHUGAY Andrey,,,https://youtu.be/HNdBDv0zMdU,,
2023 Milton NC,,R1,3,428.026,PREDOMO Mattia,,,https://youtu.be/HNdBDv0zMdU,,
2023 Milton NC,,R1,4,520.148,LENDEL Vasilijus,,,https://youtu.be/RiOIrwl7vCE,,
2023 Milton NC,,R1,4,520.508,MOHD ZONIS Muhammad Fadh,,,https://youtu.be/RiOIrwl7vCE,,
2023 Milton NC,,R1,4,520.708,RUIZ TERAN Juan,,,https://youtu.be/RiOIrwl7vCE,,
2023 Milton NC,,R1,4,520.728,BROWNE Kwesi,,,https://youtu.be/RiOIrwl7vCE,,
2023 Milton NC,,R1,4,521.028,TO Cheuk Hei,,,https://youtu.be/RiOIrwl7vCE,,
2023 Milton NC,,R1,4,521.208,ANGSUTHASAWIT Jai,,,https://youtu.be/RiOIrwl7vCE,,
2023 Milton NC,,R1,4,528.248,BROWNE Kwesi,,,https://youtu.be/RiOIrwl7vCE,,
2023 Milton NC,,R1,4,528.368,LENDEL Vasilijus,,,https://youtu.be/RiOIrwl7vCE,,
2023 Milton NC,,R1,4,528.508,MOHD ZONIS Muhammad Fadh,,,https://youtu.be/RiOIrwl7vCE,,
2023 Milton NC,,R1,4,528.628,RUIZ TERAN Juan,,,https://youtu.be/RiOIrwl7vCE,,
2023 Milton NC,,R1,4,528.748,TO Cheuk Hei,,,https://youtu.be/RiOIrwl7vCE,,
2023 Milton NC,,R1,4,528.868,ANGSUTHASAWIT Jai,,,https://youtu.be/RiOIrwl7vCE,,
2023 Milton NC,,R1,4,536.008,LENDEL Vasilijus,,,https://youtu.be/RiOIrwl7vCE,,
2023 Milton NC,,R1,4,536.068,MOHD ZONIS Muhammad Fadh,,,https://youtu.be/RiOIrwl7vCE,,
2023 Milton NC,,R1,4,536.088,BROWNE Kwesi,,,https://youtu.be/RiOIrwl7vCE,,
2023 Milton NC,,R1,4,536.128,ANGSUTHASAWIT Jai,,,https://youtu.be/RiOIrwl7vCE,,
2023 Milton NC,,R1,4,536.188,RUIZ TERAN Juan,,,https://youtu.be/RiOIrwl7vCE,,
2023 Milton NC,,R1,4,536.328,TO Cheuk Hei,,,https://youtu.be/RiOIrwl7vCE,,
2023 Milton NC,,R1,4,542.548,ANGSUTHASAWIT Jai,,,https://youtu.be/RiOIrwl7vCE,,
2023 Milton NC,,R1,4,542.708,LENDEL Vasilijus,,,https://youtu.be/RiOIrwl7vCE,,
2023 Milton NC,,R1,4,542.788,MOHD ZONIS Muhammad Fadh,,,https://youtu.be/RiOIrwl7vCE,,
2023 Milton NC,,R1,4,542.828,BROWNE Kwesi,,,https://youtu.be/RiOIrwl7vCE,,
2023 Milton NC,,R1,4,542.908,RUIZ TERAN Juan,,,https://youtu.be/RiOIrwl7vCE,,
2023 Milton NC,,R1,4,543.028,TO Cheuk Hei,,,https://youtu.be/RiOIrwl7vCE,,
2023 Milton NC,,R1,4,548.748,ANGSUTHASAWIT Jai,,,https://youtu.be/RiOIrwl7vCE,,
2023 Milton NC,,R1,4,548.968,LENDEL Vasilijus,,,https://youtu.be/RiOIrwl7vCE,,
2023 Milton NC,,R1,4,549.068,MOHD ZONIS Muhammad Fadh,,,https://youtu.be/RiOIrwl7vCE,,
2023 Milton NC,,R1,4,549.088,BROWNE Kwesi,,,https://youtu.be/RiOIrwl7vCE,,
2023 Milton NC,,R1,4,549.168,RUIZ TERAN Juan,,,https://youtu.be/RiOIrwl7vCE,,
2023 Milton NC,,R1,4,549.268,TO Cheuk Hei,,,https://youtu.be/RiOIrwl7vCE,,
2023 Milton NC,,R1,4,555.008,ANGSUTHASAWIT Jai,,,https://youtu.be/RiOIrwl7vCE,,
2023 Milton NC,,R1,4,555.068,LENDEL Vasilijus,,,https://youtu.be/RiOIrwl7vCE,,
2023 Milton NC,,R1,4,555.208,BROWNE Kwesi,,,https://youtu.be/RiOIrwl7vCE,,
2023 Milton NC,,R1,4,555.368,MOHD ZONIS Muhammad Fadh,,,https://youtu.be/RiOIrwl7vCE,,
2023 Milton NC,,R1,4,555.408,RUIZ TERAN Juan,,,https://youtu.be/RiOIrwl7vCE,,
2023 Milton NC,,R1,4,555.428,TO Cheuk Hei,,,https://youtu.be/RiOIrwl7vCE,,
2023 Milton NC,,R1,4,561.528,ANGSUTHASAWIT Jai,,,https://youtu.be/RiOIrwl7vCE,,
2023 Milton NC,,R1,4,561.568,LENDEL Vasilijus,,,https://youtu.be/RiOIrwl7vCE,,
2023 Milton NC,,R1,4,561.628,BROWNE Kwesi,,,https://youtu.be/RiOIrwl7vCE,,
2023 Milton NC,,R1,4,561.648,RUIZ TERAN Juan,,,https://youtu.be/RiOIrwl7vCE,,
2023 Milton NC,,R1,4,561.808,TO Cheuk Hei,,,https://youtu.be/RiOIrwl7vCE,,
2023 Milton NC,,R1,4,561.828,MOHD ZONIS Muhammad Fadh,,,https://youtu.be/RiOIrwl7vCE,,
2023 Milton NC,,R1,5,653.97,DORNBACH Maximilian,,,https://youtu.be/a_tLAGHY9O8,,
2023 Milton NC,,R1,5,654.15,VERDUGO OSUNA Edgar,,,https://youtu.be/a_tLAGHY9O8,,
2023 Milton NC,,R1,5,654.49,TJON EN FA Jair,,,https://youtu.be/a_tLAGHY9O8,,
2023 Milton NC,,R1,5,654.89,HEDGCOCK James,,,https://youtu.be/a_tLAGHY9O8,,
2023 Milton NC,,R1,5,655.01,XUE Chenxi,,,https://youtu.be/a_tLAGHY9O8,,
2023 Milton NC,,R1,5,655.15,PONOMARYOV Sergey,,,https://youtu.be/a_tLAGHY9O8,,
2023 Milton NC,,R1,5,662.9626395,DORNBACH Maximilian,,,https://youtu.be/a_tLAGHY9O8,,
2023 Milton NC,,R1,5,663.05,VERDUGO OSUNA Edgar,,,https://youtu.be/a_tLAGHY9O8,,
2023 Milton NC,,R1,5,663.19,XUE Chenxi,,,https://youtu.be/a_tLAGHY9O8,,
2023 Milton NC,,R1,5,663.23,TJON EN FA Jair,,,https://youtu.be/a_tLAGHY9O8,,
2023 Milton NC,,R1,5,663.31,PONOMARYOV Sergey,,,https://youtu.be/a_tLAGHY9O8,,
2023 Milton NC,,R1,5,663.35,HEDGCOCK James,,,https://youtu.be/a_tLAGHY9O8,,
2023 Milton NC,,R1,5,670.47,DORNBACH Maximilian,,,https://youtu.be/a_tLAGHY9O8,,
2023 Milton NC,,R1,5,670.57,VERDUGO OSUNA Edgar,,,https://youtu.be/a_tLAGHY9O8,,
2023 Milton NC,,R1,5,670.65,XUE Chenxi,,,https://youtu.be/a_tLAGHY9O8,,
2023 Milton NC,,R1,5,670.67,TJON EN FA Jair,,,https://youtu.be/a_tLAGHY9O8,,
2023 Milton NC,,R1,5,670.75,PONOMARYOV Sergey,,,https://youtu.be/a_tLAGHY9O8,,
2023 Milton NC,,R1,5,670.77,HEDGCOCK James,,,https://youtu.be/a_tLAGHY9O8,,
2023 Milton NC,,R1,5,677.47,XUE Chenxi,,,https://youtu.be/a_tLAGHY9O8,,
2023 Milton NC,,R1,5,677.51,DORNBACH Maximilian,,,https://youtu.be/a_tLAGHY9O8,,
2023 Milton NC,,R1,5,677.57,PONOMARYOV Sergey,,,https://youtu.be/a_tLAGHY9O8,,
2023 Milton NC,,R1,5,677.65,VERDUGO OSUNA Edgar,,,https://youtu.be/a_tLAGHY9O8,,
2023 Milton NC,,R1,5,677.71,TJON EN FA Jair,,,https://youtu.be/a_tLAGHY9O8,,
2023 Milton NC,,R1,5,677.93,HEDGCOCK James,,,https://youtu.be/a_tLAGHY9O8,,
2023 Milton NC,,R1,5,683.67,XUE Chenxi,,,https://youtu.be/a_tLAGHY9O8,,
2023 Milton NC,,R1,5,683.83,DORNBACH Maximilian,,,https://youtu.be/a_tLAGHY9O8,,
2023 Milton NC,,R1,5,683.83,PONOMARYOV Sergey,,,https://youtu.be/a_tLAGHY9O8,,
2023 Milton NC,,R1,5,683.97,TJON EN FA Jair,,,https://youtu.be/a_tLAGHY9O8,,
2023 Milton NC,,R1,5,684.01,VERDUGO OSUNA Edgar,,,https://youtu.be/a_tLAGHY9O8,,
2023 Milton NC,,R1,5,684.11,HEDGCOCK James,,,https://youtu.be/a_tLAGHY9O8,,
2023 Milton NC,,R1,5,689.93,XUE Chenxi,,,https://youtu.be/a_tLAGHY9O8,,
2023 Milton NC,,R1,5,690.05,DORNBACH Maximilian,,,https://youtu.be/a_tLAGHY9O8,,
2023 Milton NC,,R1,5,690.15,TJON EN FA Jair,,,https://youtu.be/a_tLAGHY9O8,,
2023 Milton NC,,R1,5,690.17,PONOMARYOV Sergey,,,https://youtu.be/a_tLAGHY9O8,,
2023 Milton NC,,R1,5,690.27,VERDUGO OSUNA Edgar,,,https://youtu.be/a_tLAGHY9O8,,
2023 Milton NC,,R1,5,690.27,HEDGCOCK James,,,https://youtu.be/a_tLAGHY9O8,,
2023 Milton NC,,R1,5,696.35,DORNBACH Maximilian,,,https://youtu.be/a_tLAGHY9O8,,
2023 Milton NC,,R1,5,696.41,XUE Chenxi,,,https://youtu.be/a_tLAGHY9O8,,
2023 Milton NC,,R1,5,696.47,TJON EN FA Jair,,,https://youtu.be/a_tLAGHY9O8,,
2023 Milton NC,,R1,5,696.47,PONOMARYOV Sergey,,,https://youtu.be/a_tLAGHY9O8,,
2023 Milton NC,,R1,5,696.57,HEDGCOCK James,,,https://youtu.be/a_tLAGHY9O8,,
2023 Milton NC,,R1,5,696.59,VERDUGO OSUNA Edgar,,,https://youtu.be/a_tLAGHY9O8,,
2023 Milton NC,,R1,6,786.072,PAUL Nicholas,,,https://youtu.be/5eYcN5sKTlU,,
2023 Milton NC,,R1,6,786.372,WAMMES Nick,,,https://youtu.be/5eYcN5sKTlU,,
2023 Milton NC,,R1,6,786.652,GLAETZER Matthew,,,https://youtu.be/5eYcN5sKTlU,,
2023 Milton NC,,R1,6,786.792,BRETAS Sotirios,,,https://youtu.be/5eYcN5sKTlU,,
2023 Milton NC,,R1,6,787.372,MARTINEZ CHORRO Alejandro,,,https://youtu.be/5eYcN5sKTlU,,
2023 Milton NC,,R1,6,787.512,BOHUSLAVEK Matej,,,https://youtu.be/5eYcN5sKTlU,,
2023 Milton NC,,R1,6,795.552,PAUL Nicholas,,,https://youtu.be/5eYcN5sKTlU,,
2023 Milton NC,,R1,6,795.832,WAMMES Nick,,,https://youtu.be/5eYcN5sKTlU,,
2023 Milton NC,,R1,6,796.192,GLAETZER Matthew,,,https://youtu.be/5eYcN5sKTlU,,
2023 Milton NC,,R1,6,796.312,MARTINEZ CHORRO Alejandro,,,https://youtu.be/5eYcN5sKTlU,,
2023 Milton NC,,R1,6,796.332,BRETAS Sotirios,,,https://youtu.be/5eYcN5sKTlU,,
2023 Milton NC,,R1,6,796.532,BOHUSLAVEK Matej,,,https://youtu.be/5eYcN5sKTlU,,
2023 Milton NC,,R1,6,803.552,MARTINEZ CHORRO Alejandro,,,https://youtu.be/5eYcN5sKTlU,,
2023 Milton NC,,R1,6,803.752,WAMMES Nick,,,https://youtu.be/5eYcN5sKTlU,,
2023 Milton NC,,R1,6,803.772,PAUL Nicholas,,,https://youtu.be/5eYcN5sKTlU,,
2023 Milton NC,,R1,6,803.892,GLAETZER Matthew,,,https://youtu.be/5eYcN5sKTlU,,
2023 Milton NC,,R1,6,803.992,BOHUSLAVEK Matej,,,https://youtu.be/5eYcN5sKTlU,,
2023 Milton NC,,R1,6,804.012,BRETAS Sotirios,,,https://youtu.be/5eYcN5sKTlU,,
2023 Milton NC,,R1,6,810.132,MARTINEZ CHORRO Alejandro,,,https://youtu.be/5eYcN5sKTlU,,
2023 Milton NC,,R1,6,810.212,WAMMES Nick,,,https://youtu.be/5eYcN5sKTlU,,
2023 Milton NC,,R1,6,810.352,GLAETZER Matthew,,,https://youtu.be/5eYcN5sKTlU,,
2023 Milton NC,,R1,6,810.512,BOHUSLAVEK Matej,,,https://youtu.be/5eYcN5sKTlU,,
2023 Milton NC,,R1,6,810.532,PAUL Nicholas,,,https://youtu.be/5eYcN5sKTlU,,
2023 Milton NC,,R1,6,810.692,BRETAS Sotirios,,,https://youtu.be/5eYcN5sKTlU,,
2023 Milton NC,,R1,6,816.412,WAMMES Nick,,,https://youtu.be/5eYcN5sKTlU,,
2023 Milton NC,,R1,6,816.492,MARTINEZ CHORRO Alejandro,,,https://youtu.be/5eYcN5sKTlU,,
2023 Milton NC,,R1,6,816.532,GLAETZER Matthew,,,https://youtu.be/5eYcN5sKTlU,,
2023 Milton NC,,R1,6,816.632,BOHUSLAVEK Matej,,,https://youtu.be/5eYcN5sKTlU,,
2023 Milton NC,,R1,6,816.772,PAUL Nicholas,,,https://youtu.be/5eYcN5sKTlU,,
2023 Milton NC,,R1,6,816.932,BRETAS Sotirios,,,https://youtu.be/5eYcN5sKTlU,,
2023 Milton NC,,R1,6,822.452,WAMMES Nick,,,https://youtu.be/5eYcN5sKTlU,,
2023 Milton NC,,R1,6,822.532,GLAETZER Matthew,,,https://youtu.be/5eYcN5sKTlU,,
2023 Milton NC,,R1,6,822.712,BOHUSLAVEK Matej,,,https://youtu.be/5eYcN5sKTlU,,
2023 Milton NC,,R1,6,822.852,PAUL Nicholas,,,https://youtu.be/5eYcN5sKTlU,,
2023 Milton NC,,R1,6,822.892,MARTINEZ CHORRO Alejandro,,,https://youtu.be/5eYcN5sKTlU,,
2023 Milton NC,,R1,6,823.052,BRETAS Sotirios,,,https://youtu.be/5eYcN5sKTlU,,
2023 Milton NC,,R1,6,828.672,GLAETZER Matthew,,,https://youtu.be/5eYcN5sKTlU,,
2023 Milton NC,,R1,6,828.712,WAMMES Nick,,,https://youtu.be/5eYcN5sKTlU,,
2023 Milton NC,,R1,6,828.812,BOHUSLAVEK Matej,,,https://youtu.be/5eYcN5sKTlU,,
2023 Milton NC,,R1,6,828.992,PAUL Nicholas,,,https://youtu.be/5eYcN5sKTlU,,
2023 Milton NC,,R1,6,829.652,BRETAS Sotirios,,,https://youtu.be/5eYcN5sKTlU,,
2023 Milton NC,,R1,6,829.992,MARTINEZ CHORRO Alejandro,,,https://youtu.be/5eYcN5sKTlU,,
2023 Milton NC,,Rep,1,947.0323375,PREDOMO Mattia,,,https://youtu.be/cfgymK-ptcU,,
2023 Milton NC,,Rep,1,947.374,BOHUSLAVEK Matej,,,https://youtu.be/cfgymK-ptcU,,
2023 Milton NC,,Rep,1,947.694,PONOMARYOV Sergey,,,https://youtu.be/cfgymK-ptcU,,
2023 Milton NC,,Rep,1,947.914,TO Cheuk Hei,,,https://youtu.be/cfgymK-ptcU,,
2023 Milton NC,,Rep,1,948.134,KANG Shih Feng,,,https://youtu.be/cfgymK-ptcU,,
2023 Milton NC,,Rep,1,956.574,PREDOMO Mattia,,,https://youtu.be/cfgymK-ptcU,,
2023 Milton NC,,Rep,1,956.814,BOHUSLAVEK Matej,,,https://youtu.be/cfgymK-ptcU,,
2023 Milton NC,,Rep,1,957.094,PONOMARYOV Sergey,,,https://youtu.be/cfgymK-ptcU,,
2023 Milton NC,,Rep,1,957.274,TO Cheuk Hei,,,https://youtu.be/cfgymK-ptcU,,
2023 Milton NC,,Rep,1,957.494,KANG Shih Feng,,,https://youtu.be/cfgymK-ptcU,,
2023 Milton NC,,Rep,1,965.514,PREDOMO Mattia,,,https://youtu.be/cfgymK-ptcU,,
2023 Milton NC,,Rep,1,965.634,BOHUSLAVEK Matej,,,https://youtu.be/cfgymK-ptcU,,
2023 Milton NC,,Rep,1,965.694,TO Cheuk Hei,,,https://youtu.be/cfgymK-ptcU,,
2023 Milton NC,,Rep,1,965.734,PONOMARYOV Sergey,,,https://youtu.be/cfgymK-ptcU,,
2023 Milton NC,,Rep,1,965.754,KANG Shih Feng,,,https://youtu.be/cfgymK-ptcU,,
2023 Milton NC,,Rep,1,972.394,BOHUSLAVEK Matej,,,https://youtu.be/cfgymK-ptcU,,
2023 Milton NC,,Rep,1,972.454,PREDOMO Mattia,,,https://youtu.be/cfgymK-ptcU,,
2023 Milton NC,,Rep,1,972.494,PONOMARYOV Sergey,,,https://youtu.be/cfgymK-ptcU,,
2023 Milton NC,,Rep,1,972.574,KANG Shih Feng,,,https://youtu.be/cfgymK-ptcU,,
2023 Milton NC,,Rep,1,972.674,TO Cheuk Hei,,,https://youtu.be/cfgymK-ptcU,,
2023 Milton NC,,Rep,1,978.694,BOHUSLAVEK Matej,,,https://youtu.be/cfgymK-ptcU,,
2023 Milton NC,,Rep,1,978.774,PONOMARYOV Sergey,,,https://youtu.be/cfgymK-ptcU,,
2023 Milton NC,,Rep,1,978.794,PREDOMO Mattia,,,https://youtu.be/cfgymK-ptcU,,
2023 Milton NC,,Rep,1,978.894,KANG Shih Feng,,,https://youtu.be/cfgymK-ptcU,,
2023 Milton NC,,Rep,1,979.034,TO Cheuk Hei,,,https://youtu.be/cfgymK-ptcU,,
2023 Milton NC,,Rep,1,984.954,BOHUSLAVEK Matej,,,https://youtu.be/cfgymK-ptcU,,
2023 Milton NC,,Rep,1,985.034,PONOMARYOV Sergey,,,https://youtu.be/cfgymK-ptcU,,
2023 Milton NC,,Rep,1,985.114,KANG Shih Feng,,,https://youtu.be/cfgymK-ptcU,,
2023 Milton NC,,Rep,1,985.134,PREDOMO Mattia,,,https://youtu.be/cfgymK-ptcU,,
2023 Milton NC,,Rep,1,985.234,TO Cheuk Hei,,,https://youtu.be/cfgymK-ptcU,,
2023 Milton NC,,Rep,1,991.394,BOHUSLAVEK Matej,,,https://youtu.be/cfgymK-ptcU,,
2023 Milton NC,,Rep,1,991.454,PONOMARYOV Sergey,,,https://youtu.be/cfgymK-ptcU,,
2023 Milton NC,,Rep,1,991.514,KANG Shih Feng,,,https://youtu.be/cfgymK-ptcU,,
2023 Milton NC,,Rep,1,991.534,PREDOMO Mattia,,,https://youtu.be/cfgymK-ptcU,,
2023 Milton NC,,Rep,1,991.614,TO Cheuk Hei,,,https://youtu.be/cfgymK-ptcU,,
2023 Milton NC,,Rep,2,1105.236,MOHD ZONIS Muhammad Fadh,,,https://youtu.be/Q_gRbmxUmT4,,
2023 Milton NC,,Rep,2,1105.556,SZALONTAY Sandor,,,https://youtu.be/Q_gRbmxUmT4,,
2023 Milton NC,,Rep,2,1105.816,PAUL Nicholas,,,https://youtu.be/Q_gRbmxUmT4,,
2023 Milton NC,,Rep,2,1105.976,DODYK Ryan,,,https://youtu.be/Q_gRbmxUmT4,,
2023 Milton NC,,Rep,2,1106.096,BRETAS Sotirios,,,https://youtu.be/Q_gRbmxUmT4,,
2023 Milton NC,,Rep,2,1114.236,MOHD ZONIS Muhammad Fadh,,,https://youtu.be/Q_gRbmxUmT4,,
2023 Milton NC,,Rep,2,1114.556,SZALONTAY Sandor,,,https://youtu.be/Q_gRbmxUmT4,,
2023 Milton NC,,Rep,2,1114.776,PAUL Nicholas,,,https://youtu.be/Q_gRbmxUmT4,,
2023 Milton NC,,Rep,2,1114.956,DODYK Ryan,,,https://youtu.be/Q_gRbmxUmT4,,
2023 Milton NC,,Rep,2,1115.036,BRETAS Sotirios,,,https://youtu.be/Q_gRbmxUmT4,,
2023 Milton NC,,Rep,2,1122.596,MOHD ZONIS Muhammad Fadh,,,https://youtu.be/Q_gRbmxUmT4,,
2023 Milton NC,,Rep,2,1122.656,SZALONTAY Sandor,,,https://youtu.be/Q_gRbmxUmT4,,
2023 Milton NC,,Rep,2,1122.696,PAUL Nicholas,,,https://youtu.be/Q_gRbmxUmT4,,
2023 Milton NC,,Rep,2,1122.836,BRETAS Sotirios,,,https://youtu.be/Q_gRbmxUmT4,,
2023 Milton NC,,Rep,2,1122.876,DODYK Ryan,,,https://youtu.be/Q_gRbmxUmT4,,
2023 Milton NC,,Rep,2,1129.176,PAUL Nicholas,,,https://youtu.be/Q_gRbmxUmT4,,
2023 Milton NC,,Rep,2,1129.276,SZALONTAY Sandor,,,https://youtu.be/Q_gRbmxUmT4,,
2023 Milton NC,,Rep,2,1129.356,MOHD ZONIS Muhammad Fadh,,,https://youtu.be/Q_gRbmxUmT4,,
2023 Milton NC,,Rep,2,1129.396,DODYK Ryan,,,https://youtu.be/Q_gRbmxUmT4,,
2023 Milton NC,,Rep,2,1129.416,BRETAS Sotirios,,,https://youtu.be/Q_gRbmxUmT4,,
2023 Milton NC,,Rep,2,1135.196,PAUL Nicholas,,,https://youtu.be/Q_gRbmxUmT4,,
2023 Milton NC,,Rep,2,1135.476,SZALONTAY Sandor,,,https://youtu.be/Q_gRbmxUmT4,,
2023 Milton NC,,Rep,2,1135.576,DODYK Ryan,,,https://youtu.be/Q_gRbmxUmT4,,
2023 Milton NC,,Rep,2,1135.656,MOHD ZONIS Muhammad Fadh,,,https://youtu.be/Q_gRbmxUmT4,,
2023 Milton NC,,Rep,2,1135.836,BRETAS Sotirios,,,https://youtu.be/Q_gRbmxUmT4,,
2023 Milton NC,,Rep,2,1141.216,PAUL Nicholas,,,https://youtu.be/Q_gRbmxUmT4,,
2023 Milton NC,,Rep,2,1141.576,SZALONTAY Sandor,,,https://youtu.be/Q_gRbmxUmT4,,
2023 Milton NC,,Rep,2,1141.656,DODYK Ryan,,,https://youtu.be/Q_gRbmxUmT4,,
2023 Milton NC,,Rep,2,1141.896,MOHD ZONIS Muhammad Fadh,,,https://youtu.be/Q_gRbmxUmT4,,
2023 Milton NC,,Rep,2,1142.076,BRETAS Sotirios,,,https://youtu.be/Q_gRbmxUmT4,,
2023 Milton NC,,Rep,2,1147.536,PAUL Nicholas,,,https://youtu.be/Q_gRbmxUmT4,,
2023 Milton NC,,Rep,2,1147.896,SZALONTAY Sandor,,,https://youtu.be/Q_gRbmxUmT4,,
2023 Milton NC,,Rep,2,1147.956,DODYK Ryan,,,https://youtu.be/Q_gRbmxUmT4,,
2023 Milton NC,,Rep,2,1148.296,MOHD ZONIS Muhammad Fadh,,,https://youtu.be/Q_gRbmxUmT4,,
2023 Milton NC,,Rep,2,1148.576,BRETAS Sotirios,,,https://youtu.be/Q_gRbmxUmT4,,
2023 Milton NC,,Rep,3,1240.498,VERDUGO OSUNA Edgar,,,https://youtu.be/LMhoPiPtWHE,,
2023 Milton NC,,Rep,3,1240.998,CECHMAN Martin,,,https://youtu.be/LMhoPiPtWHE,,
2023 Milton NC,,Rep,3,1241.518,JURCZYK Marc,,,https://youtu.be/LMhoPiPtWHE,,
2023 Milton NC,,Rep,3,1241.778,SAUNDERS Callum,,,https://youtu.be/LMhoPiPtWHE,,
2023 Milton NC,,Rep,3,1242.098,HEDGCOCK James,,,https://youtu.be/LMhoPiPtWHE,,
2023 Milton NC,,Rep,3,1248.598,VERDUGO OSUNA Edgar,,,https://youtu.be/LMhoPiPtWHE,,
2023 Milton NC,,Rep,3,1249.058,CECHMAN Martin,,,https://youtu.be/LMhoPiPtWHE,,
2023 Milton NC,,Rep,3,1249.438,JURCZYK Marc,,,https://youtu.be/LMhoPiPtWHE,,
2023 Milton NC,,Rep,3,1249.638,SAUNDERS Callum,,,https://youtu.be/LMhoPiPtWHE,,
2023 Milton NC,,Rep,3,1249.778,HEDGCOCK James,,,https://youtu.be/LMhoPiPtWHE,,
2023 Milton NC,,Rep,3,1255.998,VERDUGO OSUNA Edgar,,,https://youtu.be/LMhoPiPtWHE,,
2023 Milton NC,,Rep,3,1256.158,CECHMAN Martin,,,https://youtu.be/LMhoPiPtWHE,,
2023 Milton NC,,Rep,3,1256.518,JURCZYK Marc,,,https://youtu.be/LMhoPiPtWHE,,
2023 Milton NC,,Rep,3,1256.658,HEDGCOCK James,,,https://youtu.be/LMhoPiPtWHE,,
2023 Milton NC,,Rep,3,1256.698,SAUNDERS Callum,,,https://youtu.be/LMhoPiPtWHE,,
2023 Milton NC,,Rep,3,1262.778,CECHMAN Martin,,,https://youtu.be/LMhoPiPtWHE,,
2023 Milton NC,,Rep,3,1262.798,VERDUGO OSUNA Edgar,,,https://youtu.be/LMhoPiPtWHE,,
2023 Milton NC,,Rep,3,1262.938,HEDGCOCK James,,,https://youtu.be/LMhoPiPtWHE,,
2023 Milton NC,,Rep,3,1263.038,JURCZYK Marc,,,https://youtu.be/LMhoPiPtWHE,,
2023 Milton NC,,Rep,3,1263.158,SAUNDERS Callum,,,https://youtu.be/LMhoPiPtWHE,,
2023 Milton NC,,Rep,3,1269.058,HEDGCOCK James,,,https://youtu.be/LMhoPiPtWHE,,
2023 Milton NC,,Rep,3,1269.098,CECHMAN Martin,,,https://youtu.be/LMhoPiPtWHE,,
2023 Milton NC,,Rep,3,1269.318,VERDUGO OSUNA Edgar,,,https://youtu.be/LMhoPiPtWHE,,
2023 Milton NC,,Rep,3,1269.338,JURCZYK Marc,,,https://youtu.be/LMhoPiPtWHE,,
2023 Milton NC,,Rep,3,1269.458,SAUNDERS Callum,,,https://youtu.be/LMhoPiPtWHE,,
2023 Milton NC,,Rep,3,1275.238,HEDGCOCK James,,,https://youtu.be/LMhoPiPtWHE,,
2023 Milton NC,,Rep,3,1275.458,CECHMAN Martin,,,https://youtu.be/LMhoPiPtWHE,,
2023 Milton NC,,Rep,3,1275.518,JURCZYK Marc,,,https://youtu.be/LMhoPiPtWHE,,
2023 Milton NC,,Rep,3,1275.598,SAUNDERS Callum,,,https://youtu.be/LMhoPiPtWHE,,
2023 Milton NC,,Rep,3,1275.738,VERDUGO OSUNA Edgar,,,https://youtu.be/LMhoPiPtWHE,,
2023 Milton NC,,Rep,3,1281.618,HEDGCOCK James,,,https://youtu.be/LMhoPiPtWHE,,
2023 Milton NC,,Rep,3,1281.898,CECHMAN Martin,,,https://youtu.be/LMhoPiPtWHE,,
2023 Milton NC,,Rep,3,1281.898,JURCZYK Marc,,,https://youtu.be/LMhoPiPtWHE,,
2023 Milton NC,,Rep,3,1281.978,SAUNDERS Callum,,,https://youtu.be/LMhoPiPtWHE,,
2023 Milton NC,,Rep,3,1282.478,VERDUGO OSUNA Edgar,,,https://youtu.be/LMhoPiPtWHE,,
2023 Milton NC,,Rep,4,1375.402285,RAMIREZ MORALES Santiago,,,https://youtu.be/Es1PuCxdpq8,,
2023 Milton NC,,Rep,4,1375.84,MORENO SANCHEZ Jose,,,https://youtu.be/Es1PuCxdpq8,,
2023 Milton NC,,Rep,4,1376.04,BIANCHI Matteo,,,https://youtu.be/Es1PuCxdpq8,,
2023 Milton NC,,Rep,4,1376.18,LENDEL Vasilijus,,,https://youtu.be/Es1PuCxdpq8,,
2023 Milton NC,,Rep,4,1386.32,RAMIREZ MORALES Santiago,,,https://youtu.be/Es1PuCxdpq8,,
2023 Milton NC,,Rep,4,1386.62,MORENO SANCHEZ Jose,,,https://youtu.be/Es1PuCxdpq8,,
2023 Milton NC,,Rep,4,1386.84,LENDEL Vasilijus,,,https://youtu.be/Es1PuCxdpq8,,
2023 Milton NC,,Rep,4,1386.88,BIANCHI Matteo,,,https://youtu.be/Es1PuCxdpq8,,
2023 Milton NC,,Rep,4,1396.34,BIANCHI Matteo,,,https://youtu.be/Es1PuCxdpq8,,
2023 Milton NC,,Rep,4,1396.36,RAMIREZ MORALES Santiago,,,https://youtu.be/Es1PuCxdpq8,,
2023 Milton NC,,Rep,4,1396.52,MORENO SANCHEZ Jose,,,https://youtu.be/Es1PuCxdpq8,,
2023 Milton NC,,Rep,4,1396.56,LENDEL Vasilijus,,,https://youtu.be/Es1PuCxdpq8,,
2023 Milton NC,,Rep,4,1403.1,BIANCHI Matteo,,,https://youtu.be/Es1PuCxdpq8,,
2023 Milton NC,,Rep,4,1403.66,RAMIREZ MORALES Santiago,,,https://youtu.be/Es1PuCxdpq8,,
2023 Milton NC,,Rep,4,1403.8,LENDEL Vasilijus,,,https://youtu.be/Es1PuCxdpq8,,
2023 Milton NC,,Rep,4,1404.02,MORENO SANCHEZ Jose,,,https://youtu.be/Es1PuCxdpq8,,
2023 Milton NC,,Rep,4,1409.56,BIANCHI Matteo,,,https://youtu.be/Es1PuCxdpq8,,
2023 Milton NC,,Rep,4,1410.02,RAMIREZ MORALES Santiago,,,https://youtu.be/Es1PuCxdpq8,,
2023 Milton NC,,Rep,4,1410.14,LENDEL Vasilijus,,,https://youtu.be/Es1PuCxdpq8,,
2023 Milton NC,,Rep,4,1410.42,MORENO SANCHEZ Jose,,,https://youtu.be/Es1PuCxdpq8,,
2023 Milton NC,,Rep,4,1415.82,BIANCHI Matteo,,,https://youtu.be/Es1PuCxdpq8,,
2023 Milton NC,,Rep,4,1415.96,RAMIREZ MORALES Santiago,,,https://youtu.be/Es1PuCxdpq8,,
2023 Milton NC,,Rep,4,1416.2,LENDEL Vasilijus,,,https://youtu.be/Es1PuCxdpq8,,
2023 Milton NC,,Rep,4,1416.56,MORENO SANCHEZ Jose,,,https://youtu.be/Es1PuCxdpq8,,
2023 Milton NC,,Rep,4,1422.34,RAMIREZ MORALES Santiago,,,https://youtu.be/Es1PuCxdpq8,,
2023 Milton NC,,Rep,4,1422.38,LENDEL Vasilijus,,,https://youtu.be/Es1PuCxdpq8,,
2023 Milton NC,,Rep,4,1422.5,BIANCHI Matteo,,,https://youtu.be/Es1PuCxdpq8,,
2023 Milton NC,,Rep,4,1423.44,MORENO SANCHEZ Jose,,,https://youtu.be/Es1PuCxdpq8,,
2023 Milton NC,,Rep,5,1518.900971,SARNECKI Rafal,,,https://youtu.be/oI-xDRYRyYA,,
2023 Milton NC,,Rep,5,1519.182,XUE Chenxi,,,https://youtu.be/oI-xDRYRyYA,,
2023 Milton NC,,Rep,5,1519.402,RUIZ TERAN Juan,,,https://youtu.be/oI-xDRYRyYA,,
2023 Milton NC,,Rep,5,1519.442,MARTINEZ CHORRO Alejandro,,,https://youtu.be/oI-xDRYRyYA,,
2023 Milton NC,,Rep,5,1519.582,VILAR Lucas Oscar,,,https://youtu.be/oI-xDRYRyYA,,
2023 Milton NC,,Rep,5,1528.062,SARNECKI Rafal,,,https://youtu.be/oI-xDRYRyYA,,
2023 Milton NC,,Rep,5,1528.242,XUE Chenxi,,,https://youtu.be/oI-xDRYRyYA,,
2023 Milton NC,,Rep,5,1528.402,RUIZ TERAN Juan,,,https://youtu.be/oI-xDRYRyYA,,
2023 Milton NC,,Rep,5,1528.482,MARTINEZ CHORRO Alejandro,,,https://youtu.be/oI-xDRYRyYA,,
2023 Milton NC,,Rep,5,1528.662,VILAR Lucas Oscar,,,https://youtu.be/oI-xDRYRyYA,,
2023 Milton NC,,Rep,5,1536.022,MARTINEZ CHORRO Alejandro,,,https://youtu.be/oI-xDRYRyYA,,
2023 Milton NC,,Rep,5,1536.102,VILAR Lucas Oscar,,,https://youtu.be/oI-xDRYRyYA,,
2023 Milton NC,,Rep,5,1536.122,SARNECKI Rafal,,,https://youtu.be/oI-xDRYRyYA,,
2023 Milton NC,,Rep,5,1536.262,XUE Chenxi,,,https://youtu.be/oI-xDRYRyYA,,
2023 Milton NC,,Rep,5,1536.402,RUIZ TERAN Juan,,,https://youtu.be/oI-xDRYRyYA,,
2023 Milton NC,,Rep,5,1543.302,MARTINEZ CHORRO Alejandro,,,https://youtu.be/oI-xDRYRyYA,,
2023 Milton NC,,Rep,5,1543.322,XUE Chenxi,,,https://youtu.be/oI-xDRYRyYA,,
2023 Milton NC,,Rep,5,1543.362,VILAR Lucas Oscar,,,https://youtu.be/oI-xDRYRyYA,,
2023 Milton NC,,Rep,5,1543.422,RUIZ TERAN Juan,,,https://youtu.be/oI-xDRYRyYA,,
2023 Milton NC,,Rep,5,1543.442,SARNECKI Rafal,,,https://youtu.be/oI-xDRYRyYA,,
2023 Milton NC,,Rep,5,1549.642,XUE Chenxi,,,https://youtu.be/oI-xDRYRyYA,,
2023 Milton NC,,Rep,5,1549.782,RUIZ TERAN Juan,,,https://youtu.be/oI-xDRYRyYA,,
2023 Milton NC,,Rep,5,1549.822,MARTINEZ CHORRO Alejandro,,,https://youtu.be/oI-xDRYRyYA,,
2023 Milton NC,,Rep,5,1549.902,SARNECKI Rafal,,,https://youtu.be/oI-xDRYRyYA,,
2023 Milton NC,,Rep,5,1550.022,VILAR Lucas Oscar,,,https://youtu.be/oI-xDRYRyYA,,
2023 Milton NC,,Rep,5,1555.762,XUE Chenxi,,,https://youtu.be/oI-xDRYRyYA,,
2023 Milton NC,,Rep,5,1555.862,RUIZ TERAN Juan,,,https://youtu.be/oI-xDRYRyYA,,
2023 Milton NC,,Rep,5,1556.082,MARTINEZ CHORRO Alejandro,,,https://youtu.be/oI-xDRYRyYA,,
2023 Milton NC,,Rep,5,1556.142,SARNECKI Rafal,,,https://youtu.be/oI-xDRYRyYA,,
2023 Milton NC,,Rep,5,1556.242,VILAR Lucas Oscar,,,https://youtu.be/oI-xDRYRyYA,,
2023 Milton NC,,Rep,5,1562.022,XUE Chenxi,,,https://youtu.be/oI-xDRYRyYA,,
2023 Milton NC,,Rep,5,1562.102,RUIZ TERAN Juan,,,https://youtu.be/oI-xDRYRyYA,,
2023 Milton NC,,Rep,5,1562.262,MARTINEZ CHORRO Alejandro,,,https://youtu.be/oI-xDRYRyYA,,
2023 Milton NC,,Rep,5,1562.442,SARNECKI Rafal,,,https://youtu.be/oI-xDRYRyYA,,
2023 Milton NC,,Rep,5,1562.562,VILAR Lucas Oscar,,,https://youtu.be/oI-xDRYRyYA,,
2023 Milton NC,,Rep,6,1652.384,WAMMES Nick,,,https://youtu.be/0io0Qs1DbeQ,,
2023 Milton NC,,Rep,6,1652.784,CHUGAY Andrey,,,https://youtu.be/0io0Qs1DbeQ,,
2023 Milton NC,,Rep,6,1652.984,HSIEH Nien Hsing,,,https://youtu.be/0io0Qs1DbeQ,,
2023 Milton NC,,Rep,6,1653.184,TJON EN FA Jair,,,https://youtu.be/0io0Qs1DbeQ,,
2023 Milton NC,,Rep,6,1653.404,BROWNE Kwesi,,,https://youtu.be/0io0Qs1DbeQ,,
2023 Milton NC,,Rep,6,1661.284,WAMMES Nick,,,https://youtu.be/0io0Qs1DbeQ,,
2023 Milton NC,,Rep,6,1661.504,TJON EN FA Jair,,,https://youtu.be/0io0Qs1DbeQ,,
2023 Milton NC,,Rep,6,1661.624,CHUGAY Andrey,,,https://youtu.be/0io0Qs1DbeQ,,
2023 Milton NC,,Rep,6,1661.644,BROWNE Kwesi,,,https://youtu.be/0io0Qs1DbeQ,,
2023 Milton NC,,Rep,6,1661.804,HSIEH Nien Hsing,,,https://youtu.be/0io0Qs1DbeQ,,
2023 Milton NC,,Rep,6,1668.864,WAMMES Nick,,,https://youtu.be/0io0Qs1DbeQ,,
2023 Milton NC,,Rep,6,1669.004,TJON EN FA Jair,,,https://youtu.be/0io0Qs1DbeQ,,
2023 Milton NC,,Rep,6,1669.164,BROWNE Kwesi,,,https://youtu.be/0io0Qs1DbeQ,,
2023 Milton NC,,Rep,6,1669.344,CHUGAY Andrey,,,https://youtu.be/0io0Qs1DbeQ,,
2023 Milton NC,,Rep,6,1669.524,HSIEH Nien Hsing,,,https://youtu.be/0io0Qs1DbeQ,,
2023 Milton NC,,Rep,6,1676.024,TJON EN FA Jair,,,https://youtu.be/0io0Qs1DbeQ,,
2023 Milton NC,,Rep,6,1676.024,WAMMES Nick,,,https://youtu.be/0io0Qs1DbeQ,,
2023 Milton NC,,Rep,6,1676.184,BROWNE Kwesi,,,https://youtu.be/0io0Qs1DbeQ,,
2023 Milton NC,,Rep,6,1676.244,CHUGAY Andrey,,,https://youtu.be/0io0Qs1DbeQ,,
2023 Milton NC,,Rep,6,1676.464,HSIEH Nien Hsing,,,https://youtu.be/0io0Qs1DbeQ,,
2023 Milton NC,,Rep,6,1682.244,TJON EN FA Jair,,,https://youtu.be/0io0Qs1DbeQ,,
2023 Milton NC,,Rep,6,1682.464,BROWNE Kwesi,,,https://youtu.be/0io0Qs1DbeQ,,
2023 Milton NC,,Rep,6,1682.464,WAMMES Nick,,,https://youtu.be/0io0Qs1DbeQ,,
2023 Milton NC,,Rep,6,1682.624,CHUGAY Andrey,,,https://youtu.be/0io0Qs1DbeQ,,
2023 Milton NC,,Rep,6,1682.824,HSIEH Nien Hsing,,,https://youtu.be/0io0Qs1DbeQ,,
2023 Milton NC,,Rep,6,1688.364,TJON EN FA Jair,,,https://youtu.be/0io0Qs1DbeQ,,
2023 Milton NC,,Rep,6,1688.644,BROWNE Kwesi,,,https://youtu.be/0io0Qs1DbeQ,,
2023 Milton NC,,Rep,6,1688.724,WAMMES Nick,,,https://youtu.be/0io0Qs1DbeQ,,
2023 Milton NC,,Rep,6,1688.784,CHUGAY Andrey,,,https://youtu.be/0io0Qs1DbeQ,,
2023 Milton NC,,Rep,6,1689.024,HSIEH Nien Hsing,,,https://youtu.be/0io0Qs1DbeQ,,
2023 Milton NC,,Rep,6,1694.664,TJON EN FA Jair,,,https://youtu.be/0io0Qs1DbeQ,,
2023 Milton NC,,Rep,6,1694.924,BROWNE Kwesi,,,https://youtu.be/0io0Qs1DbeQ,,
2023 Milton NC,,Rep,6,1695.044,WAMMES Nick,,,https://youtu.be/0io0Qs1DbeQ,,
2023 Milton NC,,Rep,6,1695.164,CHUGAY Andrey,,,https://youtu.be/0io0Qs1DbeQ,,
2023 Milton NC,,Rep,6,1695.284,HSIEH Nien Hsing,,,https://youtu.be/0io0Qs1DbeQ,,
2023 Milton NC,,R2,1,1786.826,PAUL Nicholas,,,https://youtu.be/-ykwRNHEvWE,,
2023 Milton NC,,R2,1,1787.106,DORNBACH Maximilian,,,https://youtu.be/-ykwRNHEvWE,,
2023 Milton NC,,R2,1,1787.466,RICHARDSON Matthew,,,https://youtu.be/-ykwRNHEvWE,,
2023 Milton NC,,R2,1,1787.666,RAMIREZ MORALES Santiago,,,https://youtu.be/-ykwRNHEvWE,,
2023 Milton NC,,R2,1,1787.826,ANGSUTHASAWIT Jai,,,https://youtu.be/-ykwRNHEvWE,,
2023 Milton NC,,R2,1,1787.966,XUE Chenxi,,,https://youtu.be/-ykwRNHEvWE,,
2023 Milton NC,,R2,1,1795.726,PAUL Nicholas,,,https://youtu.be/-ykwRNHEvWE,,
2023 Milton NC,,R2,1,1795.986,DORNBACH Maximilian,,,https://youtu.be/-ykwRNHEvWE,,
2023 Milton NC,,R2,1,1796.446,RICHARDSON Matthew,,,https://youtu.be/-ykwRNHEvWE,,
2023 Milton NC,,R2,1,1796.626,RAMIREZ MORALES Santiago,,,https://youtu.be/-ykwRNHEvWE,,
2023 Milton NC,,R2,1,1796.786,ANGSUTHASAWIT Jai,,,https://youtu.be/-ykwRNHEvWE,,
2023 Milton NC,,R2,1,1796.986,XUE Chenxi,,,https://youtu.be/-ykwRNHEvWE,,
2023 Milton NC,,R2,1,1803.926,PAUL Nicholas,,,https://youtu.be/-ykwRNHEvWE,,
2023 Milton NC,,R2,1,1804.146,DORNBACH Maximilian,,,https://youtu.be/-ykwRNHEvWE,,
2023 Milton NC,,R2,1,1804.526,RICHARDSON Matthew,,,https://youtu.be/-ykwRNHEvWE,,
2023 Milton NC,,R2,1,1804.726,RAMIREZ MORALES Santiago,,,https://youtu.be/-ykwRNHEvWE,,
2023 Milton NC,,R2,1,1804.886,ANGSUTHASAWIT Jai,,,https://youtu.be/-ykwRNHEvWE,,
2023 Milton NC,,R2,1,1805.026,XUE Chenxi,,,https://youtu.be/-ykwRNHEvWE,,
2023 Milton NC,,R2,1,1810.786,PAUL Nicholas,,,https://youtu.be/-ykwRNHEvWE,,
2023 Milton NC,,R2,1,1811.066,DORNBACH Maximilian,,,https://youtu.be/-ykwRNHEvWE,,
2023 Milton NC,,R2,1,1811.406,RICHARDSON Matthew,,,https://youtu.be/-ykwRNHEvWE,,
2023 Milton NC,,R2,1,1811.586,RAMIREZ MORALES Santiago,,,https://youtu.be/-ykwRNHEvWE,,
2023 Milton NC,,R2,1,1811.766,ANGSUTHASAWIT Jai,,,https://youtu.be/-ykwRNHEvWE,,
2023 Milton NC,,R2,1,1811.866,XUE Chenxi,,,https://youtu.be/-ykwRNHEvWE,,
2023 Milton NC,,R2,1,1817.106,PAUL Nicholas,,,https://youtu.be/-ykwRNHEvWE,,
2023 Milton NC,,R2,1,1817.366,DORNBACH Maximilian,,,https://youtu.be/-ykwRNHEvWE,,
2023 Milton NC,,R2,1,1817.586,RICHARDSON Matthew,,,https://youtu.be/-ykwRNHEvWE,,
2023 Milton NC,,R2,1,1817.766,RAMIREZ MORALES Santiago,,,https://youtu.be/-ykwRNHEvWE,,
2023 Milton NC,,R2,1,1817.926,ANGSUTHASAWIT Jai,,,https://youtu.be/-ykwRNHEvWE,,
2023 Milton NC,,R2,1,1818.026,XUE Chenxi,,,https://youtu.be/-ykwRNHEvWE,,
2023 Milton NC,,R2,1,1823.286,PAUL Nicholas,,,https://youtu.be/-ykwRNHEvWE,,
2023 Milton NC,,R2,1,1823.466,DORNBACH Maximilian,,,https://youtu.be/-ykwRNHEvWE,,
2023 Milton NC,,R2,1,1823.546,RICHARDSON Matthew,,,https://youtu.be/-ykwRNHEvWE,,
2023 Milton NC,,R2,1,1823.686,RAMIREZ MORALES Santiago,,,https://youtu.be/-ykwRNHEvWE,,
2023 Milton NC,,R2,1,1823.766,ANGSUTHASAWIT Jai,,,https://youtu.be/-ykwRNHEvWE,,
2023 Milton NC,,R2,1,1823.886,XUE Chenxi,,,https://youtu.be/-ykwRNHEvWE,,
2023 Milton NC,,R2,1,1829.626,DORNBACH Maximilian,,,https://youtu.be/-ykwRNHEvWE,,
2023 Milton NC,,R2,1,1829.646,PAUL Nicholas,,,https://youtu.be/-ykwRNHEvWE,,
2023 Milton NC,,R2,1,1829.666,RICHARDSON Matthew,,,https://youtu.be/-ykwRNHEvWE,,
2023 Milton NC,,R2,1,1829.706,ANGSUTHASAWIT Jai,,,https://youtu.be/-ykwRNHEvWE,,
2023 Milton NC,,R2,1,1829.766,RAMIREZ MORALES Santiago,,,https://youtu.be/-ykwRNHEvWE,,
2023 Milton NC,,R2,1,1829.786,XUE Chenxi,,,https://youtu.be/-ykwRNHEvWE,,
2023 Milton NC,,R2,2,1956.848,QUINTERO CHAVARRO Kevin S,,,https://youtu.be/4d5Qo6izFoU,,
2023 Milton NC,,R2,2,1957.008,TJON EN FA Jair,,,https://youtu.be/4d5Qo6izFoU,,
2023 Milton NC,,R2,2,1957.268,BOHUSLAVEK Matej,,,https://youtu.be/4d5Qo6izFoU,,
2023 Milton NC,,R2,2,1957.568,HEDGCOCK James,,,https://youtu.be/4d5Qo6izFoU,,
2023 Milton NC,,R2,2,1957.788,GLAETZER Matthew,,,https://youtu.be/4d5Qo6izFoU,,
2023 Milton NC,,R2,2,1957.968,LIU Qi,,,https://youtu.be/4d5Qo6izFoU,,
2023 Milton NC,,R2,2,1966.788,HEDGCOCK James,,,https://youtu.be/4d5Qo6izFoU,,
2023 Milton NC,,R2,2,1966.808,TJON EN FA Jair,,,https://youtu.be/4d5Qo6izFoU,,
2023 Milton NC,,R2,2,1966.968,QUINTERO CHAVARRO Kevin S,,,https://youtu.be/4d5Qo6izFoU,,
2023 Milton NC,,R2,2,1967.028,GLAETZER Matthew,,,https://youtu.be/4d5Qo6izFoU,,
2023 Milton NC,,R2,2,1967.108,BOHUSLAVEK Matej,,,https://youtu.be/4d5Qo6izFoU,,
2023 Milton NC,,R2,2,1967.168,LIU Qi,,,https://youtu.be/4d5Qo6izFoU,,
2023 Milton NC,,R2,2,1974.448,HEDGCOCK James,,,https://youtu.be/4d5Qo6izFoU,,
2023 Milton NC,,R2,2,1974.448,GLAETZER Matthew,,,https://youtu.be/4d5Qo6izFoU,,
2023 Milton NC,,R2,2,1974.568,TJON EN FA Jair,,,https://youtu.be/4d5Qo6izFoU,,
2023 Milton NC,,R2,2,1974.588,LIU Qi,,,https://youtu.be/4d5Qo6izFoU,,
2023 Milton NC,,R2,2,1974.708,QUINTERO CHAVARRO Kevin S,,,https://youtu.be/4d5Qo6izFoU,,
2023 Milton NC,,R2,2,1974.828,BOHUSLAVEK Matej,,,https://youtu.be/4d5Qo6izFoU,,
2023 Milton NC,,R2,2,1981.048,GLAETZER Matthew,,,https://youtu.be/4d5Qo6izFoU,,
2023 Milton NC,,R2,2,1981.148,LIU Qi,,,https://youtu.be/4d5Qo6izFoU,,
2023 Milton NC,,R2,2,1981.148,HEDGCOCK James,,,https://youtu.be/4d5Qo6izFoU,,
2023 Milton NC,,R2,2,1981.228,TJON EN FA Jair,,,https://youtu.be/4d5Qo6izFoU,,
2023 Milton NC,,R2,2,1981.348,QUINTERO CHAVARRO Kevin S,,,https://youtu.be/4d5Qo6izFoU,,
2023 Milton NC,,R2,2,1981.448,BOHUSLAVEK Matej,,,https://youtu.be/4d5Qo6izFoU,,
2023 Milton NC,,R2,2,1987.688,GLAETZER Matthew,,,https://youtu.be/4d5Qo6izFoU,,
2023 Milton NC,,R2,2,1987.748,LIU Qi,,,https://youtu.be/4d5Qo6izFoU,,
2023 Milton NC,,R2,2,1987.788,HEDGCOCK James,,,https://youtu.be/4d5Qo6izFoU,,
2023 Milton NC,,R2,2,1987.848,TJON EN FA Jair,,,https://youtu.be/4d5Qo6izFoU,,
2023 Milton NC,,R2,2,1987.908,QUINTERO CHAVARRO Kevin S,,,https://youtu.be/4d5Qo6izFoU,,
2023 Milton NC,,R2,2,1988.028,BOHUSLAVEK Matej,,,https://youtu.be/4d5Qo6izFoU,,
2023 Milton NC,,R2,2,1994.088,GLAETZER Matthew,,,https://youtu.be/4d5Qo6izFoU,,
2023 Milton NC,,R2,2,1994.208,HEDGCOCK James,,,https://youtu.be/4d5Qo6izFoU,,
2023 Milton NC,,R2,2,1994.268,LIU Qi,,,https://youtu.be/4d5Qo6izFoU,,
2023 Milton NC,,R2,2,1994.288,TJON EN FA Jair,,,https://youtu.be/4d5Qo6izFoU,,
2023 Milton NC,,R2,2,1994.388,QUINTERO CHAVARRO Kevin S,,,https://youtu.be/4d5Qo6izFoU,,
2023 Milton NC,,R2,2,1994.428,BOHUSLAVEK Matej,,,https://youtu.be/4d5Qo6izFoU,,
2023 Milton NC,,R2,2,2000.348,GLAETZER Matthew,,,https://youtu.be/4d5Qo6izFoU,,
2023 Milton NC,,R2,2,2000.448,HEDGCOCK James,,,https://youtu.be/4d5Qo6izFoU,,
2023 Milton NC,,R2,2,2000.628,LIU Qi,,,https://youtu.be/4d5Qo6izFoU,,
2023 Milton NC,,R2,2,2000.628,TJON EN FA Jair,,,https://youtu.be/4d5Qo6izFoU,,
2023 Milton NC,,R2,2,2000.728,QUINTERO CHAVARRO Kevin S,,,https://youtu.be/4d5Qo6izFoU,,
2023 Milton NC,,R2,2,2000.868,BOHUSLAVEK Matej,,,https://youtu.be/4d5Qo6izFoU,,
2023 Milton NC,,Final,1,2095.79,ANGSUTHASAWIT Jai,,,https://youtu.be/ZdDctR9X1hg,,
2023 Milton NC,,Final,1,2096.25,RAMIREZ MORALES Santiago,,,https://youtu.be/ZdDctR9X1hg,,
2023 Milton NC,,Final,1,2096.45,XUE Chenxi,,,https://youtu.be/ZdDctR9X1hg,,
2023 Milton NC,,Final,1,2096.65,LIU Qi,,,https://youtu.be/ZdDctR9X1hg,,
2023 Milton NC,,Final,1,2096.83,QUINTERO CHAVARRO Kevin S,,,https://youtu.be/ZdDctR9X1hg,,
2023 Milton NC,,Final,1,2096.99,BOHUSLAVEK Matej,,,https://youtu.be/ZdDctR9X1hg,,
2023 Milton NC,,Final,1,2105.01,ANGSUTHASAWIT Jai,,,https://youtu.be/ZdDctR9X1hg,,
2023 Milton NC,,Final,1,2105.31,RAMIREZ MORALES Santiago,,,https://youtu.be/ZdDctR9X1hg,,
2023 Milton NC,,Final,1,2105.33,XUE Chenxi,,,https://youtu.be/ZdDctR9X1hg,,
2023 Milton NC,,Final,1,2105.45,LIU Qi,,,https://youtu.be/ZdDctR9X1hg,,
2023 Milton NC,,Final,1,2105.59,QUINTERO CHAVARRO Kevin S,,,https://youtu.be/ZdDctR9X1hg,,
2023 Milton NC,,Final,1,2105.75,BOHUSLAVEK Matej,,,https://youtu.be/ZdDctR9X1hg,,
2023 Milton NC,,Final,1,2112.95,XUE Chenxi,,,https://youtu.be/ZdDctR9X1hg,,
2023 Milton NC,,Final,1,2112.97,ANGSUTHASAWIT Jai,,,https://youtu.be/ZdDctR9X1hg,,
2023 Milton NC,,Final,1,2113.07,LIU Qi,,,https://youtu.be/ZdDctR9X1hg,,
2023 Milton NC,,Final,1,2113.09,RAMIREZ MORALES Santiago,,,https://youtu.be/ZdDctR9X1hg,,
2023 Milton NC,,Final,1,2113.19,QUINTERO CHAVARRO Kevin S,,,https://youtu.be/ZdDctR9X1hg,,
2023 Milton NC,,Final,1,2113.31,BOHUSLAVEK Matej,,,https://youtu.be/ZdDctR9X1hg,,
2023 Milton NC,,Final,1,2119.67,XUE Chenxi,,,https://youtu.be/ZdDctR9X1hg,,
2023 Milton NC,,Final,1,2119.79,LIU Qi,,,https://youtu.be/ZdDctR9X1hg,,
2023 Milton NC,,Final,1,2119.79,ANGSUTHASAWIT Jai,,,https://youtu.be/ZdDctR9X1hg,,
2023 Milton NC,,Final,1,2119.85,QUINTERO CHAVARRO Kevin S,,,https://youtu.be/ZdDctR9X1hg,,
2023 Milton NC,,Final,1,2119.91,RAMIREZ MORALES Santiago,,,https://youtu.be/ZdDctR9X1hg,,
2023 Milton NC,,Final,1,2119.95,BOHUSLAVEK Matej,,,https://youtu.be/ZdDctR9X1hg,,
2023 Milton NC,,Final,1,2126.01,XUE Chenxi,,,https://youtu.be/ZdDctR9X1hg,,
2023 Milton NC,,Final,1,2126.15,ANGSUTHASAWIT Jai,,,https://youtu.be/ZdDctR9X1hg,,
2023 Milton NC,,Final,1,2126.21,RAMIREZ MORALES Santiago,,,https://youtu.be/ZdDctR9X1hg,,
2023 Milton NC,,Final,1,2126.23,QUINTERO CHAVARRO Kevin S,,,https://youtu.be/ZdDctR9X1hg,,
2023 Milton NC,,Final,1,2126.27,LIU Qi,,,https://youtu.be/ZdDctR9X1hg,,
2023 Milton NC,,Final,1,2126.37,BOHUSLAVEK Matej,,,https://youtu.be/ZdDctR9X1hg,,
2023 Milton NC,,Final,1,2132.29,XUE Chenxi,,,https://youtu.be/ZdDctR9X1hg,,
2023 Milton NC,,Final,1,2132.33,ANGSUTHASAWIT Jai,,,https://youtu.be/ZdDctR9X1hg,,
2023 Milton NC,,Final,1,2132.43,QUINTERO CHAVARRO Kevin S,,,https://youtu.be/ZdDctR9X1hg,,
2023 Milton NC,,Final,1,2132.53,RAMIREZ MORALES Santiago,,,https://youtu.be/ZdDctR9X1hg,,
2023 Milton NC,,Final,1,2132.61,BOHUSLAVEK Matej,,,https://youtu.be/ZdDctR9X1hg,,
2023 Milton NC,,Final,1,2133.25,LIU Qi,,,https://youtu.be/ZdDctR9X1hg,,
2023 Milton NC,,Final,1,2138.69,ANGSUTHASAWIT Jai,,,https://youtu.be/ZdDctR9X1hg,,
2023 Milton NC,,Final,1,2138.79,QUINTERO CHAVARRO Kevin S,,,https://youtu.be/ZdDctR9X1hg,,
2023 Milton NC,,Final,1,2138.81,RAMIREZ MORALES Santiago,,,https://youtu.be/ZdDctR9X1hg,,
2023 Milton NC,,Final,1,2138.83,XUE Chenxi,,,https://youtu.be/ZdDctR9X1hg,,
2023 Milton NC,,Final,1,2138.91,BOHUSLAVEK Matej,,,https://youtu.be/ZdDctR9X1hg,,
2023 Milton NC,,Final,1,2139.79,LIU Qi,,,https://youtu.be/ZdDctR9X1hg,,
2023 Milton NC,,Final,2,2296.552,DORNBACH Maximilian,,,https://youtu.be/Lw8yHoTnqoY,,
2023 Milton NC,,Final,2,2296.692,RICHARDSON Matthew,,,https://youtu.be/Lw8yHoTnqoY,,
2023 Milton NC,,Final,2,2296.712,PAUL Nicholas,,,https://youtu.be/Lw8yHoTnqoY,,
2023 Milton NC,,Final,2,2296.812,TJON EN FA Jair,,,https://youtu.be/Lw8yHoTnqoY,,
2023 Milton NC,,Final,2,2296.872,GLAETZER Matthew,,,https://youtu.be/Lw8yHoTnqoY,,
2023 Milton NC,,Final,2,2296.932,HEDGCOCK James,,,https://youtu.be/Lw8yHoTnqoY,,
2023 Milton NC,,Final,2,2304.272,DORNBACH Maximilian,,,https://youtu.be/Lw8yHoTnqoY,,
2023 Milton NC,,Final,2,2304.492,RICHARDSON Matthew,,,https://youtu.be/Lw8yHoTnqoY,,
2023 Milton NC,,Final,2,2304.632,TJON EN FA Jair,,,https://youtu.be/Lw8yHoTnqoY,,
2023 Milton NC,,Final,2,2304.772,GLAETZER Matthew,,,https://youtu.be/Lw8yHoTnqoY,,
2023 Milton NC,,Final,2,2304.872,HEDGCOCK James,,,https://youtu.be/Lw8yHoTnqoY,,
2023 Milton NC,,Final,2,2304.972,PAUL Nicholas,,,https://youtu.be/Lw8yHoTnqoY,,
2023 Milton NC,,Final,2,2311.712,DORNBACH Maximilian,,,https://youtu.be/Lw8yHoTnqoY,,
2023 Milton NC,,Final,2,2311.972,PAUL Nicholas,,,https://youtu.be/Lw8yHoTnqoY,,
2023 Milton NC,,Final,2,2311.992,RICHARDSON Matthew,,,https://youtu.be/Lw8yHoTnqoY,,
2023 Milton NC,,Final,2,2312.152,TJON EN FA Jair,,,https://youtu.be/Lw8yHoTnqoY,,
2023 Milton NC,,Final,2,2312.192,GLAETZER Matthew,,,https://youtu.be/Lw8yHoTnqoY,,
2023 Milton NC,,Final,2,2312.332,HEDGCOCK James,,,https://youtu.be/Lw8yHoTnqoY,,
2023 Milton NC,,Final,2,2318.352,PAUL Nicholas,,,https://youtu.be/Lw8yHoTnqoY,,
2023 Milton NC,,Final,2,2318.412,DORNBACH Maximilian,,,https://youtu.be/Lw8yHoTnqoY,,
2023 Milton NC,,Final,2,2318.452,RICHARDSON Matthew,,,https://youtu.be/Lw8yHoTnqoY,,
2023 Milton NC,,Final,2,2318.472,GLAETZER Matthew,,,https://youtu.be/Lw8yHoTnqoY,,
2023 Milton NC,,Final,2,2318.572,TJON EN FA Jair,,,https://youtu.be/Lw8yHoTnqoY,,
2023 Milton NC,,Final,2,2318.632,HEDGCOCK James,,,https://youtu.be/Lw8yHoTnqoY,,
2023 Milton NC,,Final,2,2324.492,PAUL Nicholas,,,https://youtu.be/Lw8yHoTnqoY,,
2023 Milton NC,,Final,2,2324.572,GLAETZER Matthew,,,https://youtu.be/Lw8yHoTnqoY,,
2023 Milton NC,,Final,2,2324.592,RICHARDSON Matthew,,,https://youtu.be/Lw8yHoTnqoY,,
2023 Milton NC,,Final,2,2324.672,TJON EN FA Jair,,,https://youtu.be/Lw8yHoTnqoY,,
2023 Milton NC,,Final,2,2324.792,DORNBACH Maximilian,,,https://youtu.be/Lw8yHoTnqoY,,
2023 Milton NC,,Final,2,2324.812,HEDGCOCK James,,,https://youtu.be/Lw8yHoTnqoY,,
2023 Milton NC,,Final,2,2330.592,PAUL Nicholas,,,https://youtu.be/Lw8yHoTnqoY,,
2023 Milton NC,,Final,2,2330.612,RICHARDSON Matthew,,,https://youtu.be/Lw8yHoTnqoY,,
2023 Milton NC,,Final,2,2330.712,GLAETZER Matthew,,,https://youtu.be/Lw8yHoTnqoY,,
2023 Milton NC,,Final,2,2330.772,TJON EN FA Jair,,,https://youtu.be/Lw8yHoTnqoY,,
2023 Milton NC,,Final,2,2330.872,HEDGCOCK James,,,https://youtu.be/Lw8yHoTnqoY,,
2023 Milton NC,,Final,2,2330.892,DORNBACH Maximilian,,,https://youtu.be/Lw8yHoTnqoY,,
2023 Milton NC,,Final,2,2336.792,RICHARDSON Matthew,,,https://youtu.be/Lw8yHoTnqoY,,
2023 Milton NC,,Final,2,2337.032,DORNBACH Maximilian,,,https://youtu.be/Lw8yHoTnqoY,,
2023 Milton NC,,Final,2,2337.092,PAUL Nicholas,,,https://youtu.be/Lw8yHoTnqoY,,
2023 Milton NC,,Final,2,2337.152,GLAETZER Matthew,,,https://youtu.be/Lw8yHoTnqoY,,
2023 Milton NC,,Final,2,2337.172,HEDGCOCK James,,,https://youtu.be/Lw8yHoTnqoY,,
2023 Milton NC,,Final,2,2337.192,TJON EN FA Jair,,,https://youtu.be/Lw8yHoTnqoY,,
2023 Glasgow WCH,9/08/2023,R1,1,722.1321542,CARLIN Jack,CARLIN Jack,CARLIN Jack,https://youtu.be/f27l-prGVbg,1,1
2023 Glasgow WCH,9/08/2023,R1,1,722.3321542,YAKOVLEV Mikhail,YAKOVLEV Mikhail,NAKANO Shinji,https://youtu.be/f27l-prGVbg,2,3
2023 Glasgow WCH,9/08/2023,R1,1,722.5921542,NAKANO Shinji,NAKANO Shinji,LAVREYSEN Harrie,https://youtu.be/f27l-prGVbg,3,5
2023 Glasgow WCH,9/08/2023,R1,1,722.7321542,SAHROM Muhammad Ridwan,SAHROM Muhammad Ridwan,SAHROM Muhammad Ridwan,https://youtu.be/f27l-prGVbg,4,4
2023 Glasgow WCH,9/08/2023,R1,1,722.9121542,LAVREYSEN Harrie,LAVREYSEN Harrie,YAKOVLEV Mikhail,https://youtu.be/f27l-prGVbg,5,2
2023 Glasgow WCH,9/08/2023,R1,1,731.4121542,CARLIN Jack,,,https://youtu.be/f27l-prGVbg,,
2023 Glasgow WCH,9/08/2023,R1,1,731.5921542,YAKOVLEV Mikhail,,,https://youtu.be/f27l-prGVbg,,
2023 Glasgow WCH,9/08/2023,R1,1,731.7921542,NAKANO Shinji,,,https://youtu.be/f27l-prGVbg,,
2023 Glasgow WCH,9/08/2023,R1,1,731.9521542,SAHROM Muhammad Ridwan,,,https://youtu.be/f27l-prGVbg,,
2023 Glasgow WCH,9/08/2023,R1,1,732.1721542,LAVREYSEN Harrie,,,https://youtu.be/f27l-prGVbg,,
2023 Glasgow WCH,9/08/2023,R1,1,740.3321542,YAKOVLEV Mikhail,,,https://youtu.be/f27l-prGVbg,,
2023 Glasgow WCH,9/08/2023,R1,1,740.3521542,CARLIN Jack,,,https://youtu.be/f27l-prGVbg,,
2023 Glasgow WCH,9/08/2023,R1,1,740.4721542,NAKANO Shinji,,,https://youtu.be/f27l-prGVbg,,
2023 Glasgow WCH,9/08/2023,R1,1,740.5721542,SAHROM Muhammad Ridwan,,,https://youtu.be/f27l-prGVbg,,
2023 Glasgow WCH,9/08/2023,R1,1,740.6921542,LAVREYSEN Harrie,,,https://youtu.be/f27l-prGVbg,,
2023 Glasgow WCH,9/08/2023,R1,1,746.8721542,YAKOVLEV Mikhail,,,https://youtu.be/f27l-prGVbg,,
2023 Glasgow WCH,9/08/2023,R1,1,747.1521542,CARLIN Jack,,,https://youtu.be/f27l-prGVbg,,
2023 Glasgow WCH,9/08/2023,R1,1,747.1721542,NAKANO Shinji,,,https://youtu.be/f27l-prGVbg,,
2023 Glasgow WCH,9/08/2023,R1,1,747.3121542,SAHROM Muhammad Ridwan,,,https://youtu.be/f27l-prGVbg,,
2023 Glasgow WCH,9/08/2023,R1,1,747.4121542,LAVREYSEN Harrie,,,https://youtu.be/f27l-prGVbg,,
2023 Glasgow WCH,9/08/2023,R1,1,752.9921542,YAKOVLEV Mikhail,,,https://youtu.be/f27l-prGVbg,,
2023 Glasgow WCH,9/08/2023,R1,1,753.2121542,CARLIN Jack,,,https://youtu.be/f27l-prGVbg,,
2023 Glasgow WCH,9/08/2023,R1,1,753.3521542,NAKANO Shinji,,,https://youtu.be/f27l-prGVbg,,
2023 Glasgow WCH,9/08/2023,R1,1,753.4721542,SAHROM Muhammad Ridwan,,,https://youtu.be/f27l-prGVbg,,
2023 Glasgow WCH,9/08/2023,R1,1,753.5721542,LAVREYSEN Harrie,,,https://youtu.be/f27l-prGVbg,,
2023 Glasgow WCH,9/08/2023,R1,1,759.1121542,YAKOVLEV Mikhail,,,https://youtu.be/f27l-prGVbg,,
2023 Glasgow WCH,9/08/2023,R1,1,759.1521542,CARLIN Jack,,,https://youtu.be/f27l-prGVbg,,
2023 Glasgow WCH,9/08/2023,R1,1,759.2521542,NAKANO Shinji,,,https://youtu.be/f27l-prGVbg,,
2023 Glasgow WCH,9/08/2023,R1,1,759.4121542,SAHROM Muhammad Ridwan,,,https://youtu.be/f27l-prGVbg,,
2023 Glasgow WCH,9/08/2023,R1,1,759.4321542,LAVREYSEN Harrie,,,https://youtu.be/f27l-prGVbg,,
2023 Glasgow WCH,9/08/2023,R1,1,765.2921542,CARLIN Jack,,,https://youtu.be/f27l-prGVbg,,
2023 Glasgow WCH,9/08/2023,R1,1,765.3521542,NAKANO Shinji,,,https://youtu.be/f27l-prGVbg,,
2023 Glasgow WCH,9/08/2023,R1,1,765.3921542,LAVREYSEN Harrie,,,https://youtu.be/f27l-prGVbg,,
2023 Glasgow WCH,9/08/2023,R1,1,765.4721542,YAKOVLEV Mikhail,,,https://youtu.be/f27l-prGVbg,,
2023 Glasgow WCH,9/08/2023,R1,1,765.4921542,SAHROM Muhammad Ridwan,,,https://youtu.be/f27l-prGVbg,,
2023 Glasgow WCH,9/08/2023,R1,2,851.1688209,OTA Kaiya,OTA Kaiya,QUINTERO CHAVARRO Kevin S,https://youtu.be/hJxxgHhgNyY,1,2
2023 Glasgow WCH,9/08/2023,R1,2,851.3288209,QUINTERO CHAVARRO Kevin S,QUINTERO CHAVARRO Kevin S,OTA Kaiya,https://youtu.be/hJxxgHhgNyY,2,1
2023 Glasgow WCH,9/08/2023,R1,2,851.6288209,ANGSUTHASAWIT Jai,ANGSUTHASAWIT Jai,ANGSUTHASAWIT Jai,https://youtu.be/hJxxgHhgNyY,3,3
2023 Glasgow WCH,9/08/2023,R1,2,851.9288209,RICHARDSON Matthew,RICHARDSON Matthew,RICHARDSON Matthew,https://youtu.be/hJxxgHhgNyY,4,4
2023 Glasgow WCH,9/08/2023,R1,2,852.1288209,PAUL Nicholas,PAUL Nicholas,PAUL Nicholas,https://youtu.be/hJxxgHhgNyY,5,5
2023 Glasgow WCH,9/08/2023,R1,2,860.3688209,OTA Kaiya,,,https://youtu.be/hJxxgHhgNyY,,
2023 Glasgow WCH,9/08/2023,R1,2,860.5688209,QUINTERO CHAVARRO Kevin S,,,https://youtu.be/hJxxgHhgNyY,,
2023 Glasgow WCH,9/08/2023,R1,2,860.8288209,ANGSUTHASAWIT Jai,,,https://youtu.be/hJxxgHhgNyY,,
2023 Glasgow WCH,9/08/2023,R1,2,861.0888209,RICHARDSON Matthew,,,https://youtu.be/hJxxgHhgNyY,,
2023 Glasgow WCH,9/08/2023,R1,2,861.2688209,PAUL Nicholas,,,https://youtu.be/hJxxgHhgNyY,,
2023 Glasgow WCH,9/08/2023,R1,2,869.4488209,OTA Kaiya,,,https://youtu.be/hJxxgHhgNyY,,
2023 Glasgow WCH,9/08/2023,R1,2,869.6288209,QUINTERO CHAVARRO Kevin S,,,https://youtu.be/hJxxgHhgNyY,,
2023 Glasgow WCH,9/08/2023,R1,2,869.8688209,ANGSUTHASAWIT Jai,,,https://youtu.be/hJxxgHhgNyY,,
2023 Glasgow WCH,9/08/2023,R1,2,870.0488209,RICHARDSON Matthew,,,https://youtu.be/hJxxgHhgNyY,,
2023 Glasgow WCH,9/08/2023,R1,2,870.1488209,PAUL Nicholas,,,https://youtu.be/hJxxgHhgNyY,,
2023 Glasgow WCH,9/08/2023,R1,2,877.1088209,OTA Kaiya,,,https://youtu.be/hJxxgHhgNyY,,
2023 Glasgow WCH,9/08/2023,R1,2,877.3288209,QUINTERO CHAVARRO Kevin S,,,https://youtu.be/hJxxgHhgNyY,,
2023 Glasgow WCH,9/08/2023,R1,2,877.3888209,PAUL Nicholas,,,https://youtu.be/hJxxgHhgNyY,,
2023 Glasgow WCH,9/08/2023,R1,2,877.4088209,ANGSUTHASAWIT Jai,,,https://youtu.be/hJxxgHhgNyY,,
2023 Glasgow WCH,9/08/2023,R1,2,877.4888209,RICHARDSON Matthew,,,https://youtu.be/hJxxgHhgNyY,,
2023 Glasgow WCH,9/08/2023,R1,2,883.4688209,OTA Kaiya,,,https://youtu.be/hJxxgHhgNyY,,
2023 Glasgow WCH,9/08/2023,R1,2,883.5488209,QUINTERO CHAVARRO Kevin S,,,https://youtu.be/hJxxgHhgNyY,,
2023 Glasgow WCH,9/08/2023,R1,2,883.6088209,PAUL Nicholas,,,https://youtu.be/hJxxgHhgNyY,,
2023 Glasgow WCH,9/08/2023,R1,2,883.7288209,ANGSUTHASAWIT Jai,,,https://youtu.be/hJxxgHhgNyY,,
2023 Glasgow WCH,9/08/2023,R1,2,883.8688209,RICHARDSON Matthew,,,https://youtu.be/hJxxgHhgNyY,,
2023 Glasgow WCH,9/08/2023,R1,2,889.5488209,OTA Kaiya,,,https://youtu.be/hJxxgHhgNyY,,
2023 Glasgow WCH,9/08/2023,R1,2,889.5688209,QUINTERO CHAVARRO Kevin S,,,https://youtu.be/hJxxgHhgNyY,,
2023 Glasgow WCH,9/08/2023,R1,2,889.6888209,ANGSUTHASAWIT Jai,,,https://youtu.be/hJxxgHhgNyY,,
2023 Glasgow WCH,9/08/2023,R1,2,889.7088209,PAUL Nicholas,,,https://youtu.be/hJxxgHhgNyY,,
2023 Glasgow WCH,9/08/2023,R1,2,889.7688209,RICHARDSON Matthew,,,https://youtu.be/hJxxgHhgNyY,,
2023 Glasgow WCH,9/08/2023,R1,2,895.6488209,QUINTERO CHAVARRO Kevin S,,,https://youtu.be/hJxxgHhgNyY,,
2023 Glasgow WCH,9/08/2023,R1,2,895.6888209,OTA Kaiya,,,https://youtu.be/hJxxgHhgNyY,,
2023 Glasgow WCH,9/08/2023,R1,2,895.7688209,ANGSUTHASAWIT Jai,,,https://youtu.be/hJxxgHhgNyY,,
2023 Glasgow WCH,9/08/2023,R1,2,895.8488209,RICHARDSON Matthew,,,https://youtu.be/hJxxgHhgNyY,,
2023 Glasgow WCH,9/08/2023,R1,2,895.9088209,PAUL Nicholas,,,https://youtu.be/hJxxgHhgNyY,,
2023 Glasgow WCH,9/08/2023,R1,3,980.4021542,TURNBULL Hamish,TURNBULL Hamish,AWANG Mohd Azizulhasni,https://youtu.be/P5v_aNMB41A,1,4
2023 Glasgow WCH,9/08/2023,R1,3,980.6621542,PONOMARYOV Sergey,PONOMARYOV Sergey,TURNBULL Hamish,https://youtu.be/P5v_aNMB41A,2,1
2023 Glasgow WCH,9/08/2023,R1,3,980.6821542,ESOW Esow,ESOW Esow,PONOMARYOV Sergey,https://youtu.be/P5v_aNMB41A,3,6
2023 Glasgow WCH,9/08/2023,R1,3,980.7021542,VIGIER Sebastien,AWANG Mohd Azizulhasni,DAKIN Sam,https://youtu.be/P5v_aNMB41A,4,
2023 Glasgow WCH,9/08/2023,R1,3,980.8621542,AWANG Mohd Azizulhasni,DAKIN Sam,VIGIER Sebastien,https://youtu.be/P5v_aNMB41A,5,
2023 Glasgow WCH,9/08/2023,R1,3,981.0221542,DAKIN Sam,VIGIER Sebastien,ESOW Esow,https://youtu.be/P5v_aNMB41A,6,
2023 Glasgow WCH,9/08/2023,R1,3,988.1621542,VIGIER Sebastien,,,https://youtu.be/P5v_aNMB41A,,
2023 Glasgow WCH,9/08/2023,R1,3,988.4021542,TURNBULL Hamish,,,https://youtu.be/P5v_aNMB41A,,
2023 Glasgow WCH,9/08/2023,R1,3,988.5221542,PONOMARYOV Sergey,,,https://youtu.be/P5v_aNMB41A,,
2023 Glasgow WCH,9/08/2023,R1,3,988.5421542,AWANG Mohd Azizulhasni,,,https://youtu.be/P5v_aNMB41A,,
2023 Glasgow WCH,9/08/2023,R1,3,988.5821542,ESOW Esow,,,https://youtu.be/P5v_aNMB41A,,
2023 Glasgow WCH,9/08/2023,R1,3,988.6821542,DAKIN Sam,,,https://youtu.be/P5v_aNMB41A,,
2023 Glasgow WCH,9/08/2023,R1,3,995.1421542,TURNBULL Hamish,,,https://youtu.be/P5v_aNMB41A,,
2023 Glasgow WCH,9/08/2023,R1,3,995.2221542,VIGIER Sebastien,,,https://youtu.be/P5v_aNMB41A,,
2023 Glasgow WCH,9/08/2023,R1,3,995.2421542,AWANG Mohd Azizulhasni,,,https://youtu.be/P5v_aNMB41A,,
2023 Glasgow WCH,9/08/2023,R1,3,995.3221542,PONOMARYOV Sergey,,,https://youtu.be/P5v_aNMB41A,,
2023 Glasgow WCH,9/08/2023,R1,3,995.3421542,DAKIN Sam,,,https://youtu.be/P5v_aNMB41A,,
2023 Glasgow WCH,9/08/2023,R1,3,995.5021542,ESOW Esow,,,https://youtu.be/P5v_aNMB41A,,
2023 Glasgow WCH,9/08/2023,R1,3,1001.442154,TURNBULL Hamish,,,https://youtu.be/P5v_aNMB41A,,
2023 Glasgow WCH,9/08/2023,R1,3,1001.542154,AWANG Mohd Azizulhasni,,,https://youtu.be/P5v_aNMB41A,,
2023 Glasgow WCH,9/08/2023,R1,3,1001.622154,PONOMARYOV Sergey,,,https://youtu.be/P5v_aNMB41A,,
2023 Glasgow WCH,9/08/2023,R1,3,1001.662154,VIGIER Sebastien,,,https://youtu.be/P5v_aNMB41A,,
2023 Glasgow WCH,9/08/2023,R1,3,1001.722154,DAKIN Sam,,,https://youtu.be/P5v_aNMB41A,,
2023 Glasgow WCH,9/08/2023,R1,3,1001.782154,ESOW Esow,,,https://youtu.be/P5v_aNMB41A,,
2023 Glasgow WCH,9/08/2023,R1,3,1007.882154,TURNBULL Hamish,,,https://youtu.be/P5v_aNMB41A,,
2023 Glasgow WCH,9/08/2023,R1,3,1007.902154,AWANG Mohd Azizulhasni,,,https://youtu.be/P5v_aNMB41A,,
2023 Glasgow WCH,9/08/2023,R1,3,1008.002154,PONOMARYOV Sergey,,,https://youtu.be/P5v_aNMB41A,,
2023 Glasgow WCH,9/08/2023,R1,3,1008.022154,VIGIER Sebastien,,,https://youtu.be/P5v_aNMB41A,,
2023 Glasgow WCH,9/08/2023,R1,3,1008.102154,DAKIN Sam,,,https://youtu.be/P5v_aNMB41A,,
2023 Glasgow WCH,9/08/2023,R1,3,1008.142154,ESOW Esow,,,https://youtu.be/P5v_aNMB41A,,
2023 Glasgow WCH,9/08/2023,R1,3,1014.182154,AWANG Mohd Azizulhasni,,,https://youtu.be/P5v_aNMB41A,,
2023 Glasgow WCH,9/08/2023,R1,3,1014.322154,PONOMARYOV Sergey,,,https://youtu.be/P5v_aNMB41A,,
2023 Glasgow WCH,9/08/2023,R1,3,1014.342154,TURNBULL Hamish,,,https://youtu.be/P5v_aNMB41A,,
2023 Glasgow WCH,9/08/2023,R1,3,1014.402154,DAKIN Sam,,,https://youtu.be/P5v_aNMB41A,,
2023 Glasgow WCH,9/08/2023,R1,3,1014.442154,VIGIER Sebastien,,,https://youtu.be/P5v_aNMB41A,,
2023 Glasgow WCH,9/08/2023,R1,3,1014.562154,ESOW Esow,,,https://youtu.be/P5v_aNMB41A,,
2023 Glasgow WCH,9/08/2023,R1,3,1020.502154,AWANG Mohd Azizulhasni,,,https://youtu.be/P5v_aNMB41A,,
2023 Glasgow WCH,9/08/2023,R1,3,1020.742154,TURNBULL Hamish,,,https://youtu.be/P5v_aNMB41A,,
2023 Glasgow WCH,9/08/2023,R1,3,1020.802154,PONOMARYOV Sergey,,,https://youtu.be/P5v_aNMB41A,,
2023 Glasgow WCH,9/08/2023,R1,3,1020.862154,DAKIN Sam,,,https://youtu.be/P5v_aNMB41A,,
2023 Glasgow WCH,9/08/2023,R1,3,1020.882154,VIGIER Sebastien,,,https://youtu.be/P5v_aNMB41A,,
2023 Glasgow WCH,9/08/2023,R1,3,1021.082154,ESOW Esow,,,https://youtu.be/P5v_aNMB41A,,
2023 Glasgow WCH,9/08/2023,R1,4,1108.200488,van LOON Tijmen,van LOON Tijmen,TJON EN FA Jair,https://youtu.be/3-d6erB4Fck,,
2023 Glasgow WCH,9/08/2023,R1,4,1108.520488,DORNBACH Maximilian,DORNBACH Maximilian,DORNBACH Maximilian,https://youtu.be/3-d6erB4Fck,,
2023 Glasgow WCH,9/08/2023,R1,4,1108.820488,BROWNE Kwesi,BROWNE Kwesi,BROWNE Kwesi,https://youtu.be/3-d6erB4Fck,,
2023 Glasgow WCH,9/08/2023,R1,4,1109.000488,CORNISH Thomas,CORNISH Thomas,RAMIREZ MORALES Santiago,https://youtu.be/3-d6erB4Fck,,
2023 Glasgow WCH,9/08/2023,R1,4,1109.200488,TJON EN FA Jair,TJON EN FA Jair,CORNISH Thomas,https://youtu.be/3-d6erB4Fck,,
2023 Glasgow WCH,9/08/2023,R1,4,1109.360488,RAMIREZ MORALES Santiago,RAMIREZ MORALES Santiago,van LOON Tijmen,https://youtu.be/3-d6erB4Fck,,
2023 Glasgow WCH,9/08/2023,R1,4,1117.220488,van LOON Tijmen,,,https://youtu.be/3-d6erB4Fck,,
2023 Glasgow WCH,9/08/2023,R1,4,1117.540488,DORNBACH Maximilian,,,https://youtu.be/3-d6erB4Fck,,
2023 Glasgow WCH,9/08/2023,R1,4,1117.780488,BROWNE Kwesi,,,https://youtu.be/3-d6erB4Fck,,
2023 Glasgow WCH,9/08/2023,R1,4,1117.980488,CORNISH Thomas,,,https://youtu.be/3-d6erB4Fck,,
2023 Glasgow WCH,9/08/2023,R1,4,1118.180488,TJON EN FA Jair,,,https://youtu.be/3-d6erB4Fck,,
2023 Glasgow WCH,9/08/2023,R1,4,1118.340488,RAMIREZ MORALES Santiago,,,https://youtu.be/3-d6erB4Fck,,
2023 Glasgow WCH,9/08/2023,R1,4,1125.600488,van LOON Tijmen,,,https://youtu.be/3-d6erB4Fck,,
2023 Glasgow WCH,9/08/2023,R1,4,1125.760488,DORNBACH Maximilian,,,https://youtu.be/3-d6erB4Fck,,
2023 Glasgow WCH,9/08/2023,R1,4,1125.940488,BROWNE Kwesi,,,https://youtu.be/3-d6erB4Fck,,
2023 Glasgow WCH,9/08/2023,R1,4,1126.120488,CORNISH Thomas,,,https://youtu.be/3-d6erB4Fck,,
2023 Glasgow WCH,9/08/2023,R1,4,1126.300488,TJON EN FA Jair,,,https://youtu.be/3-d6erB4Fck,,
2023 Glasgow WCH,9/08/2023,R1,4,1126.420488,RAMIREZ MORALES Santiago,,,https://youtu.be/3-d6erB4Fck,,
2023 Glasgow WCH,9/08/2023,R1,4,1132.900488,DORNBACH Maximilian,,,https://youtu.be/3-d6erB4Fck,,
2023 Glasgow WCH,9/08/2023,R1,4,1133.000488,van LOON Tijmen,,,https://youtu.be/3-d6erB4Fck,,
2023 Glasgow WCH,9/08/2023,R1,4,1133.020488,BROWNE Kwesi,,,https://youtu.be/3-d6erB4Fck,,
2023 Glasgow WCH,9/08/2023,R1,4,1133.120488,TJON EN FA Jair,,,https://youtu.be/3-d6erB4Fck,,
2023 Glasgow WCH,9/08/2023,R1,4,1133.140488,CORNISH Thomas,,,https://youtu.be/3-d6erB4Fck,,
2023 Glasgow WCH,9/08/2023,R1,4,1133.360488,RAMIREZ MORALES Santiago,,,https://youtu.be/3-d6erB4Fck,,
2023 Glasgow WCH,9/08/2023,R1,4,1139.260488,TJON EN FA Jair,,,https://youtu.be/3-d6erB4Fck,,
2023 Glasgow WCH,9/08/2023,R1,4,1139.320488,DORNBACH Maximilian,,,https://youtu.be/3-d6erB4Fck,,
2023 Glasgow WCH,9/08/2023,R1,4,1139.420488,BROWNE Kwesi,,,https://youtu.be/3-d6erB4Fck,,
2023 Glasgow WCH,9/08/2023,R1,4,1139.520488,CORNISH Thomas,,,https://youtu.be/3-d6erB4Fck,,
2023 Glasgow WCH,9/08/2023,R1,4,1139.540488,van LOON Tijmen,,,https://youtu.be/3-d6erB4Fck,,
2023 Glasgow WCH,9/08/2023,R1,4,1139.580488,RAMIREZ MORALES Santiago,,,https://youtu.be/3-d6erB4Fck,,
2023 Glasgow WCH,9/08/2023,R1,4,1145.220488,TJON EN FA Jair,,,https://youtu.be/3-d6erB4Fck,,
2023 Glasgow WCH,9/08/2023,R1,4,1145.480488,DORNBACH Maximilian,,,https://youtu.be/3-d6erB4Fck,,
2023 Glasgow WCH,9/08/2023,R1,4,1145.600488,BROWNE Kwesi,,,https://youtu.be/3-d6erB4Fck,,
2023 Glasgow WCH,9/08/2023,R1,4,1145.660488,RAMIREZ MORALES Santiago,,,https://youtu.be/3-d6erB4Fck,,
2023 Glasgow WCH,9/08/2023,R1,4,1145.700488,CORNISH Thomas,,,https://youtu.be/3-d6erB4Fck,,
2023 Glasgow WCH,9/08/2023,R1,4,1145.860488,van LOON Tijmen,,,https://youtu.be/3-d6erB4Fck,,
2023 Glasgow WCH,9/08/2023,R1,4,1151.420488,TJON EN FA Jair,,,https://youtu.be/3-d6erB4Fck,,
2023 Glasgow WCH,9/08/2023,R1,4,1151.620488,DORNBACH Maximilian,,,https://youtu.be/3-d6erB4Fck,,
2023 Glasgow WCH,9/08/2023,R1,4,1151.680488,BROWNE Kwesi,,,https://youtu.be/3-d6erB4Fck,,
2023 Glasgow WCH,9/08/2023,R1,4,1151.780488,RAMIREZ MORALES Santiago,,,https://youtu.be/3-d6erB4Fck,,
2023 Glasgow WCH,9/08/2023,R1,4,1152.040488,CORNISH Thomas,,,https://youtu.be/3-d6erB4Fck,,
2023 Glasgow WCH,9/08/2023,R1,4,1152.200488,van LOON Tijmen,,,https://youtu.be/3-d6erB4Fck,,
2023 Glasgow WCH,9/08/2023,R1,5,1233.355488,JURCZYK Marc,JURCZYK Marc,GLAETZER Matthew,https://youtu.be/KPIZs2ycIwg,,
2023 Glasgow WCH,9/08/2023,R1,5,1233.615488,SPIES Jean,HEDGCOCK James,HOOGLAND Jeffrey,https://youtu.be/KPIZs2ycIwg,,
2023 Glasgow WCH,9/08/2023,R1,5,1233.675488,HEDGCOCK James,GLAETZER Matthew,SAHROM Muhammad,https://youtu.be/KPIZs2ycIwg,,
2023 Glasgow WCH,9/08/2023,R1,5,1233.955488,GLAETZER Matthew,HOOGLAND Jeffrey,JURCZYK Marc,https://youtu.be/KPIZs2ycIwg,,
2023 Glasgow WCH,9/08/2023,R1,5,1234.195488,HOOGLAND Jeffrey,SAHROM Muhammad,HEDGCOCK James,https://youtu.be/KPIZs2ycIwg,,
2023 Glasgow WCH,9/08/2023,R1,5,1234.355488,SAHROM Muhammad,SPIES Jean,SPIES Jean,https://youtu.be/KPIZs2ycIwg,,
2023 Glasgow WCH,9/08/2023,R1,5,1242.055488,JURCZYK Marc,,,https://youtu.be/KPIZs2ycIwg,,
2023 Glasgow WCH,9/08/2023,R1,5,1242.235488,SPIES Jean,,,https://youtu.be/KPIZs2ycIwg,,
2023 Glasgow WCH,9/08/2023,R1,5,1242.455488,HEDGCOCK James,,,https://youtu.be/KPIZs2ycIwg,,
2023 Glasgow WCH,9/08/2023,R1,5,1242.815488,GLAETZER Matthew,,,https://youtu.be/KPIZs2ycIwg,,
2023 Glasgow WCH,9/08/2023,R1,5,1243.015488,HOOGLAND Jeffrey,,,https://youtu.be/KPIZs2ycIwg,,
2023 Glasgow WCH,9/08/2023,R1,5,1243.215488,SAHROM Muhammad,,,https://youtu.be/KPIZs2ycIwg,,
2023 Glasgow WCH,9/08/2023,R1,5,1250.235488,JURCZYK Marc,,,https://youtu.be/KPIZs2ycIwg,,
2023 Glasgow WCH,9/08/2023,R1,5,1250.295488,HEDGCOCK James,,,https://youtu.be/KPIZs2ycIwg,,
2023 Glasgow WCH,9/08/2023,R1,5,1250.415488,SPIES Jean,,,https://youtu.be/KPIZs2ycIwg,,
2023 Glasgow WCH,9/08/2023,R1,5,1250.675488,GLAETZER Matthew,,,https://youtu.be/KPIZs2ycIwg,,
2023 Glasgow WCH,9/08/2023,R1,5,1250.815488,HOOGLAND Jeffrey,,,https://youtu.be/KPIZs2ycIwg,,
2023 Glasgow WCH,9/08/2023,R1,5,1250.975488,SAHROM Muhammad,,,https://youtu.be/KPIZs2ycIwg,,
2023 Glasgow WCH,9/08/2023,R1,5,1256.935488,HEDGCOCK James,,,https://youtu.be/KPIZs2ycIwg,,
2023 Glasgow WCH,9/08/2023,R1,5,1257.175488,JURCZYK Marc,,,https://youtu.be/KPIZs2ycIwg,,
2023 Glasgow WCH,9/08/2023,R1,5,1257.215488,GLAETZER Matthew,,,https://youtu.be/KPIZs2ycIwg,,
2023 Glasgow WCH,9/08/2023,R1,5,1257.295488,SPIES Jean,,,https://youtu.be/KPIZs2ycIwg,,
2023 Glasgow WCH,9/08/2023,R1,5,1257.335488,HOOGLAND Jeffrey,,,https://youtu.be/KPIZs2ycIwg,,
2023 Glasgow WCH,9/08/2023,R1,5,1257.455488,SAHROM Muhammad,,,https://youtu.be/KPIZs2ycIwg,,
2023 Glasgow WCH,9/08/2023,R1,5,1263.295488,GLAETZER Matthew,,,https://youtu.be/KPIZs2ycIwg,,
2023 Glasgow WCH,9/08/2023,R1,5,1263.315488,HEDGCOCK James,,,https://youtu.be/KPIZs2ycIwg,,
2023 Glasgow WCH,9/08/2023,R1,5,1263.415488,HOOGLAND Jeffrey,,,https://youtu.be/KPIZs2ycIwg,,
2023 Glasgow WCH,9/08/2023,R1,5,1263.435488,JURCZYK Marc,,,https://youtu.be/KPIZs2ycIwg,,
2023 Glasgow WCH,9/08/2023,R1,5,1263.495488,SAHROM Muhammad,,,https://youtu.be/KPIZs2ycIwg,,
2023 Glasgow WCH,9/08/2023,R1,5,1263.615488,SPIES Jean,,,https://youtu.be/KPIZs2ycIwg,,
2023 Glasgow WCH,9/08/2023,R1,5,1269.215488,GLAETZER Matthew,,,https://youtu.be/KPIZs2ycIwg,,
2023 Glasgow WCH,9/08/2023,R1,5,1269.335488,HOOGLAND Jeffrey,,,https://youtu.be/KPIZs2ycIwg,,
2023 Glasgow WCH,9/08/2023,R1,5,1269.415488,SAHROM Muhammad,,,https://youtu.be/KPIZs2ycIwg,,
2023 Glasgow WCH,9/08/2023,R1,5,1269.535488,HEDGCOCK James,,,https://youtu.be/KPIZs2ycIwg,,
2023 Glasgow WCH,9/08/2023,R1,5,1269.635488,JURCZYK Marc,,,https://youtu.be/KPIZs2ycIwg,,
2023 Glasgow WCH,9/08/2023,R1,5,1269.715488,SPIES Jean,,,https://youtu.be/KPIZs2ycIwg,,
2023 Glasgow WCH,9/08/2023,R1,5,1275.315488,GLAETZER Matthew,,,https://youtu.be/KPIZs2ycIwg,,
2023 Glasgow WCH,9/08/2023,R1,5,1275.355488,HOOGLAND Jeffrey,,,https://youtu.be/KPIZs2ycIwg,,
2023 Glasgow WCH,9/08/2023,R1,5,1275.435488,SAHROM Muhammad,,,https://youtu.be/KPIZs2ycIwg,,
2023 Glasgow WCH,9/08/2023,R1,5,1275.835488,JURCZYK Marc,,,https://youtu.be/KPIZs2ycIwg,,
2023 Glasgow WCH,9/08/2023,R1,5,1275.835488,HEDGCOCK James,,,https://youtu.be/KPIZs2ycIwg,,
2023 Glasgow WCH,9/08/2023,R1,5,1275.955488,SPIES Jean,,,https://youtu.be/KPIZs2ycIwg,,
2023 Glasgow WCH,9/08/2023,Rep,1,1362.487154,DAKIN Sam,DAKIN Sam,LAVREYSEN Harrie,https://youtu.be/btQFmsswXH0,,
2023 Glasgow WCH,9/08/2023,Rep,1,1362.727154,LAVREYSEN Harrie,LAVREYSEN Harrie,DAKIN Sam,https://youtu.be/btQFmsswXH0,,
2023 Glasgow WCH,9/08/2023,Rep,1,1362.887154,SPIES Jean,SPIES Jean,SPIES Jean,https://youtu.be/btQFmsswXH0,,
2023 Glasgow WCH,9/08/2023,Rep,1,1371.227154,DAKIN Sam,,,https://youtu.be/btQFmsswXH0,,
2023 Glasgow WCH,9/08/2023,Rep,1,1371.467154,LAVREYSEN Harrie,,,https://youtu.be/btQFmsswXH0,,
2023 Glasgow WCH,9/08/2023,Rep,1,1371.627154,SPIES Jean,,,https://youtu.be/btQFmsswXH0,,
2023 Glasgow WCH,9/08/2023,Rep,1,1379.707154,DAKIN Sam,,,https://youtu.be/btQFmsswXH0,,
2023 Glasgow WCH,9/08/2023,Rep,1,1379.987154,LAVREYSEN Harrie,,,https://youtu.be/btQFmsswXH0,,
2023 Glasgow WCH,9/08/2023,Rep,1,1380.147154,SPIES Jean,,,https://youtu.be/btQFmsswXH0,,
2023 Glasgow WCH,9/08/2023,Rep,1,1387.387154,DAKIN Sam,,,https://youtu.be/btQFmsswXH0,,
2023 Glasgow WCH,9/08/2023,Rep,1,1387.447154,LAVREYSEN Harrie,,,https://youtu.be/btQFmsswXH0,,
2023 Glasgow WCH,9/08/2023,Rep,1,1387.647154,SPIES Jean,,,https://youtu.be/btQFmsswXH0,,
2023 Glasgow WCH,9/08/2023,Rep,1,1393.867154,LAVREYSEN Harrie,,,https://youtu.be/btQFmsswXH0,,
2023 Glasgow WCH,9/08/2023,Rep,1,1394.007154,DAKIN Sam,,,https://youtu.be/btQFmsswXH0,,
2023 Glasgow WCH,9/08/2023,Rep,1,1394.047154,SPIES Jean,,,https://youtu.be/btQFmsswXH0,,
2023 Glasgow WCH,9/08/2023,Rep,1,1399.887154,LAVREYSEN Harrie,,,https://youtu.be/btQFmsswXH0,,
2023 Glasgow WCH,9/08/2023,Rep,1,1400.207154,DAKIN Sam,,,https://youtu.be/btQFmsswXH0,,
2023 Glasgow WCH,9/08/2023,Rep,1,1400.267154,SPIES Jean,,,https://youtu.be/btQFmsswXH0,,
2023 Glasgow WCH,9/08/2023,Rep,1,1406.027154,LAVREYSEN Harrie,,,https://youtu.be/btQFmsswXH0,,
2023 Glasgow WCH,9/08/2023,Rep,1,1406.387154,DAKIN Sam,,,https://youtu.be/btQFmsswXH0,,
2023 Glasgow WCH,9/08/2023,Rep,1,1406.447154,SPIES Jean,,,https://youtu.be/btQFmsswXH0,,
2023 Glasgow WCH,9/08/2023,Rep,2,1487.517154,JURCZYK Marc,HEDGCOCK James,RICHARDSON Matthew,https://youtu.be/qmOnak0UAfE,,
2023 Glasgow WCH,9/08/2023,Rep,2,1487.777154,ANGSUTHASAWIT Jai,JURCZYK Marc,JURCZYK Marc,https://youtu.be/qmOnak0UAfE,,
2023 Glasgow WCH,9/08/2023,Rep,2,1487.977154,RICHARDSON Matthew,ANGSUTHASAWIT Jai,ANGSUTHASAWIT Jai,https://youtu.be/qmOnak0UAfE,,
2023 Glasgow WCH,9/08/2023,Rep,2,1496.817154,JURCZYK Marc,RICHARDSON Matthew,HEDGCOCK James,https://youtu.be/qmOnak0UAfE,,
2023 Glasgow WCH,9/08/2023,Rep,2,1497.197154,ANGSUTHASAWIT Jai,,,https://youtu.be/qmOnak0UAfE,,
2023 Glasgow WCH,9/08/2023,Rep,2,1497.437154,RICHARDSON Matthew,,,https://youtu.be/qmOnak0UAfE,,
2023 Glasgow WCH,9/08/2023,Rep,2,1505.257154,JURCZYK Marc,,,https://youtu.be/qmOnak0UAfE,,
2023 Glasgow WCH,9/08/2023,Rep,2,1505.397154,RICHARDSON Matthew,,,https://youtu.be/qmOnak0UAfE,,
2023 Glasgow WCH,9/08/2023,Rep,2,1505.657154,ANGSUTHASAWIT Jai,,,https://youtu.be/qmOnak0UAfE,,
2023 Glasgow WCH,9/08/2023,Rep,2,1511.957154,RICHARDSON Matthew,,,https://youtu.be/qmOnak0UAfE,,
2023 Glasgow WCH,9/08/2023,Rep,2,1512.117154,JURCZYK Marc,,,https://youtu.be/qmOnak0UAfE,,
2023 Glasgow WCH,9/08/2023,Rep,2,1512.217154,ANGSUTHASAWIT Jai,,,https://youtu.be/qmOnak0UAfE,,
2023 Glasgow WCH,9/08/2023,Rep,2,1518.197154,RICHARDSON Matthew,,,https://youtu.be/qmOnak0UAfE,,
2023 Glasgow WCH,9/08/2023,Rep,2,1518.357154,JURCZYK Marc,,,https://youtu.be/qmOnak0UAfE,,
2023 Glasgow WCH,9/08/2023,Rep,2,1518.437154,ANGSUTHASAWIT Jai,,,https://youtu.be/qmOnak0UAfE,,
2023 Glasgow WCH,9/08/2023,Rep,2,1524.257154,RICHARDSON Matthew,,,https://youtu.be/qmOnak0UAfE,,
2023 Glasgow WCH,9/08/2023,Rep,2,1524.417154,JURCZYK Marc,,,https://youtu.be/qmOnak0UAfE,,
2023 Glasgow WCH,9/08/2023,Rep,2,1524.557154,ANGSUTHASAWIT Jai,,,https://youtu.be/qmOnak0UAfE,,
2023 Glasgow WCH,9/08/2023,Rep,2,1530.377154,RICHARDSON Matthew,,,https://youtu.be/qmOnak0UAfE,,
2023 Glasgow WCH,9/08/2023,Rep,2,1530.517154,JURCZYK Marc,,,https://youtu.be/qmOnak0UAfE,,
2023 Glasgow WCH,9/08/2023,Rep,2,1530.617154,ANGSUTHASAWIT Jai,,,https://youtu.be/qmOnak0UAfE,,
2023 Glasgow WCH,9/08/2023,Rep,3,1614.883821,YAKOVLEV Mikhail,YAKOVLEV Mikhail,YAKOVLEV Mikhail,https://youtu.be/ESYeTt1R-7M,,
2023 Glasgow WCH,9/08/2023,Rep,3,1614.983821,SAHROM Muhammad Ridwan,CORNISH Thomas,CORNISH Thomas,https://youtu.be/ESYeTt1R-7M,,
2023 Glasgow WCH,9/08/2023,Rep,3,1615.023821,ESOW Esow,ESOW Esow,BROWNE Kwesi,https://youtu.be/ESYeTt1R-7M,,
2023 Glasgow WCH,9/08/2023,Rep,3,1615.043821,CORNISH Thomas,BROWNE Kwesi,SAHROM Muhammad Ridwan,https://youtu.be/ESYeTt1R-7M,,
2023 Glasgow WCH,9/08/2023,Rep,3,1615.263821,BROWNE Kwesi,SAHROM Muhammad Ridwan,ESOW Esow,https://youtu.be/ESYeTt1R-7M,,
2023 Glasgow WCH,9/08/2023,Rep,3,1622.643821,SAHROM Muhammad Ridwan,,,https://youtu.be/ESYeTt1R-7M,,
2023 Glasgow WCH,9/08/2023,Rep,3,1622.723821,ESOW Esow,,,https://youtu.be/ESYeTt1R-7M,,
2023 Glasgow WCH,9/08/2023,Rep,3,1622.743821,BROWNE Kwesi,,,https://youtu.be/ESYeTt1R-7M,,
2023 Glasgow WCH,9/08/2023,Rep,3,1622.863821,CORNISH Thomas,,,https://youtu.be/ESYeTt1R-7M,,
2023 Glasgow WCH,9/08/2023,Rep,3,1622.883821,YAKOVLEV Mikhail,,,https://youtu.be/ESYeTt1R-7M,,
2023 Glasgow WCH,9/08/2023,Rep,3,1629.563821,CORNISH Thomas,,,https://youtu.be/ESYeTt1R-7M,,
2023 Glasgow WCH,9/08/2023,Rep,3,1629.563821,BROWNE Kwesi,,,https://youtu.be/ESYeTt1R-7M,,
2023 Glasgow WCH,9/08/2023,Rep,3,1629.683821,SAHROM Muhammad Ridwan,,,https://youtu.be/ESYeTt1R-7M,,
2023 Glasgow WCH,9/08/2023,Rep,3,1629.803821,ESOW Esow,,,https://youtu.be/ESYeTt1R-7M,,
2023 Glasgow WCH,9/08/2023,Rep,3,1629.903821,YAKOVLEV Mikhail,,,https://youtu.be/ESYeTt1R-7M,,
2023 Glasgow WCH,9/08/2023,Rep,3,1635.963821,CORNISH Thomas,,,https://youtu.be/ESYeTt1R-7M,,
2023 Glasgow WCH,9/08/2023,Rep,3,1636.123821,BROWNE Kwesi,,,https://youtu.be/ESYeTt1R-7M,,
2023 Glasgow WCH,9/08/2023,Rep,3,1636.203821,SAHROM Muhammad Ridwan,,,https://youtu.be/ESYeTt1R-7M,,
2023 Glasgow WCH,9/08/2023,Rep,3,1636.323821,ESOW Esow,,,https://youtu.be/ESYeTt1R-7M,,
2023 Glasgow WCH,9/08/2023,Rep,3,1636.443821,YAKOVLEV Mikhail,,,https://youtu.be/ESYeTt1R-7M,,
2023 Glasgow WCH,9/08/2023,Rep,3,1642.663821,CORNISH Thomas,,,https://youtu.be/ESYeTt1R-7M,,
2023 Glasgow WCH,9/08/2023,Rep,3,1642.803821,BROWNE Kwesi,,,https://youtu.be/ESYeTt1R-7M,,
2023 Glasgow WCH,9/08/2023,Rep,3,1642.903821,SAHROM Muhammad Ridwan,,,https://youtu.be/ESYeTt1R-7M,,
2023 Glasgow WCH,9/08/2023,Rep,3,1643.003821,ESOW Esow,,,https://youtu.be/ESYeTt1R-7M,,
2023 Glasgow WCH,9/08/2023,Rep,3,1643.043821,YAKOVLEV Mikhail,,,https://youtu.be/ESYeTt1R-7M,,
2023 Glasgow WCH,9/08/2023,Rep,3,1649.323821,CORNISH Thomas,,,https://youtu.be/ESYeTt1R-7M,,
2023 Glasgow WCH,9/08/2023,Rep,3,1649.343821,YAKOVLEV Mikhail,,,https://youtu.be/ESYeTt1R-7M,,
2023 Glasgow WCH,9/08/2023,Rep,3,1649.403821,BROWNE Kwesi,,,https://youtu.be/ESYeTt1R-7M,,
2023 Glasgow WCH,9/08/2023,Rep,3,1649.543821,SAHROM Muhammad Ridwan,,,https://youtu.be/ESYeTt1R-7M,,
2023 Glasgow WCH,9/08/2023,Rep,3,1649.663821,ESOW Esow,,,https://youtu.be/ESYeTt1R-7M,,
2023 Glasgow WCH,9/08/2023,Rep,3,1655.503821,YAKOVLEV Mikhail,,,https://youtu.be/ESYeTt1R-7M,,
2023 Glasgow WCH,9/08/2023,Rep,3,1655.883821,CORNISH Thomas,,,https://youtu.be/ESYeTt1R-7M,,
2023 Glasgow WCH,9/08/2023,Rep,3,1655.983821,BROWNE Kwesi,,,https://youtu.be/ESYeTt1R-7M,,
2023 Glasgow WCH,9/08/2023,Rep,3,1656.003821,SAHROM Muhammad Ridwan,,,https://youtu.be/ESYeTt1R-7M,,
2023 Glasgow WCH,9/08/2023,Rep,3,1656.143821,ESOW Esow,,,https://youtu.be/ESYeTt1R-7M,,
2023 Glasgow WCH,9/08/2023,Rep,4,1736.087154,van LOON Tijmen,van LOON Tijmen,VIGIER Sebastien,https://youtu.be/fKpOKOWBp9U,,
2023 Glasgow WCH,9/08/2023,Rep,4,1736.367154,VIGIER Sebastien,VIGIER Sebastien,van LOON Tijmen,https://youtu.be/fKpOKOWBp9U,,
2023 Glasgow WCH,9/08/2023,Rep,4,1736.547154,PONOMARYOV Sergey,PONOMARYOV Sergey,SAHROM Muhammad,https://youtu.be/fKpOKOWBp9U,,
2023 Glasgow WCH,9/08/2023,Rep,4,1736.727154,SAHROM Muhammad,SAHROM Muhammad,PAUL Nicholas,https://youtu.be/fKpOKOWBp9U,,
2023 Glasgow WCH,9/08/2023,Rep,4,1736.887154,PAUL Nicholas,PAUL Nicholas,PONOMARYOV Sergey,https://youtu.be/fKpOKOWBp9U,,
2023 Glasgow WCH,9/08/2023,Rep,4,1745.447154,van LOON Tijmen,,,https://youtu.be/fKpOKOWBp9U,,
2023 Glasgow WCH,9/08/2023,Rep,4,1745.827154,VIGIER Sebastien,,,https://youtu.be/fKpOKOWBp9U,,
2023 Glasgow WCH,9/08/2023,Rep,4,1746.047154,PONOMARYOV Sergey,,,https://youtu.be/fKpOKOWBp9U,,
2023 Glasgow WCH,9/08/2023,Rep,4,1746.207154,SAHROM Muhammad,,,https://youtu.be/fKpOKOWBp9U,,
2023 Glasgow WCH,9/08/2023,Rep,4,1746.387154,PAUL Nicholas,,,https://youtu.be/fKpOKOWBp9U,,
2023 Glasgow WCH,9/08/2023,Rep,4,1754.447154,van LOON Tijmen,,,https://youtu.be/fKpOKOWBp9U,,
2023 Glasgow WCH,9/08/2023,Rep,4,1754.867154,VIGIER Sebastien,,,https://youtu.be/fKpOKOWBp9U,,
2023 Glasgow WCH,9/08/2023,Rep,4,1755.107154,PONOMARYOV Sergey,,,https://youtu.be/fKpOKOWBp9U,,
2023 Glasgow WCH,9/08/2023,Rep,4,1755.227154,SAHROM Muhammad,,,https://youtu.be/fKpOKOWBp9U,,
2023 Glasgow WCH,9/08/2023,Rep,4,1755.347154,PAUL Nicholas,,,https://youtu.be/fKpOKOWBp9U,,
2023 Glasgow WCH,9/08/2023,Rep,4,1762.047154,VIGIER Sebastien,,,https://youtu.be/fKpOKOWBp9U,,
2023 Glasgow WCH,9/08/2023,Rep,4,1762.087154,van LOON Tijmen,,,https://youtu.be/fKpOKOWBp9U,,
2023 Glasgow WCH,9/08/2023,Rep,4,1762.287154,PONOMARYOV Sergey,,,https://youtu.be/fKpOKOWBp9U,,
2023 Glasgow WCH,9/08/2023,Rep,4,1762.407154,SAHROM Muhammad,,,https://youtu.be/fKpOKOWBp9U,,
2023 Glasgow WCH,9/08/2023,Rep,4,1762.527154,PAUL Nicholas,,,https://youtu.be/fKpOKOWBp9U,,
2023 Glasgow WCH,9/08/2023,Rep,4,1768.327154,VIGIER Sebastien,,,https://youtu.be/fKpOKOWBp9U,,
2023 Glasgow WCH,9/08/2023,Rep,4,1768.607154,van LOON Tijmen,,,https://youtu.be/fKpOKOWBp9U,,
2023 Glasgow WCH,9/08/2023,Rep,4,1768.647154,PONOMARYOV Sergey,,,https://youtu.be/fKpOKOWBp9U,,
2023 Glasgow WCH,9/08/2023,Rep,4,1768.687154,SAHROM Muhammad,,,https://youtu.be/fKpOKOWBp9U,,
2023 Glasgow WCH,9/08/2023,Rep,4,1768.787154,PAUL Nicholas,,,https://youtu.be/fKpOKOWBp9U,,
2023 Glasgow WCH,9/08/2023,Rep,4,1774.427154,VIGIER Sebastien,,,https://youtu.be/fKpOKOWBp9U,,
2023 Glasgow WCH,9/08/2023,Rep,4,1774.647154,van LOON Tijmen,,,https://youtu.be/fKpOKOWBp9U,,
2023 Glasgow WCH,9/08/2023,Rep,4,1774.747154,SAHROM Muhammad,,,https://youtu.be/fKpOKOWBp9U,,
2023 Glasgow WCH,9/08/2023,Rep,4,1774.787154,PONOMARYOV Sergey,,,https://youtu.be/fKpOKOWBp9U,,
2023 Glasgow WCH,9/08/2023,Rep,4,1774.827154,PAUL Nicholas,,,https://youtu.be/fKpOKOWBp9U,,
2023 Glasgow WCH,9/08/2023,Rep,4,1780.627154,VIGIER Sebastien,,,https://youtu.be/fKpOKOWBp9U,,
2023 Glasgow WCH,9/08/2023,Rep,4,1780.707154,van LOON Tijmen,,,https://youtu.be/fKpOKOWBp9U,,
2023 Glasgow WCH,9/08/2023,Rep,4,1780.767154,SAHROM Muhammad,,,https://youtu.be/fKpOKOWBp9U,,
2023 Glasgow WCH,9/08/2023,Rep,4,1780.827154,PAUL Nicholas,,,https://youtu.be/fKpOKOWBp9U,,
2023 Glasgow WCH,9/08/2023,Rep,4,1780.907154,PONOMARYOV Sergey,,,https://youtu.be/fKpOKOWBp9U,,
2023 Glasgow WCH,9/08/2023,R2,1,337.5177023,OTA Kaiya,OTA Kaiya,RICHARDSON Matthew,https://youtu.be/f_BiHj1nXmA,,
2023 Glasgow WCH,9/08/2023,R2,1,337.7804875,CARLIN Jack,RICHARDSON Matthew,CARLIN Jack,https://youtu.be/f_BiHj1nXmA,,
2023 Glasgow WCH,9/08/2023,R2,1,337.8004875,RICHARDSON Matthew,CARLIN Jack,OTA Kaiya,https://youtu.be/f_BiHj1nXmA,,
2023 Glasgow WCH,9/08/2023,R2,1,337.9204875,TJON EN FA Jair,van LOON Tijmen,YAKOVLEV Mikhail,https://youtu.be/f_BiHj1nXmA,,
2023 Glasgow WCH,9/08/2023,R2,1,338.0204875,van LOON Tijmen,TJON EN FA Jair,TJON EN FA Jair,https://youtu.be/f_BiHj1nXmA,,
2023 Glasgow WCH,9/08/2023,R2,1,338.0804875,YAKOVLEV Mikhail,YAKOVLEV Mikhail,van LOON Tijmen,https://youtu.be/f_BiHj1nXmA,,
2023 Glasgow WCH,9/08/2023,R2,1,345.4004875,YAKOVLEV Mikhail,,,https://youtu.be/f_BiHj1nXmA,,
2023 Glasgow WCH,9/08/2023,R2,1,345.4204875,CARLIN Jack,,,https://youtu.be/f_BiHj1nXmA,,
2023 Glasgow WCH,9/08/2023,R2,1,345.5604875,TJON EN FA Jair,,,https://youtu.be/f_BiHj1nXmA,,
2023 Glasgow WCH,9/08/2023,R2,1,345.6004875,RICHARDSON Matthew,,,https://youtu.be/f_BiHj1nXmA,,
2023 Glasgow WCH,9/08/2023,R2,1,345.7404875,van LOON Tijmen,,,https://youtu.be/f_BiHj1nXmA,,
2023 Glasgow WCH,9/08/2023,R2,1,345.9804875,OTA Kaiya,,,https://youtu.be/f_BiHj1nXmA,,
2023 Glasgow WCH,9/08/2023,R2,1,351.6804875,YAKOVLEV Mikhail,,,https://youtu.be/f_BiHj1nXmA,,
2023 Glasgow WCH,9/08/2023,R2,1,351.8604875,CARLIN Jack,,,https://youtu.be/f_BiHj1nXmA,,
2023 Glasgow WCH,9/08/2023,R2,1,351.9804875,TJON EN FA Jair,,,https://youtu.be/f_BiHj1nXmA,,
2023 Glasgow WCH,9/08/2023,R2,1,352.1804875,RICHARDSON Matthew,,,https://youtu.be/f_BiHj1nXmA,,
2023 Glasgow WCH,9/08/2023,R2,1,352.3204875,van LOON Tijmen,,,https://youtu.be/f_BiHj1nXmA,,
2023 Glasgow WCH,9/08/2023,R2,1,352.5204875,OTA Kaiya,,,https://youtu.be/f_BiHj1nXmA,,
2023 Glasgow WCH,9/08/2023,R2,1,357.9204875,YAKOVLEV Mikhail,,,https://youtu.be/f_BiHj1nXmA,,
2023 Glasgow WCH,9/08/2023,R2,1,358.0804875,CARLIN Jack,,,https://youtu.be/f_BiHj1nXmA,,
2023 Glasgow WCH,9/08/2023,R2,1,358.1404875,TJON EN FA Jair,,,https://youtu.be/f_BiHj1nXmA,,
2023 Glasgow WCH,9/08/2023,R2,1,358.3204875,RICHARDSON Matthew,,,https://youtu.be/f_BiHj1nXmA,,
2023 Glasgow WCH,9/08/2023,R2,1,358.4004875,van LOON Tijmen,,,https://youtu.be/f_BiHj1nXmA,,
2023 Glasgow WCH,9/08/2023,R2,1,358.5004875,OTA Kaiya,,,https://youtu.be/f_BiHj1nXmA,,
2023 Glasgow WCH,9/08/2023,R2,1,364.1804875,YAKOVLEV Mikhail,,,https://youtu.be/f_BiHj1nXmA,,
2023 Glasgow WCH,9/08/2023,R2,1,364.3004875,CARLIN Jack,,,https://youtu.be/f_BiHj1nXmA,,
2023 Glasgow WCH,9/08/2023,R2,1,364.3804875,RICHARDSON Matthew,,,https://youtu.be/f_BiHj1nXmA,,
2023 Glasgow WCH,9/08/2023,R2,1,364.3804875,TJON EN FA Jair,,,https://youtu.be/f_BiHj1nXmA,,
2023 Glasgow WCH,9/08/2023,R2,1,364.4804875,OTA Kaiya,,,https://youtu.be/f_BiHj1nXmA,,
2023 Glasgow WCH,9/08/2023,R2,1,364.5004875,van LOON Tijmen,,,https://youtu.be/f_BiHj1nXmA,,
2023 Glasgow WCH,9/08/2023,R2,1,370.5204875,YAKOVLEV Mikhail,,,https://youtu.be/f_BiHj1nXmA,,
2023 Glasgow WCH,9/08/2023,R2,1,370.5404875,CARLIN Jack,,,https://youtu.be/f_BiHj1nXmA,,
2023 Glasgow WCH,9/08/2023,R2,1,370.6204875,RICHARDSON Matthew,,,https://youtu.be/f_BiHj1nXmA,,
2023 Glasgow WCH,9/08/2023,R2,1,370.6604875,TJON EN FA Jair,,,https://youtu.be/f_BiHj1nXmA,,
2023 Glasgow WCH,9/08/2023,R2,1,370.7204875,OTA Kaiya,,,https://youtu.be/f_BiHj1nXmA,,
2023 Glasgow WCH,9/08/2023,R2,1,370.7604875,van LOON Tijmen,,,https://youtu.be/f_BiHj1nXmA,,
2023 Glasgow WCH,9/08/2023,R2,1,376.9204875,CARLIN Jack,,,https://youtu.be/f_BiHj1nXmA,,
2023 Glasgow WCH,9/08/2023,R2,1,376.9404875,RICHARDSON Matthew,,,https://youtu.be/f_BiHj1nXmA,,
2023 Glasgow WCH,9/08/2023,R2,1,377.0604875,OTA Kaiya,,,https://youtu.be/f_BiHj1nXmA,,
2023 Glasgow WCH,9/08/2023,R2,1,377.1404875,YAKOVLEV Mikhail,,,https://youtu.be/f_BiHj1nXmA,,
2023 Glasgow WCH,9/08/2023,R2,1,377.2204875,TJON EN FA Jair,,,https://youtu.be/f_BiHj1nXmA,,
2023 Glasgow WCH,9/08/2023,R2,1,377.3204875,van LOON Tijmen,,,https://youtu.be/f_BiHj1nXmA,,
2023 Glasgow WCH,9/08/2023,R2,2,465.9754875,JURCZYK Marc,JURCZYK Marc,LAVREYSEN Harrie,https://youtu.be/yjzvdpdI-6A,,
2023 Glasgow WCH,9/08/2023,R2,2,466.3554875,TURNBULL Hamish,TURNBULL Hamish,QUINTERO CHAVARRO Kevin S,https://youtu.be/yjzvdpdI-6A,,
2023 Glasgow WCH,9/08/2023,R2,2,466.5754875,GLAETZER Matthew,GLAETZER Matthew,TURNBULL Hamish,https://youtu.be/yjzvdpdI-6A,,
2023 Glasgow WCH,9/08/2023,R2,2,466.7354875,QUINTERO CHAVARRO Kevin S,QUINTERO CHAVARRO Kevin S,GLAETZER Matthew,https://youtu.be/yjzvdpdI-6A,,
2023 Glasgow WCH,9/08/2023,R2,2,466.9154875,VIGIER Sebastien,VIGIER Sebastien,VIGIER Sebastien,https://youtu.be/yjzvdpdI-6A,,
2023 Glasgow WCH,9/08/2023,R2,2,467.0754875,LAVREYSEN Harrie,LAVREYSEN Harrie,JURCZYK Marc,https://youtu.be/yjzvdpdI-6A,,
2023 Glasgow WCH,9/08/2023,R2,2,474.5354875,JURCZYK Marc,,,https://youtu.be/yjzvdpdI-6A,,
2023 Glasgow WCH,9/08/2023,R2,2,474.9354875,TURNBULL Hamish,,,https://youtu.be/yjzvdpdI-6A,,
2023 Glasgow WCH,9/08/2023,R2,2,475.1154875,GLAETZER Matthew,,,https://youtu.be/yjzvdpdI-6A,,
2023 Glasgow WCH,9/08/2023,R2,2,475.2954875,VIGIER Sebastien,,,https://youtu.be/yjzvdpdI-6A,,
2023 Glasgow WCH,9/08/2023,R2,2,475.3154875,QUINTERO CHAVARRO Kevin S,,,https://youtu.be/yjzvdpdI-6A,,
2023 Glasgow WCH,9/08/2023,R2,2,475.4554875,LAVREYSEN Harrie,,,https://youtu.be/yjzvdpdI-6A,,
2023 Glasgow WCH,9/08/2023,R2,2,481.9554875,GLAETZER Matthew,,,https://youtu.be/yjzvdpdI-6A,,
2023 Glasgow WCH,9/08/2023,R2,2,481.9754875,TURNBULL Hamish,,,https://youtu.be/yjzvdpdI-6A,,
2023 Glasgow WCH,9/08/2023,R2,2,481.9954875,JURCZYK Marc,,,https://youtu.be/yjzvdpdI-6A,,
2023 Glasgow WCH,9/08/2023,R2,2,482.0954875,VIGIER Sebastien,,,https://youtu.be/yjzvdpdI-6A,,
2023 Glasgow WCH,9/08/2023,R2,2,482.1754875,LAVREYSEN Harrie,,,https://youtu.be/yjzvdpdI-6A,,
2023 Glasgow WCH,9/08/2023,R2,2,482.2154875,QUINTERO CHAVARRO Kevin S,,,https://youtu.be/yjzvdpdI-6A,,
2023 Glasgow WCH,9/08/2023,R2,2,488.1154875,GLAETZER Matthew,,,https://youtu.be/yjzvdpdI-6A,,
2023 Glasgow WCH,9/08/2023,R2,2,488.2754875,LAVREYSEN Harrie,,,https://youtu.be/yjzvdpdI-6A,,
2023 Glasgow WCH,9/08/2023,R2,2,488.2954875,TURNBULL Hamish,,,https://youtu.be/yjzvdpdI-6A,,
2023 Glasgow WCH,9/08/2023,R2,2,488.3954875,VIGIER Sebastien,,,https://youtu.be/yjzvdpdI-6A,,
2023 Glasgow WCH,9/08/2023,R2,2,488.4354875,QUINTERO CHAVARRO Kevin S,,,https://youtu.be/yjzvdpdI-6A,,
2023 Glasgow WCH,9/08/2023,R2,2,488.5154875,JURCZYK Marc,,,https://youtu.be/yjzvdpdI-6A,,
2023 Glasgow WCH,9/08/2023,R2,2,494.2354875,LAVREYSEN Harrie,,,https://youtu.be/yjzvdpdI-6A,,
2023 Glasgow WCH,9/08/2023,R2,2,494.2554875,GLAETZER Matthew,,,https://youtu.be/yjzvdpdI-6A,,
2023 Glasgow WCH,9/08/2023,R2,2,494.3554875,QUINTERO CHAVARRO Kevin S,,,https://youtu.be/yjzvdpdI-6A,,
2023 Glasgow WCH,9/08/2023,R2,2,494.3754875,TURNBULL Hamish,,,https://youtu.be/yjzvdpdI-6A,,
2023 Glasgow WCH,9/08/2023,R2,2,494.4754875,VIGIER Sebastien,,,https://youtu.be/yjzvdpdI-6A,,
2023 Glasgow WCH,9/08/2023,R2,2,494.6754875,JURCZYK Marc,,,https://youtu.be/yjzvdpdI-6A,,
2023 Glasgow WCH,9/08/2023,R2,2,500.3354875,LAVREYSEN Harrie,,,https://youtu.be/yjzvdpdI-6A,,
2023 Glasgow WCH,9/08/2023,R2,2,500.3954875,GLAETZER Matthew,,,https://youtu.be/yjzvdpdI-6A,,
2023 Glasgow WCH,9/08/2023,R2,2,500.4154875,QUINTERO CHAVARRO Kevin S,,,https://youtu.be/yjzvdpdI-6A,,
2023 Glasgow WCH,9/08/2023,R2,2,500.4954875,TURNBULL Hamish,,,https://youtu.be/yjzvdpdI-6A,,
2023 Glasgow WCH,9/08/2023,R2,2,500.6154875,VIGIER Sebastien,,,https://youtu.be/yjzvdpdI-6A,,
2023 Glasgow WCH,9/08/2023,R2,2,500.7754875,JURCZYK Marc,,,https://youtu.be/yjzvdpdI-6A,,
2023 Glasgow WCH,9/08/2023,R2,2,506.4954875,LAVREYSEN Harrie,,,https://youtu.be/yjzvdpdI-6A,,
2023 Glasgow WCH,9/08/2023,R2,2,506.5354875,QUINTERO CHAVARRO Kevin S,,,https://youtu.be/yjzvdpdI-6A,,
2023 Glasgow WCH,9/08/2023,R2,2,506.6754875,GLAETZER Matthew,,,https://youtu.be/yjzvdpdI-6A,,
2023 Glasgow WCH,9/08/2023,R2,2,506.6954875,TURNBULL Hamish,,,https://youtu.be/yjzvdpdI-6A,,
2023 Glasgow WCH,9/08/2023,R2,2,506.8154875,VIGIER Sebastien,,,https://youtu.be/yjzvdpdI-6A,,
2023 Glasgow WCH,9/08/2023,R2,2,506.9154875,JURCZYK Marc,,,https://youtu.be/yjzvdpdI-6A,,
2023 Glasgow WCH,9/08/2023,R2,3,595.9554875,DAKIN Sam,HOOGLAND Jeffrey,HOOGLAND Jeffrey,https://youtu.be/AGGUmUxqT9E,,
2023 Glasgow WCH,9/08/2023,R2,3,595.9954875,AWANG Mohd Azizulhasni,DORNBACH Maximilian,NAKANO Shinji,https://youtu.be/AGGUmUxqT9E,,
2023 Glasgow WCH,9/08/2023,R2,3,595.9954875,DORNBACH Maximilian,NAKANO Shinji,CORNISH Thomas,https://youtu.be/AGGUmUxqT9E,,
2023 Glasgow WCH,9/08/2023,R2,3,596.0154875,HOOGLAND Jeffrey,DAKIN Sam,AWANG Mohd Azizulhasni,https://youtu.be/AGGUmUxqT9E,,
2023 Glasgow WCH,9/08/2023,R2,3,596.1754875,NAKANO Shinji,AWANG Mohd Azizulhasni,DAKIN Sam,https://youtu.be/AGGUmUxqT9E,,
2023 Glasgow WCH,9/08/2023,R2,3,596.3954875,CORNISH Thomas,CORNISH Thomas,DORNBACH Maximilian,https://youtu.be/AGGUmUxqT9E,,
2023 Glasgow WCH,9/08/2023,R2,3,603.1354875,AWANG Mohd Azizulhasni,,,https://youtu.be/AGGUmUxqT9E,,
2023 Glasgow WCH,9/08/2023,R2,3,603.2154875,DAKIN Sam,,,https://youtu.be/AGGUmUxqT9E,,
2023 Glasgow WCH,9/08/2023,R2,3,603.3354875,DORNBACH Maximilian,,,https://youtu.be/AGGUmUxqT9E,,
2023 Glasgow WCH,9/08/2023,R2,3,603.4954875,HOOGLAND Jeffrey,,,https://youtu.be/AGGUmUxqT9E,,
2023 Glasgow WCH,9/08/2023,R2,3,603.7154875,NAKANO Shinji,,,https://youtu.be/AGGUmUxqT9E,,
2023 Glasgow WCH,9/08/2023,R2,3,603.8354875,CORNISH Thomas,,,https://youtu.be/AGGUmUxqT9E,,
2023 Glasgow WCH,9/08/2023,R2,3,609.7154875,AWANG Mohd Azizulhasni,,,https://youtu.be/AGGUmUxqT9E,,
2023 Glasgow WCH,9/08/2023,R2,3,609.8754875,DAKIN Sam,,,https://youtu.be/AGGUmUxqT9E,,
2023 Glasgow WCH,9/08/2023,R2,3,609.9354875,DORNBACH Maximilian,,,https://youtu.be/AGGUmUxqT9E,,
2023 Glasgow WCH,9/08/2023,R2,3,610.0554875,HOOGLAND Jeffrey,,,https://youtu.be/AGGUmUxqT9E,,
2023 Glasgow WCH,9/08/2023,R2,3,610.1754875,NAKANO Shinji,,,https://youtu.be/AGGUmUxqT9E,,
2023 Glasgow WCH,9/08/2023,R2,3,610.2954875,CORNISH Thomas,,,https://youtu.be/AGGUmUxqT9E,,
2023 Glasgow WCH,9/08/2023,R2,3,616.3154875,AWANG Mohd Azizulhasni,,,https://youtu.be/AGGUmUxqT9E,,
2023 Glasgow WCH,9/08/2023,R2,3,616.3354875,DAKIN Sam,,,https://youtu.be/AGGUmUxqT9E,,
2023 Glasgow WCH,9/08/2023,R2,3,616.3554875,DORNBACH Maximilian,,,https://youtu.be/AGGUmUxqT9E,,
2023 Glasgow WCH,9/08/2023,R2,3,616.4754875,HOOGLAND Jeffrey,,,https://youtu.be/AGGUmUxqT9E,,
2023 Glasgow WCH,9/08/2023,R2,3,616.5754875,NAKANO Shinji,,,https://youtu.be/AGGUmUxqT9E,,
2023 Glasgow WCH,9/08/2023,R2,3,616.6754875,CORNISH Thomas,,,https://youtu.be/AGGUmUxqT9E,,
2023 Glasgow WCH,9/08/2023,R2,3,622.7154875,AWANG Mohd Azizulhasni,,,https://youtu.be/AGGUmUxqT9E,,
2023 Glasgow WCH,9/08/2023,R2,3,622.7154875,DAKIN Sam,,,https://youtu.be/AGGUmUxqT9E,,
2023 Glasgow WCH,9/08/2023,R2,3,622.8154875,HOOGLAND Jeffrey,,,https://youtu.be/AGGUmUxqT9E,,
2023 Glasgow WCH,9/08/2023,R2,3,622.8154875,DORNBACH Maximilian,,,https://youtu.be/AGGUmUxqT9E,,
2023 Glasgow WCH,9/08/2023,R2,3,622.9154875,NAKANO Shinji,,,https://youtu.be/AGGUmUxqT9E,,
2023 Glasgow WCH,9/08/2023,R2,3,623.0154875,CORNISH Thomas,,,https://youtu.be/AGGUmUxqT9E,,
2023 Glasgow WCH,9/08/2023,R2,3,629.1554875,AWANG Mohd Azizulhasni,,,https://youtu.be/AGGUmUxqT9E,,
2023 Glasgow WCH,9/08/2023,R2,3,629.1754875,DAKIN Sam,,,https://youtu.be/AGGUmUxqT9E,,
2023 Glasgow WCH,9/08/2023,R2,3,629.2154875,HOOGLAND Jeffrey,,,https://youtu.be/AGGUmUxqT9E,,
2023 Glasgow WCH,9/08/2023,R2,3,629.3354875,NAKANO Shinji,,,https://youtu.be/AGGUmUxqT9E,,
2023 Glasgow WCH,9/08/2023,R2,3,629.4354875,CORNISH Thomas,,,https://youtu.be/AGGUmUxqT9E,,
2023 Glasgow WCH,9/08/2023,R2,3,629.4754875,DORNBACH Maximilian,,,https://youtu.be/AGGUmUxqT9E,,
2023 Glasgow WCH,9/08/2023,R2,3,635.5954875,HOOGLAND Jeffrey,,,https://youtu.be/AGGUmUxqT9E,,
2023 Glasgow WCH,9/08/2023,R2,3,635.6354875,NAKANO Shinji,,,https://youtu.be/AGGUmUxqT9E,,
2023 Glasgow WCH,9/08/2023,R2,3,635.7554875,AWANG Mohd Azizulhasni,,,https://youtu.be/AGGUmUxqT9E,,
2023 Glasgow WCH,9/08/2023,R2,3,635.7754875,CORNISH Thomas,,,https://youtu.be/AGGUmUxqT9E,,
2023 Glasgow WCH,9/08/2023,R2,3,635.8554875,DAKIN Sam,,,https://youtu.be/AGGUmUxqT9E,,
2023 Glasgow WCH,9/08/2023,R2,3,636.4554875,DORNBACH Maximilian,,,https://youtu.be/AGGUmUxqT9E,,
2023 Glasgow WCH,9/08/2023,R3,1,1869.087154,QUINTERO CHAVARRO Kevin S,QUINTERO CHAVARRO Kevin S,QUINTERO CHAVARRO Kevin S,vhttps://youtu.be/XAuesZfGETs,,
2023 Glasgow WCH,9/08/2023,R3,1,1869.167154,CARLIN Jack,LAVREYSEN Harrie,CARLIN Jack,https://youtu.be/XAuesZfGETs,,
2023 Glasgow WCH,9/08/2023,R3,1,1869.207154,LAVREYSEN Harrie,CARLIN Jack,LAVREYSEN Harrie,vhttps://youtu.be/XAuesZfGETs,,
2023 Glasgow WCH,9/08/2023,R3,1,1869.307154,AWANG Mohd Azizulhasni,CORNISH Thomas,AWANG Mohd Azizulhasni,https://youtu.be/XAuesZfGETs,,
2023 Glasgow WCH,9/08/2023,R3,1,1869.367154,CORNISH Thomas,AWANG Mohd Azizulhasni,OTA Kaiya,vhttps://youtu.be/XAuesZfGETs,,
2023 Glasgow WCH,9/08/2023,R3,1,1869.447154,OTA Kaiya,OTA Kaiya,CORNISH Thomas,https://youtu.be/XAuesZfGETs,,
2023 Glasgow WCH,9/08/2023,R3,1,1876.847154,CARLIN Jack,,,vhttps://youtu.be/XAuesZfGETs,,
2023 Glasgow WCH,9/08/2023,R3,1,1876.867154,OTA Kaiya,,,https://youtu.be/XAuesZfGETs,,
2023 Glasgow WCH,9/08/2023,R3,1,1876.887154,AWANG Mohd Azizulhasni,,,vhttps://youtu.be/XAuesZfGETs,,
2023 Glasgow WCH,9/08/2023,R3,1,1876.987154,QUINTERO CHAVARRO Kevin S,,,https://youtu.be/XAuesZfGETs,,
2023 Glasgow WCH,9/08/2023,R3,1,1877.067154,LAVREYSEN Harrie,,,vhttps://youtu.be/XAuesZfGETs,,
2023 Glasgow WCH,9/08/2023,R3,1,1877.187154,CORNISH Thomas,,,https://youtu.be/XAuesZfGETs,,
2023 Glasgow WCH,9/08/2023,R3,1,1883.427154,OTA Kaiya,,,vhttps://youtu.be/XAuesZfGETs,,
2023 Glasgow WCH,9/08/2023,R3,1,1883.587154,CARLIN Jack,,,https://youtu.be/XAuesZfGETs,,
2023 Glasgow WCH,9/08/2023,R3,1,1883.707154,AWANG Mohd Azizulhasni,,,vhttps://youtu.be/XAuesZfGETs,,
2023 Glasgow WCH,9/08/2023,R3,1,1883.867154,QUINTERO CHAVARRO Kevin S,,,https://youtu.be/XAuesZfGETs,,
2023 Glasgow WCH,9/08/2023,R3,1,1884.027154,LAVREYSEN Harrie,,,vhttps://youtu.be/XAuesZfGETs,,
2023 Glasgow WCH,9/08/2023,R3,1,1884.127154,CORNISH Thomas,,,https://youtu.be/XAuesZfGETs,,
2023 Glasgow WCH,9/08/2023,R3,1,1889.847154,OTA Kaiya,,,vhttps://youtu.be/XAuesZfGETs,,
2023 Glasgow WCH,9/08/2023,R3,1,1890.007154,CARLIN Jack,,,https://youtu.be/XAuesZfGETs,,
2023 Glasgow WCH,9/08/2023,R3,1,1890.167154,AWANG Mohd Azizulhasni,,,vhttps://youtu.be/XAuesZfGETs,,
2023 Glasgow WCH,9/08/2023,R3,1,1890.227154,QUINTERO CHAVARRO Kevin S,,,https://youtu.be/XAuesZfGETs,,
2023 Glasgow WCH,9/08/2023,R3,1,1890.267154,LAVREYSEN Harrie,,,vhttps://youtu.be/XAuesZfGETs,,
2023 Glasgow WCH,9/08/2023,R3,1,1890.407154,CORNISH Thomas,,,https://youtu.be/XAuesZfGETs,,
2023 Glasgow WCH,9/08/2023,R3,1,1896.027154,OTA Kaiya,,,vhttps://youtu.be/XAuesZfGETs,,
2023 Glasgow WCH,9/08/2023,R3,1,1896.167154,CARLIN Jack,,,https://youtu.be/XAuesZfGETs,,
2023 Glasgow WCH,9/08/2023,R3,1,1896.307154,QUINTERO CHAVARRO Kevin S,,,vhttps://youtu.be/XAuesZfGETs,,
2023 Glasgow WCH,9/08/2023,R3,1,1896.327154,LAVREYSEN Harrie,,,https://youtu.be/XAuesZfGETs,,
2023 Glasgow WCH,9/08/2023,R3,1,1896.347154,AWANG Mohd Azizulhasni,,,vhttps://youtu.be/XAuesZfGETs,,
2023 Glasgow WCH,9/08/2023,R3,1,1896.467154,CORNISH Thomas,,,https://youtu.be/XAuesZfGETs,,
2023 Glasgow WCH,9/08/2023,R3,1,1902.267154,OTA Kaiya,,,vhttps://youtu.be/XAuesZfGETs,,
2023 Glasgow WCH,9/08/2023,R3,1,1902.307154,CARLIN Jack,,,https://youtu.be/XAuesZfGETs,,
2023 Glasgow WCH,9/08/2023,R3,1,1902.347154,QUINTERO CHAVARRO Kevin S,,,vhttps://youtu.be/XAuesZfGETs,,
2023 Glasgow WCH,9/08/2023,R3,1,1902.427154,LAVREYSEN Harrie,,,https://youtu.be/XAuesZfGETs,,
2023 Glasgow WCH,9/08/2023,R3,1,1902.447154,AWANG Mohd Azizulhasni,,,vhttps://youtu.be/XAuesZfGETs,,
2023 Glasgow WCH,9/08/2023,R3,1,1902.547154,CORNISH Thomas,,,https://youtu.be/XAuesZfGETs,,
2023 Glasgow WCH,9/08/2023,R3,1,1908.667154,CARLIN Jack,,,vhttps://youtu.be/XAuesZfGETs,,
2023 Glasgow WCH,9/08/2023,R3,1,1908.687154,QUINTERO CHAVARRO Kevin S,,,https://youtu.be/XAuesZfGETs,,
2023 Glasgow WCH,9/08/2023,R3,1,1908.767154,AWANG Mohd Azizulhasni,,,vhttps://youtu.be/XAuesZfGETs,,
2023 Glasgow WCH,9/08/2023,R3,1,1908.767154,LAVREYSEN Harrie,,,https://youtu.be/XAuesZfGETs,,
2023 Glasgow WCH,9/08/2023,R3,1,1908.787154,OTA Kaiya,,,vhttps://youtu.be/XAuesZfGETs,,
2023 Glasgow WCH,9/08/2023,R3,1,1908.907154,CORNISH Thomas,,,https://youtu.be/XAuesZfGETs,,
2023 Glasgow WCH,9/08/2023,R3,2,1995.882154,GLAETZER Matthew,GLAETZER Matthew,RICHARDSON Matthew,https://youtu.be/9qCIefx_304,,
2023 Glasgow WCH,9/08/2023,R3,2,1995.922154,RICHARDSON Matthew,YAKOVLEV Mikhail,NAKANO Shinji,https://youtu.be/9qCIefx_304,,
2023 Glasgow WCH,9/08/2023,R3,2,1996.062154,YAKOVLEV Mikhail,NAKANO Shinji,HOOGLAND Jeffrey,https://youtu.be/9qCIefx_304,,
2023 Glasgow WCH,9/08/2023,R3,2,1996.082154,TURNBULL Hamish,TURNBULL Hamish,GLAETZER Matthew,https://youtu.be/9qCIefx_304,,
2023 Glasgow WCH,9/08/2023,R3,2,1996.222154,HOOGLAND Jeffrey,HOOGLAND Jeffrey,YAKOVLEV Mikhail,https://youtu.be/9qCIefx_304,,
2023 Glasgow WCH,9/08/2023,R3,2,1996.262154,NAKANO Shinji,RICHARDSON Matthew,TURNBULL Hamish,https://youtu.be/9qCIefx_304,,
2023 Glasgow WCH,9/08/2023,R3,2,2003.582154,RICHARDSON Matthew,,,https://youtu.be/9qCIefx_304,,
2023 Glasgow WCH,9/08/2023,R3,2,2003.702154,GLAETZER Matthew,,,https://youtu.be/9qCIefx_304,,
2023 Glasgow WCH,9/08/2023,R3,2,2003.722154,TURNBULL Hamish,,,https://youtu.be/9qCIefx_304,,
2023 Glasgow WCH,9/08/2023,R3,2,2003.822154,YAKOVLEV Mikhail,,,https://youtu.be/9qCIefx_304,,
2023 Glasgow WCH,9/08/2023,R3,2,2003.902154,HOOGLAND Jeffrey,,,https://youtu.be/9qCIefx_304,,
2023 Glasgow WCH,9/08/2023,R3,2,2004.082154,NAKANO Shinji,,,https://youtu.be/9qCIefx_304,,
2023 Glasgow WCH,9/08/2023,R3,2,2010.482154,TURNBULL Hamish,,,https://youtu.be/9qCIefx_304,,
2023 Glasgow WCH,9/08/2023,R3,2,2010.622154,RICHARDSON Matthew,,,https://youtu.be/9qCIefx_304,,
2023 Glasgow WCH,9/08/2023,R3,2,2010.762154,GLAETZER Matthew,,,https://youtu.be/9qCIefx_304,,
2023 Glasgow WCH,9/08/2023,R3,2,2010.842154,HOOGLAND Jeffrey,,,https://youtu.be/9qCIefx_304,,
2023 Glasgow WCH,9/08/2023,R3,2,2010.862154,YAKOVLEV Mikhail,,,https://youtu.be/9qCIefx_304,,
2023 Glasgow WCH,9/08/2023,R3,2,2010.862154,NAKANO Shinji,,,https://youtu.be/9qCIefx_304,,
2023 Glasgow WCH,9/08/2023,R3,2,2017.162154,TURNBULL Hamish,,,https://youtu.be/9qCIefx_304,,
2023 Glasgow WCH,9/08/2023,R3,2,2017.182154,RICHARDSON Matthew,,,https://youtu.be/9qCIefx_304,,
2023 Glasgow WCH,9/08/2023,R3,2,2017.182154,NAKANO Shinji,,,https://youtu.be/9qCIefx_304,,
2023 Glasgow WCH,9/08/2023,R3,2,2017.242154,GLAETZER Matthew,,,https://youtu.be/9qCIefx_304,,
2023 Glasgow WCH,9/08/2023,R3,2,2017.282154,HOOGLAND Jeffrey,,,https://youtu.be/9qCIefx_304,,
2023 Glasgow WCH,9/08/2023,R3,2,2017.442154,YAKOVLEV Mikhail,,,https://youtu.be/9qCIefx_304,,
2023 Glasgow WCH,9/08/2023,R3,2,2023.322154,NAKANO Shinji,,,https://youtu.be/9qCIefx_304,,
2023 Glasgow WCH,9/08/2023,R3,2,2023.362154,RICHARDSON Matthew,,,https://youtu.be/9qCIefx_304,,
2023 Glasgow WCH,9/08/2023,R3,2,2023.402154,HOOGLAND Jeffrey,,,https://youtu.be/9qCIefx_304,,
2023 Glasgow WCH,9/08/2023,R3,2,2023.602154,TURNBULL Hamish,,,https://youtu.be/9qCIefx_304,,
2023 Glasgow WCH,9/08/2023,R3,2,2023.622154,GLAETZER Matthew,,,https://youtu.be/9qCIefx_304,,
2023 Glasgow WCH,9/08/2023,R3,2,2023.742154,YAKOVLEV Mikhail,,,https://youtu.be/9qCIefx_304,,
2023 Glasgow WCH,9/08/2023,R3,2,2029.502154,RICHARDSON Matthew,,,https://youtu.be/9qCIefx_304,,
2023 Glasgow WCH,9/08/2023,R3,2,2029.582154,NAKANO Shinji,,,https://youtu.be/9qCIefx_304,,
2023 Glasgow WCH,9/08/2023,R3,2,2029.642154,HOOGLAND Jeffrey,,,https://youtu.be/9qCIefx_304,,
2023 Glasgow WCH,9/08/2023,R3,2,2029.742154,GLAETZER Matthew,,,https://youtu.be/9qCIefx_304,,
2023 Glasgow WCH,9/08/2023,R3,2,2029.822154,TURNBULL Hamish,,,https://youtu.be/9qCIefx_304,,
2023 Glasgow WCH,9/08/2023,R3,2,2029.862154,YAKOVLEV Mikhail,,,https://youtu.be/9qCIefx_304,,
2023 Glasgow WCH,9/08/2023,R3,2,2035.802154,RICHARDSON Matthew,,,https://youtu.be/9qCIefx_304,,
2023 Glasgow WCH,9/08/2023,R3,2,2035.902154,NAKANO Shinji,,,https://youtu.be/9qCIefx_304,,
2023 Glasgow WCH,9/08/2023,R3,2,2035.962154,HOOGLAND Jeffrey,,,https://youtu.be/9qCIefx_304,,
2023 Glasgow WCH,9/08/2023,R3,2,2036.022154,GLAETZER Matthew,,,https://youtu.be/9qCIefx_304,,
2023 Glasgow WCH,9/08/2023,R3,2,2036.122154,YAKOVLEV Mikhail,,,https://youtu.be/9qCIefx_304,,
2023 Glasgow WCH,9/08/2023,R3,2,2036.322154,TURNBULL Hamish,,,https://youtu.be/9qCIefx_304,,
2023 Glasgow WCH,9/08/2023,Final,1,80.84833333,GLAETZER Matthew,GLAETZER Matthew,GLAETZER Matthew,https://youtu.be/zARosBJ8cFc,,
2023 Glasgow WCH,9/08/2023,Final,1,81.04833333,YAKOVLEV Mikhail,YAKOVLEV Mikhail,OTA Kaiya,https://youtu.be/zARosBJ8cFc,,
2023 Glasgow WCH,9/08/2023,Final,1,81.32833333,OTA Kaiya,OTA Kaiya,AWANG Mohd Azizulhasni,https://youtu.be/zARosBJ8cFc,,
2023 Glasgow WCH,9/08/2023,Final,1,81.40833333,CORNISH Thomas,TURNBULL Hamish,CORNISH Thomas,https://youtu.be/zARosBJ8cFc,,
2023 Glasgow WCH,9/08/2023,Final,1,81.42833333,TURNBULL Hamish,AWANG Mohd Azizulhasni,YAKOVLEV Mikhail,https://youtu.be/zARosBJ8cFc,,
2023 Glasgow WCH,9/08/2023,Final,1,81.60833333,AWANG Mohd Azizulhasni,CORNISH Thomas,TURNBULL Hamish,https://youtu.be/zARosBJ8cFc,,
2023 Glasgow WCH,9/08/2023,Final,1,88.48833333,CORNISH Thomas,,,https://youtu.be/zARosBJ8cFc,,
2023 Glasgow WCH,9/08/2023,Final,1,88.60833333,GLAETZER Matthew,,,https://youtu.be/zARosBJ8cFc,,
2023 Glasgow WCH,9/08/2023,Final,1,88.76833333,YAKOVLEV Mikhail,,,https://youtu.be/zARosBJ8cFc,,
2023 Glasgow WCH,9/08/2023,Final,1,88.88833333,TURNBULL Hamish,,,https://youtu.be/zARosBJ8cFc,,
2023 Glasgow WCH,9/08/2023,Final,1,89.02833333,OTA Kaiya,,,https://youtu.be/zARosBJ8cFc,,
2023 Glasgow WCH,9/08/2023,Final,1,89.12833333,AWANG Mohd Azizulhasni,,,https://youtu.be/zARosBJ8cFc,,
2023 Glasgow WCH,9/08/2023,Final,1,95.40833333,CORNISH Thomas,,,https://youtu.be/zARosBJ8cFc,,
2023 Glasgow WCH,9/08/2023,Final,1,95.54833333,GLAETZER Matthew,,,https://youtu.be/zARosBJ8cFc,,
2023 Glasgow WCH,9/08/2023,Final,1,95.62833333,YAKOVLEV Mikhail,,,https://youtu.be/zARosBJ8cFc,,
2023 Glasgow WCH,9/08/2023,Final,1,95.70833333,OTA Kaiya,,,https://youtu.be/zARosBJ8cFc,,
2023 Glasgow WCH,9/08/2023,Final,1,95.76833333,TURNBULL Hamish,,,https://youtu.be/zARosBJ8cFc,,
2023 Glasgow WCH,9/08/2023,Final,1,95.80833333,AWANG Mohd Azizulhasni,,,https://youtu.be/zARosBJ8cFc,,
2023 Glasgow WCH,9/08/2023,Final,1,102.0883333,GLAETZER Matthew,,,https://youtu.be/zARosBJ8cFc,,-0.302
2023 Glasgow WCH,9/08/2023,Final,1,102.1683333,CORNISH Thomas,,,https://youtu.be/zARosBJ8cFc,,
2023 Glasgow WCH,9/08/2023,Final,1,102.1883333,OTA Kaiya,,,https://youtu.be/zARosBJ8cFc,,
2023 Glasgow WCH,9/08/2023,Final,1,102.2883333,AWANG Mohd Azizulhasni,,,https://youtu.be/zARosBJ8cFc,,
2023 Glasgow WCH,9/08/2023,Final,1,102.3283333,YAKOVLEV Mikhail,,,https://youtu.be/zARosBJ8cFc,,
2023 Glasgow WCH,9/08/2023,Final,1,102.4483333,TURNBULL Hamish,,,https://youtu.be/zARosBJ8cFc,,
2023 Glasgow WCH,9/08/2023,Final,1,108.2483333,GLAETZER Matthew,,,https://youtu.be/zARosBJ8cFc,,
2023 Glasgow WCH,9/08/2023,Final,1,108.3683333,OTA Kaiya,,,https://youtu.be/zARosBJ8cFc,,
2023 Glasgow WCH,9/08/2023,Final,1,108.4683333,AWANG Mohd Azizulhasni,,,https://youtu.be/zARosBJ8cFc,,
2023 Glasgow WCH,9/08/2023,Final,1,108.5283333,CORNISH Thomas,,,https://youtu.be/zARosBJ8cFc,,
2023 Glasgow WCH,9/08/2023,Final,1,108.6283333,YAKOVLEV Mikhail,,,https://youtu.be/zARosBJ8cFc,,
2023 Glasgow WCH,9/08/2023,Final,1,108.7483333,TURNBULL Hamish,,,https://youtu.be/zARosBJ8cFc,,
2023 Glasgow WCH,9/08/2023,Final,1,114.4083333,GLAETZER Matthew,,,https://youtu.be/zARosBJ8cFc,,
2023 Glasgow WCH,9/08/2023,Final,1,114.5283333,OTA Kaiya,,,https://youtu.be/zARosBJ8cFc,,
2023 Glasgow WCH,9/08/2023,Final,1,114.6683333,AWANG Mohd Azizulhasni,,,https://youtu.be/zARosBJ8cFc,,
2023 Glasgow WCH,9/08/2023,Final,1,114.8283333,CORNISH Thomas,,,https://youtu.be/zARosBJ8cFc,,
2023 Glasgow WCH,9/08/2023,Final,1,114.8683333,YAKOVLEV Mikhail,,,https://youtu.be/zARosBJ8cFc,,
2023 Glasgow WCH,9/08/2023,Final,1,114.9683333,TURNBULL Hamish,,,https://youtu.be/zARosBJ8cFc,,
2023 Glasgow WCH,9/08/2023,Final,1,120.6883333,GLAETZER Matthew,,,https://youtu.be/zARosBJ8cFc,,
2023 Glasgow WCH,9/08/2023,Final,1,120.7283333,OTA Kaiya,,,https://youtu.be/zARosBJ8cFc,,
2023 Glasgow WCH,9/08/2023,Final,1,120.7883333,AWANG Mohd Azizulhasni,,,https://youtu.be/zARosBJ8cFc,,
2023 Glasgow WCH,9/08/2023,Final,1,121.0683333,CORNISH Thomas,,,https://youtu.be/zARosBJ8cFc,,
2023 Glasgow WCH,9/08/2023,Final,1,121.1083333,YAKOVLEV Mikhail,,,https://youtu.be/zARosBJ8cFc,,
2023 Glasgow WCH,9/08/2023,Final,1,121.2483333,TURNBULL Hamish,,,https://youtu.be/zARosBJ8cFc,,
2023 Glasgow WCH,9/08/2023,Final,2,215.23,CARLIN Jack,HOOGLAND Jeffrey,QUINTERO CHAVARRO Kevin S,https://youtu.be/wwWYfL4OvE4,,
2023 Glasgow WCH,9/08/2023,Final,2,215.23,RICHARDSON Matthew,NAKANO Shinji,RICHARDSON Matthew,https://youtu.be/wwWYfL4OvE4,,
2023 Glasgow WCH,9/08/2023,Final,2,215.35,HOOGLAND Jeffrey,QUINTERO CHAVARRO Kevin S,NAKANO Shinji,https://youtu.be/wwWYfL4OvE4,,
2023 Glasgow WCH,9/08/2023,Final,2,215.49,NAKANO Shinji,LAVREYSEN Harrie,LAVREYSEN Harrie,https://youtu.be/wwWYfL4OvE4,,
2023 Glasgow WCH,9/08/2023,Final,2,215.65,QUINTERO CHAVARRO Kevin S,RICHARDSON Matthew,CARLIN Jack,https://youtu.be/wwWYfL4OvE4,,
2023 Glasgow WCH,9/08/2023,Final,2,215.91,LAVREYSEN Harrie,CARLIN Jack,HOOGLAND Jeffrey,https://youtu.be/wwWYfL4OvE4,,
2023 Glasgow WCH,9/08/2023,Final,2,222.99,CARLIN Jack,,,https://youtu.be/wwWYfL4OvE4,,
2023 Glasgow WCH,9/08/2023,Final,2,223.05,RICHARDSON Matthew,,,https://youtu.be/wwWYfL4OvE4,,
2023 Glasgow WCH,9/08/2023,Final,2,223.09,LAVREYSEN Harrie,,,https://youtu.be/wwWYfL4OvE4,,
2023 Glasgow WCH,9/08/2023,Final,2,223.17,HOOGLAND Jeffrey,,,https://youtu.be/wwWYfL4OvE4,,
2023 Glasgow WCH,9/08/2023,Final,2,223.27,NAKANO Shinji,,,https://youtu.be/wwWYfL4OvE4,,
2023 Glasgow WCH,9/08/2023,Final,2,223.41,QUINTERO CHAVARRO Kevin S,,,https://youtu.be/wwWYfL4OvE4,,
2023 Glasgow WCH,9/08/2023,Final,2,229.37,LAVREYSEN Harrie,,,https://youtu.be/wwWYfL4OvE4,,
2023 Glasgow WCH,9/08/2023,Final,2,229.49,RICHARDSON Matthew,,,https://youtu.be/wwWYfL4OvE4,,
2023 Glasgow WCH,9/08/2023,Final,2,229.57,CARLIN Jack,,,https://youtu.be/wwWYfL4OvE4,,
2023 Glasgow WCH,9/08/2023,Final,2,229.61,HOOGLAND Jeffrey,,,https://youtu.be/wwWYfL4OvE4,,
2023 Glasgow WCH,9/08/2023,Final,2,229.77,NAKANO Shinji,,,https://youtu.be/wwWYfL4OvE4,,
2023 Glasgow WCH,9/08/2023,Final,2,229.95,QUINTERO CHAVARRO Kevin S,,,https://youtu.be/wwWYfL4OvE4,,
2023 Glasgow WCH,9/08/2023,Final,2,235.43,LAVREYSEN Harrie,,,https://youtu.be/wwWYfL4OvE4,,
2023 Glasgow WCH,9/08/2023,Final,2,235.57,RICHARDSON Matthew,,,https://youtu.be/wwWYfL4OvE4,,
2023 Glasgow WCH,9/08/2023,Final,2,235.65,HOOGLAND Jeffrey,,,https://youtu.be/wwWYfL4OvE4,,
2023 Glasgow WCH,9/08/2023,Final,2,235.69,CARLIN Jack,,,https://youtu.be/wwWYfL4OvE4,,
2023 Glasgow WCH,9/08/2023,Final,2,235.77,NAKANO Shinji,,,https://youtu.be/wwWYfL4OvE4,,
2023 Glasgow WCH,9/08/2023,Final,2,235.85,QUINTERO CHAVARRO Kevin S,,,https://youtu.be/wwWYfL4OvE4,,
2023 Glasgow WCH,9/08/2023,Final,2,241.67,LAVREYSEN Harrie,,,https://youtu.be/wwWYfL4OvE4,,
2023 Glasgow WCH,9/08/2023,Final,2,241.77,RICHARDSON Matthew,,,https://youtu.be/wwWYfL4OvE4,,
2023 Glasgow WCH,9/08/2023,Final,2,241.79,HOOGLAND Jeffrey,,,https://youtu.be/wwWYfL4OvE4,,
2023 Glasgow WCH,9/08/2023,Final,2,241.81,QUINTERO CHAVARRO Kevin S,,,https://youtu.be/wwWYfL4OvE4,,
2023 Glasgow WCH,9/08/2023,Final,2,241.89,CARLIN Jack,,,https://youtu.be/wwWYfL4OvE4,,
2023 Glasgow WCH,9/08/2023,Final,2,241.95,NAKANO Shinji,,,https://youtu.be/wwWYfL4OvE4,,
2023 Glasgow WCH,9/08/2023,Final,2,247.85,QUINTERO CHAVARRO Kevin S,,,https://youtu.be/wwWYfL4OvE4,,
2023 Glasgow WCH,9/08/2023,Final,2,247.91,LAVREYSEN Harrie,,,https://youtu.be/wwWYfL4OvE4,,
2023 Glasgow WCH,9/08/2023,Final,2,247.97,RICHARDSON Matthew,,,https://youtu.be/wwWYfL4OvE4,,
2023 Glasgow WCH,9/08/2023,Final,2,248.07,NAKANO Shinji,,,https://youtu.be/wwWYfL4OvE4,,
2023 Glasgow WCH,9/08/2023,Final,2,248.09,CARLIN Jack,,,https://youtu.be/wwWYfL4OvE4,,
2023 Glasgow WCH,9/08/2023,Final,2,248.11,HOOGLAND Jeffrey,,,https://youtu.be/wwWYfL4OvE4,,
2023 Glasgow WCH,9/08/2023,Final,2,253.99,QUINTERO CHAVARRO Kevin S,,,https://youtu.be/wwWYfL4OvE4,,
2023 Glasgow WCH,9/08/2023,Final,2,254.23,RICHARDSON Matthew,,,https://youtu.be/wwWYfL4OvE4,,
2023 Glasgow WCH,9/08/2023,Final,2,254.29,NAKANO Shinji,,,https://youtu.be/wwWYfL4OvE4,,
2023 Glasgow WCH,9/08/2023,Final,2,254.29,LAVREYSEN Harrie,,,https://youtu.be/wwWYfL4OvE4,,
2023 Glasgow WCH,9/08/2023,Final,2,254.39,CARLIN Jack,,,https://youtu.be/wwWYfL4OvE4,,
2023 Glasgow WCH,9/08/2023,Final,2,254.55,HOOGLAND Jeffrey,,,https://youtu.be/wwWYfL4OvE4,,
