Time,Speed [km/h],Power [watt],Cadence,Heartrate,Temperature [℃],Altitude [m],L/R Balance(if available) [percentage of right Leg],latitude,longitude
19:49:50,0.0,0.0,0.0,0.0,32.0,0.0,255.0,0,0
19:50:05,0.0,0.0,0.0,0.0,32.0,0.0,255.0,0,0
19:50:46,0.0,0.0,0.0,0.0,32.0,0.0,255.0,0,0
19:56:59,0.0,0.0,0.0,0.0,32.0,0.0,255.0,0,0
19:57:00,0.0,0.0,0.0,0.0,32.0,0.0,255.0,0,0
19:57:01,0.0,0.0,0.0,0.0,32.0,0.0,255.0,0,0
19:57:02,0.0,0.0,0.0,0.0,32.0,0.0,255.0,0,0
19:57:05,0.0,0.0,0.0,0.0,32.0,0.0,255.0,0,0
19:57:06,0.0,0.0,0.0,0.0,32.0,0.0,255.0,0,0
19:57:07,0.0,88.0,42.0,0.0,32.0,0.0,32.0,0,0
19:57:08,0.0,81.0,63.0,0.0,32.0,0.0,34.0,0,0
19:57:09,0.0,80.0,71.0,0.0,32.0,0.0,41.0,0,0
19:57:10,0.0,59.0,73.0,0.0,32.0,0.0,37.0,0,0
19:57:11,0.0,67.0,75.0,0.0,32.0,0.0,49.0,0,0
19:57:12,0.0,67.0,78.0,0.0,32.0,0.0,40.0,0,0
19:57:13,0.0,49.0,79.0,0.0,32.0,0.0,51.0,0,0
19:57:14,0.0,67.0,80.0,0.0,32.0,0.0,58.0,0,0
19:57:15,0.0,60.0,78.0,0.0,32.0,0.0,51.0,0,0
19:57:16,0.0,70.0,80.0,0.0,32.0,0.0,48.0,0,0
19:57:17,0.0,66.0,82.0,0.0,32.0,0.0,56.0,0,0
19:57:18,0.0,68.0,82.0,0.0,32.0,0.0,62.0,0,0
19:57:19,0.0,49.0,82.0,0.0,32.0,0.0,31.0,0,0
19:57:20,0.0,61.0,82.0,0.0,32.0,0.0,50.0,0,0
19:57:21,0.0,62.0,81.0,0.0,32.0,0.0,49.0,0,0
19:57:22,0.0,73.0,82.0,0.0,32.0,0.0,42.0,0,0
19:57:23,0.0,58.0,81.0,0.0,32.0,0.0,38.0,0,0
19:57:24,0.0,52.0,81.0,0.0,32.0,0.0,51.0,0,0
19:57:25,0.0,80.0,83.0,0.0,32.0,0.0,65.0,0,0
19:57:26,0.0,54.0,82.0,0.0,32.0,0.0,51.0,0,0
19:57:27,0.0,48.0,81.0,0.0,32.0,0.0,44.0,0,0
19:57:28,0.0,74.0,82.0,0.0,32.0,0.0,57.0,0,0
19:57:29,0.0,66.0,82.0,0.0,32.0,0.0,36.0,0,0
19:57:30,0.0,67.0,84.0,0.0,32.0,0.0,49.0,0,0
19:57:31,0.0,84.0,85.0,0.0,32.0,0.0,40.0,0,0
19:57:32,0.0,45.0,88.0,0.0,32.0,0.0,50.0,0,0
19:57:33,0.0,65.0,86.0,0.0,32.0,0.0,55.0,0,0
19:57:34,0.0,45.0,86.0,0.0,32.0,0.0,55.0,0,0
19:57:35,0.0,45.0,83.0,0.0,32.0,0.0,48.0,0,0
19:57:36,0.0,61.0,82.0,0.0,32.0,0.0,48.0,0,0
19:57:37,0.0,78.0,84.0,0.0,32.0,0.0,50.0,0,0
19:57:38,0.0,82.0,86.0,0.0,32.0,0.0,25.0,0,0
19:57:39,0.0,95.0,92.0,0.0,32.0,0.0,60.0,0,0
19:57:40,0.0,56.0,89.0,0.0,32.0,0.0,44.0,0,0
19:57:41,0.0,93.0,92.0,0.0,32.0,0.0,50.0,0,0
19:57:42,0.0,66.0,92.0,0.0,32.0,0.0,45.0,0,0
19:57:43,0.0,60.0,91.0,0.0,32.0,0.0,52.0,0,0
19:57:44,0.0,80.0,93.0,0.0,32.0,0.0,48.0,0,0
19:57:45,0.0,60.0,91.0,0.0,32.0,0.0,44.0,0,0
19:57:46,0.0,66.0,92.0,0.0,32.0,0.0,52.0,0,0
19:57:47,0.0,55.0,89.0,0.0,32.0,0.0,41.0,0,0
19:57:48,0.0,75.0,89.0,0.0,32.0,0.0,55.0,0,0
19:57:49,0.0,59.0,90.0,0.0,32.0,0.0,41.0,0,0
19:57:50,0.0,64.0,88.0,0.0,32.0,0.0,38.0,0,0
19:57:51,0.0,74.0,89.0,0.0,32.0,0.0,39.0,0,0
19:57:52,0.0,61.0,88.0,0.0,32.0,0.0,40.0,0,0
19:57:53,0.0,64.0,88.0,0.0,32.0,0.0,39.0,0,0
19:57:54,0.0,67.0,88.0,0.0,32.0,0.0,54.0,0,0
19:57:55,0.0,77.0,88.0,0.0,32.0,0.0,38.0,0,0
19:57:56,0.0,62.0,88.0,0.0,32.0,0.0,52.0,0,0
19:57:57,0.0,60.0,88.0,0.0,32.0,0.0,56.0,0,0
19:57:58,0.0,54.0,86.0,0.0,32.0,0.0,48.0,0,0
19:57:59,0.0,75.0,85.0,0.0,32.0,0.0,32.0,0,0
19:58:00,0.0,72.0,87.0,0.0,32.0,0.0,45.0,0,0
19:58:01,0.0,71.0,89.0,0.0,32.0,0.0,49.0,0,0
19:58:02,0.0,74.0,91.0,0.0,32.0,0.0,52.0,0,0
19:58:03,0.0,67.0,90.0,0.0,32.0,0.0,50.0,0,0
19:58:04,0.0,68.0,90.0,0.0,32.0,0.0,44.0,0,0
19:58:05,0.0,87.0,92.0,0.0,32.0,0.0,51.0,0,0
19:58:06,0.0,72.0,92.0,0.0,32.0,0.0,51.0,0,0
19:58:07,0.0,82.0,94.0,0.0,32.0,0.0,53.0,0,0
19:58:08,0.0,59.0,93.0,0.0,32.0,0.0,50.0,0,0
19:58:09,0.0,53.0,91.0,0.0,32.0,0.0,51.0,0,0
19:58:10,0.0,57.0,89.0,0.0,32.0,0.0,46.0,0,0
19:58:11,0.0,63.0,88.0,0.0,32.0,0.0,45.0,0,0
19:58:12,0.0,65.0,87.0,0.0,32.0,0.0,42.0,0,0
19:58:13,0.0,77.0,89.0,0.0,32.0,0.0,41.0,0,0
19:58:14,0.0,77.0,89.0,0.0,32.0,0.0,36.0,0,0
19:58:15,0.0,109.0,95.0,0.0,32.0,0.0,62.0,0,0
19:58:16,0.0,75.0,95.0,0.0,32.0,0.0,45.0,0,0
19:58:17,0.0,103.0,99.0,0.0,32.0,0.0,55.0,0,0
19:58:18,0.0,54.0,99.0,0.0,32.0,0.0,49.0,0,0
19:58:19,0.0,78.0,97.0,0.0,32.0,0.0,39.0,0,0
19:58:20,0.0,71.0,97.0,0.0,32.0,0.0,41.0,0,0
19:58:21,0.0,83.0,98.0,0.0,32.0,0.0,56.0,0,0
19:58:22,0.0,71.0,97.0,0.0,32.0,0.0,54.0,0,0
19:58:23,0.0,74.0,97.0,0.0,32.0,0.0,64.0,0,0
19:58:24,0.0,53.0,95.0,0.0,32.0,0.0,39.0,0,0
19:58:25,0.0,89.0,95.0,0.0,32.0,0.0,51.0,0,0
19:58:26,0.0,68.0,98.0,0.0,32.0,0.0,56.0,0,0
19:58:27,0.0,61.0,94.0,0.0,32.0,0.0,43.0,0,0
19:58:28,0.0,85.0,95.0,0.0,32.0,0.0,53.0,0,0
19:58:29,0.0,87.0,98.0,0.0,32.0,0.0,50.0,0,0
19:58:30,0.0,62.0,96.0,0.0,32.0,0.0,43.0,0,0
19:58:31,0.0,86.0,97.0,0.0,32.0,0.0,60.0,0,0
19:58:32,0.0,62.0,94.0,0.0,32.0,0.0,50.0,0,0
19:58:33,0.0,67.0,94.0,0.0,32.0,0.0,52.0,0,0
19:58:34,0.0,70.0,93.0,0.0,32.0,0.0,51.0,0,0
19:58:35,0.0,80.0,95.0,0.0,32.0,0.0,56.0,0,0
19:58:36,0.0,59.0,94.0,0.0,32.0,0.0,46.0,0,0
19:58:37,0.0,79.0,93.0,0.0,32.0,0.0,53.0,0,0
19:58:38,0.0,67.0,95.0,0.0,32.0,0.0,52.0,0,0
19:58:39,0.0,64.0,94.0,0.0,32.0,0.0,50.0,0,0
19:58:40,0.0,75.0,93.0,0.0,32.0,0.0,58.0,0,0
19:58:41,0.0,57.0,93.0,0.0,32.0,0.0,44.0,0,0
19:58:42,0.0,72.0,93.0,0.0,32.0,0.0,61.0,0,0
19:58:43,0.0,62.0,93.0,0.0,32.0,0.0,46.0,0,0
19:58:44,0.0,74.0,94.0,0.0,32.0,0.0,48.0,0,0
19:58:45,0.0,65.0,94.0,0.0,32.0,0.0,49.0,0,0
19:58:46,0.0,86.0,94.0,0.0,32.0,0.0,59.0,0,0
19:58:47,0.0,58.0,94.0,0.0,32.0,0.0,52.0,0,0
19:58:48,0.0,74.0,93.0,0.0,32.0,0.0,46.0,0,0
19:58:49,0.0,60.0,92.0,0.0,32.0,0.0,41.0,0,0
19:58:50,0.0,72.0,93.0,0.0,32.0,0.0,50.0,0,0
19:58:51,0.0,73.0,94.0,0.0,32.0,0.0,53.0,0,0
19:58:52,0.0,72.0,93.0,0.0,32.0,0.0,58.0,0,0
19:58:53,0.0,66.0,92.0,0.0,32.0,0.0,47.0,0,0
19:58:54,0.0,80.0,94.0,0.0,32.0,0.0,53.0,0,0
19:58:55,0.0,63.0,92.0,0.0,32.0,0.0,44.0,0,0
19:58:56,0.0,79.0,95.0,0.0,32.0,0.0,44.0,0,0
19:58:57,0.0,59.0,94.0,0.0,32.0,0.0,50.0,0,0
19:58:58,0.0,81.0,94.0,0.0,32.0,0.0,52.0,0,0
19:58:59,0.0,59.0,95.0,0.0,32.0,0.0,52.0,0,0
19:59:00,0.0,66.0,93.0,0.0,32.0,0.0,52.0,0,0
19:59:01,0.0,64.0,92.0,0.0,32.0,0.0,50.0,0,0
19:59:02,0.0,67.0,92.0,0.0,32.0,0.0,47.0,0,0
19:59:03,0.0,67.0,91.0,0.0,32.0,0.0,56.0,0,0
19:59:04,0.0,58.0,90.0,0.0,32.0,0.0,45.0,0,0
19:59:05,0.0,56.0,88.0,0.0,32.0,0.0,43.0,0,0
19:59:06,0.0,76.0,89.0,0.0,32.0,0.0,44.0,0,0
19:59:07,0.0,68.0,91.0,0.0,32.0,0.0,47.0,0,0
19:59:08,0.0,76.0,91.0,0.0,32.0,0.0,48.0,0,0
19:59:09,0.0,85.0,94.0,0.0,32.0,0.0,65.0,0,0
19:59:10,0.0,53.0,94.0,0.0,32.0,0.0,46.0,0,0
19:59:11,0.0,65.0,91.0,0.0,32.0,0.0,43.0,0,0
19:59:12,0.0,85.0,92.0,0.0,32.0,0.0,49.0,0,0
19:59:13,0.0,70.0,91.0,0.0,32.0,0.0,50.0,0,0
19:59:14,0.0,74.0,92.0,0.0,32.0,0.0,43.0,0,0
19:59:15,0.0,68.0,92.0,0.0,32.0,0.0,47.0,0,0
19:59:16,0.0,63.0,91.0,0.0,32.0,0.0,44.0,0,0
19:59:17,0.0,73.0,91.0,0.0,32.0,0.0,43.0,0,0
19:59:18,0.0,79.0,93.0,0.0,32.0,0.0,58.0,0,0
19:59:19,0.0,86.0,94.0,0.0,32.0,0.0,49.0,0,0
19:59:20,0.0,71.0,96.0,0.0,32.0,0.0,45.0,0,0
19:59:21,0.0,53.0,95.0,0.0,32.0,0.0,51.0,0,0
19:59:22,0.0,56.0,92.0,0.0,32.0,0.0,46.0,0,0
19:59:23,0.0,66.0,91.0,0.0,32.0,0.0,50.0,0,0
19:59:24,0.0,82.0,91.0,0.0,32.0,0.0,51.0,0,0
19:59:25,0.0,69.0,95.0,0.0,32.0,0.0,57.0,0,0
19:59:26,0.0,60.0,93.0,0.0,32.0,0.0,54.0,0,0
19:59:27,0.0,83.0,92.0,0.0,32.0,0.0,52.0,0,0
19:59:28,0.0,88.0,97.0,0.0,32.0,0.0,61.0,0,0
19:59:29,0.0,69.0,95.0,0.0,32.0,0.0,48.0,0,0
19:59:30,0.0,79.0,96.0,0.0,32.0,0.0,53.0,0,0
19:59:31,0.0,42.0,93.0,0.0,32.0,0.0,63.0,0,0
19:59:32,0.0,7.0,82.0,0.0,32.0,0.0,69.0,0,0
19:59:33,0.0,19.0,73.0,0.0,32.0,0.0,10.0,0,0
19:59:34,0.0,40.0,69.0,0.0,32.0,0.0,34.0,0,0
19:59:35,0.0,60.0,68.0,0.0,32.0,0.0,28.0,0,0
19:59:36,0.0,21.0,67.0,0.0,32.0,0.0,38.0,0,0
19:59:37,0.0,43.0,64.0,0.0,32.0,0.0,33.0,0,0
19:59:38,0.0,47.0,65.0,0.0,32.0,0.0,40.0,0,0
19:59:39,0.0,38.0,65.0,0.0,32.0,0.0,34.0,0,0
19:59:40,0.0,40.0,63.0,0.0,32.0,0.0,27.0,0,0
19:59:41,0.0,53.0,65.0,0.0,32.0,0.0,51.0,0,0
19:59:42,0.0,54.0,66.0,0.0,32.0,0.0,50.0,0,0
19:59:43,0.0,28.0,65.0,0.0,32.0,0.0,36.0,0,0
19:59:44,0.0,35.0,63.0,0.0,32.0,0.0,44.0,0,0
19:59:45,0.0,48.0,63.0,0.0,32.0,0.0,50.0,0,0
19:59:46,0.0,44.0,63.0,0.0,32.0,0.0,47.0,0,0
19:59:47,0.0,41.0,64.0,0.0,32.0,0.0,45.0,0,0
19:59:48,0.0,40.0,64.0,0.0,32.0,0.0,42.0,0,0
19:59:49,0.0,50.0,64.0,0.0,32.0,0.0,44.0,0,0
19:59:50,0.0,48.0,66.0,0.0,32.0,0.0,44.0,0,0
19:59:51,0.0,54.0,67.0,0.0,32.0,0.0,42.0,0,0
19:59:52,0.0,52.0,69.0,0.0,32.0,0.0,42.0,0,0
19:59:53,0.0,50.0,69.0,0.0,32.0,0.0,47.0,0,0
19:59:54,0.0,47.0,70.0,0.0,32.0,0.0,41.0,0,0
19:59:55,0.0,57.0,70.0,0.0,32.0,0.0,31.0,0,0
19:59:56,0.0,44.0,70.0,0.0,32.0,0.0,36.0,0,0
19:59:57,0.0,42.0,70.0,0.0,32.0,0.0,35.0,0,0
19:59:58,0.0,34.0,68.0,0.0,32.0,0.0,43.0,0,0
19:59:59,0.0,38.0,66.0,0.0,32.0,0.0,30.0,0,0
20:00:00,0.0,48.0,66.0,0.0,32.0,0.0,37.0,0,0
20:00:01,0.0,46.0,67.0,0.0,32.0,0.0,34.0,0,0
20:00:02,0.0,55.0,68.0,0.0,32.0,0.0,39.0,0,0
20:00:03,0.0,29.0,68.0,0.0,32.0,0.0,43.0,0,0
20:00:04,0.0,278.0,72.0,0.0,32.0,0.0,5.0,0,0
20:00:05,0.0,37.0,94.0,0.0,32.0,0.0,51.0,0,0
20:00:06,0.0,19.0,83.0,0.0,32.0,0.0,43.0,0,0
20:00:07,0.0,38.0,78.0,0.0,32.0,0.0,39.0,0,0
20:00:08,0.0,36.0,73.0,0.0,32.0,0.0,34.0,0,0
20:00:09,0.0,39.0,72.0,0.0,32.0,0.0,42.0,0,0
20:00:10,0.0,35.0,70.0,0.0,32.0,0.0,35.0,0,0
20:00:11,0.0,21.0,67.0,0.0,32.0,0.0,34.0,0,0
20:00:12,0.0,185.0,90.0,0.0,32.0,0.0,53.0,0,0
20:00:13,0.0,27.0,85.0,0.0,32.0,0.0,42.0,0,0
20:00:14,0.0,85.0,83.0,0.0,32.0,0.0,38.0,0,0
20:00:15,0.0,137.0,95.0,0.0,32.0,0.0,59.0,0,0
20:00:16,0.0,97.0,98.0,0.0,32.0,0.0,39.0,0,0
20:00:17,0.0,96.0,102.0,0.0,32.0,0.0,55.0,0,0
20:00:18,0.0,87.0,104.0,0.0,32.0,0.0,45.0,0,0
20:00:19,0.0,96.0,105.0,0.0,32.0,0.0,54.0,0,0
20:00:20,0.0,82.0,107.0,0.0,32.0,0.0,56.0,0,0
20:00:21,0.0,80.0,106.0,0.0,32.0,0.0,48.0,0,0
20:00:22,0.0,86.0,107.0,0.0,32.0,0.0,54.0,0,0
20:00:23,0.0,78.0,106.0,0.0,32.0,0.0,47.0,0,0
20:00:24,0.0,86.0,107.0,0.0,32.0,0.0,50.0,0,0
20:00:25,0.0,83.0,106.0,0.0,32.0,0.0,55.0,0,0
20:00:26,0.0,78.0,106.0,0.0,32.0,0.0,54.0,0,0
20:00:27,0.0,73.0,105.0,0.0,32.0,0.0,49.0,0,0
20:00:28,0.0,88.0,105.0,0.0,32.0,0.0,61.0,0,0
20:00:29,0.0,76.0,105.0,0.0,32.0,0.0,58.0,0,0
20:00:30,0.0,80.0,104.0,0.0,32.0,0.0,50.0,0,0
20:00:31,0.0,98.0,106.0,0.0,32.0,0.0,51.0,0,0
20:00:32,0.0,96.0,106.0,0.0,32.0,0.0,53.0,0,0
20:00:33,0.0,83.0,108.0,0.0,32.0,0.0,52.0,0,0
20:00:34,0.0,88.0,107.0,0.0,32.0,0.0,44.0,0,0
20:00:35,0.0,72.0,107.0,0.0,32.0,0.0,70.0,0,0
20:00:36,0.0,21.0,100.0,0.0,32.0,0.0,53.0,0,0
20:00:37,0.0,27.0,90.0,0.0,32.0,0.0,43.0,0,0
20:00:38,0.0,38.0,83.0,0.0,32.0,0.0,32.0,0,0
20:00:39,0.0,40.0,80.0,0.0,32.0,0.0,37.0,0,0
20:00:40,0.0,48.0,77.0,0.0,32.0,0.0,46.0,0,0
20:00:41,0.0,81.0,79.0,0.0,32.0,0.0,38.0,0,0
20:00:42,0.0,40.0,80.0,0.0,32.0,0.0,36.0,0,0
20:00:43,0.0,53.0,79.0,0.0,32.0,0.0,54.0,0,0
20:00:44,0.0,51.0,78.0,0.0,32.0,0.0,36.0,0,0
20:00:45,0.0,62.0,78.0,0.0,32.0,0.0,27.0,0,0
20:00:46,0.0,46.0,78.0,0.0,32.0,0.0,40.0,0,0
20:00:47,0.0,38.0,76.0,0.0,32.0,0.0,30.0,0,0
20:00:48,0.0,41.0,74.0,0.0,32.0,0.0,24.0,0,0
20:00:49,0.0,39.0,72.0,0.0,32.0,0.0,30.0,0,0
20:00:50,0.0,48.0,71.0,0.0,32.0,0.0,27.0,0,0
20:00:51,0.0,41.0,69.0,0.0,32.0,0.0,26.0,0,0
20:00:52,0.0,33.0,68.0,0.0,32.0,0.0,34.0,0,0
20:00:53,0.0,42.0,67.0,0.0,32.0,0.0,34.0,0,0
20:00:54,0.0,46.0,67.0,0.0,32.0,0.0,40.0,0,0
20:00:55,0.0,40.0,67.0,0.0,32.0,0.0,35.0,0,0
20:00:56,0.0,50.0,68.0,0.0,32.0,0.0,38.0,0,0
20:00:57,0.0,48.0,69.0,0.0,32.0,0.0,40.0,0,0
20:00:58,0.0,42.0,69.0,0.0,32.0,0.0,22.0,0,0
20:00:59,0.0,36.0,67.0,0.0,32.0,0.0,39.0,0,0
20:01:00,0.0,46.0,67.0,0.0,32.0,0.0,35.0,0,0
20:01:01,0.0,36.0,67.0,0.0,32.0,0.0,44.0,0,0
20:01:02,0.0,46.0,67.0,0.0,32.0,0.0,36.0,0,0
20:01:03,0.0,51.0,68.0,0.0,32.0,0.0,40.0,0,0
20:01:04,0.0,48.0,69.0,0.0,32.0,0.0,32.0,0,0
20:01:05,0.0,44.0,69.0,0.0,32.0,0.0,38.0,0,0
20:01:06,0.0,45.0,69.0,0.0,32.0,0.0,40.0,0,0
20:01:07,0.0,48.0,70.0,0.0,32.0,0.0,38.0,0,0
20:01:08,0.0,46.0,70.0,0.0,32.0,0.0,34.0,0,0
20:01:09,0.0,53.0,71.0,0.0,32.0,0.0,40.0,0,0
20:01:10,0.0,63.0,73.0,0.0,32.0,0.0,40.0,0,0
20:01:11,0.0,65.0,78.0,0.0,32.0,0.0,45.0,0,0
20:01:12,0.0,47.0,79.0,0.0,32.0,0.0,36.0,0,0
20:01:13,0.0,44.0,76.0,0.0,32.0,0.0,29.0,0,0
20:01:14,0.0,42.0,75.0,0.0,32.0,0.0,33.0,0,0
20:01:15,0.0,55.0,76.0,0.0,32.0,0.0,47.0,0,0
20:01:16,0.0,46.0,75.0,0.0,32.0,0.0,38.0,0,0
20:01:17,0.0,47.0,74.0,0.0,32.0,0.0,37.0,0,0
20:01:18,0.0,48.0,75.0,0.0,32.0,0.0,41.0,0,0
20:01:19,0.0,56.0,75.0,0.0,32.0,0.0,34.0,0,0
20:01:20,0.0,49.0,75.0,0.0,32.0,0.0,36.0,0,0
20:01:21,0.0,52.0,76.0,0.0,32.0,0.0,32.0,0,0
20:01:22,0.0,52.0,76.0,0.0,32.0,0.0,31.0,0,0
20:01:23,0.0,44.0,76.0,0.0,32.0,0.0,32.0,0,0
20:01:24,0.0,50.0,76.0,0.0,32.0,0.0,38.0,0,0
20:01:25,0.0,45.0,74.0,0.0,32.0,0.0,29.0,0,0
20:01:26,0.0,45.0,74.0,0.0,32.0,0.0,34.0,0,0
20:01:27,0.0,63.0,75.0,0.0,32.0,0.0,39.0,0,0
20:01:28,0.0,52.0,77.0,0.0,32.0,0.0,45.0,0,0
20:01:29,0.0,50.0,77.0,0.0,32.0,0.0,27.0,0,0
20:01:30,0.0,68.0,78.0,0.0,32.0,0.0,45.0,0,0
20:01:31,0.0,38.0,77.0,0.0,32.0,0.0,39.0,0,0
20:01:32,0.0,48.0,76.0,0.0,32.0,0.0,41.0,0,0
20:01:33,0.0,50.0,75.0,0.0,32.0,0.0,37.0,0,0
20:01:34,0.0,46.0,74.0,0.0,32.0,0.0,36.0,0,0
20:01:35,0.0,44.0,74.0,0.0,32.0,0.0,38.0,0,0
20:01:36,0.0,38.0,71.0,0.0,32.0,0.0,35.0,0,0
20:01:37,0.0,52.0,70.0,0.0,32.0,0.0,26.0,0,0
20:01:38,0.0,38.0,71.0,0.0,32.0,0.0,36.0,0,0
20:01:39,0.0,46.0,70.0,0.0,32.0,0.0,38.0,0,0
20:01:40,0.0,42.0,69.0,0.0,32.0,0.0,36.0,0,0
20:01:41,0.0,50.0,69.0,0.0,32.0,0.0,31.0,0,0
20:01:42,0.0,46.0,70.0,0.0,32.0,0.0,45.0,0,0
20:01:43,0.0,34.0,69.0,0.0,32.0,0.0,24.0,0,0
20:01:44,0.0,47.0,68.0,0.0,32.0,0.0,30.0,0,0
20:01:45,0.0,41.0,68.0,0.0,32.0,0.0,25.0,0,0
20:01:46,0.0,72.0,73.0,0.0,32.0,0.0,68.0,0,0
20:01:47,0.0,30.0,71.0,0.0,32.0,0.0,26.0,0,0
20:01:48,0.0,39.0,68.0,0.0,32.0,0.0,25.0,0,0
20:01:49,0.0,39.0,67.0,0.0,32.0,0.0,29.0,0,0
20:01:50,0.0,57.0,68.0,0.0,32.0,0.0,40.0,0,0
20:01:51,0.0,42.0,70.0,0.0,32.0,0.0,59.0,0,0
20:01:52,0.0,37.0,69.0,0.0,32.0,0.0,55.0,0,0
20:01:53,0.0,30.0,65.0,0.0,32.0,0.0,26.0,0,0
20:01:54,0.0,32.0,64.0,0.0,32.0,0.0,42.0,0,0
20:01:55,0.0,34.0,62.0,0.0,32.0,0.0,35.0,0,0
20:01:56,0.0,37.0,61.0,0.0,32.0,0.0,41.0,0,0
20:01:57,0.0,53.0,63.0,0.0,32.0,0.0,48.0,0,0
20:01:58,0.0,34.0,63.0,0.0,32.0,0.0,36.0,0,0
20:01:59,0.0,56.0,64.0,0.0,32.0,0.0,31.0,0,0
20:02:00,0.0,31.0,62.0,0.0,32.0,0.0,43.0,0,0
20:02:01,0.0,38.0,61.0,0.0,32.0,0.0,40.0,0,0
20:02:02,0.0,42.0,61.0,0.0,32.0,0.0,26.0,0,0
20:02:03,0.0,5.0,57.0,0.0,32.0,0.0,40.0,0,0
20:02:04,0.0,5.0,57.0,0.0,32.0,0.0,40.0,0,0
20:02:05,0.0,26.0,50.0,0.0,32.0,0.0,13.0,0,0
20:02:06,0.0,8.0,45.0,0.0,32.0,0.0,52.0,0,0
20:02:07,0.0,8.0,45.0,0.0,32.0,0.0,52.0,0,0
20:02:08,0.0,2.0,24.0,0.0,32.0,0.0,40.0,0,0
20:03:14,0.0,0.0,0.0,0.0,32.0,0.0,255.0,0,0
20:04:40,0.0,0.0,0.0,0.0,32.0,0.0,255.0,0,0
20:04:41,0.0,0.0,0.0,0.0,32.0,0.0,255.0,0,0
20:04:42,0.0,0.0,0.0,0.0,32.0,0.0,255.0,0,0
20:04:43,0.0,0.0,0.0,0.0,32.0,0.0,255.0,0,0
20:04:44,0.0,0.0,0.0,0.0,32.0,0.0,255.0,0,0
20:04:45,0.0,0.0,0.0,0.0,32.0,0.0,255.0,0,0
20:04:46,0.0,79.0,26.0,0.0,32.0,0.0,47.0,0,0
20:04:47,0.0,79.0,26.0,0.0,32.0,0.0,47.0,0,0
20:04:48,0.0,79.0,26.0,0.0,32.0,0.0,47.0,0,0
20:04:49,0.0,31.0,28.0,0.0,32.0,0.0,34.0,0,0
20:04:50,0.0,31.0,28.0,0.0,32.0,0.0,34.0,0,0
20:04:51,0.0,28.0,29.0,0.0,32.0,0.0,64.0,0,0
20:04:52,0.0,28.0,29.0,0.0,32.0,0.0,64.0,0,0
20:04:53,0.0,19.0,29.0,0.0,32.0,0.0,44.0,0,0
20:04:54,0.0,19.0,29.0,0.0,32.0,0.0,44.0,0,0
20:04:55,0.0,38.0,29.0,0.0,32.0,0.0,14.0,0,0
20:04:56,0.0,38.0,29.0,0.0,32.0,0.0,14.0,0,0
20:04:57,0.0,72.0,31.0,0.0,32.0,0.0,54.0,0,0
20:04:58,0.0,68.0,33.0,0.0,32.0,0.0,51.0,0,0
20:04:59,0.0,68.0,33.0,0.0,32.0,0.0,51.0,0,0
20:05:00,0.0,79.0,34.0,0.0,32.0,0.0,55.0,0,0
20:05:01,0.0,79.0,34.0,0.0,32.0,0.0,55.0,0,0
20:05:02,0.0,74.0,36.0,0.0,32.0,0.0,56.0,0,0
20:05:03,0.0,68.0,36.0,0.0,32.0,0.0,37.0,0,0
20:05:04,0.0,68.0,36.0,0.0,32.0,0.0,37.0,0,0
20:05:05,0.0,89.0,36.0,0.0,32.0,0.0,52.0,0,0
20:05:06,0.0,89.0,36.0,0.0,32.0,0.0,52.0,0,0
20:05:07,0.0,39.0,36.0,0.0,32.0,0.0,36.0,0,0
20:05:08,0.0,58.0,38.0,0.0,32.0,0.0,45.0,0,0
20:05:09,0.0,58.0,38.0,0.0,32.0,0.0,45.0,0,0
20:05:10,0.0,61.0,40.0,0.0,32.0,0.0,41.0,0,0
20:05:11,0.0,69.0,40.0,0.0,32.0,0.0,52.0,0,0
20:05:12,0.0,69.0,40.0,0.0,32.0,0.0,52.0,0,0
20:05:13,0.0,30.0,41.0,0.0,32.0,0.0,56.0,0,0
20:05:14,0.0,28.0,41.0,0.0,32.0,0.0,36.0,0,0
20:05:15,0.0,28.0,41.0,0.0,32.0,0.0,36.0,0,0
20:05:16,0.0,49.0,41.0,0.0,32.0,0.0,53.0,0,0
20:05:17,0.0,72.0,41.0,0.0,32.0,0.0,38.0,0,0
20:05:18,0.0,77.0,42.0,0.0,32.0,0.0,38.0,0,0
20:05:19,0.0,77.0,42.0,0.0,32.0,0.0,38.0,0,0
20:05:20,0.0,58.0,42.0,0.0,32.0,0.0,44.0,0,0
20:05:21,0.0,35.0,42.0,0.0,32.0,0.0,36.0,0,0
20:05:22,0.0,35.0,42.0,0.0,32.0,0.0,36.0,0,0
20:05:23,0.0,39.0,41.0,0.0,32.0,0.0,42.0,0,0
20:05:24,0.0,35.0,41.0,0.0,32.0,0.0,52.0,0,0
20:05:25,0.0,35.0,41.0,0.0,32.0,0.0,52.0,0,0
20:05:26,0.0,60.0,41.0,0.0,32.0,0.0,61.0,0,0
20:05:27,0.0,60.0,42.0,0.0,32.0,0.0,59.0,0,0
20:05:28,0.0,63.0,42.0,0.0,32.0,0.0,53.0,0,0
20:05:29,0.0,63.0,42.0,0.0,32.0,0.0,53.0,0,0
20:05:30,0.0,46.0,42.0,0.0,32.0,0.0,68.0,0,0
20:05:31,0.0,28.0,42.0,0.0,32.0,0.0,47.0,0,0
20:05:32,0.0,28.0,42.0,0.0,32.0,0.0,47.0,0,0
20:05:33,0.0,38.0,42.0,0.0,32.0,0.0,56.0,0,0
20:05:34,0.0,30.0,42.0,0.0,32.0,0.0,34.0,0,0
20:05:35,0.0,30.0,42.0,0.0,32.0,0.0,34.0,0,0
20:05:36,0.0,3.0,42.0,0.0,32.0,0.0,83.0,0,0
20:05:37,0.0,0.0,41.0,0.0,32.0,0.0,255.0,0,0
20:05:38,0.0,0.0,40.0,0.0,32.0,0.0,255.0,0,0
20:05:39,0.0,0.0,40.0,0.0,32.0,0.0,255.0,0,0
20:05:40,0.0,1.0,39.0,0.0,32.0,0.0,100.0,0,0
20:05:41,0.0,0.0,38.0,0.0,32.0,0.0,255.0,0,0
20:05:42,0.0,0.0,38.0,0.0,32.0,0.0,255.0,0,0
20:05:43,0.0,0.0,38.0,0.0,32.0,0.0,255.0,0,0
20:05:44,0.0,0.0,38.0,0.0,32.0,0.0,255.0,0,0
20:05:45,0.0,52.0,37.0,0.0,32.0,0.0,3.0,0,0
20:05:46,0.0,66.0,38.0,0.0,32.0,0.0,49.0,0,0
20:05:47,0.0,66.0,38.0,0.0,32.0,0.0,49.0,0,0
20:05:48,0.0,89.0,38.0,0.0,32.0,0.0,44.0,0,0
20:05:49,0.0,87.0,39.0,0.0,32.0,0.0,56.0,0,0
20:05:50,0.0,87.0,39.0,0.0,32.0,0.0,56.0,0,0
20:05:51,0.0,64.0,40.0,0.0,32.0,0.0,50.0,0,0
20:05:52,0.0,51.0,41.0,0.0,32.0,0.0,41.0,0,0
20:05:53,0.0,51.0,41.0,0.0,32.0,0.0,41.0,0,0
20:05:54,0.0,64.0,41.0,0.0,32.0,0.0,44.0,0,0
20:05:55,0.0,43.0,42.0,0.0,32.0,0.0,24.0,0,0
20:05:56,0.0,50.0,43.0,0.0,32.0,0.0,23.0,0,0
20:05:57,0.0,50.0,43.0,0.0,32.0,0.0,23.0,0,0
20:05:58,0.0,44.0,43.0,0.0,32.0,0.0,34.0,0,0
20:05:59,0.0,38.0,43.0,0.0,32.0,0.0,84.0,0,0
20:06:00,0.0,38.0,43.0,0.0,32.0,0.0,84.0,0,0
20:06:01,0.0,33.0,43.0,0.0,32.0,0.0,9.0,0,0
20:06:02,0.0,3.0,43.0,0.0,32.0,0.0,71.0,0,0
20:06:03,0.0,25.0,42.0,0.0,32.0,0.0,4.0,0,0
20:06:04,0.0,25.0,42.0,0.0,32.0,0.0,4.0,0,0
20:06:05,0.0,60.0,42.0,0.0,32.0,0.0,78.0,0,0
20:06:06,0.0,0.0,0.0,0.0,32.0,0.0,40.0,0,0
20:06:07,0.0,0.0,0.0,0.0,32.0,0.0,40.0,0,0
20:06:08,0.0,0.0,0.0,0.0,32.0,0.0,44.0,0,0
20:06:09,0.0,0.0,34.0,0.0,32.0,0.0,100.0,0,0
20:06:10,0.0,0.0,34.0,0.0,32.0,0.0,100.0,0,0
20:06:11,0.0,0.0,34.0,0.0,32.0,0.0,100.0,0,0
20:06:12,0.0,0.0,24.0,0.0,32.0,0.0,255.0,0,0
20:06:13,0.0,0.0,0.0,0.0,32.0,0.0,255.0,0,0
20:06:14,0.0,0.0,0.0,0.0,32.0,0.0,255.0,0,0
20:06:15,0.0,0.0,0.0,0.0,32.0,0.0,255.0,0,0
20:06:18,0.0,0.0,0.0,0.0,32.0,0.0,255.0,0,0
20:06:19,0.0,0.0,0.0,0.0,32.0,0.0,255.0,0,0
20:06:20,0.0,0.0,0.0,0.0,32.0,0.0,255.0,0,0
20:06:21,0.0,0.0,0.0,0.0,32.0,0.0,255.0,0,0
20:06:22,0.0,0.0,0.0,0.0,32.0,0.0,255.0,0,0
20:06:25,0.0,0.0,0.0,0.0,32.0,0.0,255.0,0,0
20:06:27,0.0,0.0,0.0,0.0,32.0,0.0,255.0,0,0
20:06:28,0.0,0.0,0.0,0.0,32.0,0.0,255.0,0,0
20:06:30,0.0,0.0,0.0,0.0,32.0,0.0,255.0,0,0
20:06:31,0.0,0.0,0.0,0.0,32.0,0.0,255.0,0,0
20:08:12,0.0,0.0,0.0,0.0,32.0,0.0,255.0,0,0
20:08:38,0.0,0.0,0.0,0.0,32.0,0.0,255.0,0,0
20:08:39,0.0,0.0,0.0,0.0,32.0,0.0,255.0,0,0
20:08:40,0.0,0.0,0.0,0.0,32.0,0.0,255.0,0,0
20:08:41,0.0,198.0,34.0,0.0,32.0,0.0,18.0,0,0
20:08:42,0.0,198.0,34.0,0.0,32.0,0.0,18.0,0,0
20:08:43,0.0,512.0,48.0,0.0,32.0,0.0,37.0,0,0
20:08:44,0.0,675.0,57.0,0.0,32.0,0.0,48.0,0,0
20:08:45,0.0,711.0,66.0,0.0,32.0,0.0,47.0,0,0
20:08:46,0.0,776.0,73.0,0.0,32.0,0.0,50.0,0,0
20:08:47,0.0,795.0,78.0,0.0,32.0,0.0,48.0,0,0
20:08:48,0.0,831.0,83.0,0.0,32.0,0.0,50.0,0,0
20:08:49,0.0,834.0,87.0,0.0,32.0,0.0,51.0,0,0
20:08:50,0.0,814.0,90.0,0.0,32.0,0.0,48.0,0,0
20:08:51,0.0,717.0,93.0,0.0,32.0,0.0,51.0,0,0
20:08:52,0.0,646.0,94.0,0.0,32.0,0.0,49.0,0,0
20:08:53,0.0,565.0,100.0,0.0,32.0,0.0,52.0,0,0
20:08:54,0.0,657.0,98.0,0.0,32.0,0.0,50.0,0,0
20:08:55,0.0,676.0,102.0,0.0,32.0,0.0,51.0,0,0
20:08:56,0.0,627.0,106.0,0.0,32.0,0.0,49.0,0,0
20:08:57,0.0,682.0,108.0,0.0,32.0,0.0,50.0,0,0
20:08:58,0.0,552.0,110.0,0.0,32.0,0.0,51.0,0,0
20:08:59,0.0,444.0,109.0,0.0,32.0,0.0,53.0,0,0
20:09:00,0.0,442.0,109.0,0.0,32.0,0.0,51.0,0,0
20:09:01,0.0,355.0,108.0,0.0,32.0,0.0,50.0,0,0
20:09:02,0.0,311.0,108.0,0.0,32.0,0.0,49.0,0,0
20:09:03,0.0,599.0,106.0,0.0,32.0,0.0,50.0,0,0
20:09:04,0.0,751.0,109.0,0.0,32.0,0.0,51.0,0,0
20:09:05,0.0,657.0,113.0,0.0,32.0,0.0,50.0,0,0
20:09:06,0.0,352.0,113.0,0.0,32.0,0.0,43.0,0,0
20:09:07,0.0,250.0,114.0,0.0,32.0,0.0,45.0,0,0
20:09:08,0.0,521.0,114.0,0.0,32.0,0.0,51.0,0,0
20:09:09,0.0,432.0,115.0,0.0,32.0,0.0,49.0,0,0
20:09:10,0.0,289.0,112.0,0.0,32.0,0.0,51.0,0,0
20:09:11,0.0,339.0,111.0,0.0,32.0,0.0,41.0,0,0
20:09:12,0.0,410.0,111.0,0.0,32.0,0.0,65.0,0,0
20:09:13,0.0,148.0,110.0,0.0,32.0,0.0,25.0,0,0
20:09:14,0.0,589.0,110.0,0.0,32.0,0.0,52.0,0,0
20:09:15,0.0,436.0,112.0,0.0,32.0,0.0,49.0,0,0
20:09:16,0.0,94.0,112.0,0.0,32.0,0.0,31.0,0,0
20:09:17,0.0,228.0,110.0,0.0,32.0,0.0,54.0,0,0
20:09:18,0.0,180.0,108.0,0.0,32.0,0.0,48.0,0,0
20:09:19,0.0,448.0,107.0,0.0,32.0,0.0,55.0,0,0
20:09:20,0.0,423.0,109.0,0.0,32.0,0.0,40.0,0,0
20:09:21,0.0,340.0,111.0,0.0,32.0,0.0,48.0,0,0
20:09:22,0.0,262.0,106.0,0.0,32.0,0.0,55.0,0,0
20:09:23,0.0,64.0,92.0,0.0,32.0,0.0,78.0,0,0
20:09:24,0.0,6.0,89.0,0.0,32.0,0.0,72.0,0,0
20:09:25,0.0,4.0,89.0,0.0,32.0,0.0,50.0,0,0
20:09:26,0.0,3.0,87.0,0.0,32.0,0.0,33.0,0,0
20:09:27,0.0,8.0,85.0,0.0,32.0,0.0,40.0,0,0
20:09:28,0.0,18.0,83.0,0.0,32.0,0.0,36.0,0,0
20:09:29,0.0,186.0,78.0,0.0,32.0,0.0,30.0,0,0
20:09:30,0.0,238.0,69.0,0.0,32.0,0.0,44.0,0,0
20:09:31,0.0,244.0,62.0,0.0,32.0,0.0,51.0,0,0
20:09:32,0.0,205.0,61.0,0.0,32.0,0.0,44.0,0,0
20:09:33,0.0,73.0,62.0,0.0,32.0,0.0,50.0,0,0
20:09:34,0.0,23.0,63.0,0.0,32.0,0.0,14.0,0,0
20:09:35,0.0,0.0,62.0,0.0,32.0,0.0,255.0,0,0
20:09:36,0.0,0.0,63.0,0.0,32.0,0.0,255.0,0,0
20:09:37,0.0,0.0,68.0,0.0,32.0,0.0,255.0,0,0
20:09:38,0.0,0.0,72.0,0.0,32.0,0.0,255.0,0,0
20:09:39,0.0,0.0,74.0,0.0,32.0,0.0,255.0,0,0
20:09:40,0.0,14.0,72.0,0.0,32.0,0.0,35.0,0,0
20:09:41,0.0,99.0,70.0,0.0,32.0,0.0,16.0,0,0
20:09:42,0.0,253.0,68.0,0.0,32.0,0.0,41.0,0,0
20:09:43,0.0,363.0,64.0,0.0,32.0,0.0,48.0,0,0
20:09:44,0.0,346.0,61.0,0.0,32.0,0.0,49.0,0,0
20:09:45,0.0,293.0,59.0,0.0,32.0,0.0,46.0,0,0
20:09:46,0.0,232.0,59.0,0.0,32.0,0.0,51.0,0,0
20:09:47,0.0,203.0,60.0,0.0,32.0,0.0,41.0,0,0
20:09:48,0.0,112.0,61.0,0.0,32.0,0.0,59.0,0,0
20:09:49,0.0,16.0,60.0,0.0,32.0,0.0,61.0,0,0
20:09:50,0.0,0.0,61.0,0.0,32.0,0.0,255.0,0,0
20:09:51,0.0,1.0,62.0,0.0,32.0,0.0,100.0,0,0
20:09:52,0.0,33.0,65.0,0.0,32.0,0.0,0.0,0,0
20:09:53,0.0,138.0,71.0,0.0,32.0,0.0,46.0,0,0
20:09:54,0.0,130.0,74.0,0.0,32.0,0.0,43.0,0,0
20:09:55,0.0,173.0,75.0,0.0,32.0,0.0,33.0,0,0
20:09:56,0.0,319.0,75.0,0.0,32.0,0.0,48.0,0,0
20:09:57,0.0,332.0,75.0,0.0,32.0,0.0,46.0,0,0
20:09:58,0.0,451.0,71.0,0.0,32.0,0.0,52.0,0,0
20:09:59,0.0,370.0,69.0,0.0,32.0,0.0,40.0,0,0
20:10:00,0.0,489.0,70.0,0.0,32.0,0.0,48.0,0,0
20:10:01,0.0,438.0,74.0,0.0,32.0,0.0,40.0,0,0
20:10:02,0.0,460.0,82.0,0.0,32.0,0.0,51.0,0,0
20:10:03,0.0,472.0,88.0,0.0,32.0,0.0,52.0,0,0
20:10:04,0.0,388.0,95.0,0.0,32.0,0.0,46.0,0,0
20:10:05,0.0,809.0,113.0,0.0,32.0,0.0,53.0,0,0
20:10:06,0.0,768.0,118.0,0.0,32.0,0.0,50.0,0,0
20:10:07,0.0,687.0,118.0,0.0,32.0,0.0,53.0,0,0
20:10:08,0.0,664.0,118.0,0.0,32.0,0.0,46.0,0,0
20:10:09,0.0,700.0,118.0,0.0,32.0,0.0,50.0,0,0
20:10:10,0.0,651.0,121.0,0.0,32.0,0.0,50.0,0,0
20:10:11,0.0,606.0,124.0,0.0,32.0,0.0,51.0,0,0
20:10:12,0.0,370.0,124.0,0.0,32.0,0.0,49.0,0,0
20:10:13,0.0,163.0,120.0,0.0,32.0,0.0,36.0,0,0
20:10:14,0.0,375.0,117.0,0.0,32.0,0.0,47.0,0,0
20:10:15,0.0,324.0,115.0,0.0,32.0,0.0,42.0,0,0
20:10:16,0.0,296.0,114.0,0.0,32.0,0.0,39.0,0,0
20:10:17,0.0,319.0,115.0,0.0,32.0,0.0,49.0,0,0
20:10:18,0.0,168.0,117.0,0.0,32.0,0.0,40.0,0,0
20:10:19,0.0,252.0,117.0,0.0,32.0,0.0,45.0,0,0
20:10:20,0.0,351.0,117.0,0.0,32.0,0.0,38.0,0,0
20:10:21,0.0,785.0,117.0,0.0,32.0,0.0,50.0,0,0
20:10:22,0.0,547.0,118.0,0.0,32.0,0.0,57.0,0,0
20:10:23,0.0,177.0,115.0,0.0,32.0,0.0,44.0,0,0
20:10:24,0.0,49.0,112.0,0.0,32.0,0.0,53.0,0,0
20:10:25,0.0,83.0,110.0,0.0,32.0,0.0,88.0,0,0
20:10:26,0.0,4.0,108.0,0.0,32.0,0.0,255.0,0,0
20:10:27,0.0,174.0,103.0,0.0,32.0,0.0,27.0,0,0
20:10:28,0.0,803.0,101.0,0.0,32.0,0.0,46.0,0,0
20:10:29,0.0,1081.0,104.0,0.0,32.0,0.0,49.0,0,0
20:10:30,0.0,925.0,110.0,0.0,32.0,0.0,50.0,0,0
20:10:31,0.0,279.0,113.0,0.0,32.0,0.0,89.0,0,0
20:10:32,0.0,40.0,108.0,0.0,32.0,0.0,57.0,0,0
20:10:33,0.0,1.0,105.0,0.0,32.0,0.0,100.0,0,0
20:10:34,0.0,368.0,105.0,0.0,32.0,0.0,48.0,0,0
20:10:35,0.0,739.0,112.0,0.0,32.0,0.0,51.0,0,0
20:10:36,0.0,747.0,115.0,0.0,32.0,0.0,50.0,0,0
20:10:37,0.0,709.0,116.0,0.0,32.0,0.0,52.0,0,0
20:10:38,0.0,481.0,116.0,0.0,32.0,0.0,49.0,0,0
20:10:39,0.0,461.0,116.0,0.0,32.0,0.0,50.0,0,0
20:10:40,0.0,470.0,114.0,0.0,32.0,0.0,47.0,0,0
20:10:41,0.0,493.0,113.0,0.0,32.0,0.0,51.0,0,0
20:10:42,0.0,264.0,112.0,0.0,32.0,0.0,37.0,0,0
20:10:43,0.0,318.0,111.0,0.0,32.0,0.0,50.0,0,0
20:10:44,0.0,273.0,114.0,0.0,32.0,0.0,43.0,0,0
20:10:45,0.0,119.0,116.0,0.0,32.0,0.0,36.0,0,0
20:10:46,0.0,215.0,115.0,0.0,32.0,0.0,43.0,0,0
20:10:47,0.0,217.0,111.0,0.0,32.0,0.0,45.0,0,0
20:10:48,0.0,78.0,93.0,0.0,32.0,0.0,36.0,0,0
20:10:49,0.0,17.0,88.0,0.0,32.0,0.0,42.0,0,0
20:10:50,0.0,14.0,86.0,0.0,32.0,0.0,42.0,0,0
20:10:51,0.0,11.0,86.0,0.0,32.0,0.0,40.0,0,0
20:10:52,0.0,21.0,84.0,0.0,32.0,0.0,39.0,0,0
20:10:53,0.0,7.0,78.0,0.0,32.0,0.0,44.0,0,0
20:10:54,0.0,3.0,75.0,0.0,32.0,0.0,57.0,0,0
20:10:55,0.0,3.0,76.0,0.0,32.0,0.0,66.0,0,0
20:10:56,0.0,42.0,78.0,0.0,32.0,0.0,10.0,0,0
20:10:57,0.0,55.0,78.0,0.0,32.0,0.0,32.0,0,0
20:10:58,0.0,55.0,77.0,0.0,32.0,0.0,48.0,0,0
20:10:59,0.0,124.0,76.0,0.0,32.0,0.0,34.0,0,0
20:11:00,0.0,231.0,73.0,0.0,32.0,0.0,42.0,0,0
20:11:01,0.0,340.0,67.0,0.0,32.0,0.0,46.0,0,0
20:11:02,0.0,311.0,64.0,0.0,32.0,0.0,46.0,0,0
20:11:03,0.0,249.0,64.0,0.0,32.0,0.0,47.0,0,0
20:11:04,0.0,130.0,63.0,0.0,32.0,0.0,64.0,0,0
20:11:05,0.0,48.0,63.0,0.0,32.0,0.0,48.0,0,0
20:11:06,0.0,24.0,63.0,0.0,32.0,0.0,75.0,0,0
20:11:07,0.0,60.0,63.0,0.0,32.0,0.0,16.0,0,0
20:11:08,0.0,93.0,64.0,0.0,32.0,0.0,38.0,0,0
20:11:09,0.0,7.0,68.0,0.0,32.0,0.0,71.0,0,0
20:11:10,0.0,39.0,74.0,0.0,32.0,0.0,28.0,0,0
20:11:11,0.0,116.0,77.0,0.0,32.0,0.0,35.0,0,0
20:11:12,0.0,184.0,78.0,0.0,32.0,0.0,32.0,0,0
20:11:13,0.0,334.0,78.0,0.0,32.0,0.0,42.0,0,0
20:11:14,0.0,523.0,77.0,0.0,32.0,0.0,48.0,0,0
20:11:15,0.0,602.0,76.0,0.0,32.0,0.0,51.0,0,0
20:11:16,0.0,605.0,73.0,0.0,32.0,0.0,47.0,0,0
20:11:17,0.0,472.0,73.0,0.0,32.0,0.0,61.0,0,0
20:11:18,0.0,412.0,74.0,0.0,32.0,0.0,46.0,0,0
20:11:19,0.0,514.0,78.0,0.0,32.0,0.0,49.0,0,0
20:11:20,0.0,398.0,82.0,0.0,32.0,0.0,61.0,0,0
20:11:21,0.0,278.0,86.0,0.0,32.0,0.0,44.0,0,0
20:11:22,0.0,300.0,90.0,0.0,32.0,0.0,52.0,0,0
20:11:23,0.0,227.0,93.0,0.0,32.0,0.0,37.0,0,0
20:11:24,0.0,388.0,94.0,0.0,32.0,0.0,50.0,0,0
20:11:25,0.0,389.0,94.0,0.0,32.0,0.0,47.0,0,0
20:11:26,0.0,531.0,94.0,0.0,32.0,0.0,47.0,0,0
20:11:27,0.0,607.0,94.0,0.0,32.0,0.0,48.0,0,0
20:11:28,0.0,648.0,96.0,0.0,32.0,0.0,51.0,0,0
20:11:29,0.0,655.0,107.0,0.0,32.0,0.0,49.0,0,0
20:11:30,0.0,953.0,127.0,0.0,32.0,0.0,51.0,0,0
20:11:31,0.0,868.0,132.0,0.0,32.0,0.0,51.0,0,0
20:11:32,0.0,757.0,134.0,0.0,32.0,0.0,47.0,0,0
20:11:33,0.0,675.0,133.0,0.0,32.0,0.0,47.0,0,0
20:11:34,0.0,593.0,132.0,0.0,32.0,0.0,48.0,0,0
20:11:35,0.0,712.0,134.0,0.0,32.0,0.0,48.0,0,0
20:11:36,0.0,740.0,137.0,0.0,32.0,0.0,49.0,0,0
20:11:37,0.0,727.0,138.0,0.0,32.0,0.0,50.0,0,0
20:11:38,0.0,595.0,137.0,0.0,32.0,0.0,48.0,0,0
20:11:39,0.0,590.0,136.0,0.0,32.0,0.0,46.0,0,0
20:11:40,0.0,605.0,135.0,0.0,32.0,0.0,50.0,0,0
20:11:41,0.0,502.0,134.0,0.0,32.0,0.0,47.0,0,0
20:11:42,0.0,558.0,138.0,0.0,32.0,0.0,45.0,0,0
20:11:43,0.0,623.0,139.0,0.0,32.0,0.0,50.0,0,0
20:11:44,0.0,536.0,138.0,0.0,32.0,0.0,55.0,0,0
20:11:45,0.0,344.0,134.0,0.0,32.0,0.0,44.0,0,0
20:11:46,0.0,333.0,132.0,0.0,32.0,0.0,48.0,0,0
20:11:47,0.0,255.0,131.0,0.0,32.0,0.0,46.0,0,0
20:11:48,0.0,274.0,131.0,0.0,32.0,0.0,49.0,0,0
20:11:49,0.0,240.0,132.0,0.0,32.0,0.0,36.0,0,0
20:11:50,0.0,381.0,132.0,0.0,32.0,0.0,45.0,0,0
20:11:51,0.0,323.0,127.0,0.0,32.0,0.0,49.0,0,0
20:11:52,0.0,319.0,124.0,0.0,32.0,0.0,41.0,0,0
20:11:53,0.0,445.0,124.0,0.0,32.0,0.0,49.0,0,0
20:11:54,0.0,279.0,123.0,0.0,32.0,0.0,56.0,0,0
20:11:55,0.0,164.0,121.0,0.0,32.0,0.0,34.0,0,0
20:11:56,0.0,112.0,117.0,0.0,32.0,0.0,32.0,0,0
20:11:57,0.0,266.0,115.0,0.0,32.0,0.0,41.0,0,0
20:11:58,0.0,346.0,117.0,0.0,32.0,0.0,44.0,0,0
20:11:59,0.0,466.0,120.0,0.0,32.0,0.0,50.0,0,0
20:12:00,0.0,571.0,122.0,0.0,32.0,0.0,51.0,0,0
20:12:01,0.0,566.0,121.0,0.0,32.0,0.0,52.0,0,0
20:12:02,0.0,290.0,120.0,0.0,32.0,0.0,42.0,0,0
20:12:03,0.0,304.0,120.0,0.0,32.0,0.0,37.0,0,0
20:12:04,0.0,284.0,122.0,0.0,32.0,0.0,37.0,0,0
20:12:05,0.0,569.0,123.0,0.0,32.0,0.0,46.0,0,0
20:12:06,0.0,514.0,122.0,0.0,32.0,0.0,50.0,0,0
20:12:07,0.0,204.0,104.0,0.0,32.0,0.0,44.0,0,0
20:12:08,0.0,18.0,98.0,0.0,32.0,0.0,66.0,0,0
20:12:09,0.0,14.0,96.0,0.0,32.0,0.0,62.0,0,0
20:12:10,0.0,9.0,93.0,0.0,32.0,0.0,66.0,0,0
20:12:11,0.0,7.0,90.0,0.0,32.0,0.0,57.0,0,0
20:12:12,0.0,10.0,88.0,0.0,32.0,0.0,50.0,0,0
20:12:13,0.0,7.0,88.0,0.0,32.0,0.0,61.0,0,0
20:12:14,0.0,9.0,83.0,0.0,32.0,0.0,50.0,0,0
20:12:15,0.0,19.0,79.0,0.0,32.0,0.0,82.0,0,0
20:12:16,0.0,0.0,77.0,0.0,32.0,0.0,255.0,0,0
20:12:17,0.0,0.0,78.0,0.0,32.0,0.0,255.0,0,0
20:12:18,0.0,2.0,78.0,0.0,32.0,0.0,44.0,0,0
20:12:19,0.0,12.0,78.0,0.0,32.0,0.0,37.0,0,0
20:12:20,0.0,66.0,77.0,0.0,32.0,0.0,21.0,0,0
20:12:21,0.0,194.0,74.0,0.0,32.0,0.0,45.0,0,0
20:12:22,0.0,304.0,69.0,0.0,32.0,0.0,49.0,0,0
20:12:23,0.0,236.0,65.0,0.0,32.0,0.0,53.0,0,0
20:12:24,0.0,173.0,63.0,0.0,32.0,0.0,49.0,0,0
20:12:25,0.0,145.0,62.0,0.0,32.0,0.0,52.0,0,0
20:12:26,0.0,103.0,61.0,0.0,32.0,0.0,53.0,0,0
20:12:27,0.0,40.0,61.0,0.0,32.0,0.0,59.0,0,0
20:12:28,0.0,10.0,62.0,0.0,32.0,0.0,4.0,0,0
20:12:29,0.0,2.0,63.0,0.0,32.0,0.0,100.0,0,0
20:12:30,0.0,2.0,65.0,0.0,32.0,0.0,50.0,0,0
20:12:31,0.0,0.0,69.0,0.0,32.0,0.0,255.0,0,0
20:12:32,0.0,6.0,74.0,0.0,32.0,0.0,8.0,0,0
20:12:33,0.0,70.0,76.0,0.0,32.0,0.0,36.0,0,0
20:12:34,0.0,91.0,75.0,0.0,32.0,0.0,37.0,0,0
20:12:35,0.0,119.0,73.0,0.0,32.0,0.0,35.0,0,0
20:12:36,0.0,288.0,69.0,0.0,32.0,0.0,45.0,0,0
20:12:37,0.0,373.0,66.0,0.0,32.0,0.0,49.0,0,0
20:12:38,0.0,380.0,64.0,0.0,32.0,0.0,43.0,0,0
20:12:39,0.0,373.0,65.0,0.0,32.0,0.0,51.0,0,0
20:12:40,0.0,280.0,66.0,0.0,32.0,0.0,54.0,0,0
20:12:41,0.0,217.0,66.0,0.0,32.0,0.0,58.0,0,0
20:12:42,0.0,198.0,67.0,0.0,32.0,0.0,32.0,0,0
20:12:43,0.0,227.0,68.0,0.0,32.0,0.0,55.0,0,0
20:12:44,0.0,302.0,74.0,0.0,32.0,0.0,54.0,0,0
20:12:45,0.0,333.0,84.0,0.0,32.0,0.0,50.0,0,0
20:12:46,0.0,362.0,90.0,0.0,32.0,0.0,52.0,0,0
20:12:47,0.0,298.0,93.0,0.0,32.0,0.0,45.0,0,0
20:12:48,0.0,282.0,95.0,0.0,32.0,0.0,44.0,0,0
20:12:49,0.0,413.0,109.0,0.0,32.0,0.0,45.0,0,0
20:12:50,0.0,369.0,113.0,0.0,32.0,0.0,46.0,0,0
20:12:51,0.0,305.0,114.0,0.0,32.0,0.0,48.0,0,0
20:12:52,0.0,273.0,113.0,0.0,32.0,0.0,47.0,0,0
20:12:53,0.0,332.0,108.0,0.0,32.0,0.0,49.0,0,0
20:12:54,0.0,459.0,105.0,0.0,32.0,0.0,44.0,0,0
20:12:55,0.0,514.0,105.0,0.0,32.0,0.0,49.0,0,0
20:12:56,0.0,388.0,104.0,0.0,32.0,0.0,54.0,0,0
20:12:57,0.0,301.0,104.0,0.0,32.0,0.0,38.0,0,0
20:12:58,0.0,475.0,103.0,0.0,32.0,0.0,45.0,0,0
20:12:59,0.0,529.0,105.0,0.0,32.0,0.0,46.0,0,0
20:13:00,0.0,673.0,107.0,0.0,32.0,0.0,49.0,0,0
20:13:01,0.0,796.0,111.0,0.0,32.0,0.0,52.0,0,0
20:13:02,0.0,684.0,114.0,0.0,32.0,0.0,50.0,0,0
20:13:03,0.0,635.0,113.0,0.0,32.0,0.0,51.0,0,0
20:13:04,0.0,687.0,113.0,0.0,32.0,0.0,51.0,0,0
20:13:05,0.0,527.0,116.0,0.0,32.0,0.0,52.0,0,0
20:13:06,0.0,371.0,116.0,0.0,32.0,0.0,42.0,0,0
20:13:07,0.0,437.0,119.0,0.0,32.0,0.0,43.0,0,0
20:13:08,0.0,462.0,121.0,0.0,32.0,0.0,53.0,0,0
20:13:09,0.0,402.0,120.0,0.0,32.0,0.0,50.0,0,0
20:13:10,0.0,335.0,117.0,0.0,32.0,0.0,45.0,0,0
20:13:11,0.0,327.0,115.0,0.0,32.0,0.0,53.0,0,0
20:13:12,0.0,208.0,114.0,0.0,32.0,0.0,45.0,0,0
20:13:13,0.0,358.0,113.0,0.0,32.0,0.0,48.0,0,0
20:13:14,0.0,339.0,117.0,0.0,32.0,0.0,49.0,0,0
20:13:15,0.0,278.0,118.0,0.0,32.0,0.0,49.0,0,0
20:13:16,0.0,279.0,119.0,0.0,32.0,0.0,48.0,0,0
20:13:17,0.0,264.0,116.0,0.0,32.0,0.0,49.0,0,0
20:13:18,0.0,255.0,113.0,0.0,32.0,0.0,51.0,0,0
20:13:19,0.0,169.0,110.0,0.0,32.0,0.0,47.0,0,0
20:13:20,0.0,522.0,108.0,0.0,32.0,0.0,49.0,0,0
20:13:21,0.0,544.0,110.0,0.0,32.0,0.0,46.0,0,0
20:13:22,0.0,423.0,113.0,0.0,32.0,0.0,46.0,0,0
20:13:23,0.0,378.0,116.0,0.0,32.0,0.0,48.0,0,0
20:13:24,0.0,338.0,117.0,0.0,32.0,0.0,52.0,0,0
20:13:25,0.0,289.0,114.0,0.0,32.0,0.0,47.0,0,0
20:13:26,0.0,231.0,112.0,0.0,32.0,0.0,32.0,0,0
20:13:27,0.0,409.0,111.0,0.0,32.0,0.0,50.0,0,0
20:13:28,0.0,465.0,111.0,0.0,32.0,0.0,57.0,0,0
20:13:29,0.0,365.0,112.0,0.0,32.0,0.0,41.0,0,0
20:13:30,0.0,562.0,114.0,0.0,32.0,0.0,49.0,0,0
20:13:31,0.0,548.0,116.0,0.0,32.0,0.0,50.0,0,0
20:13:32,0.0,488.0,118.0,0.0,32.0,0.0,50.0,0,0
20:13:33,0.0,244.0,116.0,0.0,32.0,0.0,45.0,0,0
20:13:34,0.0,476.0,115.0,0.0,32.0,0.0,51.0,0,0
20:13:35,0.0,606.0,115.0,0.0,32.0,0.0,48.0,0,0
20:13:36,0.0,341.0,114.0,0.0,32.0,0.0,48.0,0,0
20:13:37,0.0,346.0,108.0,0.0,32.0,0.0,45.0,0,0
20:13:38,0.0,152.0,95.0,0.0,32.0,0.0,69.0,0,0
20:13:39,0.0,34.0,95.0,0.0,32.0,0.0,49.0,0,0
20:13:40,0.0,14.0,94.0,0.0,32.0,0.0,60.0,0,0
20:13:41,0.0,11.0,90.0,0.0,32.0,0.0,59.0,0,0
20:13:42,0.0,6.0,88.0,0.0,32.0,0.0,58.0,0,0
20:13:43,0.0,6.0,85.0,0.0,32.0,0.0,56.0,0,0
20:13:44,0.0,85.0,84.0,0.0,32.0,0.0,15.0,0,0
20:13:45,0.0,92.0,84.0,0.0,32.0,0.0,54.0,0,0
20:13:46,0.0,85.0,84.0,0.0,32.0,0.0,35.0,0,0
20:13:47,0.0,134.0,84.0,0.0,32.0,0.0,40.0,0,0
20:13:48,0.0,145.0,85.0,0.0,32.0,0.0,41.0,0,0
20:13:49,0.0,136.0,83.0,0.0,32.0,0.0,46.0,0,0
20:13:50,0.0,151.0,80.0,0.0,32.0,0.0,38.0,0,0
20:13:51,0.0,219.0,78.0,0.0,32.0,0.0,46.0,0,0
20:13:52,0.0,260.0,78.0,0.0,32.0,0.0,49.0,0,0
20:13:53,0.0,216.0,79.0,0.0,32.0,0.0,50.0,0,0
20:13:54,0.0,173.0,78.0,0.0,32.0,0.0,45.0,0,0
20:13:55,0.0,264.0,78.0,0.0,32.0,0.0,45.0,0,0
20:13:56,0.0,380.0,77.0,0.0,32.0,0.0,48.0,0,0
20:13:57,0.0,398.0,76.0,0.0,32.0,0.0,51.0,0,0
20:13:58,0.0,368.0,73.0,0.0,32.0,0.0,52.0,0,0
20:13:59,0.0,265.0,70.0,0.0,32.0,0.0,49.0,0,0
20:14:00,0.0,261.0,71.0,0.0,32.0,0.0,51.0,0,0
20:14:01,0.0,171.0,73.0,0.0,32.0,0.0,48.0,0,0
20:14:02,0.0,181.0,73.0,0.0,32.0,0.0,46.0,0,0
20:14:03,0.0,192.0,74.0,0.0,32.0,0.0,64.0,0,0
20:14:04,0.0,227.0,78.0,0.0,32.0,0.0,23.0,0,0
20:14:05,0.0,454.0,82.0,0.0,32.0,0.0,51.0,0,0
20:14:06,0.0,462.0,86.0,0.0,32.0,0.0,49.0,0,0
20:14:07,0.0,529.0,90.0,0.0,32.0,0.0,48.0,0,0
20:14:08,0.0,694.0,91.0,0.0,32.0,0.0,47.0,0,0
20:14:09,0.0,709.0,95.0,0.0,32.0,0.0,51.0,0,0
20:14:10,0.0,597.0,99.0,0.0,32.0,0.0,60.0,0,0
20:14:11,0.0,627.0,110.0,0.0,32.0,0.0,44.0,0,0
20:14:12,0.0,894.0,123.0,0.0,32.0,0.0,48.0,0,0
20:14:13,0.0,499.0,128.0,0.0,32.0,0.0,53.0,0,0
20:14:14,0.0,35.0,126.0,0.0,32.0,0.0,65.0,0,0
20:14:15,0.0,9.0,122.0,0.0,32.0,0.0,53.0,0,0
20:14:16,0.0,58.0,116.0,0.0,32.0,0.0,35.0,0,0
20:14:17,0.0,91.0,114.0,0.0,32.0,0.0,40.0,0,0
20:14:18,0.0,205.0,112.0,0.0,32.0,0.0,33.0,0,0
20:14:19,0.0,234.0,111.0,0.0,32.0,0.0,57.0,0,0
20:14:20,0.0,156.0,110.0,0.0,32.0,0.0,48.0,0,0
20:14:21,0.0,106.0,109.0,0.0,32.0,0.0,54.0,0,0
20:14:22,0.0,125.0,108.0,0.0,32.0,0.0,45.0,0,0
20:14:23,0.0,146.0,108.0,0.0,32.0,0.0,35.0,0,0
20:14:24,0.0,257.0,108.0,0.0,32.0,0.0,41.0,0,0
20:14:25,0.0,264.0,106.0,0.0,32.0,0.0,42.0,0,0
20:14:26,0.0,251.0,107.0,0.0,32.0,0.0,52.0,0,0
20:14:27,0.0,283.0,109.0,0.0,32.0,0.0,47.0,0,0
20:14:28,0.0,270.0,111.0,0.0,32.0,0.0,47.0,0,0
20:14:29,0.0,217.0,110.0,0.0,32.0,0.0,51.0,0,0
20:14:30,0.0,178.0,108.0,0.0,32.0,0.0,51.0,0,0
20:14:31,0.0,212.0,105.0,0.0,32.0,0.0,48.0,0,0
20:14:32,0.0,210.0,102.0,0.0,32.0,0.0,50.0,0,0
20:14:33,0.0,292.0,101.0,0.0,32.0,0.0,35.0,0,0
20:14:34,0.0,686.0,101.0,0.0,32.0,0.0,51.0,0,0
20:14:35,0.0,491.0,106.0,0.0,32.0,0.0,54.0,0,0
20:14:36,0.0,329.0,109.0,0.0,32.0,0.0,47.0,0,0
20:14:37,0.0,334.0,108.0,0.0,32.0,0.0,47.0,0,0
20:14:38,0.0,368.0,107.0,0.0,32.0,0.0,48.0,0,0
20:14:39,0.0,381.0,104.0,0.0,32.0,0.0,51.0,0,0
20:14:40,0.0,319.0,101.0,0.0,32.0,0.0,47.0,0,0
20:14:41,0.0,423.0,101.0,0.0,32.0,0.0,47.0,0,0
20:14:42,0.0,376.0,100.0,0.0,32.0,0.0,51.0,0,0
20:14:43,0.0,544.0,100.0,0.0,32.0,0.0,49.0,0,0
20:14:44,0.0,445.0,105.0,0.0,32.0,0.0,52.0,0,0
20:14:45,0.0,295.0,106.0,0.0,32.0,0.0,39.0,0,0
20:14:46,0.0,353.0,108.0,0.0,32.0,0.0,49.0,0,0
20:14:47,0.0,276.0,107.0,0.0,32.0,0.0,54.0,0,0
20:14:48,0.0,167.0,105.0,0.0,32.0,0.0,38.0,0,0
20:14:49,0.0,174.0,105.0,0.0,32.0,0.0,48.0,0,0
20:14:50,0.0,289.0,104.0,0.0,32.0,0.0,48.0,0,0
20:14:51,0.0,384.0,103.0,0.0,32.0,0.0,46.0,0,0
20:14:52,0.0,500.0,104.0,0.0,32.0,0.0,50.0,0,0
20:14:53,0.0,434.0,107.0,0.0,32.0,0.0,62.0,0,0
20:14:54,0.0,210.0,107.0,0.0,32.0,0.0,46.0,0,0
20:14:55,0.0,229.0,108.0,0.0,32.0,0.0,44.0,0,0
20:14:56,0.0,261.0,107.0,0.0,32.0,0.0,49.0,0,0
20:14:57,0.0,196.0,106.0,0.0,32.0,0.0,43.0,0,0
20:14:58,0.0,359.0,106.0,0.0,32.0,0.0,48.0,0,0
20:14:59,0.0,358.0,105.0,0.0,32.0,0.0,33.0,0,0
20:15:00,0.0,378.0,107.0,0.0,32.0,0.0,45.0,0,0
20:15:01,0.0,447.0,108.0,0.0,32.0,0.0,54.0,0,0
20:15:02,0.0,465.0,109.0,0.0,32.0,0.0,56.0,0,0
20:15:03,0.0,292.0,111.0,0.0,32.0,0.0,49.0,0,0
20:15:04,0.0,472.0,108.0,0.0,32.0,0.0,52.0,0,0
20:15:05,0.0,785.0,109.0,0.0,32.0,0.0,51.0,0,0
20:15:06,0.0,389.0,110.0,0.0,32.0,0.0,62.0,0,0
20:15:07,0.0,21.0,108.0,0.0,32.0,0.0,100.0,0,0
20:15:08,0.0,154.0,107.0,0.0,32.0,0.0,26.0,0,0
20:15:09,0.0,299.0,107.0,0.0,32.0,0.0,39.0,0,0
20:15:10,0.0,137.0,106.0,0.0,32.0,0.0,58.0,0,0
20:15:11,0.0,399.0,105.0,0.0,32.0,0.0,34.0,0,0
20:15:12,0.0,739.0,107.0,0.0,32.0,0.0,61.0,0,0
20:15:13,0.0,626.0,109.0,0.0,32.0,0.0,47.0,0,0
20:15:14,0.0,698.0,110.0,0.0,32.0,0.0,53.0,0,0
20:15:15,0.0,355.0,107.0,0.0,32.0,0.0,44.0,0,0
20:15:16,0.0,149.0,94.0,0.0,32.0,0.0,32.0,0,0
20:15:17,0.0,54.0,90.0,0.0,32.0,0.0,71.0,0,0
20:15:18,0.0,16.0,89.0,0.0,32.0,0.0,53.0,0,0
20:15:19,0.0,11.0,88.0,0.0,32.0,0.0,52.0,0,0
20:15:20,0.0,9.0,88.0,0.0,32.0,0.0,57.0,0,0
20:15:21,0.0,16.0,84.0,0.0,32.0,0.0,18.0,0,0
20:15:22,0.0,76.0,82.0,0.0,32.0,0.0,44.0,0,0
20:15:23,0.0,147.0,80.0,0.0,32.0,0.0,36.0,0,0
20:15:24,0.0,204.0,76.0,0.0,32.0,0.0,45.0,0,0
20:15:25,0.0,220.0,75.0,0.0,32.0,0.0,44.0,0,0
20:15:26,0.0,252.0,73.0,0.0,32.0,0.0,48.0,0,0
20:15:27,0.0,261.0,70.0,0.0,32.0,0.0,45.0,0,0
20:15:28,0.0,381.0,66.0,0.0,32.0,0.0,47.0,0,0
20:15:29,0.0,310.0,63.0,0.0,32.0,0.0,51.0,0,0
20:15:30,0.0,229.0,62.0,0.0,32.0,0.0,49.0,0,0
20:15:31,0.0,99.0,62.0,0.0,32.0,0.0,58.0,0,0
20:15:32,0.0,12.0,62.0,0.0,32.0,0.0,34.0,0,0
20:15:33,0.0,0.0,63.0,0.0,32.0,0.0,100.0,0,0
20:15:34,0.0,2.0,65.0,0.0,32.0,0.0,0.0,0,0
20:15:35,0.0,43.0,69.0,0.0,32.0,0.0,18.0,0,0
20:15:36,0.0,65.0,74.0,0.0,32.0,0.0,44.0,0,0
20:15:37,0.0,57.0,76.0,0.0,32.0,0.0,53.0,0,0
20:15:38,0.0,8.0,76.0,0.0,32.0,0.0,4.0,0,0
20:15:39,0.0,153.0,75.0,0.0,32.0,0.0,30.0,0,0
20:15:40,0.0,235.0,73.0,0.0,32.0,0.0,47.0,0,0
20:15:41,0.0,255.0,70.0,0.0,32.0,0.0,45.0,0,0
20:15:42,0.0,293.0,66.0,0.0,32.0,0.0,44.0,0,0
20:15:43,0.0,274.0,63.0,0.0,32.0,0.0,47.0,0,0
20:15:44,0.0,196.0,62.0,0.0,32.0,0.0,49.0,0,0
20:15:45,0.0,151.0,62.0,0.0,32.0,0.0,45.0,0,0
20:15:46,0.0,104.0,62.0,0.0,32.0,0.0,50.0,0,0
20:15:47,0.0,48.0,64.0,0.0,32.0,0.0,33.0,0,0
20:15:48,0.0,45.0,67.0,0.0,32.0,0.0,18.0,0,0
20:15:49,0.0,45.0,68.0,0.0,32.0,0.0,31.0,0,0
20:15:50,0.0,111.0,74.0,0.0,32.0,0.0,14.0,0,0
20:15:51,0.0,334.0,79.0,0.0,32.0,0.0,51.0,0,0
20:15:52,0.0,419.0,83.0,0.0,32.0,0.0,44.0,0,0
20:15:53,0.0,498.0,84.0,0.0,32.0,0.0,42.0,0,0
20:15:54,0.0,534.0,85.0,0.0,32.0,0.0,51.0,0,0
20:15:55,0.0,680.0,89.0,0.0,32.0,0.0,47.0,0,0
20:15:56,0.0,761.0,91.0,0.0,32.0,0.0,58.0,0,0
20:15:57,0.0,577.0,101.0,0.0,32.0,0.0,50.0,0,0
20:15:58,0.0,441.0,115.0,0.0,32.0,0.0,42.0,0,0
20:15:59,0.0,980.0,118.0,0.0,32.0,0.0,54.0,0,0
20:16:00,0.0,893.0,123.0,0.0,32.0,0.0,51.0,0,0
20:16:01,0.0,913.0,124.0,0.0,32.0,0.0,50.0,0,0
20:16:02,0.0,857.0,124.0,0.0,32.0,0.0,47.0,0,0
20:16:03,0.0,787.0,124.0,0.0,32.0,0.0,46.0,0,0
20:16:04,0.0,650.0,126.0,0.0,32.0,0.0,54.0,0,0
20:16:05,0.0,310.0,129.0,0.0,32.0,0.0,52.0,0,0
20:16:06,0.0,471.0,130.0,0.0,32.0,0.0,47.0,0,0
20:16:07,0.0,729.0,130.0,0.0,32.0,0.0,45.0,0,0
20:16:08,0.0,917.0,130.0,0.0,32.0,0.0,49.0,0,0
20:16:09,0.0,852.0,129.0,0.0,32.0,0.0,51.0,0,0
20:16:10,0.0,793.0,129.0,0.0,32.0,0.0,48.0,0,0
20:16:11,0.0,623.0,130.0,0.0,32.0,0.0,50.0,0,0
20:16:12,0.0,481.0,132.0,0.0,32.0,0.0,49.0,0,0
20:16:13,0.0,292.0,134.0,0.0,32.0,0.0,42.0,0,0
20:16:14,0.0,406.0,131.0,0.0,32.0,0.0,48.0,0,0
20:16:15,0.0,319.0,129.0,0.0,32.0,0.0,36.0,0,0
20:16:16,0.0,567.0,129.0,0.0,32.0,0.0,51.0,0,0
20:16:17,0.0,496.0,128.0,0.0,32.0,0.0,47.0,0,0
20:16:18,0.0,489.0,129.0,0.0,32.0,0.0,47.0,0,0
20:16:19,0.0,500.0,130.0,0.0,32.0,0.0,45.0,0,0
20:16:20,0.0,832.0,132.0,0.0,32.0,0.0,51.0,0,0
20:16:21,0.0,875.0,133.0,0.0,32.0,0.0,51.0,0,0
20:16:22,0.0,765.0,133.0,0.0,32.0,0.0,51.0,0,0
20:16:23,0.0,514.0,133.0,0.0,32.0,0.0,52.0,0,0
20:16:24,0.0,280.0,132.0,0.0,32.0,0.0,45.0,0,0
20:16:25,0.0,329.0,133.0,0.0,32.0,0.0,42.0,0,0
20:16:26,0.0,299.0,132.0,0.0,32.0,0.0,48.0,0,0
20:16:27,0.0,170.0,129.0,0.0,32.0,0.0,22.0,0,0
20:16:28,0.0,326.0,128.0,0.0,32.0,0.0,61.0,0,0
20:16:29,0.0,131.0,125.0,0.0,32.0,0.0,80.0,0,0
20:16:30,0.0,240.0,121.0,0.0,32.0,0.0,41.0,0,0
20:16:31,0.0,184.0,118.0,0.0,32.0,0.0,32.0,0,0
20:16:32,0.0,369.0,116.0,0.0,32.0,0.0,58.0,0,0
20:16:33,0.0,266.0,104.0,0.0,32.0,0.0,47.0,0,0
20:16:34,0.0,46.0,97.0,0.0,32.0,0.0,50.0,0,0
20:16:35,0.0,47.0,97.0,0.0,32.0,0.0,47.0,0,0
20:16:36,0.0,23.0,96.0,0.0,32.0,0.0,62.0,0,0
20:16:37,0.0,14.0,95.0,0.0,32.0,0.0,68.0,0,0
20:16:38,0.0,15.0,92.0,0.0,32.0,0.0,51.0,0,0
20:16:39,0.0,26.0,91.0,0.0,32.0,0.0,30.0,0,0
20:16:40,0.0,58.0,88.0,0.0,32.0,0.0,37.0,0,0
20:16:41,0.0,106.0,82.0,0.0,32.0,0.0,36.0,0,0
20:16:42,0.0,107.0,75.0,0.0,32.0,0.0,36.0,0,0
20:16:43,0.0,88.0,69.0,0.0,32.0,0.0,46.0,0,0
20:16:44,0.0,41.0,64.0,0.0,32.0,0.0,33.0,0,0
20:16:45,0.0,4.0,63.0,0.0,32.0,0.0,57.0,0,0
20:16:46,0.0,0.0,62.0,0.0,32.0,0.0,255.0,0,0
20:16:47,0.0,0.0,63.0,0.0,32.0,0.0,255.0,0,0
20:16:48,0.0,0.0,68.0,0.0,32.0,0.0,255.0,0,0
20:16:49,0.0,59.0,73.0,0.0,32.0,0.0,3.0,0,0
20:16:50,0.0,140.0,77.0,0.0,32.0,0.0,41.0,0,0
20:16:51,0.0,119.0,78.0,0.0,32.0,0.0,51.0,0,0
20:16:52,0.0,127.0,77.0,0.0,32.0,0.0,35.0,0,0
20:16:53,0.0,289.0,75.0,0.0,32.0,0.0,41.0,0,0
20:16:54,0.0,344.0,73.0,0.0,32.0,0.0,47.0,0,0
20:16:55,0.0,352.0,70.0,0.0,32.0,0.0,47.0,0,0
20:16:56,0.0,240.0,71.0,0.0,32.0,0.0,52.0,0,0
20:16:57,0.0,185.0,71.0,0.0,32.0,0.0,39.0,0,0
20:16:58,0.0,135.0,71.0,0.0,32.0,0.0,53.0,0,0
20:16:59,0.0,146.0,71.0,0.0,32.0,0.0,41.0,0,0
20:17:00,0.0,177.0,72.0,0.0,32.0,0.0,39.0,0,0
20:17:01,0.0,243.0,76.0,0.0,32.0,0.0,40.0,0,0
20:17:02,0.0,152.0,80.0,0.0,32.0,0.0,61.0,0,0
20:17:03,0.0,269.0,82.0,0.0,32.0,0.0,45.0,0,0
20:17:04,0.0,245.0,84.0,0.0,32.0,0.0,45.0,0,0
20:17:05,0.0,371.0,84.0,0.0,32.0,0.0,47.0,0,0
20:17:06,0.0,479.0,84.0,0.0,32.0,0.0,47.0,0,0
20:17:07,0.0,564.0,84.0,0.0,32.0,0.0,47.0,0,0
20:17:08,0.0,616.0,87.0,0.0,32.0,0.0,52.0,0,0
20:17:09,0.0,607.0,92.0,0.0,32.0,0.0,48.0,0,0
20:17:10,0.0,506.0,97.0,0.0,32.0,0.0,51.0,0,0
20:17:11,0.0,891.0,120.0,0.0,32.0,0.0,50.0,0,0
20:17:12,0.0,784.0,128.0,0.0,32.0,0.0,51.0,0,0
20:17:13,0.0,543.0,126.0,0.0,32.0,0.0,47.0,0,0
20:17:14,0.0,453.0,126.0,0.0,32.0,0.0,49.0,0,0
20:17:15,0.0,365.0,125.0,0.0,32.0,0.0,45.0,0,0
20:17:16,0.0,501.0,128.0,0.0,32.0,0.0,49.0,0,0
20:17:17,0.0,479.0,129.0,0.0,32.0,0.0,49.0,0,0
20:17:18,0.0,526.0,130.0,0.0,32.0,0.0,45.0,0,0
20:17:19,0.0,656.0,128.0,0.0,32.0,0.0,50.0,0,0
20:17:20,0.0,473.0,126.0,0.0,32.0,0.0,45.0,0,0
20:17:21,0.0,347.0,124.0,0.0,32.0,0.0,51.0,0,0
20:17:22,0.0,362.0,123.0,0.0,32.0,0.0,44.0,0,0
20:17:23,0.0,555.0,125.0,0.0,32.0,0.0,48.0,0,0
20:17:24,0.0,744.0,128.0,0.0,32.0,0.0,50.0,0,0
20:17:25,0.0,511.0,131.0,0.0,32.0,0.0,48.0,0,0
20:17:26,0.0,304.0,127.0,0.0,32.0,0.0,51.0,0,0
20:17:27,0.0,247.0,124.0,0.0,32.0,0.0,46.0,0,0
20:17:28,0.0,184.0,123.0,0.0,32.0,0.0,50.0,0,0
20:17:29,0.0,70.0,121.0,0.0,32.0,0.0,63.0,0,0
20:17:30,0.0,83.0,120.0,0.0,32.0,0.0,61.0,0,0
20:17:31,0.0,30.0,120.0,0.0,32.0,0.0,60.0,0,0
20:17:32,0.0,33.0,118.0,0.0,32.0,0.0,48.0,0,0
20:17:33,0.0,147.0,115.0,0.0,32.0,0.0,30.0,0,0
20:17:34,0.0,303.0,114.0,0.0,32.0,0.0,49.0,0,0
20:17:35,0.0,437.0,112.0,0.0,32.0,0.0,47.0,0,0
20:17:36,0.0,367.0,114.0,0.0,32.0,0.0,43.0,0,0
20:17:37,0.0,488.0,114.0,0.0,32.0,0.0,43.0,0,0
20:17:38,0.0,258.0,117.0,0.0,32.0,0.0,59.0,0,0
20:17:39,0.0,150.0,115.0,0.0,32.0,0.0,41.0,0,0
20:17:40,0.0,298.0,112.0,0.0,32.0,0.0,42.0,0,0
20:17:41,0.0,370.0,111.0,0.0,32.0,0.0,53.0,0,0
20:17:42,0.0,426.0,110.0,0.0,32.0,0.0,50.0,0,0
20:17:43,0.0,333.0,111.0,0.0,32.0,0.0,45.0,0,0
20:17:44,0.0,315.0,110.0,0.0,32.0,0.0,55.0,0,0
20:17:45,0.0,374.0,109.0,0.0,32.0,0.0,45.0,0,0
20:17:46,0.0,490.0,110.0,0.0,32.0,0.0,48.0,0,0
20:17:47,0.0,443.0,110.0,0.0,32.0,0.0,49.0,0,0
20:17:48,0.0,255.0,110.0,0.0,32.0,0.0,41.0,0,0
20:17:49,0.0,354.0,111.0,0.0,32.0,0.0,39.0,0,0
20:17:50,0.0,324.0,111.0,0.0,32.0,0.0,41.0,0,0
20:17:51,0.0,477.0,111.0,0.0,32.0,0.0,46.0,0,0
20:17:52,0.0,266.0,109.0,0.0,32.0,0.0,45.0,0,0
20:17:53,0.0,129.0,98.0,0.0,32.0,0.0,42.0,0,0
20:17:54,0.0,13.0,87.0,0.0,32.0,0.0,55.0,0,0
20:17:55,0.0,7.0,87.0,0.0,32.0,0.0,46.0,0,0
20:17:56,0.0,5.0,87.0,0.0,32.0,0.0,30.0,0,0
20:17:57,0.0,2.0,86.0,0.0,32.0,0.0,0.0,0,0
20:17:58,0.0,2.0,85.0,0.0,32.0,0.0,0.0,0,0
20:17:59,0.0,6.0,83.0,0.0,32.0,0.0,58.0,0,0
20:18:00,0.0,11.0,82.0,0.0,32.0,0.0,52.0,0,0
20:18:01,0.0,46.0,81.0,0.0,32.0,0.0,21.0,0,0
20:18:02,0.0,170.0,79.0,0.0,32.0,0.0,33.0,0,0
20:18:03,0.0,248.0,78.0,0.0,32.0,0.0,48.0,0,0
20:18:04,0.0,213.0,77.0,0.0,32.0,0.0,47.0,0,0
20:18:05,0.0,258.0,69.0,0.0,32.0,0.0,46.0,0,0
20:18:06,0.0,226.0,66.0,0.0,32.0,0.0,47.0,0,0
20:18:07,0.0,120.0,65.0,0.0,32.0,0.0,42.0,0,0
20:18:08,0.0,60.0,64.0,0.0,32.0,0.0,55.0,0,0
20:18:09,0.0,43.0,62.0,0.0,32.0,0.0,41.0,0,0
20:18:10,0.0,6.0,61.0,0.0,32.0,0.0,100.0,0,0
20:18:11,0.0,0.0,62.0,0.0,32.0,0.0,255.0,0,0
20:18:12,0.0,0.0,64.0,0.0,32.0,0.0,255.0,0,0
20:18:13,0.0,0.0,69.0,0.0,32.0,0.0,255.0,0,0
20:18:14,0.0,4.0,73.0,0.0,32.0,0.0,0.0,0,0
20:18:15,0.0,74.0,75.0,0.0,32.0,0.0,30.0,0,0
20:18:16,0.0,118.0,75.0,0.0,32.0,0.0,37.0,0,0
20:18:17,0.0,204.0,74.0,0.0,32.0,0.0,43.0,0,0
20:18:18,0.0,240.0,72.0,0.0,32.0,0.0,47.0,0,0
20:18:19,0.0,334.0,69.0,0.0,32.0,0.0,48.0,0,0
20:18:20,0.0,320.0,64.0,0.0,32.0,0.0,48.0,0,0
20:18:21,0.0,227.0,62.0,0.0,32.0,0.0,51.0,0,0
20:18:22,0.0,304.0,64.0,0.0,32.0,0.0,38.0,0,0
20:18:23,0.0,202.0,65.0,0.0,32.0,0.0,46.0,0,0
20:18:24,0.0,220.0,65.0,0.0,32.0,0.0,50.0,0,0
20:18:25,0.0,180.0,67.0,0.0,32.0,0.0,57.0,0,0
20:18:26,0.0,85.0,69.0,0.0,32.0,0.0,61.0,0,0
20:18:27,0.0,215.0,72.0,0.0,32.0,0.0,26.0,0,0
20:18:28,0.0,204.0,80.0,0.0,32.0,0.0,42.0,0,0
20:18:29,0.0,285.0,84.0,0.0,32.0,0.0,51.0,0,0
20:18:30,0.0,279.0,85.0,0.0,32.0,0.0,46.0,0,0
20:18:31,0.0,417.0,88.0,0.0,32.0,0.0,49.0,0,0
20:18:32,0.0,563.0,91.0,0.0,32.0,0.0,49.0,0,0
20:18:33,0.0,544.0,92.0,0.0,32.0,0.0,51.0,0,0
20:18:34,0.0,525.0,94.0,0.0,32.0,0.0,49.0,0,0
20:18:35,0.0,850.0,112.0,0.0,32.0,0.0,54.0,0,0
20:18:36,0.0,241.0,121.0,0.0,32.0,0.0,83.0,0,0
20:18:37,0.0,115.0,118.0,0.0,32.0,0.0,48.0,0,0
20:18:38,0.0,338.0,115.0,0.0,32.0,0.0,34.0,0,0
20:18:39,0.0,812.0,115.0,0.0,32.0,0.0,54.0,0,0
20:18:40,0.0,461.0,116.0,0.0,32.0,0.0,40.0,0,0
20:18:41,0.0,473.0,117.0,0.0,32.0,0.0,45.0,0,0
20:18:42,0.0,619.0,118.0,0.0,32.0,0.0,47.0,0,0
20:18:43,0.0,779.0,122.0,0.0,32.0,0.0,41.0,0,0
20:18:44,0.0,972.0,123.0,0.0,32.0,0.0,50.0,0,0
20:18:45,0.0,999.0,124.0,0.0,32.0,0.0,53.0,0,0
20:18:46,0.0,471.0,125.0,0.0,32.0,0.0,46.0,0,0
20:18:47,0.0,399.0,123.0,0.0,32.0,0.0,29.0,0,0
20:18:48,0.0,907.0,124.0,0.0,32.0,0.0,51.0,0,0
20:18:49,0.0,868.0,127.0,0.0,32.0,0.0,49.0,0,0
20:18:50,0.0,892.0,130.0,0.0,32.0,0.0,50.0,0,0
20:18:51,0.0,871.0,131.0,0.0,32.0,0.0,49.0,0,0
20:18:52,0.0,914.0,132.0,0.0,32.0,0.0,49.0,0,0
20:18:53,0.0,865.0,133.0,0.0,32.0,0.0,49.0,0,0
20:18:54,0.0,641.0,133.0,0.0,32.0,0.0,41.0,0,0
20:18:55,0.0,576.0,132.0,0.0,32.0,0.0,45.0,0,0
20:18:56,0.0,641.0,134.0,0.0,32.0,0.0,46.0,0,0
20:18:57,0.0,698.0,135.0,0.0,32.0,0.0,53.0,0,0
20:18:58,0.0,189.0,135.0,0.0,32.0,0.0,53.0,0,0
20:18:59,0.0,226.0,131.0,0.0,32.0,0.0,50.0,0,0
20:19:00,0.0,314.0,129.0,0.0,32.0,0.0,42.0,0,0
20:19:01,0.0,634.0,129.0,0.0,32.0,0.0,51.0,0,0
20:19:02,0.0,543.0,131.0,0.0,32.0,0.0,45.0,0,0
20:19:03,0.0,739.0,133.0,0.0,32.0,0.0,50.0,0,0
20:19:04,0.0,800.0,134.0,0.0,32.0,0.0,52.0,0,0
20:19:05,0.0,784.0,134.0,0.0,32.0,0.0,54.0,0,0
20:19:06,0.0,675.0,134.0,0.0,32.0,0.0,50.0,0,0
20:19:07,0.0,670.0,133.0,0.0,32.0,0.0,49.0,0,0
20:19:08,0.0,591.0,133.0,0.0,32.0,0.0,51.0,0,0
20:19:09,0.0,483.0,136.0,0.0,32.0,0.0,47.0,0,0
20:19:10,0.0,475.0,138.0,0.0,32.0,0.0,45.0,0,0
20:19:11,0.0,568.0,138.0,0.0,32.0,0.0,50.0,0,0
20:19:12,0.0,384.0,135.0,0.0,32.0,0.0,46.0,0,0
20:19:13,0.0,280.0,131.0,0.0,32.0,0.0,58.0,0,0
20:19:14,0.0,74.0,125.0,0.0,32.0,0.0,52.0,0,0
20:19:15,0.0,193.0,112.0,0.0,32.0,0.0,40.0,0,0
20:19:16,0.0,74.0,103.0,0.0,32.0,0.0,63.0,0,0
20:19:17,0.0,28.0,98.0,0.0,32.0,0.0,66.0,0,0
20:19:18,0.0,15.0,92.0,0.0,32.0,0.0,64.0,0,0
20:19:19,0.0,10.0,86.0,0.0,32.0,0.0,66.0,0,0
20:19:20,0.0,16.0,86.0,0.0,32.0,0.0,59.0,0,0
20:19:21,0.0,23.0,87.0,0.0,32.0,0.0,35.0,0,0
20:19:22,0.0,52.0,87.0,0.0,32.0,0.0,38.0,0,0
20:19:23,0.0,85.0,86.0,0.0,32.0,0.0,40.0,0,0
20:19:24,0.0,129.0,82.0,0.0,32.0,0.0,40.0,0,0
20:19:25,0.0,177.0,79.0,0.0,32.0,0.0,41.0,0,0
20:19:26,0.0,159.0,73.0,0.0,32.0,0.0,50.0,0,0
20:19:27,0.0,138.0,69.0,0.0,32.0,0.0,50.0,0,0
20:19:28,0.0,71.0,67.0,0.0,32.0,0.0,56.0,0,0
20:19:29,0.0,12.0,67.0,0.0,32.0,0.0,52.0,0,0
20:19:30,0.0,14.0,67.0,0.0,32.0,0.0,42.0,0,0
20:19:31,0.0,0.0,66.0,0.0,32.0,0.0,255.0,0,0
20:19:32,0.0,0.0,67.0,0.0,32.0,0.0,255.0,0,0
20:19:33,0.0,0.0,71.0,0.0,32.0,0.0,255.0,0,0
20:19:34,0.0,6.0,76.0,0.0,32.0,0.0,7.0,0,0
20:19:35,0.0,80.0,79.0,0.0,32.0,0.0,20.0,0,0
20:19:36,0.0,150.0,80.0,0.0,32.0,0.0,31.0,0,0
20:19:37,0.0,254.0,77.0,0.0,32.0,0.0,48.0,0,0
20:19:38,0.0,370.0,75.0,0.0,32.0,0.0,48.0,0,0
20:19:39,0.0,392.0,71.0,0.0,32.0,0.0,49.0,0,0
20:19:40,0.0,338.0,69.0,0.0,32.0,0.0,48.0,0,0
20:19:41,0.0,343.0,69.0,0.0,32.0,0.0,48.0,0,0
20:19:42,0.0,345.0,71.0,0.0,32.0,0.0,49.0,0,0
20:19:43,0.0,512.0,72.0,0.0,32.0,0.0,48.0,0,0
20:19:44,0.0,417.0,79.0,0.0,32.0,0.0,54.0,0,0
20:19:45,0.0,369.0,88.0,0.0,32.0,0.0,44.0,0,0
20:19:46,0.0,392.0,95.0,0.0,32.0,0.0,57.0,0,0
20:19:47,0.0,547.0,97.0,0.0,32.0,0.0,50.0,0,0
20:19:48,0.0,687.0,100.0,0.0,32.0,0.0,56.0,0,0
20:19:49,0.0,418.0,103.0,0.0,32.0,0.0,59.0,0,0
20:19:50,0.0,728.0,119.0,0.0,32.0,0.0,50.0,0,0
20:19:51,0.0,799.0,130.0,0.0,32.0,0.0,48.0,0,0
20:19:52,0.0,594.0,133.0,0.0,32.0,0.0,45.0,0,0
20:19:53,0.0,564.0,132.0,0.0,32.0,0.0,45.0,0,0
20:19:54,0.0,387.0,129.0,0.0,32.0,0.0,47.0,0,0
20:19:55,0.0,294.0,127.0,0.0,32.0,0.0,43.0,0,0
20:19:56,0.0,275.0,125.0,0.0,32.0,0.0,55.0,0,0
20:19:57,0.0,171.0,123.0,0.0,32.0,0.0,39.0,0,0
20:19:58,0.0,387.0,123.0,0.0,32.0,0.0,65.0,0,0
20:19:59,0.0,373.0,123.0,0.0,32.0,0.0,41.0,0,0
20:20:00,0.0,465.0,123.0,0.0,32.0,0.0,47.0,0,0
20:20:01,0.0,378.0,121.0,0.0,32.0,0.0,54.0,0,0
20:20:02,0.0,454.0,120.0,0.0,32.0,0.0,51.0,0,0
20:20:03,0.0,466.0,120.0,0.0,32.0,0.0,45.0,0,0
20:20:04,0.0,590.0,120.0,0.0,32.0,0.0,52.0,0,0
20:20:05,0.0,503.0,123.0,0.0,32.0,0.0,46.0,0,0
20:20:06,0.0,474.0,125.0,0.0,32.0,0.0,48.0,0,0
20:20:07,0.0,513.0,126.0,0.0,32.0,0.0,48.0,0,0
20:20:08,0.0,619.0,126.0,0.0,32.0,0.0,56.0,0,0
20:20:09,0.0,439.0,124.0,0.0,32.0,0.0,47.0,0,0
20:20:10,0.0,387.0,123.0,0.0,32.0,0.0,53.0,0,0
20:20:11,0.0,105.0,122.0,0.0,32.0,0.0,71.0,0,0
20:20:12,0.0,81.0,120.0,0.0,32.0,0.0,41.0,0,0
20:20:13,0.0,223.0,118.0,0.0,32.0,0.0,40.0,0,0
20:20:14,0.0,372.0,116.0,0.0,32.0,0.0,48.0,0,0
20:20:15,0.0,410.0,118.0,0.0,32.0,0.0,47.0,0,0
20:20:16,0.0,394.0,118.0,0.0,32.0,0.0,47.0,0,0
20:20:17,0.0,301.0,118.0,0.0,32.0,0.0,43.0,0,0
20:20:18,0.0,399.0,118.0,0.0,32.0,0.0,51.0,0,0
20:20:19,0.0,337.0,118.0,0.0,32.0,0.0,41.0,0,0
20:20:20,0.0,407.0,120.0,0.0,32.0,0.0,46.0,0,0
20:20:21,0.0,426.0,119.0,0.0,32.0,0.0,47.0,0,0
20:20:22,0.0,445.0,119.0,0.0,32.0,0.0,42.0,0,0
20:20:23,0.0,226.0,120.0,0.0,32.0,0.0,34.0,0,0
20:20:24,0.0,378.0,116.0,0.0,32.0,0.0,51.0,0,0
20:20:25,0.0,331.0,115.0,0.0,32.0,0.0,73.0,0,0
20:20:26,0.0,206.0,113.0,0.0,32.0,0.0,41.0,0,0
20:20:27,0.0,403.0,113.0,0.0,32.0,0.0,48.0,0,0
20:20:28,0.0,365.0,112.0,0.0,32.0,0.0,49.0,0,0
20:20:29,0.0,180.0,100.0,0.0,32.0,0.0,50.0,0,0
20:20:30,0.0,55.0,96.0,0.0,32.0,0.0,60.0,0,0
20:20:31,0.0,18.0,94.0,0.0,32.0,0.0,62.0,0,0
20:20:32,0.0,14.0,90.0,0.0,32.0,0.0,31.0,0,0
20:20:33,0.0,75.0,89.0,0.0,32.0,0.0,37.0,0,0
20:20:34,0.0,146.0,85.0,0.0,32.0,0.0,43.0,0,0
20:20:35,0.0,194.0,82.0,0.0,32.0,0.0,44.0,0,0
20:20:36,0.0,263.0,78.0,0.0,32.0,0.0,44.0,0,0
20:20:37,0.0,328.0,72.0,0.0,32.0,0.0,48.0,0,0
20:20:38,0.0,222.0,66.0,0.0,32.0,0.0,52.0,0,0
20:20:39,0.0,129.0,65.0,0.0,32.0,0.0,50.0,0,0
20:20:40,0.0,139.0,64.0,0.0,32.0,0.0,27.0,0,0
20:20:41,0.0,156.0,64.0,0.0,32.0,0.0,54.0,0,0
20:20:42,0.0,164.0,66.0,0.0,32.0,0.0,51.0,0,0
20:20:43,0.0,71.0,69.0,0.0,32.0,0.0,67.0,0,0
20:20:44,0.0,21.0,71.0,0.0,32.0,0.0,53.0,0,0
20:20:45,0.0,56.0,75.0,0.0,32.0,0.0,39.0,0,0
20:20:46,0.0,105.0,80.0,0.0,32.0,0.0,37.0,0,0
20:20:47,0.0,127.0,80.0,0.0,32.0,0.0,38.0,0,0
20:20:48,0.0,181.0,78.0,0.0,32.0,0.0,40.0,0,0
20:20:49,0.0,304.0,76.0,0.0,32.0,0.0,46.0,0,0
20:20:50,0.0,322.0,73.0,0.0,32.0,0.0,47.0,0,0
20:20:51,0.0,319.0,69.0,0.0,32.0,0.0,45.0,0,0
20:20:52,0.0,312.0,67.0,0.0,32.0,0.0,46.0,0,0
20:20:53,0.0,232.0,69.0,0.0,32.0,0.0,51.0,0,0
20:20:54,0.0,209.0,70.0,0.0,32.0,0.0,43.0,0,0
20:20:55,0.0,276.0,71.0,0.0,32.0,0.0,47.0,0,0
20:20:56,0.0,198.0,72.0,0.0,32.0,0.0,54.0,0,0
20:20:57,0.0,87.0,74.0,0.0,32.0,0.0,60.0,0,0
20:20:58,0.0,106.0,79.0,0.0,32.0,0.0,46.0,0,0
20:20:59,0.0,147.0,84.0,0.0,32.0,0.0,39.0,0,0
20:21:00,0.0,179.0,85.0,0.0,32.0,0.0,41.0,0,0
20:21:01,0.0,189.0,84.0,0.0,32.0,0.0,46.0,0,0
20:21:02,0.0,173.0,82.0,0.0,32.0,0.0,41.0,0,0
20:21:03,0.0,322.0,77.0,0.0,32.0,0.0,45.0,0,0
20:21:04,0.0,372.0,73.0,0.0,32.0,0.0,49.0,0,0
20:21:05,0.0,364.0,73.0,0.0,32.0,0.0,48.0,0,0
20:21:06,0.0,308.0,78.0,0.0,32.0,0.0,40.0,0,0
20:21:07,0.0,303.0,84.0,0.0,32.0,0.0,36.0,0,0
20:21:08,0.0,448.0,90.0,0.0,32.0,0.0,50.0,0,0
20:21:09,0.0,534.0,94.0,0.0,32.0,0.0,60.0,0,0
20:21:10,0.0,417.0,97.0,0.0,32.0,0.0,54.0,0,0
20:21:11,0.0,340.0,101.0,0.0,32.0,0.0,50.0,0,0
20:21:12,0.0,612.0,118.0,0.0,32.0,0.0,54.0,0,0
20:21:13,0.0,446.0,121.0,0.0,32.0,0.0,43.0,0,0
20:21:14,0.0,349.0,123.0,0.0,32.0,0.0,45.0,0,0
20:21:15,0.0,292.0,122.0,0.0,32.0,0.0,36.0,0,0
20:21:16,0.0,485.0,122.0,0.0,32.0,0.0,47.0,0,0
20:21:17,0.0,817.0,124.0,0.0,32.0,0.0,51.0,0,0
20:21:18,0.0,844.0,125.0,0.0,32.0,0.0,53.0,0,0
20:21:19,0.0,572.0,125.0,0.0,32.0,0.0,50.0,0,0
20:21:20,0.0,579.0,123.0,0.0,32.0,0.0,51.0,0,0
20:21:21,0.0,388.0,123.0,0.0,32.0,0.0,43.0,0,0
20:21:22,0.0,555.0,124.0,0.0,32.0,0.0,46.0,0,0
20:21:23,0.0,839.0,125.0,0.0,32.0,0.0,53.0,0,0
20:21:24,0.0,692.0,126.0,0.0,32.0,0.0,47.0,0,0
20:21:25,0.0,845.0,126.0,0.0,32.0,0.0,50.0,0,0
20:21:26,0.0,721.0,126.0,0.0,32.0,0.0,45.0,0,0
20:21:27,0.0,862.0,126.0,0.0,32.0,0.0,50.0,0,0
20:21:28,0.0,831.0,127.0,0.0,32.0,0.0,49.0,0,0
20:21:29,0.0,907.0,131.0,0.0,32.0,0.0,51.0,0,0
20:21:30,0.0,964.0,134.0,0.0,32.0,0.0,51.0,0,0
20:21:31,0.0,918.0,136.0,0.0,32.0,0.0,51.0,0,0
20:21:32,0.0,672.0,134.0,0.0,32.0,0.0,48.0,0,0
20:21:33,0.0,462.0,132.0,0.0,32.0,0.0,39.0,0,0
20:21:34,0.0,632.0,130.0,0.0,32.0,0.0,47.0,0,0
20:21:35,0.0,622.0,130.0,0.0,32.0,0.0,51.0,0,0
20:21:36,0.0,505.0,132.0,0.0,32.0,0.0,47.0,0,0
20:21:37,0.0,576.0,134.0,0.0,32.0,0.0,52.0,0,0
20:21:38,0.0,202.0,132.0,0.0,32.0,0.0,39.0,0,0
20:21:39,0.0,75.0,128.0,0.0,32.0,0.0,48.0,0,0
20:21:40,0.0,88.0,126.0,0.0,32.0,0.0,34.0,0,0
20:21:41,0.0,153.0,124.0,0.0,32.0,0.0,43.0,0,0
20:21:42,0.0,264.0,123.0,0.0,32.0,0.0,45.0,0,0
20:21:43,0.0,426.0,125.0,0.0,32.0,0.0,51.0,0,0
20:21:44,0.0,360.0,125.0,0.0,32.0,0.0,51.0,0,0
20:21:45,0.0,338.0,124.0,0.0,32.0,0.0,49.0,0,0
20:21:46,0.0,335.0,121.0,0.0,32.0,0.0,48.0,0,0
20:21:47,0.0,314.0,120.0,0.0,32.0,0.0,55.0,0,0
20:21:48,0.0,179.0,119.0,0.0,32.0,0.0,48.0,0,0
20:21:49,0.0,200.0,117.0,0.0,32.0,0.0,50.0,0,0
20:21:50,0.0,401.0,115.0,0.0,32.0,0.0,46.0,0,0
20:21:51,0.0,269.0,115.0,0.0,32.0,0.0,66.0,0,0
20:21:52,0.0,344.0,115.0,0.0,32.0,0.0,49.0,0,0
20:21:53,0.0,175.0,116.0,0.0,32.0,0.0,71.0,0,0
20:21:54,0.0,200.0,113.0,0.0,32.0,0.0,43.0,0,0
20:21:55,0.0,474.0,113.0,0.0,32.0,0.0,45.0,0,0
20:21:56,0.0,452.0,114.0,0.0,32.0,0.0,49.0,0,0
20:21:57,0.0,457.0,115.0,0.0,32.0,0.0,50.0,0,0
20:21:58,0.0,284.0,110.0,0.0,32.0,0.0,45.0,0,0
20:21:59,0.0,113.0,98.0,0.0,32.0,0.0,56.0,0,0
20:22:00,0.0,33.0,97.0,0.0,32.0,0.0,65.0,0,0
20:22:01,0.0,12.0,94.0,0.0,32.0,0.0,54.0,0,0
20:22:02,0.0,5.0,92.0,0.0,32.0,0.0,54.0,0,0
20:22:03,0.0,9.0,89.0,0.0,32.0,0.0,33.0,0,0
20:22:04,0.0,54.0,88.0,0.0,32.0,0.0,52.0,0,0
20:22:05,0.0,71.0,87.0,0.0,32.0,0.0,40.0,0,0
20:22:06,0.0,191.0,83.0,0.0,32.0,0.0,42.0,0,0
20:22:07,0.0,269.0,77.0,0.0,32.0,0.0,48.0,0,0
20:22:08,0.0,224.0,71.0,0.0,32.0,0.0,63.0,0,0
20:22:09,0.0,181.0,69.0,0.0,32.0,0.0,47.0,0,0
20:22:10,0.0,118.0,68.0,0.0,32.0,0.0,50.0,0,0
20:22:11,0.0,47.0,66.0,0.0,32.0,0.0,61.0,0,0
20:22:12,0.0,8.0,65.0,0.0,32.0,0.0,68.0,0,0
20:22:13,0.0,0.0,66.0,0.0,32.0,0.0,100.0,0,0
20:22:14,0.0,5.0,70.0,0.0,32.0,0.0,0.0,0,0
20:22:15,0.0,26.0,73.0,0.0,32.0,0.0,7.0,0,0
20:22:16,0.0,125.0,76.0,0.0,32.0,0.0,37.0,0,0
20:22:17,0.0,184.0,76.0,0.0,32.0,0.0,42.0,0,0
20:22:18,0.0,223.0,76.0,0.0,32.0,0.0,46.0,0,0
20:22:19,0.0,244.0,74.0,0.0,32.0,0.0,46.0,0,0
20:22:20,0.0,294.0,71.0,0.0,32.0,0.0,47.0,0,0
20:22:21,0.0,261.0,65.0,0.0,32.0,0.0,48.0,0,0
20:22:22,0.0,187.0,63.0,0.0,32.0,0.0,49.0,0,0
20:22:23,0.0,244.0,64.0,0.0,32.0,0.0,49.0,0,0
20:22:24,0.0,208.0,65.0,0.0,32.0,0.0,49.0,0,0
20:22:25,0.0,215.0,67.0,0.0,32.0,0.0,51.0,0,0
20:22:26,0.0,215.0,68.0,0.0,32.0,0.0,50.0,0,0
20:22:27,0.0,215.0,71.0,0.0,32.0,0.0,44.0,0,0
20:22:28,0.0,187.0,77.0,0.0,32.0,0.0,53.0,0,0
20:22:29,0.0,162.0,83.0,0.0,32.0,0.0,32.0,0,0
20:22:30,0.0,275.0,84.0,0.0,32.0,0.0,44.0,0,0
20:22:31,0.0,284.0,85.0,0.0,32.0,0.0,46.0,0,0
20:22:32,0.0,339.0,84.0,0.0,32.0,0.0,43.0,0,0
20:22:33,0.0,340.0,80.0,0.0,32.0,0.0,45.0,0,0
20:22:34,0.0,367.0,75.0,0.0,32.0,0.0,44.0,0,0
20:22:35,0.0,335.0,75.0,0.0,32.0,0.0,49.0,0,0
20:22:36,0.0,367.0,76.0,0.0,32.0,0.0,49.0,0,0
20:22:37,0.0,309.0,79.0,0.0,32.0,0.0,61.0,0,0
20:22:38,0.0,155.0,84.0,0.0,32.0,0.0,37.0,0,0
20:22:39,0.0,172.0,86.0,0.0,32.0,0.0,70.0,0,0
20:22:40,0.0,59.0,91.0,0.0,32.0,0.0,16.0,0,0
20:22:41,0.0,88.0,89.0,0.0,32.0,0.0,35.0,0,0
20:22:42,0.0,335.0,89.0,0.0,32.0,0.0,34.0,0,0
20:22:43,0.0,479.0,90.0,0.0,32.0,0.0,52.0,0,0
20:22:44,0.0,374.0,93.0,0.0,32.0,0.0,60.0,0,0
20:22:45,0.0,361.0,101.0,0.0,32.0,0.0,53.0,0,0
20:22:46,0.0,385.0,116.0,0.0,32.0,0.0,56.0,0,0
20:22:47,0.0,46.0,117.0,0.0,32.0,0.0,83.0,0,0
20:22:48,0.0,67.0,116.0,0.0,32.0,0.0,63.0,0,0
20:22:49,0.0,144.0,112.0,0.0,32.0,0.0,34.0,0,0
20:22:50,0.0,252.0,109.0,0.0,32.0,0.0,51.0,0,0
20:22:51,0.0,170.0,109.0,0.0,32.0,0.0,46.0,0,0
20:22:52,0.0,146.0,108.0,0.0,32.0,0.0,43.0,0,0
20:22:53,0.0,253.0,108.0,0.0,32.0,0.0,41.0,0,0
20:22:54,0.0,289.0,107.0,0.0,32.0,0.0,44.0,0,0
20:22:55,0.0,443.0,106.0,0.0,32.0,0.0,44.0,0,0
20:22:56,0.0,557.0,109.0,0.0,32.0,0.0,45.0,0,0
20:22:57,0.0,770.0,110.0,0.0,32.0,0.0,51.0,0,0
20:22:58,0.0,771.0,112.0,0.0,32.0,0.0,51.0,0,0
20:22:59,0.0,563.0,113.0,0.0,32.0,0.0,49.0,0,0
20:23:00,0.0,295.0,113.0,0.0,32.0,0.0,43.0,0,0
20:23:01,0.0,241.0,113.0,0.0,32.0,0.0,41.0,0,0
20:23:02,0.0,266.0,114.0,0.0,32.0,0.0,46.0,0,0
20:23:03,0.0,277.0,114.0,0.0,32.0,0.0,47.0,0,0
20:23:04,0.0,271.0,112.0,0.0,32.0,0.0,45.0,0,0
20:23:05,0.0,216.0,107.0,0.0,32.0,0.0,49.0,0,0
20:23:06,0.0,197.0,104.0,0.0,32.0,0.0,46.0,0,0
20:23:07,0.0,250.0,102.0,0.0,32.0,0.0,43.0,0,0
20:23:08,0.0,199.0,101.0,0.0,32.0,0.0,46.0,0,0
20:23:09,0.0,284.0,99.0,0.0,32.0,0.0,44.0,0,0
20:23:10,0.0,401.0,100.0,0.0,32.0,0.0,46.0,0,0
20:23:11,0.0,454.0,103.0,0.0,32.0,0.0,55.0,0,0
20:23:12,0.0,330.0,103.0,0.0,32.0,0.0,48.0,0,0
20:23:13,0.0,537.0,103.0,0.0,32.0,0.0,48.0,0,0
20:23:14,0.0,606.0,102.0,0.0,32.0,0.0,51.0,0,0
20:23:15,0.0,446.0,103.0,0.0,32.0,0.0,58.0,0,0
20:23:16,0.0,317.0,103.0,0.0,32.0,0.0,71.0,0,0
20:23:17,0.0,325.0,101.0,0.0,32.0,0.0,42.0,0,0
20:23:18,0.0,309.0,102.0,0.0,32.0,0.0,70.0,0,0
20:23:19,0.0,434.0,99.0,0.0,32.0,0.0,59.0,0,0
20:23:20,0.0,561.0,99.0,0.0,32.0,0.0,47.0,0,0
20:23:21,0.0,849.0,107.0,0.0,32.0,0.0,49.0,0,0
20:23:22,0.0,834.0,112.0,0.0,32.0,0.0,53.0,0,0
20:23:23,0.0,399.0,111.0,0.0,32.0,0.0,40.0,0,0
20:23:24,0.0,643.0,111.0,0.0,32.0,0.0,45.0,0,0
20:23:25,0.0,780.0,113.0,0.0,32.0,0.0,53.0,0,0
20:23:26,0.0,607.0,114.0,0.0,32.0,0.0,53.0,0,0
20:23:27,0.0,361.0,115.0,0.0,32.0,0.0,40.0,0,0
20:23:28,0.0,707.0,115.0,0.0,32.0,0.0,55.0,0,0
20:23:29,0.0,827.0,118.0,0.0,32.0,0.0,53.0,0,0
20:23:30,0.0,700.0,119.0,0.0,32.0,0.0,59.0,0,0
20:23:31,0.0,293.0,116.0,0.0,32.0,0.0,58.0,0,0
20:23:32,0.0,504.0,117.0,0.0,32.0,0.0,46.0,0,0
20:23:33,0.0,376.0,116.0,0.0,32.0,0.0,57.0,0,0
20:23:34,0.0,233.0,110.0,0.0,32.0,0.0,50.0,0,0
20:23:35,0.0,130.0,96.0,0.0,32.0,0.0,57.0,0,0
20:23:36,0.0,9.0,93.0,0.0,32.0,0.0,57.0,0,0
20:23:37,0.0,10.0,92.0,0.0,32.0,0.0,66.0,0,0
20:23:38,0.0,4.0,89.0,0.0,32.0,0.0,25.0,0,0
20:23:39,0.0,5.0,87.0,0.0,32.0,0.0,77.0,0,0
20:23:40,0.0,5.0,85.0,0.0,32.0,0.0,80.0,0,0
20:23:41,0.0,4.0,82.0,0.0,32.0,0.0,62.0,0,0
20:23:42,0.0,3.0,81.0,0.0,32.0,0.0,66.0,0,0
20:23:43,0.0,22.0,80.0,0.0,32.0,0.0,15.0,0,0
20:23:44,0.0,112.0,77.0,0.0,32.0,0.0,36.0,0,0
20:23:45,0.0,144.0,70.0,0.0,32.0,0.0,48.0,0,0
20:23:46,0.0,103.0,66.0,0.0,32.0,0.0,51.0,0,0
20:23:47,0.0,147.0,65.0,0.0,32.0,0.0,39.0,0,0
20:23:48,0.0,126.0,65.0,0.0,32.0,0.0,42.0,0,0
20:23:49,0.0,125.0,63.0,0.0,32.0,0.0,40.0,0,0
20:23:50,0.0,142.0,61.0,0.0,32.0,0.0,70.0,0,0
20:23:51,0.0,55.0,60.0,0.0,32.0,0.0,49.0,0,0
20:23:52,0.0,3.0,61.0,0.0,32.0,0.0,83.0,0,0
20:23:53,0.0,9.0,66.0,0.0,32.0,0.0,38.0,0,0
20:23:54,0.0,70.0,70.0,0.0,32.0,0.0,35.0,0,0
20:23:55,0.0,161.0,72.0,0.0,32.0,0.0,41.0,0,0
20:23:56,0.0,188.0,72.0,0.0,32.0,0.0,42.0,0,0
20:23:57,0.0,274.0,71.0,0.0,32.0,0.0,48.0,0,0
20:23:58,0.0,354.0,69.0,0.0,32.0,0.0,48.0,0,0
20:23:59,0.0,390.0,66.0,0.0,32.0,0.0,48.0,0,0
20:24:00,0.0,319.0,63.0,0.0,32.0,0.0,43.0,0,0
20:24:01,0.0,455.0,63.0,0.0,32.0,0.0,49.0,0,0
20:24:02,0.0,370.0,68.0,0.0,32.0,0.0,44.0,0,0
20:24:03,0.0,498.0,70.0,0.0,32.0,0.0,49.0,0,0
20:24:04,0.0,443.0,72.0,0.0,32.0,0.0,39.0,0,0
20:24:05,0.0,476.0,81.0,0.0,32.0,0.0,57.0,0,0
20:24:06,0.0,289.0,94.0,0.0,32.0,0.0,36.0,0,0
20:24:07,0.0,337.0,96.0,0.0,32.0,0.0,43.0,0,0
20:24:08,0.0,653.0,98.0,0.0,32.0,0.0,47.0,0,0
20:24:09,0.0,626.0,100.0,0.0,32.0,0.0,58.0,0,0
20:24:10,0.0,940.0,122.0,0.0,32.0,0.0,48.0,0,0
20:24:11,0.0,1142.0,132.0,0.0,32.0,0.0,50.0,0,0
20:24:12,0.0,1052.0,137.0,0.0,32.0,0.0,49.0,0,0
20:24:13,0.0,1001.0,139.0,0.0,32.0,0.0,50.0,0,0
20:24:14,0.0,721.0,138.0,0.0,32.0,0.0,47.0,0,0
20:24:15,0.0,608.0,135.0,0.0,32.0,0.0,47.0,0,0
20:24:16,0.0,167.0,131.0,0.0,32.0,0.0,35.0,0,0
20:24:17,0.0,109.0,131.0,0.0,32.0,0.0,37.0,0,0
20:24:18,0.0,169.0,130.0,0.0,32.0,0.0,44.0,0,0
20:24:19,0.0,254.0,129.0,0.0,32.0,0.0,41.0,0,0
20:24:20,0.0,323.0,126.0,0.0,32.0,0.0,49.0,0,0
20:24:21,0.0,268.0,121.0,0.0,32.0,0.0,44.0,0,0
20:24:22,0.0,242.0,118.0,0.0,32.0,0.0,44.0,0,0
20:24:23,0.0,291.0,117.0,0.0,32.0,0.0,43.0,0,0
20:24:24,0.0,343.0,114.0,0.0,32.0,0.0,45.0,0,0
20:24:25,0.0,341.0,113.0,0.0,32.0,0.0,54.0,0,0
20:24:26,0.0,373.0,113.0,0.0,32.0,0.0,49.0,0,0
20:24:27,0.0,358.0,114.0,0.0,32.0,0.0,51.0,0,0
20:24:28,0.0,362.0,110.0,0.0,32.0,0.0,47.0,0,0
20:24:29,0.0,376.0,109.0,0.0,32.0,0.0,51.0,0,0
20:24:30,0.0,223.0,107.0,0.0,32.0,0.0,60.0,0,0
20:24:31,0.0,262.0,105.0,0.0,32.0,0.0,50.0,0,0
20:24:32,0.0,416.0,103.0,0.0,32.0,0.0,46.0,0,0
20:24:33,0.0,525.0,104.0,0.0,32.0,0.0,50.0,0,0
20:24:34,0.0,538.0,109.0,0.0,32.0,0.0,50.0,0,0
20:24:35,0.0,637.0,112.0,0.0,32.0,0.0,51.0,0,0
20:24:36,0.0,675.0,114.0,0.0,32.0,0.0,49.0,0,0
20:24:37,0.0,820.0,116.0,0.0,32.0,0.0,53.0,0,0
20:24:38,0.0,653.0,117.0,0.0,32.0,0.0,54.0,0,0
20:24:39,0.0,519.0,116.0,0.0,32.0,0.0,53.0,0,0
20:24:40,0.0,346.0,117.0,0.0,32.0,0.0,71.0,0,0
20:24:41,0.0,69.0,116.0,0.0,32.0,0.0,43.0,0,0
20:24:42,0.0,139.0,113.0,0.0,32.0,0.0,44.0,0,0
20:24:43,0.0,165.0,111.0,0.0,32.0,0.0,49.0,0,0
20:24:44,0.0,158.0,108.0,0.0,32.0,0.0,35.0,0,0
20:24:45,0.0,216.0,106.0,0.0,32.0,0.0,43.0,0,0
20:24:46,0.0,276.0,104.0,0.0,32.0,0.0,50.0,0,0
20:24:47,0.0,333.0,103.0,0.0,32.0,0.0,49.0,0,0
20:24:48,0.0,403.0,102.0,0.0,32.0,0.0,51.0,0,0
20:24:49,0.0,359.0,103.0,0.0,32.0,0.0,52.0,0,0
20:24:50,0.0,355.0,103.0,0.0,32.0,0.0,53.0,0,0
20:24:51,0.0,281.0,105.0,0.0,32.0,0.0,47.0,0,0
20:24:52,0.0,275.0,104.0,0.0,32.0,0.0,42.0,0,0
20:24:53,0.0,358.0,105.0,0.0,32.0,0.0,56.0,0,0
20:24:54,0.0,171.0,102.0,0.0,32.0,0.0,42.0,0,0
20:24:55,0.0,207.0,101.0,0.0,32.0,0.0,50.0,0,0
20:24:56,0.0,334.0,98.0,0.0,32.0,0.0,40.0,0,0
20:24:57,0.0,331.0,99.0,0.0,32.0,0.0,59.0,0,0
20:24:58,0.0,334.0,98.0,0.0,32.0,0.0,50.0,0,0
20:24:59,0.0,236.0,101.0,0.0,32.0,0.0,55.0,0,0
20:25:00,0.0,111.0,90.0,0.0,32.0,0.0,47.0,0,0
20:25:01,0.0,9.0,84.0,0.0,32.0,0.0,83.0,0,0
20:25:02,0.0,5.0,82.0,0.0,32.0,0.0,40.0,0,0
20:25:03,0.0,3.0,80.0,0.0,32.0,0.0,33.0,0,0
20:25:04,0.0,2.0,78.0,0.0,32.0,0.0,20.0,0,0
20:25:05,0.0,4.0,77.0,0.0,32.0,0.0,37.0,0,0
20:25:06,0.0,45.0,75.0,0.0,32.0,0.0,34.0,0,0
20:25:07,0.0,132.0,75.0,0.0,32.0,0.0,40.0,0,0
20:25:08,0.0,181.0,73.0,0.0,32.0,0.0,42.0,0,0
20:25:09,0.0,202.0,68.0,0.0,32.0,0.0,46.0,0,0
20:25:10,0.0,199.0,63.0,0.0,32.0,0.0,59.0,0,0
20:25:11,0.0,124.0,61.0,0.0,32.0,0.0,50.0,0,0
20:25:12,0.0,96.0,62.0,0.0,32.0,0.0,56.0,0,0
20:25:13,0.0,63.0,62.0,0.0,32.0,0.0,51.0,0,0
20:25:14,0.0,68.0,61.0,0.0,32.0,0.0,40.0,0,0
20:25:15,0.0,63.0,61.0,0.0,32.0,0.0,33.0,0,0
20:25:16,0.0,164.0,63.0,0.0,32.0,0.0,46.0,0,0
20:25:17,0.0,262.0,70.0,0.0,32.0,0.0,48.0,0,0
20:25:18,0.0,270.0,73.0,0.0,32.0,0.0,47.0,0,0
20:25:19,0.0,223.0,74.0,0.0,32.0,0.0,49.0,0,0
20:25:20,0.0,263.0,74.0,0.0,32.0,0.0,45.0,0,0
20:25:21,0.0,261.0,74.0,0.0,32.0,0.0,49.0,0,0
20:25:22,0.0,215.0,73.0,0.0,32.0,0.0,49.0,0,0
20:25:23,0.0,199.0,72.0,0.0,32.0,0.0,50.0,0,0
20:25:24,0.0,156.0,72.0,0.0,32.0,0.0,50.0,0,0
20:25:25,0.0,213.0,73.0,0.0,32.0,0.0,53.0,0,0
20:25:26,0.0,168.0,74.0,0.0,32.0,0.0,43.0,0,0
20:25:27,0.0,230.0,75.0,0.0,32.0,0.0,45.0,0,0
20:25:28,0.0,238.0,76.0,0.0,32.0,0.0,47.0,0,0
20:25:29,0.0,219.0,78.0,0.0,32.0,0.0,49.0,0,0
20:25:30,0.0,159.0,79.0,0.0,32.0,0.0,45.0,0,0
20:25:31,0.0,203.0,79.0,0.0,32.0,0.0,43.0,0,0
20:25:32,0.0,248.0,79.0,0.0,32.0,0.0,47.0,0,0
20:25:33,0.0,264.0,77.0,0.0,32.0,0.0,48.0,0,0
20:25:34,0.0,325.0,76.0,0.0,32.0,0.0,47.0,0,0
20:25:35,0.0,298.0,75.0,0.0,32.0,0.0,52.0,0,0
20:25:36,0.0,258.0,75.0,0.0,32.0,0.0,49.0,0,0
20:25:37,0.0,249.0,76.0,0.0,32.0,0.0,49.0,0,0
20:25:38,0.0,212.0,77.0,0.0,32.0,0.0,50.0,0,0
20:25:39,0.0,198.0,77.0,0.0,32.0,0.0,48.0,0,0
20:25:40,0.0,222.0,79.0,0.0,32.0,0.0,39.0,0,0
20:25:41,0.0,186.0,80.0,0.0,32.0,0.0,52.0,0,0
20:25:42,0.0,300.0,80.0,0.0,32.0,0.0,46.0,0,0
20:25:43,0.0,283.0,82.0,0.0,32.0,0.0,50.0,0,0
20:25:44,0.0,229.0,83.0,0.0,32.0,0.0,42.0,0,0
20:25:45,0.0,418.0,82.0,0.0,32.0,0.0,47.0,0,0
20:25:46,0.0,590.0,81.0,0.0,32.0,0.0,52.0,0,0
20:25:47,0.0,597.0,80.0,0.0,32.0,0.0,51.0,0,0
20:25:48,0.0,508.0,82.0,0.0,32.0,0.0,63.0,0,0
20:25:49,0.0,309.0,91.0,0.0,32.0,0.0,43.0,0,0
20:25:50,0.0,538.0,95.0,0.0,32.0,0.0,50.0,0,0
20:25:51,0.0,444.0,104.0,0.0,32.0,0.0,57.0,0,0
20:25:52,0.0,203.0,116.0,0.0,32.0,0.0,50.0,0,0
20:25:53,0.0,101.0,114.0,0.0,32.0,0.0,47.0,0,0
20:25:54,0.0,78.0,110.0,0.0,32.0,0.0,41.0,0,0
20:25:55,0.0,173.0,109.0,0.0,32.0,0.0,20.0,0,0
20:25:56,0.0,325.0,109.0,0.0,32.0,0.0,53.0,0,0
20:25:57,0.0,407.0,110.0,0.0,32.0,0.0,48.0,0,0
20:25:58,0.0,373.0,108.0,0.0,32.0,0.0,41.0,0,0
20:25:59,0.0,526.0,108.0,0.0,32.0,0.0,45.0,0,0
20:26:00,0.0,774.0,108.0,0.0,32.0,0.0,51.0,0,0
20:26:01,0.0,673.0,111.0,0.0,32.0,0.0,56.0,0,0
20:26:02,0.0,437.0,112.0,0.0,32.0,0.0,46.0,0,0
20:26:03,0.0,408.0,113.0,0.0,32.0,0.0,52.0,0,0
20:26:04,0.0,304.0,113.0,0.0,32.0,0.0,52.0,0,0
20:26:05,0.0,214.0,114.0,0.0,32.0,0.0,45.0,0,0
20:26:06,0.0,286.0,115.0,0.0,32.0,0.0,48.0,0,0
20:26:07,0.0,304.0,114.0,0.0,32.0,0.0,56.0,0,0
20:26:08,0.0,184.0,112.0,0.0,32.0,0.0,42.0,0,0
20:26:09,0.0,70.0,110.0,0.0,32.0,0.0,61.0,0,0
20:26:10,0.0,729.0,109.0,0.0,32.0,0.0,44.0,0,0
20:26:11,0.0,1015.0,111.0,0.0,32.0,0.0,49.0,0,0
20:26:12,0.0,811.0,117.0,0.0,32.0,0.0,50.0,0,0
20:26:13,0.0,765.0,118.0,0.0,32.0,0.0,52.0,0,0
20:26:14,0.0,731.0,120.0,0.0,32.0,0.0,51.0,0,0
20:26:15,0.0,708.0,121.0,0.0,32.0,0.0,50.0,0,0
20:26:16,0.0,723.0,119.0,0.0,32.0,0.0,54.0,0,0
20:26:17,0.0,648.0,118.0,0.0,32.0,0.0,53.0,0,0
20:26:18,0.0,464.0,118.0,0.0,32.0,0.0,46.0,0,0
20:26:19,0.0,679.0,117.0,0.0,32.0,0.0,50.0,0,0
20:26:20,0.0,719.0,119.0,0.0,32.0,0.0,51.0,0,0
20:26:21,0.0,700.0,122.0,0.0,32.0,0.0,50.0,0,0
20:26:22,0.0,710.0,123.0,0.0,32.0,0.0,49.0,0,0
20:26:23,0.0,783.0,122.0,0.0,32.0,0.0,52.0,0,0
20:26:24,0.0,765.0,121.0,0.0,32.0,0.0,54.0,0,0
20:26:25,0.0,614.0,120.0,0.0,32.0,0.0,51.0,0,0
20:26:26,0.0,624.0,119.0,0.0,32.0,0.0,47.0,0,0
20:26:27,0.0,612.0,120.0,0.0,32.0,0.0,45.0,0,0
20:26:28,0.0,666.0,122.0,0.0,32.0,0.0,50.0,0,0
20:26:29,0.0,670.0,122.0,0.0,32.0,0.0,50.0,0,0
20:26:30,0.0,713.0,124.0,0.0,32.0,0.0,50.0,0,0
20:26:31,0.0,761.0,123.0,0.0,32.0,0.0,50.0,0,0
20:26:32,0.0,743.0,121.0,0.0,32.0,0.0,53.0,0,0
20:26:33,0.0,723.0,122.0,0.0,32.0,0.0,55.0,0,0
20:26:34,0.0,586.0,121.0,0.0,32.0,0.0,51.0,0,0
20:26:35,0.0,675.0,124.0,0.0,32.0,0.0,49.0,0,0
20:26:36,0.0,644.0,126.0,0.0,32.0,0.0,49.0,0,0
20:26:37,0.0,624.0,128.0,0.0,32.0,0.0,50.0,0,0
20:26:38,0.0,289.0,124.0,0.0,32.0,0.0,57.0,0,0
20:26:39,0.0,102.0,106.0,0.0,32.0,0.0,30.0,0,0
20:26:40,0.0,13.0,98.0,0.0,32.0,0.0,65.0,0,0
20:26:41,0.0,12.0,96.0,0.0,32.0,0.0,45.0,0,0
20:26:42,0.0,12.0,96.0,0.0,32.0,0.0,56.0,0,0
20:26:43,0.0,13.0,96.0,0.0,32.0,0.0,56.0,0,0
20:26:44,0.0,12.0,93.0,0.0,32.0,0.0,60.0,0,0
20:26:45,0.0,14.0,93.0,0.0,32.0,0.0,50.0,0,0
20:26:46,0.0,11.0,90.0,0.0,32.0,0.0,58.0,0,0
20:26:47,0.0,25.0,88.0,0.0,32.0,0.0,26.0,0,0
20:26:48,0.0,46.0,86.0,0.0,32.0,0.0,23.0,0,0
20:26:49,0.0,48.0,84.0,0.0,32.0,0.0,47.0,0,0
20:26:50,0.0,93.0,84.0,0.0,32.0,0.0,27.0,0,0
20:26:51,0.0,160.0,82.0,0.0,32.0,0.0,42.0,0,0
20:26:52,0.0,210.0,77.0,0.0,32.0,0.0,44.0,0,0
20:26:53,0.0,206.0,70.0,0.0,32.0,0.0,52.0,0,0
20:26:54,0.0,170.0,65.0,0.0,32.0,0.0,49.0,0,0
20:26:55,0.0,144.0,63.0,0.0,32.0,0.0,54.0,0,0
20:26:56,0.0,135.0,62.0,0.0,32.0,0.0,46.0,0,0
20:26:57,0.0,101.0,62.0,0.0,32.0,0.0,55.0,0,0
20:26:58,0.0,99.0,63.0,0.0,32.0,0.0,43.0,0,0
20:26:59,0.0,78.0,67.0,0.0,32.0,0.0,34.0,0,0
20:27:00,0.0,99.0,74.0,0.0,32.0,0.0,35.0,0,0
20:27:01,0.0,174.0,76.0,0.0,32.0,0.0,41.0,0,0
20:27:02,0.0,304.0,78.0,0.0,32.0,0.0,44.0,0,0
20:27:03,0.0,269.0,78.0,0.0,32.0,0.0,47.0,0,0
20:27:04,0.0,394.0,77.0,0.0,32.0,0.0,45.0,0,0
20:27:05,0.0,482.0,74.0,0.0,32.0,0.0,49.0,0,0
20:27:06,0.0,501.0,71.0,0.0,32.0,0.0,50.0,0,0
20:27:07,0.0,395.0,70.0,0.0,32.0,0.0,49.0,0,0
20:27:08,0.0,274.0,79.0,0.0,32.0,0.0,53.0,0,0
20:27:09,0.0,154.0,86.0,0.0,32.0,0.0,55.0,0,0
20:27:10,0.0,279.0,90.0,0.0,32.0,0.0,50.0,0,0
20:27:11,0.0,408.0,93.0,0.0,32.0,0.0,42.0,0,0
20:27:12,0.0,657.0,94.0,0.0,32.0,0.0,55.0,0,0
20:27:13,0.0,420.0,100.0,0.0,32.0,0.0,50.0,0,0
20:27:14,0.0,541.0,116.0,0.0,32.0,0.0,58.0,0,0
20:27:15,0.0,386.0,116.0,0.0,32.0,0.0,44.0,0,0
20:27:16,0.0,385.0,115.0,0.0,32.0,0.0,45.0,0,0
20:27:17,0.0,418.0,116.0,0.0,32.0,0.0,47.0,0,0
20:27:18,0.0,394.0,113.0,0.0,32.0,0.0,49.0,0,0
20:27:19,0.0,333.0,110.0,0.0,32.0,0.0,50.0,0,0
20:27:20,0.0,236.0,107.0,0.0,32.0,0.0,50.0,0,0
20:27:21,0.0,237.0,106.0,0.0,32.0,0.0,45.0,0,0
20:27:22,0.0,232.0,103.0,0.0,32.0,0.0,46.0,0,0
20:27:23,0.0,249.0,101.0,0.0,32.0,0.0,49.0,0,0
20:27:24,0.0,203.0,98.0,0.0,32.0,0.0,45.0,0,0
20:27:25,0.0,233.0,95.0,0.0,32.0,0.0,49.0,0,0
20:27:26,0.0,289.0,95.0,0.0,32.0,0.0,51.0,0,0
20:27:27,0.0,272.0,97.0,0.0,32.0,0.0,51.0,0,0
20:27:28,0.0,234.0,100.0,0.0,32.0,0.0,51.0,0,0
20:27:29,0.0,314.0,100.0,0.0,32.0,0.0,44.0,0,0
20:27:30,0.0,320.0,102.0,0.0,32.0,0.0,63.0,0,0
20:27:31,0.0,311.0,103.0,0.0,32.0,0.0,46.0,0,0
20:27:32,0.0,483.0,102.0,0.0,32.0,0.0,50.0,0,0
20:27:33,0.0,430.0,102.0,0.0,32.0,0.0,56.0,0,0
20:27:34,0.0,293.0,103.0,0.0,32.0,0.0,52.0,0,0
20:27:35,0.0,304.0,106.0,0.0,32.0,0.0,48.0,0,0
20:27:36,0.0,309.0,108.0,0.0,32.0,0.0,53.0,0,0
20:27:37,0.0,251.0,108.0,0.0,32.0,0.0,48.0,0,0
20:27:38,0.0,190.0,105.0,0.0,32.0,0.0,48.0,0,0
20:27:39,0.0,94.0,104.0,0.0,32.0,0.0,35.0,0,0
20:27:40,0.0,59.0,102.0,0.0,32.0,0.0,55.0,0,0
20:27:41,0.0,84.0,100.0,0.0,32.0,0.0,55.0,0,0
20:27:42,0.0,114.0,98.0,0.0,32.0,0.0,35.0,0,0
20:27:43,0.0,185.0,99.0,0.0,32.0,0.0,38.0,0,0
20:27:44,0.0,222.0,99.0,0.0,32.0,0.0,45.0,0,0
20:27:45,0.0,519.0,102.0,0.0,32.0,0.0,47.0,0,0
20:27:46,0.0,735.0,104.0,0.0,32.0,0.0,52.0,0,0
20:27:47,0.0,501.0,104.0,0.0,32.0,0.0,50.0,0,0
20:27:48,0.0,779.0,104.0,0.0,32.0,0.0,51.0,0,0
20:27:49,0.0,541.0,107.0,0.0,32.0,0.0,53.0,0,0
20:27:50,0.0,564.0,106.0,0.0,32.0,0.0,51.0,0,0
20:27:51,0.0,334.0,104.0,0.0,32.0,0.0,41.0,0,0
20:27:52,0.0,295.0,103.0,0.0,32.0,0.0,65.0,0,0
20:27:53,0.0,289.0,104.0,0.0,32.0,0.0,43.0,0,0
20:27:54,0.0,657.0,105.0,0.0,32.0,0.0,50.0,0,0
20:27:55,0.0,486.0,106.0,0.0,32.0,0.0,59.0,0,0
20:27:56,0.0,351.0,107.0,0.0,32.0,0.0,45.0,0,0
20:27:57,0.0,685.0,108.0,0.0,32.0,0.0,53.0,0,0
20:27:58,0.0,625.0,108.0,0.0,32.0,0.0,53.0,0,0
20:27:59,0.0,335.0,107.0,0.0,32.0,0.0,51.0,0,0
20:28:00,0.0,318.0,104.0,0.0,32.0,0.0,51.0,0,0
20:28:01,0.0,371.0,102.0,0.0,32.0,0.0,36.0,0,0
20:28:02,0.0,447.0,108.0,0.0,32.0,0.0,54.0,0,0
20:28:03,0.0,240.0,112.0,0.0,32.0,0.0,44.0,0,0
20:28:04,0.0,319.0,112.0,0.0,32.0,0.0,51.0,0,0
20:28:05,0.0,461.0,112.0,0.0,32.0,0.0,53.0,0,0
20:28:06,0.0,509.0,113.0,0.0,32.0,0.0,50.0,0,0
20:28:07,0.0,446.0,115.0,0.0,32.0,0.0,47.0,0,0
20:28:08,0.0,283.0,115.0,0.0,32.0,0.0,37.0,0,0
20:28:09,0.0,105.0,115.0,0.0,32.0,0.0,95.0,0,0
20:28:10,0.0,128.0,111.0,0.0,32.0,0.0,62.0,0,0
20:28:11,0.0,167.0,97.0,0.0,32.0,0.0,29.0,0,0
20:28:12,0.0,18.0,90.0,0.0,32.0,0.0,66.0,0,0
20:28:13,0.0,13.0,90.0,0.0,32.0,0.0,64.0,0,0
20:28:14,0.0,12.0,89.0,0.0,32.0,0.0,56.0,0,0
20:28:15,0.0,12.0,88.0,0.0,32.0,0.0,58.0,0,0
20:28:16,0.0,9.0,85.0,0.0,32.0,0.0,56.0,0,0
20:28:17,0.0,22.0,85.0,0.0,32.0,0.0,36.0,0,0
20:28:18,0.0,40.0,80.0,0.0,32.0,0.0,32.0,0,0
20:28:19,0.0,61.0,74.0,0.0,32.0,0.0,37.0,0,0
20:28:20,0.0,51.0,71.0,0.0,32.0,0.0,41.0,0,0
20:28:21,0.0,37.0,68.0,0.0,32.0,0.0,27.0,0,0
20:28:22,0.0,55.0,67.0,0.0,32.0,0.0,35.0,0,0
20:28:23,0.0,65.0,68.0,0.0,32.0,0.0,17.0,0,0
20:28:24,0.0,187.0,70.0,0.0,32.0,0.0,43.0,0,0
20:28:25,0.0,258.0,76.0,0.0,32.0,0.0,49.0,0,0
20:28:26,0.0,258.0,79.0,0.0,32.0,0.0,48.0,0,0
20:28:27,0.0,248.0,80.0,0.0,32.0,0.0,45.0,0,0
20:28:28,0.0,213.0,79.0,0.0,32.0,0.0,46.0,0,0
20:28:29,0.0,209.0,78.0,0.0,32.0,0.0,44.0,0,0
20:28:30,0.0,297.0,76.0,0.0,32.0,0.0,45.0,0,0
20:28:31,0.0,228.0,75.0,0.0,32.0,0.0,44.0,0,0
20:28:32,0.0,221.0,78.0,0.0,32.0,0.0,48.0,0,0
20:28:33,0.0,186.0,79.0,0.0,32.0,0.0,49.0,0,0
20:28:34,0.0,215.0,80.0,0.0,32.0,0.0,46.0,0,0
20:28:35,0.0,211.0,82.0,0.0,32.0,0.0,48.0,0,0
20:28:36,0.0,176.0,82.0,0.0,32.0,0.0,44.0,0,0
20:28:37,0.0,155.0,82.0,0.0,32.0,0.0,45.0,0,0
20:28:38,0.0,166.0,82.0,0.0,32.0,0.0,47.0,0,0
20:28:39,0.0,217.0,81.0,0.0,32.0,0.0,44.0,0,0
20:28:40,0.0,311.0,80.0,0.0,32.0,0.0,51.0,0,0
20:28:41,0.0,274.0,79.0,0.0,32.0,0.0,47.0,0,0
20:28:42,0.0,293.0,79.0,0.0,32.0,0.0,53.0,0,0
20:28:43,0.0,200.0,80.0,0.0,32.0,0.0,51.0,0,0
20:28:44,0.0,166.0,80.0,0.0,32.0,0.0,46.0,0,0
20:28:45,0.0,156.0,79.0,0.0,32.0,0.0,50.0,0,0
20:28:46,0.0,154.0,78.0,0.0,32.0,0.0,44.0,0,0
20:28:47,0.0,167.0,78.0,0.0,32.0,0.0,45.0,0,0
20:28:48,0.0,161.0,78.0,0.0,32.0,0.0,42.0,0,0
20:28:49,0.0,271.0,80.0,0.0,32.0,0.0,48.0,0,0
20:28:50,0.0,321.0,82.0,0.0,32.0,0.0,47.0,0,0
20:28:51,0.0,325.0,83.0,0.0,32.0,0.0,46.0,0,0
20:28:52,0.0,258.0,82.0,0.0,32.0,0.0,56.0,0,0
20:28:53,0.0,276.0,81.0,0.0,32.0,0.0,43.0,0,0
20:28:54,0.0,310.0,76.0,0.0,32.0,0.0,46.0,0,0
20:28:55,0.0,368.0,77.0,0.0,32.0,0.0,49.0,0,0
20:28:56,0.0,337.0,79.0,0.0,32.0,0.0,50.0,0,0
20:28:57,0.0,418.0,82.0,0.0,32.0,0.0,47.0,0,0
20:28:58,0.0,404.0,85.0,0.0,32.0,0.0,50.0,0,0
20:28:59,0.0,209.0,88.0,0.0,32.0,0.0,36.0,0,0
20:29:00,0.0,375.0,89.0,0.0,32.0,0.0,40.0,0,0
20:29:01,0.0,448.0,90.0,0.0,32.0,0.0,46.0,0,0
20:29:02,0.0,597.0,92.0,0.0,32.0,0.0,49.0,0,0
20:29:03,0.0,531.0,95.0,0.0,32.0,0.0,50.0,0,0
20:29:04,0.0,654.0,97.0,0.0,32.0,0.0,49.0,0,0
20:29:05,0.0,633.0,99.0,0.0,32.0,0.0,58.0,0,0
20:29:06,0.0,595.0,114.0,0.0,32.0,0.0,48.0,0,0
20:29:07,0.0,586.0,128.0,0.0,32.0,0.0,53.0,0,0
20:29:08,0.0,738.0,128.0,0.0,32.0,0.0,51.0,0,0
20:29:09,0.0,629.0,126.0,0.0,32.0,0.0,50.0,0,0
20:29:10,0.0,325.0,125.0,0.0,32.0,0.0,44.0,0,0
20:29:11,0.0,281.0,123.0,0.0,32.0,0.0,38.0,0,0
20:29:12,0.0,357.0,124.0,0.0,32.0,0.0,41.0,0,0
20:29:13,0.0,522.0,125.0,0.0,32.0,0.0,48.0,0,0
20:29:14,0.0,558.0,124.0,0.0,32.0,0.0,45.0,0,0
20:29:15,0.0,716.0,124.0,0.0,32.0,0.0,51.0,0,0
20:29:16,0.0,798.0,126.0,0.0,32.0,0.0,51.0,0,0
20:29:17,0.0,794.0,128.0,0.0,32.0,0.0,54.0,0,0
20:29:18,0.0,553.0,129.0,0.0,32.0,0.0,57.0,0,0
20:29:19,0.0,279.0,125.0,0.0,32.0,0.0,57.0,0,0
20:29:20,0.0,161.0,119.0,0.0,32.0,0.0,40.0,0,0
20:29:21,0.0,695.0,118.0,0.0,32.0,0.0,52.0,0,0
20:29:22,0.0,789.0,125.0,0.0,32.0,0.0,50.0,0,0
20:29:23,0.0,803.0,131.0,0.0,32.0,0.0,51.0,0,0
20:29:24,0.0,717.0,131.0,0.0,32.0,0.0,51.0,0,0
20:29:25,0.0,547.0,131.0,0.0,32.0,0.0,47.0,0,0
20:29:26,0.0,430.0,130.0,0.0,32.0,0.0,45.0,0,0
20:29:27,0.0,540.0,130.0,0.0,32.0,0.0,47.0,0,0
20:29:28,0.0,466.0,134.0,0.0,32.0,0.0,49.0,0,0
20:29:29,0.0,242.0,134.0,0.0,32.0,0.0,42.0,0,0
20:29:30,0.0,222.0,131.0,0.0,32.0,0.0,46.0,0,0
20:29:31,0.0,89.0,128.0,0.0,32.0,0.0,34.0,0,0
20:29:32,0.0,79.0,125.0,0.0,32.0,0.0,50.0,0,0
20:29:33,0.0,210.0,123.0,0.0,32.0,0.0,41.0,0,0
20:29:34,0.0,375.0,125.0,0.0,32.0,0.0,48.0,0,0
20:29:35,0.0,502.0,127.0,0.0,32.0,0.0,50.0,0,0
20:29:36,0.0,311.0,128.0,0.0,32.0,0.0,41.0,0,0
20:29:37,0.0,430.0,126.0,0.0,32.0,0.0,51.0,0,0
20:29:38,0.0,171.0,123.0,0.0,32.0,0.0,38.0,0,0
20:29:39,0.0,312.0,120.0,0.0,32.0,0.0,50.0,0,0
20:29:40,0.0,303.0,119.0,0.0,32.0,0.0,38.0,0,0
20:29:41,0.0,413.0,120.0,0.0,32.0,0.0,49.0,0,0
20:29:42,0.0,406.0,121.0,0.0,32.0,0.0,48.0,0,0
20:29:43,0.0,357.0,120.0,0.0,32.0,0.0,49.0,0,0
20:29:44,0.0,413.0,120.0,0.0,32.0,0.0,52.0,0,0
20:29:45,0.0,253.0,117.0,0.0,32.0,0.0,59.0,0,0
20:29:46,0.0,85.0,104.0,0.0,32.0,0.0,30.0,0,0
20:29:47,0.0,10.0,92.0,0.0,32.0,0.0,60.0,0,0
20:29:48,0.0,9.0,92.0,0.0,32.0,0.0,55.0,0,0
20:29:49,0.0,11.0,92.0,0.0,32.0,0.0,54.0,0,0
20:29:50,0.0,10.0,91.0,0.0,32.0,0.0,52.0,0,0
20:29:51,0.0,16.0,91.0,0.0,32.0,0.0,53.0,0,0
20:29:52,0.0,9.0,89.0,0.0,32.0,0.0,64.0,0,0
20:29:53,0.0,17.0,87.0,0.0,32.0,0.0,30.0,0,0
20:29:54,0.0,122.0,83.0,0.0,32.0,0.0,48.0,0,0
20:29:55,0.0,117.0,81.0,0.0,32.0,0.0,43.0,0,0
20:29:56,0.0,116.0,79.0,0.0,32.0,0.0,43.0,0,0
20:29:57,0.0,158.0,77.0,0.0,32.0,0.0,34.0,0,0
20:29:58,0.0,244.0,72.0,0.0,32.0,0.0,49.0,0,0
20:29:59,0.0,311.0,68.0,0.0,32.0,0.0,48.0,0,0
20:30:00,0.0,290.0,63.0,0.0,32.0,0.0,51.0,0,0
20:30:01,0.0,200.0,61.0,0.0,32.0,0.0,45.0,0,0
20:30:02,0.0,196.0,62.0,0.0,32.0,0.0,49.0,0,0
20:30:03,0.0,102.0,62.0,0.0,32.0,0.0,64.0,0,0
20:30:04,0.0,49.0,63.0,0.0,32.0,0.0,40.0,0,0
20:30:05,0.0,25.0,64.0,0.0,32.0,0.0,64.0,0,0
20:30:06,0.0,6.0,64.0,0.0,32.0,0.0,0.0,0,0
20:30:07,0.0,57.0,66.0,0.0,32.0,0.0,11.0,0,0
20:30:08,0.0,101.0,73.0,0.0,32.0,0.0,58.0,0,0
20:30:09,0.0,67.0,77.0,0.0,32.0,0.0,49.0,0,0
20:30:10,0.0,87.0,77.0,0.0,32.0,0.0,36.0,0,0
20:30:11,0.0,90.0,77.0,0.0,32.0,0.0,32.0,0,0
20:30:12,0.0,149.0,74.0,0.0,32.0,0.0,40.0,0,0
20:30:13,0.0,243.0,70.0,0.0,32.0,0.0,49.0,0,0
20:30:14,0.0,247.0,65.0,0.0,32.0,0.0,52.0,0,0
20:30:15,0.0,162.0,62.0,0.0,32.0,0.0,38.0,0,0
20:30:16,0.0,158.0,61.0,0.0,32.0,0.0,48.0,0,0
20:30:17,0.0,139.0,62.0,0.0,32.0,0.0,42.0,0,0
20:30:18,0.0,86.0,62.0,0.0,32.0,0.0,55.0,0,0
20:30:19,0.0,66.0,61.0,0.0,32.0,0.0,42.0,0,0
20:30:20,0.0,7.0,62.0,0.0,32.0,0.0,53.0,0,0
20:30:21,0.0,63.0,62.0,0.0,32.0,0.0,32.0,0,0
20:30:22,0.0,37.0,65.0,0.0,32.0,0.0,26.0,0,0
20:30:23,0.0,68.0,73.0,0.0,32.0,0.0,21.0,0,0
20:30:24,0.0,194.0,76.0,0.0,32.0,0.0,36.0,0,0
20:30:25,0.0,315.0,77.0,0.0,32.0,0.0,45.0,0,0
20:30:26,0.0,380.0,78.0,0.0,32.0,0.0,59.0,0,0
20:30:27,0.0,328.0,77.0,0.0,32.0,0.0,43.0,0,0
20:30:28,0.0,475.0,75.0,0.0,32.0,0.0,52.0,0,0
20:30:29,0.0,294.0,74.0,0.0,32.0,0.0,45.0,0,0
20:30:30,0.0,404.0,79.0,0.0,32.0,0.0,49.0,0,0
20:30:31,0.0,461.0,86.0,0.0,32.0,0.0,48.0,0,0
20:30:32,0.0,404.0,88.0,0.0,32.0,0.0,54.0,0,0
20:30:33,0.0,398.0,95.0,0.0,32.0,0.0,46.0,0,0
20:30:34,0.0,793.0,110.0,0.0,32.0,0.0,56.0,0,0
20:30:35,0.0,406.0,112.0,0.0,32.0,0.0,42.0,0,0
20:30:36,0.0,230.0,112.0,0.0,32.0,0.0,60.0,0,0
20:30:37,0.0,20.0,109.0,0.0,32.0,0.0,6.0,0,0
20:30:38,0.0,154.0,106.0,0.0,32.0,0.0,43.0,0,0
20:30:39,0.0,281.0,105.0,0.0,32.0,0.0,34.0,0,0
20:30:40,0.0,251.0,103.0,0.0,32.0,0.0,23.0,0,0
20:30:41,0.0,576.0,104.0,0.0,32.0,0.0,49.0,0,0
20:30:42,0.0,570.0,109.0,0.0,32.0,0.0,61.0,0,0
20:30:43,0.0,157.0,111.0,0.0,32.0,0.0,73.0,0,0
20:30:44,0.0,136.0,109.0,0.0,32.0,0.0,33.0,0,0
20:30:45,0.0,463.0,107.0,0.0,32.0,0.0,44.0,0,0
20:30:46,0.0,714.0,106.0,0.0,32.0,0.0,49.0,0,0
20:30:47,0.0,843.0,106.0,0.0,32.0,0.0,53.0,0,0
20:30:48,0.0,725.0,110.0,0.0,32.0,0.0,53.0,0,0
20:30:49,0.0,542.0,113.0,0.0,32.0,0.0,55.0,0,0
20:30:50,0.0,389.0,115.0,0.0,32.0,0.0,53.0,0,0
20:30:51,0.0,334.0,117.0,0.0,32.0,0.0,53.0,0,0
20:30:52,0.0,224.0,115.0,0.0,32.0,0.0,36.0,0,0
20:30:53,0.0,348.0,116.0,0.0,32.0,0.0,38.0,0,0
20:30:54,0.0,693.0,116.0,0.0,32.0,0.0,58.0,0,0
20:30:55,0.0,322.0,116.0,0.0,32.0,0.0,44.0,0,0
20:30:56,0.0,352.0,117.0,0.0,32.0,0.0,51.0,0,0
20:30:57,0.0,240.0,118.0,0.0,32.0,0.0,46.0,0,0
20:30:58,0.0,357.0,117.0,0.0,32.0,0.0,42.0,0,0
20:30:59,0.0,567.0,115.0,0.0,32.0,0.0,52.0,0,0
20:31:00,0.0,359.0,114.0,0.0,32.0,0.0,66.0,0,0
20:31:01,0.0,206.0,110.0,0.0,32.0,0.0,35.0,0,0
20:31:02,0.0,497.0,110.0,0.0,32.0,0.0,43.0,0,0
20:31:03,0.0,458.0,110.0,0.0,32.0,0.0,43.0,0,0
20:31:04,0.0,443.0,113.0,0.0,32.0,0.0,55.0,0,0
20:31:05,0.0,271.0,114.0,0.0,32.0,0.0,45.0,0,0
20:31:06,0.0,310.0,112.0,0.0,32.0,0.0,51.0,0,0
20:31:07,0.0,311.0,110.0,0.0,32.0,0.0,57.0,0,0
20:31:08,0.0,250.0,109.0,0.0,32.0,0.0,68.0,0,0
20:31:09,0.0,161.0,108.0,0.0,32.0,0.0,47.0,0,0
20:31:10,0.0,53.0,105.0,0.0,32.0,0.0,33.0,0,0
20:31:11,0.0,244.0,103.0,0.0,32.0,0.0,47.0,0,0
20:31:12,0.0,221.0,106.0,0.0,32.0,0.0,44.0,0,0
20:31:13,0.0,154.0,107.0,0.0,32.0,0.0,57.0,0,0
20:31:14,0.0,162.0,107.0,0.0,32.0,0.0,55.0,0,0
20:31:15,0.0,219.0,106.0,0.0,32.0,0.0,47.0,0,0
20:31:16,0.0,345.0,104.0,0.0,32.0,0.0,50.0,0,0
20:31:17,0.0,257.0,103.0,0.0,32.0,0.0,58.0,0,0
20:31:18,0.0,144.0,102.0,0.0,32.0,0.0,47.0,0,0
20:31:19,0.0,196.0,99.0,0.0,32.0,0.0,35.0,0,0
20:31:20,0.0,516.0,99.0,0.0,32.0,0.0,51.0,0,0
20:31:21,0.0,377.0,102.0,0.0,32.0,0.0,49.0,0,0
20:31:22,0.0,265.0,93.0,0.0,32.0,0.0,56.0,0,0
20:31:23,0.0,46.0,84.0,0.0,32.0,0.0,54.0,0,0
20:31:24,0.0,36.0,83.0,0.0,32.0,0.0,52.0,0,0
20:31:25,0.0,34.0,82.0,0.0,32.0,0.0,49.0,0,0
20:31:26,0.0,31.0,82.0,0.0,32.0,0.0,52.0,0,0
20:31:27,0.0,59.0,80.0,0.0,32.0,0.0,37.0,0,0
20:31:28,0.0,87.0,79.0,0.0,32.0,0.0,38.0,0,0
20:31:29,0.0,92.0,76.0,0.0,32.0,0.0,36.0,0,0
20:31:30,0.0,126.0,72.0,0.0,32.0,0.0,40.0,0,0
20:31:31,0.0,209.0,67.0,0.0,32.0,0.0,44.0,0,0
20:31:32,0.0,174.0,64.0,0.0,32.0,0.0,50.0,0,0
20:31:33,0.0,153.0,63.0,0.0,32.0,0.0,45.0,0,0
20:31:34,0.0,108.0,62.0,0.0,32.0,0.0,50.0,0,0
20:31:35,0.0,74.0,62.0,0.0,32.0,0.0,55.0,0,0
20:31:36,0.0,34.0,62.0,0.0,32.0,0.0,30.0,0,0
20:31:37,0.0,61.0,64.0,0.0,32.0,0.0,29.0,0,0
20:31:38,0.0,80.0,68.0,0.0,32.0,0.0,41.0,0,0
20:31:39,0.0,57.0,71.0,0.0,32.0,0.0,49.0,0,0
20:31:40,0.0,56.0,73.0,0.0,32.0,0.0,41.0,0,0
20:31:41,0.0,102.0,74.0,0.0,32.0,0.0,40.0,0,0
20:31:42,0.0,151.0,72.0,0.0,32.0,0.0,39.0,0,0
20:31:43,0.0,330.0,71.0,0.0,32.0,0.0,41.0,0,0
20:31:44,0.0,456.0,67.0,0.0,32.0,0.0,46.0,0,0
20:31:45,0.0,474.0,65.0,0.0,32.0,0.0,48.0,0,0
20:31:46,0.0,480.0,65.0,0.0,32.0,0.0,54.0,0,0
20:31:47,0.0,241.0,67.0,0.0,32.0,0.0,47.0,0,0
20:31:48,0.0,308.0,68.0,0.0,32.0,0.0,45.0,0,0
20:31:49,0.0,269.0,69.0,0.0,32.0,0.0,49.0,0,0
20:31:50,0.0,235.0,71.0,0.0,32.0,0.0,54.0,0,0
20:31:51,0.0,132.0,74.0,0.0,32.0,0.0,38.0,0,0
20:31:52,0.0,198.0,78.0,0.0,32.0,0.0,36.0,0,0
20:31:53,0.0,190.0,83.0,0.0,32.0,0.0,33.0,0,0
20:31:54,0.0,406.0,87.0,0.0,32.0,0.0,38.0,0,0
20:31:55,0.0,542.0,88.0,0.0,32.0,0.0,53.0,0,0
20:31:56,0.0,424.0,89.0,0.0,32.0,0.0,44.0,0,0
20:31:57,0.0,482.0,90.0,0.0,32.0,0.0,55.0,0,0
20:31:58,0.0,253.0,89.0,0.0,32.0,0.0,49.0,0,0
20:31:59,0.0,200.0,88.0,0.0,32.0,0.0,49.0,0,0
20:32:00,0.0,166.0,89.0,0.0,32.0,0.0,37.0,0,0
20:32:01,0.0,545.0,88.0,0.0,32.0,0.0,47.0,0,0
20:32:02,0.0,777.0,101.0,0.0,32.0,0.0,60.0,0,0
20:32:03,0.0,755.0,117.0,0.0,32.0,0.0,52.0,0,0
20:32:04,0.0,947.0,130.0,0.0,32.0,0.0,50.0,0,0
20:32:05,0.0,829.0,131.0,0.0,32.0,0.0,50.0,0,0
20:32:06,0.0,623.0,131.0,0.0,32.0,0.0,46.0,0,0
20:32:07,0.0,686.0,131.0,0.0,32.0,0.0,48.0,0,0
20:32:08,0.0,742.0,132.0,0.0,32.0,0.0,49.0,0,0
20:32:09,0.0,661.0,136.0,0.0,32.0,0.0,49.0,0,0
20:32:10,0.0,536.0,134.0,0.0,32.0,0.0,46.0,0,0
20:32:11,0.0,606.0,133.0,0.0,32.0,0.0,48.0,0,0
20:32:12,0.0,402.0,132.0,0.0,32.0,0.0,58.0,0,0
20:32:13,0.0,256.0,131.0,0.0,32.0,0.0,45.0,0,0
20:32:14,0.0,424.0,133.0,0.0,32.0,0.0,50.0,0,0
20:32:15,0.0,281.0,133.0,0.0,32.0,0.0,48.0,0,0
20:32:16,0.0,220.0,131.0,0.0,32.0,0.0,48.0,0,0
20:32:17,0.0,77.0,127.0,0.0,32.0,0.0,40.0,0,0
20:32:18,0.0,142.0,124.0,0.0,32.0,0.0,41.0,0,0
20:32:19,0.0,426.0,122.0,0.0,32.0,0.0,51.0,0,0
20:32:20,0.0,389.0,121.0,0.0,32.0,0.0,46.0,0,0
20:32:21,0.0,334.0,122.0,0.0,32.0,0.0,54.0,0,0
20:32:22,0.0,126.0,126.0,0.0,32.0,0.0,52.0,0,0
20:32:23,0.0,60.0,123.0,0.0,32.0,0.0,54.0,0,0
20:32:24,0.0,25.0,118.0,0.0,32.0,0.0,87.0,0,0
20:32:25,0.0,187.0,114.0,0.0,32.0,0.0,43.0,0,0
20:32:26,0.0,109.0,113.0,0.0,32.0,0.0,61.0,0,0
20:32:27,0.0,161.0,112.0,0.0,32.0,0.0,44.0,0,0
20:32:28,0.0,126.0,112.0,0.0,32.0,0.0,24.0,0,0
20:32:29,0.0,555.0,112.0,0.0,32.0,0.0,51.0,0,0
20:32:30,0.0,615.0,112.0,0.0,32.0,0.0,54.0,0,0
20:32:31,0.0,500.0,113.0,0.0,32.0,0.0,54.0,0,0
20:32:32,0.0,366.0,113.0,0.0,32.0,0.0,54.0,0,0
20:32:33,0.0,214.0,113.0,0.0,32.0,0.0,52.0,0,0
20:32:34,0.0,76.0,110.0,0.0,32.0,0.0,42.0,0,0
20:32:35,0.0,13.0,108.0,0.0,32.0,0.0,62.0,0,0
20:32:36,0.0,182.0,105.0,0.0,32.0,0.0,9.0,0,0
20:32:37,0.0,364.0,104.0,0.0,32.0,0.0,56.0,0,0
20:32:38,0.0,228.0,104.0,0.0,32.0,0.0,46.0,0,0
20:32:39,0.0,383.0,104.0,0.0,32.0,0.0,41.0,0,0
20:32:40,0.0,421.0,106.0,0.0,32.0,0.0,73.0,0,0
20:32:41,0.0,434.0,108.0,0.0,32.0,0.0,42.0,0,0
20:32:42,0.0,188.0,107.0,0.0,32.0,0.0,53.0,0,0
20:32:43,0.0,60.0,106.0,0.0,32.0,0.0,71.0,0,0
20:32:44,0.0,38.0,101.0,0.0,32.0,0.0,23.0,0,0
20:32:45,0.0,118.0,97.0,0.0,32.0,0.0,60.0,0,0
20:32:46,0.0,260.0,98.0,0.0,32.0,0.0,29.0,0,0
20:32:47,0.0,333.0,92.0,0.0,32.0,0.0,55.0,0,0
20:32:48,0.0,99.0,78.0,0.0,32.0,0.0,45.0,0,0
20:32:49,0.0,19.0,76.0,0.0,32.0,0.0,91.0,0,0
20:32:50,0.0,2.0,77.0,0.0,32.0,0.0,33.0,0,0
20:32:51,0.0,3.0,79.0,0.0,32.0,0.0,16.0,0,0
20:32:52,0.0,14.0,78.0,0.0,32.0,0.0,25.0,0,0
20:32:53,0.0,63.0,76.0,0.0,32.0,0.0,23.0,0,0
20:32:54,0.0,169.0,75.0,0.0,32.0,0.0,39.0,0,0
20:32:55,0.0,201.0,72.0,0.0,32.0,0.0,42.0,0,0
20:32:56,0.0,251.0,69.0,0.0,32.0,0.0,48.0,0,0
20:32:57,0.0,304.0,64.0,0.0,32.0,0.0,48.0,0,0
20:32:58,0.0,246.0,62.0,0.0,32.0,0.0,47.0,0,0
20:32:59,0.0,148.0,61.0,0.0,32.0,0.0,54.0,0,0
20:33:00,0.0,126.0,61.0,0.0,32.0,0.0,47.0,0,0
20:33:01,0.0,72.0,61.0,0.0,32.0,0.0,68.0,0,0
20:33:02,0.0,6.0,62.0,0.0,32.0,0.0,33.0,0,0
20:33:03,0.0,8.0,63.0,0.0,32.0,0.0,41.0,0,0
20:33:04,0.0,0.0,65.0,0.0,32.0,0.0,255.0,0,0
20:33:05,0.0,1.0,72.0,0.0,32.0,0.0,0.0,0,0
20:33:06,0.0,14.0,74.0,0.0,32.0,0.0,10.0,0,0
20:33:07,0.0,50.0,75.0,0.0,32.0,0.0,29.0,0,0
20:33:08,0.0,141.0,74.0,0.0,32.0,0.0,31.0,0,0
20:33:09,0.0,185.0,71.0,0.0,32.0,0.0,48.0,0,0
20:33:10,0.0,181.0,67.0,0.0,32.0,0.0,41.0,0,0
20:33:11,0.0,306.0,62.0,0.0,32.0,0.0,46.0,0,0
20:33:12,0.0,281.0,59.0,0.0,32.0,0.0,46.0,0,0
20:33:13,0.0,240.0,59.0,0.0,32.0,0.0,48.0,0,0
20:33:14,0.0,190.0,61.0,0.0,32.0,0.0,49.0,0,0
20:33:15,0.0,88.0,61.0,0.0,32.0,0.0,63.0,0,0
20:33:16,0.0,30.0,62.0,0.0,32.0,0.0,45.0,0,0
20:33:17,0.0,7.0,61.0,0.0,32.0,0.0,86.0,0,0
20:33:18,0.0,1.0,62.0,0.0,32.0,0.0,100.0,0,0
20:33:19,0.0,2.0,65.0,0.0,32.0,0.0,0.0,0,0
20:33:20,0.0,22.0,71.0,0.0,32.0,0.0,20.0,0,0
20:33:21,0.0,99.0,74.0,0.0,32.0,0.0,43.0,0,0
20:33:22,0.0,156.0,77.0,0.0,32.0,0.0,34.0,0,0
20:33:23,0.0,220.0,76.0,0.0,32.0,0.0,48.0,0,0
20:33:24,0.0,349.0,75.0,0.0,32.0,0.0,40.0,0,0
20:33:25,0.0,376.0,72.0,0.0,32.0,0.0,44.0,0,0
20:33:26,0.0,316.0,71.0,0.0,32.0,0.0,58.0,0,0
20:33:27,0.0,333.0,74.0,0.0,32.0,0.0,52.0,0,0
20:33:28,0.0,315.0,80.0,0.0,32.0,0.0,43.0,0,0
20:33:29,0.0,469.0,85.0,0.0,32.0,0.0,47.0,0,0
20:33:30,0.0,513.0,87.0,0.0,32.0,0.0,55.0,0,0
20:33:31,0.0,699.0,100.0,0.0,32.0,0.0,51.0,0,0
20:33:32,0.0,776.0,112.0,0.0,32.0,0.0,54.0,0,0
20:33:33,0.0,356.0,115.0,0.0,32.0,0.0,54.0,0,0
20:33:34,0.0,73.0,113.0,0.0,32.0,0.0,40.0,0,0
20:33:35,0.0,31.0,110.0,0.0,32.0,0.0,3.0,0,0
20:33:36,0.0,362.0,109.0,0.0,32.0,0.0,49.0,0,0
20:33:37,0.0,261.0,112.0,0.0,32.0,0.0,51.0,0,0
20:33:38,0.0,226.0,111.0,0.0,32.0,0.0,38.0,0,0
20:33:39,0.0,340.0,111.0,0.0,32.0,0.0,31.0,0,0
20:33:40,0.0,838.0,110.0,0.0,32.0,0.0,50.0,0,0
20:33:41,0.0,1140.0,112.0,0.0,32.0,0.0,51.0,0,0
20:33:42,0.0,961.0,116.0,0.0,32.0,0.0,51.0,0,0
20:33:43,0.0,725.0,118.0,0.0,32.0,0.0,49.0,0,0
20:33:44,0.0,549.0,119.0,0.0,32.0,0.0,56.0,0,0
20:33:45,0.0,348.0,119.0,0.0,32.0,0.0,44.0,0,0
20:33:46,0.0,215.0,119.0,0.0,32.0,0.0,37.0,0,0
20:33:47,0.0,190.0,119.0,0.0,32.0,0.0,46.0,0,0
20:33:48,0.0,295.0,117.0,0.0,32.0,0.0,38.0,0,0
20:33:49,0.0,651.0,116.0,0.0,32.0,0.0,48.0,0,0
20:33:50,0.0,448.0,117.0,0.0,32.0,0.0,61.0,0,0
20:33:51,0.0,339.0,116.0,0.0,32.0,0.0,43.0,0,0
20:33:52,0.0,635.0,117.0,0.0,32.0,0.0,46.0,0,0
20:33:53,0.0,932.0,120.0,0.0,32.0,0.0,53.0,0,0
20:33:54,0.0,606.0,123.0,0.0,32.0,0.0,61.0,0,0
20:33:55,0.0,153.0,119.0,0.0,32.0,0.0,28.0,0,0
20:33:56,0.0,300.0,115.0,0.0,32.0,0.0,48.0,0,0
20:33:57,0.0,267.0,115.0,0.0,32.0,0.0,43.0,0,0
20:33:58,0.0,561.0,113.0,0.0,32.0,0.0,48.0,0,0
20:33:59,0.0,750.0,114.0,0.0,32.0,0.0,51.0,0,0
20:34:00,0.0,649.0,118.0,0.0,32.0,0.0,48.0,0,0
20:34:01,0.0,632.0,118.0,0.0,32.0,0.0,50.0,0,0
20:34:02,0.0,525.0,119.0,0.0,32.0,0.0,56.0,0,0
20:34:03,0.0,404.0,115.0,0.0,32.0,0.0,42.0,0,0
20:34:04,0.0,437.0,113.0,0.0,32.0,0.0,50.0,0,0
20:34:05,0.0,249.0,111.0,0.0,32.0,0.0,39.0,0,0
20:34:06,0.0,143.0,110.0,0.0,32.0,0.0,71.0,0,0
20:34:07,0.0,41.0,108.0,0.0,32.0,0.0,31.0,0,0
20:34:08,0.0,344.0,108.0,0.0,32.0,0.0,33.0,0,0
20:34:09,0.0,501.0,108.0,0.0,32.0,0.0,45.0,0,0
20:34:10,0.0,566.0,102.0,0.0,32.0,0.0,57.0,0,0
20:34:11,0.0,140.0,88.0,0.0,32.0,0.0,57.0,0,0
20:34:12,0.0,16.0,84.0,0.0,32.0,0.0,81.0,0,0
20:34:13,0.0,2.0,83.0,0.0,32.0,0.0,50.0,0,0
20:34:14,0.0,2.0,82.0,0.0,32.0,0.0,75.0,0,0
20:34:15,0.0,1.0,79.0,0.0,32.0,0.0,50.0,0,0
20:34:16,0.0,1.0,78.0,0.0,32.0,0.0,100.0,0,0
20:34:17,0.0,0.0,76.0,0.0,32.0,0.0,0.0,0,0
20:34:18,0.0,8.0,75.0,0.0,32.0,0.0,4.0,0,0
20:34:19,0.0,26.0,75.0,0.0,32.0,0.0,38.0,0,0
20:34:20,0.0,37.0,73.0,0.0,32.0,0.0,50.0,0,0
20:34:21,0.0,16.0,68.0,0.0,32.0,0.0,61.0,0,0
20:34:22,0.0,80.0,63.0,0.0,32.0,0.0,30.0,0,0
20:34:23,0.0,124.0,62.0,0.0,32.0,0.0,37.0,0,0
20:34:24,0.0,163.0,63.0,0.0,32.0,0.0,46.0,0,0
20:34:25,0.0,133.0,65.0,0.0,32.0,0.0,49.0,0,0
20:34:26,0.0,179.0,66.0,0.0,32.0,0.0,41.0,0,0
20:34:27,0.0,305.0,67.0,0.0,32.0,0.0,48.0,0,0
20:34:28,0.0,346.0,66.0,0.0,32.0,0.0,45.0,0,0
20:34:29,0.0,419.0,65.0,0.0,32.0,0.0,47.0,0,0
20:34:30,0.0,393.0,63.0,0.0,32.0,0.0,49.0,0,0
20:34:31,0.0,359.0,63.0,0.0,32.0,0.0,47.0,0,0
20:34:32,0.0,354.0,64.0,0.0,32.0,0.0,45.0,0,0
20:34:33,0.0,283.0,66.0,0.0,32.0,0.0,46.0,0,0
20:34:34,0.0,385.0,68.0,0.0,32.0,0.0,45.0,0,0
20:34:35,0.0,344.0,69.0,0.0,32.0,0.0,53.0,0,0
20:34:36,0.0,371.0,72.0,0.0,32.0,0.0,53.0,0,0
20:34:37,0.0,354.0,79.0,0.0,32.0,0.0,46.0,0,0
20:34:38,0.0,414.0,84.0,0.0,32.0,0.0,44.0,0,0
20:34:39,0.0,490.0,88.0,0.0,32.0,0.0,48.0,0,0
20:34:40,0.0,358.0,91.0,0.0,32.0,0.0,42.0,0,0
20:34:41,0.0,630.0,90.0,0.0,32.0,0.0,44.0,0,0
20:34:42,0.0,890.0,94.0,0.0,32.0,0.0,53.0,0,0
20:34:43,0.0,688.0,101.0,0.0,32.0,0.0,61.0,0,0
20:34:44,0.0,956.0,124.0,0.0,32.0,0.0,49.0,0,0
20:34:45,0.0,999.0,134.0,0.0,32.0,0.0,49.0,0,0
20:34:46,0.0,581.0,134.0,0.0,32.0,0.0,51.0,0,0
20:34:47,0.0,328.0,130.0,0.0,32.0,0.0,51.0,0,0
20:34:48,0.0,138.0,126.0,0.0,32.0,0.0,57.0,0,0
20:34:49,0.0,188.0,122.0,0.0,32.0,0.0,42.0,0,0
20:34:50,0.0,273.0,120.0,0.0,32.0,0.0,39.0,0,0
20:34:51,0.0,633.0,121.0,0.0,32.0,0.0,49.0,0,0
20:34:52,0.0,431.0,125.0,0.0,32.0,0.0,47.0,0,0
20:34:53,0.0,294.0,124.0,0.0,32.0,0.0,69.0,0,0
20:34:54,0.0,237.0,120.0,0.0,32.0,0.0,47.0,0,0
20:34:55,0.0,372.0,118.0,0.0,32.0,0.0,54.0,0,0
20:34:56,0.0,263.0,117.0,0.0,32.0,0.0,45.0,0,0
20:34:57,0.0,260.0,118.0,0.0,32.0,0.0,47.0,0,0
20:34:58,0.0,299.0,118.0,0.0,32.0,0.0,50.0,0,0
20:34:59,0.0,273.0,116.0,0.0,32.0,0.0,47.0,0,0
20:35:00,0.0,244.0,113.0,0.0,32.0,0.0,51.0,0,0
20:35:01,0.0,206.0,108.0,0.0,32.0,0.0,43.0,0,0
20:35:02,0.0,190.0,106.0,0.0,32.0,0.0,48.0,0,0
20:35:03,0.0,285.0,103.0,0.0,32.0,0.0,45.0,0,0
20:35:04,0.0,358.0,102.0,0.0,32.0,0.0,51.0,0,0
20:35:05,0.0,418.0,101.0,0.0,32.0,0.0,48.0,0,0
20:35:06,0.0,547.0,102.0,0.0,32.0,0.0,60.0,0,0
20:35:07,0.0,532.0,108.0,0.0,32.0,0.0,45.0,0,0
20:35:08,0.0,722.0,112.0,0.0,32.0,0.0,53.0,0,0
20:35:09,0.0,614.0,115.0,0.0,32.0,0.0,49.0,0,0
20:35:10,0.0,751.0,115.0,0.0,32.0,0.0,53.0,0,0
20:35:11,0.0,573.0,116.0,0.0,32.0,0.0,60.0,0,0
20:35:12,0.0,366.0,116.0,0.0,32.0,0.0,48.0,0,0
20:35:13,0.0,299.0,116.0,0.0,32.0,0.0,37.0,0,0
20:35:14,0.0,429.0,118.0,0.0,32.0,0.0,50.0,0,0
20:35:15,0.0,287.0,120.0,0.0,32.0,0.0,60.0,0,0
20:35:16,0.0,73.0,117.0,0.0,32.0,0.0,42.0,0,0
20:35:17,0.0,62.0,113.0,0.0,32.0,0.0,40.0,0,0
20:35:18,0.0,257.0,108.0,0.0,32.0,0.0,50.0,0,0
20:35:19,0.0,362.0,106.0,0.0,32.0,0.0,48.0,0,0
20:35:20,0.0,301.0,104.0,0.0,32.0,0.0,51.0,0,0
20:35:21,0.0,353.0,103.0,0.0,32.0,0.0,52.0,0,0
20:35:22,0.0,368.0,105.0,0.0,32.0,0.0,44.0,0,0
20:35:23,0.0,497.0,110.0,0.0,32.0,0.0,50.0,0,0
20:35:24,0.0,496.0,113.0,0.0,32.0,0.0,54.0,0,0
20:35:25,0.0,411.0,114.0,0.0,32.0,0.0,47.0,0,0
20:35:26,0.0,384.0,112.0,0.0,32.0,0.0,59.0,0,0
20:35:27,0.0,315.0,110.0,0.0,32.0,0.0,54.0,0,0
20:35:28,0.0,223.0,110.0,0.0,32.0,0.0,47.0,0,0
20:35:29,0.0,154.0,107.0,0.0,32.0,0.0,47.0,0,0
20:35:30,0.0,194.0,107.0,0.0,32.0,0.0,48.0,0,0
20:35:31,0.0,207.0,109.0,0.0,32.0,0.0,46.0,0,0
20:35:32,0.0,160.0,102.0,0.0,32.0,0.0,56.0,0,0
20:35:33,0.0,51.0,88.0,0.0,32.0,0.0,63.0,0,0
20:35:34,0.0,10.0,84.0,0.0,32.0,0.0,68.0,0,0
20:35:35,0.0,8.0,82.0,0.0,32.0,0.0,64.0,0,0
20:35:36,0.0,4.0,79.0,0.0,32.0,0.0,57.0,0,0
20:35:37,0.0,8.0,78.0,0.0,32.0,0.0,40.0,0,0
20:35:38,0.0,16.0,77.0,0.0,32.0,0.0,29.0,0,0
20:35:39,0.0,26.0,77.0,0.0,32.0,0.0,41.0,0,0
20:35:40,0.0,23.0,76.0,0.0,32.0,0.0,21.0,0,0
20:35:41,0.0,22.0,76.0,0.0,32.0,0.0,34.0,0,0
20:35:42,0.0,15.0,76.0,0.0,32.0,0.0,90.0,0,0
20:35:43,0.0,43.0,74.0,0.0,32.0,0.0,21.0,0,0
20:35:44,0.0,107.0,72.0,0.0,32.0,0.0,38.0,0,0
20:35:45,0.0,142.0,68.0,0.0,32.0,0.0,41.0,0,0
20:35:46,0.0,184.0,66.0,0.0,32.0,0.0,48.0,0,0
20:35:47,0.0,198.0,67.0,0.0,32.0,0.0,48.0,0,0
20:35:48,0.0,183.0,68.0,0.0,32.0,0.0,46.0,0,0
20:35:49,0.0,238.0,69.0,0.0,32.0,0.0,48.0,0,0
20:35:50,0.0,286.0,68.0,0.0,32.0,0.0,47.0,0,0
20:35:51,0.0,365.0,67.0,0.0,32.0,0.0,47.0,0,0
20:35:52,0.0,407.0,64.0,0.0,32.0,0.0,50.0,0,0
20:35:53,0.0,331.0,60.0,0.0,32.0,0.0,51.0,0,0
20:35:54,0.0,221.0,60.0,0.0,32.0,0.0,54.0,0,0
20:35:55,0.0,166.0,60.0,0.0,32.0,0.0,48.0,0,0
20:35:56,0.0,80.0,60.0,0.0,32.0,0.0,65.0,0,0
20:35:57,0.0,9.0,59.0,0.0,32.0,0.0,52.0,0,0
20:35:58,0.0,4.0,59.0,0.0,32.0,0.0,22.0,0,0
20:35:59,0.0,0.0,60.0,0.0,32.0,0.0,255.0,0,0
20:36:00,0.0,0.0,63.0,0.0,32.0,0.0,255.0,0,0
20:36:01,0.0,65.0,68.0,0.0,32.0,0.0,4.0,0,0
20:36:02,0.0,157.0,72.0,0.0,32.0,0.0,48.0,0,0
20:36:03,0.0,166.0,74.0,0.0,32.0,0.0,52.0,0,0
20:36:04,0.0,207.0,75.0,0.0,32.0,0.0,45.0,0,0
20:36:05,0.0,248.0,75.0,0.0,32.0,0.0,44.0,0,0
20:36:06,0.0,313.0,72.0,0.0,32.0,0.0,48.0,0,0
20:36:07,0.0,314.0,70.0,0.0,32.0,0.0,50.0,0,0
20:36:08,0.0,222.0,65.0,0.0,32.0,0.0,47.0,0,0
20:36:09,0.0,204.0,63.0,0.0,32.0,0.0,55.0,0,0
20:36:10,0.0,153.0,63.0,0.0,32.0,0.0,50.0,0,0
20:36:11,0.0,96.0,64.0,0.0,32.0,0.0,51.0,0,0
20:36:12,0.0,84.0,64.0,0.0,32.0,0.0,21.0,0,0
20:36:13,0.0,160.0,68.0,0.0,32.0,0.0,49.0,0,0
20:36:14,0.0,55.0,72.0,0.0,32.0,0.0,44.0,0,0
20:36:15,0.0,119.0,75.0,0.0,32.0,0.0,35.0,0,0
20:36:16,0.0,90.0,80.0,0.0,32.0,0.0,36.0,0,0
20:36:17,0.0,124.0,83.0,0.0,32.0,0.0,25.0,0,0
20:36:18,0.0,289.0,84.0,0.0,32.0,0.0,43.0,0,0
20:36:19,0.0,525.0,84.0,0.0,32.0,0.0,54.0,0,0
20:36:20,0.0,583.0,86.0,0.0,32.0,0.0,48.0,0,0
20:36:21,0.0,521.0,86.0,0.0,32.0,0.0,52.0,0,0
20:36:22,0.0,416.0,87.0,0.0,32.0,0.0,53.0,0,0
20:36:23,0.0,471.0,89.0,0.0,32.0,0.0,43.0,0,0
20:36:24,0.0,592.0,93.0,0.0,32.0,0.0,59.0,0,0
20:36:25,0.0,146.0,93.0,0.0,32.0,0.0,42.0,0,0
20:36:26,0.0,468.0,95.0,0.0,32.0,0.0,45.0,0,0
20:36:27,0.0,309.0,96.0,0.0,32.0,0.0,48.0,0,0
20:36:28,0.0,586.0,105.0,0.0,32.0,0.0,49.0,0,0
20:36:29,0.0,661.0,116.0,0.0,32.0,0.0,51.0,0,0
20:36:30,0.0,504.0,115.0,0.0,32.0,0.0,45.0,0,0
20:36:31,0.0,585.0,115.0,0.0,32.0,0.0,46.0,0,0
20:36:32,0.0,761.0,119.0,0.0,32.0,0.0,49.0,0,0
20:36:33,0.0,714.0,122.0,0.0,32.0,0.0,48.0,0,0
20:36:34,0.0,633.0,123.0,0.0,32.0,0.0,49.0,0,0
20:36:35,0.0,680.0,123.0,0.0,32.0,0.0,45.0,0,0
20:36:36,0.0,692.0,123.0,0.0,32.0,0.0,52.0,0,0
20:36:37,0.0,583.0,120.0,0.0,32.0,0.0,49.0,0,0
20:36:38,0.0,647.0,117.0,0.0,32.0,0.0,50.0,0,0
20:36:39,0.0,661.0,117.0,0.0,32.0,0.0,49.0,0,0
20:36:40,0.0,641.0,121.0,0.0,32.0,0.0,51.0,0,0
20:36:41,0.0,429.0,125.0,0.0,32.0,0.0,45.0,0,0
20:36:42,0.0,390.0,125.0,0.0,32.0,0.0,63.0,0,0
20:36:43,0.0,105.0,121.0,0.0,32.0,0.0,24.0,0,0
20:36:44,0.0,271.0,119.0,0.0,32.0,0.0,43.0,0,0
20:36:45,0.0,423.0,117.0,0.0,32.0,0.0,43.0,0,0
20:36:46,0.0,539.0,118.0,0.0,32.0,0.0,53.0,0,0
20:36:47,0.0,581.0,121.0,0.0,32.0,0.0,53.0,0,0
20:36:48,0.0,519.0,124.0,0.0,32.0,0.0,50.0,0,0
20:36:49,0.0,375.0,126.0,0.0,32.0,0.0,49.0,0,0
20:36:50,0.0,256.0,124.0,0.0,32.0,0.0,34.0,0,0
20:36:51,0.0,675.0,123.0,0.0,32.0,0.0,50.0,0,0
20:36:52,0.0,727.0,123.0,0.0,32.0,0.0,48.0,0,0
20:36:53,0.0,644.0,122.0,0.0,32.0,0.0,48.0,0,0
20:36:54,0.0,719.0,122.0,0.0,32.0,0.0,51.0,0,0
20:36:55,0.0,604.0,125.0,0.0,32.0,0.0,54.0,0,0
20:36:56,0.0,280.0,126.0,0.0,32.0,0.0,38.0,0,0
20:36:57,0.0,383.0,125.0,0.0,32.0,0.0,47.0,0,0
20:36:58,0.0,127.0,122.0,0.0,32.0,0.0,52.0,0,0
20:36:59,0.0,46.0,119.0,0.0,32.0,0.0,44.0,0,0
20:37:00,0.0,108.0,116.0,0.0,32.0,0.0,41.0,0,0
20:37:01,0.0,301.0,115.0,0.0,32.0,0.0,42.0,0,0
20:37:02,0.0,342.0,116.0,0.0,32.0,0.0,41.0,0,0
20:37:03,0.0,686.0,117.0,0.0,32.0,0.0,55.0,0,0
20:37:04,0.0,591.0,118.0,0.0,32.0,0.0,59.0,0,0
20:37:05,0.0,356.0,114.0,0.0,32.0,0.0,48.0,0,0
20:37:06,0.0,511.0,113.0,0.0,32.0,0.0,50.0,0,0
20:37:07,0.0,504.0,112.0,0.0,32.0,0.0,45.0,0,0
20:37:08,0.0,624.0,112.0,0.0,32.0,0.0,52.0,0,0
20:37:09,0.0,630.0,114.0,0.0,32.0,0.0,53.0,0,0
20:37:10,0.0,373.0,110.0,0.0,32.0,0.0,57.0,0,0
20:37:11,0.0,83.0,100.0,0.0,32.0,0.0,54.0,0,0
20:37:12,0.0,18.0,97.0,0.0,32.0,0.0,51.0,0,0
20:37:13,0.0,17.0,94.0,0.0,32.0,0.0,58.0,0,0
20:37:14,0.0,12.0,92.0,0.0,32.0,0.0,54.0,0,0
20:37:15,0.0,8.0,89.0,0.0,32.0,0.0,57.0,0,0
20:37:16,0.0,9.0,89.0,0.0,32.0,0.0,63.0,0,0
20:37:17,0.0,9.0,87.0,0.0,32.0,0.0,66.0,0,0
20:37:18,0.0,9.0,87.0,0.0,32.0,0.0,47.0,0,0
20:37:19,0.0,17.0,86.0,0.0,32.0,0.0,31.0,0,0
20:37:20,0.0,67.0,84.0,0.0,32.0,0.0,44.0,0,0
20:37:21,0.0,85.0,80.0,0.0,32.0,0.0,41.0,0,0
20:37:22,0.0,67.0,76.0,0.0,32.0,0.0,40.0,0,0
20:37:23,0.0,66.0,73.0,0.0,32.0,0.0,43.0,0,0
20:37:24,0.0,107.0,73.0,0.0,32.0,0.0,26.0,0,0
20:37:25,0.0,130.0,73.0,0.0,32.0,0.0,42.0,0,0
20:37:26,0.0,138.0,74.0,0.0,32.0,0.0,42.0,0,0
20:37:27,0.0,291.0,74.0,0.0,32.0,0.0,46.0,0,0
20:37:28,0.0,370.0,73.0,0.0,32.0,0.0,46.0,0,0
20:37:29,0.0,424.0,69.0,0.0,32.0,0.0,49.0,0,0
20:37:30,0.0,386.0,65.0,0.0,32.0,0.0,51.0,0,0
20:37:31,0.0,315.0,64.0,0.0,32.0,0.0,45.0,0,0
20:37:32,0.0,261.0,65.0,0.0,32.0,0.0,51.0,0,0
20:37:33,0.0,201.0,65.0,0.0,32.0,0.0,52.0,0,0
20:37:34,0.0,173.0,66.0,0.0,32.0,0.0,52.0,0,0
20:37:35,0.0,203.0,68.0,0.0,32.0,0.0,55.0,0,0
20:37:36,0.0,120.0,72.0,0.0,32.0,0.0,47.0,0,0
20:37:37,0.0,191.0,76.0,0.0,32.0,0.0,41.0,0,0
20:37:38,0.0,247.0,82.0,0.0,32.0,0.0,48.0,0,0
20:37:39,0.0,379.0,84.0,0.0,32.0,0.0,47.0,0,0
20:37:40,0.0,478.0,87.0,0.0,32.0,0.0,56.0,0,0
20:37:41,0.0,376.0,86.0,0.0,32.0,0.0,41.0,0,0
20:37:42,0.0,728.0,85.0,0.0,32.0,0.0,45.0,0,0
20:37:43,0.0,771.0,92.0,0.0,32.0,0.0,49.0,0,0
20:37:44,0.0,600.0,105.0,0.0,32.0,0.0,43.0,0,0
20:37:45,0.0,933.0,125.0,0.0,32.0,0.0,48.0,0,0
20:37:46,0.0,921.0,129.0,0.0,32.0,0.0,49.0,0,0
20:37:47,0.0,956.0,131.0,0.0,32.0,0.0,51.0,0,0
20:37:48,0.0,921.0,131.0,0.0,32.0,0.0,50.0,0,0
20:37:49,0.0,920.0,131.0,0.0,32.0,0.0,52.0,0,0
20:37:50,0.0,725.0,132.0,0.0,32.0,0.0,48.0,0,0
20:37:51,0.0,800.0,136.0,0.0,32.0,0.0,51.0,0,0
20:37:52,0.0,689.0,139.0,0.0,32.0,0.0,49.0,0,0
20:37:53,0.0,556.0,138.0,0.0,32.0,0.0,44.0,0,0
20:37:54,0.0,530.0,135.0,0.0,32.0,0.0,53.0,0,0
20:37:55,0.0,325.0,133.0,0.0,32.0,0.0,51.0,0,0
20:37:56,0.0,274.0,131.0,0.0,32.0,0.0,48.0,0,0
20:37:57,0.0,257.0,132.0,0.0,32.0,0.0,47.0,0,0
20:37:58,0.0,479.0,132.0,0.0,32.0,0.0,47.0,0,0
20:37:59,0.0,498.0,131.0,0.0,32.0,0.0,45.0,0,0
20:38:00,0.0,650.0,130.0,0.0,32.0,0.0,51.0,0,0
20:38:01,0.0,618.0,128.0,0.0,32.0,0.0,48.0,0,0
20:38:02,0.0,428.0,126.0,0.0,32.0,0.0,42.0,0,0
20:38:03,0.0,322.0,123.0,0.0,32.0,0.0,40.0,0,0
20:38:04,0.0,372.0,124.0,0.0,32.0,0.0,47.0,0,0
20:38:05,0.0,338.0,123.0,0.0,32.0,0.0,53.0,0,0
20:38:06,0.0,270.0,118.0,0.0,32.0,0.0,57.0,0,0
20:38:07,0.0,110.0,114.0,0.0,32.0,0.0,46.0,0,0
20:38:08,0.0,74.0,113.0,0.0,32.0,0.0,46.0,0,0
20:38:09,0.0,124.0,111.0,0.0,32.0,0.0,41.0,0,0
20:38:10,0.0,242.0,110.0,0.0,32.0,0.0,38.0,0,0
20:38:11,0.0,388.0,108.0,0.0,32.0,0.0,51.0,0,0
20:38:12,0.0,370.0,109.0,0.0,32.0,0.0,47.0,0,0
20:38:13,0.0,495.0,112.0,0.0,32.0,0.0,49.0,0,0
20:38:14,0.0,320.0,112.0,0.0,32.0,0.0,47.0,0,0
20:38:15,0.0,352.0,111.0,0.0,32.0,0.0,51.0,0,0
20:38:16,0.0,377.0,108.0,0.0,32.0,0.0,50.0,0,0
20:38:17,0.0,504.0,109.0,0.0,32.0,0.0,49.0,0,0
20:38:18,0.0,549.0,110.0,0.0,32.0,0.0,51.0,0,0
20:38:19,0.0,371.0,111.0,0.0,32.0,0.0,51.0,0,0
20:38:20,0.0,338.0,110.0,0.0,32.0,0.0,44.0,0,0
20:38:21,0.0,517.0,111.0,0.0,32.0,0.0,51.0,0,0
20:38:22,0.0,348.0,113.0,0.0,32.0,0.0,49.0,0,0
20:38:23,0.0,203.0,114.0,0.0,32.0,0.0,51.0,0,0
20:38:24,0.0,255.0,110.0,0.0,32.0,0.0,44.0,0,0
20:38:25,0.0,353.0,107.0,0.0,32.0,0.0,60.0,0,0
20:38:26,0.0,184.0,106.0,0.0,32.0,0.0,57.0,0,0
20:38:27,0.0,39.0,96.0,0.0,32.0,0.0,12.0,0,0
20:38:28,0.0,11.0,86.0,0.0,32.0,0.0,57.0,0,0
20:38:29,0.0,4.0,85.0,0.0,32.0,0.0,61.0,0,0
20:38:30,0.0,7.0,85.0,0.0,32.0,0.0,21.0,0,0
20:38:31,0.0,10.0,86.0,0.0,32.0,0.0,42.0,0,0
20:38:32,0.0,14.0,85.0,0.0,32.0,0.0,33.0,0,0
20:38:33,0.0,10.0,83.0,0.0,32.0,0.0,52.0,0,0
20:38:34,0.0,9.0,82.0,0.0,32.0,0.0,45.0,0,0
20:38:35,0.0,12.0,81.0,0.0,32.0,0.0,45.0,0,0
20:38:36,0.0,11.0,80.0,0.0,32.0,0.0,28.0,0,0
20:38:37,0.0,30.0,78.0,0.0,32.0,0.0,25.0,0,0
20:38:38,0.0,29.0,78.0,0.0,32.0,0.0,42.0,0,0
20:38:39,0.0,35.0,77.0,0.0,32.0,0.0,35.0,0,0
20:38:40,0.0,59.0,77.0,0.0,32.0,0.0,20.0,0,0
20:38:41,0.0,99.0,77.0,0.0,32.0,0.0,54.0,0,0
20:38:42,0.0,83.0,77.0,0.0,32.0,0.0,43.0,0,0
20:38:43,0.0,157.0,76.0,0.0,32.0,0.0,33.0,0,0
20:38:44,0.0,170.0,73.0,0.0,32.0,0.0,41.0,0,0
20:38:45,0.0,242.0,69.0,0.0,32.0,0.0,47.0,0,0
20:38:46,0.0,216.0,69.0,0.0,32.0,0.0,50.0,0,0
20:38:47,0.0,222.0,69.0,0.0,32.0,0.0,47.0,0,0
20:38:48,0.0,261.0,69.0,0.0,32.0,0.0,46.0,0,0
20:38:49,0.0,274.0,69.0,0.0,32.0,0.0,50.0,0,0
20:38:50,0.0,340.0,67.0,0.0,32.0,0.0,47.0,0,0
20:38:51,0.0,380.0,64.0,0.0,32.0,0.0,50.0,0,0
20:38:52,0.0,339.0,62.0,0.0,32.0,0.0,48.0,0,0
20:38:53,0.0,239.0,60.0,0.0,32.0,0.0,48.0,0,0
20:38:54,0.0,180.0,60.0,0.0,32.0,0.0,52.0,0,0
20:38:55,0.0,128.0,61.0,0.0,32.0,0.0,53.0,0,0
20:38:56,0.0,72.0,62.0,0.0,32.0,0.0,65.0,0,0
20:38:57,0.0,85.0,63.0,0.0,32.0,0.0,39.0,0,0
20:38:58,0.0,147.0,65.0,0.0,32.0,0.0,30.0,0,0
20:38:59,0.0,178.0,68.0,0.0,32.0,0.0,44.0,0,0
20:39:00,0.0,195.0,74.0,0.0,32.0,0.0,46.0,0,0
20:39:01,0.0,209.0,77.0,0.0,32.0,0.0,47.0,0,0
20:39:02,0.0,186.0,80.0,0.0,32.0,0.0,46.0,0,0
20:39:03,0.0,242.0,80.0,0.0,32.0,0.0,39.0,0,0
20:39:04,0.0,348.0,77.0,0.0,32.0,0.0,48.0,0,0
20:39:05,0.0,342.0,75.0,0.0,32.0,0.0,48.0,0,0
20:39:06,0.0,343.0,73.0,0.0,32.0,0.0,53.0,0,0
20:39:07,0.0,266.0,73.0,0.0,32.0,0.0,50.0,0,0
20:39:08,0.0,220.0,75.0,0.0,32.0,0.0,45.0,0,0
20:39:09,0.0,207.0,75.0,0.0,32.0,0.0,50.0,0,0
20:39:10,0.0,237.0,78.0,0.0,32.0,0.0,49.0,0,0
20:39:11,0.0,253.0,81.0,0.0,32.0,0.0,50.0,0,0
20:39:12,0.0,268.0,90.0,0.0,32.0,0.0,44.0,0,0
20:39:13,0.0,310.0,90.0,0.0,32.0,0.0,48.0,0,0
20:39:14,0.0,339.0,91.0,0.0,32.0,0.0,48.0,0,0
20:39:15,0.0,293.0,92.0,0.0,32.0,0.0,47.0,0,0
20:39:16,0.0,492.0,107.0,0.0,32.0,0.0,55.0,0,0
20:39:17,0.0,484.0,111.0,0.0,32.0,0.0,40.0,0,0
20:39:18,0.0,543.0,112.0,0.0,32.0,0.0,40.0,0,0
20:39:19,0.0,866.0,116.0,0.0,32.0,0.0,50.0,0,0
20:39:20,0.0,983.0,119.0,0.0,32.0,0.0,51.0,0,0
20:39:21,0.0,901.0,121.0,0.0,32.0,0.0,52.0,0,0
20:39:22,0.0,642.0,121.0,0.0,32.0,0.0,48.0,0,0
20:39:23,0.0,332.0,121.0,0.0,32.0,0.0,46.0,0,0
20:39:24,0.0,396.0,120.0,0.0,32.0,0.0,41.0,0,0
20:39:25,0.0,460.0,122.0,0.0,32.0,0.0,48.0,0,0
20:39:26,0.0,592.0,126.0,0.0,32.0,0.0,50.0,0,0
20:39:27,0.0,617.0,127.0,0.0,32.0,0.0,51.0,0,0
20:39:28,0.0,465.0,125.0,0.0,32.0,0.0,44.0,0,0
20:39:29,0.0,269.0,123.0,0.0,32.0,0.0,47.0,0,0
20:39:30,0.0,427.0,122.0,0.0,32.0,0.0,48.0,0,0
20:39:31,0.0,404.0,122.0,0.0,32.0,0.0,43.0,0,0
20:39:32,0.0,212.0,123.0,0.0,32.0,0.0,30.0,0,0
20:39:33,0.0,562.0,120.0,0.0,32.0,0.0,42.0,0,0
20:39:34,0.0,780.0,121.0,0.0,32.0,0.0,50.0,0,0
20:39:35,0.0,729.0,125.0,0.0,32.0,0.0,52.0,0,0
20:39:36,0.0,639.0,125.0,0.0,32.0,0.0,56.0,0,0
20:39:37,0.0,334.0,124.0,0.0,32.0,0.0,43.0,0,0
20:39:38,0.0,140.0,122.0,0.0,32.0,0.0,27.0,0,0
20:39:39,0.0,465.0,121.0,0.0,32.0,0.0,47.0,0,0
20:39:40,0.0,550.0,120.0,0.0,32.0,0.0,51.0,0,0
20:39:41,0.0,623.0,120.0,0.0,32.0,0.0,52.0,0,0
20:39:42,0.0,724.0,124.0,0.0,32.0,0.0,54.0,0,0
20:39:43,0.0,709.0,125.0,0.0,32.0,0.0,52.0,0,0
20:39:44,0.0,567.0,125.0,0.0,32.0,0.0,50.0,0,0
20:39:45,0.0,541.0,125.0,0.0,32.0,0.0,46.0,0,0
20:39:46,0.0,459.0,125.0,0.0,32.0,0.0,41.0,0,0
20:39:47,0.0,573.0,128.0,0.0,32.0,0.0,50.0,0,0
20:39:48,0.0,551.0,131.0,0.0,32.0,0.0,45.0,0,0
20:39:49,0.0,583.0,131.0,0.0,32.0,0.0,46.0,0,0
20:39:50,0.0,317.0,126.0,0.0,32.0,0.0,45.0,0,0
20:39:51,0.0,55.0,104.0,0.0,32.0,0.0,55.0,0,0
20:39:52,0.0,14.0,98.0,0.0,32.0,0.0,60.0,0,0
20:39:53,0.0,12.0,97.0,0.0,32.0,0.0,60.0,0,0
20:39:54,0.0,12.0,95.0,0.0,32.0,0.0,55.0,0,0
20:39:55,0.0,13.0,96.0,0.0,32.0,0.0,57.0,0,0
20:39:56,0.0,13.0,95.0,0.0,32.0,0.0,60.0,0,0
20:39:57,0.0,12.0,92.0,0.0,32.0,0.0,57.0,0,0
20:39:58,0.0,10.0,90.0,0.0,32.0,0.0,66.0,0,0
20:39:59,0.0,34.0,87.0,0.0,32.0,0.0,34.0,0,0
20:40:00,0.0,101.0,86.0,0.0,32.0,0.0,38.0,0,0
20:40:01,0.0,141.0,84.0,0.0,32.0,0.0,35.0,0,0
20:40:02,0.0,197.0,80.0,0.0,32.0,0.0,42.0,0,0
20:40:03,0.0,292.0,77.0,0.0,32.0,0.0,47.0,0,0
20:40:04,0.0,233.0,74.0,0.0,32.0,0.0,51.0,0,0
20:40:05,0.0,238.0,68.0,0.0,32.0,0.0,48.0,0,0
20:40:06,0.0,248.0,65.0,0.0,32.0,0.0,49.0,0,0
20:40:07,0.0,236.0,65.0,0.0,32.0,0.0,47.0,0,0
20:40:08,0.0,194.0,65.0,0.0,32.0,0.0,57.0,0,0
20:40:09,0.0,132.0,66.0,0.0,32.0,0.0,47.0,0,0
20:40:10,0.0,130.0,67.0,0.0,32.0,0.0,49.0,0,0
20:40:11,0.0,75.0,70.0,0.0,32.0,0.0,60.0,0,0
20:40:12,0.0,117.0,75.0,0.0,32.0,0.0,46.0,0,0
20:40:13,0.0,184.0,79.0,0.0,32.0,0.0,46.0,0,0
20:40:14,0.0,171.0,81.0,0.0,32.0,0.0,45.0,0,0
20:40:15,0.0,219.0,82.0,0.0,32.0,0.0,39.0,0,0
20:40:16,0.0,366.0,79.0,0.0,32.0,0.0,47.0,0,0
20:40:17,0.0,439.0,75.0,0.0,32.0,0.0,47.0,0,0
20:40:18,0.0,414.0,71.0,0.0,32.0,0.0,53.0,0,0
20:40:19,0.0,311.0,71.0,0.0,32.0,0.0,47.0,0,0
20:40:20,0.0,355.0,71.0,0.0,32.0,0.0,47.0,0,0
20:40:21,0.0,320.0,72.0,0.0,32.0,0.0,45.0,0,0
20:40:22,0.0,420.0,77.0,0.0,32.0,0.0,47.0,0,0
20:40:23,0.0,472.0,87.0,0.0,32.0,0.0,53.0,0,0
20:40:24,0.0,614.0,95.0,0.0,32.0,0.0,49.0,0,0
20:40:25,0.0,489.0,97.0,0.0,32.0,0.0,58.0,0,0
20:40:26,0.0,571.0,111.0,0.0,32.0,0.0,50.0,0,0
20:40:27,0.0,601.0,119.0,0.0,32.0,0.0,53.0,0,0
20:40:28,0.0,208.0,119.0,0.0,32.0,0.0,35.0,0,0
20:40:29,0.0,309.0,118.0,0.0,32.0,0.0,47.0,0,0
20:40:30,0.0,292.0,119.0,0.0,32.0,0.0,48.0,0,0
20:40:31,0.0,275.0,119.0,0.0,32.0,0.0,47.0,0,0
20:40:32,0.0,255.0,114.0,0.0,32.0,0.0,47.0,0,0
20:40:33,0.0,260.0,112.0,0.0,32.0,0.0,43.0,0,0
20:40:34,0.0,240.0,107.0,0.0,32.0,0.0,48.0,0,0
20:40:35,0.0,246.0,104.0,0.0,32.0,0.0,42.0,0,0
20:40:36,0.0,297.0,101.0,0.0,32.0,0.0,49.0,0,0
20:40:37,0.0,296.0,100.0,0.0,32.0,0.0,49.0,0,0
20:40:38,0.0,219.0,97.0,0.0,32.0,0.0,51.0,0,0
20:40:39,0.0,268.0,97.0,0.0,32.0,0.0,45.0,0,0
20:40:40,0.0,395.0,104.0,0.0,32.0,0.0,45.0,0,0
20:40:41,0.0,408.0,106.0,0.0,32.0,0.0,52.0,0,0
20:40:42,0.0,298.0,104.0,0.0,32.0,0.0,50.0,0,0
20:40:43,0.0,360.0,102.0,0.0,32.0,0.0,45.0,0,0
20:40:44,0.0,503.0,103.0,0.0,32.0,0.0,52.0,0,0
20:40:45,0.0,478.0,103.0,0.0,32.0,0.0,48.0,0,0
20:40:46,0.0,431.0,105.0,0.0,32.0,0.0,50.0,0,0
20:40:47,0.0,487.0,107.0,0.0,32.0,0.0,50.0,0,0
20:40:48,0.0,416.0,109.0,0.0,32.0,0.0,44.0,0,0
20:40:49,0.0,466.0,108.0,0.0,32.0,0.0,51.0,0,0
20:40:50,0.0,267.0,108.0,0.0,32.0,0.0,30.0,0,0
20:40:51,0.0,672.0,109.0,0.0,32.0,0.0,53.0,0,0
20:40:52,0.0,583.0,111.0,0.0,32.0,0.0,55.0,0,0
20:40:53,0.0,387.0,110.0,0.0,32.0,0.0,48.0,0,0
20:40:54,0.0,549.0,109.0,0.0,32.0,0.0,51.0,0,0
20:40:55,0.0,625.0,110.0,0.0,32.0,0.0,53.0,0,0
20:40:56,0.0,784.0,115.0,0.0,32.0,0.0,52.0,0,0
20:40:57,0.0,801.0,120.0,0.0,32.0,0.0,52.0,0,0
20:40:58,0.0,572.0,120.0,0.0,32.0,0.0,53.0,0,0
20:40:59,0.0,455.0,118.0,0.0,32.0,0.0,48.0,0,0
20:41:00,0.0,712.0,118.0,0.0,32.0,0.0,53.0,0,0
20:41:01,0.0,690.0,120.0,0.0,32.0,0.0,52.0,0,0
20:41:02,0.0,499.0,123.0,0.0,32.0,0.0,46.0,0,0
20:41:03,0.0,487.0,124.0,0.0,32.0,0.0,47.0,0,0
20:41:04,0.0,453.0,125.0,0.0,32.0,0.0,45.0,0,0
20:41:05,0.0,436.0,122.0,0.0,32.0,0.0,47.0,0,0
20:41:06,0.0,219.0,119.0,0.0,32.0,0.0,42.0,0,0
20:41:07,0.0,99.0,116.0,0.0,32.0,0.0,54.0,0,0
20:41:08,0.0,157.0,115.0,0.0,32.0,0.0,38.0,0,0
20:41:09,0.0,210.0,116.0,0.0,32.0,0.0,54.0,0,0
20:41:10,0.0,190.0,117.0,0.0,32.0,0.0,49.0,0,0
20:41:11,0.0,181.0,117.0,0.0,32.0,0.0,33.0,0,0
20:41:12,0.0,556.0,116.0,0.0,32.0,0.0,56.0,0,0
20:41:13,0.0,298.0,109.0,0.0,32.0,0.0,54.0,0,0
20:41:14,0.0,37.0,95.0,0.0,32.0,0.0,54.0,0,0
20:41:15,0.0,14.0,92.0,0.0,32.0,0.0,76.0,0,0
20:41:16,0.0,3.0,91.0,0.0,32.0,0.0,66.0,0,0
20:41:17,0.0,0.0,87.0,0.0,32.0,0.0,255.0,0,0
20:41:18,0.0,0.0,86.0,0.0,32.0,0.0,0.0,0,0
20:41:19,0.0,3.0,85.0,0.0,32.0,0.0,22.0,0,0
20:41:20,0.0,5.0,84.0,0.0,32.0,0.0,66.0,0,0
20:41:21,0.0,11.0,82.0,0.0,32.0,0.0,21.0,0,0
20:41:22,0.0,33.0,82.0,0.0,32.0,0.0,37.0,0,0
20:41:23,0.0,104.0,79.0,0.0,32.0,0.0,37.0,0,0
20:41:24,0.0,130.0,77.0,0.0,32.0,0.0,38.0,0,0
20:41:25,0.0,158.0,75.0,0.0,32.0,0.0,41.0,0,0
20:41:26,0.0,198.0,74.0,0.0,32.0,0.0,46.0,0,0
20:41:27,0.0,253.0,72.0,0.0,32.0,0.0,48.0,0,0
20:41:28,0.0,284.0,70.0,0.0,32.0,0.0,47.0,0,0
20:41:29,0.0,313.0,67.0,0.0,32.0,0.0,48.0,0,0
20:41:30,0.0,274.0,63.0,0.0,32.0,0.0,51.0,0,0
20:41:31,0.0,195.0,61.0,0.0,32.0,0.0,52.0,0,0
20:41:32,0.0,161.0,60.0,0.0,32.0,0.0,49.0,0,0
20:41:33,0.0,120.0,60.0,0.0,32.0,0.0,57.0,0,0
20:41:34,0.0,86.0,61.0,0.0,32.0,0.0,56.0,0,0
20:41:35,0.0,59.0,62.0,0.0,32.0,0.0,41.0,0,0
20:41:36,0.0,32.0,63.0,0.0,32.0,0.0,14.0,0,0
20:41:37,0.0,93.0,67.0,0.0,32.0,0.0,41.0,0,0
20:41:38,0.0,158.0,73.0,0.0,32.0,0.0,38.0,0,0
20:41:39,0.0,139.0,75.0,0.0,32.0,0.0,42.0,0,0
20:41:40,0.0,130.0,77.0,0.0,32.0,0.0,50.0,0,0
20:41:41,0.0,204.0,75.0,0.0,32.0,0.0,44.0,0,0
20:41:42,0.0,299.0,74.0,0.0,32.0,0.0,49.0,0,0
20:41:43,0.0,342.0,72.0,0.0,32.0,0.0,48.0,0,0
20:41:44,0.0,388.0,68.0,0.0,32.0,0.0,50.0,0,0
20:41:45,0.0,237.0,66.0,0.0,32.0,0.0,45.0,0,0
20:41:46,0.0,347.0,66.0,0.0,32.0,0.0,46.0,0,0
20:41:47,0.0,289.0,67.0,0.0,32.0,0.0,46.0,0,0
20:41:48,0.0,257.0,71.0,0.0,32.0,0.0,45.0,0,0
20:41:49,0.0,172.0,79.0,0.0,32.0,0.0,39.0,0,0
20:41:50,0.0,293.0,88.0,0.0,32.0,0.0,43.0,0,0
20:41:51,0.0,400.0,92.0,0.0,32.0,0.0,48.0,0,0
20:41:52,0.0,384.0,92.0,0.0,32.0,0.0,57.0,0,0
20:41:53,0.0,357.0,100.0,0.0,32.0,0.0,45.0,0,0
20:41:54,0.0,555.0,115.0,0.0,32.0,0.0,55.0,0,0
20:41:55,0.0,327.0,115.0,0.0,32.0,0.0,44.0,0,0
20:41:56,0.0,279.0,116.0,0.0,32.0,0.0,50.0,0,0
20:41:57,0.0,349.0,115.0,0.0,32.0,0.0,44.0,0,0
20:41:58,0.0,467.0,114.0,0.0,32.0,0.0,47.0,0,0
20:41:59,0.0,499.0,115.0,0.0,32.0,0.0,46.0,0,0
20:42:00,0.0,698.0,116.0,0.0,32.0,0.0,52.0,0,0
20:42:01,0.0,477.0,118.0,0.0,32.0,0.0,45.0,0,0
20:42:02,0.0,715.0,117.0,0.0,32.0,0.0,45.0,0,0
20:42:03,0.0,705.0,121.0,0.0,32.0,0.0,49.0,0,0
20:42:04,0.0,578.0,124.0,0.0,32.0,0.0,45.0,0,0
20:42:05,0.0,561.0,125.0,0.0,32.0,0.0,50.0,0,0
20:42:06,0.0,475.0,126.0,0.0,32.0,0.0,41.0,0,0
20:42:07,0.0,719.0,125.0,0.0,32.0,0.0,54.0,0,0
20:42:08,0.0,640.0,125.0,0.0,32.0,0.0,50.0,0,0
20:42:09,0.0,520.0,125.0,0.0,32.0,0.0,49.0,0,0
20:42:10,0.0,558.0,126.0,0.0,32.0,0.0,49.0,0,0
20:42:11,0.0,422.0,128.0,0.0,32.0,0.0,46.0,0,0
20:42:12,0.0,341.0,129.0,0.0,32.0,0.0,46.0,0,0
20:42:13,0.0,332.0,127.0,0.0,32.0,0.0,45.0,0,0
20:42:14,0.0,480.0,123.0,0.0,32.0,0.0,57.0,0,0
20:42:15,0.0,427.0,122.0,0.0,32.0,0.0,50.0,0,0
20:42:16,0.0,276.0,120.0,0.0,32.0,0.0,48.0,0,0
20:42:17,0.0,462.0,120.0,0.0,32.0,0.0,52.0,0,0
20:42:18,0.0,279.0,122.0,0.0,32.0,0.0,49.0,0,0
20:42:19,0.0,249.0,122.0,0.0,32.0,0.0,45.0,0,0
20:42:20,0.0,475.0,120.0,0.0,32.0,0.0,44.0,0,0
20:42:21,0.0,804.0,120.0,0.0,32.0,0.0,54.0,0,0
20:42:22,0.0,726.0,123.0,0.0,32.0,0.0,53.0,0,0
20:42:23,0.0,633.0,123.0,0.0,32.0,0.0,51.0,0,0
20:42:24,0.0,627.0,123.0,0.0,32.0,0.0,49.0,0,0
20:42:25,0.0,497.0,127.0,0.0,32.0,0.0,46.0,0,0
20:42:26,0.0,441.0,129.0,0.0,32.0,0.0,49.0,0,0
20:42:27,0.0,332.0,129.0,0.0,32.0,0.0,48.0,0,0
20:42:28,0.0,248.0,126.0,0.0,32.0,0.0,46.0,0,0
20:42:29,0.0,178.0,122.0,0.0,32.0,0.0,59.0,0,0
20:42:30,0.0,101.0,113.0,0.0,32.0,0.0,36.0,0,0
20:42:31,0.0,70.0,96.0,0.0,32.0,0.0,18.0,0,0
20:42:32,0.0,25.0,92.0,0.0,32.0,0.0,64.0,0,0
20:42:33,0.0,13.0,93.0,0.0,32.0,0.0,55.0,0,0
20:42:34,0.0,13.0,92.0,0.0,32.0,0.0,48.0,0,0
20:42:35,0.0,14.0,90.0,0.0,32.0,0.0,60.0,0,0
20:42:36,0.0,12.0,89.0,0.0,32.0,0.0,70.0,0,0
20:42:37,0.0,8.0,85.0,0.0,32.0,0.0,68.0,0,0
20:42:38,0.0,8.0,83.0,0.0,32.0,0.0,56.0,0,0
20:42:39,0.0,13.0,82.0,0.0,32.0,0.0,36.0,0,0
20:42:40,0.0,153.0,81.0,0.0,32.0,0.0,42.0,0,0
20:42:41,0.0,230.0,80.0,0.0,32.0,0.0,55.0,0,0
20:42:42,0.0,171.0,76.0,0.0,32.0,0.0,45.0,0,0
20:42:43,0.0,169.0,67.0,0.0,32.0,0.0,50.0,0,0
20:42:44,0.0,173.0,61.0,0.0,32.0,0.0,52.0,0,0
20:42:45,0.0,135.0,61.0,0.0,32.0,0.0,51.0,0,0
20:42:46,0.0,99.0,60.0,0.0,32.0,0.0,51.0,0,0
20:42:47,0.0,90.0,59.0,0.0,32.0,0.0,45.0,0,0
20:42:48,0.0,19.0,57.0,0.0,32.0,0.0,44.0,0,0
20:42:49,0.0,6.0,57.0,0.0,32.0,0.0,23.0,0,0
20:42:50,0.0,6.0,60.0,0.0,32.0,0.0,54.0,0,0
20:42:51,0.0,5.0,65.0,0.0,32.0,0.0,0.0,0,0
20:42:52,0.0,39.0,70.0,0.0,32.0,0.0,33.0,0,0
20:42:53,0.0,89.0,73.0,0.0,32.0,0.0,53.0,0,0
20:42:54,0.0,109.0,72.0,0.0,32.0,0.0,17.0,0,0
20:42:55,0.0,301.0,71.0,0.0,32.0,0.0,42.0,0,0
20:42:56,0.0,315.0,70.0,0.0,32.0,0.0,45.0,0,0
20:42:57,0.0,388.0,68.0,0.0,32.0,0.0,45.0,0,0
20:42:58,0.0,470.0,64.0,0.0,32.0,0.0,48.0,0,0
20:42:59,0.0,247.0,64.0,0.0,32.0,0.0,44.0,0,0
20:43:00,0.0,146.0,65.0,0.0,32.0,0.0,58.0,0,0
20:43:01,0.0,125.0,63.0,0.0,32.0,0.0,50.0,0,0
20:43:02,0.0,89.0,63.0,0.0,32.0,0.0,46.0,0,0
20:43:03,0.0,181.0,65.0,0.0,32.0,0.0,36.0,0,0
20:43:04,0.0,269.0,67.0,0.0,32.0,0.0,45.0,0,0
20:43:05,0.0,190.0,75.0,0.0,32.0,0.0,49.0,0,0
20:43:06,0.0,161.0,84.0,0.0,32.0,0.0,29.0,0,0
20:43:07,0.0,312.0,87.0,0.0,32.0,0.0,39.0,0,0
20:43:08,0.0,514.0,88.0,0.0,32.0,0.0,55.0,0,0
20:43:09,0.0,326.0,92.0,0.0,32.0,0.0,58.0,0,0
20:43:10,0.0,484.0,108.0,0.0,32.0,0.0,51.0,0,0
20:43:11,0.0,516.0,114.0,0.0,32.0,0.0,42.0,0,0
20:43:12,0.0,474.0,117.0,0.0,32.0,0.0,46.0,0,0
20:43:13,0.0,532.0,117.0,0.0,32.0,0.0,49.0,0,0
20:43:14,0.0,353.0,115.0,0.0,32.0,0.0,52.0,0,0
20:43:15,0.0,301.0,110.0,0.0,32.0,0.0,42.0,0,0
20:43:16,0.0,343.0,107.0,0.0,32.0,0.0,51.0,0,0
20:43:17,0.0,268.0,105.0,0.0,32.0,0.0,45.0,0,0
20:43:18,0.0,273.0,103.0,0.0,32.0,0.0,50.0,0,0
20:43:19,0.0,330.0,102.0,0.0,32.0,0.0,43.0,0,0
20:43:20,0.0,278.0,103.0,0.0,32.0,0.0,46.0,0,0
20:43:21,0.0,459.0,103.0,0.0,32.0,0.0,40.0,0,0
20:43:22,0.0,718.0,107.0,0.0,32.0,0.0,50.0,0,0
20:43:23,0.0,827.0,113.0,0.0,32.0,0.0,53.0,0,0
20:43:24,0.0,655.0,115.0,0.0,32.0,0.0,53.0,0,0
20:43:25,0.0,485.0,116.0,0.0,32.0,0.0,45.0,0,0
20:43:26,0.0,366.0,115.0,0.0,32.0,0.0,45.0,0,0
20:43:27,0.0,434.0,117.0,0.0,32.0,0.0,45.0,0,0
20:43:28,0.0,422.0,119.0,0.0,32.0,0.0,49.0,0,0
20:43:29,0.0,423.0,120.0,0.0,32.0,0.0,46.0,0,0
20:43:30,0.0,534.0,119.0,0.0,32.0,0.0,52.0,0,0
20:43:31,0.0,368.0,117.0,0.0,32.0,0.0,52.0,0,0
20:43:32,0.0,370.0,116.0,0.0,32.0,0.0,48.0,0,0
20:43:33,0.0,255.0,115.0,0.0,32.0,0.0,53.0,0,0
20:43:34,0.0,362.0,114.0,0.0,32.0,0.0,43.0,0,0
20:43:35,0.0,527.0,116.0,0.0,32.0,0.0,49.0,0,0
20:43:36,0.0,611.0,118.0,0.0,32.0,0.0,51.0,0,0
20:43:37,0.0,691.0,120.0,0.0,32.0,0.0,52.0,0,0
20:43:38,0.0,526.0,120.0,0.0,32.0,0.0,55.0,0,0
20:43:39,0.0,322.0,119.0,0.0,32.0,0.0,50.0,0,0
20:43:40,0.0,315.0,117.0,0.0,32.0,0.0,42.0,0,0
20:43:41,0.0,199.0,115.0,0.0,32.0,0.0,51.0,0,0
20:43:42,0.0,105.0,112.0,0.0,32.0,0.0,40.0,0,0
20:43:43,0.0,102.0,110.0,0.0,32.0,0.0,4.0,0,0
20:43:44,0.0,245.0,109.0,0.0,32.0,0.0,45.0,0,0
20:43:45,0.0,321.0,109.0,0.0,32.0,0.0,51.0,0,0
20:43:46,0.0,292.0,107.0,0.0,32.0,0.0,49.0,0,0
20:43:47,0.0,291.0,107.0,0.0,32.0,0.0,48.0,0,0
20:43:48,0.0,346.0,106.0,0.0,32.0,0.0,47.0,0,0
20:43:49,0.0,438.0,106.0,0.0,32.0,0.0,52.0,0,0
20:43:50,0.0,596.0,108.0,0.0,32.0,0.0,49.0,0,0
20:43:51,0.0,645.0,114.0,0.0,32.0,0.0,52.0,0,0
20:43:52,0.0,614.0,117.0,0.0,32.0,0.0,48.0,0,0
20:43:53,0.0,640.0,119.0,0.0,32.0,0.0,52.0,0,0
20:43:54,0.0,416.0,118.0,0.0,32.0,0.0,47.0,0,0
20:43:55,0.0,424.0,117.0,0.0,32.0,0.0,46.0,0,0
20:43:56,0.0,420.0,117.0,0.0,32.0,0.0,50.0,0,0
20:43:57,0.0,202.0,114.0,0.0,32.0,0.0,62.0,0,0
20:43:58,0.0,76.0,101.0,0.0,32.0,0.0,36.0,0,0
20:43:59,0.0,22.0,93.0,0.0,32.0,0.0,73.0,0,0
20:44:00,0.0,12.0,93.0,0.0,32.0,0.0,62.0,0,0
20:44:01,0.0,12.0,91.0,0.0,32.0,0.0,56.0,0,0
20:44:02,0.0,10.0,90.0,0.0,32.0,0.0,65.0,0,0
20:44:03,0.0,11.0,88.0,0.0,32.0,0.0,47.0,0,0
20:44:04,0.0,10.0,85.0,0.0,32.0,0.0,46.0,0,0
20:44:05,0.0,7.0,84.0,0.0,32.0,0.0,69.0,0,0
20:44:06,0.0,25.0,82.0,0.0,32.0,0.0,20.0,0,0
20:44:07,0.0,104.0,80.0,0.0,32.0,0.0,35.0,0,0
20:44:08,0.0,128.0,77.0,0.0,32.0,0.0,42.0,0,0
20:44:09,0.0,181.0,71.0,0.0,32.0,0.0,44.0,0,0
20:44:10,0.0,201.0,66.0,0.0,32.0,0.0,49.0,0,0
20:44:11,0.0,193.0,62.0,0.0,32.0,0.0,52.0,0,0
20:44:12,0.0,167.0,61.0,0.0,32.0,0.0,46.0,0,0
20:44:13,0.0,136.0,61.0,0.0,32.0,0.0,53.0,0,0
20:44:14,0.0,59.0,61.0,0.0,32.0,0.0,56.0,0,0
20:44:15,0.0,147.0,64.0,0.0,32.0,0.0,21.0,0,0
20:44:16,0.0,201.0,69.0,0.0,32.0,0.0,53.0,0,0
20:44:17,0.0,69.0,75.0,0.0,32.0,0.0,40.0,0,0
20:44:18,0.0,70.0,77.0,0.0,32.0,0.0,34.0,0,0
20:44:19,0.0,141.0,77.0,0.0,32.0,0.0,36.0,0,0
20:44:20,0.0,231.0,76.0,0.0,32.0,0.0,49.0,0,0
20:44:21,0.0,359.0,74.0,0.0,32.0,0.0,46.0,0,0
20:44:22,0.0,403.0,71.0,0.0,32.0,0.0,48.0,0,0
20:44:23,0.0,415.0,68.0,0.0,32.0,0.0,48.0,0,0
20:44:24,0.0,328.0,66.0,0.0,32.0,0.0,38.0,0,0
20:44:25,0.0,448.0,69.0,0.0,32.0,0.0,48.0,0,0
20:44:26,0.0,450.0,71.0,0.0,32.0,0.0,47.0,0,0
20:44:27,0.0,574.0,72.0,0.0,32.0,0.0,48.0,0,0
20:44:28,0.0,651.0,84.0,0.0,32.0,0.0,50.0,0,0
20:44:29,0.0,492.0,96.0,0.0,32.0,0.0,55.0,0,0
20:44:30,0.0,556.0,100.0,0.0,32.0,0.0,50.0,0,0
20:44:31,0.0,611.0,102.0,0.0,32.0,0.0,62.0,0,0
20:44:32,0.0,591.0,117.0,0.0,32.0,0.0,49.0,0,0
20:44:33,0.0,966.0,130.0,0.0,32.0,0.0,49.0,0,0
20:44:34,0.0,914.0,134.0,0.0,32.0,0.0,49.0,0,0
20:44:35,0.0,878.0,137.0,0.0,32.0,0.0,49.0,0,0
20:44:36,0.0,773.0,138.0,0.0,32.0,0.0,49.0,0,0
20:44:37,0.0,703.0,135.0,0.0,32.0,0.0,50.0,0,0
20:44:38,0.0,736.0,133.0,0.0,32.0,0.0,49.0,0,0
20:44:39,0.0,672.0,133.0,0.0,32.0,0.0,54.0,0,0
20:44:40,0.0,444.0,132.0,0.0,32.0,0.0,42.0,0,0
20:44:41,0.0,463.0,135.0,0.0,32.0,0.0,45.0,0,0
20:44:42,0.0,404.0,136.0,0.0,32.0,0.0,46.0,0,0
20:44:43,0.0,416.0,135.0,0.0,32.0,0.0,46.0,0,0
20:44:44,0.0,246.0,131.0,0.0,32.0,0.0,57.0,0,0
20:44:45,0.0,138.0,128.0,0.0,32.0,0.0,55.0,0,0
20:44:46,0.0,85.0,125.0,0.0,32.0,0.0,39.0,0,0
20:44:47,0.0,361.0,124.0,0.0,32.0,0.0,39.0,0,0
20:44:48,0.0,723.0,127.0,0.0,32.0,0.0,50.0,0,0
20:44:49,0.0,825.0,131.0,0.0,32.0,0.0,50.0,0,0
20:44:50,0.0,767.0,132.0,0.0,32.0,0.0,51.0,0,0
20:44:51,0.0,462.0,130.0,0.0,32.0,0.0,48.0,0,0
20:44:52,0.0,337.0,129.0,0.0,32.0,0.0,43.0,0,0
20:44:53,0.0,308.0,127.0,0.0,32.0,0.0,43.0,0,0
20:44:54,0.0,451.0,129.0,0.0,32.0,0.0,45.0,0,0
20:44:55,0.0,491.0,131.0,0.0,32.0,0.0,48.0,0,0
20:44:56,0.0,461.0,129.0,0.0,32.0,0.0,43.0,0,0
20:44:57,0.0,400.0,127.0,0.0,32.0,0.0,48.0,0,0
20:44:58,0.0,170.0,124.0,0.0,32.0,0.0,43.0,0,0
20:44:59,0.0,144.0,121.0,0.0,32.0,0.0,35.0,0,0
20:45:00,0.0,275.0,119.0,0.0,32.0,0.0,40.0,0,0
20:45:01,0.0,596.0,120.0,0.0,32.0,0.0,59.0,0,0
20:45:02,0.0,713.0,124.0,0.0,32.0,0.0,52.0,0,0
20:45:03,0.0,781.0,125.0,0.0,32.0,0.0,52.0,0,0
20:45:04,0.0,755.0,126.0,0.0,32.0,0.0,52.0,0,0
20:45:05,0.0,664.0,128.0,0.0,32.0,0.0,51.0,0,0
20:45:06,0.0,664.0,127.0,0.0,32.0,0.0,54.0,0,0
20:45:07,0.0,349.0,127.0,0.0,32.0,0.0,51.0,0,0
20:45:08,0.0,332.0,126.0,0.0,32.0,0.0,47.0,0,0
20:45:09,0.0,488.0,128.0,0.0,32.0,0.0,54.0,0,0
20:45:10,0.0,319.0,129.0,0.0,32.0,0.0,50.0,0,0
20:45:11,0.0,258.0,122.0,0.0,32.0,0.0,56.0,0,0
20:45:12,0.0,87.0,104.0,0.0,32.0,0.0,26.0,0,0
20:45:13,0.0,19.0,97.0,0.0,32.0,0.0,60.0,0,0
20:45:14,0.0,31.0,94.0,0.0,32.0,0.0,13.0,0,0
20:45:15,0.0,178.0,93.0,0.0,32.0,0.0,60.0,0,0
20:45:16,0.0,46.0,87.0,0.0,32.0,0.0,53.0,0,0
20:45:17,0.0,57.0,77.0,0.0,32.0,0.0,44.0,0,0
20:45:18,0.0,68.0,72.0,0.0,32.0,0.0,45.0,0,0
20:45:19,0.0,44.0,67.0,0.0,32.0,0.0,36.0,0,0
20:45:20,0.0,11.0,65.0,0.0,32.0,0.0,61.0,0,0
20:45:21,0.0,0.0,64.0,0.0,32.0,0.0,255.0,0,0
20:45:22,0.0,0.0,66.0,0.0,32.0,0.0,100.0,0,0
20:45:23,0.0,4.0,69.0,0.0,32.0,0.0,11.0,0,0
20:45:24,0.0,7.0,75.0,0.0,32.0,0.0,26.0,0,0
20:45:25,0.0,32.0,76.0,0.0,32.0,0.0,35.0,0,0
20:45:26,0.0,76.0,76.0,0.0,32.0,0.0,30.0,0,0
20:45:27,0.0,128.0,75.0,0.0,32.0,0.0,39.0,0,0
20:45:28,0.0,227.0,72.0,0.0,32.0,0.0,41.0,0,0
20:45:29,0.0,262.0,70.0,0.0,32.0,0.0,49.0,0,0
20:45:30,0.0,238.0,64.0,0.0,32.0,0.0,47.0,0,0
20:45:31,0.0,153.0,61.0,0.0,32.0,0.0,47.0,0,0
20:45:32,0.0,165.0,60.0,0.0,32.0,0.0,46.0,0,0
20:45:33,0.0,119.0,61.0,0.0,32.0,0.0,49.0,0,0
20:45:34,0.0,68.0,61.0,0.0,32.0,0.0,53.0,0,0
20:45:35,0.0,60.0,61.0,0.0,32.0,0.0,64.0,0,0
20:45:36,0.0,55.0,61.0,0.0,32.0,0.0,38.0,0,0
20:45:37,0.0,107.0,62.0,0.0,32.0,0.0,38.0,0,0
20:45:38,0.0,43.0,66.0,0.0,32.0,0.0,37.0,0,0
20:45:39,0.0,169.0,73.0,0.0,32.0,0.0,39.0,0,0
20:45:40,0.0,254.0,78.0,0.0,32.0,0.0,56.0,0,0
20:45:41,0.0,209.0,79.0,0.0,32.0,0.0,44.0,0,0
20:45:42,0.0,340.0,78.0,0.0,32.0,0.0,47.0,0,0
20:45:43,0.0,243.0,78.0,0.0,32.0,0.0,45.0,0,0
20:45:44,0.0,214.0,78.0,0.0,32.0,0.0,36.0,0,0
20:45:45,0.0,414.0,77.0,0.0,32.0,0.0,43.0,0,0
20:45:46,0.0,626.0,77.0,0.0,32.0,0.0,50.0,0,0
20:45:47,0.0,315.0,82.0,0.0,32.0,0.0,55.0,0,0
20:45:48,0.0,237.0,84.0,0.0,32.0,0.0,34.0,0,0
20:45:49,0.0,304.0,87.0,0.0,32.0,0.0,51.0,0,0
20:45:50,0.0,189.0,88.0,0.0,32.0,0.0,46.0,0,0
20:45:51,0.0,247.0,90.0,0.0,32.0,0.0,38.0,0,0
20:45:52,0.0,336.0,90.0,0.0,32.0,0.0,48.0,0,0
20:45:53,0.0,331.0,91.0,0.0,32.0,0.0,52.0,0,0
20:45:54,0.0,534.0,103.0,0.0,32.0,0.0,48.0,0,0
20:45:55,0.0,594.0,114.0,0.0,32.0,0.0,43.0,0,0
20:45:56,0.0,881.0,119.0,0.0,32.0,0.0,52.0,0,0
20:45:57,0.0,903.0,122.0,0.0,32.0,0.0,50.0,0,0
20:45:58,0.0,909.0,125.0,0.0,32.0,0.0,51.0,0,0
20:45:59,0.0,951.0,124.0,0.0,32.0,0.0,53.0,0,0
20:46:00,0.0,749.0,124.0,0.0,32.0,0.0,48.0,0,0
20:46:01,0.0,397.0,123.0,0.0,32.0,0.0,45.0,0,0
20:46:02,0.0,302.0,122.0,0.0,32.0,0.0,40.0,0,0
20:46:03,0.0,460.0,123.0,0.0,32.0,0.0,42.0,0,0
20:46:04,0.0,390.0,123.0,0.0,32.0,0.0,40.0,0,0
20:46:05,0.0,580.0,125.0,0.0,32.0,0.0,50.0,0,0
20:46:06,0.0,539.0,126.0,0.0,32.0,0.0,49.0,0,0
20:46:07,0.0,559.0,125.0,0.0,32.0,0.0,48.0,0,0
20:46:08,0.0,401.0,125.0,0.0,32.0,0.0,39.0,0,0
20:46:09,0.0,377.0,125.0,0.0,32.0,0.0,41.0,0,0
20:46:10,0.0,610.0,127.0,0.0,32.0,0.0,52.0,0,0
20:46:11,0.0,495.0,130.0,0.0,32.0,0.0,53.0,0,0
20:46:12,0.0,410.0,129.0,0.0,32.0,0.0,43.0,0,0
20:46:13,0.0,464.0,127.0,0.0,32.0,0.0,46.0,0,0
20:46:14,0.0,274.0,126.0,0.0,32.0,0.0,52.0,0,0
20:46:15,0.0,141.0,123.0,0.0,32.0,0.0,52.0,0,0
20:46:16,0.0,247.0,120.0,0.0,32.0,0.0,39.0,0,0
20:46:17,0.0,444.0,118.0,0.0,32.0,0.0,39.0,0,0
20:46:18,0.0,695.0,118.0,0.0,32.0,0.0,51.0,0,0
20:46:19,0.0,776.0,124.0,0.0,32.0,0.0,52.0,0,0
20:46:20,0.0,848.0,127.0,0.0,32.0,0.0,54.0,0,0
20:46:21,0.0,781.0,127.0,0.0,32.0,0.0,54.0,0,0
20:46:22,0.0,708.0,128.0,0.0,32.0,0.0,53.0,0,0
20:46:23,0.0,372.0,126.0,0.0,32.0,0.0,46.0,0,0
20:46:24,0.0,525.0,127.0,0.0,32.0,0.0,47.0,0,0
20:46:25,0.0,655.0,129.0,0.0,32.0,0.0,50.0,0,0
20:46:26,0.0,568.0,133.0,0.0,32.0,0.0,55.0,0,0
20:46:27,0.0,343.0,131.0,0.0,32.0,0.0,63.0,0,0
20:46:28,0.0,14.0,127.0,0.0,32.0,0.0,255.0,0,0
20:46:29,0.0,2.0,122.0,0.0,32.0,0.0,44.0,0,0
20:46:30,0.0,95.0,117.0,0.0,32.0,0.0,43.0,0,0
20:46:31,0.0,110.0,98.0,0.0,32.0,0.0,55.0,0,0
20:46:32,0.0,14.0,93.0,0.0,32.0,0.0,57.0,0,0
20:46:33,0.0,22.0,94.0,0.0,32.0,0.0,68.0,0,0
20:46:34,0.0,14.0,93.0,0.0,32.0,0.0,48.0,0,0
20:46:35,0.0,14.0,91.0,0.0,32.0,0.0,48.0,0,0
20:46:36,0.0,37.0,90.0,0.0,32.0,0.0,73.0,0,0
20:46:37,0.0,9.0,87.0,0.0,32.0,0.0,61.0,0,0
20:46:38,0.0,14.0,86.0,0.0,32.0,0.0,40.0,0,0
20:46:39,0.0,48.0,83.0,0.0,32.0,0.0,42.0,0,0
20:46:40,0.0,71.0,80.0,0.0,32.0,0.0,37.0,0,0
20:46:41,0.0,157.0,76.0,0.0,32.0,0.0,50.0,0,0
20:46:42,0.0,119.0,72.0,0.0,32.0,0.0,50.0,0,0
20:46:43,0.0,65.0,69.0,0.0,32.0,0.0,46.0,0,0
20:46:44,0.0,52.0,66.0,0.0,32.0,0.0,41.0,0,0
20:46:45,0.0,47.0,64.0,0.0,32.0,0.0,41.0,0,0
20:46:46,0.0,43.0,63.0,0.0,32.0,0.0,44.0,0,0
20:46:47,0.0,36.0,64.0,0.0,32.0,0.0,20.0,0,0
20:46:48,0.0,28.0,67.0,0.0,32.0,0.0,31.0,0,0
20:46:49,0.0,122.0,70.0,0.0,32.0,0.0,41.0,0,0
20:46:50,0.0,238.0,72.0,0.0,32.0,0.0,42.0,0,0
20:46:51,0.0,180.0,74.0,0.0,32.0,0.0,44.0,0,0
20:46:52,0.0,204.0,73.0,0.0,32.0,0.0,45.0,0,0
20:46:53,0.0,208.0,73.0,0.0,32.0,0.0,46.0,0,0
20:46:54,0.0,263.0,71.0,0.0,32.0,0.0,44.0,0,0
20:46:55,0.0,271.0,70.0,0.0,32.0,0.0,47.0,0,0
20:46:56,0.0,194.0,72.0,0.0,32.0,0.0,62.0,0,0
20:46:57,0.0,152.0,75.0,0.0,32.0,0.0,46.0,0,0
20:46:58,0.0,151.0,75.0,0.0,32.0,0.0,49.0,0,0
20:46:59,0.0,170.0,75.0,0.0,32.0,0.0,44.0,0,0
20:47:00,0.0,167.0,74.0,0.0,32.0,0.0,43.0,0,0
20:47:01,0.0,236.0,76.0,0.0,32.0,0.0,39.0,0,0
20:47:02,0.0,302.0,78.0,0.0,32.0,0.0,50.0,0,0
20:47:03,0.0,244.0,80.0,0.0,32.0,0.0,46.0,0,0
20:47:04,0.0,281.0,80.0,0.0,32.0,0.0,44.0,0,0
20:47:05,0.0,348.0,81.0,0.0,32.0,0.0,40.0,0,0
20:47:06,0.0,536.0,82.0,0.0,32.0,0.0,37.0,0,0
20:47:07,0.0,342.0,81.0,0.0,32.0,0.0,56.0,0,0
20:47:08,0.0,288.0,80.0,0.0,32.0,0.0,46.0,0,0
20:47:09,0.0,462.0,81.0,0.0,32.0,0.0,57.0,0,0
20:47:10,0.0,247.0,83.0,0.0,32.0,0.0,50.0,0,0
20:47:11,0.0,302.0,82.0,0.0,32.0,0.0,43.0,0,0
20:47:12,0.0,514.0,85.0,0.0,32.0,0.0,44.0,0,0
20:47:13,0.0,651.0,91.0,0.0,32.0,0.0,54.0,0,0
20:47:14,0.0,570.0,97.0,0.0,32.0,0.0,47.0,0,0
20:47:15,0.0,596.0,99.0,0.0,32.0,0.0,57.0,0,0
20:47:16,0.0,585.0,111.0,0.0,32.0,0.0,54.0,0,0
20:47:17,0.0,810.0,123.0,0.0,32.0,0.0,49.0,0,0
20:47:18,0.0,753.0,127.0,0.0,32.0,0.0,51.0,0,0
20:47:19,0.0,443.0,129.0,0.0,32.0,0.0,49.0,0,0
20:47:20,0.0,278.0,128.0,0.0,32.0,0.0,43.0,0,0
20:47:21,0.0,208.0,124.0,0.0,32.0,0.0,41.0,0,0
20:47:22,0.0,278.0,120.0,0.0,32.0,0.0,41.0,0,0
20:47:23,0.0,266.0,117.0,0.0,32.0,0.0,45.0,0,0
20:47:24,0.0,381.0,114.0,0.0,32.0,0.0,39.0,0,0
20:47:25,0.0,477.0,116.0,0.0,32.0,0.0,52.0,0,0
20:47:26,0.0,380.0,119.0,0.0,32.0,0.0,43.0,0,0
20:47:27,0.0,517.0,121.0,0.0,32.0,0.0,50.0,0,0
20:47:28,0.0,535.0,121.0,0.0,32.0,0.0,51.0,0,0
20:47:29,0.0,444.0,120.0,0.0,32.0,0.0,63.0,0,0
20:47:30,0.0,207.0,118.0,0.0,32.0,0.0,42.0,0,0
20:47:31,0.0,314.0,117.0,0.0,32.0,0.0,45.0,0,0
20:47:32,0.0,441.0,117.0,0.0,32.0,0.0,46.0,0,0
20:47:33,0.0,568.0,121.0,0.0,32.0,0.0,48.0,0,0
20:47:34,0.0,581.0,123.0,0.0,32.0,0.0,49.0,0,0
20:47:35,0.0,642.0,122.0,0.0,32.0,0.0,53.0,0,0
20:47:36,0.0,663.0,120.0,0.0,32.0,0.0,55.0,0,0
20:47:37,0.0,319.0,119.0,0.0,32.0,0.0,48.0,0,0
20:47:38,0.0,251.0,116.0,0.0,32.0,0.0,45.0,0,0
20:47:39,0.0,297.0,115.0,0.0,32.0,0.0,47.0,0,0
20:47:40,0.0,309.0,112.0,0.0,32.0,0.0,46.0,0,0
20:47:41,0.0,309.0,109.0,0.0,32.0,0.0,46.0,0,0
20:47:42,0.0,359.0,109.0,0.0,32.0,0.0,48.0,0,0
20:47:43,0.0,291.0,108.0,0.0,32.0,0.0,50.0,0,0
20:47:44,0.0,256.0,107.0,0.0,32.0,0.0,43.0,0,0
20:47:45,0.0,238.0,106.0,0.0,32.0,0.0,46.0,0,0
20:47:46,0.0,308.0,105.0,0.0,32.0,0.0,44.0,0,0
20:47:47,0.0,415.0,103.0,0.0,32.0,0.0,47.0,0,0
20:47:48,0.0,504.0,104.0,0.0,32.0,0.0,45.0,0,0
20:47:49,0.0,534.0,108.0,0.0,32.0,0.0,44.0,0,0
20:47:50,0.0,492.0,114.0,0.0,32.0,0.0,54.0,0,0
20:47:51,0.0,309.0,114.0,0.0,32.0,0.0,60.0,0,0
20:47:52,0.0,191.0,112.0,0.0,32.0,0.0,63.0,0,0
20:47:53,0.0,134.0,110.0,0.0,32.0,0.0,53.0,0,0
20:47:54,0.0,128.0,110.0,0.0,32.0,0.0,43.0,0,0
20:47:55,0.0,213.0,108.0,0.0,32.0,0.0,42.0,0,0
20:47:56,0.0,309.0,106.0,0.0,32.0,0.0,46.0,0,0
20:47:57,0.0,447.0,106.0,0.0,32.0,0.0,49.0,0,0
20:47:58,0.0,624.0,111.0,0.0,32.0,0.0,51.0,0,0
20:47:59,0.0,657.0,117.0,0.0,32.0,0.0,55.0,0,0
20:48:00,0.0,526.0,118.0,0.0,32.0,0.0,62.0,0,0
20:48:01,0.0,308.0,117.0,0.0,32.0,0.0,48.0,0,0
20:48:02,0.0,167.0,115.0,0.0,32.0,0.0,52.0,0,0
20:48:03,0.0,238.0,113.0,0.0,32.0,0.0,42.0,0,0
20:48:04,0.0,245.0,112.0,0.0,32.0,0.0,58.0,0,0
20:48:05,0.0,159.0,108.0,0.0,32.0,0.0,47.0,0,0
20:48:06,0.0,60.0,96.0,0.0,32.0,0.0,41.0,0,0
20:48:07,0.0,15.0,94.0,0.0,32.0,0.0,53.0,0,0
20:48:08,0.0,13.0,91.0,0.0,32.0,0.0,66.0,0,0
20:48:09,0.0,12.0,89.0,0.0,32.0,0.0,64.0,0,0
20:48:10,0.0,10.0,87.0,0.0,32.0,0.0,65.0,0,0
20:48:11,0.0,32.0,85.0,0.0,32.0,0.0,42.0,0,0
20:48:12,0.0,49.0,83.0,0.0,32.0,0.0,33.0,0,0
20:48:13,0.0,136.0,77.0,0.0,32.0,0.0,41.0,0,0
20:48:14,0.0,181.0,68.0,0.0,32.0,0.0,42.0,0,0
20:48:15,0.0,193.0,62.0,0.0,32.0,0.0,55.0,0,0
20:48:16,0.0,143.0,61.0,0.0,32.0,0.0,50.0,0,0
20:48:17,0.0,174.0,62.0,0.0,32.0,0.0,43.0,0,0
20:48:18,0.0,147.0,62.0,0.0,32.0,0.0,54.0,0,0
20:48:19,0.0,97.0,63.0,0.0,32.0,0.0,50.0,0,0
20:48:20,0.0,145.0,65.0,0.0,32.0,0.0,54.0,0,0
20:48:21,0.0,73.0,67.0,0.0,32.0,0.0,42.0,0,0
20:48:22,0.0,29.0,70.0,0.0,32.0,0.0,46.0,0,0
20:48:23,0.0,35.0,74.0,0.0,32.0,0.0,15.0,0,0
20:48:24,0.0,105.0,77.0,0.0,32.0,0.0,39.0,0,0
20:48:25,0.0,165.0,78.0,0.0,32.0,0.0,39.0,0,0
20:48:26,0.0,192.0,76.0,0.0,32.0,0.0,43.0,0,0
20:48:27,0.0,249.0,72.0,0.0,32.0,0.0,46.0,0,0
20:48:28,0.0,317.0,67.0,0.0,32.0,0.0,48.0,0,0
20:48:29,0.0,257.0,63.0,0.0,32.0,0.0,54.0,0,0
20:48:30,0.0,315.0,63.0,0.0,32.0,0.0,43.0,0,0
20:48:31,0.0,181.0,64.0,0.0,32.0,0.0,44.0,0,0
20:48:32,0.0,255.0,66.0,0.0,32.0,0.0,54.0,0,0
20:48:33,0.0,196.0,67.0,0.0,32.0,0.0,37.0,0,0
20:48:34,0.0,372.0,68.0,0.0,32.0,0.0,46.0,0,0
20:48:35,0.0,279.0,74.0,0.0,32.0,0.0,60.0,0,0
20:48:36,0.0,146.0,87.0,0.0,32.0,0.0,53.0,0,0
20:48:37,0.0,281.0,88.0,0.0,32.0,0.0,46.0,0,0
20:48:38,0.0,164.0,88.0,0.0,32.0,0.0,33.0,0,0
20:48:39,0.0,472.0,89.0,0.0,32.0,0.0,45.0,0,0
20:48:40,0.0,584.0,91.0,0.0,32.0,0.0,57.0,0,0
20:48:41,0.0,620.0,104.0,0.0,32.0,0.0,55.0,0,0
20:48:42,0.0,848.0,120.0,0.0,32.0,0.0,50.0,0,0
20:48:43,0.0,938.0,124.0,0.0,32.0,0.0,50.0,0,0
20:48:44,0.0,916.0,128.0,0.0,32.0,0.0,49.0,0,0
20:48:45,0.0,726.0,126.0,0.0,32.0,0.0,48.0,0,0
20:48:46,0.0,623.0,124.0,0.0,32.0,0.0,49.0,0,0
20:48:47,0.0,441.0,122.0,0.0,32.0,0.0,45.0,0,0
20:48:48,0.0,444.0,122.0,0.0,32.0,0.0,46.0,0,0
20:48:49,0.0,519.0,122.0,0.0,32.0,0.0,48.0,0,0
20:48:50,0.0,514.0,124.0,0.0,32.0,0.0,47.0,0,0
20:48:51,0.0,357.0,123.0,0.0,32.0,0.0,52.0,0,0
20:48:52,0.0,271.0,117.0,0.0,32.0,0.0,49.0,0,0
20:48:53,0.0,401.0,114.0,0.0,32.0,0.0,49.0,0,0
20:48:54,0.0,439.0,115.0,0.0,32.0,0.0,49.0,0,0
20:48:55,0.0,393.0,115.0,0.0,32.0,0.0,45.0,0,0
20:48:56,0.0,448.0,116.0,0.0,32.0,0.0,43.0,0,0
20:48:57,0.0,434.0,117.0,0.0,32.0,0.0,49.0,0,0
20:48:58,0.0,348.0,113.0,0.0,32.0,0.0,46.0,0,0
20:48:59,0.0,359.0,107.0,0.0,32.0,0.0,43.0,0,0
20:49:00,0.0,554.0,108.0,0.0,32.0,0.0,51.0,0,0
20:49:01,0.0,685.0,111.0,0.0,32.0,0.0,52.0,0,0
20:49:02,0.0,653.0,114.0,0.0,32.0,0.0,50.0,0,0
20:49:03,0.0,736.0,116.0,0.0,32.0,0.0,52.0,0,0
20:49:04,0.0,670.0,120.0,0.0,32.0,0.0,51.0,0,0
20:49:05,0.0,686.0,123.0,0.0,32.0,0.0,51.0,0,0
20:49:06,0.0,641.0,126.0,0.0,32.0,0.0,49.0,0,0
20:49:07,0.0,623.0,127.0,0.0,32.0,0.0,54.0,0,0
20:49:08,0.0,554.0,123.0,0.0,32.0,0.0,53.0,0,0
20:49:09,0.0,454.0,123.0,0.0,32.0,0.0,48.0,0,0
20:49:10,0.0,279.0,122.0,0.0,32.0,0.0,39.0,0,0
20:49:11,0.0,312.0,121.0,0.0,32.0,0.0,44.0,0,0
20:49:12,0.0,358.0,123.0,0.0,32.0,0.0,53.0,0,0
20:49:13,0.0,366.0,124.0,0.0,32.0,0.0,45.0,0,0
20:49:14,0.0,454.0,122.0,0.0,32.0,0.0,47.0,0,0
20:49:15,0.0,472.0,119.0,0.0,32.0,0.0,54.0,0,0
20:49:16,0.0,394.0,119.0,0.0,32.0,0.0,52.0,0,0
20:49:17,0.0,326.0,118.0,0.0,32.0,0.0,51.0,0,0
20:49:18,0.0,347.0,116.0,0.0,32.0,0.0,42.0,0,0
20:49:19,0.0,479.0,117.0,0.0,32.0,0.0,50.0,0,0
20:49:20,0.0,418.0,119.0,0.0,32.0,0.0,47.0,0,0
20:49:21,0.0,214.0,113.0,0.0,32.0,0.0,56.0,0,0
20:49:22,0.0,90.0,97.0,0.0,32.0,0.0,33.0,0,0
20:49:23,0.0,12.0,89.0,0.0,32.0,0.0,63.0,0,0
20:49:24,0.0,8.0,88.0,0.0,32.0,0.0,50.0,0,0
20:49:25,0.0,8.0,84.0,0.0,32.0,0.0,50.0,0,0
20:49:26,0.0,7.0,84.0,0.0,32.0,0.0,61.0,0,0
20:49:27,0.0,9.0,83.0,0.0,32.0,0.0,25.0,0,0
20:49:28,0.0,22.0,82.0,0.0,32.0,0.0,33.0,0,0
20:49:29,0.0,31.0,83.0,0.0,32.0,0.0,33.0,0,0
20:49:30,0.0,44.0,81.0,0.0,32.0,0.0,40.0,0,0
20:49:31,0.0,63.0,80.0,0.0,32.0,0.0,30.0,0,0
20:49:32,0.0,140.0,80.0,0.0,32.0,0.0,46.0,0,0
20:49:33,0.0,102.0,74.0,0.0,32.0,0.0,42.0,0,0
20:49:34,0.0,102.0,69.0,0.0,32.0,0.0,37.0,0,0
20:49:35,0.0,128.0,69.0,0.0,32.0,0.0,42.0,0,0
20:49:36,0.0,176.0,69.0,0.0,32.0,0.0,42.0,0,0
20:49:37,0.0,234.0,68.0,0.0,32.0,0.0,44.0,0,0
20:49:38,0.0,299.0,68.0,0.0,32.0,0.0,48.0,0,0
20:49:39,0.0,339.0,67.0,0.0,32.0,0.0,46.0,0,0
20:49:40,0.0,360.0,64.0,0.0,32.0,0.0,49.0,0,0
20:49:41,0.0,332.0,61.0,0.0,32.0,0.0,49.0,0,0
20:49:42,0.0,300.0,59.0,0.0,32.0,0.0,48.0,0,0
20:49:43,0.0,194.0,59.0,0.0,32.0,0.0,55.0,0,0
20:49:44,0.0,184.0,60.0,0.0,32.0,0.0,52.0,0,0
20:49:45,0.0,152.0,62.0,0.0,32.0,0.0,50.0,0,0
20:49:46,0.0,244.0,66.0,0.0,32.0,0.0,48.0,0,0
20:49:47,0.0,299.0,69.0,0.0,32.0,0.0,51.0,0,0
20:49:48,0.0,139.0,76.0,0.0,32.0,0.0,46.0,0,0
20:49:49,0.0,247.0,80.0,0.0,32.0,0.0,46.0,0,0
20:49:50,0.0,239.0,81.0,0.0,32.0,0.0,50.0,0,0
20:49:51,0.0,333.0,82.0,0.0,32.0,0.0,39.0,0,0
20:49:52,0.0,698.0,82.0,0.0,32.0,0.0,53.0,0,0
20:49:53,0.0,669.0,90.0,0.0,32.0,0.0,53.0,0,0
20:49:54,0.0,668.0,95.0,0.0,32.0,0.0,57.0,0,0
20:49:55,0.0,597.0,109.0,0.0,32.0,0.0,50.0,0,0
20:49:56,0.0,856.0,124.0,0.0,32.0,0.0,50.0,0,0
20:49:57,0.0,851.0,127.0,0.0,32.0,0.0,52.0,0,0
20:49:58,0.0,748.0,125.0,0.0,32.0,0.0,52.0,0,0
20:49:59,0.0,663.0,125.0,0.0,32.0,0.0,55.0,0,0
20:50:00,0.0,487.0,123.0,0.0,32.0,0.0,46.0,0,0
20:50:01,0.0,518.0,123.0,0.0,32.0,0.0,46.0,0,0
20:50:02,0.0,673.0,125.0,0.0,32.0,0.0,52.0,0,0
20:50:03,0.0,658.0,127.0,0.0,32.0,0.0,51.0,0,0
20:50:04,0.0,668.0,128.0,0.0,32.0,0.0,48.0,0,0
20:50:05,0.0,665.0,125.0,0.0,32.0,0.0,50.0,0,0
20:50:06,0.0,573.0,123.0,0.0,32.0,0.0,51.0,0,0
20:50:07,0.0,438.0,122.0,0.0,32.0,0.0,47.0,0,0
20:50:08,0.0,353.0,121.0,0.0,32.0,0.0,48.0,0,0
20:50:09,0.0,508.0,120.0,0.0,32.0,0.0,49.0,0,0
20:50:10,0.0,595.0,122.0,0.0,32.0,0.0,48.0,0,0
20:50:11,0.0,715.0,124.0,0.0,32.0,0.0,50.0,0,0
20:50:12,0.0,810.0,126.0,0.0,32.0,0.0,54.0,0,0
20:50:13,0.0,676.0,126.0,0.0,32.0,0.0,53.0,0,0
20:50:14,0.0,613.0,125.0,0.0,32.0,0.0,56.0,0,0
20:50:15,0.0,394.0,125.0,0.0,32.0,0.0,47.0,0,0
20:50:16,0.0,584.0,126.0,0.0,32.0,0.0,51.0,0,0
20:50:17,0.0,641.0,130.0,0.0,32.0,0.0,50.0,0,0
20:50:18,0.0,559.0,132.0,0.0,32.0,0.0,48.0,0,0
20:50:19,0.0,533.0,128.0,0.0,32.0,0.0,53.0,0,0
20:50:20,0.0,368.0,126.0,0.0,32.0,0.0,51.0,0,0
20:50:21,0.0,274.0,124.0,0.0,32.0,0.0,45.0,0,0
20:50:22,0.0,379.0,124.0,0.0,32.0,0.0,43.0,0,0
20:50:23,0.0,386.0,124.0,0.0,32.0,0.0,49.0,0,0
20:50:24,0.0,211.0,124.0,0.0,32.0,0.0,57.0,0,0
20:50:25,0.0,138.0,125.0,0.0,32.0,0.0,51.0,0,0
20:50:26,0.0,111.0,122.0,0.0,32.0,0.0,51.0,0,0
20:50:27,0.0,171.0,118.0,0.0,32.0,0.0,40.0,0,0
20:50:28,0.0,201.0,116.0,0.0,32.0,0.0,50.0,0,0
20:50:29,0.0,167.0,113.0,0.0,32.0,0.0,34.0,0,0
20:50:30,0.0,222.0,109.0,0.0,32.0,0.0,38.0,0,0
20:50:31,0.0,438.0,111.0,0.0,32.0,0.0,48.0,0,0
20:50:32,0.0,483.0,116.0,0.0,32.0,0.0,45.0,0,0
20:50:33,0.0,256.0,115.0,0.0,32.0,0.0,62.0,0,0
20:50:34,0.0,124.0,103.0,0.0,32.0,0.0,49.0,0,0
20:50:35,0.0,11.0,90.0,0.0,32.0,0.0,75.0,0,0
20:50:36,0.0,11.0,88.0,0.0,32.0,0.0,68.0,0,0
20:50:37,0.0,9.0,86.0,0.0,32.0,0.0,63.0,0,0
20:50:38,0.0,8.0,85.0,0.0,32.0,0.0,73.0,0,0
20:50:39,0.0,5.0,83.0,0.0,32.0,0.0,30.0,0,0
20:50:40,0.0,6.0,84.0,0.0,32.0,0.0,41.0,0,0
20:50:41,0.0,8.0,83.0,0.0,32.0,0.0,60.0,0,0
20:50:42,0.0,55.0,81.0,0.0,32.0,0.0,23.0,0,0
20:50:43,0.0,118.0,77.0,0.0,32.0,0.0,50.0,0,0
20:50:44,0.0,74.0,71.0,0.0,32.0,0.0,41.0,0,0
20:50:45,0.0,52.0,68.0,0.0,32.0,0.0,32.0,0,0
20:50:46,0.0,99.0,67.0,0.0,32.0,0.0,34.0,0,0
20:50:47,0.0,144.0,68.0,0.0,32.0,0.0,41.0,0,0
20:50:48,0.0,211.0,69.0,0.0,32.0,0.0,48.0,0,0
20:50:49,0.0,243.0,68.0,0.0,32.0,0.0,47.0,0,0
20:50:50,0.0,328.0,68.0,0.0,32.0,0.0,47.0,0,0
20:50:51,0.0,374.0,66.0,0.0,32.0,0.0,47.0,0,0
20:50:52,0.0,351.0,62.0,0.0,32.0,0.0,52.0,0,0
20:50:53,0.0,233.0,60.0,0.0,32.0,0.0,50.0,0,0
20:50:54,0.0,183.0,60.0,0.0,32.0,0.0,49.0,0,0
20:50:55,0.0,151.0,60.0,0.0,32.0,0.0,56.0,0,0
20:50:56,0.0,99.0,60.0,0.0,32.0,0.0,59.0,0,0
20:50:57,0.0,33.0,60.0,0.0,32.0,0.0,46.0,0,0
20:50:58,0.0,11.0,60.0,0.0,32.0,0.0,31.0,0,0
20:50:59,0.0,8.0,63.0,0.0,32.0,0.0,11.0,0,0
20:51:00,0.0,20.0,68.0,0.0,32.0,0.0,24.0,0,0
20:51:01,0.0,81.0,72.0,0.0,32.0,0.0,38.0,0,0
20:51:02,0.0,99.0,75.0,0.0,32.0,0.0,34.0,0,0
20:51:03,0.0,119.0,75.0,0.0,32.0,0.0,36.0,0,0
20:51:04,0.0,172.0,72.0,0.0,32.0,0.0,30.0,0,0
20:51:05,0.0,362.0,71.0,0.0,32.0,0.0,46.0,0,0
20:51:06,0.0,354.0,68.0,0.0,32.0,0.0,59.0,0,0
20:51:07,0.0,247.0,67.0,0.0,32.0,0.0,46.0,0,0
20:51:08,0.0,248.0,67.0,0.0,32.0,0.0,54.0,0,0
20:51:09,0.0,75.0,72.0,0.0,32.0,0.0,35.0,0,0
20:51:10,0.0,125.0,80.0,0.0,32.0,0.0,38.0,0,0
20:51:11,0.0,323.0,85.0,0.0,32.0,0.0,45.0,0,0
20:51:12,0.0,298.0,86.0,0.0,32.0,0.0,47.0,0,0
20:51:13,0.0,335.0,92.0,0.0,32.0,0.0,43.0,0,0
20:51:14,0.0,612.0,107.0,0.0,32.0,0.0,57.0,0,0
20:51:15,0.0,473.0,108.0,0.0,32.0,0.0,50.0,0,0
20:51:16,0.0,413.0,108.0,0.0,32.0,0.0,57.0,0,0
20:51:17,0.0,324.0,107.0,0.0,32.0,0.0,51.0,0,0
20:51:18,0.0,292.0,105.0,0.0,32.0,0.0,50.0,0,0
20:51:19,0.0,241.0,99.0,0.0,32.0,0.0,43.0,0,0
20:51:20,0.0,202.0,95.0,0.0,32.0,0.0,48.0,0,0
20:51:21,0.0,308.0,94.0,0.0,32.0,0.0,46.0,0,0
20:51:22,0.0,338.0,97.0,0.0,32.0,0.0,48.0,0,0
20:51:23,0.0,325.0,99.0,0.0,32.0,0.0,42.0,0,0
20:51:24,0.0,362.0,101.0,0.0,32.0,0.0,46.0,0,0
20:51:25,0.0,444.0,103.0,0.0,32.0,0.0,52.0,0,0
20:51:26,0.0,416.0,104.0,0.0,32.0,0.0,53.0,0,0
20:51:27,0.0,322.0,105.0,0.0,32.0,0.0,44.0,0,0
20:51:28,0.0,510.0,106.0,0.0,32.0,0.0,50.0,0,0
20:51:29,0.0,519.0,109.0,0.0,32.0,0.0,46.0,0,0
20:51:30,0.0,563.0,109.0,0.0,32.0,0.0,56.0,0,0
20:51:31,0.0,345.0,108.0,0.0,32.0,0.0,51.0,0,0
20:51:32,0.0,420.0,107.0,0.0,32.0,0.0,50.0,0,0
20:51:33,0.0,345.0,107.0,0.0,32.0,0.0,43.0,0,0
20:51:34,0.0,238.0,106.0,0.0,32.0,0.0,45.0,0,0
20:51:35,0.0,238.0,106.0,0.0,32.0,0.0,47.0,0,0
20:51:36,0.0,223.0,110.0,0.0,32.0,0.0,51.0,0,0
20:51:37,0.0,260.0,111.0,0.0,32.0,0.0,46.0,0,0
20:51:38,0.0,410.0,112.0,0.0,32.0,0.0,44.0,0,0
20:51:39,0.0,604.0,112.0,0.0,32.0,0.0,54.0,0,0
20:51:40,0.0,468.0,113.0,0.0,32.0,0.0,61.0,0,0
20:51:41,0.0,300.0,111.0,0.0,32.0,0.0,41.0,0,0
20:51:42,0.0,220.0,112.0,0.0,32.0,0.0,53.0,0,0
20:51:43,0.0,307.0,112.0,0.0,32.0,0.0,38.0,0,0
20:51:44,0.0,513.0,113.0,0.0,32.0,0.0,49.0,0,0
20:51:45,0.0,432.0,113.0,0.0,32.0,0.0,42.0,0,0
20:51:46,0.0,616.0,115.0,0.0,32.0,0.0,51.0,0,0
20:51:47,0.0,681.0,118.0,0.0,32.0,0.0,52.0,0,0
20:51:48,0.0,671.0,118.0,0.0,32.0,0.0,56.0,0,0
20:51:49,0.0,520.0,119.0,0.0,32.0,0.0,53.0,0,0
20:51:50,0.0,381.0,119.0,0.0,32.0,0.0,43.0,0,0
20:51:51,0.0,437.0,120.0,0.0,32.0,0.0,52.0,0,0
20:51:52,0.0,378.0,118.0,0.0,32.0,0.0,68.0,0,0
20:51:53,0.0,487.0,119.0,0.0,32.0,0.0,45.0,0,0
20:51:54,0.0,588.0,123.0,0.0,32.0,0.0,55.0,0,0
20:51:55,0.0,436.0,122.0,0.0,32.0,0.0,47.0,0,0
20:51:56,0.0,430.0,120.0,0.0,32.0,0.0,52.0,0,0
20:51:57,0.0,355.0,118.0,0.0,32.0,0.0,41.0,0,0
20:51:58,0.0,472.0,118.0,0.0,32.0,0.0,41.0,0,0
20:51:59,0.0,431.0,119.0,0.0,32.0,0.0,52.0,0,0
20:52:00,0.0,264.0,102.0,0.0,32.0,0.0,41.0,0,0
20:52:01,0.0,30.0,95.0,0.0,32.0,0.0,76.0,0,0
20:52:02,0.0,15.0,92.0,0.0,32.0,0.0,67.0,0,0
20:52:03,0.0,13.0,90.0,0.0,32.0,0.0,59.0,0,0
20:52:04,0.0,24.0,88.0,0.0,32.0,0.0,53.0,0,0
20:52:05,0.0,18.0,87.0,0.0,32.0,0.0,36.0,0,0
20:52:06,0.0,30.0,84.0,0.0,32.0,0.0,38.0,0,0
20:52:07,0.0,42.0,78.0,0.0,32.0,0.0,39.0,0,0
20:52:08,0.0,88.0,72.0,0.0,32.0,0.0,32.0,0,0
20:52:09,0.0,70.0,68.0,0.0,32.0,0.0,56.0,0,0
20:52:10,0.0,57.0,67.0,0.0,32.0,0.0,45.0,0,0
20:52:11,0.0,38.0,67.0,0.0,32.0,0.0,56.0,0,0
20:52:12,0.0,36.0,66.0,0.0,32.0,0.0,30.0,0,0
20:52:13,0.0,34.0,65.0,0.0,32.0,0.0,44.0,0,0
20:52:14,0.0,44.0,67.0,0.0,32.0,0.0,43.0,0,0
20:52:15,0.0,64.0,69.0,0.0,32.0,0.0,30.0,0,0
20:52:16,0.0,134.0,71.0,0.0,32.0,0.0,46.0,0,0
20:52:17,0.0,131.0,72.0,0.0,32.0,0.0,38.0,0,0
20:52:18,0.0,230.0,72.0,0.0,32.0,0.0,48.0,0,0
20:52:19,0.0,254.0,71.0,0.0,32.0,0.0,46.0,0,0
20:52:20,0.0,320.0,68.0,0.0,32.0,0.0,49.0,0,0
20:52:21,0.0,334.0,66.0,0.0,32.0,0.0,46.0,0,0
20:52:22,0.0,322.0,62.0,0.0,32.0,0.0,48.0,0,0
20:52:23,0.0,263.0,62.0,0.0,32.0,0.0,52.0,0,0
20:52:24,0.0,253.0,63.0,0.0,32.0,0.0,57.0,0,0
20:52:25,0.0,141.0,64.0,0.0,32.0,0.0,47.0,0,0
20:52:26,0.0,148.0,64.0,0.0,32.0,0.0,54.0,0,0
20:52:27,0.0,109.0,64.0,0.0,32.0,0.0,44.0,0,0
20:52:28,0.0,154.0,67.0,0.0,32.0,0.0,48.0,0,0
20:52:29,0.0,220.0,75.0,0.0,32.0,0.0,47.0,0,0
20:52:30,0.0,238.0,79.0,0.0,32.0,0.0,41.0,0,0
20:52:31,0.0,413.0,81.0,0.0,32.0,0.0,46.0,0,0
20:52:32,0.0,593.0,85.0,0.0,32.0,0.0,46.0,0,0
20:52:33,0.0,602.0,89.0,0.0,32.0,0.0,42.0,0,0
20:52:34,0.0,783.0,93.0,0.0,32.0,0.0,51.0,0,0
20:52:35,0.0,598.0,99.0,0.0,32.0,0.0,46.0,0,0
20:52:36,0.0,856.0,120.0,0.0,32.0,0.0,48.0,0,0
20:52:37,0.0,825.0,125.0,0.0,32.0,0.0,50.0,0,0
20:52:38,0.0,851.0,128.0,0.0,32.0,0.0,51.0,0,0
20:52:39,0.0,847.0,128.0,0.0,32.0,0.0,50.0,0,0
20:52:40,0.0,751.0,128.0,0.0,32.0,0.0,49.0,0,0
20:52:41,0.0,339.0,127.0,0.0,32.0,0.0,43.0,0,0
20:52:42,0.0,111.0,124.0,0.0,32.0,0.0,57.0,0,0
20:52:43,0.0,90.0,123.0,0.0,32.0,0.0,55.0,0,0
20:52:44,0.0,54.0,123.0,0.0,32.0,0.0,59.0,0,0
20:52:45,0.0,49.0,118.0,0.0,32.0,0.0,44.0,0,0
20:52:46,0.0,135.0,113.0,0.0,32.0,0.0,45.0,0,0
20:52:47,0.0,219.0,112.0,0.0,32.0,0.0,30.0,0,0
20:52:48,0.0,388.0,113.0,0.0,32.0,0.0,49.0,0,0
20:52:49,0.0,325.0,114.0,0.0,32.0,0.0,42.0,0,0
20:52:50,0.0,335.0,117.0,0.0,32.0,0.0,51.0,0,0
20:52:51,0.0,165.0,117.0,0.0,32.0,0.0,45.0,0,0
20:52:52,0.0,220.0,115.0,0.0,32.0,0.0,42.0,0,0
20:52:53,0.0,137.0,114.0,0.0,32.0,0.0,50.0,0,0
20:52:54,0.0,166.0,112.0,0.0,32.0,0.0,58.0,0,0
20:52:55,0.0,80.0,111.0,0.0,32.0,0.0,47.0,0,0
20:52:56,0.0,139.0,108.0,0.0,32.0,0.0,47.0,0,0
20:52:57,0.0,102.0,108.0,0.0,32.0,0.0,39.0,0,0
20:52:58,0.0,174.0,107.0,0.0,32.0,0.0,43.0,0,0
20:52:59,0.0,260.0,109.0,0.0,32.0,0.0,44.0,0,0
20:53:00,0.0,205.0,110.0,0.0,32.0,0.0,55.0,0,0
20:53:01,0.0,91.0,108.0,0.0,32.0,0.0,56.0,0,0
20:53:02,0.0,56.0,106.0,0.0,32.0,0.0,51.0,0,0
20:53:03,0.0,118.0,103.0,0.0,32.0,0.0,34.0,0,0
20:53:04,0.0,227.0,101.0,0.0,32.0,0.0,43.0,0,0
20:53:05,0.0,219.0,100.0,0.0,32.0,0.0,48.0,0,0
20:53:06,0.0,171.0,101.0,0.0,32.0,0.0,46.0,0,0
20:53:07,0.0,262.0,101.0,0.0,32.0,0.0,51.0,0,0
20:53:08,0.0,209.0,102.0,0.0,32.0,0.0,43.0,0,0
20:53:09,0.0,138.0,100.0,0.0,32.0,0.0,63.0,0,0
20:53:10,0.0,333.0,99.0,0.0,32.0,0.0,51.0,0,0
20:53:11,0.0,449.0,101.0,0.0,32.0,0.0,51.0,0,0
20:53:12,0.0,516.0,102.0,0.0,32.0,0.0,52.0,0,0
20:53:13,0.0,517.0,102.0,0.0,32.0,0.0,49.0,0,0
20:53:14,0.0,619.0,103.0,0.0,32.0,0.0,45.0,0,0
20:53:15,0.0,842.0,109.0,0.0,32.0,0.0,51.0,0,0
20:53:16,0.0,880.0,115.0,0.0,32.0,0.0,53.0,0,0
20:53:17,0.0,883.0,119.0,0.0,32.0,0.0,51.0,0,0
20:53:18,0.0,576.0,120.0,0.0,32.0,0.0,48.0,0,0
20:53:19,0.0,400.0,117.0,0.0,32.0,0.0,47.0,0,0
20:53:20,0.0,412.0,114.0,0.0,32.0,0.0,45.0,0,0
20:53:21,0.0,434.0,113.0,0.0,32.0,0.0,45.0,0,0
20:53:22,0.0,458.0,113.0,0.0,32.0,0.0,53.0,0,0
20:53:23,0.0,267.0,110.0,0.0,32.0,0.0,51.0,0,0
20:53:24,0.0,104.0,94.0,0.0,32.0,0.0,68.0,0,0
20:53:25,0.0,25.0,92.0,0.0,32.0,0.0,42.0,0,0
20:53:26,0.0,26.0,89.0,0.0,32.0,0.0,37.0,0,0
20:53:27,0.0,36.0,88.0,0.0,32.0,0.0,72.0,0,0
20:53:28,0.0,10.0,84.0,0.0,32.0,0.0,68.0,0,0
20:53:29,0.0,12.0,84.0,0.0,32.0,0.0,47.0,0,0
20:53:30,0.0,8.0,82.0,0.0,32.0,0.0,60.0,0,0
20:53:31,0.0,6.0,81.0,0.0,32.0,0.0,50.0,0,0
20:53:32,0.0,5.0,80.0,0.0,32.0,0.0,40.0,0,0
20:53:33,0.0,7.0,79.0,0.0,32.0,0.0,53.0,0,0
20:53:34,0.0,6.0,77.0,0.0,32.0,0.0,15.0,0,0
20:53:35,0.0,24.0,77.0,0.0,32.0,0.0,37.0,0,0
20:53:36,0.0,34.0,75.0,0.0,32.0,0.0,14.0,0,0
20:53:37,0.0,83.0,71.0,0.0,32.0,0.0,29.0,0,0
20:53:38,0.0,119.0,68.0,0.0,32.0,0.0,33.0,0,0
20:53:39,0.0,102.0,67.0,0.0,32.0,0.0,56.0,0,0
20:53:40,0.0,81.0,67.0,0.0,32.0,0.0,33.0,0,0
20:53:41,0.0,91.0,67.0,0.0,32.0,0.0,41.0,0,0
20:53:42,0.0,100.0,66.0,0.0,32.0,0.0,38.0,0,0
20:53:43,0.0,170.0,64.0,0.0,32.0,0.0,36.0,0,0
20:53:44,0.0,169.0,63.0,0.0,32.0,0.0,46.0,0,0
20:53:45,0.0,220.0,60.0,0.0,32.0,0.0,43.0,0,0
20:53:46,0.0,250.0,57.0,0.0,32.0,0.0,48.0,0,0
20:53:47,0.0,155.0,57.0,0.0,32.0,0.0,48.0,0,0
20:53:48,0.0,79.0,60.0,0.0,32.0,0.0,51.0,0,0
20:53:49,0.0,95.0,62.0,0.0,32.0,0.0,34.0,0,0
20:53:50,0.0,77.0,64.0,0.0,32.0,0.0,57.0,0,0
20:53:51,0.0,91.0,63.0,0.0,32.0,0.0,52.0,0,0
20:53:52,0.0,63.0,64.0,0.0,32.0,0.0,46.0,0,0
20:53:53,0.0,70.0,65.0,0.0,32.0,0.0,49.0,0,0
20:53:54,0.0,81.0,67.0,0.0,32.0,0.0,39.0,0,0
20:53:55,0.0,105.0,68.0,0.0,32.0,0.0,37.0,0,0
20:53:56,0.0,114.0,70.0,0.0,32.0,0.0,36.0,0,0
20:53:57,0.0,184.0,70.0,0.0,32.0,0.0,36.0,0,0
20:53:58,0.0,319.0,69.0,0.0,32.0,0.0,45.0,0,0
20:53:59,0.0,356.0,68.0,0.0,32.0,0.0,49.0,0,0
20:54:00,0.0,421.0,66.0,0.0,32.0,0.0,48.0,0,0
20:54:01,0.0,338.0,63.0,0.0,32.0,0.0,51.0,0,0
20:54:02,0.0,229.0,62.0,0.0,32.0,0.0,45.0,0,0
20:54:03,0.0,234.0,61.0,0.0,32.0,0.0,48.0,0,0
20:54:04,0.0,144.0,61.0,0.0,32.0,0.0,49.0,0,0
20:54:05,0.0,174.0,61.0,0.0,32.0,0.0,46.0,0,0
20:54:06,0.0,270.0,64.0,0.0,32.0,0.0,44.0,0,0
20:54:07,0.0,265.0,72.0,0.0,32.0,0.0,57.0,0,0
20:54:08,0.0,122.0,78.0,0.0,32.0,0.0,51.0,0,0
20:54:09,0.0,156.0,82.0,0.0,32.0,0.0,43.0,0,0
20:54:10,0.0,319.0,84.0,0.0,32.0,0.0,45.0,0,0
20:54:11,0.0,322.0,86.0,0.0,32.0,0.0,41.0,0,0
20:54:12,0.0,525.0,88.0,0.0,32.0,0.0,50.0,0,0
20:54:13,0.0,620.0,90.0,0.0,32.0,0.0,51.0,0,0
20:54:14,0.0,584.0,90.0,0.0,32.0,0.0,51.0,0,0
20:54:15,0.0,520.0,101.0,0.0,32.0,0.0,47.0,0,0
20:54:16,0.0,647.0,122.0,0.0,32.0,0.0,50.0,0,0
20:54:17,0.0,687.0,125.0,0.0,32.0,0.0,47.0,0,0
20:54:18,0.0,963.0,125.0,0.0,32.0,0.0,51.0,0,0
20:54:19,0.0,939.0,126.0,0.0,32.0,0.0,50.0,0,0
20:54:20,0.0,913.0,127.0,0.0,32.0,0.0,50.0,0,0
20:54:21,0.0,803.0,128.0,0.0,32.0,0.0,52.0,0,0
20:54:22,0.0,749.0,129.0,0.0,32.0,0.0,48.0,0,0
20:54:23,0.0,879.0,131.0,0.0,32.0,0.0,49.0,0,0
20:54:24,0.0,888.0,130.0,0.0,32.0,0.0,48.0,0,0
20:54:25,0.0,753.0,133.0,0.0,32.0,0.0,54.0,0,0
20:54:26,0.0,533.0,132.0,0.0,32.0,0.0,47.0,0,0
20:54:27,0.0,730.0,131.0,0.0,32.0,0.0,53.0,0,0
20:54:28,0.0,596.0,128.0,0.0,32.0,0.0,49.0,0,0
20:54:29,0.0,785.0,130.0,0.0,32.0,0.0,50.0,0,0
20:54:30,0.0,795.0,133.0,0.0,32.0,0.0,50.0,0,0
20:54:31,0.0,775.0,135.0,0.0,32.0,0.0,51.0,0,0
20:54:32,0.0,804.0,133.0,0.0,32.0,0.0,52.0,0,0
20:54:33,0.0,773.0,130.0,0.0,32.0,0.0,50.0,0,0
20:54:34,0.0,469.0,129.0,0.0,32.0,0.0,41.0,0,0
20:54:35,0.0,687.0,129.0,0.0,32.0,0.0,45.0,0,0
20:54:36,0.0,756.0,130.0,0.0,32.0,0.0,50.0,0,0
20:54:37,0.0,759.0,130.0,0.0,32.0,0.0,51.0,0,0
20:54:38,0.0,686.0,130.0,0.0,32.0,0.0,46.0,0,0
20:54:39,0.0,835.0,129.0,0.0,32.0,0.0,52.0,0,0
20:54:40,0.0,270.0,128.0,0.0,32.0,0.0,44.0,0,0
20:54:41,0.0,56.0,124.0,0.0,32.0,0.0,50.0,0,0
20:54:42,0.0,363.0,121.0,0.0,32.0,0.0,37.0,0,0
20:54:43,0.0,804.0,122.0,0.0,32.0,0.0,50.0,0,0
20:54:44,0.0,830.0,127.0,0.0,32.0,0.0,53.0,0,0
20:54:45,0.0,754.0,129.0,0.0,32.0,0.0,52.0,0,0
20:54:46,0.0,729.0,128.0,0.0,32.0,0.0,53.0,0,0
20:54:47,0.0,524.0,126.0,0.0,32.0,0.0,50.0,0,0
20:54:48,0.0,401.0,125.0,0.0,32.0,0.0,52.0,0,0
20:54:49,0.0,287.0,123.0,0.0,32.0,0.0,42.0,0,0
20:54:50,0.0,295.0,123.0,0.0,32.0,0.0,47.0,0,0
20:54:51,0.0,228.0,116.0,0.0,32.0,0.0,59.0,0,0
20:54:52,0.0,68.0,101.0,0.0,32.0,0.0,76.0,0,0
20:54:53,0.0,15.0,97.0,0.0,32.0,0.0,60.0,0,0
20:54:54,0.0,25.0,95.0,0.0,32.0,0.0,76.0,0,0
20:54:55,0.0,11.0,91.0,0.0,32.0,0.0,56.0,0,0
20:54:56,0.0,10.0,90.0,0.0,32.0,0.0,66.0,0,0
20:54:57,0.0,12.0,88.0,0.0,32.0,0.0,60.0,0,0
20:54:58,0.0,12.0,87.0,0.0,32.0,0.0,58.0,0,0
20:54:59,0.0,15.0,86.0,0.0,32.0,0.0,51.0,0,0
20:55:00,0.0,31.0,86.0,0.0,32.0,0.0,27.0,0,0
20:55:01,0.0,38.0,85.0,0.0,32.0,0.0,44.0,0,0
20:55:02,0.0,75.0,82.0,0.0,32.0,0.0,41.0,0,0
20:55:03,0.0,57.0,79.0,0.0,32.0,0.0,36.0,0,0
20:55:04,0.0,81.0,76.0,0.0,32.0,0.0,40.0,0,0
20:55:05,0.0,126.0,73.0,0.0,32.0,0.0,37.0,0,0
20:55:06,0.0,161.0,73.0,0.0,32.0,0.0,48.0,0,0
20:55:07,0.0,176.0,72.0,0.0,32.0,0.0,41.0,0,0
20:55:08,0.0,240.0,71.0,0.0,32.0,0.0,43.0,0,0
20:55:09,0.0,291.0,70.0,0.0,32.0,0.0,46.0,0,0
20:55:10,0.0,307.0,67.0,0.0,32.0,0.0,48.0,0,0
20:55:11,0.0,260.0,63.0,0.0,32.0,0.0,49.0,0,0
20:55:12,0.0,186.0,61.0,0.0,32.0,0.0,50.0,0,0
20:55:13,0.0,161.0,61.0,0.0,32.0,0.0,44.0,0,0
20:55:14,0.0,103.0,61.0,0.0,32.0,0.0,65.0,0,0
20:55:15,0.0,80.0,62.0,0.0,32.0,0.0,36.0,0,0
20:55:16,0.0,91.0,63.0,0.0,32.0,0.0,41.0,0,0
20:55:17,0.0,72.0,65.0,0.0,32.0,0.0,42.0,0,0
20:55:18,0.0,27.0,70.0,0.0,32.0,0.0,26.0,0,0
20:55:19,0.0,61.0,74.0,0.0,32.0,0.0,38.0,0,0
20:55:20,0.0,80.0,76.0,0.0,32.0,0.0,39.0,0,0
20:55:21,0.0,170.0,76.0,0.0,32.0,0.0,39.0,0,0
20:55:22,0.0,333.0,75.0,0.0,32.0,0.0,44.0,0,0
20:55:23,0.0,384.0,75.0,0.0,32.0,0.0,46.0,0,0
20:55:24,0.0,443.0,73.0,0.0,32.0,0.0,52.0,0,0
20:55:25,0.0,308.0,70.0,0.0,32.0,0.0,56.0,0,0
20:55:26,0.0,337.0,72.0,0.0,32.0,0.0,45.0,0,0
20:55:27,0.0,411.0,83.0,0.0,32.0,0.0,48.0,0,0
20:55:28,0.0,431.0,90.0,0.0,32.0,0.0,47.0,0,0
20:55:29,0.0,429.0,92.0,0.0,32.0,0.0,47.0,0,0
20:55:30,0.0,375.0,95.0,0.0,32.0,0.0,53.0,0,0
20:55:31,0.0,572.0,112.0,0.0,32.0,0.0,51.0,0,0
20:55:32,0.0,470.0,114.0,0.0,32.0,0.0,43.0,0,0
20:55:33,0.0,332.0,112.0,0.0,32.0,0.0,48.0,0,0
20:55:34,0.0,331.0,110.0,0.0,32.0,0.0,45.0,0,0
20:55:35,0.0,324.0,110.0,0.0,32.0,0.0,50.0,0,0
20:55:36,0.0,273.0,109.0,0.0,32.0,0.0,45.0,0,0
20:55:37,0.0,252.0,104.0,0.0,32.0,0.0,48.0,0,0
20:55:38,0.0,170.0,100.0,0.0,32.0,0.0,44.0,0,0
20:55:39,0.0,187.0,100.0,0.0,32.0,0.0,42.0,0,0
20:55:40,0.0,205.0,100.0,0.0,32.0,0.0,40.0,0,0
20:55:41,0.0,427.0,99.0,0.0,32.0,0.0,52.0,0,0
20:55:42,0.0,421.0,98.0,0.0,32.0,0.0,45.0,0,0
20:55:43,0.0,369.0,97.0,0.0,32.0,0.0,56.0,0,0
20:55:44,0.0,229.0,97.0,0.0,32.0,0.0,46.0,0,0
20:55:45,0.0,207.0,98.0,0.0,32.0,0.0,51.0,0,0
20:55:46,0.0,163.0,97.0,0.0,32.0,0.0,52.0,0,0
20:55:47,0.0,137.0,97.0,0.0,32.0,0.0,47.0,0,0
20:55:48,0.0,314.0,96.0,0.0,32.0,0.0,51.0,0,0
20:55:49,0.0,149.0,100.0,0.0,32.0,0.0,39.0,0,0
20:55:50,0.0,242.0,101.0,0.0,32.0,0.0,47.0,0,0
20:55:51,0.0,236.0,101.0,0.0,32.0,0.0,45.0,0,0
20:55:52,0.0,292.0,101.0,0.0,32.0,0.0,51.0,0,0
20:55:53,0.0,269.0,101.0,0.0,32.0,0.0,39.0,0,0
20:55:54,0.0,462.0,105.0,0.0,32.0,0.0,46.0,0,0
20:55:55,0.0,662.0,108.0,0.0,32.0,0.0,53.0,0,0
20:55:56,0.0,306.0,110.0,0.0,32.0,0.0,49.0,0,0
20:55:57,0.0,402.0,109.0,0.0,32.0,0.0,56.0,0,0
20:55:58,0.0,379.0,108.0,0.0,32.0,0.0,59.0,0,0
20:55:59,0.0,338.0,107.0,0.0,32.0,0.0,37.0,0,0
20:56:00,0.0,439.0,107.0,0.0,32.0,0.0,57.0,0,0
20:56:01,0.0,155.0,107.0,0.0,32.0,0.0,53.0,0,0
20:56:02,0.0,169.0,102.0,0.0,32.0,0.0,43.0,0,0
20:56:03,0.0,274.0,101.0,0.0,32.0,0.0,48.0,0,0
20:56:04,0.0,160.0,101.0,0.0,32.0,0.0,57.0,0,0
20:56:05,0.0,120.0,102.0,0.0,32.0,0.0,29.0,0,0
20:56:06,0.0,161.0,105.0,0.0,32.0,0.0,63.0,0,0
20:56:07,0.0,16.0,106.0,0.0,32.0,0.0,78.0,0,0
20:56:08,0.0,0.0,104.0,0.0,32.0,0.0,255.0,0,0
20:56:09,0.0,54.0,98.0,0.0,32.0,0.0,18.0,0,0
20:56:10,0.0,495.0,96.0,0.0,32.0,0.0,41.0,0,0
20:56:11,0.0,581.0,94.0,0.0,32.0,0.0,50.0,0,0
20:56:12,0.0,663.0,98.0,0.0,32.0,0.0,58.0,0,0
20:56:13,0.0,596.0,101.0,0.0,32.0,0.0,46.0,0,0
20:56:14,0.0,479.0,101.0,0.0,32.0,0.0,53.0,0,0
20:56:15,0.0,368.0,105.0,0.0,32.0,0.0,50.0,0,0
20:56:16,0.0,310.0,107.0,0.0,32.0,0.0,41.0,0,0
20:56:17,0.0,438.0,107.0,0.0,32.0,0.0,52.0,0,0
20:56:18,0.0,344.0,106.0,0.0,32.0,0.0,44.0,0,0
20:56:19,0.0,659.0,106.0,0.0,32.0,0.0,55.0,0,0
20:56:20,0.0,745.0,110.0,0.0,32.0,0.0,52.0,0,0
20:56:21,0.0,281.0,116.0,0.0,32.0,0.0,30.0,0,0
20:56:22,0.0,284.0,116.0,0.0,32.0,0.0,45.0,0,0
20:56:23,0.0,539.0,115.0,0.0,32.0,0.0,53.0,0,0
20:56:24,0.0,651.0,113.0,0.0,32.0,0.0,54.0,0,0
20:56:25,0.0,468.0,113.0,0.0,32.0,0.0,49.0,0,0
20:56:26,0.0,194.0,108.0,0.0,32.0,0.0,44.0,0,0
20:56:27,0.0,13.0,94.0,0.0,32.0,0.0,52.0,0,0
20:56:28,0.0,9.0,93.0,0.0,32.0,0.0,68.0,0,0
20:56:29,0.0,6.0,93.0,0.0,32.0,0.0,66.0,0,0
20:56:30,0.0,5.0,91.0,0.0,32.0,0.0,18.0,0,0
20:56:31,0.0,7.0,89.0,0.0,32.0,0.0,43.0,0,0
20:56:32,0.0,9.0,87.0,0.0,32.0,0.0,42.0,0,0
20:56:33,0.0,21.0,83.0,0.0,32.0,0.0,20.0,0,0
20:56:34,0.0,63.0,79.0,0.0,32.0,0.0,21.0,0,0
20:56:35,0.0,87.0,77.0,0.0,32.0,0.0,29.0,0,0
20:56:36,0.0,107.0,75.0,0.0,32.0,0.0,38.0,0,0
20:56:37,0.0,111.0,70.0,0.0,32.0,0.0,27.0,0,0
20:56:38,0.0,183.0,61.0,0.0,32.0,0.0,36.0,0,0
20:56:39,0.0,221.0,59.0,0.0,32.0,0.0,54.0,0,0
20:56:40,0.0,150.0,60.0,0.0,32.0,0.0,47.0,0,0
20:56:41,0.0,157.0,65.0,0.0,32.0,0.0,44.0,0,0
20:56:42,0.0,187.0,72.0,0.0,32.0,0.0,44.0,0,0
20:56:43,0.0,249.0,77.0,0.0,32.0,0.0,44.0,0,0
20:56:44,0.0,296.0,79.0,0.0,32.0,0.0,51.0,0,0
20:56:45,0.0,268.0,81.0,0.0,32.0,0.0,51.0,0,0
20:56:46,0.0,228.0,82.0,0.0,32.0,0.0,52.0,0,0
20:56:47,0.0,264.0,83.0,0.0,32.0,0.0,47.0,0,0
20:56:48,0.0,277.0,83.0,0.0,32.0,0.0,48.0,0,0
20:56:49,0.0,291.0,83.0,0.0,32.0,0.0,46.0,0,0
20:56:50,0.0,345.0,82.0,0.0,32.0,0.0,50.0,0,0
20:56:51,0.0,273.0,81.0,0.0,32.0,0.0,54.0,0,0
20:56:52,0.0,253.0,80.0,0.0,32.0,0.0,49.0,0,0
20:56:53,0.0,221.0,82.0,0.0,32.0,0.0,46.0,0,0
20:56:54,0.0,249.0,82.0,0.0,32.0,0.0,44.0,0,0
20:56:55,0.0,263.0,82.0,0.0,32.0,0.0,49.0,0,0
20:56:56,0.0,239.0,83.0,0.0,32.0,0.0,45.0,0,0
20:56:57,0.0,281.0,84.0,0.0,32.0,0.0,46.0,0,0
20:56:58,0.0,380.0,85.0,0.0,32.0,0.0,49.0,0,0
20:56:59,0.0,245.0,86.0,0.0,32.0,0.0,50.0,0,0
20:57:00,0.0,348.0,83.0,0.0,32.0,0.0,46.0,0,0
20:57:01,0.0,432.0,82.0,0.0,32.0,0.0,52.0,0,0
20:57:02,0.0,453.0,80.0,0.0,32.0,0.0,48.0,0,0
20:57:03,0.0,439.0,79.0,0.0,32.0,0.0,45.0,0,0
20:57:04,0.0,568.0,82.0,0.0,32.0,0.0,50.0,0,0
20:57:05,0.0,600.0,92.0,0.0,32.0,0.0,49.0,0,0
20:57:06,0.0,731.0,101.0,0.0,32.0,0.0,52.0,0,0
20:57:07,0.0,622.0,104.0,0.0,32.0,0.0,65.0,0,0
20:57:08,0.0,614.0,122.0,0.0,32.0,0.0,49.0,0,0
20:57:09,0.0,604.0,127.0,0.0,32.0,0.0,53.0,0,0
20:57:10,0.0,620.0,126.0,0.0,32.0,0.0,47.0,0,0
20:57:11,0.0,550.0,127.0,0.0,32.0,0.0,47.0,0,0
20:57:12,0.0,408.0,128.0,0.0,32.0,0.0,40.0,0,0
20:57:13,0.0,601.0,131.0,0.0,32.0,0.0,50.0,0,0
20:57:14,0.0,406.0,132.0,0.0,32.0,0.0,44.0,0,0
20:57:15,0.0,502.0,129.0,0.0,32.0,0.0,47.0,0,0
20:57:16,0.0,420.0,128.0,0.0,32.0,0.0,63.0,0,0
20:57:17,0.0,392.0,126.0,0.0,32.0,0.0,46.0,0,0
20:57:18,0.0,410.0,128.0,0.0,32.0,0.0,48.0,0,0
20:57:19,0.0,408.0,130.0,0.0,32.0,0.0,43.0,0,0
20:57:20,0.0,538.0,130.0,0.0,32.0,0.0,46.0,0,0
20:57:21,0.0,729.0,130.0,0.0,32.0,0.0,49.0,0,0
20:57:22,0.0,928.0,129.0,0.0,32.0,0.0,52.0,0,0
20:57:23,0.0,896.0,129.0,0.0,32.0,0.0,53.0,0,0
20:57:24,0.0,537.0,129.0,0.0,32.0,0.0,46.0,0,0
20:57:25,0.0,442.0,130.0,0.0,32.0,0.0,44.0,0,0
20:57:26,0.0,462.0,133.0,0.0,32.0,0.0,47.0,0,0
20:57:27,0.0,400.0,133.0,0.0,32.0,0.0,50.0,0,0
20:57:28,0.0,290.0,129.0,0.0,32.0,0.0,44.0,0,0
20:57:29,0.0,342.0,126.0,0.0,32.0,0.0,45.0,0,0
20:57:30,0.0,177.0,124.0,0.0,32.0,0.0,39.0,0,0
20:57:31,0.0,100.0,123.0,0.0,32.0,0.0,40.0,0,0
20:57:32,0.0,153.0,123.0,0.0,32.0,0.0,35.0,0,0
20:57:33,0.0,309.0,124.0,0.0,32.0,0.0,47.0,0,0
20:57:34,0.0,280.0,124.0,0.0,32.0,0.0,46.0,0,0
20:57:35,0.0,220.0,121.0,0.0,32.0,0.0,44.0,0,0
20:57:36,0.0,324.0,118.0,0.0,32.0,0.0,43.0,0,0
20:57:37,0.0,398.0,116.0,0.0,32.0,0.0,60.0,0,0
20:57:38,0.0,245.0,115.0,0.0,32.0,0.0,55.0,0,0
20:57:39,0.0,305.0,114.0,0.0,32.0,0.0,43.0,0,0
20:57:40,0.0,267.0,116.0,0.0,32.0,0.0,48.0,0,0
20:57:41,0.0,173.0,118.0,0.0,32.0,0.0,52.0,0,0
20:57:42,0.0,202.0,116.0,0.0,32.0,0.0,41.0,0,0
20:57:43,0.0,151.0,111.0,0.0,32.0,0.0,51.0,0,0
20:57:44,0.0,180.0,111.0,0.0,32.0,0.0,40.0,0,0
20:57:45,0.0,241.0,111.0,0.0,32.0,0.0,36.0,0,0
20:57:46,0.0,384.0,109.0,0.0,32.0,0.0,49.0,0,0
20:57:47,0.0,293.0,106.0,0.0,32.0,0.0,45.0,0,0
20:57:48,0.0,291.0,105.0,0.0,32.0,0.0,40.0,0,0
20:57:49,0.0,266.0,108.0,0.0,32.0,0.0,53.0,0,0
20:57:50,0.0,198.0,110.0,0.0,32.0,0.0,60.0,0,0
20:57:51,0.0,102.0,100.0,0.0,32.0,0.0,34.0,0,0
20:57:52,0.0,22.0,93.0,0.0,32.0,0.0,63.0,0,0
20:57:53,0.0,13.0,91.0,0.0,32.0,0.0,59.0,0,0
20:57:54,0.0,17.0,89.0,0.0,32.0,0.0,47.0,0,0
20:57:55,0.0,24.0,85.0,0.0,32.0,0.0,36.0,0,0
20:57:56,0.0,17.0,84.0,0.0,32.0,0.0,47.0,0,0
20:57:57,0.0,49.0,84.0,0.0,32.0,0.0,33.0,0,0
20:57:58,0.0,80.0,80.0,0.0,32.0,0.0,33.0,0,0
20:57:59,0.0,80.0,74.0,0.0,32.0,0.0,39.0,0,0
20:58:00,0.0,89.0,68.0,0.0,32.0,0.0,40.0,0,0
20:58:01,0.0,94.0,62.0,0.0,32.0,0.0,32.0,0,0
20:58:02,0.0,48.0,59.0,0.0,32.0,0.0,61.0,0,0
20:58:03,0.0,6.0,60.0,0.0,32.0,0.0,25.0,0,0
20:58:04,0.0,98.0,65.0,0.0,32.0,0.0,38.0,0,0
20:58:05,0.0,128.0,70.0,0.0,32.0,0.0,37.0,0,0
20:58:06,0.0,163.0,74.0,0.0,32.0,0.0,41.0,0,0
20:58:07,0.0,162.0,74.0,0.0,32.0,0.0,47.0,0,0
20:58:08,0.0,191.0,73.0,0.0,32.0,0.0,32.0,0,0
20:58:09,0.0,209.0,71.0,0.0,32.0,0.0,54.0,0,0
20:58:10,0.0,230.0,64.0,0.0,32.0,0.0,46.0,0,0
20:58:11,0.0,169.0,58.0,0.0,32.0,0.0,51.0,0,0
20:58:12,0.0,169.0,58.0,0.0,32.0,0.0,51.0,0,0
20:58:13,0.0,132.0,58.0,0.0,32.0,0.0,48.0,0,0
20:58:14,0.0,127.0,58.0,0.0,32.0,0.0,49.0,0,0
20:58:15,0.0,84.0,59.0,0.0,32.0,0.0,48.0,0,0
20:58:16,0.0,37.0,60.0,0.0,32.0,0.0,26.0,0,0
20:58:17,0.0,3.0,60.0,0.0,32.0,0.0,0.0,0,0
20:58:18,0.0,0.0,60.0,0.0,32.0,0.0,255.0,0,0
20:58:19,0.0,27.0,64.0,0.0,32.0,0.0,0.0,0,0
20:58:20,0.0,234.0,71.0,0.0,32.0,0.0,38.0,0,0
20:58:21,0.0,219.0,75.0,0.0,32.0,0.0,38.0,0,0
20:58:22,0.0,326.0,75.0,0.0,32.0,0.0,44.0,0,0
20:58:23,0.0,590.0,76.0,0.0,32.0,0.0,50.0,0,0
20:58:24,0.0,731.0,80.0,0.0,32.0,0.0,49.0,0,0
20:58:25,0.0,669.0,81.0,0.0,32.0,0.0,55.0,0,0
20:58:26,0.0,314.0,83.0,0.0,32.0,0.0,45.0,0,0
20:58:27,0.0,282.0,87.0,0.0,32.0,0.0,41.0,0,0
20:58:28,0.0,495.0,89.0,0.0,32.0,0.0,46.0,0,0
20:58:29,0.0,503.0,101.0,0.0,32.0,0.0,42.0,0,0
20:58:30,0.0,849.0,121.0,0.0,32.0,0.0,53.0,0,0
20:58:31,0.0,816.0,122.0,0.0,32.0,0.0,54.0,0,0
20:58:32,0.0,690.0,123.0,0.0,32.0,0.0,52.0,0,0
20:58:33,0.0,462.0,123.0,0.0,32.0,0.0,46.0,0,0
20:58:34,0.0,288.0,123.0,0.0,32.0,0.0,42.0,0,0
20:58:35,0.0,246.0,124.0,0.0,32.0,0.0,45.0,0,0
20:58:36,0.0,265.0,123.0,0.0,32.0,0.0,47.0,0,0
20:58:37,0.0,212.0,121.0,0.0,32.0,0.0,54.0,0,0
20:58:38,0.0,167.0,117.0,0.0,32.0,0.0,41.0,0,0
20:58:39,0.0,217.0,115.0,0.0,32.0,0.0,39.0,0,0
20:58:40,0.0,287.0,112.0,0.0,32.0,0.0,45.0,0,0
20:58:41,0.0,334.0,112.0,0.0,32.0,0.0,43.0,0,0
20:58:42,0.0,380.0,113.0,0.0,32.0,0.0,46.0,0,0
20:58:43,0.0,404.0,113.0,0.0,32.0,0.0,50.0,0,0
20:58:44,0.0,384.0,109.0,0.0,32.0,0.0,46.0,0,0
20:58:45,0.0,299.0,106.0,0.0,32.0,0.0,47.0,0,0
20:58:46,0.0,244.0,106.0,0.0,32.0,0.0,44.0,0,0
20:58:47,0.0,333.0,106.0,0.0,32.0,0.0,44.0,0,0
20:58:48,0.0,705.0,107.0,0.0,32.0,0.0,51.0,0,0
20:58:49,0.0,533.0,109.0,0.0,32.0,0.0,49.0,0,0
20:58:50,0.0,311.0,109.0,0.0,32.0,0.0,45.0,0,0
20:58:51,0.0,342.0,110.0,0.0,32.0,0.0,47.0,0,0
20:58:52,0.0,363.0,110.0,0.0,32.0,0.0,45.0,0,0
20:58:53,0.0,412.0,110.0,0.0,32.0,0.0,49.0,0,0
20:58:54,0.0,462.0,108.0,0.0,32.0,0.0,53.0,0,0
20:58:55,0.0,555.0,107.0,0.0,32.0,0.0,59.0,0,0
20:58:56,0.0,360.0,106.0,0.0,32.0,0.0,48.0,0,0
20:58:57,0.0,292.0,104.0,0.0,32.0,0.0,42.0,0,0
20:58:58,0.0,402.0,104.0,0.0,32.0,0.0,46.0,0,0
20:58:59,0.0,442.0,107.0,0.0,32.0,0.0,55.0,0,0
20:59:00,0.0,467.0,108.0,0.0,32.0,0.0,49.0,0,0
20:59:01,0.0,626.0,108.0,0.0,32.0,0.0,54.0,0,0
20:59:02,0.0,765.0,108.0,0.0,32.0,0.0,52.0,0,0
20:59:03,0.0,799.0,109.0,0.0,32.0,0.0,54.0,0,0
20:59:04,0.0,459.0,109.0,0.0,32.0,0.0,41.0,0,0
20:59:05,0.0,675.0,108.0,0.0,32.0,0.0,54.0,0,0
20:59:06,0.0,815.0,112.0,0.0,32.0,0.0,55.0,0,0
20:59:07,0.0,573.0,115.0,0.0,32.0,0.0,56.0,0,0
20:59:08,0.0,517.0,117.0,0.0,32.0,0.0,50.0,0,0
20:59:09,0.0,497.0,117.0,0.0,32.0,0.0,49.0,0,0
20:59:10,0.0,474.0,115.0,0.0,32.0,0.0,49.0,0,0
20:59:11,0.0,624.0,115.0,0.0,32.0,0.0,56.0,0,0
20:59:12,0.0,706.0,116.0,0.0,32.0,0.0,52.0,0,0
20:59:13,0.0,620.0,117.0,0.0,32.0,0.0,53.0,0,0
20:59:14,0.0,132.0,117.0,0.0,32.0,0.0,43.0,0,0
20:59:15,0.0,314.0,111.0,0.0,32.0,0.0,41.0,0,0
20:59:16,0.0,117.0,96.0,0.0,32.0,0.0,70.0,0,0
20:59:17,0.0,17.0,93.0,0.0,32.0,0.0,42.0,0,0
20:59:18,0.0,10.0,90.0,0.0,32.0,0.0,72.0,0,0
20:59:19,0.0,6.0,89.0,0.0,32.0,0.0,84.0,0,0
20:59:20,0.0,2.0,85.0,0.0,32.0,0.0,70.0,0,0
20:59:21,0.0,17.0,81.0,0.0,32.0,0.0,40.0,0,0
20:59:22,0.0,36.0,76.0,0.0,32.0,0.0,19.0,0,0
20:59:23,0.0,126.0,69.0,0.0,32.0,0.0,41.0,0,0
20:59:24,0.0,171.0,62.0,0.0,32.0,0.0,40.0,0,0
20:59:25,0.0,265.0,58.0,0.0,32.0,0.0,46.0,0,0
20:59:26,0.0,188.0,57.0,0.0,32.0,0.0,50.0,0,0
20:59:27,0.0,152.0,59.0,0.0,32.0,0.0,48.0,0,0
20:59:28,0.0,57.0,61.0,0.0,32.0,0.0,65.0,0,0
20:59:29,0.0,0.0,60.0,0.0,32.0,0.0,255.0,0,0
20:59:30,0.0,0.0,58.0,0.0,32.0,0.0,255.0,0,0
20:59:31,0.0,0.0,57.0,0.0,32.0,0.0,255.0,0,0
20:59:32,0.0,0.0,60.0,0.0,32.0,0.0,255.0,0,0
20:59:33,0.0,87.0,65.0,0.0,32.0,0.0,2.0,0,0
20:59:34,0.0,326.0,71.0,0.0,32.0,0.0,43.0,0,0
20:59:35,0.0,393.0,76.0,0.0,32.0,0.0,50.0,0,0
20:59:36,0.0,410.0,77.0,0.0,32.0,0.0,46.0,0,0
20:59:37,0.0,575.0,77.0,0.0,32.0,0.0,48.0,0,0
20:59:38,0.0,594.0,78.0,0.0,32.0,0.0,47.0,0,0
20:59:39,0.0,689.0,77.0,0.0,32.0,0.0,50.0,0,0
20:59:40,0.0,494.0,78.0,0.0,32.0,0.0,45.0,0,0
20:59:41,0.0,652.0,79.0,0.0,32.0,0.0,48.0,0,0
20:59:42,0.0,546.0,88.0,0.0,32.0,0.0,57.0,0,0
20:59:43,0.0,571.0,97.0,0.0,32.0,0.0,55.0,0,0
20:59:44,0.0,657.0,103.0,0.0,32.0,0.0,46.0,0,0
20:59:45,0.0,667.0,108.0,0.0,32.0,0.0,48.0,0,0
20:59:46,0.0,1020.0,127.0,0.0,32.0,0.0,51.0,0,0
20:59:47,0.0,1258.0,132.0,0.0,32.0,0.0,47.0,0,0
20:59:48,0.0,1193.0,134.0,0.0,32.0,0.0,51.0,0,0
20:59:49,0.0,1144.0,137.0,0.0,32.0,0.0,51.0,0,0
20:59:50,0.0,1066.0,139.0,0.0,32.0,0.0,50.0,0,0
20:59:51,0.0,1092.0,141.0,0.0,32.0,0.0,53.0,0,0
20:59:52,0.0,1043.0,139.0,0.0,32.0,0.0,51.0,0,0
20:59:53,0.0,976.0,137.0,0.0,32.0,0.0,53.0,0,0
20:59:54,0.0,903.0,137.0,0.0,32.0,0.0,50.0,0,0
20:59:55,0.0,912.0,139.0,0.0,32.0,0.0,52.0,0,0
20:59:56,0.0,903.0,141.0,0.0,32.0,0.0,51.0,0,0
20:59:57,0.0,914.0,142.0,0.0,32.0,0.0,51.0,0,0
20:59:58,0.0,841.0,140.0,0.0,32.0,0.0,59.0,0,0
20:59:59,0.0,176.0,135.0,0.0,32.0,0.0,65.0,0,0
21:00:00,0.0,34.0,129.0,0.0,32.0,0.0,62.0,0,0
21:00:01,0.0,34.0,125.0,0.0,32.0,0.0,61.0,0,0
21:00:02,0.0,33.0,121.0,0.0,32.0,0.0,67.0,0,0
21:00:03,0.0,31.0,117.0,0.0,32.0,0.0,71.0,0,0
21:00:04,0.0,23.0,110.0,0.0,32.0,0.0,72.0,0,0
21:00:05,0.0,21.0,108.0,0.0,32.0,0.0,67.0,0,0
21:00:06,0.0,23.0,108.0,0.0,32.0,0.0,55.0,0,0
21:00:07,0.0,24.0,105.0,0.0,32.0,0.0,56.0,0,0
21:00:08,0.0,17.0,101.0,0.0,32.0,0.0,69.0,0,0
21:00:09,0.0,17.0,97.0,0.0,32.0,0.0,57.0,0,0
21:00:10,0.0,17.0,91.0,0.0,32.0,0.0,66.0,0,0
21:00:11,0.0,11.0,88.0,0.0,32.0,0.0,59.0,0,0
21:00:12,0.0,9.0,88.0,0.0,32.0,0.0,58.0,0,0
21:00:13,0.0,10.0,88.0,0.0,32.0,0.0,60.0,0,0
21:00:14,0.0,8.0,85.0,0.0,32.0,0.0,64.0,0,0
21:00:15,0.0,9.0,87.0,0.0,32.0,0.0,50.0,0,0
21:00:16,0.0,11.0,87.0,0.0,32.0,0.0,62.0,0,0
21:00:17,0.0,10.0,87.0,0.0,32.0,0.0,50.0,0,0
21:00:18,0.0,13.0,85.0,0.0,32.0,0.0,46.0,0,0
21:00:19,0.0,13.0,82.0,0.0,32.0,0.0,38.0,0,0
21:00:20,0.0,11.0,80.0,0.0,32.0,0.0,50.0,0,0
21:00:21,0.0,5.0,76.0,0.0,32.0,0.0,27.0,0,0
21:00:22,0.0,2.0,73.0,0.0,32.0,0.0,0.0,0,0
21:00:23,0.0,1.0,70.0,0.0,32.0,0.0,50.0,0,0
21:00:24,0.0,0.0,70.0,0.0,32.0,0.0,0.0,0,0
21:00:25,0.0,0.0,69.0,0.0,32.0,0.0,100.0,0,0
21:00:26,0.0,21.0,68.0,0.0,32.0,0.0,7.0,0,0
21:00:27,0.0,31.0,70.0,0.0,32.0,0.0,8.0,0,0
21:00:28,0.0,28.0,72.0,0.0,32.0,0.0,21.0,0,0
21:00:29,0.0,11.0,72.0,0.0,32.0,0.0,4.0,0,0
21:00:30,0.0,6.0,72.0,0.0,32.0,0.0,18.0,0,0
21:00:31,0.0,6.0,71.0,0.0,32.0,0.0,23.0,0,0
21:00:32,0.0,4.0,71.0,0.0,32.0,0.0,0.0,0,0
21:00:33,0.0,1.0,69.0,0.0,32.0,0.0,0.0,0,0
21:00:34,0.0,0.0,68.0,0.0,32.0,0.0,255.0,0,0
21:00:35,0.0,0.0,69.0,0.0,32.0,0.0,255.0,0,0
21:00:36,0.0,0.0,70.0,0.0,32.0,0.0,255.0,0,0
21:00:37,0.0,0.0,71.0,0.0,32.0,0.0,100.0,0,0
21:00:38,0.0,0.0,70.0,0.0,32.0,0.0,255.0,0,0
21:00:39,0.0,0.0,68.0,0.0,32.0,0.0,255.0,0,0
21:00:40,0.0,0.0,66.0,0.0,32.0,0.0,255.0,0,0
21:00:41,0.0,31.0,64.0,0.0,32.0,0.0,37.0,0,0
21:00:42,0.0,11.0,64.0,0.0,32.0,0.0,0.0,0,0
21:00:43,0.0,4.0,64.0,0.0,32.0,0.0,0.0,0,0
21:00:44,0.0,12.0,63.0,0.0,32.0,0.0,52.0,0,0
21:00:45,0.0,0.0,60.0,0.0,32.0,0.0,0.0,0,0
21:00:46,0.0,0.0,58.0,0.0,32.0,0.0,255.0,0,0
21:00:47,0.0,0.0,58.0,0.0,32.0,0.0,255.0,0,0
21:00:48,0.0,0.0,57.0,0.0,32.0,0.0,0.0,0,0
21:00:49,0.0,29.0,55.0,0.0,32.0,0.0,49.0,0,0
21:00:50,0.0,38.0,55.0,0.0,32.0,0.0,16.0,0,0
21:00:51,0.0,39.0,55.0,0.0,32.0,0.0,15.0,0,0
21:00:52,0.0,39.0,55.0,0.0,32.0,0.0,15.0,0,0
21:00:53,0.0,3.0,55.0,0.0,32.0,0.0,0.0,0,0
21:00:54,0.0,2.0,52.0,0.0,32.0,0.0,25.0,0,0
21:00:55,0.0,17.0,51.0,0.0,32.0,0.0,0.0,0,0
21:00:56,0.0,12.0,50.0,0.0,32.0,0.0,0.0,0,0
21:00:57,0.0,8.0,49.0,0.0,32.0,0.0,0.0,0,0
21:00:58,0.0,2.0,49.0,0.0,32.0,0.0,100.0,0,0
21:00:59,0.0,2.0,49.0,0.0,32.0,0.0,100.0,0,0
21:01:00,0.0,0.0,48.0,0.0,32.0,0.0,100.0,0,0
21:01:01,0.0,1.0,47.0,0.0,32.0,0.0,100.0,0,0
21:01:02,0.0,2.0,46.0,0.0,32.0,0.0,75.0,0,0
21:01:03,0.0,2.0,46.0,0.0,32.0,0.0,75.0,0,0
21:01:04,0.0,4.0,45.0,0.0,32.0,0.0,28.0,0,0
21:01:05,0.0,12.0,45.0,0.0,32.0,0.0,54.0,0,0
21:01:06,0.0,7.0,45.0,0.0,32.0,0.0,35.0,0,0
21:01:07,0.0,7.0,45.0,0.0,32.0,0.0,35.0,0,0
21:01:08,0.0,7.0,44.0,0.0,32.0,0.0,46.0,0,0
21:01:09,0.0,1.0,44.0,0.0,32.0,0.0,100.0,0,0
21:01:10,0.0,4.0,42.0,0.0,32.0,0.0,100.0,0,0
21:01:11,0.0,4.0,42.0,0.0,32.0,0.0,100.0,0,0
21:01:12,0.0,7.0,41.0,0.0,32.0,0.0,92.0,0,0
21:01:13,0.0,12.0,40.0,0.0,32.0,0.0,83.0,0,0
21:01:14,0.0,12.0,40.0,0.0,32.0,0.0,83.0,0,0
21:01:15,0.0,0.0,38.0,0.0,32.0,0.0,255.0,0,0
21:01:16,0.0,46.0,36.0,0.0,32.0,0.0,0.0,0,0
21:01:17,0.0,46.0,36.0,0.0,32.0,0.0,0.0,0,0
21:01:18,0.0,21.0,36.0,0.0,32.0,0.0,100.0,0,0
21:01:19,0.0,21.0,36.0,0.0,32.0,0.0,100.0,0,0
21:01:20,0.0,43.0,35.0,0.0,32.0,0.0,38.0,0,0
21:01:21,0.0,33.0,36.0,0.0,32.0,0.0,93.0,0,0
21:01:22,0.0,33.0,36.0,0.0,32.0,0.0,93.0,0,0
21:01:23,0.0,4.0,35.0,0.0,32.0,0.0,14.0,0,0
21:01:24,0.0,4.0,35.0,0.0,32.0,0.0,14.0,0,0
21:01:25,0.0,15.0,34.0,0.0,32.0,0.0,34.0,0,0
21:01:26,0.0,15.0,34.0,0.0,32.0,0.0,34.0,0,0
21:01:27,0.0,19.0,34.0,0.0,32.0,0.0,76.0,0,0
21:01:28,0.0,30.0,33.0,0.0,32.0,0.0,8.0,0,0
21:01:29,0.0,30.0,33.0,0.0,32.0,0.0,8.0,0,0
21:01:30,0.0,0.0,33.0,0.0,32.0,0.0,255.0,0,0
21:01:31,0.0,0.0,33.0,0.0,32.0,0.0,255.0,0,0
21:01:32,0.0,5.0,29.0,0.0,32.0,0.0,0.0,0,0
21:01:33,0.0,5.0,29.0,0.0,32.0,0.0,0.0,0,0
21:01:34,0.0,19.0,27.0,0.0,32.0,0.0,28.0,0,0
21:01:35,0.0,19.0,27.0,0.0,32.0,0.0,28.0,0,0
21:01:36,0.0,19.0,27.0,0.0,32.0,0.0,28.0,0,0
21:01:37,0.0,4.0,27.0,0.0,32.0,0.0,37.0,0,0
21:01:38,0.0,4.0,27.0,0.0,32.0,0.0,37.0,0,0
21:01:39,0.0,10.0,26.0,0.0,32.0,0.0,25.0,0,0
21:01:40,0.0,10.0,26.0,0.0,32.0,0.0,25.0,0,0
21:01:41,0.0,33.0,25.0,0.0,32.0,0.0,56.0,0,0
21:01:42,0.0,33.0,25.0,0.0,32.0,0.0,56.0,0,0
21:01:43,0.0,33.0,25.0,0.0,32.0,0.0,56.0,0,0
21:01:44,0.0,64.0,22.0,0.0,32.0,0.0,53.0,0,0
21:01:45,0.0,64.0,22.0,0.0,32.0,0.0,53.0,0,0
21:01:46,0.0,0.0,0.0,0.0,32.0,0.0,71.0,0,0
21:01:47,0.0,0.0,0.0,0.0,32.0,0.0,71.0,0,0
21:01:48,0.0,0.0,0.0,0.0,32.0,0.0,71.0,0,0
21:01:49,0.0,0.0,25.0,0.0,32.0,0.0,255.0,0,0
21:01:50,0.0,0.0,25.0,0.0,32.0,0.0,255.0,0,0
21:01:51,0.0,1.0,25.0,0.0,32.0,0.0,0.0,0,0
21:01:52,0.0,1.0,25.0,0.0,32.0,0.0,0.0,0,0
21:01:53,0.0,1.0,25.0,0.0,32.0,0.0,0.0,0,0
21:01:54,0.0,15.0,25.0,0.0,32.0,0.0,13.0,0,0
21:01:55,0.0,15.0,25.0,0.0,32.0,0.0,13.0,0,0
21:01:56,0.0,41.0,26.0,0.0,32.0,0.0,59.0,0,0
21:01:57,0.0,41.0,26.0,0.0,32.0,0.0,59.0,0,0
21:01:58,0.0,6.0,27.0,0.0,32.0,0.0,36.0,0,0
21:01:59,0.0,6.0,27.0,0.0,32.0,0.0,36.0,0,0
21:02:00,0.0,7.0,26.0,0.0,32.0,0.0,73.0,0,0
21:02:01,0.0,7.0,26.0,0.0,32.0,0.0,73.0,0,0
21:02:02,0.0,7.0,26.0,0.0,32.0,0.0,73.0,0,0
21:02:03,0.0,3.0,25.0,0.0,32.0,0.0,40.0,0,0
21:02:04,0.0,3.0,25.0,0.0,32.0,0.0,40.0,0,0
21:02:05,0.0,4.0,24.0,0.0,32.0,0.0,55.0,0,0
21:02:06,0.0,4.0,24.0,0.0,32.0,0.0,55.0,0,0
21:02:07,0.0,4.0,24.0,0.0,32.0,0.0,55.0,0,0
21:02:08,0.0,11.0,24.0,0.0,32.0,0.0,72.0,0,0
21:02:09,0.0,11.0,24.0,0.0,32.0,0.0,72.0,0,0
21:02:10,0.0,12.0,24.0,0.0,32.0,0.0,58.0,0,0
21:02:11,0.0,12.0,24.0,0.0,32.0,0.0,58.0,0,0
21:02:12,0.0,12.0,24.0,0.0,32.0,0.0,58.0,0,0
21:02:13,0.0,26.0,23.0,0.0,32.0,0.0,49.0,0,0
21:02:14,0.0,26.0,23.0,0.0,32.0,0.0,49.0,0,0
21:02:15,0.0,27.0,24.0,0.0,32.0,0.0,13.0,0,0
21:02:16,0.0,27.0,24.0,0.0,32.0,0.0,13.0,0,0
21:02:17,0.0,35.0,26.0,0.0,32.0,0.0,84.0,0,0
21:02:18,0.0,35.0,26.0,0.0,32.0,0.0,84.0,0,0
21:02:19,0.0,35.0,26.0,0.0,32.0,0.0,84.0,0,0
21:02:20,0.0,12.0,25.0,0.0,32.0,0.0,68.0,0,0
21:02:21,0.0,12.0,25.0,0.0,32.0,0.0,68.0,0,0
21:02:22,0.0,14.0,25.0,0.0,32.0,0.0,46.0,0,0
21:02:23,0.0,14.0,25.0,0.0,32.0,0.0,46.0,0,0
21:02:24,0.0,14.0,25.0,0.0,32.0,0.0,46.0,0,0
21:02:25,0.0,15.0,25.0,0.0,32.0,0.0,74.0,0,0
21:02:26,0.0,15.0,25.0,0.0,32.0,0.0,74.0,0,0
21:02:27,0.0,11.0,24.0,0.0,32.0,0.0,26.0,0,0
21:02:28,0.0,11.0,24.0,0.0,32.0,0.0,26.0,0,0
21:02:29,0.0,22.0,24.0,0.0,32.0,0.0,37.0,0,0
21:02:30,0.0,22.0,24.0,0.0,32.0,0.0,37.0,0,0
21:02:31,0.0,22.0,24.0,0.0,32.0,0.0,37.0,0,0
21:02:32,0.0,19.0,25.0,0.0,32.0,0.0,57.0,0,0
21:02:33,0.0,19.0,25.0,0.0,32.0,0.0,57.0,0,0
21:02:34,0.0,16.0,25.0,0.0,32.0,0.0,71.0,0,0
21:02:35,0.0,16.0,25.0,0.0,32.0,0.0,71.0,0,0
21:02:36,0.0,16.0,25.0,0.0,32.0,0.0,71.0,0,0
21:02:37,0.0,4.0,24.0,0.0,32.0,0.0,50.0,0,0
21:02:38,0.0,4.0,24.0,0.0,32.0,0.0,50.0,0,0
21:02:39,0.0,3.0,23.0,0.0,32.0,0.0,66.0,0,0
21:02:40,0.0,3.0,23.0,0.0,32.0,0.0,66.0,0,0
21:02:41,0.0,3.0,23.0,0.0,32.0,0.0,66.0,0,0
21:02:42,0.0,10.0,21.0,0.0,32.0,0.0,15.0,0,0
21:02:43,0.0,10.0,21.0,0.0,32.0,0.0,15.0,0,0
21:02:44,0.0,0.0,0.0,0.0,32.0,0.0,255.0,0,0
21:02:45,0.0,0.0,0.0,0.0,32.0,0.0,255.0,0,0
21:02:46,0.0,0.0,0.0,0.0,32.0,0.0,255.0,0,0
21:02:47,0.0,0.0,0.0,0.0,32.0,0.0,255.0,0,0
21:02:48,0.0,0.0,0.0,0.0,32.0,0.0,255.0,0,0
21:02:49,0.0,0.0,0.0,0.0,32.0,0.0,255.0,0,0
21:02:50,0.0,0.0,0.0,0.0,32.0,0.0,255.0,0,0
21:02:56,0.0,0.0,0.0,0.0,32.0,0.0,255.0,0,0
21:03:10,0.0,0.0,0.0,0.0,32.0,0.0,255.0,0,0
21:03:11,0.0,0.0,0.0,0.0,32.0,0.0,255.0,0,0
21:03:15,0.0,0.0,0.0,0.0,32.0,0.0,255.0,0,0
21:03:18,0.0,0.0,0.0,0.0,32.0,0.0,255.0,0,0
21:11:54,0.0,0.0,0.0,0.0,26.0,0.0,255.0,0,0
21:11:55,0.0,0.0,0.0,0.0,26.0,0.0,255.0,0,0
21:11:57,0.0,0.0,0.0,0.0,26.0,0.0,255.0,0,0
