Time,Speed [km/h],Power [watt],Cadence,Heartrate,Temperature [℃],Altitude [m],L/R Balance(if available) [percentage of right Leg],latitude,longitude
20:01:48,11.3,0,0,0,29,32,255,0,0
20:01:49,11.3,0,0,0,29,32,255,0,0
20:01:50,0,0,0,0,29,32,255,0,0
20:01:51,0,0,0,0,29,32,255,0,0
20:02:51,7.2,0,0,0,29,33,255,0,0
20:02:52,12.1,0,0,0,29,33,255,0,0
20:02:53,13.2,0,0,0,29,33,255,0,0
20:02:54,14.4,0,0,0,29,33,255,0,0
20:02:55,15.1,0,0,0,29,33,255,0,0
20:02:56,15.4,0,0,0,29,33,255,0,0
20:02:57,15.6,0,0,0,29,33,255,0,0
20:02:58,15.9,0,0,0,29,33,255,0,0
20:02:59,15.9,0,0,0,29,33,255,0,0
20:03:00,16,0,0,0,29,33,255,0,0
20:03:01,16,0,0,0,29,33,255,0,0
20:03:02,16.7,0,0,0,29,33,255,0,0
20:03:03,17.6,0,0,0,29,33,255,0,0
20:03:04,17.8,50,34,0,29,33,255,0,0
20:03:05,17.3,50,34,0,29,33,255,0,0
20:03:06,17.3,50,34,0,29,33,255,0,0
20:03:07,17,1,33,0,29,33,255,0,0
20:03:08,16.4,1,33,0,29,33,255,0,0
20:03:09,15.7,1,33,0,29,33,255,0,0
20:03:10,15.4,1,31,0,29,33,255,0,0
20:03:11,15.5,14,30,0,29,33,255,0,0
20:03:12,14.9,14,30,0,29,33,255,0,0
20:03:13,14.8,14,30,0,29,33,255,0,0
20:03:14,14.5,18,29,0,29,33,255,0,0
20:03:15,14.5,13,28,0,29,33,255,0,0
20:03:16,14.8,13,28,0,29,33,255,0,0
20:03:17,14.8,13,28,0,29,33,255,0,0
20:03:18,14.8,2,29,0,29,33,255,0,0
20:03:19,14.7,2,29,0,29,33,255,0,0
20:03:20,14.8,2,29,0,29,33,255,0,0
20:03:21,14.8,2,29,0,29,33,255,0,0
20:03:22,14.9,11,29,0,29,33,255,0,0
20:03:23,15.6,11,29,0,29,33,255,0,0
20:03:24,15.9,11,29,0,29,33,255,0,0
20:03:25,16.1,20,30,0,29,33,255,0,0
20:03:26,16.1,20,30,0,29,33,255,0,0
20:03:27,16.1,30,31,0,29,33,255,0,0
20:03:28,16.1,5,31,0,29,33,255,0,0
20:03:29,16.1,5,31,0,29,33,255,0,0
20:03:30,16.1,12,31,0,29,33,255,0,0
20:03:31,15.8,1,31,0,29,33,255,0,0
20:03:32,15.8,1,31,0,29,33,255,0,0
20:03:33,15.7,6,30,0,29,33,255,0,0
20:03:34,15.6,6,30,0,29,33,255,0,0
20:03:35,15.4,6,30,0,29,33,255,0,0
20:03:36,15.1,6,30,0,29,33,255,0,0
20:03:37,14.7,6,29,0,29,33,255,0,0
20:03:38,14.6,6,29,0,29,33,255,0,0
20:03:39,14.7,6,29,0,29,33,255,0,0
20:03:40,14.5,19,28,0,29,33,255,0,0
20:03:41,13.8,19,28,0,29,33,255,0,0
20:03:42,13.2,29,27,0,29,33,255,0,0
20:03:43,12.6,29,27,0,29,33,255,0,0
20:03:44,12.3,21,25,0,29,33,255,0,0
20:03:45,12.1,21,25,0,29,33,255,0,0
20:03:46,12.3,0,0,0,29,33,255,0,0
20:03:47,12.8,0,0,0,29,33,255,0,0
20:03:48,13.3,0,0,0,29,33,255,0,0
20:03:49,13.8,0,0,0,29,33,255,0,0
20:03:50,14.2,0,0,0,29,33,255,0,0
20:03:51,15,0,0,0,29,33,255,0,0
20:03:52,16.1,6,28,0,29,33,255,0,0
20:03:53,16.2,4,31,0,29,33,255,0,0
20:03:54,16.2,4,31,0,29,33,255,0,0
20:03:55,15.9,3,31,0,29,33,255,0,0
20:03:56,15.7,3,31,0,29,33,255,0,0
20:03:57,15.7,1,30,0,29,33,255,0,0
20:03:58,15.6,1,30,0,29,33,255,0,0
20:03:59,15.5,1,30,0,29,33,255,0,0
20:04:00,15.2,1,30,0,29,33,255,0,0
20:04:01,15.2,2,30,0,29,33,255,0,0
20:04:02,15.3,3,29,0,29,33,255,0,0
20:04:03,15.2,3,29,0,29,33,255,0,0
20:04:04,15.2,3,29,0,29,33,255,0,0
20:04:05,15.1,3,29,0,29,33,255,0,0
20:04:06,15,1,29,0,29,33,255,0,0
20:04:07,14.9,1,29,0,29,33,255,0,0
20:04:08,15,29,29,0,29,33,255,0,0
20:04:09,15.2,29,29,0,29,33,255,0,0
20:04:10,15.2,29,29,0,29,33,255,0,0
20:04:11,15.7,54,29,0,29,33,255,0,0
20:04:12,15.9,40,31,0,29,33,255,0,0
20:04:13,15.9,40,31,0,29,33,255,0,0
20:04:14,15.9,0,0,0,29,33,255,0,0
20:04:15,16.6,0,0,0,29,33,255,0,0
20:04:16,17.1,0,0,0,29,33,255,0,0
20:04:17,18.4,0,0,0,29,33,255,0,0
20:04:18,19.1,0,0,0,29,33,255,0,0
20:04:19,19.4,0,0,0,29,33,255,0,0
20:04:20,19.4,0,0,0,29,33,255,0,0
20:04:21,20.8,0,0,0,29,33,255,0,0
20:04:22,20.8,96,39,0,29,33,255,0,0
20:04:23,20.8,8,41,0,29,33,255,0,0
20:04:24,20.8,5,40,0,29,33,255,0,0
20:04:25,20.6,10,40,0,29,33,255,0,0
20:04:26,20.3,10,39,0,29,33,255,0,0
20:04:27,20.2,10,39,0,29,33,255,0,0
20:04:28,19.8,10,39,0,29,33,255,0,0
20:04:29,19.5,10,39,0,29,33,255,0,0
20:04:30,19,10,38,0,29,33,255,0,0
20:04:31,18.8,10,37,0,29,33,255,0,0
20:04:32,18.5,0,0,0,29,33,255,0,0
20:04:33,18.5,0,0,0,29,33,255,0,0
20:04:34,17.9,0,0,0,29,33,255,0,0
20:04:35,18,0,0,0,29,33,255,0,0
20:04:36,18.1,0,0,0,29,33,255,0,0
20:04:37,18.2,0,0,0,29,33,255,0,0
20:04:38,18.6,0,0,0,29,33,255,0,0
20:04:39,18.9,63,36,0,29,33,255,0,0
20:04:40,19.1,35,37,0,29,33,255,0,0
20:04:41,19.8,35,37,0,29,33,255,0,0
20:04:42,20.2,61,38,0,29,33,255,0,0
20:04:43,20.4,61,38,0,29,33,255,0,0
20:04:44,20.7,61,38,0,29,33,255,0,0
20:04:45,20.8,34,40,0,29,33,255,0,0
20:04:46,20.8,41,41,0,29,33,255,0,0
20:04:47,20.7,38,40,0,29,33,255,0,0
20:04:48,20.7,38,40,0,29,33,255,0,0
20:04:49,20.7,30,40,0,29,33,255,0,0
20:04:50,20.7,24,40,0,29,33,255,0,0
20:04:51,20.6,19,40,0,29,33,255,0,0
20:04:52,20.2,19,40,0,29,33,255,0,0
20:04:53,20.1,16,39,0,29,33,255,0,0
20:04:54,19.8,16,39,0,29,33,255,0,0
20:04:55,19.8,2,38,0,29,33,255,0,0
20:04:56,18.7,2,38,0,29,33,255,0,0
20:04:57,16.5,2,37,0,29,33,255,0,0
20:04:58,13.8,2,37,0,29,33,255,0,0
20:04:59,11.3,8,29,0,29,33,255,0,0
20:05:00,9.8,8,29,0,29,33,255,0,0
20:05:01,8.9,7,20,0,29,33,255,0,0
20:05:02,8.9,7,20,0,29,33,255,0,0
20:05:03,8.4,0,0,0,29,33,255,0,0
20:05:04,7.1,0,0,0,29,33,255,0,0
20:05:05,7.1,0,0,0,29,33,255,0,0
20:05:06,0,0,0,0,29,33,255,0,0
20:05:07,0,0,0,0,29,33,255,0,0
20:06:13,21.4,0,0,0,29,33,255,0,0
20:06:14,0,0,0,0,29,33,255,0,0
20:06:15,0,0,0,0,29,33,255,0,0
20:06:24,0,1,23,0,29,34,255,0,0
20:06:25,0,0,0,0,29,34,255,0,0
20:06:26,0,0,0,0,29,34,255,0,0
20:07:26,15,0,0,0,30,34,255,0,0
20:07:27,21.7,0,0,0,30,34,255,0,0
20:07:28,26.8,0,0,0,30,34,255,0,0
20:07:29,29.9,0,0,0,30,34,255,0,0
20:07:30,31.5,0,0,0,30,34,255,0,0
20:07:31,36.1,0,0,0,30,34,255,0,0
20:07:32,38.6,645,74,0,30,34,255,0,0
20:07:33,39.3,647,76,0,30,34,255,0,0
20:07:34,39.5,647,76,0,30,34,255,0,0
20:07:35,39.6,647,76,0,30,34,255,0,0
20:07:36,40.5,551,77,0,30,34,255,0,0
20:07:37,42.1,551,77,0,30,34,255,0,0
20:07:38,42.1,576,82,0,30,34,255,0,0
20:07:39,44.5,772,86,0,30,34,255,0,0
20:07:40,44.7,793,87,0,30,34,255,0,0
20:07:41,44.2,793,87,0,30,34,255,0,0
20:07:42,47.1,706,89,0,30,34,255,0,0
20:07:43,50.4,706,89,0,30,34,255,0,0
20:07:44,58.4,665,100,0,30,34,255,0,0
20:07:45,61.7,726,119,0,30,34,255,0,0
20:07:46,61.9,465,121,0,30,34,255,0,0
20:07:47,62,465,121,0,30,34,255,0,0
20:07:48,61.2,359,120,0,30,34,255,0,0
20:07:49,60.8,301,119,0,30,34,255,0,0
20:07:50,60.4,301,119,0,30,34,255,0,0
20:07:51,60.5,301,119,0,30,34,255,0,0
20:07:52,60.2,291,118,0,30,34,255,0,0
20:07:53,58.7,291,118,0,30,34,255,0,0
20:07:54,58.2,291,118,0,30,34,255,0,0
20:07:55,57.8,291,118,0,30,34,255,0,0
20:07:56,56.8,249,113,0,30,34,255,0,0
20:07:57,55.9,133,109,0,30,34,255,0,0
20:07:58,55.3,335,108,0,30,34,255,0,0
20:07:59,56.7,660,111,0,30,34,255,0,0
20:08:00,58.4,778,114,0,30,34,255,0,0
20:08:01,59.4,825,115,0,30,34,255,0,0
20:08:02,60.2,779,116,0,29,34,255,0,0
20:08:03,60.1,582,118,0,29,34,255,0,0
20:08:04,59.2,582,118,0,29,34,255,0,0
20:08:05,56.9,582,118,0,29,34,255,0,0
20:08:06,55.1,221,111,0,29,34,255,0,0
20:08:07,55.3,221,111,0,29,34,255,0,0
20:08:08,57.6,383,109,0,29,34,255,0,0
20:08:09,59,423,115,0,29,34,255,0,0
20:08:10,59.3,307,115,0,29,34,255,0,0
20:08:11,59.2,307,115,0,29,34,255,0,0
20:08:12,58.4,189,115,0,29,34,255,0,0
20:08:13,57.3,189,115,0,29,34,255,0,0
20:08:14,56.8,303,111,0,29,34,255,0,0
20:08:15,57.9,373,112,0,29,34,255,0,0
20:08:16,59,282,115,0,29,34,255,0,0
20:08:17,58.2,282,115,0,29,34,255,0,0
20:08:18,57.4,282,115,0,29,34,255,0,0
20:08:19,57.3,128,112,0,29,34,255,0,0
20:08:20,56.4,1,110,0,29,34,255,0,0
20:08:21,55.2,90,109,0,29,34,255,0,0
20:08:22,54,90,109,0,29,34,255,0,0
20:08:23,53.1,0,0,0,29,34,255,0,0
20:08:24,54,0,0,0,29,34,255,0,0
20:08:25,54.4,0,0,0,29,34,255,0,0
20:08:26,51,309,103,0,29,34,255,0,0
20:08:27,44.5,309,103,0,29,34,255,0,0
20:08:28,44,309,103,0,29,34,255,0,0
20:08:29,43.8,309,103,0,29,34,255,0,0
20:08:30,43,128,86,0,29,34,255,0,0
20:08:31,42.9,105,84,0,29,34,255,0,0
20:08:32,39.3,208,79,0,29,34,255,0,0
20:08:33,37.1,208,79,0,29,34,255,0,0
20:08:34,36.1,189,71,0,29,34,255,0,0
20:08:35,35.8,189,71,0,29,34,255,0,0
20:08:36,35.8,189,71,0,29,34,255,0,0
20:08:37,35.8,14,70,0,29,34,255,0,0
20:08:38,36.1,14,70,0,29,34,255,0,0
20:08:39,36.8,14,70,0,29,34,255,0,0
20:08:40,37.2,14,72,0,29,34,255,0,0
20:08:41,37.2,14,73,0,29,34,255,0,0
20:08:42,36.8,14,72,0,29,34,255,0,0
20:08:43,35.3,11,71,0,29,34,255,0,0
20:08:44,34.3,206,67,0,29,34,255,0,0
20:08:45,33.8,206,67,0,29,36,255,0,0
20:08:46,33.3,391,65,0,29,36,255,0,0
20:08:47,33.6,391,65,0,29,36,255,0,0
20:08:48,34.1,391,65,0,29,36,255,0,0
20:08:49,34.2,237,66,0,29,36,255,0,0
20:08:50,34.2,237,66,0,29,36,255,0,0
20:08:51,34.4,100,67,0,29,36,255,0,0
20:08:52,35,100,67,0,29,36,255,0,0
20:08:53,36.3,100,69,0,29,36,255,0,0
20:08:54,37.2,100,72,0,29,36,255,0,0
20:08:55,37.6,42,73,0,29,36,255,0,0
20:08:56,37.2,136,73,0,29,36,255,0,0
20:08:57,36.7,136,73,0,29,36,255,0,0
20:08:58,35.9,395,70,0,29,36,255,0,0
20:08:59,34.2,489,68,0,29,36,255,0,0
20:09:00,33.7,448,65,0,29,36,255,0,0
20:09:01,34.8,443,66,0,29,36,255,0,0
20:09:02,36.4,417,69,0,29,36,255,0,0
20:09:03,37.9,328,72,0,29,36,255,0,0
20:09:04,38.3,194,74,0,29,36,255,0,0
20:09:05,37.5,91,73,0,29,36,255,0,0
20:09:06,40.1,281,74,0,29,36,255,0,0
20:09:07,44.5,509,84,0,29,36,255,0,0
20:09:08,47.1,509,84,0,29,36,255,0,0
20:09:09,50.3,616,92,0,29,36,255,0,0
20:09:10,59.4,613,101,0,29,36,255,0,0
20:09:11,61.9,613,101,0,29,36,255,0,0
20:09:12,62.8,613,101,0,29,36,255,0,0
20:09:13,63.8,613,101,0,29,36,255,0,0
20:09:14,63.9,707,122,0,29,36,255,0,0
20:09:15,63.3,707,122,0,29,36,255,0,0
20:09:16,63.8,515,124,0,29,36,255,0,0
20:09:17,63.7,515,124,0,29,36,255,0,0
20:09:18,63.4,515,124,0,29,34,255,0,0
20:09:19,64.5,303,124,0,29,34,255,0,0
20:09:20,64.8,303,124,0,29,34,255,0,0
20:09:21,63.6,241,125,0,29,34,255,0,0
20:09:22,62.3,241,125,0,29,34,255,0,0
20:09:23,62.3,367,122,0,29,34,255,0,0
20:09:24,62.7,367,122,0,29,34,255,0,0
20:09:25,63.2,367,122,0,29,34,255,0,0
20:09:26,64.3,307,123,0,29,34,255,0,0
20:09:27,65.1,383,126,0,29,34,255,0,0
20:09:28,65,383,126,0,29,34,255,0,0
20:09:29,63.4,350,125,0,29,34,255,0,0
20:09:30,61.9,350,125,0,29,34,255,0,0
20:09:31,61.5,339,120,0,29,34,255,0,0
20:09:32,60.9,339,120,0,29,34,255,0,0
20:09:33,60.4,253,119,0,29,34,255,0,0
20:09:34,60.1,225,117,0,29,34,255,0,0
20:09:35,60.7,311,117,0,29,34,255,0,0
20:09:36,61.1,400,119,0,29,34,255,0,0
20:09:37,60.4,400,119,0,29,34,255,0,0
20:09:38,60.6,0,0,0,29,34,255,0,0
20:09:39,61.5,0,0,0,29,34,255,0,0
20:09:40,62,0,0,0,29,34,255,0,0
20:09:41,62,0,0,0,29,34,255,0,0
20:09:42,62.9,0,0,0,29,34,255,0,0
20:09:43,60.1,0,0,0,29,34,255,0,0
20:09:44,55.5,1,116,0,29,34,255,0,0
20:09:45,55.3,1,106,0,29,34,255,0,0
20:09:46,57,358,111,0,29,34,255,0,0
20:09:47,57.8,358,111,0,29,34,255,0,0
20:09:48,57.1,358,111,0,29,34,255,0,0
20:09:49,58.5,290,112,0,29,34,255,0,0
20:09:50,61.3,851,116,0,29,34,255,0,0
20:09:51,59,623,117,0,29,34,255,0,0
20:09:52,50.3,490,99,0,29,34,255,0,0
20:09:53,49.7,147,97,0,29,34,255,0,0
20:09:54,49,32,96,0,29,34,255,0,0
20:09:55,49,32,96,0,29,34,255,0,0
20:09:56,48.1,11,94,0,29,34,255,0,0
20:09:57,47.6,11,93,0,29,34,255,0,0
20:09:58,47.1,11,93,0,29,34,255,0,0
20:09:59,46.5,11,93,0,29,34,255,0,0
20:10:00,45.2,35,89,0,29,34,255,0,0
20:10:01,42.2,35,89,0,29,34,255,0,0
20:10:02,38.1,35,89,0,29,34,255,0,0
20:10:03,36.6,35,89,0,29,34,255,0,0
20:10:04,37.7,9,75,0,29,34,255,0,0
20:10:05,38.5,9,75,0,29,34,255,0,0
20:10:06,38.7,57,75,0,29,34,255,0,0
20:10:07,38.5,142,75,0,29,34,255,0,0
20:10:08,37.9,234,74,0,29,34,255,0,0
20:10:09,36.6,360,71,0,29,34,255,0,0
20:10:10,34.8,360,71,0,29,34,255,0,0
20:10:11,34.6,452,68,0,29,34,255,0,0
20:10:12,35.2,452,68,0,29,34,255,0,0
20:10:13,36,320,69,0,29,34,255,0,0
20:10:14,36.1,320,69,0,29,34,255,0,0
20:10:15,36,187,70,0,29,34,255,0,0
20:10:16,37.2,187,70,0,29,36,255,0,0
20:10:17,39.5,187,70,0,29,36,255,0,0
20:10:18,42.3,170,78,0,29,36,255,0,0
20:10:19,43.5,170,78,0,29,36,255,0,0
20:10:20,43.8,321,85,0,29,36,255,0,0
20:10:21,43.3,413,85,0,29,36,255,0,0
20:10:22,43.3,413,85,0,29,36,255,0,0
20:10:23,40.9,413,85,0,29,36,255,0,0
20:10:24,40.6,494,82,0,29,36,255,0,0
20:10:25,43.5,558,81,0,29,36,255,0,0
20:10:26,46.1,558,81,0,29,36,255,0,0
20:10:27,50.5,665,89,0,29,36,255,0,0
20:10:28,54.9,665,89,0,29,36,255,0,0
20:10:29,63.5,665,89,0,29,36,255,0,0
20:10:30,64.6,584,115,0,29,36,255,0,0
20:10:31,63.8,584,115,0,29,36,255,0,0
20:10:32,62.4,286,122,0,29,36,255,0,0
20:10:33,60.6,285,118,0,29,36,255,0,0
20:10:34,60.5,278,118,0,29,36,255,0,0
20:10:35,61,627,118,0,29,36,255,0,0
20:10:36,63,764,120,0,29,36,255,0,0
20:10:37,64,764,120,0,29,36,255,0,0
20:10:38,64.8,0,0,0,29,36,255,0,0
20:10:39,65.1,0,0,0,29,36,255,0,0
20:10:40,65.3,0,0,0,29,36,255,0,0
20:10:41,66.1,0,0,0,29,36,255,0,0
20:10:42,65.6,0,0,0,29,36,255,0,0
20:10:43,64,451,128,0,29,36,255,0,0
20:10:44,62.6,451,128,0,29,36,255,0,0
20:10:45,61.4,238,122,0,29,36,255,0,0
20:10:46,60.6,390,119,0,29,36,255,0,0
20:10:47,60.4,390,119,0,29,36,255,0,0
20:10:48,60.7,357,118,0,29,36,255,0,0
20:10:49,60.7,357,118,0,29,36,255,0,0
20:10:50,59.7,0,0,0,29,36,255,0,0
20:10:51,58.4,0,0,0,29,36,255,0,0
20:10:52,57.9,0,0,0,29,36,255,0,0
20:10:53,57.5,0,0,0,29,36,255,0,0
20:10:54,57.4,0,0,0,29,36,255,0,0
20:10:55,58.5,0,0,0,29,36,255,0,0
20:10:56,59.7,0,0,0,29,36,255,0,0
20:10:57,60,0,0,0,29,36,255,0,0
20:10:58,59.9,0,0,0,29,36,255,0,0
20:10:59,58.2,447,113,0,29,36,255,0,0
20:11:00,57,447,113,0,29,34,255,0,0
20:11:01,56.4,415,111,0,29,34,255,0,0
20:11:02,56,448,109,0,29,34,255,0,0
20:11:03,57,461,110,0,29,34,255,0,0
20:11:04,57.7,461,110,0,29,34,255,0,0
20:11:05,56.8,439,112,0,29,34,255,0,0
20:11:06,56.1,364,110,0,29,34,255,0,0
20:11:07,55.7,349,109,0,29,34,255,0,0
20:11:08,55.3,349,109,0,29,34,255,0,0
20:11:09,55,324,107,0,29,34,255,0,0
20:11:10,52.2,281,103,0,29,34,255,0,0
20:11:11,45.3,260,90,0,29,34,255,0,0
20:11:12,44.6,39,87,0,29,34,255,0,0
20:11:13,44.1,2,87,0,29,34,255,0,0
20:11:14,43.4,2,85,0,29,34,255,0,0
20:11:15,42.9,2,84,0,29,34,255,0,0
20:11:16,41.4,2,82,0,29,34,255,0,0
20:11:17,40.3,2,82,0,29,34,255,0,0
20:11:18,39.8,2,82,0,29,34,255,0,0
20:11:19,39.7,2,82,0,29,34,255,0,0
20:11:20,39.4,69,77,0,29,34,255,0,0
20:11:21,39.2,118,76,0,29,34,255,0,0
20:11:22,39.4,94,76,0,29,34,255,0,0
20:11:23,38.9,63,76,0,29,34,255,0,0
20:11:24,38.2,151,75,0,29,34,255,0,0
20:11:25,37.6,151,75,0,29,34,255,0,0
20:11:26,37.4,151,75,0,29,34,255,0,0
20:11:27,36.6,151,73,0,29,34,255,0,0
20:11:28,36.1,118,71,0,29,34,255,0,0
20:11:29,36.3,118,71,0,29,34,255,0,0
20:11:30,36.5,149,71,0,29,34,255,0,0
20:11:31,36.9,149,71,0,29,34,255,0,0
20:11:32,37.5,248,72,0,29,34,255,0,0
20:11:33,37.3,295,73,0,29,34,255,0,0
20:11:34,36.2,387,71,0,29,34,255,0,0
20:11:35,34.8,387,71,0,29,34,255,0,0
20:11:36,34.5,0,0,0,29,34,255,0,0
20:11:37,35.3,0,0,0,29,34,255,0,0
20:11:38,36,0,0,0,29,34,255,0,0
20:11:39,36.3,0,0,0,29,34,255,0,0
20:11:40,36.4,0,0,0,29,34,255,0,0
20:11:41,37,0,0,0,29,34,255,0,0
20:11:42,39.2,0,0,0,29,34,255,0,0
20:11:43,41.4,32,77,0,29,36,255,0,0
20:11:44,41.9,24,81,0,29,36,255,0,0
20:11:45,42.1,47,82,0,29,36,255,0,0
20:11:46,41.2,185,81,0,29,36,255,0,0
20:11:47,40.1,344,78,0,29,36,255,0,0
20:11:48,38,344,78,0,29,36,255,0,0
20:11:49,37.8,403,74,0,29,36,255,0,0
20:11:50,39.1,358,75,0,29,36,255,0,0
20:11:51,41.9,363,79,0,29,36,255,0,0
20:11:52,45.1,313,86,0,29,36,255,0,0
20:11:53,46.5,290,90,0,29,36,255,0,0
20:11:54,47.4,290,90,0,29,36,255,0,0
20:11:55,49.1,622,94,0,29,36,255,0,0
20:11:56,50.1,622,94,0,29,36,255,0,0
20:11:57,50.6,622,94,0,29,36,255,0,0
20:11:58,52,586,98,0,29,36,255,0,0
20:11:59,58.7,808,112,0,29,36,255,0,0
20:12:00,65.2,808,112,0,29,36,255,0,0
20:12:01,65.4,0,0,0,29,34,255,0,0
20:12:02,65.4,0,0,0,29,34,255,0,0
20:12:03,65.4,0,0,0,29,34,255,0,0
20:12:04,65.5,0,0,0,29,34,255,0,0
20:12:05,66.5,0,0,0,29,34,255,0,0
20:12:06,68.8,0,0,0,29,34,255,0,0
20:12:07,69.3,0,0,0,29,34,255,0,0
20:12:08,69.2,786,133,0,29,34,255,0,0
20:12:09,68.5,786,133,0,29,34,255,0,0
20:12:10,68,0,0,0,29,34,255,0,0
20:12:11,68.3,0,0,0,29,34,255,0,0
20:12:12,68.3,0,0,0,29,34,255,0,0
20:12:13,71.3,0,0,0,29,34,255,0,0
20:12:14,71.8,0,0,0,29,34,255,0,0
20:12:15,70.9,0,0,0,29,34,255,0,0
20:12:16,68.8,0,0,0,29,34,255,0,0
20:12:17,68.6,0,0,0,29,34,255,0,0
20:12:18,68.8,0,0,0,29,34,255,0,0
20:12:19,71.3,0,0,0,29,34,255,0,0
20:12:20,72.1,0,0,0,29,34,255,0,0
20:12:21,72.1,694,139,0,29,34,255,0,0
20:12:22,69.8,750,138,0,29,34,255,0,0
20:12:23,69.4,750,138,0,29,34,255,0,0
20:12:24,69.7,750,138,0,29,34,255,0,0
20:12:25,70.1,764,136,0,29,34,255,0,0
20:12:26,73.2,796,142,0,29,34,255,0,0
20:12:27,73.2,796,142,0,29,34,255,0,0
20:12:28,72.4,796,142,0,29,34,255,0,0
20:12:29,69.9,796,142,0,29,34,255,0,0
20:12:30,68.2,605,139,0,29,34,255,0,0
20:12:31,66.3,1,130,0,29,34,255,0,0
20:12:32,64.8,1,130,0,29,34,255,0,0
20:12:33,54.4,187,126,0,29,34,255,0,0
20:12:34,49.6,341,104,0,29,34,255,0,0
20:12:35,49.6,160,96,0,29,34,255,0,0
20:12:36,49.8,106,97,0,29,34,255,0,0
20:12:37,49.2,89,96,0,29,36,255,0,0
20:12:38,48.7,72,96,0,29,36,255,0,0
20:12:39,48,72,96,0,29,36,255,0,0
20:12:40,48.2,67,94,0,29,36,255,0,0
20:12:41,48.7,35,95,0,29,36,255,0,0
20:12:42,48.7,0,94,0,29,36,255,0,0
20:12:43,47.9,0,93,0,29,36,255,0,0
20:12:44,47.1,0,92,0,29,36,255,0,0
20:12:45,45.7,0,91,0,29,34,255,0,0
20:12:46,45.1,0,91,0,29,34,255,0,0
20:12:47,44.4,6,87,0,29,34,255,0,0
20:12:48,43.2,1,85,0,29,34,255,0,0
20:12:49,42.9,1,85,0,29,34,255,0,0
20:12:50,42.6,49,83,0,29,34,255,0,0
20:12:51,43.4,49,83,0,29,34,255,0,0
20:12:52,43.6,125,85,0,29,34,255,0,0
20:12:53,42.6,172,85,0,29,34,255,0,0
20:12:54,40.7,172,85,0,29,34,255,0,0
20:12:55,38.9,162,78,0,29,34,255,0,0
20:12:56,38.2,116,74,0,29,34,255,0,0
20:12:57,38.6,131,75,0,29,34,255,0,0
20:12:58,38.9,141,76,0,29,34,255,0,0
20:12:59,38.9,178,76,0,29,34,255,0,0
20:13:00,38.6,178,76,0,29,34,255,0,0
20:13:01,37.7,202,75,0,29,34,255,0,0
20:13:02,36.6,202,75,0,29,34,255,0,0
20:13:03,35.1,357,72,0,29,34,255,0,0
20:13:04,35.3,357,72,0,29,34,255,0,0
20:13:05,36.2,301,70,0,29,34,255,0,0
20:13:06,36.2,301,70,0,29,34,255,0,0
20:13:07,36.1,84,70,0,29,34,255,0,0
20:13:08,35.9,84,70,0,29,34,255,0,0
20:13:09,36.7,84,70,0,29,34,255,0,0
20:13:10,39,84,75,0,29,36,255,0,0
20:13:11,40.4,84,79,0,29,36,255,0,0
20:13:12,40.6,20,79,0,29,36,255,0,0
20:13:13,40.3,20,79,0,29,36,255,0,0
20:13:14,39.9,176,78,0,29,36,255,0,0
20:13:15,39.8,325,78,0,29,36,255,0,0
20:13:16,38.5,333,75,0,29,36,255,0,0
20:13:17,38.3,335,75,0,29,36,255,0,0
20:13:18,37.9,312,74,0,29,36,255,0,0
20:13:19,37.9,312,74,0,29,36,255,0,0
20:13:20,37.5,198,74,0,29,36,255,0,0
20:13:21,37.6,92,73,0,29,36,255,0,0
20:13:22,38.8,61,75,0,29,36,255,0,0
20:13:23,41,102,80,0,29,36,255,0,0
20:13:24,42.4,154,82,0,29,36,255,0,0
20:13:25,42.9,0,0,0,29,36,255,0,0
20:13:26,42.1,0,0,0,29,36,255,0,0
20:13:27,41.3,0,0,0,29,36,255,0,0
20:13:28,40.6,0,0,0,29,36,255,0,0
20:13:29,41,0,0,0,29,36,255,0,0
20:13:30,44.7,0,0,0,29,36,255,0,0
20:13:31,47.2,274,92,0,29,36,255,0,0
20:13:32,46.1,274,92,0,29,36,255,0,0
20:13:33,45.4,171,88,0,29,36,255,0,0
20:13:34,45.8,313,89,0,29,36,255,0,0
20:13:35,46.7,313,89,0,29,36,255,0,0
20:13:36,47.1,266,91,0,29,34,255,0,0
20:13:37,49,444,99,0,29,34,255,0,0
20:13:38,56.5,444,99,0,29,34,255,0,0
20:13:39,61,586,118,0,29,34,255,0,0
20:13:40,61.9,860,120,0,29,34,255,0,0
20:13:41,62.6,833,123,0,29,34,255,0,0
20:13:42,62.7,833,123,0,29,34,255,0,0
20:13:43,61.3,0,0,0,29,34,255,0,0
20:13:44,60.6,0,0,0,29,34,255,0,0
20:13:45,59.7,0,0,0,29,34,255,0,0
20:13:46,59.5,0,0,0,29,34,255,0,0
20:13:47,60.1,0,0,0,29,34,255,0,0
20:13:48,60.4,0,0,0,29,34,255,0,0
20:13:49,61,0,0,0,29,34,255,0,0
20:13:50,61,464,119,0,29,34,255,0,0
20:13:51,60.8,464,119,0,29,34,255,0,0
20:13:52,59.7,464,119,0,29,34,255,0,0
20:13:53,59.4,464,119,0,29,34,255,0,0
20:13:54,59.5,184,116,0,29,34,255,0,0
20:13:55,59.8,219,116,0,29,34,255,0,0
20:13:56,59.6,142,117,0,29,34,255,0,0
20:13:57,58,142,117,0,29,34,255,0,0
20:13:58,57.4,216,113,0,29,34,255,0,0
20:13:59,57.3,202,112,0,29,34,255,0,0
20:14:00,56.3,71,110,0,29,34,255,0,0
20:14:01,56.6,71,110,0,29,34,255,0,0
20:14:02,57,329,111,0,29,34,255,0,0
20:14:03,58.4,404,114,0,29,34,255,0,0
20:14:04,59.3,333,115,0,29,34,255,0,0
20:14:05,57.8,333,115,0,29,34,255,0,0
20:14:06,56.6,333,115,0,29,34,255,0,0
20:14:07,57.1,339,112,0,29,34,255,0,0
20:14:08,57.5,512,112,0,29,34,255,0,0
20:14:09,58.5,626,113,0,29,34,255,0,0
20:14:10,58.3,595,114,0,29,34,255,0,0
20:14:11,58.4,675,114,0,29,34,255,0,0
20:14:12,59.6,823,116,0,29,34,255,0,0
20:14:13,60.6,804,118,0,29,34,255,0,0
20:14:14,62,552,120,0,29,34,255,0,0
20:14:15,62.2,552,120,0,29,34,255,0,0
20:14:16,61,88,118,0,29,34,255,0,0
20:14:17,59.4,1,115,0,29,34,255,0,0
20:14:18,58.3,1,115,0,29,34,255,0,0
20:14:19,53.8,282,108,0,29,34,255,0,0
20:14:20,47.2,454,94,0,29,34,255,0,0
20:14:21,47.3,304,92,0,29,34,255,0,0
20:14:22,47.7,304,92,0,29,34,255,0,0
20:14:23,47.7,97,93,0,29,34,255,0,0
20:14:24,47.5,38,93,0,29,34,255,0,0
20:14:25,46.9,34,92,0,29,34,255,0,0
20:14:26,46,34,92,0,29,34,255,0,0
20:14:27,42.9,157,87,0,29,34,255,0,0
20:14:28,38.6,146,78,0,29,34,255,0,0
20:14:29,36.3,132,73,0,29,34,255,0,0
20:14:30,35.6,136,69,0,29,34,255,0,0
20:14:31,35.5,23,69,0,29,34,255,0,0
20:14:32,34.6,23,67,0,29,34,255,0,0
20:14:33,34.4,23,67,0,29,34,255,0,0
20:14:34,36.4,23,68,0,29,34,255,0,0
20:14:35,37.9,23,72,0,29,34,255,0,0
20:14:36,38.3,23,74,0,29,36,255,0,0
20:14:37,38,23,74,0,29,36,255,0,0
20:14:38,37.6,88,74,0,29,36,255,0,0
20:14:39,36.4,183,72,0,29,36,255,0,0
20:14:40,35.3,260,70,0,29,36,255,0,0
20:14:41,33.1,414,66,0,29,36,255,0,0
20:14:42,32.5,414,66,0,29,36,255,0,0
20:14:43,33,414,66,0,29,36,255,0,0
20:14:44,33.8,312,64,0,29,36,255,0,0
20:14:45,33.9,312,64,0,29,36,255,0,0
20:14:46,35.7,342,67,0,29,36,255,0,0
20:14:47,38.4,482,73,0,29,36,255,0,0
20:14:48,43.1,482,73,0,29,36,255,0,0
20:14:49,45.7,544,88,0,29,36,255,0,0
20:14:50,48.1,632,94,0,29,36,255,0,0
20:14:51,49.7,734,96,0,29,36,255,0,0
20:14:52,49.9,617,97,0,29,36,255,0,0
20:14:53,49.9,795,97,0,29,36,255,0,0
20:14:54,52.8,775,99,0,29,36,255,0,0
20:14:55,59.9,885,116,0,29,36,255,0,0
20:14:56,67,886,131,0,29,36,255,0,0
20:14:57,67.8,886,131,0,29,36,255,0,0
20:14:58,67.3,886,131,0,29,36,255,0,0
20:14:59,67.5,886,131,0,29,36,255,0,0
20:15:00,67.9,543,132,0,29,36,255,0,0
20:15:01,69.2,543,132,0,29,36,255,0,0
20:15:02,68.8,345,135,0,29,36,255,0,0
20:15:03,68.5,246,133,0,29,36,255,0,0
20:15:04,64.9,246,133,0,29,34,255,0,0
20:15:05,63.5,246,133,0,29,34,255,0,0
20:15:06,62.8,107,124,0,29,34,255,0,0
20:15:07,62.4,107,124,0,29,34,255,0,0
20:15:08,62.3,285,121,0,29,34,255,0,0
20:15:09,63.1,342,123,0,29,34,255,0,0
20:15:10,64.1,342,123,0,29,34,255,0,0
20:15:11,63.6,364,124,0,29,34,255,0,0
20:15:12,61.5,364,124,0,29,34,255,0,0
20:15:13,61,364,124,0,29,34,255,0,0
20:15:14,61.4,364,124,0,29,34,255,0,0
20:15:15,61.4,215,120,0,29,34,255,0,0
20:15:16,63.3,408,123,0,29,34,255,0,0
20:15:17,63.9,512,124,0,29,34,255,0,0
20:15:18,63.4,659,125,0,29,34,255,0,0
20:15:19,61.1,453,123,0,29,34,255,0,0
20:15:20,60.6,49,119,0,29,34,255,0,0
20:15:21,60.5,360,118,0,29,34,255,0,0
20:15:22,62.5,398,120,0,29,34,255,0,0
20:15:23,63.7,336,124,0,29,34,255,0,0
20:15:24,63.4,274,124,0,29,34,255,0,0
20:15:25,62.5,425,123,0,29,34,255,0,0
20:15:26,60.1,425,123,0,29,34,255,0,0
20:15:27,59.6,354,118,0,29,34,255,0,0
20:15:28,59,354,118,0,29,34,255,0,0
20:15:29,58.8,355,115,0,29,34,255,0,0
20:15:30,58.7,355,115,0,29,34,255,0,0
20:15:31,58.7,271,114,0,29,34,255,0,0
20:15:32,57.5,507,114,0,29,34,255,0,0
20:15:33,57.5,507,114,0,29,34,255,0,0
20:15:34,48.2,299,95,0,29,34,255,0,0
20:15:35,47.4,34,93,0,29,34,255,0,0
20:15:36,46.7,34,91,0,29,34,255,0,0
20:15:37,45.8,34,90,0,29,34,255,0,0
20:15:38,45,34,88,0,29,34,255,0,0
20:15:39,44.6,34,87,0,29,34,255,0,0
20:15:40,43.8,34,87,0,29,34,255,0,0
20:15:41,42.4,34,85,0,29,34,255,0,0
20:15:42,40,45,82,0,29,34,255,0,0
20:15:43,35.6,46,74,0,29,34,255,0,0
20:15:44,33.5,46,66,0,29,34,255,0,0
20:15:45,33.6,4,65,0,29,34,255,0,0
20:15:46,34,37,66,0,29,34,255,0,0
20:15:47,35.2,101,68,0,29,34,255,0,0
20:15:48,35.8,204,69,0,29,34,255,0,0
20:15:49,35.8,204,69,0,29,34,255,0,0
20:15:50,35.2,317,70,0,29,34,255,0,0
20:15:51,34.3,386,69,0,29,34,255,0,0
20:15:52,32.8,386,69,0,29,34,255,0,0
20:15:53,33.2,0,0,0,29,34,255,0,0
20:15:54,33.9,0,0,0,29,34,255,0,0
20:15:55,34.3,0,0,0,29,34,255,0,0
20:15:56,34,74,66,0,29,34,255,0,0
20:15:57,33.5,60,65,0,29,34,255,0,0
20:15:58,34.3,60,65,0,29,34,255,0,0
20:15:59,37.5,2,70,0,29,36,255,0,0
20:16:00,39.7,2,70,0,29,36,255,0,0
20:16:01,40,2,77,0,29,36,255,0,0
20:16:02,40.4,91,79,0,29,36,255,0,0
20:16:03,39.8,91,79,0,29,36,255,0,0
20:16:04,39.5,481,77,0,29,36,255,0,0
20:16:05,38.7,481,77,0,29,36,255,0,0
20:16:06,38.9,512,75,0,29,36,255,0,0
20:16:07,41.2,512,75,0,29,36,255,0,0
20:16:08,42.8,472,80,0,29,36,255,0,0
20:16:09,44.4,543,84,0,29,36,255,0,0
20:16:10,46.4,543,84,0,29,36,255,0,0
20:16:11,48.2,543,84,0,29,36,255,0,0
20:16:12,49.7,395,94,0,29,36,255,0,0
20:16:13,50.8,395,94,0,29,36,255,0,0
20:16:14,50.4,441,99,0,29,36,255,0,0
20:16:15,58,749,111,0,29,36,255,0,0
20:16:16,61.3,850,120,0,29,36,255,0,0
20:16:17,61.8,874,120,0,29,36,255,0,0
20:16:18,62.8,874,120,0,29,36,255,0,0
20:16:19,63.3,840,122,0,29,36,255,0,0
20:16:20,63.6,831,125,0,29,36,255,0,0
20:16:21,64.5,757,126,0,29,34,255,0,0
20:16:22,64.4,650,126,0,29,34,255,0,0
20:16:23,64.7,650,126,0,29,34,255,0,0
20:16:24,63.4,532,124,0,29,34,255,0,0
20:16:25,63.1,532,124,0,29,34,255,0,0
20:16:26,62.8,337,123,0,29,34,255,0,0
20:16:27,62.8,337,123,0,29,34,255,0,0
20:16:28,61.3,337,123,0,29,34,255,0,0
20:16:29,60.7,283,120,0,29,34,255,0,0
20:16:30,60.5,283,120,0,29,34,255,0,0
20:16:31,61.1,283,120,0,29,34,255,0,0
20:16:32,61.1,339,118,0,29,34,255,0,0
20:16:33,60.7,339,118,0,29,34,255,0,0
20:16:34,59.6,362,116,0,29,34,255,0,0
20:16:35,58.9,362,116,0,29,34,255,0,0
20:16:36,59,562,115,0,29,34,255,0,0
20:16:37,59.1,439,115,0,29,34,255,0,0
20:16:38,59.7,432,116,0,29,34,255,0,0
20:16:39,60.8,397,119,0,29,34,255,0,0
20:16:40,60.7,397,119,0,29,34,255,0,0
20:16:41,60.1,418,118,0,29,34,255,0,0
20:16:42,57.9,418,118,0,29,34,255,0,0
20:16:43,57.1,420,113,0,29,34,255,0,0
20:16:44,56.7,486,111,0,29,34,255,0,0
20:16:45,56,437,110,0,29,34,255,0,0
20:16:46,56.2,401,109,0,29,34,255,0,0
20:16:47,55.7,401,109,0,29,34,255,0,0
20:16:48,55.8,394,109,0,29,34,255,0,0
20:16:49,56.6,421,110,0,29,34,255,0,0
20:16:50,56.1,384,110,0,29,34,255,0,0
20:16:51,55.4,402,108,0,29,34,255,0,0
20:16:52,55.3,395,108,0,29,34,255,0,0
20:16:53,55.2,379,108,0,29,34,255,0,0
20:16:54,55,1,107,0,29,34,255,0,0
20:16:55,55,54,107,0,29,34,255,0,0
20:16:56,55,418,107,0,29,34,255,0,0
20:16:57,49.7,467,102,0,29,34,255,0,0
20:16:58,45.6,345,90,0,29,34,255,0,0
20:16:59,45.2,100,89,0,29,34,255,0,0
20:17:00,44,30,86,0,29,34,255,0,0
20:17:01,43.8,25,85,0,29,34,255,0,0
20:17:02,43.1,0,0,0,29,34,255,0,0
20:17:03,42.9,0,0,0,29,34,255,0,0
20:17:04,42.5,0,0,0,29,34,255,0,0
20:17:05,40.4,0,0,0,29,34,255,0,0
20:17:06,36.4,0,0,0,29,34,255,0,0
20:17:07,34.7,0,0,0,29,34,255,0,0
20:17:08,34.3,0,0,0,29,34,255,0,0
20:17:09,34.3,135,67,0,29,34,255,0,0
20:17:10,34.6,80,67,0,29,34,255,0,0
20:17:11,36.7,89,71,0,29,34,255,0,0
20:17:12,38.9,89,71,0,29,34,255,0,0
20:17:13,40.9,278,78,0,29,34,255,0,0
20:17:14,41.8,278,78,0,29,34,255,0,0
20:17:15,42.5,377,82,0,29,34,255,0,0
20:17:16,42.6,377,82,0,29,34,255,0,0
20:17:17,42,403,83,0,29,34,255,0,0
20:17:18,40.7,366,79,0,29,34,255,0,0
20:17:19,41.3,496,81,0,29,34,255,0,0
20:17:20,44.9,473,86,0,29,34,255,0,0
20:17:21,47.4,475,91,0,29,34,255,0,0
20:17:22,48.3,399,93,0,29,34,255,0,0
20:17:23,48.2,290,94,0,29,34,255,0,0
20:17:24,48.3,290,94,0,29,34,255,0,0
20:17:25,48.2,347,94,0,29,34,255,0,0
20:17:26,47.7,347,94,0,29,34,255,0,0
20:17:27,47.5,347,94,0,29,34,255,0,0
20:17:28,46.3,347,94,0,29,34,255,0,0
20:17:29,45.3,482,90,0,29,34,255,0,0
20:17:30,45,482,90,0,29,34,255,0,0
20:17:31,45.1,441,88,0,29,34,255,0,0
20:17:32,48,470,91,0,29,34,255,0,0
20:17:33,52.7,603,100,0,29,34,255,0,0
20:17:34,54.9,603,100,0,29,34,255,0,0
20:17:35,56.2,764,106,0,29,34,255,0,0
20:17:36,57.8,764,106,0,29,36,255,0,0
20:17:37,67,732,119,0,29,36,255,0,0
20:17:38,69.7,732,119,0,29,36,255,0,0
20:17:39,71,732,119,0,29,36,255,0,0
20:17:40,70.1,849,138,0,29,36,255,0,0
20:17:41,67.7,849,138,0,29,36,255,0,0
20:17:42,67.2,849,138,0,29,36,255,0,0
20:17:43,66.3,355,132,0,29,36,255,0,0
20:17:44,67.5,302,132,0,29,36,255,0,0
20:17:45,67.6,380,132,0,29,36,255,0,0
20:17:46,66.5,380,132,0,29,36,255,0,0
20:17:47,65.4,287,130,0,29,36,255,0,0
20:17:48,64.1,287,130,0,29,36,255,0,0
20:17:49,63.7,218,125,0,29,36,255,0,0
20:17:50,63.2,415,124,0,29,36,255,0,0
20:17:51,63,412,123,0,29,36,255,0,0
20:17:52,62.7,479,122,0,29,34,255,0,0
20:17:53,64,585,125,0,29,34,255,0,0
20:17:54,64.7,585,125,0,29,34,255,0,0
20:17:55,63.1,0,0,0,29,34,255,0,0
20:17:56,63,0,0,0,29,34,255,0,0
20:17:57,63.1,0,0,0,29,34,255,0,0
20:17:58,65.1,0,0,0,29,34,255,0,0
20:17:59,66.4,559,130,0,29,34,255,0,0
20:18:00,66.7,559,130,0,29,34,255,0,0
20:18:01,65.6,559,130,0,29,34,255,0,0
20:18:02,63.8,555,127,0,29,34,255,0,0
20:18:03,63.6,555,127,0,29,34,255,0,0
20:18:04,64,555,127,0,29,34,255,0,0
20:18:05,66.1,488,125,0,29,34,255,0,0
20:18:06,67,388,130,0,29,34,255,0,0
20:18:07,66.5,386,129,0,29,34,255,0,0
20:18:08,65,359,126,0,29,34,255,0,0
20:18:09,63.1,255,123,0,29,34,255,0,0
20:18:10,63.3,352,123,0,29,34,255,0,0
20:18:11,62.9,274,118,0,29,34,255,0,0
20:18:12,53.5,274,118,0,29,34,255,0,0
20:18:13,51.3,192,101,0,29,34,255,0,0
20:18:14,49.5,57,97,0,29,34,255,0,0
20:18:15,46,57,97,0,29,34,255,0,0
20:18:16,42.1,57,97,0,29,34,255,0,0
20:18:17,40.8,57,84,0,29,34,255,0,0
20:18:18,41.5,57,81,0,29,34,255,0,0
20:18:19,41.7,45,81,0,29,34,255,0,0
20:18:20,41.5,61,81,0,29,34,255,0,0
20:18:21,40.5,137,80,0,29,34,255,0,0
20:18:22,39.5,240,77,0,29,34,255,0,0
20:18:23,36.8,282,72,0,29,34,255,0,0
20:18:24,35,282,72,0,29,34,255,0,0
20:18:25,34.8,255,68,0,29,34,255,0,0
20:18:26,34.7,183,68,0,29,34,255,0,0
20:18:27,34.7,108,68,0,29,36,255,0,0
20:18:28,34.3,9,66,0,29,36,255,0,0
20:18:29,33.7,9,66,0,29,36,255,0,0
20:18:30,35.6,9,67,0,29,36,255,0,0
20:18:31,39.1,9,75,0,29,36,255,0,0
20:18:32,40.6,52,79,0,29,36,255,0,0
20:18:33,41.3,145,80,0,29,36,255,0,0
20:18:34,40.7,145,80,0,29,36,255,0,0
20:18:35,39.5,177,79,0,29,36,255,0,0
20:18:36,38,322,74,0,29,36,255,0,0
20:18:37,35.2,313,69,0,29,36,255,0,0
20:18:38,35,336,68,0,29,36,255,0,0
20:18:39,35.9,336,68,0,29,36,255,0,0
20:18:40,36.3,295,70,0,29,36,255,0,0
20:18:41,36.6,242,71,0,29,36,255,0,0
20:18:42,37,222,72,0,29,36,255,0,0
20:18:43,39.4,323,76,0,29,36,255,0,0
20:18:44,43.9,262,85,0,29,36,255,0,0
20:18:45,45.3,179,89,0,29,36,255,0,0
20:18:46,46.2,179,89,0,29,36,255,0,0
20:18:47,47.3,0,0,0,29,36,255,0,0
20:18:48,48.2,0,0,0,29,36,255,0,0
20:18:49,49.5,0,0,0,29,36,255,0,0
20:18:50,52.9,0,0,0,29,36,255,0,0
20:18:51,64,873,121,0,29,36,255,0,0
20:18:52,64,873,121,0,29,36,255,0,0
20:18:53,61.2,873,121,0,29,36,255,0,0
20:18:54,59.6,1,122,0,29,34,255,0,0
20:18:55,58.7,97,115,0,29,34,255,0,0
20:18:56,58.6,97,115,0,29,34,255,0,0
20:18:57,59.6,651,115,0,29,34,255,0,0
20:18:58,61.3,651,115,0,29,34,255,0,0
20:18:59,62.3,737,120,0,29,34,255,0,0
20:19:00,62.6,737,120,0,29,34,255,0,0
20:19:01,62,0,0,0,29,34,255,0,0
20:19:02,61.9,0,0,0,29,34,255,0,0
20:19:03,62,0,0,0,29,34,255,0,0
20:19:04,63.3,0,0,0,29,34,255,0,0
20:19:05,64.7,422,124,0,29,34,255,0,0
20:19:06,64.5,366,126,0,29,34,255,0,0
20:19:07,62,2,122,0,29,34,255,0,0
20:19:08,59.9,160,116,0,29,34,255,0,0
20:19:09,59.2,202,115,0,29,34,255,0,0
20:19:10,59,340,115,0,29,34,255,0,0
20:19:11,59.8,340,115,0,29,34,255,0,0
20:19:12,60.8,0,0,0,29,34,255,0,0
20:19:13,61.3,0,0,0,29,34,255,0,0
20:19:14,61.6,0,0,0,29,34,255,0,0
20:19:15,60.1,0,0,0,29,34,255,0,0
20:19:16,58.5,0,0,0,29,34,255,0,0
20:19:17,58.6,0,0,0,29,34,255,0,0
20:19:18,57.9,567,113,0,29,34,255,0,0
20:19:19,57.1,567,113,0,29,34,255,0,0
20:19:20,56.9,514,112,0,29,34,255,0,0
20:19:21,57.5,514,112,0,29,34,255,0,0
20:19:22,57,208,112,0,29,34,255,0,0
20:19:23,56.4,330,110,0,29,34,255,0,0
20:19:24,56.2,330,110,0,29,34,255,0,0
20:19:25,56,458,109,0,29,34,255,0,0
20:19:26,55.8,458,109,0,29,34,255,0,0
20:19:27,56.5,458,109,0,29,34,255,0,0
20:19:28,57.1,504,110,0,29,34,255,0,0
20:19:29,57.2,504,110,0,29,34,255,0,0
20:19:30,57.6,504,110,0,29,34,255,0,0
20:19:31,58.7,504,110,0,29,34,255,0,0
20:19:32,58.9,594,113,0,29,34,255,0,0
20:19:33,55,368,110,0,29,34,255,0,0
20:19:34,48.2,368,110,0,29,34,255,0,0
20:19:35,47.8,135,94,0,29,34,255,0,0
20:19:36,48.4,135,94,0,29,34,255,0,0
20:19:37,47.5,135,94,0,29,34,255,0,0
20:19:38,46.6,135,91,0,29,34,255,0,0
20:19:39,45.7,135,89,0,29,34,255,0,0
20:19:40,44.7,135,87,0,29,34,255,0,0
20:19:41,43.5,135,83,0,29,34,255,0,0
20:19:42,41.8,135,82,0,29,34,255,0,0
20:19:43,40.8,135,82,0,29,34,255,0,0
20:19:44,39.7,135,78,0,29,34,255,0,0
20:19:45,38.6,135,78,0,29,34,255,0,0
20:19:46,37.6,135,75,0,29,34,255,0,0
20:19:47,37.3,135,73,0,29,34,255,0,0
20:19:48,37,135,73,0,29,34,255,0,0
20:19:49,36.7,45,72,0,29,34,255,0,0
20:19:50,35.5,45,72,0,29,34,255,0,0
20:19:51,32.8,124,66,0,29,34,255,0,0
20:19:52,31.8,124,66,0,29,34,255,0,0
20:19:53,32.6,186,62,0,29,34,255,0,0
20:19:54,34.9,351,64,0,29,34,255,0,0
20:19:55,36.8,351,64,0,29,34,255,0,0
20:19:56,37.9,428,70,0,29,34,255,0,0
20:19:57,38.6,428,70,0,29,34,255,0,0
20:19:58,40.1,428,70,0,29,34,255,0,0
20:19:59,41.8,549,77,0,29,34,255,0,0
20:20:00,43,632,83,0,29,34,255,0,0
20:20:01,45.6,638,87,0,29,34,255,0,0
20:20:02,46.8,637,91,0,29,34,255,0,0
20:20:03,47.9,589,93,0,29,34,255,0,0
20:20:04,48.5,589,93,0,29,34,255,0,0
20:20:05,49.1,589,93,0,29,34,255,0,0
20:20:06,49.9,543,95,0,29,34,255,0,0
20:20:07,50.2,543,95,0,29,34,255,0,0
20:20:08,49.8,543,95,0,29,34,255,0,0
20:20:09,48,415,96,0,29,34,255,0,0
20:20:10,46.2,561,90,0,29,34,255,0,0
20:20:11,47.5,561,90,0,29,34,255,0,0
20:20:12,47,276,92,0,29,34,255,0,0
20:20:13,45.7,276,92,0,29,34,255,0,0
20:20:14,48.1,244,90,0,29,34,255,0,0
20:20:15,49.1,269,95,0,29,36,255,0,0
20:20:16,49.6,130,97,0,29,36,255,0,0
20:20:17,49.5,219,97,0,29,36,255,0,0
20:20:18,50.3,219,97,0,29,36,255,0,0
20:20:19,52.4,482,98,0,29,36,255,0,0
20:20:20,58.4,722,106,0,29,36,255,0,0
20:20:21,64.9,817,122,0,29,36,255,0,0
20:20:22,65.6,817,122,0,29,36,255,0,0
20:20:23,64.5,697,127,0,29,34,255,0,0
20:20:24,63.5,697,127,0,29,34,255,0,0
20:20:25,61.8,56,123,0,29,34,255,0,0
20:20:26,61.6,56,123,0,29,34,255,0,0
20:20:27,62.1,0,0,0,29,34,255,0,0
20:20:28,61.8,0,0,0,29,34,255,0,0
20:20:29,61.9,0,0,0,29,34,255,0,0
20:20:30,61.6,0,0,0,29,34,255,0,0
20:20:31,60.8,0,0,0,29,34,255,0,0
20:20:32,60.4,305,118,0,29,34,255,0,0
20:20:33,60.2,305,118,0,29,34,255,0,0
20:20:34,61.6,305,118,0,29,34,255,0,0
20:20:35,61.4,121,120,0,29,34,255,0,0
20:20:36,59.5,13,117,0,29,34,255,0,0
20:20:37,57.7,187,113,0,29,34,255,0,0
20:20:38,57.4,366,111,0,29,34,255,0,0
20:20:39,57.3,366,111,0,29,34,255,0,0
20:20:40,57.9,366,111,0,29,34,255,0,0
20:20:41,59.1,366,111,0,29,34,255,0,0
20:20:42,60.7,499,113,0,29,34,255,0,0
20:20:43,60.2,499,113,0,29,34,255,0,0
20:20:44,59.3,407,117,0,29,34,255,0,0
20:20:45,58.9,428,115,0,29,34,255,0,0
20:20:46,58,428,115,0,29,34,255,0,0
20:20:47,57.3,0,0,0,29,34,255,0,0
20:20:48,57.2,0,0,0,29,34,255,0,0
20:20:49,56.2,0,0,0,29,34,255,0,0
20:20:50,55,0,0,0,29,34,255,0,0
20:20:51,55.5,0,0,0,29,34,255,0,0
20:20:52,57.8,534,113,0,29,34,255,0,0
20:20:53,59.5,530,115,0,29,34,255,0,0
20:20:54,58.6,115,113,0,29,34,255,0,0
20:20:55,55.2,1,108,0,29,34,255,0,0
20:20:56,53.7,1,105,0,29,34,255,0,0
20:20:57,52,1,102,0,29,34,255,0,0
20:20:58,51.6,1,102,0,29,34,255,0,0
20:20:59,52.4,129,101,0,29,34,255,0,0
20:21:00,52.8,470,103,0,29,34,255,0,0
20:21:01,52.7,520,103,0,29,34,255,0,0
20:21:02,52.4,362,102,0,29,34,255,0,0
20:21:03,52.7,681,103,0,29,34,255,0,0
20:21:04,53.8,653,105,0,29,34,255,0,0
20:21:05,54.4,594,106,0,29,34,255,0,0
20:21:06,54.7,594,106,0,29,34,255,0,0
20:21:07,52.1,363,107,0,29,34,255,0,0
20:21:08,46.4,293,93,0,29,34,255,0,0
20:21:09,45.9,49,90,0,29,34,255,0,0
20:21:10,45.1,5,88,0,29,34,255,0,0
20:21:11,43.7,5,86,0,29,34,255,0,0
20:21:12,42.5,5,86,0,29,34,255,0,0
20:21:13,42.2,5,83,0,29,34,255,0,0
20:21:14,41.6,17,82,0,29,34,255,0,0
20:21:15,40.9,34,80,0,29,34,255,0,0
20:21:16,40.8,34,80,0,29,34,255,0,0
20:21:17,41.2,34,80,0,29,34,255,0,0
20:21:18,40.5,34,79,0,29,34,255,0,0
20:21:19,39.7,34,78,0,29,34,255,0,0
20:21:20,38.7,30,76,0,29,34,255,0,0
20:21:21,37.2,30,76,0,29,34,255,0,0
20:21:22,35,61,69,0,29,34,255,0,0
20:21:23,33.7,61,69,0,29,34,255,0,0
20:21:24,33.6,72,66,0,29,34,255,0,0
20:21:25,34.3,127,66,0,29,34,255,0,0
20:21:26,34.9,206,67,0,29,34,255,0,0
20:21:27,35.4,243,68,0,29,34,255,0,0
20:21:28,34.9,257,69,0,29,34,255,0,0
20:21:29,34.6,312,68,0,29,34,255,0,0
20:21:30,33.1,312,68,0,29,34,255,0,0
20:21:31,33.1,312,68,0,29,34,255,0,0
20:21:32,33.7,374,65,0,29,34,255,0,0
20:21:33,34.7,243,67,0,29,34,255,0,0
20:21:34,34.9,171,68,0,29,34,255,0,0
20:21:35,34.5,83,68,0,29,34,255,0,0
20:21:36,34,83,66,0,29,34,255,0,0
20:21:37,35.2,83,66,0,29,34,255,0,0
20:21:38,35.2,83,71,0,29,36,255,0,0
20:21:39,38.4,83,75,0,29,36,255,0,0
20:21:40,38.7,4,75,0,29,36,255,0,0
20:21:41,38.4,4,75,0,29,36,255,0,0
20:21:42,37.3,221,74,0,29,36,255,0,0
20:21:43,36.3,221,74,0,29,36,255,0,0
20:21:44,34.1,445,72,0,29,36,255,0,0
20:21:45,34.1,445,72,0,29,36,255,0,0
20:21:46,34.7,278,67,0,29,36,255,0,0
20:21:47,34.2,98,66,0,29,36,255,0,0
20:21:48,33.3,70,65,0,29,36,255,0,0
20:21:49,33.2,70,65,0,29,36,255,0,0
20:21:50,35.8,112,67,0,29,36,255,0,0
20:21:51,39.2,238,73,0,29,36,255,0,0
20:21:52,42.7,238,73,0,29,36,255,0,0
20:21:53,45.6,304,85,0,29,36,255,0,0
20:21:54,47.5,768,92,0,29,36,255,0,0
20:21:55,49.3,793,95,0,29,36,255,0,0
20:21:56,54.6,795,102,0,29,36,255,0,0
20:21:57,62.6,692,120,0,29,36,255,0,0
20:21:58,62.8,593,123,0,29,36,255,0,0
20:21:59,63.1,554,123,0,29,36,255,0,0
20:22:00,62.4,554,123,0,29,36,255,0,0
20:22:01,60.8,357,119,0,29,36,255,0,0
20:22:02,60.5,357,119,0,29,36,255,0,0
20:22:03,61,430,118,0,29,36,255,0,0
20:22:04,62.8,435,122,0,29,36,255,0,0
20:22:05,63.2,540,123,0,29,36,255,0,0
20:22:06,63.1,0,0,0,29,36,255,0,0
20:22:07,61.7,0,0,0,29,36,255,0,0
20:22:08,60.7,0,0,0,29,36,255,0,0
20:22:09,60.7,0,0,0,29,36,255,0,0
20:22:10,60.5,0,0,0,29,36,255,0,0
20:22:11,62.6,0,0,0,29,36,255,0,0
20:22:12,63.2,0,0,0,29,36,255,0,0
20:22:13,63.3,0,0,0,29,34,255,0,0
20:22:14,62.8,649,122,0,29,34,255,0,0
20:22:15,62.8,649,122,0,29,34,255,0,0
20:22:16,61,649,122,0,29,34,255,0,0
20:22:17,60.9,649,122,0,29,34,255,0,0
20:22:18,62.4,591,119,0,29,34,255,0,0
20:22:19,64.1,730,125,0,29,34,255,0,0
20:22:20,64.9,730,125,0,29,34,255,0,0
20:22:21,65.3,829,126,0,29,34,255,0,0
20:22:22,63.4,803,123,0,29,34,255,0,0
20:22:23,63.2,803,123,0,29,34,255,0,0
20:22:24,63.9,803,123,0,29,34,255,0,0
20:22:25,64.2,842,126,0,29,34,255,0,0
20:22:26,67.5,842,126,0,29,34,255,0,0
20:22:27,68.3,896,132,0,29,34,255,0,0
20:22:28,67.8,896,132,0,29,34,255,0,0
20:22:29,66,896,132,0,29,34,255,0,0
20:22:30,65.6,630,129,0,29,34,255,0,0
20:22:31,61.9,281,119,0,29,34,255,0,0
20:22:32,52.2,456,103,0,29,34,255,0,0
20:22:33,51.7,185,101,0,29,34,255,0,0
20:22:34,50.9,17,100,0,29,34,255,0,0
20:22:35,50.4,17,100,0,29,34,255,0,0
20:22:36,48.6,6,95,0,29,34,255,0,0
20:22:37,47,10,92,0,29,34,255,0,0
20:22:38,46.3,10,92,0,29,34,255,0,0
20:22:39,45.9,42,90,0,29,34,255,0,0
20:22:40,45.4,42,90,0,29,34,255,0,0
20:22:41,45,31,88,0,29,34,255,0,0
20:22:42,45.2,17,88,0,29,34,255,0,0
20:22:43,44.6,30,88,0,29,34,255,0,0
20:22:44,43.6,29,85,0,29,34,255,0,0
20:22:45,43.4,29,85,0,29,34,255,0,0
20:22:46,43.3,29,85,0,29,34,255,0,0
20:22:47,42,1,83,0,29,34,255,0,0
20:22:48,41.4,1,83,0,29,34,255,0,0
20:22:49,40.9,0,0,0,29,34,255,0,0
20:22:50,40.4,0,0,0,29,34,255,0,0
20:22:51,38.9,0,0,0,29,34,255,0,0
20:22:52,37.2,314,71,0,29,34,255,0,0
20:22:53,34.4,324,66,0,29,34,255,0,0
20:22:54,33.1,327,64,0,29,34,255,0,0
20:22:55,33.6,278,65,0,29,34,255,0,0
20:22:56,34.8,200,68,0,29,34,255,0,0
20:22:57,35.5,131,69,0,29,34,255,0,0
20:22:58,35.8,72,69,0,29,34,255,0,0
20:22:59,36.4,72,69,0,29,34,255,0,0
20:23:00,37.6,72,69,0,29,36,255,0,0
20:23:01,38.8,31,71,0,29,36,255,0,0
20:23:02,39.9,102,76,0,29,36,255,0,0
20:23:03,40,123,78,0,29,36,255,0,0
20:23:04,39.2,135,77,0,29,36,255,0,0
20:23:05,37.9,249,75,0,29,36,255,0,0
20:23:06,35.7,336,71,0,29,36,255,0,0
20:23:07,33.2,344,66,0,29,36,255,0,0
20:23:08,33.9,344,66,0,29,36,255,0,0
20:23:09,35,344,66,0,29,36,255,0,0
20:23:10,35.5,226,68,0,29,36,255,0,0
20:23:11,35.8,226,68,0,29,36,255,0,0
20:23:12,36.1,108,70,0,29,36,255,0,0
20:23:13,37.9,94,71,0,29,36,255,0,0
20:23:14,41.2,50,77,0,29,36,255,0,0
20:23:15,42.8,51,82,0,29,36,255,0,0
20:23:16,43,20,84,0,29,36,255,0,0
20:23:17,42.5,209,83,0,29,36,255,0,0
20:23:18,42.8,265,83,0,29,36,255,0,0
20:23:19,42.7,371,84,0,29,36,255,0,0
20:23:20,42.4,436,83,0,29,36,255,0,0
20:23:21,45.6,510,87,0,29,36,255,0,0
20:23:22,53.8,370,98,0,29,36,255,0,0
20:23:23,54.2,138,106,0,29,36,255,0,0
20:23:24,53.6,414,104,0,29,36,255,0,0
20:23:25,53.6,494,104,0,29,36,255,0,0
20:23:26,53.9,239,105,0,29,36,255,0,0
20:23:27,53.5,106,104,0,29,36,255,0,0
20:23:28,53.6,106,104,0,29,36,255,0,0
20:23:29,53.7,186,104,0,29,36,255,0,0
20:23:30,53.9,182,105,0,29,36,255,0,0
20:23:31,53.2,21,104,0,29,36,255,0,0
20:23:32,51.8,21,104,0,29,36,255,0,0
20:23:33,51.4,153,101,0,29,36,255,0,0
20:23:34,51,256,99,0,29,36,255,0,0
20:23:35,51.4,256,99,0,29,36,255,0,0
20:23:36,52.5,492,101,0,29,36,255,0,0
20:23:37,53.4,492,101,0,29,36,255,0,0
20:23:38,53.9,618,104,0,29,34,255,0,0
20:23:39,53.7,618,104,0,29,34,255,0,0
20:23:40,53.9,328,105,0,29,34,255,0,0
20:23:41,53.6,328,105,0,29,34,255,0,0
20:23:42,53.3,89,104,0,29,34,255,0,0
20:23:43,52.7,89,104,0,29,34,255,0,0
20:23:44,52,11,103,0,29,34,255,0,0
20:23:45,51.4,130,101,0,29,34,255,0,0
20:23:46,51.6,130,101,0,29,34,255,0,0
20:23:47,51.7,314,101,0,29,34,255,0,0
20:23:48,52.5,314,101,0,29,34,255,0,0
20:23:49,53.5,554,103,0,29,34,255,0,0
20:23:50,53.8,680,104,0,29,34,255,0,0
20:23:51,55.4,680,104,0,29,34,255,0,0
20:23:52,57.1,680,104,0,29,34,255,0,0
20:23:53,57.4,753,110,0,29,34,255,0,0
20:23:54,58.3,775,112,0,29,34,255,0,0
20:23:55,59.1,775,112,0,29,34,255,0,0
20:23:56,60.2,630,115,0,29,34,255,0,0
20:23:57,61,630,118,0,29,34,255,0,0
20:23:58,61.9,665,119,0,29,34,255,0,0
20:23:59,62.2,781,121,0,29,34,255,0,0
20:24:00,63.1,807,123,0,29,34,255,0,0
20:24:01,63.1,807,123,0,29,34,255,0,0
20:24:02,63.9,0,0,0,29,34,255,0,0
20:24:03,63.2,0,0,0,29,34,255,0,0
20:24:04,63.7,0,0,0,29,34,255,0,0
20:24:05,64.4,0,0,0,29,34,255,0,0
20:24:06,63.6,0,0,0,29,34,255,0,0
20:24:07,62.3,0,0,0,29,34,255,0,0
20:24:08,61.5,263,122,0,29,34,255,0,0
20:24:09,60.8,232,118,0,29,34,255,0,0
20:24:10,61.3,290,119,0,29,36,255,0,0
20:24:11,61.6,304,120,0,29,36,255,0,0
20:24:12,61,344,119,0,29,36,255,0,0
20:24:13,57.4,404,108,0,29,36,255,0,0
20:24:14,48.4,332,93,0,29,36,255,0,0
20:24:15,47.1,159,92,0,29,36,255,0,0
20:24:16,46.8,86,91,0,29,36,255,0,0
20:24:17,46.2,16,91,0,29,36,255,0,0
20:24:18,46.2,16,90,0,29,36,255,0,0
20:24:19,45.7,16,90,0,29,36,255,0,0
20:24:20,45.7,16,89,0,29,36,255,0,0
20:24:21,45.5,9,89,0,29,36,255,0,0
20:24:22,44.8,17,88,0,29,36,255,0,0
20:24:23,44.1,7,87,0,29,36,255,0,0
20:24:24,42.8,7,84,0,29,36,255,0,0
20:24:25,42.3,7,84,0,29,34,255,0,0
20:24:26,41.6,22,81,0,29,34,255,0,0
20:24:27,40.4,22,81,0,29,34,255,0,0
20:24:28,38.1,22,81,0,29,34,255,0,0
20:24:29,36.3,56,76,0,29,34,255,0,0
20:24:30,34.8,56,76,0,29,34,255,0,0
20:24:31,33.6,230,69,0,29,34,255,0,0
20:24:32,33.8,240,65,0,29,34,255,0,0
20:24:33,34.2,120,67,0,29,34,255,0,0
20:24:34,34.9,101,68,0,29,34,255,0,0
20:24:35,35.7,42,69,0,29,34,255,0,0
20:24:36,36.1,42,69,0,29,34,255,0,0
20:24:37,38.2,112,70,0,29,34,255,0,0
20:24:38,39.1,112,70,0,29,34,255,0,0
20:24:39,39.7,100,76,0,29,34,255,0,0
20:24:40,40.1,286,78,0,29,34,255,0,0
20:24:41,39.6,263,77,0,29,34,255,0,0
20:24:42,38.2,270,74,0,29,34,255,0,0
20:24:43,36,354,71,0,29,34,255,0,0
20:24:44,34.3,392,67,0,29,34,255,0,0
20:24:45,35.9,336,67,0,29,34,255,0,0
20:24:46,39.1,412,72,0,29,34,255,0,0
20:24:47,43,331,81,0,29,34,255,0,0
20:24:48,44.4,331,81,0,29,36,255,0,0
20:24:49,43.6,331,81,0,29,36,255,0,0
20:24:50,45.5,260,86,0,29,36,255,0,0
20:24:51,46.9,260,86,0,29,36,255,0,0
20:24:52,46.5,196,91,0,29,36,255,0,0
20:24:53,46,196,91,0,29,36,255,0,0
20:24:54,45.8,196,91,0,29,36,255,0,0
20:24:55,45.2,449,90,0,29,36,255,0,0
20:24:56,46.5,449,90,0,29,36,255,0,0
20:24:57,49,611,90,0,29,36,255,0,0
20:24:58,50.9,611,90,0,29,36,255,0,0
20:24:59,52.1,629,99,0,29,36,255,0,0
20:25:00,53.9,765,103,0,29,36,255,0,0
20:25:01,60.5,803,112,0,29,36,255,0,0
20:25:02,65,1003,126,0,29,36,255,0,0
20:25:03,67.9,933,133,0,29,36,255,0,0
20:25:04,69.8,933,133,0,29,36,255,0,0
20:25:05,70.3,933,133,0,29,36,255,0,0
20:25:06,70.1,933,133,0,29,36,255,0,0
20:25:07,70.1,1006,136,0,29,36,255,0,0
20:25:08,68.8,1006,136,0,29,36,255,0,0
20:25:09,69.5,1006,136,0,29,36,255,0,0
20:25:10,72.6,1006,136,0,29,36,255,0,0
20:25:11,73.4,886,139,0,29,36,255,0,0
20:25:12,73.1,901,143,0,29,36,255,0,0
20:25:13,70.8,901,143,0,29,34,255,0,0
20:25:14,70.7,901,143,0,29,34,255,0,0
20:25:15,70.1,601,136,0,29,34,255,0,0
20:25:16,70.1,601,136,0,29,34,255,0,0
20:25:17,69,229,135,0,29,34,255,0,0
20:25:18,68.5,357,134,0,29,34,255,0,0
20:25:19,67,452,131,0,29,34,255,0,0
20:25:20,65,452,131,0,29,34,255,0,0
20:25:21,64.5,431,127,0,29,34,255,0,0
20:25:22,64.1,431,127,0,29,34,255,0,0
20:25:23,66.3,431,127,0,29,34,255,0,0
20:25:24,67,0,0,0,29,34,255,0,0
20:25:25,66.5,0,0,0,29,34,255,0,0
20:25:26,65,0,0,0,29,34,255,0,0
20:25:27,62.9,0,0,0,29,34,255,0,0
20:25:28,62.2,0,0,0,29,34,255,0,0
20:25:29,61.9,0,0,0,29,34,255,0,0
20:25:30,62.5,0,0,0,29,34,255,0,0
20:25:31,63,0,0,0,29,34,255,0,0
20:25:32,62.8,0,0,0,29,34,255,0,0
20:25:33,61.9,0,0,0,29,34,255,0,0
20:25:34,59.5,384,118,0,29,34,255,0,0
20:25:35,55.7,241,105,0,29,34,255,0,0
20:25:36,47,241,105,0,29,34,255,0,0
20:25:37,45.7,0,0,0,29,34,255,0,0
20:25:38,46.1,0,0,0,29,34,255,0,0
20:25:39,45.6,0,0,0,29,34,255,0,0
20:25:40,44.9,0,0,0,29,34,255,0,0
20:25:41,44.2,9,86,0,29,34,255,0,0
20:25:42,43,3,84,0,29,34,255,0,0
20:25:43,41.9,3,84,0,29,34,255,0,0
20:25:44,41,23,81,0,29,34,255,0,0
20:25:45,40.4,53,79,0,29,34,255,0,0
20:25:46,39.5,53,79,0,29,34,255,0,0
20:25:47,38.8,61,77,0,29,34,255,0,0
20:25:48,38.7,52,75,0,29,34,255,0,0
20:25:49,38.6,52,75,0,29,34,255,0,0
20:25:50,38.5,34,75,0,29,34,255,0,0
20:25:51,38.2,43,74,0,29,34,255,0,0
20:25:52,37.8,86,74,0,29,34,255,0,0
20:25:53,36.5,123,72,0,29,34,255,0,0
20:25:54,34.7,123,72,0,29,34,255,0,0
20:25:55,33.2,139,66,0,29,34,255,0,0
20:25:56,32.9,151,64,0,29,34,255,0,0
20:25:57,33.6,213,65,0,29,34,255,0,0
20:25:58,34.1,213,65,0,29,34,255,0,0
20:25:59,34.2,0,0,0,29,34,255,0,0
20:26:00,33.8,0,0,0,29,34,255,0,0
20:26:01,34,0,0,0,29,34,255,0,0
20:26:02,33,0,0,0,29,34,255,0,0
20:26:03,32.7,0,0,0,29,34,255,0,0
20:26:04,33.2,270,64,0,29,34,255,0,0
20:26:05,33.9,234,66,0,29,34,255,0,0
20:26:06,33.9,178,66,0,29,34,255,0,0
20:26:07,33.7,110,66,0,29,34,255,0,0
20:26:08,33.4,22,65,0,29,36,255,0,0
20:26:09,33.9,6,67,0,29,36,255,0,0
20:26:10,36.1,20,70,0,29,36,255,0,0
20:26:11,37.4,20,70,0,29,36,255,0,0
20:26:12,37.9,20,70,0,29,36,255,0,0
20:26:13,37.8,192,73,0,29,36,255,0,0
20:26:14,37.4,283,72,0,29,36,255,0,0
20:26:15,36.3,330,71,0,29,36,255,0,0
20:26:16,34.1,330,71,0,29,36,255,0,0
20:26:17,33,339,66,0,29,36,255,0,0
20:26:18,33.6,292,65,0,29,36,255,0,0
20:26:19,34.1,292,65,0,29,36,255,0,0
20:26:20,34.4,243,66,0,29,36,255,0,0
20:26:21,34.7,197,67,0,29,36,255,0,0
20:26:22,36.3,224,69,0,29,36,255,0,0
20:26:23,39,224,69,0,29,36,255,0,0
20:26:24,41.5,224,69,0,29,36,255,0,0
20:26:25,42.5,134,80,0,29,36,255,0,0
20:26:26,42.9,266,84,0,29,36,255,0,0
20:26:27,42.6,269,83,0,29,36,255,0,0
20:26:28,42.7,410,83,0,29,36,255,0,0
20:26:29,42.3,410,83,0,29,36,255,0,0
20:26:30,42.7,539,83,0,29,36,255,0,0
20:26:31,45.5,503,88,0,29,36,255,0,0
20:26:32,46.6,602,90,0,29,36,255,0,0
20:26:33,53.9,631,96,0,29,36,255,0,0
20:26:34,59.3,464,114,0,29,36,255,0,0
20:26:35,59.1,464,114,0,29,36,255,0,0
20:26:36,58.4,0,0,0,29,36,255,0,0
20:26:37,57.7,0,0,0,29,36,255,0,0
20:26:38,57,0,0,0,29,36,255,0,0
20:26:39,55.8,327,108,0,29,36,255,0,0
20:26:40,56.3,327,108,0,29,36,255,0,0
20:26:41,56.1,327,108,0,29,36,255,0,0
20:26:42,55.5,390,109,0,29,36,255,0,0
20:26:43,56.2,405,110,0,29,36,255,0,0
20:26:44,57.3,405,110,0,29,36,255,0,0
20:26:45,58.7,715,113,0,29,36,255,0,0
20:26:46,60.4,801,116,0,29,36,255,0,0
20:26:47,61.9,754,119,0,29,36,255,0,0
20:26:48,62.9,754,119,0,29,36,255,0,0
20:26:49,62.6,754,119,0,29,36,255,0,0
20:26:50,61.3,396,120,0,29,36,255,0,0
20:26:51,60.6,396,120,0,29,36,255,0,0
20:26:52,60,141,117,0,29,36,255,0,0
20:26:53,58.7,141,117,0,29,36,255,0,0
20:26:54,58.4,0,0,0,29,36,255,0,0
20:26:55,57.3,0,0,0,29,36,255,0,0
20:26:56,56.1,0,0,0,29,36,255,0,0
20:26:57,55.8,0,0,0,29,36,255,0,0
20:26:58,55.6,0,0,0,29,36,255,0,0
20:26:59,56.4,451,109,0,29,36,255,0,0
20:27:00,56.5,451,109,0,29,36,255,0,0
20:27:01,56.7,450,110,0,29,36,255,0,0
20:27:02,57,450,110,0,29,36,255,0,0
20:27:03,57,450,110,0,29,36,255,0,0
20:27:04,57.8,478,111,0,29,36,255,0,0
20:27:05,58.8,474,113,0,29,36,255,0,0
20:27:06,58.7,474,113,0,29,36,255,0,0
20:27:07,57.2,389,114,0,29,36,255,0,0
20:27:08,56.9,333,111,0,29,34,255,0,0
20:27:09,57.4,217,112,0,29,34,255,0,0
20:27:10,57.9,143,112,0,29,34,255,0,0
20:27:11,58.3,1,114,0,29,34,255,0,0
20:27:12,57.4,295,112,0,29,34,255,0,0
20:27:13,57.9,295,112,0,29,34,255,0,0
20:27:14,57.8,295,112,0,29,34,255,0,0
20:27:15,57.6,295,112,0,29,34,255,0,0
20:27:16,58.3,730,113,0,29,34,255,0,0
20:27:17,58.7,620,114,0,29,34,255,0,0
20:27:18,59.1,517,115,0,29,34,255,0,0
20:27:19,59.5,470,116,0,29,34,255,0,0
20:27:20,58.4,383,115,0,29,34,255,0,0
20:27:21,57.5,383,115,0,29,34,255,0,0
20:27:22,56.2,289,111,0,29,34,255,0,0
20:27:23,55.9,332,109,0,29,34,255,0,0
20:27:24,55.9,595,111,0,29,34,255,0,0
20:27:25,57.9,595,111,0,29,34,255,0,0
20:27:26,58.9,476,113,0,29,34,255,0,0
20:27:27,59.9,414,117,0,29,34,255,0,0
20:27:28,51.9,437,112,0,29,34,255,0,0
20:27:29,49.5,149,97,0,29,34,255,0,0
20:27:30,48.3,149,97,0,29,34,255,0,0
20:27:31,46.6,2,94,0,29,34,255,0,0
20:27:32,46,6,90,0,29,34,255,0,0
20:27:33,45.6,48,89,0,29,34,255,0,0
20:27:34,45.1,87,89,0,29,34,255,0,0
20:27:35,45.4,87,89,0,29,34,255,0,0
20:27:36,45.5,87,89,0,29,34,255,0,0
20:27:37,44.9,65,87,0,29,34,255,0,0
20:27:38,44.5,65,87,0,29,34,255,0,0
20:27:39,44.1,72,85,0,29,34,255,0,0
20:27:40,41.6,69,81,0,29,34,255,0,0
20:27:41,39.9,69,81,0,29,34,255,0,0
20:27:42,39.2,0,0,0,29,34,255,0,0
20:27:43,39.3,0,0,0,29,34,255,0,0
20:27:44,39.1,0,0,0,29,34,255,0,0
20:27:45,38,174,75,0,29,34,255,0,0
20:27:46,37,174,75,0,29,34,255,0,0
20:27:47,35.2,308,72,0,29,34,255,0,0
20:27:48,34.7,308,72,0,29,34,255,0,0
20:27:49,35.1,312,68,0,29,34,255,0,0
20:27:50,35.5,218,69,0,29,34,255,0,0
20:27:51,35.5,163,69,0,29,34,255,0,0
20:27:52,35.8,160,69,0,29,36,255,0,0
20:27:53,36.4,160,69,0,29,36,255,0,0
20:27:54,38.4,80,72,0,29,36,255,0,0
20:27:55,40.4,110,78,0,29,36,255,0,0
20:27:56,41,174,80,0,29,36,255,0,0
20:27:57,41.5,264,80,0,29,36,255,0,0
20:27:58,41.5,466,82,0,29,36,255,0,0
20:27:59,41.2,466,82,0,29,36,255,0,0
20:28:00,39.4,539,79,0,29,36,255,0,0
20:28:01,39.9,539,79,0,29,36,255,0,0
20:28:02,41.8,565,77,0,29,36,255,0,0
20:28:03,42.4,393,81,0,29,36,255,0,0
20:28:04,42.5,420,83,0,29,36,255,0,0
20:28:05,47,420,83,0,29,36,255,0,0
20:28:06,50.7,492,93,0,29,36,255,0,0
20:28:07,52.4,492,93,0,29,36,255,0,0
20:28:08,57.3,492,93,0,29,36,255,0,0
20:28:09,61.9,492,93,0,29,36,255,0,0
20:28:10,63.9,648,116,0,29,36,255,0,0
20:28:11,65.7,537,128,0,29,36,255,0,0
20:28:12,65.5,537,128,0,29,36,255,0,0
20:28:13,64.8,0,0,0,29,36,255,0,0
20:28:14,61.4,0,0,0,29,36,255,0,0
20:28:15,59.9,0,0,0,29,36,255,0,0
20:28:16,58.9,185,114,0,29,36,255,0,0
20:28:17,58.4,185,114,0,29,36,255,0,0
20:28:18,56.8,229,112,0,29,36,255,0,0
20:28:19,56.6,229,112,0,29,36,255,0,0
20:28:20,57,306,111,0,29,36,255,0,0
20:28:21,57.8,373,112,0,29,36,255,0,0
20:28:22,57.5,252,112,0,29,36,255,0,0
20:28:23,57.4,252,112,0,29,36,255,0,0
20:28:24,57.4,353,112,0,29,36,255,0,0
20:28:25,58.3,353,112,0,29,36,255,0,0
20:28:26,59.7,353,112,0,29,36,255,0,0
20:28:27,59.9,292,116,0,29,36,255,0,0
20:28:28,59.3,234,116,0,29,36,255,0,0
20:28:29,57.2,234,116,0,29,34,255,0,0
20:28:30,56.1,221,112,0,29,34,255,0,0
20:28:31,55.8,203,109,0,29,34,255,0,0
20:28:32,55.3,203,109,0,29,34,255,0,0
20:28:33,55.6,203,109,0,29,34,255,0,0
20:28:34,55.5,206,108,0,29,34,255,0,0
20:28:35,55.9,399,109,0,29,34,255,0,0
20:28:36,56.6,434,110,0,29,34,255,0,0
20:28:37,56.2,434,110,0,29,34,255,0,0
20:28:38,54.6,434,109,0,29,34,255,0,0
20:28:39,54.3,434,109,0,29,34,255,0,0
20:28:40,53.9,434,109,0,29,34,255,0,0
20:28:41,52.7,434,109,0,29,34,255,0,0
20:28:42,50.9,376,104,0,29,34,255,0,0
20:28:43,49.9,366,97,0,29,34,255,0,0
20:28:44,51.5,398,99,0,29,34,255,0,0
20:28:45,51.9,371,101,0,29,34,255,0,0
20:28:46,50.9,306,100,0,29,34,255,0,0
20:28:47,51.6,306,100,0,29,34,255,0,0
20:28:48,52.8,306,100,0,29,34,255,0,0
20:28:49,53.3,533,102,0,29,34,255,0,0
20:28:50,52.8,294,103,0,29,34,255,0,0
20:28:51,52.6,323,103,0,29,34,255,0,0
20:28:52,53.5,403,104,0,29,34,255,0,0
20:28:53,54.5,229,106,0,29,34,255,0,0
20:28:54,54.4,254,106,0,29,34,255,0,0
20:28:55,49.6,258,104,0,29,34,255,0,0
20:28:56,42.7,252,88,0,29,34,255,0,0
20:28:57,42.9,41,83,0,29,34,255,0,0
20:28:58,42.5,41,83,0,29,34,255,0,0
20:28:59,41.6,15,82,0,29,34,255,0,0
20:29:00,41.3,15,82,0,29,34,255,0,0
20:29:01,40.6,15,82,0,29,34,255,0,0
20:29:02,40,15,79,0,29,34,255,0,0
20:29:03,39.2,15,76,0,29,34,255,0,0
20:29:04,38.6,15,76,0,29,34,255,0,0
20:29:05,35.3,15,74,0,29,34,255,0,0
20:29:06,33,1,67,0,29,34,255,0,0
20:29:07,32.9,22,64,0,29,34,255,0,0
20:29:08,33.8,22,64,0,29,34,255,0,0
20:29:09,34.5,11,66,0,29,34,255,0,0
20:29:10,35.1,51,68,0,29,34,255,0,0
20:29:11,35.1,100,68,0,29,34,255,0,0
20:29:12,34.5,168,67,0,29,34,255,0,0
20:29:13,33.8,272,65,0,29,34,255,0,0
20:29:14,33.1,272,65,0,29,34,255,0,0
20:29:15,31.7,272,65,0,29,34,255,0,0
20:29:16,31.3,272,65,0,29,34,255,0,0
20:29:17,31.2,299,62,0,29,34,255,0,0
20:29:18,31.3,199,61,0,29,34,255,0,0
20:29:19,31.9,199,61,0,29,36,255,0,0
20:29:20,32.5,199,61,0,29,36,255,0,0
20:29:21,33.1,92,63,0,29,36,255,0,0
20:29:22,34.7,92,66,0,29,36,255,0,0
20:29:23,35.9,92,70,0,29,36,255,0,0
20:29:24,36.8,92,72,0,29,36,255,0,0
20:29:25,36.8,0,0,0,29,36,255,0,0
20:29:26,36.7,0,0,0,29,36,255,0,0
20:29:27,36.9,0,0,0,29,36,255,0,0
20:29:28,38.2,0,0,0,29,36,255,0,0
20:29:29,38.3,0,0,0,29,36,255,0,0
20:29:30,38.2,0,0,0,29,36,255,0,0
20:29:31,37,357,73,0,29,36,255,0,0
20:29:32,36.6,359,71,0,29,36,255,0,0
20:29:33,37,359,71,0,29,36,255,0,0
20:29:34,39.1,0,0,0,29,36,255,0,0
20:29:35,41.9,0,0,0,29,36,255,0,0
20:29:36,42.3,0,0,0,29,36,255,0,0
20:29:37,41.9,133,82,0,29,36,255,0,0
20:29:38,41.8,134,81,0,29,36,255,0,0
20:29:39,41.6,116,81,0,29,36,255,0,0
20:29:40,42.1,359,81,0,29,36,255,0,0
20:29:41,41.3,359,81,0,29,36,255,0,0
20:29:42,41.4,512,81,0,29,36,255,0,0
20:29:43,44.2,599,84,0,29,36,255,0,0
20:29:44,53.6,681,96,0,29,36,255,0,0
20:29:45,57.7,621,112,0,29,36,255,0,0
20:29:46,57.6,291,112,0,29,36,255,0,0
20:29:47,57.8,291,112,0,29,36,255,0,0
20:29:48,57.5,408,112,0,29,36,255,0,0
20:29:49,56.2,121,110,0,29,36,255,0,0
20:29:50,54.9,121,110,0,29,36,255,0,0
20:29:51,55.6,292,108,0,29,36,255,0,0
20:29:52,56.3,654,109,0,29,36,255,0,0
20:29:53,56,654,109,0,29,36,255,0,0
20:29:54,57.5,942,110,0,29,36,255,0,0
20:29:55,60.1,1067,116,0,29,36,255,0,0
20:29:56,61.4,775,119,0,29,36,255,0,0
20:29:57,61.8,356,120,0,29,36,255,0,0
20:29:58,62.1,1,120,0,29,36,255,0,0
20:29:59,61,1,120,0,29,36,255,0,0
20:30:00,61,1,120,0,29,36,255,0,0
20:30:01,58,1,120,0,29,36,255,0,0
20:30:02,55.1,1,115,0,29,36,255,0,0
20:30:03,56.4,688,109,0,29,36,255,0,0
20:30:04,58.5,907,114,0,29,36,255,0,0
20:30:05,59.7,907,114,0,29,36,255,0,0
20:30:06,62.8,0,0,0,29,36,255,0,0
20:30:07,63.4,0,0,0,29,36,255,0,0
20:30:08,63.6,0,0,0,29,36,255,0,0
20:30:09,63.5,0,0,0,29,36,255,0,0
20:30:10,63,0,0,0,29,36,255,0,0
20:30:11,63.8,0,0,0,29,36,255,0,0
20:30:12,64.3,0,0,0,29,36,255,0,0
20:30:13,65.7,251,127,0,29,36,255,0,0
20:30:14,63.6,251,127,0,29,36,255,0,0
20:30:15,60.7,251,127,0,29,36,255,0,0
20:30:16,58.7,1,120,0,29,36,255,0,0
20:30:17,57.6,1,120,0,29,36,255,0,0
20:30:18,58.5,538,114,0,29,36,255,0,0
20:30:19,59.9,538,114,0,29,36,255,0,0
20:30:20,60.9,538,114,0,29,36,255,0,0
20:30:21,62.4,800,118,0,29,36,255,0,0
20:30:22,65.1,800,118,0,29,36,255,0,0
20:30:23,65.9,465,127,0,29,36,255,0,0
20:30:24,63.6,282,125,0,29,36,255,0,0
20:30:25,56.7,344,111,0,29,36,255,0,0
20:30:26,50.7,277,99,0,29,36,255,0,0
20:30:27,50.5,26,98,0,29,36,255,0,0
20:30:28,50.2,1,97,0,29,36,255,0,0
20:30:29,50.8,0,0,0,29,36,255,0,0
20:30:30,50.4,0,0,0,29,36,255,0,0
20:30:31,49.1,0,0,0,29,36,255,0,0
20:30:32,48.4,0,95,0,29,36,255,0,0
20:30:33,46.5,0,92,0,29,36,255,0,0
20:30:34,44.9,0,89,0,29,34,255,0,0
20:30:35,44.3,0,89,0,29,34,255,0,0
20:30:36,43.2,0,86,0,29,34,255,0,0
20:30:37,42.3,17,83,0,29,34,255,0,0
20:30:38,40.8,108,81,0,29,34,255,0,0
20:30:39,36.8,195,75,0,29,34,255,0,0
20:30:40,34.5,208,68,0,29,34,255,0,0
20:30:41,33.3,208,68,0,29,34,255,0,0
20:30:42,33.5,199,65,0,29,34,255,0,0
20:30:43,34.3,205,65,0,29,34,255,0,0
20:30:44,34.6,61,67,0,29,34,255,0,0
20:30:45,35.4,61,68,0,29,34,255,0,0
20:30:46,37.2,61,71,0,29,36,255,0,0
20:30:47,37.8,54,73,0,29,36,255,0,0
20:30:48,38.8,87,75,0,29,36,255,0,0
20:30:49,39,137,76,0,29,36,255,0,0
20:30:50,38.4,216,75,0,29,36,255,0,0
20:30:51,37.1,263,73,0,29,36,255,0,0
20:30:52,35.4,338,71,0,29,36,255,0,0
20:30:53,33.6,348,67,0,29,36,255,0,0
20:30:54,33.7,348,67,0,29,36,255,0,0
20:30:55,34.3,349,66,0,29,36,255,0,0
20:30:56,34.1,349,66,0,29,36,255,0,0
20:30:57,33.7,131,67,0,29,36,255,0,0
20:30:58,33.7,131,65,0,29,36,255,0,0
20:30:59,36.1,131,65,0,29,36,255,0,0
20:31:00,39.1,131,70,0,29,36,255,0,0
20:31:01,39,131,77,0,29,36,255,0,0
20:31:02,39.1,131,77,0,29,36,255,0,0
20:31:03,39.4,109,76,0,29,36,255,0,0
20:31:04,39.4,109,76,0,29,36,255,0,0
20:31:05,39.4,109,76,0,29,36,255,0,0
20:31:06,37.9,353,76,0,29,36,255,0,0
20:31:07,38.3,348,74,0,29,36,255,0,0
20:31:08,39.7,460,75,0,29,36,255,0,0
20:31:09,48.2,674,92,0,29,36,255,0,0
20:31:10,54.4,674,92,0,29,36,255,0,0
20:31:11,56.3,674,92,0,29,36,255,0,0
20:31:12,57.1,674,92,0,29,36,255,0,0
20:31:13,56.9,532,110,0,29,36,255,0,0
20:31:14,56.2,532,110,0,29,36,255,0,0
20:31:15,55.7,532,110,0,29,36,255,0,0
20:31:16,56,556,109,0,29,36,255,0,0
20:31:17,57.7,556,109,0,29,36,255,0,0
20:31:18,59,675,113,0,29,36,255,0,0
20:31:19,59.2,684,115,0,29,36,255,0,0
20:31:20,59.6,684,115,0,29,36,255,0,0
20:31:21,60.2,0,0,0,29,36,255,0,0
20:31:22,60.2,0,0,0,29,36,255,0,0
20:31:23,59.7,0,0,0,29,36,255,0,0
20:31:24,58.1,0,0,0,29,36,255,0,0
20:31:25,57.2,447,111,0,29,36,255,0,0
20:31:26,58.2,447,111,0,29,36,255,0,0
20:31:27,58.2,0,0,0,29,36,255,0,0
20:31:28,57.9,0,0,0,29,36,255,0,0
20:31:29,57.9,0,0,0,29,36,255,0,0
20:31:30,57.2,0,0,0,29,36,255,0,0
20:31:31,56.1,0,0,0,29,36,255,0,0
20:31:32,55.4,0,0,0,29,36,255,0,0
20:31:33,55.2,0,0,0,29,36,255,0,0
20:31:34,54.9,0,0,0,29,36,255,0,0
20:31:35,54,0,0,0,29,36,255,0,0
20:31:36,53.1,259,105,0,29,36,255,0,0
20:31:37,52.5,96,102,0,29,36,255,0,0
20:31:38,52.4,96,102,0,29,36,255,0,0
20:31:39,52.6,464,102,0,29,36,255,0,0
20:31:40,54,540,104,0,29,36,255,0,0
20:31:41,56.2,540,104,0,29,36,255,0,0
20:31:42,57.7,540,104,0,29,36,255,0,0
20:31:43,58.9,540,104,0,29,36,255,0,0
20:31:44,58.4,618,112,0,29,34,255,0,0
20:31:45,57.1,296,113,0,29,34,255,0,0
20:31:46,56.2,10,109,0,29,34,255,0,0
20:31:47,55.7,119,108,0,29,34,255,0,0
20:31:48,55.2,119,108,0,29,34,255,0,0
20:31:49,55.6,119,108,0,29,34,255,0,0
20:31:50,53.7,50,106,0,29,34,255,0,0
20:31:51,51.9,32,101,0,29,34,255,0,0
20:31:52,49.6,309,98,0,29,34,255,0,0
20:31:53,42.9,365,85,0,29,34,255,0,0
20:31:54,42.2,71,82,0,29,34,255,0,0
20:31:55,42.4,71,82,0,29,34,255,0,0
20:31:56,42.3,71,82,0,29,34,255,0,0
20:31:57,41.5,71,82,0,29,34,255,0,0
20:31:58,41,71,80,0,29,34,255,0,0
20:31:59,39.9,71,80,0,29,34,255,0,0
20:32:00,39.4,71,80,0,29,34,255,0,0
20:32:01,38.9,71,80,0,29,34,255,0,0
20:32:02,37.9,71,77,0,29,34,255,0,0
20:32:03,36.8,71,72,0,29,34,255,0,0
20:32:04,36.1,71,72,0,29,34,255,0,0
20:32:05,35.4,71,72,0,29,34,255,0,0
20:32:06,34.3,2,69,0,29,34,255,0,0
20:32:07,34,2,69,0,29,34,255,0,0
20:32:08,33.5,59,66,0,29,34,255,0,0
20:32:09,33.6,147,65,0,29,34,255,0,0
20:32:10,32.6,147,65,0,29,34,255,0,0
20:32:11,31.8,253,64,0,29,34,255,0,0
20:32:12,31,253,64,0,29,34,255,0,0
20:32:13,31,0,0,0,29,34,255,0,0
20:32:14,31.5,0,0,0,29,34,255,0,0
20:32:15,32.5,0,0,0,29,34,255,0,0
20:32:16,32.6,109,63,0,29,36,255,0,0
20:32:17,32.1,109,62,0,29,36,255,0,0
20:32:18,31.1,109,62,0,29,36,255,0,0
20:32:19,30.9,109,62,0,29,36,255,0,0
20:32:20,31.6,109,61,0,29,36,255,0,0
20:32:21,34.4,109,67,0,29,36,255,0,0
20:32:22,36,121,70,0,29,36,255,0,0
20:32:23,36.7,121,70,0,29,36,255,0,0
20:32:24,36.6,199,71,0,29,36,255,0,0
20:32:25,36.3,360,71,0,29,36,255,0,0
20:32:26,36.2,443,71,0,29,36,255,0,0
20:32:27,35.8,443,71,0,29,36,255,0,0
20:32:28,38.2,382,70,0,29,36,255,0,0
20:32:29,39.6,261,76,0,29,36,255,0,0
20:32:30,41.2,568,79,0,29,36,255,0,0
20:32:31,43.5,568,79,0,29,36,255,0,0
20:32:32,51.1,696,93,0,29,36,255,0,0
20:32:33,58.1,696,93,0,29,36,255,0,0
20:32:34,59.4,696,93,0,29,36,255,0,0
20:32:35,60.2,789,116,0,29,36,255,0,0
20:32:36,61.4,598,119,0,29,36,255,0,0
20:32:37,63.7,598,119,0,29,36,255,0,0
20:32:38,64.6,0,0,0,29,36,255,0,0
20:32:39,65,0,0,0,29,36,255,0,0
20:32:40,64.2,0,0,0,29,36,255,0,0
20:32:41,63.5,0,0,0,29,36,255,0,0
20:32:42,63.8,0,0,0,29,36,255,0,0
20:32:43,64.7,0,0,0,29,36,255,0,0
20:32:44,66.4,0,0,0,29,36,255,0,0
20:32:45,67,0,0,0,29,36,255,0,0
20:32:46,67.1,0,0,0,29,36,255,0,0
20:32:47,64.8,0,0,0,29,36,255,0,0
20:32:48,64,0,0,0,29,36,255,0,0
20:32:49,63.6,0,0,0,29,36,255,0,0
20:32:50,63.7,0,0,0,29,36,255,0,0
20:32:51,66,0,0,0,29,36,255,0,0
20:32:52,66.9,0,0,0,29,36,255,0,0
20:32:53,66.9,0,0,0,29,36,255,0,0
20:32:54,64.7,0,0,0,29,36,255,0,0
20:32:55,64.7,0,0,0,29,36,255,0,0
20:32:56,64.9,0,0,0,29,36,255,0,0
20:32:57,66.5,0,0,0,29,36,255,0,0
20:32:58,68,0,0,0,29,36,255,0,0
20:32:59,67.8,0,0,0,29,36,255,0,0
20:33:00,66.4,0,0,0,29,36,255,0,0
20:33:01,64.8,0,0,0,29,36,255,0,0
20:33:02,64.2,0,0,0,29,36,255,0,0
20:33:03,63.5,0,0,0,29,36,255,0,0
20:33:04,63.9,0,0,0,29,36,255,0,0
20:33:05,60.4,490,121,0,29,36,255,0,0
20:33:06,52.5,438,102,0,29,36,255,0,0
20:33:07,50.9,438,102,0,29,36,255,0,0
20:33:08,49.4,0,0,0,29,36,255,0,0
20:33:09,48.1,0,0,0,29,36,255,0,0
20:33:10,47.6,0,0,0,29,36,255,0,0
20:33:11,46.9,0,0,0,29,34,255,0,0
20:33:12,46.3,0,0,0,29,34,255,0,0
20:33:13,46.3,0,0,0,29,34,255,0,0
20:33:14,46.2,0,0,0,29,34,255,0,0
20:33:15,45.9,0,0,0,29,34,255,0,0
20:33:16,44.9,0,89,0,29,34,255,0,0
20:33:17,43.7,0,89,0,29,34,255,0,0
20:33:18,42.5,0,85,0,29,34,255,0,0
20:33:19,41.5,0,85,0,29,34,255,0,0
20:33:20,40.7,0,80,0,29,34,255,0,0
20:33:21,40.1,0,79,0,29,34,255,0,0
20:33:22,39.6,0,79,0,29,34,255,0,0
20:33:23,39.7,0,79,0,29,34,255,0,0
20:33:24,39.4,0,77,0,29,34,255,0,0
20:33:25,38.3,17,75,0,29,34,255,0,0
20:33:26,35.4,17,75,0,29,34,255,0,0
20:33:27,33.2,17,75,0,29,34,255,0,0
20:33:28,32.7,96,67,0,29,34,255,0,0
20:33:29,32.9,69,64,0,29,34,255,0,0
20:33:30,32.8,69,64,0,29,34,255,0,0
20:33:31,33.1,69,64,0,29,34,255,0,0
20:33:32,33.7,85,64,0,29,34,255,0,0
20:33:33,34.3,155,67,0,29,34,255,0,0
20:33:34,34.5,227,67,0,29,34,255,0,0
20:33:35,34.5,357,68,0,29,34,255,0,0
20:33:36,35.1,357,68,0,29,34,255,0,0
20:33:37,33.4,360,67,0,29,34,255,0,0
20:33:38,31.6,435,63,0,29,34,255,0,0
20:33:39,31.5,405,61,0,29,34,255,0,0
20:33:40,32.3,281,62,0,29,34,255,0,0
20:33:41,33,227,64,0,29,34,255,0,0
20:33:42,33.3,150,64,0,29,34,255,0,0
20:33:43,33,150,64,0,29,34,255,0,0
20:33:44,33.3,0,0,0,29,36,255,0,0
20:33:45,35.4,0,0,0,29,36,255,0,0
20:33:46,39.1,0,0,0,29,36,255,0,0
20:33:47,41.1,0,0,0,29,36,255,0,0
20:33:48,42.6,0,0,0,29,36,255,0,0
20:33:49,43.3,0,0,0,29,36,255,0,0
20:33:50,44.5,562,85,0,29,36,255,0,0
20:33:51,45.2,517,87,0,29,36,255,0,0
20:33:52,46.4,422,89,0,29,36,255,0,0
20:33:53,48,467,93,0,29,36,255,0,0
20:33:54,52.3,505,99,0,29,36,255,0,0
20:33:55,57.4,462,112,0,29,36,255,0,0
20:33:56,56,462,112,0,29,36,255,0,0
20:33:57,55.1,0,0,0,29,36,255,0,0
20:33:58,54.4,0,0,0,29,36,255,0,0
20:33:59,54.4,0,0,0,29,36,255,0,0
20:34:00,55.6,275,108,0,29,36,255,0,0
20:34:01,55.9,331,109,0,29,34,255,0,0
20:34:02,55.6,331,109,0,29,34,255,0,0
20:34:03,54.1,331,109,0,29,34,255,0,0
20:34:04,52.5,331,109,0,29,34,255,0,0
20:34:05,52,314,104,0,29,34,255,0,0
20:34:06,52.5,314,104,0,29,34,255,0,0
20:34:07,52.9,0,0,0,29,34,255,0,0
20:34:08,54,0,0,0,29,34,255,0,0
20:34:09,55.4,0,0,0,29,34,255,0,0
20:34:10,56.1,381,109,0,29,34,255,0,0
20:34:11,56,381,109,0,29,34,255,0,0
20:34:12,55.3,381,109,0,29,34,255,0,0
20:34:13,54.3,381,109,0,29,34,255,0,0
20:34:14,54.2,437,107,0,29,34,255,0,0
20:34:15,54.2,437,107,0,29,34,255,0,0
20:34:16,55.3,404,106,0,29,34,255,0,0
20:34:17,56.5,407,109,0,29,34,255,0,0
20:34:18,56.2,407,109,0,29,34,255,0,0
20:34:19,53.7,0,0,0,29,34,255,0,0
20:34:20,50.8,0,0,0,29,34,255,0,0
20:34:21,50.8,0,0,0,29,34,255,0,0
20:34:22,51.9,0,0,0,29,34,255,0,0
20:34:23,53.1,0,0,0,29,34,255,0,0
20:34:24,53,0,0,0,29,34,255,0,0
20:34:25,53,0,0,0,29,34,255,0,0
20:34:26,52.9,0,0,0,29,34,255,0,0
20:34:27,53.5,0,0,0,29,34,255,0,0
20:34:28,54.3,0,0,0,29,34,255,0,0
20:34:29,53.9,428,105,0,29,34,255,0,0
20:34:30,53.8,428,105,0,29,34,255,0,0
20:34:31,54.1,428,105,0,29,34,255,0,0
20:34:32,53.7,428,105,0,29,34,255,0,0
20:34:33,53.9,309,105,0,29,34,255,0,0
20:34:34,54.3,309,105,0,29,34,255,0,0
20:34:35,54.1,288,105,0,29,34,255,0,0
20:34:36,54.2,288,105,0,29,34,255,0,0
20:34:37,54.2,416,106,0,29,34,255,0,0
20:34:38,54,386,105,0,29,34,255,0,0
20:34:39,54.1,103,105,0,29,34,255,0,0
20:34:40,52.5,103,105,0,29,34,255,0,0
20:34:41,50.8,1,99,0,29,34,255,0,0
20:34:42,48.9,1,95,0,29,34,255,0,0
20:34:43,45.6,78,89,0,29,34,255,0,0
20:34:44,44.6,49,87,0,29,34,255,0,0
20:34:45,46.8,49,87,0,29,34,255,0,0
20:34:46,50.3,0,0,0,29,34,255,0,0
20:34:47,52.7,0,0,0,29,34,255,0,0
20:34:48,53.4,0,0,0,29,34,255,0,0
20:34:49,54.2,489,105,0,29,34,255,0,0
20:34:50,48.8,383,94,0,29,34,255,0,0
20:34:51,46.2,383,94,0,29,34,255,0,0
20:34:52,46.2,66,90,0,29,34,255,0,0
20:34:53,45.1,66,90,0,29,34,255,0,0
20:34:54,44.9,66,88,0,29,34,255,0,0
20:34:55,44.5,66,88,0,29,34,255,0,0
20:34:56,43.9,2,85,0,29,34,255,0,0
20:34:57,43.1,2,85,0,29,34,255,0,0
20:34:58,42.4,2,84,0,29,34,255,0,0
20:34:59,41.7,0,0,0,29,34,255,0,0
20:35:00,41,0,0,0,29,34,255,0,0
20:35:01,39.5,0,0,0,29,34,255,0,0
20:35:02,38.5,0,0,0,29,34,255,0,0
20:35:03,37.1,0,0,0,29,34,255,0,0
20:35:04,34.5,0,0,0,29,34,255,0,0
20:35:05,33.9,0,0,0,29,34,255,0,0
20:35:06,34.1,221,66,0,29,34,255,0,0
20:35:07,34,168,66,0,29,34,255,0,0
20:35:08,33.9,168,66,0,29,34,255,0,0
20:35:09,33.8,168,66,0,29,34,255,0,0
20:35:10,34.4,37,66,0,29,34,255,0,0
20:35:11,35.7,37,68,0,29,34,255,0,0
20:35:12,37.1,37,71,0,29,34,255,0,0
20:35:13,37.8,20,73,0,29,34,255,0,0
20:35:14,37.3,20,73,0,29,36,255,0,0
20:35:15,36.7,71,72,0,29,36,255,0,0
20:35:16,35.7,240,70,0,29,36,255,0,0
20:35:17,34.4,426,67,0,29,36,255,0,0
20:35:18,31.9,477,63,0,29,36,255,0,0
20:35:19,32.3,432,62,0,29,36,255,0,0
20:35:20,33.2,432,62,0,29,36,255,0,0
20:35:21,34.3,357,65,0,29,36,255,0,0
20:35:22,35.1,357,65,0,29,36,255,0,0
20:35:23,36.6,357,65,0,29,36,255,0,0
20:35:24,38.8,357,65,0,29,36,255,0,0
20:35:25,41.7,380,72,0,29,36,255,0,0
20:35:26,45.3,420,88,0,29,36,255,0,0
20:35:27,47.3,423,92,0,29,36,255,0,0
20:35:28,48.2,527,93,0,29,36,255,0,0
20:35:29,49,527,93,0,29,36,255,0,0
20:35:30,49.7,527,93,0,29,36,255,0,0
20:35:31,51.8,680,96,0,29,36,255,0,0
20:35:32,58,873,109,0,29,36,255,0,0
20:35:33,65.9,984,128,0,29,36,255,0,0
20:35:34,66.2,932,129,0,29,36,255,0,0
20:35:35,65.9,932,129,0,29,36,255,0,0
20:35:36,66.8,932,129,0,29,36,255,0,0
20:35:37,69,820,129,0,29,36,255,0,0
20:35:38,71.1,840,137,0,29,36,255,0,0
20:35:39,71.8,920,140,0,29,36,255,0,0
20:35:40,71.4,920,140,0,29,36,255,0,0
20:35:41,70.1,0,0,0,29,36,255,0,0
20:35:42,70.3,0,0,0,29,36,255,0,0
20:35:43,70.3,0,0,0,29,36,255,0,0
20:35:44,71.4,0,0,0,29,36,255,0,0
20:35:45,71.6,0,0,0,29,36,255,0,0
20:35:46,72.5,886,142,0,29,36,255,0,0
20:35:47,72.5,886,142,0,29,36,255,0,0
20:35:48,71.1,0,0,0,29,36,255,0,0
20:35:49,69.8,0,0,0,29,36,255,0,0
20:35:50,68.6,0,0,0,29,36,255,0,0
20:35:51,69,0,0,0,29,36,255,0,0
20:35:52,68.8,307,134,0,29,36,255,0,0
20:35:53,68.6,307,134,0,29,36,255,0,0
20:35:54,65.5,272,131,0,29,36,255,0,0
20:35:55,63.1,272,131,0,29,36,255,0,0
20:35:56,62.1,0,0,0,29,36,255,0,0
20:35:57,62.4,0,0,0,29,36,255,0,0
20:35:58,62.4,0,0,0,29,36,255,0,0
20:35:59,64.9,0,0,0,29,36,255,0,0
20:36:00,65.9,0,0,0,29,36,255,0,0
20:36:01,64,0,0,0,29,36,255,0,0
20:36:02,62.5,0,0,0,29,36,255,0,0
20:36:03,63.4,0,0,0,29,36,255,0,0
20:36:04,63.4,666,124,0,29,36,255,0,0
20:36:05,63.9,220,124,0,29,36,255,0,0
20:36:06,60.4,373,122,0,29,36,255,0,0
20:36:07,51,405,108,0,29,36,255,0,0
20:36:08,48.5,195,96,0,29,36,255,0,0
20:36:09,47.6,4,94,0,29,36,255,0,0
20:36:10,46.7,4,94,0,29,36,255,0,0
20:36:11,45.9,4,91,0,29,36,255,0,0
20:36:12,45.6,4,91,0,29,36,255,0,0
20:36:13,45.3,4,91,0,29,36,255,0,0
20:36:14,45.7,4,89,0,29,34,255,0,0
20:36:15,45,4,89,0,29,34,255,0,0
20:36:16,43.9,4,89,0,29,34,255,0,0
20:36:17,43,4,85,0,29,34,255,0,0
20:36:18,43,4,81,0,29,34,255,0,0
20:36:19,41.3,4,81,0,29,34,255,0,0
20:36:20,39.8,4,81,0,29,34,255,0,0
20:36:21,39.3,12,77,0,29,34,255,0,0
20:36:22,38.9,12,77,0,29,34,255,0,0
20:36:23,38.7,29,75,0,29,34,255,0,0
20:36:24,38.4,29,75,0,29,34,255,0,0
20:36:25,38.6,29,75,0,29,34,255,0,0
20:36:26,38.7,44,75,0,29,34,255,0,0
20:36:27,38.4,176,75,0,29,34,255,0,0
20:36:28,36.1,210,70,0,29,34,255,0,0
20:36:29,31.6,210,70,0,29,34,255,0,0
20:36:30,30.3,191,60,0,29,34,255,0,0
20:36:31,31.6,191,60,0,29,34,255,0,0
20:36:32,33.2,158,61,0,29,34,255,0,0
20:36:33,34.7,209,65,0,29,34,255,0,0
20:36:34,35.8,273,68,0,29,34,255,0,0
20:36:35,36.5,323,70,0,29,34,255,0,0
20:36:36,36.5,344,71,0,29,34,255,0,0
20:36:37,36.5,374,71,0,29,34,255,0,0
20:36:38,35.4,374,71,0,29,34,255,0,0
20:36:39,34.4,374,71,0,29,34,255,0,0
20:36:40,35.2,458,69,0,29,36,255,0,0
20:36:41,36.2,435,69,0,29,36,255,0,0
20:36:42,36.7,435,69,0,29,36,255,0,0
20:36:43,38.3,435,69,0,29,36,255,0,0
20:36:44,41.7,412,73,0,29,36,255,0,0
20:36:45,46.3,412,73,0,29,36,255,0,0
20:36:46,46.9,451,89,0,29,36,255,0,0
20:36:47,48.9,546,95,0,29,36,255,0,0
20:36:48,48.9,546,95,0,29,36,255,0,0
20:36:49,54.6,555,99,0,29,36,255,0,0
20:36:50,59.3,732,113,0,29,36,255,0,0
20:36:51,61.7,732,113,0,29,36,255,0,0
20:36:52,62.7,732,113,0,29,36,255,0,0
20:36:53,62.2,732,113,0,29,36,255,0,0
20:36:54,60.7,711,121,0,29,36,255,0,0
20:36:55,60.7,549,118,0,29,36,255,0,0
20:36:56,60.6,549,118,0,29,36,255,0,0
20:36:57,62.4,531,120,0,29,36,255,0,0
20:36:58,63.1,508,123,0,29,36,255,0,0
20:36:59,61.4,433,122,0,29,36,255,0,0
20:37:00,57.9,433,122,0,29,36,255,0,0
20:37:01,56.8,433,122,0,29,36,255,0,0
20:37:02,56.6,313,114,0,29,36,255,0,0
20:37:03,56.1,313,114,0,29,36,255,0,0
20:37:04,55,0,0,0,29,36,255,0,0
20:37:05,53.2,0,0,0,29,36,255,0,0
20:37:06,52.5,0,0,0,29,36,255,0,0
20:37:07,54,0,0,0,29,36,255,0,0
20:37:08,54.6,0,0,0,29,36,255,0,0
20:37:09,54.7,0,0,0,29,36,255,0,0
20:37:10,55.7,0,0,0,29,36,255,0,0
20:37:11,56.2,0,0,0,29,36,255,0,0
20:37:12,55.9,284,108,0,29,36,255,0,0
20:37:13,55.6,218,109,0,29,36,255,0,0
20:37:14,57.3,218,109,0,29,36,255,0,0
20:37:15,57.3,207,112,0,29,36,255,0,0
20:37:16,57.2,286,111,0,29,34,255,0,0
20:37:17,56.6,304,110,0,29,34,255,0,0
20:37:18,55.1,304,110,0,29,34,255,0,0
20:37:19,54.1,340,106,0,29,34,255,0,0
20:37:20,54.5,520,106,0,29,34,255,0,0
20:37:21,54.5,541,109,0,29,34,255,0,0
20:37:22,57.6,541,109,0,29,34,255,0,0
20:37:23,59,541,109,0,29,34,255,0,0
20:37:24,59.3,460,115,0,29,34,255,0,0
20:37:25,57.2,333,112,0,29,34,255,0,0
20:37:26,55.1,279,107,0,29,34,255,0,0
20:37:27,54.1,305,106,0,29,34,255,0,0
20:37:28,52.8,262,105,0,29,34,255,0,0
20:37:29,52.2,262,105,0,29,34,255,0,0
20:37:30,51.7,262,105,0,29,34,255,0,0
20:37:31,54.4,459,104,0,29,34,255,0,0
20:37:32,57.6,528,111,0,29,34,255,0,0
20:37:33,58.2,528,111,0,29,34,255,0,0
20:37:34,56.5,0,0,0,29,34,255,0,0
20:37:35,54.9,0,0,0,29,34,255,0,0
20:37:36,54.6,0,0,0,29,34,255,0,0
20:37:37,50.7,0,0,0,29,34,255,0,0
20:37:38,45.1,82,94,0,29,34,255,0,0
20:37:39,44,82,85,0,29,34,255,0,0
20:37:40,43.6,82,85,0,29,34,255,0,0
20:37:41,43.6,82,85,0,29,34,255,0,0
20:37:42,43.1,82,84,0,29,34,255,0,0
20:37:43,42.2,82,82,0,29,34,255,0,0
20:37:44,40.9,82,79,0,29,34,255,0,0
20:37:45,40.4,82,79,0,29,34,255,0,0
20:37:46,39.9,82,79,0,29,34,255,0,0
20:37:47,39.7,106,77,0,29,34,255,0,0
20:37:48,38.7,252,75,0,29,34,255,0,0
20:37:49,37,252,75,0,29,34,255,0,0
20:37:50,33.2,341,68,0,29,34,255,0,0
20:37:51,31.1,358,60,0,29,34,255,0,0
20:37:52,31.6,354,61,0,29,34,255,0,0
20:37:53,32.7,354,61,0,29,34,255,0,0
20:37:54,32.4,164,63,0,29,34,255,0,0
20:37:55,31.3,24,62,0,29,34,255,0,0
20:37:56,31.6,24,62,0,29,34,255,0,0
20:37:57,31.9,24,61,0,29,34,255,0,0
20:37:58,33.3,24,61,0,29,34,255,0,0
20:37:59,34,24,65,0,29,34,255,0,0
20:38:00,34.4,24,65,0,29,36,255,0,0
20:38:01,34.6,24,67,0,29,36,255,0,0
20:38:02,34.9,24,67,0,29,36,255,0,0
20:38:03,33.9,263,68,0,29,36,255,0,0
20:38:04,33.6,484,66,0,29,36,255,0,0
20:38:05,32.3,484,66,0,29,36,255,0,0
20:38:06,32.6,521,64,0,29,36,255,0,0
20:38:07,34.7,521,64,0,29,36,255,0,0
20:38:08,37.1,490,66,0,29,36,255,0,0
20:38:09,41.3,571,73,0,29,36,255,0,0
20:38:10,46.6,803,85,0,29,36,255,0,0
20:38:11,50.7,803,85,0,29,36,255,0,0
20:38:12,56.1,803,85,0,29,36,255,0,0
20:38:13,64.1,803,85,0,29,36,255,0,0
20:38:14,66.5,0,0,0,29,36,255,0,0
20:38:15,69.6,0,0,0,29,36,255,0,0
20:38:16,71,0,0,0,29,36,255,0,0
20:38:17,71.5,0,0,0,29,36,255,0,0
20:38:18,70,0,0,0,29,36,255,0,0
20:38:19,68,0,0,0,29,36,255,0,0
20:38:20,67.8,360,132,0,29,36,255,0,0
20:38:21,68.8,360,132,0,29,36,255,0,0
20:38:22,70.8,472,135,0,29,34,255,0,0
20:38:23,71,472,135,0,29,34,255,0,0
20:38:24,70.5,472,135,0,29,34,255,0,0
20:38:25,67.5,472,135,0,29,34,255,0,0
20:38:26,67.5,548,134,0,29,34,255,0,0
20:38:27,67.6,542,132,0,29,34,255,0,0
20:38:28,69.9,523,134,0,29,34,255,0,0
20:38:29,70.7,592,138,0,29,34,255,0,0
20:38:30,70.9,633,138,0,29,34,255,0,0
20:38:31,68.8,633,138,0,29,34,255,0,0
20:38:32,67.1,633,138,0,29,34,255,0,0
20:38:33,66.7,633,138,0,29,34,255,0,0
20:38:34,66.9,391,131,0,29,34,255,0,0
20:38:35,67.4,106,131,0,29,34,255,0,0
20:38:36,63.8,1,125,0,29,34,255,0,0
20:38:37,60.4,1,118,0,29,34,255,0,0
20:38:38,59,78,115,0,29,34,255,0,0
20:38:39,60.2,452,117,0,29,34,255,0,0
20:38:40,60.1,473,117,0,29,34,255,0,0
20:38:41,60.1,550,117,0,29,34,255,0,0
20:38:42,60,556,117,0,29,34,255,0,0
20:38:43,59.3,556,117,0,29,34,255,0,0
20:38:44,62.1,573,119,0,29,34,255,0,0
20:38:45,63.8,208,123,0,29,34,255,0,0
20:38:46,60.9,171,117,0,29,34,255,0,0
20:38:47,57,238,114,0,29,36,255,0,0
20:38:48,51.3,229,111,0,29,36,255,0,0
20:38:49,47.1,106,95,0,29,36,255,0,0
20:38:50,47,106,92,0,29,36,255,0,0
20:38:51,47.6,106,93,0,29,36,255,0,0
20:38:52,47,106,91,0,29,36,255,0,0
20:38:53,45.9,106,89,0,29,36,255,0,0
20:38:54,45.6,106,89,0,29,36,255,0,0
20:38:55,44.4,106,87,0,29,36,255,0,0
20:38:56,42.9,106,84,0,29,36,255,0,0
20:38:57,42.1,106,83,0,29,34,255,0,0
20:38:58,41.2,106,81,0,29,34,255,0,0
20:38:59,40.6,106,81,0,29,34,255,0,0
20:39:00,40.8,106,81,0,29,34,255,0,0
20:39:01,38.3,159,78,0,29,34,255,0,0
20:39:02,34.9,210,68,0,29,34,255,0,0
20:39:03,34.3,210,68,0,29,34,255,0,0
20:39:04,33.9,174,67,0,29,34,255,0,0
20:39:05,34.1,174,67,0,29,34,255,0,0
20:39:06,34.4,101,66,0,29,34,255,0,0
20:39:07,34.6,51,67,0,29,34,255,0,0
20:39:08,35.8,46,67,0,29,34,255,0,0
20:39:09,36.6,51,71,0,29,34,255,0,0
20:39:10,37,51,71,0,29,34,255,0,0
20:39:11,37.4,0,0,0,29,34,255,0,0
20:39:12,37.2,0,0,0,29,34,255,0,0
20:39:13,36.6,0,0,0,29,34,255,0,0
20:39:14,35,0,0,0,29,34,255,0,0
20:39:15,33.3,275,65,0,29,34,255,0,0
20:39:16,33.4,275,65,0,29,34,255,0,0
20:39:17,33.8,275,65,0,29,34,255,0,0
20:39:18,33.8,275,65,0,29,34,255,0,0
20:39:19,33.9,215,65,0,29,34,255,0,0
20:39:20,33.8,106,66,0,29,34,255,0,0
20:39:21,34.2,40,66,0,29,36,255,0,0
20:39:22,36,16,67,0,29,36,255,0,0
20:39:23,37.6,57,71,0,29,36,255,0,0
20:39:24,39.1,57,71,0,29,36,255,0,0
20:39:25,39.8,222,76,0,29,36,255,0,0
20:39:26,39.4,339,77,0,29,36,255,0,0
20:39:27,38.8,354,76,0,29,36,255,0,0
20:39:28,37.7,354,76,0,29,36,255,0,0
20:39:29,35.3,354,76,0,29,36,255,0,0
20:39:30,35.4,443,71,0,29,36,255,0,0
20:39:31,36.9,443,71,0,29,36,255,0,0
20:39:32,40.1,520,73,0,29,36,255,0,0
20:39:33,45.5,591,83,0,29,36,255,0,0
20:39:34,48.6,700,92,0,29,36,255,0,0
20:39:35,53.4,596,101,0,29,36,255,0,0
20:39:36,60.4,596,101,0,29,36,255,0,0
20:39:37,61.2,614,117,0,29,36,255,0,0
20:39:38,62.2,389,120,0,29,36,255,0,0
20:39:39,63.9,524,124,0,29,36,255,0,0
20:39:40,64.6,683,126,0,29,36,255,0,0
20:39:41,64.9,715,127,0,29,36,255,0,0
20:39:42,63.4,610,126,0,29,36,255,0,0
20:39:43,62,610,126,0,29,36,255,0,0
20:39:44,61.2,0,0,0,29,34,255,0,0
20:39:45,61.3,0,0,0,29,34,255,0,0
20:39:46,62.6,0,0,0,29,34,255,0,0
20:39:47,63.3,0,0,0,29,34,255,0,0
20:39:48,63.8,657,124,0,29,34,255,0,0
20:39:49,62.7,657,124,0,29,34,255,0,0
20:39:50,60.8,657,124,0,29,34,255,0,0
20:39:51,60.9,529,120,0,29,34,255,0,0
20:39:52,60.8,430,118,0,29,34,255,0,0
20:39:53,62.1,416,120,0,29,34,255,0,0
20:39:54,62.4,473,123,0,29,34,255,0,0
20:39:55,60.4,473,123,0,29,34,255,0,0
20:39:56,59.4,429,116,0,29,34,255,0,0
20:39:57,58.5,429,116,0,29,34,255,0,0
20:39:58,57.9,429,116,0,29,34,255,0,0
20:39:59,58,429,116,0,29,34,255,0,0
20:40:00,57.6,312,113,0,29,34,255,0,0
20:40:01,58.5,312,113,0,29,34,255,0,0
20:40:02,59.1,0,0,0,29,34,255,0,0
20:40:03,59.9,0,0,0,29,34,255,0,0
20:40:04,58.1,0,0,0,29,34,255,0,0
20:40:05,55,0,0,0,29,34,255,0,0
20:40:06,54.7,0,0,0,29,34,255,0,0
20:40:07,54.7,0,0,0,29,34,255,0,0
20:40:08,55.2,369,106,0,29,34,255,0,0
20:40:09,56.2,617,109,0,29,34,255,0,0
20:40:10,58.7,617,109,0,29,34,255,0,0
20:40:11,58.8,510,114,0,29,34,255,0,0
20:40:12,57.2,253,113,0,29,34,255,0,0
20:40:13,56.5,519,111,0,29,34,255,0,0
20:40:14,56.7,364,110,0,29,34,255,0,0
20:40:15,53.5,245,106,0,29,34,255,0,0
20:40:16,46.1,243,94,0,29,34,255,0,0
20:40:17,46.1,33,89,0,29,34,255,0,0
20:40:18,45.7,33,89,0,29,34,255,0,0
20:40:19,45.1,33,88,0,29,34,255,0,0
20:40:20,44.6,33,87,0,29,34,255,0,0
20:40:21,43.5,33,85,0,29,34,255,0,0
20:40:22,41.8,33,83,0,29,34,255,0,0
20:40:23,40.9,33,80,0,29,34,255,0,0
20:40:24,40.8,33,80,0,29,34,255,0,0
20:40:25,40.8,22,78,0,29,34,255,0,0
20:40:26,39.9,22,78,0,29,34,255,0,0
20:40:27,39.8,81,78,0,29,34,255,0,0
20:40:28,36.3,81,78,0,29,34,255,0,0
20:40:29,33.4,227,67,0,29,34,255,0,0
20:40:30,32.7,227,67,0,29,34,255,0,0
20:40:31,33.1,208,64,0,29,34,255,0,0
20:40:32,33.3,138,64,0,29,34,255,0,0
20:40:33,32.5,71,64,0,29,34,255,0,0
20:40:34,31.8,71,64,0,29,34,255,0,0
20:40:35,32.3,57,61,0,29,34,255,0,0
20:40:36,33.5,70,65,0,29,34,255,0,0
20:40:37,35.4,143,68,0,29,34,255,0,0
20:40:38,36.6,139,71,0,29,34,255,0,0
20:40:39,36.8,127,71,0,29,34,255,0,0
20:40:40,36.2,204,71,0,29,34,255,0,0
20:40:41,35.9,204,71,0,29,34,255,0,0
20:40:42,34.4,0,0,0,29,34,255,0,0
20:40:43,33.2,0,0,0,29,34,255,0,0
20:40:44,34,0,0,0,29,34,255,0,0
20:40:45,35.6,0,0,0,29,34,255,0,0
20:40:46,35.8,0,0,0,29,34,255,0,0
20:40:47,37.3,0,0,0,29,34,255,0,0
20:40:48,39.8,0,0,0,29,34,255,0,0
20:40:49,44.3,0,0,0,29,34,255,0,0
20:40:50,46.3,0,0,0,29,36,255,0,0
20:40:51,46.3,464,83,0,29,36,255,0,0
20:40:52,53.6,627,106,0,29,36,255,0,0
20:40:53,61.6,660,121,0,29,36,255,0,0
20:40:54,64,660,121,0,29,36,255,0,0
20:40:55,63.4,386,124,0,29,36,255,0,0
20:40:56,62.2,367,121,0,29,36,255,0,0
20:40:57,62.2,311,118,0,29,36,255,0,0
20:40:58,60.5,311,118,0,29,36,255,0,0
20:40:59,60.8,432,118,0,29,34,255,0,0
20:41:00,61,432,118,0,29,34,255,0,0
20:41:01,62.3,405,121,0,29,34,255,0,0
20:41:02,64,680,125,0,29,34,255,0,0
20:41:03,64.3,680,125,0,29,34,255,0,0
20:41:04,63.3,0,0,0,29,34,255,0,0
20:41:05,61.5,0,0,0,29,34,255,0,0
20:41:06,61.6,0,0,0,29,34,255,0,0
20:41:07,61.3,0,0,0,29,34,255,0,0
20:41:08,61.7,471,121,0,29,34,255,0,0
20:41:09,63.3,518,124,0,29,34,255,0,0
20:41:10,61.9,440,122,0,29,34,255,0,0
20:41:11,59.5,336,118,0,29,34,255,0,0
20:41:12,59.3,389,115,0,29,34,255,0,0
20:41:13,60,389,115,0,29,34,255,0,0
20:41:14,60.6,389,115,0,29,34,255,0,0
20:41:15,60.7,491,117,0,29,34,255,0,0
20:41:16,62.6,491,117,0,29,34,255,0,0
20:41:17,62.7,351,122,0,29,34,255,0,0
20:41:18,61.7,340,120,0,29,34,255,0,0
20:41:19,59.2,339,119,0,29,34,255,0,0
20:41:20,56.9,258,113,0,29,34,255,0,0
20:41:21,55.8,248,109,0,29,34,255,0,0
20:41:22,55.8,248,109,0,29,34,255,0,0
20:41:23,54.7,248,109,0,29,34,255,0,0
20:41:24,54.7,324,107,0,29,34,255,0,0
20:41:25,55.4,332,107,0,29,34,255,0,0
20:41:26,57.1,332,107,0,29,34,255,0,0
20:41:27,58.9,442,113,0,29,34,255,0,0
20:41:28,57.5,442,113,0,29,34,255,0,0
20:41:29,57.2,442,113,0,29,34,255,0,0
20:41:30,57,304,112,0,29,34,255,0,0
20:41:31,51.8,213,107,0,29,34,255,0,0
20:41:32,45.7,119,90,0,29,34,255,0,0
20:41:33,44.9,119,90,0,29,34,255,0,0
20:41:34,45,119,90,0,29,34,255,0,0
20:41:35,44.4,119,86,0,29,34,255,0,0
20:41:36,42.9,119,85,0,29,34,255,0,0
20:41:37,41.8,119,85,0,29,34,255,0,0
20:41:38,40.9,119,81,0,29,34,255,0,0
20:41:39,40.9,119,79,0,29,34,255,0,0
20:41:40,40.9,6,78,0,29,34,255,0,0
20:41:41,39.9,6,78,0,29,34,255,0,0
20:41:42,39.7,3,77,0,29,34,255,0,0
20:41:43,39.6,3,77,0,29,34,255,0,0
20:41:44,38.8,67,76,0,29,34,255,0,0
20:41:45,37.7,67,76,0,29,34,255,0,0
20:41:46,36.8,67,76,0,29,34,255,0,0
20:41:47,35.3,69,72,0,29,34,255,0,0
20:41:48,33.6,63,66,0,29,34,255,0,0
20:41:49,33.5,63,66,0,29,34,255,0,0
20:41:50,33.6,101,65,0,29,34,255,0,0
20:41:51,34.2,101,65,0,29,34,255,0,0
20:41:52,34.3,142,66,0,29,34,255,0,0
20:41:53,34.1,142,66,0,29,34,255,0,0
20:41:54,33.5,142,66,0,29,34,255,0,0
20:41:55,33.1,264,66,0,29,34,255,0,0
20:41:56,31.7,374,63,0,29,34,255,0,0
20:41:57,32.5,374,63,0,29,34,255,0,0
20:41:58,33,374,63,0,29,34,255,0,0
20:41:59,33.4,317,63,0,29,34,255,0,0
20:42:00,33.7,317,63,0,29,34,255,0,0
20:42:01,33.8,213,65,0,29,34,255,0,0
20:42:02,34.1,161,66,0,29,34,255,0,0
20:42:03,35.1,161,66,0,29,34,255,0,0
20:42:04,37.9,117,69,0,29,34,255,0,0
20:42:05,39.5,164,76,0,29,36,255,0,0
20:42:06,40,164,76,0,29,36,255,0,0
20:42:07,40.6,226,78,0,29,36,255,0,0
20:42:08,40,296,78,0,29,36,255,0,0
20:42:09,38.9,296,78,0,29,36,255,0,0
20:42:10,38.8,296,78,0,29,36,255,0,0
20:42:11,41.2,296,78,0,29,36,255,0,0
20:42:12,43.4,387,79,0,29,36,255,0,0
20:42:13,43.3,387,79,0,29,36,255,0,0
20:42:14,42.5,456,83,0,29,36,255,0,0
20:42:15,43.5,456,83,0,29,36,255,0,0
20:42:16,46.3,456,83,0,29,36,255,0,0
20:42:17,48.8,544,91,0,29,36,255,0,0
20:42:18,50.6,544,91,0,29,36,255,0,0
20:42:19,52.2,631,99,0,29,36,255,0,0
20:42:20,60.5,767,116,0,29,36,255,0,0
20:42:21,63.7,646,125,0,29,36,255,0,0
20:42:22,64.5,646,125,0,29,36,255,0,0
20:42:23,62.8,332,123,0,29,36,255,0,0
20:42:24,60.9,332,123,0,29,36,255,0,0
20:42:25,60.2,332,123,0,29,36,255,0,0
20:42:26,59.8,332,123,0,29,36,255,0,0
20:42:27,60.9,325,118,0,29,36,255,0,0
20:42:28,63.4,605,119,0,29,34,255,0,0
20:42:29,65.2,605,119,0,29,34,255,0,0
20:42:30,65.7,748,126,0,29,34,255,0,0
20:42:31,64.1,748,126,0,29,34,255,0,0
20:42:32,64,598,125,0,29,34,255,0,0
20:42:33,64.6,540,126,0,29,34,255,0,0
20:42:34,66.7,540,126,0,29,34,255,0,0
20:42:35,68.2,610,129,0,29,34,255,0,0
20:42:36,68.8,628,134,0,29,34,255,0,0
20:42:37,68.1,628,134,0,29,34,255,0,0
20:42:38,65.7,363,131,0,29,34,255,0,0
20:42:39,65.1,274,127,0,29,34,255,0,0
20:42:40,64.6,274,127,0,29,34,255,0,0
20:42:41,65.1,0,0,0,29,34,255,0,0
20:42:42,64.3,0,0,0,29,34,255,0,0
20:42:43,64.2,0,0,0,29,34,255,0,0
20:42:44,66.1,0,0,0,29,34,255,0,0
20:42:45,65.8,0,0,0,29,34,255,0,0
20:42:46,65.1,0,0,0,29,34,255,0,0
20:42:47,65.4,0,0,0,29,34,255,0,0
20:42:48,66.9,523,133,0,29,34,255,0,0
20:42:49,68.6,591,134,0,29,34,255,0,0
20:42:50,68.4,540,134,0,29,34,255,0,0
20:42:51,67.5,664,132,0,29,34,255,0,0
20:42:52,66.1,604,131,0,29,34,255,0,0
20:42:53,65.5,439,128,0,29,34,255,0,0
20:42:54,57,439,128,0,29,34,255,0,0
20:42:55,52.9,302,118,0,29,34,255,0,0
20:42:56,53.2,163,103,0,29,34,255,0,0
20:42:57,52.1,2,103,0,29,34,255,0,0
20:42:58,51.3,6,100,0,29,34,255,0,0
20:42:59,49.4,6,100,0,29,34,255,0,0
20:43:00,47.6,12,96,0,29,34,255,0,0
20:43:01,46.4,12,96,0,29,34,255,0,0
20:43:02,46.2,9,91,0,29,34,255,0,0
20:43:03,44.7,9,91,0,29,34,255,0,0
20:43:04,44.9,9,88,0,29,34,255,0,0
20:43:05,45,4,87,0,29,34,255,0,0
20:43:06,44.5,4,87,0,29,34,255,0,0
20:43:07,43.8,4,85,0,29,34,255,0,0
20:43:08,43.3,4,85,0,29,34,255,0,0
20:43:09,42.7,4,83,0,29,34,255,0,0
20:43:10,40.9,4,83,0,29,34,255,0,0
20:43:11,40.3,4,83,0,29,34,255,0,0
20:43:12,40,4,83,0,29,34,255,0,0
20:43:13,39.4,31,78,0,29,34,255,0,0
20:43:14,39.1,31,76,0,29,34,255,0,0
20:43:15,39.2,13,76,0,29,34,255,0,0
20:43:16,39.6,13,76,0,29,34,255,0,0
20:43:17,39.9,81,77,0,29,34,255,0,0
20:43:18,39.7,81,77,0,29,34,255,0,0
20:43:19,36.8,198,77,0,29,34,255,0,0
20:43:20,33.1,198,77,0,29,34,255,0,0
20:43:21,31.8,198,77,0,29,34,255,0,0
20:43:22,33.5,199,65,0,29,34,255,0,0
20:43:23,35.4,262,66,0,29,34,255,0,0
20:43:24,37.5,390,72,0,29,34,255,0,0
20:43:25,38.2,390,72,0,29,34,255,0,0
20:43:26,39.1,391,76,0,29,34,255,0,0
20:43:27,39.9,391,76,0,29,34,255,0,0
20:43:28,39.3,533,77,0,29,34,255,0,0
20:43:29,40,533,77,0,29,34,255,0,0
20:43:30,43.4,533,77,0,29,34,255,0,0
20:43:31,47.5,672,81,0,29,34,255,0,0
20:43:32,50.8,830,94,0,29,34,255,0,0
20:43:33,55.6,830,94,0,29,34,255,0,0
20:43:34,63.7,0,0,0,29,34,255,0,0
20:43:35,64.3,0,0,0,29,34,255,0,0
20:43:36,64.4,0,0,0,29,34,255,0,0
20:43:37,65,0,0,0,29,34,255,0,0
20:43:38,65.7,0,0,0,29,34,255,0,0
20:43:39,66.2,241,128,0,29,34,255,0,0
20:43:40,64.9,241,128,0,29,34,255,0,0
20:43:41,61.6,120,123,0,29,34,255,0,0
20:43:42,60.9,131,119,0,29,34,255,0,0
20:43:43,60.1,111,118,0,29,34,255,0,0
20:43:44,60.4,111,118,0,29,34,255,0,0
20:43:45,60.8,255,118,0,29,34,255,0,0
20:43:46,61.5,337,120,0,29,34,255,0,0
20:43:47,61.5,433,120,0,29,34,255,0,0
20:43:48,60.6,433,120,0,29,34,255,0,0
20:43:49,61.2,433,120,0,29,34,255,0,0
20:43:50,61.7,702,120,0,29,34,255,0,0
20:43:51,62.4,702,120,0,29,34,255,0,0
20:43:52,64.6,702,120,0,29,34,255,0,0
20:43:53,64.6,486,125,0,29,34,255,0,0
20:43:54,62.7,320,125,0,29,34,255,0,0
20:43:55,59.4,225,117,0,29,34,255,0,0
20:43:56,58.9,225,117,0,29,34,255,0,0
20:43:57,59,225,117,0,29,34,255,0,0
20:43:58,58.4,165,114,0,29,34,255,0,0
20:43:59,58.6,292,114,0,29,34,255,0,0
20:44:00,59,292,114,0,29,34,255,0,0
20:44:01,59.6,292,114,0,29,34,255,0,0
20:44:02,60,366,116,0,29,34,255,0,0
20:44:03,57.2,366,116,0,29,34,255,0,0
20:44:04,54.8,291,110,0,29,34,255,0,0
20:44:05,54.7,291,110,0,29,34,255,0,0
20:44:06,53.4,291,110,0,29,34,255,0,0
20:44:07,51.7,291,110,0,29,34,255,0,0
20:44:08,51,151,102,0,29,34,255,0,0
20:44:09,51.7,134,100,0,29,34,255,0,0
20:44:10,52.1,93,101,0,29,34,255,0,0
20:44:11,50.7,1,100,0,29,34,255,0,0
20:44:12,51.1,1,100,0,29,34,255,0,0
20:44:13,52.8,1,100,0,29,34,255,0,0
20:44:14,53.3,472,100,0,29,34,255,0,0
20:44:15,52,472,100,0,29,34,255,0,0
20:44:16,45.7,349,95,0,29,34,255,0,0
20:44:17,45.4,37,88,0,29,34,255,0,0
20:44:18,45.3,37,88,0,29,34,255,0,0
20:44:19,44.5,0,0,0,29,34,255,0,0
20:44:20,43.8,0,0,0,29,34,255,0,0
20:44:21,42.8,0,0,0,29,34,255,0,0
20:44:22,41.4,0,0,0,29,34,255,0,0
20:44:23,40.7,0,0,0,29,34,255,0,0
20:44:24,40,0,0,0,29,34,255,0,0
20:44:25,39.4,0,77,0,29,34,255,0,0
20:44:26,39.2,0,76,0,29,34,255,0,0
20:44:27,39.2,0,76,0,29,34,255,0,0
20:44:28,39.1,0,76,0,29,34,255,0,0
20:44:29,38.7,45,76,0,29,34,255,0,0
20:44:30,38,45,76,0,29,34,255,0,0
20:44:31,35.1,309,74,0,29,34,255,0,0
20:44:32,33.5,309,74,0,29,34,255,0,0
20:44:33,33.2,132,66,0,29,34,255,0,0
20:44:34,34.2,132,66,0,29,34,255,0,0
20:44:35,34.6,50,67,0,29,34,255,0,0
20:44:36,35.1,128,68,0,29,34,255,0,0
20:44:37,35,159,68,0,29,34,255,0,0
20:44:38,34.8,231,68,0,29,34,255,0,0
20:44:39,34.2,231,68,0,29,34,255,0,0
20:44:40,33.4,231,68,0,29,34,255,0,0
20:44:41,32.1,231,68,0,29,34,255,0,0
20:44:42,32.8,343,64,0,29,34,255,0,0
20:44:43,33.8,343,64,0,29,34,255,0,0
20:44:44,34.6,283,66,0,29,34,255,0,0
20:44:45,35.3,283,66,0,29,34,255,0,0
20:44:46,36.5,321,69,0,29,34,255,0,0
20:44:47,38,399,71,0,29,34,255,0,0
20:44:48,43.1,508,78,0,29,34,255,0,0
20:44:49,45.9,616,88,0,29,34,255,0,0
20:44:50,47.8,556,93,0,29,34,255,0,0
20:44:51,48.4,556,93,0,29,34,255,0,0
20:44:52,50.9,720,95,0,29,34,255,0,0
20:44:53,60.7,614,115,0,29,34,255,0,0
20:44:54,62.4,614,115,0,29,34,255,0,0
20:44:55,61.4,614,115,0,29,34,255,0,0
20:44:56,61,228,120,0,29,34,255,0,0
20:44:57,60,213,118,0,29,34,255,0,0
20:44:58,59.6,213,118,0,29,34,255,0,0
20:44:59,58.7,213,118,0,29,34,255,0,0
20:45:00,57.8,411,114,0,29,34,255,0,0
20:45:01,56.8,496,111,0,29,34,255,0,0
20:45:02,58.1,53,112,0,29,34,255,0,0
20:45:03,58.1,1,113,0,29,34,255,0,0
20:45:04,56.4,1,113,0,29,34,255,0,0
20:45:05,54.5,203,107,0,29,34,255,0,0
20:45:06,54.3,330,106,0,29,34,255,0,0
20:45:07,54.7,330,106,0,29,34,255,0,0
20:45:08,56.5,573,108,0,29,34,255,0,0
20:45:09,60,926,115,0,29,34,255,0,0
20:45:10,61.9,878,119,0,29,34,255,0,0
20:45:11,62.5,632,121,0,29,34,255,0,0
20:45:12,61.4,632,121,0,29,34,255,0,0
20:45:13,59.5,0,0,0,29,34,255,0,0
20:45:14,59.1,0,0,0,29,34,255,0,0
20:45:15,58.1,0,0,0,29,34,255,0,0
20:45:16,58.3,0,0,0,29,34,255,0,0
20:45:17,58.3,0,0,0,29,34,255,0,0
20:45:18,58.7,0,0,0,29,34,255,0,0
20:45:19,59.9,0,0,0,29,34,255,0,0
20:45:20,59.6,0,0,0,29,34,255,0,0
20:45:21,58.8,0,0,0,29,34,255,0,0
20:45:22,59.4,0,0,0,29,34,255,0,0
20:45:23,59.5,0,0,0,29,34,255,0,0
20:45:24,61.1,0,0,0,29,34,255,0,0
20:45:25,62.6,671,123,0,29,34,255,0,0
20:45:26,63.2,671,123,0,29,34,255,0,0
20:45:27,62.8,0,0,0,29,34,255,0,0
20:45:28,61.4,0,0,0,29,34,255,0,0
20:45:29,61,0,0,0,29,34,255,0,0
20:45:30,61,0,0,0,29,34,255,0,0
20:45:31,61.1,0,0,0,29,34,255,0,0
20:45:32,63.5,0,0,0,29,34,255,0,0
20:45:33,63.5,0,0,0,29,34,255,0,0
20:45:34,63.1,485,123,0,29,34,255,0,0
20:45:35,60.9,392,120,0,29,34,255,0,0
20:45:36,60.3,392,120,0,29,34,255,0,0
20:45:37,59.9,363,117,0,29,34,255,0,0
20:45:38,53.1,266,113,0,29,34,255,0,0
20:45:39,50.2,130,99,0,29,34,255,0,0
20:45:40,49.6,6,98,0,29,34,255,0,0
20:45:41,48.4,9,96,0,29,34,255,0,0
20:45:42,47.9,9,94,0,29,34,255,0,0
20:45:43,47.2,9,92,0,29,34,255,0,0
20:45:44,45.7,4,90,0,29,34,255,0,0
20:45:45,45.2,36,88,0,29,34,255,0,0
20:45:46,44.7,11,87,0,29,34,255,0,0
20:45:47,44.1,7,86,0,29,34,255,0,0
20:45:48,43.7,7,85,0,29,34,255,0,0
20:45:49,43.8,7,85,0,29,34,255,0,0
20:45:50,43.6,7,85,0,29,34,255,0,0
20:45:51,43.2,7,84,0,29,34,255,0,0
20:45:52,42.2,9,82,0,29,34,255,0,0
20:45:53,41,9,82,0,29,34,255,0,0
20:45:54,39.1,57,79,0,29,34,255,0,0
20:45:55,37.5,57,79,0,29,34,255,0,0
20:45:56,36.9,57,79,0,29,34,255,0,0
20:45:57,36.5,83,72,0,29,34,255,0,0
20:45:58,35.8,186,70,0,29,34,255,0,0
20:45:59,34.9,350,68,0,29,34,255,0,0
20:46:00,33.7,350,68,0,29,34,255,0,0
20:46:01,32.2,350,68,0,29,34,255,0,0
20:46:02,33.1,374,64,0,29,34,255,0,0
20:46:03,33.8,353,65,0,29,34,255,0,0
20:46:04,34.1,290,66,0,29,34,255,0,0
20:46:05,33.8,290,66,0,29,34,255,0,0
20:46:06,33.2,202,66,0,29,34,255,0,0
20:46:07,32.9,28,64,0,29,34,255,0,0
20:46:08,33.3,28,64,0,29,34,255,0,0
20:46:09,36.2,9,68,0,29,34,255,0,0
20:46:10,37.5,9,73,0,29,34,255,0,0
20:46:11,37.7,40,73,0,29,36,255,0,0
20:46:12,37.8,322,74,0,29,36,255,0,0
20:46:13,37.6,317,74,0,29,36,255,0,0
20:46:14,36,317,74,0,29,36,255,0,0
20:46:15,35.5,0,0,0,29,36,255,0,0
20:46:16,39.9,0,0,0,29,36,255,0,0
20:46:17,42.2,0,0,0,29,36,255,0,0
20:46:18,41.4,257,81,0,29,36,255,0,0
20:46:19,39.4,257,81,0,29,36,255,0,0
20:46:20,38.9,245,77,0,29,36,255,0,0
20:46:21,42.3,245,77,0,29,36,255,0,0
20:46:22,45.2,421,81,0,29,36,255,0,0
20:46:23,47.4,610,90,0,29,36,255,0,0
20:46:24,48.5,582,94,0,29,36,255,0,0
20:46:25,49.4,639,96,0,29,36,255,0,0
20:46:26,50.8,639,96,0,29,36,255,0,0
20:46:27,56.2,704,106,0,29,36,255,0,0
20:46:28,63.7,701,124,0,29,36,255,0,0
20:46:29,63.7,701,124,0,29,36,255,0,0
20:46:30,62.2,701,124,0,29,34,255,0,0
20:46:31,61.5,259,122,0,29,34,255,0,0
20:46:32,60.7,375,119,0,29,34,255,0,0
20:46:33,61.4,375,119,0,29,34,255,0,0
20:46:34,63.1,375,119,0,29,34,255,0,0
20:46:35,64,589,123,0,29,34,255,0,0
20:46:36,64,589,123,0,29,34,255,0,0
20:46:37,61.9,322,122,0,29,34,255,0,0
20:46:38,62,322,122,0,29,34,255,0,0
20:46:39,62.9,322,122,0,29,34,255,0,0
20:46:40,63.4,848,123,0,29,34,255,0,0
20:46:41,66,848,123,0,29,34,255,0,0
20:46:42,67.8,848,123,0,29,34,255,0,0
20:46:43,68.3,848,123,0,29,34,255,0,0
20:46:44,66.5,451,129,0,29,34,255,0,0
20:46:45,64.2,451,129,0,29,34,255,0,0
20:46:46,63.1,295,124,0,29,34,255,0,0
20:46:47,62.5,295,124,0,29,34,255,0,0
20:46:48,63.9,245,123,0,29,34,255,0,0
20:46:49,63.7,296,124,0,29,34,255,0,0
20:46:50,63.4,356,123,0,29,34,255,0,0
20:46:51,62.6,336,122,0,29,34,255,0,0
20:46:52,60.5,336,122,0,29,34,255,0,0
20:46:53,60.3,389,118,0,29,34,255,0,0
20:46:54,61,445,119,0,29,34,255,0,0
20:46:55,62.3,315,120,0,29,34,255,0,0
20:46:56,62.4,371,122,0,29,34,255,0,0
20:46:57,63.2,435,122,0,29,34,255,0,0
20:46:58,62.8,395,124,0,29,34,255,0,0
20:46:59,60.4,270,120,0,29,34,255,0,0
20:47:00,60.1,294,117,0,29,34,255,0,0
20:47:01,59.6,294,117,0,29,34,255,0,0
20:47:02,59.1,261,116,0,29,34,255,0,0
20:47:03,52.2,306,109,0,29,34,255,0,0
20:47:04,47,167,92,0,29,34,255,0,0
20:47:05,46.4,167,90,0,29,34,255,0,0
20:47:06,46.2,167,90,0,29,34,255,0,0
20:47:07,45.3,167,90,0,29,34,255,0,0
20:47:08,44.1,167,88,0,29,34,255,0,0
20:47:09,43.4,167,85,0,29,34,255,0,0
20:47:10,43.1,22,84,0,29,34,255,0,0
20:47:11,42.8,22,83,0,29,34,255,0,0
20:47:12,42.2,22,82,0,29,34,255,0,0
20:47:13,41.7,22,81,0,29,34,255,0,0
20:47:14,40.9,22,80,0,29,34,255,0,0
20:47:15,40.3,22,79,0,29,34,255,0,0
20:47:16,39.6,22,78,0,29,34,255,0,0
20:47:17,38.3,18,76,0,29,34,255,0,0
20:47:18,36.4,18,76,0,29,34,255,0,0
20:47:19,33.6,1,69,0,29,34,255,0,0
20:47:20,32.5,33,64,0,29,34,255,0,0
20:47:21,32.1,94,63,0,29,34,255,0,0
20:47:22,32.6,184,62,0,29,34,255,0,0
20:47:23,32.6,184,62,0,29,34,255,0,0
20:47:24,32.6,184,62,0,29,34,255,0,0
20:47:25,32.6,297,63,0,29,34,255,0,0
20:47:26,32.4,333,63,0,29,34,255,0,0
20:47:27,33.8,333,63,0,29,34,255,0,0
20:47:28,35.1,311,65,0,29,34,255,0,0
20:47:29,35.3,217,69,0,29,34,255,0,0
20:47:30,34.9,217,69,0,29,34,255,0,0
20:47:31,33.6,217,69,0,29,34,255,0,0
20:47:32,32.9,100,67,0,29,34,255,0,0
20:47:33,34.7,99,66,0,29,34,255,0,0
20:47:34,36.1,99,66,0,29,34,255,0,0
20:47:35,37.8,221,71,0,29,34,255,0,0
20:47:36,38.5,221,71,0,29,34,255,0,0
20:47:37,39.1,421,75,0,29,34,255,0,0
20:47:38,39.1,421,75,0,29,34,255,0,0
20:47:39,39.9,660,77,0,29,34,255,0,0
20:47:40,42.1,654,78,0,29,34,255,0,0
20:47:41,46.9,649,88,0,29,34,255,0,0
20:47:42,50.1,670,96,0,29,34,255,0,0
20:47:43,53.5,681,99,0,29,34,255,0,0
20:47:44,61.3,918,116,0,29,34,255,0,0
20:47:45,61.6,985,121,0,29,34,255,0,0
20:47:46,63.9,985,121,0,29,34,255,0,0
20:47:47,64,985,121,0,29,34,255,0,0
20:47:48,66.2,711,126,0,29,34,255,0,0
20:47:49,67.1,764,131,0,29,34,255,0,0
20:47:50,67,764,131,0,29,34,255,0,0
20:47:51,65.1,757,130,0,29,34,255,0,0
20:47:52,64.3,757,130,0,29,34,255,0,0
20:47:53,64.2,644,125,0,29,34,255,0,0
20:47:54,65.2,644,125,0,29,34,255,0,0
20:47:55,67.6,0,0,0,29,34,255,0,0
20:47:56,67.8,0,0,0,29,34,255,0,0
20:47:57,67.8,0,0,0,29,34,255,0,0
20:47:58,65.7,0,0,0,29,34,255,0,0
20:47:59,64.5,0,0,0,29,34,255,0,0
20:48:00,64.3,579,125,0,29,34,255,0,0
20:48:01,65.4,579,125,0,29,34,255,0,0
20:48:02,67.2,579,125,0,29,34,255,0,0
20:48:03,67.1,587,129,0,29,34,255,0,0
20:48:04,66.4,587,129,0,29,34,255,0,0
20:48:05,64.2,0,0,0,29,34,255,0,0
20:48:06,63.6,0,0,0,29,34,255,0,0
20:48:07,63.5,0,0,0,29,34,255,0,0
20:48:08,63.8,0,0,0,29,34,255,0,0
20:48:09,65.3,0,0,0,29,34,255,0,0
20:48:10,65.1,481,127,0,29,34,255,0,0
20:48:11,64.4,481,127,0,29,34,255,0,0
20:48:12,62.3,485,124,0,29,34,255,0,0
20:48:13,61.6,465,120,0,29,34,255,0,0
20:48:14,61.4,419,120,0,29,34,255,0,0
20:48:15,61.6,419,120,0,29,34,255,0,0
20:48:16,62.2,262,121,0,29,34,255,0,0
20:48:17,54.1,202,120,0,29,34,255,0,0
20:48:18,47.5,124,96,0,29,34,255,0,0
20:48:19,46.6,124,91,0,29,34,255,0,0
20:48:20,45.2,124,91,0,29,34,255,0,0
20:48:21,44.4,124,91,0,29,34,255,0,0
20:48:22,44,124,86,0,29,34,255,0,0
20:48:23,43.3,124,84,0,29,34,255,0,0
20:48:24,43,124,84,0,29,34,255,0,0
20:48:25,43.3,124,84,0,29,34,255,0,0
20:48:26,43.2,124,84,0,29,34,255,0,0
20:48:27,42.5,124,84,0,29,34,255,0,0
20:48:28,41.7,124,82,0,29,34,255,0,0
20:48:29,40.2,14,79,0,29,34,255,0,0
20:48:30,37.6,38,76,0,29,34,255,0,0
20:48:31,35.9,63,72,0,29,34,255,0,0
20:48:32,35.4,63,72,0,29,34,255,0,0
20:48:33,35.1,96,69,0,29,34,255,0,0
20:48:34,35,96,69,0,29,34,255,0,0
20:48:35,34.6,202,67,0,29,34,255,0,0
20:48:36,34,269,67,0,29,34,255,0,0
20:48:37,32.7,320,65,0,29,34,255,0,0
20:48:38,31.7,318,62,0,29,34,255,0,0
20:48:39,32.2,318,62,0,29,34,255,0,0
20:48:40,33.3,294,63,0,29,34,255,0,0
20:48:41,33.6,219,65,0,29,34,255,0,0
20:48:42,34.3,138,66,0,29,34,255,0,0
20:48:43,35,82,68,0,29,34,255,0,0
20:48:44,36.2,96,69,0,29,34,255,0,0
20:48:45,38,85,72,0,29,34,255,0,0
20:48:46,38.4,130,74,0,29,34,255,0,0
20:48:47,39.5,130,74,0,29,34,255,0,0
20:48:48,40.2,318,77,0,29,34,255,0,0
20:48:49,41.6,318,77,0,29,34,255,0,0
20:48:50,42.6,433,81,0,29,34,255,0,0
20:48:51,42.5,433,81,0,29,34,255,0,0
20:48:52,42.7,433,81,0,29,34,255,0,0
20:48:53,44.6,433,81,0,29,34,255,0,0
20:48:54,47.3,508,85,0,29,34,255,0,0
20:48:55,50,619,94,0,29,34,255,0,0
20:48:56,57.8,604,101,0,29,34,255,0,0
20:48:57,60.7,769,115,0,29,34,255,0,0
20:48:58,61.7,750,119,0,29,34,255,0,0
20:48:59,63,649,120,0,29,34,255,0,0
20:49:00,64.5,659,124,0,29,34,255,0,0
20:49:01,64.9,692,126,0,29,34,255,0,0
20:49:02,65.4,673,128,0,29,34,255,0,0
20:49:03,64.5,673,128,0,29,34,255,0,0
20:49:04,63.3,673,128,0,29,34,255,0,0
20:49:05,62.9,504,124,0,29,34,255,0,0
20:49:06,63.1,504,124,0,29,34,255,0,0
20:49:07,65.1,504,124,0,29,34,255,0,0
20:49:08,65.1,504,124,0,29,34,255,0,0
20:49:09,64.7,469,126,0,29,34,255,0,0
20:49:10,63.4,453,124,0,29,34,255,0,0
20:49:11,61.5,345,120,0,29,34,255,0,0
20:49:12,61.1,345,120,0,29,34,255,0,0
20:49:13,60.8,345,120,0,29,34,255,0,0
20:49:14,61.1,327,119,0,29,34,255,0,0
20:49:15,59,332,117,0,29,34,255,0,0
20:49:16,59.5,396,115,0,29,34,255,0,0
20:49:17,60.4,396,115,0,29,34,255,0,0
20:49:18,59.1,539,117,0,29,34,255,0,0
20:49:19,59,454,115,0,29,34,255,0,0
20:49:20,58.6,328,114,0,29,34,255,0,0
20:49:21,58.3,317,113,0,29,34,255,0,0
20:49:22,58.9,317,113,0,29,34,255,0,0
20:49:23,57,291,114,0,29,34,255,0,0
20:49:24,54.9,195,109,0,29,34,255,0,0
20:49:25,53.6,224,106,0,29,34,255,0,0
20:49:26,52.8,224,106,0,29,34,255,0,0
20:49:27,53.1,224,106,0,29,34,255,0,0
20:49:28,53,222,103,0,29,34,255,0,0
20:49:29,53.2,222,103,0,29,34,255,0,0
20:49:30,53.9,230,104,0,29,34,255,0,0
20:49:31,54.7,289,106,0,29,34,255,0,0
20:49:32,55,309,107,0,29,34,255,0,0
20:49:33,54.8,299,106,0,29,34,255,0,0
20:49:34,53.1,299,106,0,29,34,255,0,0
20:49:35,45.3,170,100,0,29,34,255,0,0
20:49:36,41.2,137,85,0,29,34,255,0,0
20:49:37,40.8,6,79,0,29,34,255,0,0
20:49:38,40.2,6,78,0,29,34,255,0,0
20:49:39,40.2,6,78,0,29,34,255,0,0
20:49:40,40.3,6,79,0,29,34,255,0,0
20:49:41,40.1,6,79,0,29,34,255,0,0
20:49:42,39.4,6,78,0,29,34,255,0,0
20:49:43,38.3,6,78,0,29,34,255,0,0
20:49:44,37.3,6,75,0,29,34,255,0,0
20:49:45,36.5,8,72,0,29,34,255,0,0
20:49:46,35.7,29,70,0,29,34,255,0,0
20:49:47,35.6,29,70,0,29,34,255,0,0
20:49:48,35.2,55,69,0,29,34,255,0,0
20:49:49,35.2,81,69,0,29,34,255,0,0
20:49:50,34.9,52,68,0,29,34,255,0,0
20:49:51,35.3,52,68,0,29,34,255,0,0
20:49:52,35.9,83,69,0,29,34,255,0,0
20:49:53,36.3,127,70,0,29,34,255,0,0
20:49:54,35.9,103,70,0,29,34,255,0,0
20:49:55,35.6,96,70,0,29,34,255,0,0
20:49:56,34.2,107,68,0,29,34,255,0,0
20:49:57,32.8,109,66,0,29,34,255,0,0
20:49:58,31.7,72,63,0,29,34,255,0,0
20:49:59,31,72,63,0,29,34,255,0,0
20:50:00,31.1,134,61,0,29,34,255,0,0
20:50:01,31.2,222,61,0,29,34,255,0,0
20:50:02,31.1,222,61,0,29,34,255,0,0
20:50:03,32.4,299,61,0,29,34,255,0,0
20:50:04,32.2,409,63,0,29,34,255,0,0
20:50:05,32.9,379,64,0,29,34,255,0,0
20:50:06,31.1,379,64,0,29,34,255,0,0
20:50:07,30.9,379,64,0,29,34,255,0,0
20:50:08,31.5,342,61,0,29,34,255,0,0
20:50:09,33.2,289,64,0,29,34,255,0,0
20:50:10,34.5,289,64,0,29,34,255,0,0
20:50:11,34.6,220,67,0,29,34,255,0,0
20:50:12,34.8,166,67,0,29,34,255,0,0
20:50:13,36.2,191,68,0,29,34,255,0,0
20:50:14,39,253,73,0,29,34,255,0,0
20:50:15,41.1,253,73,0,29,34,255,0,0
20:50:16,42.4,346,79,0,29,34,255,0,0
20:50:17,43.6,346,79,0,29,34,255,0,0
20:50:18,43.9,346,79,0,29,34,255,0,0
20:50:19,43.9,526,85,0,29,34,255,0,0
20:50:20,45.9,526,85,0,29,34,255,0,0
20:50:21,49.2,665,94,0,29,34,255,0,0
20:50:22,62.2,665,94,0,29,34,255,0,0
20:50:23,64.7,864,122,0,29,34,255,0,0
20:50:24,64,745,125,0,29,34,255,0,0
20:50:25,64.7,745,125,0,29,34,255,0,0
20:50:26,65.3,0,0,0,29,34,255,0,0
20:50:27,67.2,0,0,0,29,34,255,0,0
20:50:28,68.7,0,0,0,29,34,255,0,0
20:50:29,69.6,0,0,0,29,34,255,0,0
20:50:30,67.8,0,0,0,29,34,255,0,0
20:50:31,66,0,0,0,29,34,255,0,0
20:50:32,65.8,508,129,0,29,34,255,0,0
20:50:33,66.3,536,128,0,29,34,255,0,0
20:50:34,67.9,536,128,0,29,34,255,0,0
20:50:35,68.5,541,132,0,29,34,255,0,0
20:50:36,67.8,541,132,0,29,34,255,0,0
20:50:37,65.9,421,131,0,29,34,255,0,0
20:50:38,64.8,421,131,0,29,34,255,0,0
20:50:39,64,421,131,0,29,34,255,0,0
20:50:40,63.9,421,131,0,29,34,255,0,0
20:50:41,63.4,235,125,0,29,34,255,0,0
20:50:42,63.4,238,123,0,29,34,255,0,0
20:50:43,63.4,238,123,0,29,34,255,0,0
20:50:44,61.8,91,121,0,29,34,255,0,0
20:50:45,60.1,140,117,0,29,34,255,0,0
20:50:46,59.6,200,116,0,29,34,255,0,0
20:50:47,59.4,219,116,0,29,34,255,0,0
20:50:48,58.8,229,115,0,29,34,255,0,0
20:50:49,58,229,115,0,29,34,255,0,0
20:50:50,59.3,325,114,0,29,34,255,0,0
20:50:51,61.9,473,119,0,29,34,255,0,0
20:50:52,62,473,119,0,29,34,255,0,0
20:50:53,61,0,0,0,29,34,255,0,0
20:50:54,61.7,0,0,0,29,34,255,0,0
20:50:55,61.1,0,0,0,29,34,255,0,0
20:50:56,61.4,1,120,0,29,34,255,0,0
20:50:57,60.9,179,117,0,29,34,255,0,0
20:50:58,49.3,280,99,0,29,34,255,0,0
20:50:59,48.3,47,94,0,29,34,255,0,0
20:51:00,46.9,47,92,0,29,34,255,0,0
20:51:01,45.6,47,90,0,29,34,255,0,0
20:51:02,45.3,47,88,0,29,34,255,0,0
20:51:03,45,47,88,0,29,34,255,0,0
20:51:04,44.4,21,87,0,29,34,255,0,0
20:51:05,44.3,10,86,0,29,34,255,0,0
20:51:06,44.4,10,86,0,29,34,255,0,0
20:51:07,44.2,10,86,0,29,34,255,0,0
20:51:08,43.2,0,0,0,29,34,255,0,0
20:51:09,42.6,0,0,0,29,34,255,0,0
20:51:10,41.8,0,0,0,29,34,255,0,0
20:51:11,40.5,0,0,0,29,34,255,0,0
20:51:12,39.5,0,0,0,29,34,255,0,0
20:51:13,38.8,0,0,0,29,34,255,0,0
20:51:14,37.5,0,0,0,29,34,255,0,0
20:51:15,35.8,0,0,0,29,34,255,0,0
20:51:16,34.3,153,71,0,29,34,255,0,0
20:51:17,31.8,280,65,0,29,34,255,0,0
20:51:18,31.1,303,61,0,29,34,255,0,0
20:51:19,31.7,288,61,0,29,34,255,0,0
20:51:20,32.6,230,63,0,29,34,255,0,0
20:51:21,33.2,230,63,0,29,34,255,0,0
20:51:22,33.4,126,65,0,29,34,255,0,0
20:51:23,33.3,42,65,0,29,34,255,0,0
20:51:24,34.1,42,65,0,29,34,255,0,0
20:51:25,34.8,42,65,0,29,34,255,0,0
20:51:26,35.4,42,68,0,29,34,255,0,0
20:51:27,36,19,69,0,29,34,255,0,0
20:51:28,36.2,29,70,0,29,34,255,0,0
20:51:29,36.4,137,71,0,29,34,255,0,0
20:51:30,35.2,137,71,0,29,34,255,0,0
20:51:31,35.2,376,68,0,29,34,255,0,0
20:51:32,33.3,376,68,0,29,34,255,0,0
20:51:33,32.8,0,0,0,29,34,255,0,0
20:51:34,33.7,0,0,0,29,34,255,0,0
20:51:35,34.3,0,0,0,29,34,255,0,0
20:51:36,34.3,0,0,0,29,34,255,0,0
20:51:37,34.5,202,67,0,29,34,255,0,0
20:51:38,36,187,70,0,29,34,255,0,0
20:51:39,39.8,187,70,0,29,34,255,0,0
20:51:40,42.2,187,70,0,29,34,255,0,0
20:51:41,44.4,331,81,0,29,34,255,0,0
20:51:42,46.1,604,88,0,29,34,255,0,0
20:51:43,47.8,604,88,0,29,34,255,0,0
20:51:44,49.8,734,92,0,29,34,255,0,0
20:51:45,55,740,104,0,29,34,255,0,0
20:51:46,63.1,807,124,0,29,34,255,0,0
20:51:47,63.7,807,124,0,29,34,255,0,0
20:51:48,61.7,807,124,0,29,34,255,0,0
20:51:49,60.4,392,122,0,29,34,255,0,0
20:51:50,59.9,241,117,0,29,34,255,0,0
20:51:51,58.8,241,117,0,29,34,255,0,0
20:51:52,58.3,241,117,0,29,34,255,0,0
20:51:53,57.9,309,114,0,29,34,255,0,0
20:51:54,57.7,144,113,0,29,34,255,0,0
20:51:55,57.8,218,112,0,29,34,255,0,0
20:51:56,57.1,335,112,0,29,34,255,0,0
20:51:57,56.5,353,111,0,29,34,255,0,0
20:51:58,56.4,353,111,0,29,34,255,0,0
20:51:59,56.4,353,111,0,29,34,255,0,0
20:52:00,57.7,440,110,0,29,34,255,0,0
20:52:01,58.2,440,110,0,29,34,255,0,0
20:52:02,56.3,306,111,0,29,34,255,0,0
20:52:03,50.8,276,104,0,29,34,255,0,0
20:52:04,49,230,96,0,29,34,255,0,0
20:52:05,50.4,256,97,0,29,34,255,0,0
20:52:06,51.2,276,99,0,29,34,255,0,0
20:52:07,51.1,305,100,0,29,34,255,0,0
20:52:08,51.4,260,100,0,29,34,255,0,0
20:52:09,52.4,235,101,0,29,34,255,0,0
20:52:10,51.9,254,102,0,29,34,255,0,0
20:52:11,52,265,101,0,29,34,255,0,0
20:52:12,51,206,100,0,29,34,255,0,0
20:52:13,48.4,180,95,0,29,34,255,0,0
20:52:14,48,211,94,0,29,34,255,0,0
20:52:15,48.7,211,94,0,29,34,255,0,0
20:52:16,49.6,368,96,0,29,34,255,0,0
20:52:17,50.8,617,99,0,29,34,255,0,0
20:52:18,51.4,617,99,0,29,34,255,0,0
20:52:19,51.1,664,100,0,29,34,255,0,0
20:52:20,51,526,99,0,29,34,255,0,0
20:52:21,50.7,526,99,0,29,34,255,0,0
20:52:22,51.8,526,99,0,29,34,255,0,0
20:52:23,53.8,455,100,0,29,34,255,0,0
20:52:24,54.7,400,106,0,29,34,255,0,0
20:52:25,54.4,309,106,0,29,34,255,0,0
20:52:26,54,324,105,0,29,34,255,0,0
20:52:27,54.4,438,106,0,29,34,255,0,0
20:52:28,54.7,501,108,0,29,34,255,0,0
20:52:29,56.7,623,110,0,29,34,255,0,0
20:52:30,57.5,480,112,0,29,34,255,0,0
20:52:31,56.5,229,110,0,29,34,255,0,0
20:52:32,56.2,356,109,0,29,34,255,0,0
20:52:33,56.8,356,109,0,29,34,255,0,0
20:52:34,57.4,465,111,0,29,34,255,0,0
20:52:35,58.2,465,111,0,29,34,255,0,0
20:52:36,59,358,115,0,29,34,255,0,0
20:52:37,55.9,366,111,0,29,34,255,0,0
20:52:38,48.5,234,95,0,29,34,255,0,0
20:52:39,47.7,24,93,0,29,34,255,0,0
20:52:40,46.7,4,90,0,29,34,255,0,0
20:52:41,45.6,45,89,0,29,34,255,0,0
20:52:42,45,8,88,0,29,34,255,0,0
20:52:43,44.3,2,87,0,29,34,255,0,0
20:52:44,44.1,2,87,0,29,34,255,0,0
20:52:45,44,2,87,0,29,34,255,0,0
20:52:46,44,9,86,0,29,34,255,0,0
20:52:47,43,9,84,0,29,34,255,0,0
20:52:48,39.9,9,79,0,29,34,255,0,0
20:52:49,34.2,9,79,0,29,34,255,0,0
20:52:50,32.4,9,67,0,29,34,255,0,0
20:52:51,32.9,9,63,0,29,34,255,0,0
20:52:52,33.5,9,64,0,29,34,255,0,0
20:52:53,34.3,12,66,0,29,34,255,0,0
20:52:54,34.7,44,68,0,29,34,255,0,0
20:52:55,34.5,44,68,0,29,34,255,0,0
20:52:56,34.1,197,66,0,29,34,255,0,0
20:52:57,32.7,385,64,0,29,34,255,0,0
20:52:58,31.4,452,61,0,29,34,255,0,0
20:52:59,30.7,452,61,0,29,34,255,0,0
20:53:00,32.2,463,61,0,29,34,255,0,0
20:53:01,33.5,351,64,0,29,34,255,0,0
20:53:02,33.7,303,66,0,29,34,255,0,0
20:53:03,33.9,275,65,0,29,34,255,0,0
20:53:04,34.1,275,65,0,29,34,255,0,0
20:53:05,35.1,275,65,0,29,34,255,0,0
20:53:06,39.6,233,68,0,29,34,255,0,0
20:53:07,42.2,272,80,0,29,34,255,0,0
20:53:08,45.8,272,80,0,29,34,255,0,0
20:53:09,48,0,0,0,29,36,255,0,0
20:53:10,50.3,0,0,0,29,36,255,0,0
20:53:11,53.3,0,0,0,29,36,255,0,0
20:53:12,55,0,0,0,29,36,255,0,0
20:53:13,61.6,0,0,0,29,36,255,0,0
20:53:14,67.5,961,131,0,29,36,255,0,0
20:53:15,66.3,961,131,0,29,34,255,0,0
20:53:16,66.1,961,131,0,29,34,255,0,0
20:53:17,66.2,648,129,0,29,34,255,0,0
20:53:18,67.9,648,129,0,29,34,255,0,0
20:53:19,68.6,472,133,0,29,34,255,0,0
20:53:20,68.3,479,134,0,29,34,255,0,0
20:53:21,68.3,387,129,0,29,34,255,0,0
20:53:22,65.3,387,129,0,29,34,255,0,0
20:53:23,63.2,387,129,0,29,34,255,0,0
20:53:24,62.5,176,122,0,29,34,255,0,0
20:53:25,63.3,113,123,0,29,34,255,0,0
20:53:26,63.1,113,123,0,29,34,255,0,0
20:53:27,62,85,123,0,29,34,255,0,0
20:53:28,61.5,470,120,0,29,34,255,0,0
20:53:29,60.1,594,117,0,29,34,255,0,0
20:53:30,60.3,594,117,0,29,34,255,0,0
20:53:31,60.3,594,117,0,29,34,255,0,0
20:53:32,61.1,594,117,0,29,34,255,0,0
20:53:33,62.7,527,118,0,29,34,255,0,0
20:53:34,63.2,532,123,0,29,34,255,0,0
20:53:35,63.1,532,123,0,29,34,255,0,0
20:53:36,61.5,0,0,0,29,34,255,0,0
20:53:37,60,0,0,0,29,34,255,0,0
20:53:38,59.8,0,0,0,29,34,255,0,0
20:53:39,59.9,0,0,0,29,34,255,0,0
20:53:40,61,373,118,0,29,34,255,0,0
20:53:41,58.4,402,114,0,29,34,255,0,0
20:53:42,55.4,469,108,0,29,34,255,0,0
20:53:43,55.9,481,109,0,29,34,255,0,0
20:53:44,58.1,392,113,0,29,34,255,0,0
20:53:45,57.8,374,113,0,29,34,255,0,0
20:53:46,56.9,368,111,0,29,34,255,0,0
20:53:47,57.2,368,111,0,29,34,255,0,0
20:53:48,58.7,427,113,0,29,34,255,0,0
20:53:49,59.6,506,116,0,29,34,255,0,0
20:53:50,59.7,506,116,0,29,34,255,0,0
20:53:51,58.9,507,116,0,29,34,255,0,0
20:53:52,51.2,394,107,0,29,34,255,0,0
20:53:53,45.5,232,90,0,29,34,255,0,0
20:53:54,45,10,88,0,29,34,255,0,0
20:53:55,44.1,16,86,0,29,34,255,0,0
20:53:56,43.7,16,85,0,29,34,255,0,0
20:53:57,43.8,16,85,0,29,34,255,0,0
20:53:58,42.9,24,85,0,29,34,255,0,0
20:53:59,42.2,2,82,0,29,34,255,0,0
20:54:00,41.3,2,81,0,29,34,255,0,0
20:54:01,39.9,2,79,0,29,34,255,0,0
20:54:02,38.4,2,75,0,29,34,255,0,0
20:54:03,37.4,2,74,0,29,34,255,0,0
20:54:04,37.2,2,74,0,29,34,255,0,0
20:54:05,36.6,3,72,0,29,34,255,0,0
20:54:06,35.9,3,72,0,29,34,255,0,0
20:54:07,34.6,3,72,0,29,34,255,0,0
20:54:08,32.4,73,67,0,29,34,255,0,0
20:54:09,29.4,73,67,0,29,34,255,0,0
20:54:10,29.3,211,58,0,29,34,255,0,0
20:54:11,30.5,211,58,0,29,34,255,0,0
20:54:12,32.1,174,59,0,29,34,255,0,0
20:54:13,32.2,94,63,0,29,34,255,0,0
20:54:14,31.7,67,62,0,29,34,255,0,0
20:54:15,31.1,57,61,0,29,34,255,0,0
20:54:16,31.6,52,61,0,29,34,255,0,0
20:54:17,31.8,54,62,0,29,34,255,0,0
20:54:18,32.3,100,62,0,29,34,255,0,0
20:54:19,33.2,174,63,0,29,34,255,0,0
20:54:20,33.9,251,65,0,29,34,255,0,0
20:54:21,34.2,251,65,0,29,34,255,0,0
20:54:22,33.8,286,66,0,29,34,255,0,0
20:54:23,33.3,339,65,0,29,34,255,0,0
20:54:24,31.2,437,63,0,29,34,255,0,0
20:54:25,31.3,437,63,0,29,34,255,0,0
20:54:26,32.3,362,62,0,29,34,255,0,0
20:54:27,33.2,231,64,0,29,34,255,0,0
20:54:28,33.1,149,64,0,29,34,255,0,0
20:54:29,32.9,89,64,0,29,34,255,0,0
20:54:30,32.5,3,63,0,29,34,255,0,0
20:54:31,34,3,63,0,29,34,255,0,0
20:54:32,37.6,3,70,0,29,34,255,0,0
20:54:33,38.6,3,75,0,29,34,255,0,0
20:54:34,39.6,35,77,0,29,34,255,0,0
20:54:35,39.7,100,78,0,29,34,255,0,0
20:54:36,38.3,191,77,0,29,34,255,0,0
20:54:37,37,324,74,0,29,34,255,0,0
20:54:38,34.5,324,74,0,29,34,255,0,0
20:54:39,34.2,324,74,0,29,34,255,0,0
20:54:40,35.2,377,68,0,29,34,255,0,0
20:54:41,37.5,375,70,0,29,34,255,0,0
20:54:42,39.5,347,75,0,29,34,255,0,0
20:54:43,42.2,492,80,0,29,34,255,0,0
20:54:44,46.3,551,87,0,29,34,255,0,0
20:54:45,48.6,551,87,0,29,34,255,0,0
20:54:46,50.4,536,94,0,29,34,255,0,0
20:54:47,51.3,585,99,0,29,34,255,0,0
20:54:48,55.9,599,103,0,29,34,255,0,0
20:54:49,63.2,693,119,0,29,34,255,0,0
20:54:50,63.5,469,124,0,29,34,255,0,0
20:54:51,62.6,469,124,0,29,34,255,0,0
20:54:52,61,469,124,0,29,34,255,0,0
20:54:53,59.9,255,120,0,29,34,255,0,0
20:54:54,59.8,181,117,0,29,34,255,0,0
20:54:55,58.5,110,115,0,29,34,255,0,0
20:54:56,57.1,212,113,0,29,34,255,0,0
20:54:57,57,400,111,0,29,34,255,0,0
20:54:58,59.1,506,114,0,29,34,255,0,0
20:54:59,62,506,114,0,29,34,255,0,0
20:55:00,63.1,584,121,0,29,34,255,0,0
20:55:01,61.9,584,121,0,29,34,255,0,0
20:55:02,62.4,711,121,0,29,34,255,0,0
20:55:03,62.2,711,121,0,29,34,255,0,0
20:55:04,63,484,123,0,29,34,255,0,0
20:55:05,64.8,682,125,0,29,34,255,0,0
20:55:06,65.9,645,127,0,29,34,255,0,0
20:55:07,65.1,486,128,0,29,34,255,0,0
20:55:08,63.1,486,128,0,29,34,255,0,0
20:55:09,62.7,486,128,0,29,34,255,0,0
20:55:10,62.5,486,128,0,29,34,255,0,0
20:55:11,63,564,122,0,29,34,255,0,0
20:55:12,64.4,545,124,0,29,34,255,0,0
20:55:13,65.2,545,124,0,29,34,255,0,0
20:55:14,64.2,545,124,0,29,34,255,0,0
20:55:15,63,409,126,0,29,34,255,0,0
20:55:16,63.5,723,124,0,29,34,255,0,0
20:55:17,64.6,628,126,0,29,34,255,0,0
20:55:18,65,496,127,0,29,34,255,0,0
20:55:19,66.7,441,131,0,29,34,255,0,0
20:55:20,67,560,130,0,29,34,255,0,0
20:55:21,67.5,480,131,0,29,34,255,0,0
20:55:22,66.5,480,131,0,29,34,255,0,0
20:55:23,64.2,480,131,0,29,34,255,0,0
20:55:24,64.1,480,131,0,29,34,255,0,0
20:55:25,64.4,388,126,0,29,34,255,0,0
20:55:26,66.4,388,126,0,29,34,255,0,0
20:55:27,66.8,388,126,0,29,34,255,0,0
20:55:28,66.3,398,129,0,29,34,255,0,0
20:55:29,62.1,337,115,0,29,34,255,0,0
20:55:30,51.9,337,115,0,29,34,255,0,0
20:55:31,50.8,337,115,0,29,34,255,0,0
20:55:32,50.3,69,99,0,29,34,255,0,0
20:55:33,50.5,69,99,0,29,34,255,0,0
20:55:34,50.5,1,98,0,29,34,255,0,0
20:55:35,50.2,1,99,0,29,34,255,0,0
20:55:36,49,1,97,0,29,34,255,0,0
20:55:37,47.3,1,92,0,29,34,255,0,0
20:55:38,45.5,1,89,0,29,34,255,0,0
20:55:39,44.7,1,87,0,29,34,255,0,0
20:55:40,43.9,1,86,0,29,34,255,0,0
20:55:41,43.2,57,84,0,29,34,255,0,0
20:55:42,42.6,57,84,0,29,34,255,0,0
20:55:43,40.9,177,81,0,29,34,255,0,0
20:55:44,38.8,235,77,0,29,34,255,0,0
20:55:45,37.3,225,74,0,29,34,255,0,0
20:55:46,37,190,72,0,29,34,255,0,0
20:55:47,36.7,118,71,0,29,34,255,0,0
20:55:48,36.3,71,71,0,29,34,255,0,0
20:55:49,36.2,14,70,0,29,34,255,0,0
20:55:50,37.1,14,70,0,29,34,255,0,0
20:55:51,37.9,26,74,0,29,34,255,0,0
20:55:52,39,61,76,0,29,34,255,0,0
20:55:53,39.3,124,76,0,29,34,255,0,0
20:55:54,39.1,232,76,0,29,34,255,0,0
20:55:55,39.1,232,76,0,29,34,255,0,0
20:55:56,38.3,349,76,0,29,34,255,0,0
20:55:57,37.7,314,74,0,29,34,255,0,0
20:55:58,37.2,347,73,0,29,34,255,0,0
20:55:59,37,316,72,0,29,34,255,0,0
20:56:00,37.3,270,72,0,29,34,255,0,0
20:56:01,37.9,227,73,0,29,34,255,0,0
20:56:02,38.6,197,75,0,29,34,255,0,0
20:56:03,41.2,197,75,0,29,34,255,0,0
20:56:04,43.2,357,83,0,29,34,255,0,0
20:56:05,44,411,86,0,29,34,255,0,0
20:56:06,44.5,405,87,0,29,34,255,0,0
20:56:07,44.3,449,87,0,29,34,255,0,0
20:56:08,43.3,523,86,0,29,34,255,0,0
20:56:09,42.8,471,83,0,29,34,255,0,0
20:56:10,43.9,481,85,0,29,34,255,0,0
20:56:11,47.4,600,92,0,29,34,255,0,0
20:56:12,49.8,557,102,0,29,34,255,0,0
20:56:13,57.3,557,102,0,29,34,255,0,0
20:56:14,59,557,102,0,29,34,255,0,0
20:56:15,59.5,550,115,0,29,34,255,0,0
20:56:16,59.7,252,116,0,29,34,255,0,0
20:56:17,60.5,252,116,0,29,34,255,0,0
20:56:18,62.1,241,120,0,29,34,255,0,0
20:56:19,60.9,211,119,0,29,34,255,0,0
20:56:20,59.9,125,117,0,29,34,255,0,0
20:56:21,58.6,125,117,0,29,34,255,0,0
20:56:22,57.5,0,0,0,29,34,255,0,0
20:56:23,56.9,0,0,0,29,34,255,0,0
20:56:24,56.9,0,0,0,29,34,255,0,0
20:56:25,59,0,0,0,29,34,255,0,0
20:56:26,60.2,0,0,0,29,34,255,0,0
20:56:27,60.4,0,0,0,29,34,255,0,0
20:56:28,59.6,0,0,0,29,34,255,0,0
20:56:29,57.9,0,0,0,29,34,255,0,0
20:56:30,57.6,0,0,0,29,34,255,0,0
20:56:31,56.9,0,0,0,29,34,255,0,0
20:56:32,57.3,0,0,0,29,34,255,0,0
20:56:33,59.2,0,0,0,29,34,255,0,0
20:56:34,60.5,569,118,0,29,34,255,0,0
20:56:35,60.6,573,118,0,29,34,255,0,0
20:56:36,59.7,580,117,0,29,34,255,0,0
20:56:37,58.6,580,117,0,29,34,255,0,0
20:56:38,59,522,115,0,29,34,255,0,0
20:56:39,59.2,394,115,0,29,34,255,0,0
20:56:40,60.1,394,115,0,29,34,255,0,0
20:56:41,61.5,278,119,0,29,34,255,0,0
20:56:42,60.9,179,119,0,29,34,255,0,0
20:56:43,60.3,248,117,0,29,34,255,0,0
20:56:44,59,248,117,0,29,34,255,0,0
20:56:45,57.7,248,117,0,29,32,255,0,0
20:56:46,58,379,113,0,29,32,255,0,0
20:56:47,58,379,113,0,29,32,255,0,0
20:56:48,58,0,0,0,29,32,255,0,0
20:56:49,58.7,0,0,0,29,32,255,0,0
20:56:50,60.4,0,0,0,29,32,255,0,0
20:56:51,55.6,511,114,0,29,32,255,0,0
20:56:52,47.3,253,93,0,29,32,255,0,0
20:56:53,45.8,68,90,0,29,32,255,0,0
20:56:54,45.3,33,89,0,29,32,255,0,0
20:56:55,44.6,3,88,0,29,32,255,0,0
20:56:56,44.4,3,87,0,29,32,255,0,0
20:56:57,44.8,3,87,0,29,32,255,0,0
20:56:58,44.5,3,87,0,29,32,255,0,0
20:56:59,43.5,3,86,0,29,32,255,0,0
20:57:00,42.7,3,83,0,29,32,255,0,0
20:57:01,42,39,82,0,29,32,255,0,0
20:57:02,40.5,1,80,0,29,32,255,0,0
20:57:03,39.6,1,77,0,29,32,255,0,0
20:57:04,39.2,1,77,0,29,32,255,0,0
20:57:05,39,1,77,0,29,32,255,0,0
20:57:06,38.4,56,75,0,29,32,255,0,0
20:57:07,38.8,90,76,0,29,32,255,0,0
20:57:08,38.2,90,76,0,29,32,255,0,0
20:57:09,35.7,90,76,0,29,32,255,0,0
20:57:10,33.8,90,76,0,29,32,255,0,0
20:57:11,33.3,197,69,0,29,32,255,0,0
20:57:12,33.2,143,65,0,29,32,255,0,0
20:57:13,32.8,143,65,0,29,32,255,0,0
20:57:14,32,73,64,0,29,32,255,0,0
20:57:15,32.3,23,62,0,29,32,255,0,0
20:57:16,32.4,23,62,0,29,34,255,0,0
20:57:17,33.6,23,62,0,29,34,255,0,0
20:57:18,34.3,203,65,0,29,34,255,0,0
20:57:19,35.6,436,69,0,29,34,255,0,0
20:57:20,36.6,530,70,0,29,34,255,0,0
20:57:21,35.7,520,72,0,29,34,255,0,0
20:57:22,33.5,520,72,0,29,34,255,0,0
20:57:23,32.9,520,72,0,29,34,255,0,0
20:57:24,33.1,393,65,0,29,34,255,0,0
20:57:25,33.2,225,65,0,29,34,255,0,0
20:57:26,33,166,64,0,29,34,255,0,0
20:57:27,33.5,120,65,0,29,34,255,0,0
20:57:28,34.1,120,65,0,29,34,255,0,0
20:57:29,35.1,53,69,0,29,34,255,0,0
20:57:30,39.2,142,78,0,29,34,255,0,0
20:57:31,42,352,81,0,29,34,255,0,0
20:57:32,43.6,320,84,0,29,34,255,0,0
20:57:33,44.6,320,84,0,29,36,255,0,0
20:57:34,46.2,607,89,0,29,36,255,0,0
20:57:35,46.8,607,89,0,29,36,255,0,0
20:57:36,49.3,607,89,0,29,36,255,0,0
20:57:37,57.2,928,94,0,29,36,255,0,0
20:57:38,64.8,928,94,0,29,36,255,0,0
20:57:39,65.7,0,0,0,29,34,255,0,0
20:57:40,65.7,0,0,0,29,34,255,0,0
20:57:41,67.2,0,0,0,29,34,255,0,0
20:57:42,68.3,0,0,0,29,34,255,0,0
20:57:43,70.1,0,0,0,29,34,255,0,0
20:57:44,70.8,749,138,0,29,34,255,0,0
20:57:45,70.1,627,138,0,29,34,255,0,0
20:57:46,68.1,702,135,0,29,34,255,0,0
20:57:47,68,702,135,0,29,34,255,0,0
20:57:48,68.4,702,135,0,29,34,255,0,0
20:57:49,69.4,893,133,0,29,34,255,0,0
20:57:50,69.1,853,136,0,29,34,255,0,0
20:57:51,68.9,850,135,0,29,34,255,0,0
20:57:52,68.8,854,134,0,29,34,255,0,0
20:57:53,68.9,798,134,0,29,34,255,0,0
20:57:54,68.7,798,134,0,29,34,255,0,0
20:57:55,68,798,134,0,29,34,255,0,0
20:57:56,68.7,400,133,0,29,34,255,0,0
20:57:57,68.2,480,133,0,29,34,255,0,0
20:57:58,67.6,630,132,0,29,34,255,0,0
20:57:59,67.5,681,132,0,29,34,255,0,0
20:58:00,66.3,681,132,0,29,34,255,0,0
20:58:01,66.5,687,130,0,29,34,255,0,0
20:58:02,66.3,687,130,0,29,34,255,0,0
20:58:03,68.1,620,130,0,29,34,255,0,0
20:58:04,69.6,687,135,0,29,34,255,0,0
20:58:05,69.4,687,135,0,29,34,255,0,0
20:58:06,67.8,660,135,0,29,34,255,0,0
20:58:07,63.8,350,127,0,29,34,255,0,0
20:58:08,54.4,407,114,0,29,34,255,0,0
20:58:09,51.4,258,102,0,29,34,255,0,0
20:58:10,51.3,44,100,0,29,34,255,0,0
20:58:11,51.1,44,100,0,29,34,255,0,0
20:58:12,50.3,19,100,0,29,34,255,0,0
20:58:13,49.3,12,97,0,29,34,255,0,0
20:58:14,48,12,97,0,29,34,255,0,0
20:58:15,46.2,0,0,0,29,34,255,0,0
20:58:16,45.4,0,0,0,29,34,255,0,0
20:58:17,44.5,0,0,0,29,34,255,0,0
20:58:18,44,0,0,0,29,34,255,0,0
20:58:19,43.9,0,0,0,29,34,255,0,0
20:58:20,44.3,51,86,0,29,34,255,0,0
20:58:21,43.8,51,86,0,29,34,255,0,0
20:58:22,42.6,21,84,0,29,34,255,0,0
20:58:23,41.6,21,81,0,29,34,255,0,0
20:58:24,40.7,4,79,0,29,34,255,0,0
20:58:25,40.5,15,79,0,29,34,255,0,0
20:58:26,39.5,15,79,0,29,34,255,0,0
20:58:27,39,15,79,0,29,34,255,0,0
20:58:28,38.5,18,76,0,29,34,255,0,0
20:58:29,38.4,144,75,0,29,34,255,0,0
20:58:30,37.8,165,74,0,29,34,255,0,0
20:58:31,37.8,159,74,0,29,34,255,0,0
20:58:32,37.6,198,72,0,29,34,255,0,0
20:58:33,38,198,72,0,29,34,255,0,0
20:58:34,37.4,48,73,0,29,34,255,0,0
20:58:35,36.5,48,71,0,29,34,255,0,0
20:58:36,36,48,71,0,29,34,255,0,0
20:58:37,35.3,48,70,0,29,34,255,0,0
20:58:38,34.3,48,70,0,29,34,255,0,0
20:58:39,34.4,9,67,0,29,34,255,0,0
20:58:40,34,25,66,0,29,34,255,0,0
20:58:41,33.5,25,66,0,29,34,255,0,0
20:58:42,33.1,16,64,0,29,34,255,0,0
20:58:43,33.4,16,64,0,29,34,255,0,0
20:58:44,33.5,4,65,0,29,34,255,0,0
20:58:45,33.6,5,65,0,29,34,255,0,0
20:58:46,33,5,65,0,29,34,255,0,0
20:58:47,32.5,5,64,0,29,34,255,0,0
20:58:48,32.1,5,62,0,29,34,255,0,0
20:58:49,31.2,5,62,0,29,34,255,0,0
20:58:50,30.5,4,60,0,29,34,255,0,0
20:58:51,29.9,4,60,0,29,34,255,0,0
20:58:52,29.9,100,59,0,29,32,255,0,0
20:58:53,29.6,100,59,0,29,32,255,0,0
20:58:54,29.4,0,0,0,29,32,255,0,0
20:58:55,29,0,0,0,29,32,255,0,0
20:58:56,28.3,0,0,0,29,32,255,0,0
20:58:57,27.9,21,54,0,29,32,255,0,0
20:58:58,27.7,21,54,0,29,32,255,0,0
20:58:59,26.9,21,54,0,29,32,255,0,0
20:59:00,26.4,21,52,0,29,32,255,0,0
20:59:01,25.8,21,50,0,29,32,255,0,0
20:59:02,25.1,21,50,0,29,32,255,0,0
20:59:03,24.7,21,48,0,29,32,255,0,0
20:59:04,23.8,21,48,0,29,32,255,0,0
20:59:05,23,0,0,0,29,32,255,0,0
20:59:06,22.2,0,0,0,29,32,255,0,0
20:59:07,21.2,0,0,0,29,32,255,0,0
20:59:08,20.4,0,0,0,29,32,255,0,0
20:59:09,19.8,0,0,0,29,32,255,0,0
20:59:10,19.7,0,0,0,29,32,255,0,0
20:59:11,19.1,0,0,0,29,32,255,0,0
20:59:12,18.4,0,0,0,29,32,255,0,0
20:59:13,17.9,0,0,0,29,32,255,0,0
20:59:14,18.2,0,35,0,29,32,255,0,0
20:59:15,18.2,0,35,0,29,32,255,0,0
20:59:16,19.7,0,0,0,29,32,255,0,0
20:59:17,20.7,0,0,0,29,32,255,0,0
20:59:18,20.8,0,0,0,29,32,255,0,0
20:59:19,20.6,0,0,0,29,32,255,0,0
20:59:20,20.1,0,0,0,29,32,255,0,0
20:59:21,20,0,0,0,29,32,255,0,0
20:59:22,18.9,0,0,0,29,32,255,0,0
20:59:23,17.2,0,0,0,29,32,255,0,0
20:59:24,17.2,0,0,0,29,32,255,0,0
20:59:25,16.6,0,0,0,29,32,255,0,0
20:59:26,15.6,0,0,0,29,32,255,0,0
20:59:27,15.1,0,31,0,29,32,255,0,0
20:59:28,14.4,0,31,0,29,32,255,0,0
20:59:29,14.6,0,31,0,29,32,255,0,0
20:59:30,14.5,0,28,0,29,32,255,0,0
20:59:31,14.7,31,28,0,29,32,255,0,0
20:59:32,14.7,31,28,0,29,32,255,0,0
20:59:33,14.8,31,28,0,29,32,255,0,0
20:59:34,14.8,31,28,0,29,32,255,0,0
20:59:35,14.9,13,29,0,29,32,255,0,0
20:59:36,15.1,13,29,0,29,32,255,0,0
20:59:37,14.6,4,29,0,29,32,255,0,0
20:59:38,14.2,4,29,0,29,32,255,0,0
20:59:39,14,4,29,0,29,32,255,0,0
20:59:40,14.1,4,28,0,29,32,255,0,0
20:59:41,14,17,27,0,29,32,255,0,0
20:59:42,14,17,27,0,29,32,255,0,0
20:59:43,14.6,32,27,0,29,32,255,0,0
20:59:44,14.7,32,27,0,29,32,255,0,0
20:59:45,15,32,27,0,29,32,255,0,0
20:59:46,15,30,29,0,29,32,255,0,0
20:59:47,14.8,30,28,0,29,32,255,0,0
20:59:48,14.1,30,28,0,29,32,255,0,0
20:59:49,12.8,30,28,0,29,32,255,0,0
20:59:50,12.1,30,26,0,29,32,255,0,0
20:59:51,11.5,30,26,0,29,32,255,0,0
20:59:52,10.8,30,22,0,29,32,255,0,0
20:59:53,11.6,30,22,0,29,32,255,0,0
20:59:54,13.4,30,22,0,29,32,255,0,0
20:59:55,14,72,24,0,29,32,255,0,0
20:59:56,13.9,72,24,0,29,32,255,0,0
20:59:57,13.4,9,27,0,29,32,255,0,0
20:59:58,13.5,9,27,0,29,32,255,0,0
20:59:59,13.2,13,26,0,29,32,255,0,0
21:00:00,13.2,13,26,0,29,32,255,0,0
21:00:01,12.7,13,25,0,29,32,255,0,0
21:00:02,12.6,13,25,0,29,32,255,0,0
21:00:03,12.4,0,0,0,29,32,255,0,0
21:00:04,11.1,0,0,0,29,32,255,0,0
21:00:05,9,0,0,0,29,32,255,0,0
21:00:06,9.7,0,0,0,29,32,255,0,0
21:00:07,9.1,0,0,0,29,32,255,0,0
21:00:08,9.8,0,0,0,29,32,255,0,0
21:00:09,11.1,0,0,0,29,32,255,0,0
21:00:10,13.4,0,0,0,29,32,255,0,0
21:00:11,14.9,64,21,0,29,32,255,0,0
21:00:12,14.9,64,21,0,29,32,255,0,0
21:00:13,14.6,28,29,0,29,32,255,0,0
21:00:14,14.7,28,29,0,29,32,255,0,0
21:00:15,14.3,28,28,0,29,32,255,0,0
21:00:16,14,28,27,0,29,32,255,0,0
21:00:17,13.4,28,27,0,29,32,255,0,0
21:00:18,13.1,28,26,0,29,32,255,0,0
21:00:19,13,28,26,0,29,32,255,0,0
21:00:20,12.9,28,26,0,29,32,255,0,0
21:00:21,12.7,28,25,0,29,32,255,0,0
21:00:22,12.6,28,25,0,29,32,255,0,0
21:00:23,12.5,28,24,0,29,32,255,0,0
21:00:24,12.5,28,24,0,29,32,255,0,0
21:00:25,12.3,2,24,0,29,32,255,0,0
21:00:26,12.2,2,24,0,29,32,255,0,0
21:00:27,12.2,2,24,0,29,32,255,0,0
21:00:28,12,3,23,0,29,32,255,0,0
21:00:29,11.9,3,23,0,29,32,255,0,0
21:00:30,11.7,3,23,0,29,32,255,0,0
21:00:31,11.6,3,23,0,29,32,255,0,0
21:00:32,11,3,23,0,29,32,255,0,0
21:00:33,11.9,17,22,0,29,32,255,0,0
21:00:34,12.1,17,22,0,29,32,255,0,0
21:00:35,12,17,22,0,29,32,255,0,0
21:00:36,12.4,29,23,0,29,32,255,0,0
21:00:37,12.3,29,23,0,29,32,255,0,0
21:00:38,12.3,10,24,0,29,32,255,0,0
21:00:39,12.3,10,24,0,29,32,255,0,0
21:00:40,12.5,10,24,0,29,32,255,0,0
21:00:41,13.2,29,24,0,29,32,255,0,0
21:00:42,13.2,29,24,0,29,32,255,0,0
21:00:43,13.1,19,25,0,29,32,255,0,0
21:00:44,13,19,25,0,29,32,255,0,0
21:00:45,12.2,19,25,0,29,32,255,0,0
21:00:46,12.9,19,25,0,29,32,255,0,0
21:00:47,12.5,19,25,0,29,32,255,0,0
21:00:48,12.5,6,24,0,29,32,255,0,0
21:00:49,12.7,6,24,0,29,32,255,0,0
21:00:50,12.5,4,24,0,29,32,255,0,0
21:00:51,12.4,4,24,0,29,32,255,0,0
21:00:52,12.4,4,24,0,29,32,255,0,0
21:00:53,11.9,4,24,0,29,32,255,0,0
21:00:54,11.7,4,24,0,29,32,255,0,0
21:00:55,11.5,4,22,0,29,32,255,0,0
21:00:56,11.4,4,22,0,29,32,255,0,0
21:00:57,11.4,4,22,0,29,32,255,0,0
21:00:58,11.2,6,22,0,29,32,255,0,0
21:00:59,11.3,6,22,0,29,32,255,0,0
21:01:00,11.2,6,22,0,29,32,255,0,0
21:01:01,11,5,22,0,29,32,255,0,0
21:01:02,11.1,5,22,0,29,32,255,0,0
21:01:03,11,5,21,0,29,32,255,0,0
21:01:04,10.5,5,21,0,29,32,255,0,0
21:01:05,9.9,5,21,0,29,32,255,0,0
21:01:06,9.5,0,0,0,29,32,255,0,0
21:01:07,8.6,0,0,0,29,32,255,0,0
21:01:08,7.7,0,0,0,29,32,255,0,0
21:01:09,6.9,0,0,0,29,32,255,0,0
21:01:10,6.9,0,0,0,29,32,255,0,0
21:01:11,5.7,0,0,0,29,32,255,0,0
21:01:12,4.2,0,0,0,29,32,255,0,0
21:01:13,4.2,0,0,0,29,32,255,0,0
21:01:14,0,0,0,0,29,32,255,0,0
21:01:15,0,0,0,0,29,32,255,0,0
21:05:59,5.1,0,0,0,27,32,255,0,0
21:06:00,5.1,0,0,0,27,32,255,0,0
21:06:01,5.1,0,0,0,27,32,255,0,0
21:06:02,5.1,0,0,0,27,32,255,0,0
21:06:03,2.1,0,0,0,27,32,255,0,0
21:06:04,2.1,0,0,0,27,32,255,0,0
21:06:05,0,0,0,0,27,32,255,0,0
21:06:06,0,0,0,0,27,32,255,0,0
21:10:36,3.8,0,0,0,22,32,255,0,0
21:10:37,0,0,0,0,22,32,255,0,0
21:10:38,0,0,0,0,22,32,255,0,0
