,UCI_ID,Country,UCI_Bday,Status,UCI_Name
0,10009535686,,,,
1,10015145724,,,,
2,10009079382,,,,
3,10010830840,,,,
4,10055349695,,,,
5,10117936018,,,,
6,10034964036,,,,
7,10015483305,,,,
8,10009967641,,,,
9,10122775712,,,,
10,10006894559,,,,
11,10015683567,,,,
12,10048325582,,,,
13,10007379761,,,,
14,10009039774,,,,
15,10061655608,,,,
16,10007779683,,,,
17,10010678569,,,,
18,10015713273,,,,
19,10020900955,,,,
20,10010821241,,,,
21,10009009159,,,,
22,10010166590,,,,
23,10009181234,,,,
24,10010773549,,,,
25,10010624918,,,,
26,10006184742,,,,
27,10010797292,,,,
28,10007073506,,,,
29,10004868370,,,,
30,10064209839,,,,
31,10005953154,,,,
32,10010592279,,,,
33,10023551075,,,,
34,10017950943,,,,
35,10011152354,,,,
36,10009178002,,,,
37,10009010876,,,,
38,10007351671,,,,
39,10050873046,,,,
40,10127542452,,,,
41,10021114658,,,,
42,10050626809,,,,
43,10009012391,,,,
44,10009150215,,,,
45,10115009850,,,,
46,10048493011,,,,
47,10010664829,,,,
48,10023438921,,,,
49,10009972994,,,,
50,10072107558,,,,
51,10015323152,,,,
52,10010713329,,,,
53,10011146694,,,,
54,10011141846,,,,
55,10050002066,,,,
56,10129788610,,,,
57,10021915920,,,,
58,10026071156,,,,
59,10086399803,,,,
60,10049101683,,,,
61,10055348887,,,,
62,10052089586,,,,
63,10072398356,,,,
64,10054062932,,,,
65,10049099865,,,,
66,10050089669,,,,
67,10053835384,,,,
68,10048224138,,,,
69,10041041993,,,,
70,10092163118,,,,
71,10097177412,,,,
72,10060086531,,,,
73,10023485094,,,,
74,10007811716,,,,
75,10113665893,,,,
76,10015915559,,,,
77,10009176281,,,,
78,10007827880,,,,
79,10007535365,,,,
80,10048100765,,,,
81,10004612534,,,,
82,10009843258,,,,
83,10048888990,,,,
84,10010608447,,,,
85,10007502427,,,,
86,10063033917,,,,
87,10129878334,,,,
88,10083501624,,,,
89,10007294683,,,,
90,10009154558,,,,
91,10064365948,,,,
92,10063279447,,,,
93,10080054383,,,,
94,10068955361,,,,
95,10010170331,,,,
96,10022040606,,,,
97,10053142038,,,,
98,10034048600,,,,
99,10036103683,,,,
100,10010920665,,,,
101,10088726789,,,,
102,10072874969,,,,
103,10006137252,,,,
104,10015992654,,,,
105,10028995102,,,,
106,10007501821,,,,
107,10009978048,,,,
108,10081023272,,,,
109,10054985644,,,,
110,10009181032,,,,
111,10023923517,,,,
112,10021001793,,,,
113,10009073524,,,,
114,10086700907,,,,
115,10136185960,,,,
116,10094578923,,,,
117,10010715046,,,,
118,10021766578,,,,
119,10015171992,,,,
120,10007165755,,,,
121,10010743439,,,,
122,10061341164,,,,
123,10015769554,,,,
124,10088729419,,,,
125,10048839884,,,,
126,10009903983,,,,
127,10094449183,,,,
128,10004737119,,,,
129,10010645732,,,,
130,10075185084,,,,
131,10090680735,,,,
132,10022615936,,,,
133,10006904360,,,,
134,10060701873,,,,
135,10007475448,,,,
136,10057795513,,,,
137,10127009356,,,,
138,10006063086,,,,
139,10014936364,,,,
140,10063655222,,,,
141,10016222121,,,,
142,10005641037,,,,
143,10075184882,,,,
144,10015339522,,,,
145,10022176608,,,,
146,10016308007,,,,
147,10009671284,,,,
148,10073343195,,,,
149,10064034229,,,,
150,10007729769,,,,
151,10096589348,,,,
152,10023427908,,,,
153,10059054287,,,,
154,10055137915,,,,
155,10036384579,,,,
156,10113857873,,,,
157,10054250060,,,,
158,10007890932,,,,
159,10060059451,,,,
160,10088306962,,,,
161,10128452232,,,,
162,10014006376,,,,
163,10092839892,,,,
164,10088731237,,,,
165,10062078566,,,,
166,10055056069,,,,
167,10010829830,,,,
168,10054379392,,,,
169,10036447429,,,,
170,10009523865,,,,
171,10036429847,,,,
172,10064348568,,,,
173,10115622667,,,,
174,10075184680,,,,
175,10096523064,,,,
176,10036242820,,,,
177,10022147003,,,,
178,10062775855,,,,
179,10030732109,,,,
180,10071412188,,,,
181,10092218991,,,,
182,10022807613,,,,
183,10115009749,,,,
184,10059690245,,,,
185,10097227427,,,,
186,10115010355,,,,
187,10096738686,,,,
188,10115010153,,,,
189,10022028680,,,,
190,10092578295,,,,
191,10009333404,,,,
192,10060044600,,,,
193,10101896460,,,,
194,10011074249,,,,
195,10048858981,,,,
196,10089127018,,,,
197,10051342989,,,,
198,10005964470,,,,
199,10078215831,,,,
200,10059156745,,,,
201,10126973586,,,,
202,10128660073,,,,
203,10015998718,,,,
204,10021829832,,,,
205,10056067293,,,,
206,10011080313,,,,
207,10009668961,,,,
208,10083484244,,,,
209,10055802969,,,,
210,10005276578,,,,
211,10008019557,,,,
212,10011162155,,,,
213,10053240553,,,,
214,10096738585,,,,
215,10069552923,,,,
216,10022031512,,,,
217,10010821645,,,,
218,10030674818,,,,
219,10121152475,,,,
220,10132657382,,,,
221,10015564137,,,,
222,10010680993,,,,
223,10016209286,,,,
224,10062192643,,,,
225,10096873779,,,,
226,10080223731,,,,
227,10006379247,,,,
228,10125015095,,,,
229,10007390370,,,,
230,10130636853,,,,
231,10124110571,,,,
232,10095274996,,,,
233,10060341054,,,,
234,10007227995,,,,
235,10071954681,,,,
236,10130234103,,,,
237,10015329216,,,,
238,10112223122,,,,
239,10043670996,,,,
240,10087503478,,,,
241,10010771428,,,,
242,10007947011,,,,
243,10008709267,,,,
244,10010166792,,,,
245,10004717719,,,,
246,10060474329,,,,
247,10077480752,,,,
248,10063399988,,,,
249,10036435406,,,,
250,10095595100,,,,
251,10074984418,,,,
252,10088738109,,,,
253,10063086760,,,,
254,10054807610,,,,
255,10090906562,,,,
256,10092407739,,,,
257,10006063187,,,,
258,10084543261,,,,
259,10011162054,,,,
260,10073461619,,,,
261,10065054244,,,,
262,10091962953,,,,
263,10082777356,,,,
264,10036454503,,,,
265,10036152890,,,,
266,10020998157,,,,
267,10005276275,,,,
268,10009864375,,,,
269,10087310791,,,,
270,10096876207,,,,
271,10010197007,,,,
272,10009100503,,,,
273,10092260623,,,,
274,10119653524,,,,
275,10125773921,,,,
276,10091449762,,,,
277,10010894696,,,,
278,10140692925,,,,
279,10049098855,,,,
280,10036147941,,,,
281,10052056850,,,,
282,10023843287,,,,
283,10052495370,,,,
284,10010931880,,,,
285,10007394515,,,,
286,10056383454,,,,
287,10083701078,,,,
288,10122266258,,,,
289,10004765209,,,,
290,10093662271,,,,
291,10009975927,,,,
292,10001439725,,,,
293,10130241072,,,,
294,10067762665,,,,
295,10016387021,,,,
296,10006141696,,,,
297,10011132449,,,,
298,10049020851,,,,
299,10060117550,,,,
300,10062226288,,,,
301,10009041087,,,,
302,10052307535,,,,
303,10007782616,,,,
304,10050399463,,,,
305,10009802741,,,,
306,10045814292,,,,
307,10060549101,,,,
308,10011164074,,,,
309,10016232427,,,,
310,10075810736,,,,
311,10082977824,,,,
312,10120766596,,,,
313,10132657281,,,,
314,10010857314,,,,
315,10006058743,,,,
316,10009519421,,,,
317,10055760937,,,,
318,10034778928,,,,
319,10122559783,,,,
320,10130706975,,,,
321,10071487162,,,,
322,10007894972,,,,
323,10065046968,,,,
324,10007208494,,,,
325,10014544526,,,,
326,10022619471,,,,
327,10100552911,,,,
328,10075524180,,,,
329,10097573795,,,,
330,10006079961,,,,
331,10004332951,,,,
332,10080267682,,,,
333,10015333862,,,,
334,10096004823,,,,
335,10080032155,,,,
336,10096391409,,,,
337,10062420591,,,,
338,10004633247,,,,
339,10005305779,,,,
340,10096418485,,,,
341,10006552534,,,,
342,10055146504,,,,
343,10016664883,,,,
344,10054568746,,,,
345,10045938574,,,,
346,10051791213,,,,
347,10085547819,,,,
348,10119721727,,,,
349,10093303169,,,,
350,10071486657,,,,
351,10098154785,,,,
352,10011036964,,,,
353,10011208433,,,,
354,10050945693,,,,
355,10011199339,,,,
356,10019881849,,,,
357,10059725106,,,,
358,10010691505,,,,
359,10117318450,,,,
360,10120468728,,,,
361,10017184643,,,,
362,10096883176,,,,
363,10078903521,,,,
364,10008952878,,,,
365,10091849684,,,,
366,10009737164,,,,
367,10045838140,,,,
368,10060550010,,,,
369,10009148292,,,,
370,10050305800,,,,
371,10048324774,,,,
372,10060842222,,,,
373,10049142204,,,,
374,10097247332,,,,
375,10062003592,,,,
376,10045916649,,,,
377,10136127053,,,,
378,10097168318,,,,
379,10064235707,,,,
380,10100894330,,,,
381,10123467543,,,,
382,10020583582,,,,
383,10002701937,,,,
384,10063200534,,,,
385,10119634326,,,,
386,10014245038,,,,
387,10057662743,,,,
388,10045972526,,,,
389,10096135872,,,,
390,10123379839,,,,
391,10010727069,,,,
392,10125760076,,,,
393,10118623708,,,,
394,10060548996,,,,
395,10132549167,,,,
396,10075934614,,,,
397,10055588357,,,,
398,10005305577,,,,
399,10009990576,,,,
400,10052264489,,,,
401,10082394410,,,,
402,10060270730,,,,
403,10067030923,,,,
404,10045938473,,,,
405,10015848972,,,,
406,10072043702,,,,
407,10076127806,,,,
408,10118402628,,,,
409,10004785316,,,,
410,10096830434,,,,
411,10061676927,,,,
412,10062493444,,,,
413,10117975626,,,,
414,10135667113,,,,
415,10061971058,,,,
416,10127948539,,,,
417,10132773479,,,,
418,10107985838,,,,
419,10056381838,,,,
420,10118775066,,,,
421,10011152152,,,,
422,10096181948,,,,
423,10016631339,,,,
424,10008984608,,,,
425,10036104289,,,,
426,10005675793,,,,
427,10003221895,,,,
428,10009718572,,,,
429,10010797494,,,,
430,10097147504,,,,
431,10050305089,,,,
432,10053909449,,,,
433,10086594712,,,,
434,10010026750,,,,
435,10058654264,,,,
436,10082544960,,,,
437,10053230853,,,,
438,10078913928,,,,
439,10122560086,,,,
440,10106649157,,,,
441,10132725989,,,,
442,10101360031,,,,
443,10121687894,,,,
444,10089139647,,,,
445,10009632787,,,,
446,10097465883,,,,
447,10023350712,,,,
448,10050990658,,,,
449,10019810313,,,,
450,10053321486,,,,
451,10118784362,,,,
452,10092281235,,,,
453,10038676207,,,,
454,10063654010,,,,
455,10118889244,,,,
456,10119686159,,,,
457,10002687385,,,,
458,10010923392,,,,
459,10091433493,,,,
460,10101896056,,,,
461,10006274062,,,,
462,10093123923,,,,
463,10080032559,,,,
464,10010797393,,,,
465,10036448439,,,,
466,10058431164,,,,
467,10009316024,,,,
468,10056383555,,,,
469,10119752140,,,,
470,10015327600,,,,
471,10136825857,,,,
472,10007762913,,,,
473,10009321579,,,,
474,10036297380,,,,
475,10009468089,,,,
476,10009117778,,,,
477,10015972244,,,,
478,10071485748,,,,
479,10023857536,,,,
480,10125507775,,,,
481,10071226171,,,,
482,10135667012,,,,
483,10014545940,,,,
484,10097387172,,,,
485,10096254595,,,,
486,10040903365,,,,
487,10132689314,,,,
488,10132009910,,,,
489,10091681956,,,,
490,10007350964,,,,
491,10077988889,,,,
492,10131581490,,,,
493,10131617260,,,,
494,10119924013,,,,
495,10079226550,,,,
496,10054613206,,,,
497,10082239917,,,,
498,10108741428,,,,
499,10004613241,,,,
500,10010948553,,,,
501,10050678339,,,,
502,10097340894,,,,
503,10122559985,,,,
504,10079682349,,,,
505,10115011163,,,,
506,10020714433,,,,
507,10097389495,,,,
508,10083618630,,,,
509,10096130519,,,,
510,10005794621,,,,
511,10007846270,,,,
512,10131617159,,,,
513,10076159229,,,,
514,10086049286,,,,
515,10119925023,,,,
516,10061210115,,,,
517,10051885078,,,,
518,10005305274,,,,
519,10131480551,,,,
520,10010794262,,,,
521,10129241265,,,,
522,10007503336,,,,
523,10021117284,,,,
524,10001348482,,,,
525,10129367365,,,,
526,10141113257,,,,
527,10004700036,,,,
528,10123052766,,,,
529,10060883951,,,,
530,10123473607,,,,
531,10085868727,,,,
532,10124683275,,,,
533,10006278308,,,,
534,10107182859,,,,
535,10064126781,,,,
536,10083837383,,,,
537,10119244609,,,,
538,10118522664,,,,
539,10061217589,,,,
540,10055079816,,,,
541,10075819729,,,,
542,10135663574,,,,
543,10093661968,,,,
544,10009321882,,,,
545,10105708661,,,,
546,10069363266,,,,
547,10140372724,,,,
548,10117689676,,,,
549,10059568690,,,,
550,10136323881,,,,
551,10115012981,,,,
552,10133219174,,,,
553,10132763173,,,,
554,10009085547,,,,
555,10123209885,,,,
556,10035393664,,,,
557,10118522361,,,,
558,10062469495,,,,
559,10103764520,,,,
560,10127778989,,,,
561,10135663675,,,,
562,10056990918,,,,
563,10096427074,,,,
564,10119894913,,,,
565,10021942491,,,,
566,10136324083,,,,
567,10114928614,,,,
568,10070693176,,,,
569,10035522491,,,,
570,10084438076,,,,
571,10009112324,,,,
572,10015570605,,,,
573,10050766346,,,,
574,10119923609,,,,
575,10119925225,,,,
576,10050005706,,,,
577,10022183981,,,,
578,10027138964,,,,
579,10046046890,,,,
580,10087311094,,,,
581,10073010062,,,,
582,10019117064,,,,
583,10095240947,,,,
584,10097450527,,,,
585,10016189078,,,,
586,10117782434,,,,
587,10119743753,,,,
588,10118522866,,,,
589,10008900237,,,,
590,10006602044,,,,
591,10065715157,,,,
592,10015860591,,,,
593,10096955120,,,,
594,10056709921,,,,
595,10095625614,,,,
596,10024556643,,,,
597,10084556395,,,,
598,10095102420,,,,
599,10132279486,,,,
600,10082899820,,,,
601,10100022239,,,,
602,10086309671,,,,
603,10119344134,,,,
604,10021087982,,,,
605,10026125013,,,,
606,10023973633,,,,
607,10095240846,,,,
608,10009310768,,,,
609,10055630187,,,,
610,10132165211,,,,
611,10016128858,,,,
612,10132033451,,,,
613,10115760285,,,,
614,10114300942,,,,
615,10132235939,,,,
616,10014627176,,,,
617,10064906017,,,,
618,10012448518,,,,
619,10124899911,,,,
620,10035233616,,,,
621,10095970366,,,,
622,10139909043,,,,
623,10020964209,,,,
624,10079059226,,,,
625,10103306596,,,,
626,10126948732,,,,
627,10131259875,,,,
628,10086832057,,,,
629,10132337989,,,,
630,10015916367,,,,
631,10083594580,,,,
632,10063586211,,,,
633,10066468727,,,,
634,10063731105,,,,
635,10083003789,,,,
636,10015239387,,,,
637,10096740912,,,,
638,10130399407,,,,
639,10132339407,,,,
640,10088335254,,,,
641,10131975049,,,,
642,10132339508,,,,
643,10029252251,,,,
644,10119693334,,,,
645,10132237858,,,,
646,10054710307,,,,
647,10083501119,,,,
648,10071897996,,,,
649,10118906422,,,,
650,10088465091,,,,
651,10061956813,,,,
652,10140954017,,,,
653,10016188674,,,,
654,10054991001,,,,
655,10063243475,,,,
656,10095995931,,,,
657,10009195075,,,,
658,10047310015,,,,
659,10075819224,,,,
660,10053783551,,,,
661,10055216626,,,,
662,10023189953,,,,
663,10023156510,,,,
664,10038077534,,,,
665,10052845681,,,,
666,10066814994,,,,
667,10074172345,,,,
668,10086715556,,,,
669,10087871674,,,,
670,10120704053,,,,
671,10083745336,,,,
672,10003100142,,,,
673,10131768521,,,,
674,10049512824,,,,
675,10004640220,,,,
676,10049516157,,,,
677,10009138491,,,,
678,10004601723,,,,
679,10096693018,,,,
680,10015266972,,,,
681,10007212639,,,,
682,10100860984,,,,
683,10007772108,,,,
684,10034905836,,,,
685,10051586604,,,,
686,10010593895,,,,
687,10066413759,,,,
688,10096938548,,,,
689,10063781322,,,,
690,10017653778,,,,
691,10082452610,,,,
692,10071492822,,,,
693,10016469772,,,,
694,10009049979,,,,
695,10009762123,,,,
696,10011000790,,,,
697,10050626405,,,,
698,10067397705,,,,
699,10055089112,,,,
700,10017585373,,,,
701,10065024740,,,,
702,10022380409,,,,
703,10006475136,,,,
704,10004777434,,,,
705,10009520532,,,,
706,10015977803,,,,
707,10055761947,,,,
708,10115490608,,,,
709,10105237102,,,,
710,10017582444,,,,
711,10009158804,,,,
712,10070139771,,,,
713,10006536770,,,,
714,10099805405,,,,
715,10004610413,,,,
716,10014547758,,,,
717,10078019407,,,,
718,10034956154,,,,
719,10009017243,,,,
720,10010652907,,,,
721,10092410971,,,,
722,10090555241,,,,
723,10097608555,,,,
724,10065335443,,,,
725,10015718327,,,,
726,10056185313,,,,
727,10071493731,,,,
728,10011119618,,,,
729,10051908118,,,,
730,10011324429,,,,
731,10052184465,,,,
732,10057674968,,,,
733,10010723231,,,,
734,10064887526,,,,
735,10007897295,,,,
736,10064295826,,,,
737,10049099764,,,,
738,10016105014,,,,
739,10121517136,,,,
740,10014992140,,,,
741,10105678753,,,,
742,10071254665,,,,
743,10123469058,,,,
744,10062431305,,,,
745,10022362322,,,,
746,10012076985,,,,
747,10006066524,,,,
748,10036078728,,,,
749,10013460853,,,,
750,10015570504,,,,
751,10090741763,,,,
752,10010903891,,,,
753,10045950702,,,,
754,10092819583,,,,
755,10005461383,,,,
756,10017564458,,,,
757,10120843287,,,,
758,10097253190,,,,
759,10022382934,,,,
760,10052180728,,,,
761,10083586904,,,,
762,10007291249,,,,
763,10020077667,,,,
764,10015267174,,,,
765,10080862214,,,,
766,10050433213,,,,
767,10017563448,,,,
768,10010786885,,,,
769,10071492923,,,,
770,10050942259,,,,
771,10084828403,,,,
772,10010969468,,,,
773,10081577889,,,,
774,10010178920,,,,
775,10082374505,,,,
776,10089917162,,,,
777,10088938977,,,,
778,10003292122,,,,
779,10128803452,,,,
780,10010672408,,,,
781,10079745805,,,,
782,10061358443,,,,
783,10086110318,,,,
784,10008888113,,,,
785,10006686718,,,,
786,10051729676,,,,
787,10036069533,,,,
788,10076586635,,,,
789,10119925427,,,,
790,10098940889,,,,
791,10014385080,,,,
792,10017615685,,,,
793,10007504346,,,,
794,10011968770,,,,
795,10050726233,,,,
796,10009260147,,,,
797,10082392487,,,,
798,10111519062,,,,
799,10007271546,,,,
800,10076740421,,,,
801,10084194263,,,,
802,10080540902,,,,
803,10009386045,,,,
804,10060469477,,,,
805,10009158400,,,,
806,10088306861,,,,
807,10071592650,,,,
808,10017620739,,,,
809,10115009042,,,,
810,10057679113,,,,
811,10008844865,,,,
812,10020545893,,,,
813,10101225847,,,,
814,10113113704,,,,
815,10090700943,,,,
816,10084362904,,,,
817,10011157408,,,,
818,10122559884,,,,
819,10118199231,,,,
820,10050149687,,,,
821,10051538508,,,,
822,10088771855,,,,
823,10093662069,,,,
824,10050873147,,,,
825,10118204584,,,,
826,10009044727,,,,
827,10060412388,,,,
828,10116102920,,,,
829,10054290981,,,,
830,10091534133,,,,
831,10050585480,,,,
832,10079765508,,,,
833,10009691593,,,,
834,10113586879,,,,
835,10123467240,,,,
836,10009259440,,,,
837,10116983701,,,,
838,10116103425,,,,
839,10034934431,,,,
840,10009030377,,,,
841,10010721009,,,,
842,10015914246,,,,
843,10116103324,,,,
844,10081576475,,,,
845,10116103223,,,,
846,10008973591,,,,
847,10077024448,,,,
848,10017891935,,,,
849,10109680914,,,,
850,10087938463,,,,
851,10023945341,,,,
852,10076874908,,,,
853,10052856492,,,,
854,10082993887,,,,
855,10084049268,,,,
856,10086726670,,,,
857,10096294106,,,,
858,10005727327,,,,
859,10005964672,,,,
860,10004599194,,,,
861,10004720143,,,,
862,10016152807,,,,
863,10006900421,,,,
864,10011155990,,,,
865,10010994528,,,,
866,10010829123,,,,
867,10026805124,,,,
868,10049591636,,,,
869,10006285378,,,,
870,10006073493,,,,
871,10112982853,,,,
872,10005574854,,,,
873,10112216553,,,,
874,10048325683,,,,
875,10009037350,,,,
876,10100093270,,,,
877,10088489141,,,,
878,10005921226,,,,
879,10015473100,,,,
880,10006182318,,,,
881,10007828183,,,,
882,10016106832,,,,
883,10050887493,,,,
884,10007499292,,,,
885,10109373443,,,,
886,10030584484,,,,
887,10016270116,,,,
888,10051443629,,,,
889,10106575092,,,,
890,10054711620,,,,
891,10036116720,,,,
892,10010601171,,,,
893,10067497735,,,,
894,10067778631,,,,
895,10060494133,,,,
896,10007828082,,,,
897,10035062450,,,,
898,10010118494,,,,
899,10064652605,,,,
900,10054626441,,,,
901,10056016167,,,,
902,10083618933,,,,
903,10008987537,,,,
904,10035076796,,,,
905,10056503086,,,,
906,10006875159,,,,
907,10034795904,,,,
908,10009688664,,,,
909,10097450123,,,,
910,10067878257,,,,
911,10015000224,,,,
912,10003095795,,,,
913,10011134570,,,,
914,10004618796,,,,
915,10035022337,,,,
916,10076894005,,,,
917,10014581205,,,,
918,10009318549,,,,
919,10014936566,,,,
920,10007799285,,,,
921,10109511768,,,,
922,10083544161,,,,
923,10009333707,,,,
924,10016095516,,,,
925,10080997610,,,,
926,10009183658,,,,
927,10118523169,,,,
928,10097387273,,,,
929,10063595911,,,,
930,10050356522,,,,
931,10063186386,,,,
932,10029862442,,,,
933,10009331784,,,,
934,10053901365,,,,
935,10109512273,,,,
936,10072831927,,,,
937,10029308734,,,,
938,10023458826,,,,
939,10115011971,,,,
940,10008098470,,,,
941,10015393375,,,,
942,10010796080,,,,
943,10045946355,,,,
944,10009693617,,,,
945,10021349276,,,,
946,10006113610,,,,
947,10052885693,,,,
948,10069360236,,,,
949,10011044543,,,,
950,10050706429,,,,
951,10034780241,,,,
952,10006902239,,,,
953,10088438116,,,,
954,10021578844,,,,
955,10084202448,,,,
956,10120520965,,,,
957,10060238495,,,,
958,10041866089,,,,
959,10053679780,,,,
960,10052265705,,,,
961,10114929927,,,,
962,10011047472,,,,
963,10015980833,,,,
964,10006665496,,,,
965,10118851858,,,,
966,10072797369,,,,
967,10052885794,,,,
968,10081023777,,,,
969,10016282543,,,,
970,10009219125,,,,
971,10006532629,,,,
972,10007797265,,,,
973,10050879514,,,,
974,10015443087,,,,
975,10010114555,,,,
976,10088408814,,,,
977,10083495560,,,,
978,10007257907,,,,
979,10053970275,,,,
980,10058440359,,,,
981,10062941765,,,,
982,10051132421,,,,
983,10117284805,,,,
984,10118848323,,,,
985,10029473836,,,,
986,10072832735,,,,
987,10064052922,,,,
988,10116735541,,,,
989,10048988620,,,,
990,10064646238,,,,
991,10097389091,,,,
992,10114811002,,,,
993,10010895104,,,,
994,10063404638,,,,
995,10053896719,,,,
996,10035212394,,,,
997,10007772209,,,,
998,10055218747,,,,
999,10021142041,,,,
1000,10097636342,,,,
1001,10052885895,,,,
1002,10017307915,,,,
1003,10015974870,,,,
1004,10114912547,,,,
1005,10053577023,,,,
1006,10008931256,,,,
1007,10089730842,,,,
1008,10010895205,,,,
1009,10008921960,,,,
1010,10063365030,,,,
1011,10103197068,,,,
1012,10118576420,,,,
1013,10050941350,,,,
1014,10011161549,,,,
1015,10015916266,,,,
1016,10017666310,,,,
1017,10090264645,,,,
1018,10118842057,,,,
1019,10120521268,,,,
1020,10052874579,,,,
1021,10096554083,,,,
1022,10050725021,,,,
1023,10015145623,,,,
1024,10008950858,,,,
1025,10104087549,,,,
1026,10016104408,,,,
1027,10004622638,,,,
1028,10007446651,,,,
1029,10010695040,,,,
1030,10005227472,,,,
1031,10052881148,,,,
1032,10011164276,,,,
1033,10076166101,,,,
1034,10118877019,,,,
1035,10052881350,,,,
1036,10007789181,,,,
1037,10021645431,,,,
1038,10075914002,,,,
1039,10034782261,,,,
1040,10118877322,,,,
1041,10014420547,,,,
1042,10084652991,,,,
1043,10064711714,,,,
1044,10022102846,,,,
1045,10109371019,,,,
1046,10021158007,,,,
1047,10106273382,,,,
1048,10035520875,,,,
1049,10021785776,,,,
1050,10096367763,,,,
1051,10008958033,,,,
1052,10034823889,,,,
1053,10020925712,,,,
1054,10076430021,,,,
1055,10021316439,,,,
1056,10089713563,,,,
1057,10006065817,,,,
1058,10118186905,,,,
1059,10021022207,,,,
1060,10052874680,,,,
1061,10004725092,,,,
1062,10112148855,,,,
1063,10119068793,,,,
1064,10020805167,,,,
1065,10086865706,,,,
1066,10036021740,,,,
1067,10073282672,,,,
1068,10021553784,,,,
1069,10046312632,,,,
1070,10015914145,,,,
1071,10119083547,,,,
1072,10109370817,,,,
1073,10036022649,,,,
1074,10006422895,,,,
1075,10010850644,,,,
1076,10059218884,,,,
1077,10007271849,,,,
1078,10009328047,,,,
1079,10015267477,,,,
1080,10034928165,,,,
1081,10054592186,,,,
1082,10063232563,,,,
1083,10082410675,,,,
1084,10103577792,,,,
1085,10010726261,,,,
1086,10020974616,,,,
1087,10009504667,,,,
1088,10009307435,,,,
1089,10005964571,,,,
1090,10003096708,,,,
1091,10009009260,,,,
1092,10096716660,,,,
1093,10010645833,,,,
1094,10006288109,,,,
1095,10009721202,,,,
1096,10009307536,,,,
1097,10076376467,,,,
1098,10009207001,,,,
1099,10008108574,,,,
1100,10074742827,,,,
1101,10014664057,,,,
1102,10011164579,,,,
1103,10015978712,,,,
1104,10007891437,,,,
1105,10036451873,,,,
1106,10036590000,,,,
1107,10009175574,,,,
1108,10093638932,,,,
1109,10010654826,,,,
1110,10062073920,,,,
1111,10010114757,,,,
1112,10099129132,,,,
1113,10008997641,,,,
1114,10006898401,,,,
1115,10015313856,,,,
1116,10010648257,,,,
1117,10073486978,,,,
1118,10023485704,,,,
1119,10010923796,,,,
1120,10061702387,,,,
1121,10016321242,,,,
1122,10014767121,,,,
1123,10005548986,,,,
1124,10025432875,,,,
1125,10096482143,,,,
1126,10011049593,,,,
1127,10010720908,,,,
1128,10009036340,,,,
1129,10049101582,,,,
1130,10009012694,,,,
1131,10015172400,,,,
1132,10009725545,,,,
1133,10006553039,,,,
1134,10053303403,,,,
1135,10009205886,,,,
1136,10006737945,,,,
1137,10010914605,,,,
1138,10009689674,,,,
1139,10082602453,,,,
1140,10003011125,,,,
1141,10016023976,,,,
1142,10025472382,,,,
1143,10035335464,,,,
1144,10017849596,,,,
1145,10009207203,,,,
1146,10007900935,,,,
1147,10009101816,,,,
1148,10017855559,,,,
1149,10008882049,,,,
1150,10010028366,,,,
1151,10009905094,,,,
1152,10050986719,,,,
1153,10017853337,,,,
1154,10015346188,,,,
1155,10083929838,,,,
1156,10036103986,,,,
1157,10094240736,,,,
1158,10009725242,,,,
1159,10020915709,,,,
1160,10010726564,,,,
1161,10023376576,,,,
1162,10010709588,,,,
1163,10010654927,,,,
1164,10003391849,,,,
1165,10060752696,,,,
1166,10011156600,,,,
1167,10002654346,,,,
1168,10066296248,,,,
1169,10011202066,,,,
1170,10009034623,,,,
1171,10050766750,,,,
1172,10015530185,,,,
1173,10045992633,,,,
1174,10009738780,,,,
1175,10067049111,,,,
1176,10092508375,,,,
1177,10049099158,,,,
1178,10010653008,,,,
1179,10054595321,,,,
1180,10011220658,,,,
1181,10011047068,,,,
1182,10064248033,,,,
1183,10085039476,,,,
1184,10064812350,,,,
1185,10051451107,,,,
1186,10011309473,,,,
1187,10015861807,,,,
1188,10062047951,,,,
1189,10010115969,,,,
1190,10011157509,,,,
1191,10006941544,,,,
1192,10004860084,,,,
1193,10060566275,,,,
1194,10035023347,,,,
1195,10006319633,,,,
1196,10060064000,,,,
1197,10060403193,,,,
1198,10064812451,,,,
1199,10010992710,,,,
1200,10022309172,,,,
1201,10016435218,,,,
1202,10051013088,,,,
1203,10030125049,,,,
1204,10004068526,,,,
1205,10009009462,,,,
1206,10006575772,,,,
1207,10054313112,,,,
1208,10015522004,,,,
1209,10009101715,,,,
1210,10016146844,,,,
1211,10016107539,,,,
1212,10004573128,,,,
1213,10098001811,,,,
1214,10006082991,,,,
1215,10084358860,,,,
1216,10004748132,,,,
1217,10009689573,,,,
1218,10010692111,,,,
1219,10015716812,,,,
1220,10094870226,,,,
1221,10013611104,,,,
1222,10050986921,,,,
1223,10009648551,,,,
1224,10011166805,,,,
1225,10049014181,,,,
1226,10008901954,,,,
1227,10021915819,,,,
1228,10064938349,,,,
1229,10005930724,,,,
1230,10011164781,,,,
1231,10073486675,,,,
1232,10010601575,,,,
1233,10009110001,,,,
1234,10006914767,,,,
1235,10016194334,,,,
1236,10084721703,,,,
1237,10010739500,,,,
1238,10010184172,,,,
1239,10023683946,,,,
1240,10010924204,,,,
1241,10014234631,,,,
1242,10044375258,,,,
1243,10053822149,,,,
1244,10056286858,,,,
1245,10077803377,,,,
1246,10013610191,,,,
1247,10016095213,,,,
1248,10013189556,,,,
1249,10083548306,,,,
1250,10073487079,,,,
1251,10016604865,,,,
1252,10066584925,,,,
1253,10065471243,,,,
1254,10002419021,,,,
1255,10054827313,,,,
1256,10010828820,,,,
1257,10090545945,,,,
1258,10010937843,,,,
1259,10060038233,,,,
1260,10093037633,,,,
1261,10015483709,,,,
1262,10063094844,,,,
1263,10080289308,,,,
1264,10051722000,,,,
1265,10064067268,,,,
1266,10011334836,,,,
1267,10061162221,,,,
1268,10063955316,,,,
1269,10076341408,,,,
1270,10042409592,,,,
1271,10009976331,,,,
1272,10084867203,,,,
1273,10010926830,,,,
1274,10009016536,,,,
1275,10063902671,,,,
1276,10095976733,,,,
1277,10023459028,,,,
1278,10010175482,,,,
1279,10010641183,,,,
1280,10058351948,,,,
1281,10010640577,,,,
1282,10018941757,,,,
1283,10061681270,,,,
1284,10007213144,,,,
1285,10063834266,,,,
1286,10015729441,,,,
1287,10010736567,,,,
1288,10083619034,,,,
1289,10084298438,,,,
1290,10050949434,,,,
1291,10062011777,,,,
1292,10015712162,,,,
1293,10008917112,,,,
1294,10072405026,,,,
1295,10034859962,,,,
1296,10086403035,,,,
1297,10015718024,,,,
1298,10097389600,,,,
1299,10079944047,,,,
1300,10009890344,,,,
1301,10072669653,,,,
1302,10086863884,,,,
1303,10053587935,,,,
1304,10008994813,,,,
1305,10060701267,,,,
1306,10052231046,,,,
1307,10087801956,,,,
1308,10097457193,,,,
1309,10045992330,,,,
1310,10067217445,,,,
1311,10009191641,,,,
1312,10003095189,,,,
1313,10007237901,,,,
1314,10035022741,,,,
1315,10011002107,,,,
1316,10015787641,,,,
1317,10006594970,,,,
1318,10083977631,,,,
1319,10021008564,,,,
1320,10023424167,,,,
1321,10061681674,,,,
1322,10009854877,,,,
1323,10011153263,,,,
1324,10087498428,,,,
1325,10082139176,,,,
1326,10010736466,,,,
1327,10062769286,,,,
1328,10092046415,,,,
1329,10015848669,,,,
1330,10015869887,,,,
1331,10062901551,,,,
1332,10035306667,,,,
1333,10073310358,,,,
1334,10010895306,,,,
1335,10010115767,,,,
1336,10097158517,,,,
1337,10017850206,,,,
1338,10008845370,,,,
1339,10009846894,,,,
1340,10050867689,,,,
1341,10085762532,,,,
1342,10011164175,,,,
1343,10007836873,,,,
1344,10076779019,,,,
1345,10050089871,,,,
1346,10023476004,,,,
1347,10015997910,,,,
1348,10076628566,,,,
1349,10064643814,,,,
1350,10063896308,,,,
1351,10083483739,,,,
1352,10083483941,,,,
1353,10053443445,,,,
1354,10083929434,,,,
1355,10043627651,,,,
1356,10097473260,,,,
1357,10006443208,,,,
1358,10007505457,,,,
1359,10024325863,,,,
1360,10016206054,,,,
1361,10010920564,,,,
1362,10093904367,,,,
1363,10090367002,,,,
1364,10058444100,,,,
1365,10022742339,,,,
1366,10007196168,,,,
1367,10076120530,,,,
1368,10063837704,,,,
1369,10015597883,,,,
1370,10053138095,,,,
1371,10016101273,,,,
1372,10022860759,,,,
1373,10009142434,,,,
1374,10084795663,,,,
1375,10026649924,,,,
1376,10064646844,,,,
1377,10010638961,,,,
1378,10009710286,,,,
1379,10073446360,,,,
1380,10018603469,,,,
1381,10009693415,,,,
1382,10021006645,,,,
1383,10072787568,,,,
1384,10020885191,,,,
1385,10012609071,,,,
1386,10060861218,,,,
1387,10083155252,,,,
1388,10090270002,,,,
1389,10016128454,,,,
1390,10010725857,,,,
1391,10091520793,,,,
1392,10062071290,,,,
1393,10090444804,,,,
1394,10021169525,,,,
1395,10090262120,,,,
1396,10097333723,,,,
1397,10034949585,,,,
1398,10016107741,,,,
1399,10048829780,,,,
1400,10018446653,,,,
1401,10089238566,,,,
1402,10097450224,,,,
1403,10014660320,,,,
1404,10005743693,,,,
1405,10009976028,,,,
1406,10016107438,,,,
1407,10062780606,,,,
1408,10062083822,,,,
1409,10096412223,,,,
1410,10054711923,,,,
1411,10064190237,,,,
1412,10021558030,,,,
1413,10084756964,,,,
1414,10016106125,,,,
1415,10023943725,,,,
1416,10089728317,,,,
1417,10021332405,,,,
1418,10078248971,,,,
1419,10084524366,,,,
1420,10058439147,,,,
1421,10080356501,,,,
1422,10064547925,,,,
1423,10006882031,,,,
1424,10015002648,,,,
1425,10054206210,,,,
1426,10073031179,,,,
1427,10083908418,,,,
1428,10020776168,,,,
1429,10020865185,,,,
1430,10020999470,,,,
1431,10021320681,,,,
1432,10021444660,,,,
1433,10021608954,,,,
1434,10096168612,,,,
1435,10096635525,,,,
1436,10096636434,,,,
1437,10034939683,,,,
1438,10034981921,,,,
1439,10047374477,,,,
1440,10023980606,,,,
1441,10018709159,,,,
1442,10086736572,,,,
1443,10090259389,,,,
1444,10021231866,,,,
1445,10007811817,,,,
1446,10003349716,,,,
1447,10002418415,,,,
1448,10005782695,,,,
1449,10006108051,,,,
1450,10010778704,,,,
1451,10007508083,,,,
1452,10011129823,,,,
1453,10053242169,,,,
1454,10053606022,,,,
1455,10007787464,,,,
1456,10053240856,,,,
1457,10007271142,,,,
1458,10036587572,,,,
1459,10051694112,,,,
1460,10006584159,,,,
1461,10009232663,,,,
1462,10010828719,,,,
1463,10006442501,,,,
1464,10002260888,,,,
1465,10052410393,,,,
1466,10036234231,,,,
1467,10013422053,,,,
1468,10063396554,,,,
1469,10010166691,,,,
1470,10007127662,,,,
1471,10011156903,,,,
1472,10032999380,,,,
1473,10009719178,,,,
1474,10007051274,,,,
1475,10085091313,,,,
1476,10009214475,,,,
1477,10007741792,,,,
1478,10075744654,,,,
1479,10009039168,,,,
1480,10084555385,,,,
1481,10006898300,,,,
1482,10063277831,,,,
1483,10009667749,,,,
1484,10023528847,,,,
1485,10007505760,,,,
1486,10010813763,,,,
1487,10009090601,,,,
1488,10045965351,,,,
1489,10007861731,,,,
1490,10015172194,,,,
1491,10081162308,,,,
1492,10010737476,,,,
1493,10007507174,,,,
1494,10050373595,,,,
1495,10052418780,,,,
1496,10042535187,,,,
1497,10017491508,,,,
1498,10009117071,,,,
1499,10008879221,,,,
1500,10009718875,,,,
1501,10015337502,,,,
1502,10017854650,,,,
1503,10084791926,,,,
1504,10011301490,,,,
1505,10083483840,,,,
1506,10010831446,,,,
1507,10009115354,,,,
1508,10076763659,,,,
1509,10084590448,,,,
1510,10009498506,,,,
1511,10004594851,,,,
1512,10015849477,,,,
1513,10084791724,,,,
1514,10017852731,,,,
1515,10004868774,,,,
1516,10016303862,,,,
1517,10015334165,,,,
1518,10055760634,,,,
1519,10015631128,,,,
1520,10011175390,,,,
1521,10064080002,,,,
1522,10079550690,,,,
1523,10010638052,,,,
1524,10006115327,,,,
1525,10060583857,,,,
1526,10054093850,,,,
1527,10056387292,,,,
1528,10011175491,,,,
1529,10011496096,,,,
1530,10084590549,,,,
1531,10016581324,,,,
1532,10010732224,,,,
1533,10016143410,,,,
1534,10020739287,,,,
1535,10013828948,,,,
1536,10009821131,,,,
1537,10015961534,,,,
1538,10067791563,,,,
1539,10025859372,,,,
1540,10015871709,,,,
1541,10015017907,,,,
1542,10016543534,,,,
1543,10083339047,,,,
1544,10013097913,,,,
1545,10002260484,,,,
1546,10016277590,,,,
1547,10009500930,,,,
1548,10055304229,,,,
1549,10009815269,,,,
1550,10025299095,,,,
1551,10009505879,,,,
1552,10015916064,,,,
1553,10055346766,,,,
1554,10010878532,,,,
1555,10061210721,,,,
1556,10056604231,,,,
1557,10016863432,,,,
1558,10066337068,,,,
1559,10009737972,,,,
1560,10046131261,,,,
1561,10016076924,,,,
1562,10010779613,,,,
1563,10009862860,,,,
1564,10007498888,,,,
1565,10009312283,,,,
1566,10015914347,,,,
1567,10010882774,,,,
1568,10016392374,,,,
1569,10023663536,,,,
1570,10010695343,,,,
1571,10011021406,,,,
1572,10064381611,,,,
1573,10010737375,,,,
1574,10009738073,,,,
1575,10011160438,,,,
1576,10016104610,,,,
1577,10011263906,,,,
1578,10050432102,,,,
1579,10009888829,,,,
1580,10010872165,,,,
1581,10015374985,,,,
1582,10015977904,,,,
1583,10079054879,,,,
1584,10009181133,,,,
1585,10015765716,,,,
1586,10015267073,,,,
1587,10014676787,,,,
1588,10059717830,,,,
1589,10009728373,,,,
1590,10060678130,,,,
1591,10009233572,,,,
1592,10010722322,,,,
1593,10009667244,,,,
1594,10015434603,,,,
1595,10010929658,,,,
1596,10055036265,,,,
1597,10015979823,,,,
1598,10010895508,,,,
1599,10037321338,,,,
1600,10022853786,,,,
1601,10014244533,,,,
1602,10015785318,,,,
1603,10055050514,,,,
1604,10006652867,,,,
1605,10015978409,,,,
1606,10051488388,,,,
1607,10023065873,,,,
1608,10062071189,,,,
1609,10015269093,,,,
1610,10010935318,,,,
1611,10015172295,,,,
1612,10081161803,,,,
1613,10009684523,,,,
1614,10081025292,,,,
1615,10055091233,,,,
1616,10034865521,,,,
1617,10010641284,,,,
1618,10009037653,,,,
1619,10004862310,,,,
1620,10040300147,,,,
1621,10015793705,,,,
1622,10015267275,,,,
1623,10061217286,,,,
1624,10064646945,,,,
1625,10015981035,,,,
1626,10083258114,,,,
1627,10084717558,,,,
1628,10034839451,,,,
1629,10083233660,,,,
1630,10029846577,,,,
1631,10073116055,,,,
1632,10081338928,,,,
1633,10084652183,,,,
1634,10006319532,,,,
1635,10009967843,,,,
1636,10083840114,,,,
1637,10005796944,,,,
1638,10041823855,,,,
1639,10034886840,,,,
1640,10015775416,,,,
1641,10007789686,,,,
1642,10066293925,,,,
1643,10021576925,,,,
1644,10011153970,,,,
1645,10058237467,,,,
1646,10015566561,,,,
1647,10064902680,,,,
1648,10017288111,,,,
1649,10010717470,,,,
1650,10006554251,,,,
1651,10020916113,,,,
1652,10015794917,,,,
1653,10034942414,,,,
1654,10007901036,,,,
1655,10015321031,,,,
1656,10036667596,,,,
1657,10016106630,,,,
1658,10022868641,,,,
1659,10009738982,,,,
1660,10009964914,,,,
1661,10064645430,,,,
1662,10085949458,,,,
1663,10023481357,,,,
1664,10034899267,,,,
1665,10084563974,,,,
1666,10021320176,,,,
1667,10006898296,,,,
1668,10063739791,,,,
1669,10023450742,,,,
1670,10021324725,,,,
1671,10015322546,,,,
1672,10015319718,,,,
1673,10011046765,,,,
1674,10050171313,,,,
1675,10010916625,,,,
1676,10015321334,,,,
1677,10021626031,,,,
1678,10009151326,,,,
1679,10010992912,,,,
1680,10009532050,,,,
1681,10009988152,,,,
1682,10062512945,,,,
1683,10055220161,,,,
1684,10048854840,,,,
1685,10064256016,,,,
1686,10061138272,,,,
1687,10068214222,,,,
1688,10023487118,,,,
1689,10018713607,,,,
1690,10084757873,,,,
1691,10064647753,,,,
1692,10018733411,,,,
1693,10076764164,,,,
1694,10010926022,,,,
1695,10008042896,,,,
1696,10007782212,,,,
1697,10025749339,,,,
1698,10014699322,,,,
1699,10016203226,,,,
1700,10004594144,,,,
1701,10050872945,,,,
1702,10020813857,,,,
1703,10021486086,,,,
1704,10010853573,,,,
1705,10010853775,,,,
1706,10020872966,,,,
1707,10009316428,,,,
1708,10048694081,,,,
1709,10083392702,,,,
1710,10015961433,,,,
1711,10021041102,,,,
1712,10021624617,,,,
1713,10020911766,,,,
1714,10083825461,,,,
1715,10021328765,,,,
1716,10007778875,,,,
1717,10036244537,,,,
1718,10008966622,,,,
1719,10011148213,,,,
1720,10015570706,,,,
1721,10009405546,,,,
1722,10011155384,,,,
1723,10009723020,,,,
1724,10009975523,,,,
1725,10007184751,,,,
1726,10017762195,,,,
1727,10007897703,,,,
1728,10009232158,,,,
1729,10054562278,,,,
1730,10010646540,,,,
1731,10015984469,,,,
1732,10007193744,,,,
1733,10015572019,,,,
1734,10006320037,,,,
1735,10010730709,,,,
1736,10053805173,,,,
1737,10004601824,,,,
1738,10055482061,,,,
1739,10017655293,,,,
1740,10010709992,,,,
1741,10009011987,,,,
1742,10006112394,,,,
1743,10010178718,,,,
1744,10009965015,,,,
1745,10007362583,,,,
1746,10004737826,,,,
1747,10009206290,,,,
1748,10009209930,,,,
1749,10009090702,,,,
1750,10021303608,,,,
1751,10009719784,,,,
1752,10006185348,,,,
1753,10015078935,,,,
1754,10015266467,,,,
1755,10010666849,,,,
1756,10063902570,,,,
1757,10007294481,,,,
1758,10009206088,,,,
1759,10010092327,,,,
1760,10010643813,,,,
1761,10049173223,,,,
1762,10008880635,,,,
1763,10009519320,,,,
1764,10010636133,,,,
1765,10013397300,,,,
1766,10004792184,,,,
1767,10009573375,,,,
1768,10014381545,,,,
1769,10023927658,,,,
1770,10063896409,,,,
1771,10016293354,,,,
1772,10015539683,,,,
1773,10063250953,,,,
1774,10009825676,,,,
1775,10009974614,,,,
1776,10009968348,,,,
1777,10009213970,,,,
1778,10007063705,,,,
1779,10008000965,,,,
1780,10015442683,,,,
1781,10065959374,,,,
1782,10010771226,,,,
1783,10006724912,,,,
1784,10002830360,,,,
1785,10009219024,,,,
1786,10009034219,,,,
1787,10011206211,,,,
1788,10009027852,,,,
1789,10009044424,,,,
1790,10010681300,,,,
1791,10010640173,,,,
1792,10010871458,,,,
1793,10007198794,,,,
1794,10010854179,,,,
1795,10010740813,,,,
1796,10007889922,,,,
1797,10053890857,,,,
1798,10009705943,,,,
1799,10008925293,,,,
1800,10057794806,,,,
1801,10045923420,,,,
1802,10005964874,,,,
1803,10010630271,,,,
1804,10015303348,,,,
1805,10010713632,,,,
1806,10011072936,,,,
1807,10057868362,,,,
1808,10023476206,,,,
1809,10009131623,,,,
1810,10010116272,,,,
1811,10005757336,,,,
1812,10010625423,,,,
1813,10021412429,,,,
1814,10008959245,,,,
1815,10015000123,,,,
1816,10009669668,,,,
1817,10002589476,,,,
1818,10015979217,,,,
1819,10013983037,,,,
1820,10061391886,,,,
1821,10004782484,,,,
1822,10009026034,,,,
1823,10010859940,,,,
1824,10050085427,,,,
1825,10009486984,,,,
1826,10009139101,,,,
1827,10010740914,,,,
1828,10015541808,,,,
1829,10009725141,,,,
1830,10050254569,,,,
1831,10056025362,,,,
1832,10009033512,,,,
1833,10009259137,,,,
1834,10009501132,,,,
1835,10015779961,,,,
1836,10007603568,,,,
1837,10008958134,,,,
1838,10055615740,,,,
1839,10010737981,,,,
1840,10035076392,,,,
1841,10014174108,,,,
1842,10007507881,,,,
1843,10004629409,,,,
1844,10015979116,,,,
1845,10016662661,,,,
1846,10065502565,,,,
1847,10015718428,,,,
1848,10009259945,,,,
1849,10014465108,,,,
1850,10015064484,,,,
1851,10011151748,,,,
1852,10015553124,,,,
1853,10010699181,,,,
1854,10035481166,,,,
1855,10014587164,,,,
1856,10016290526,,,,
1857,10015875244,,,,
1858,10009974412,,,,
1859,10009176180,,,,
1860,10012587651,,,,
1861,10013036679,,,,
1862,10015793907,,,,
1863,10010732628,,,,
1864,10010839227,,,,
1865,10053639768,,,,
1866,10035353551,,,,
1867,10009992600,,,,
1868,10059690144,,,,
1869,10007238002,,,,
1870,10015083985,,,,
1871,10010181041,,,,
1872,10011044947,,,,
1873,10009304405,,,,
1874,10015981540,,,,
1875,10006555766,,,,
1876,10071486960,,,,
1877,10015794008,,,,
1878,10062016225,,,,
1879,10010750917,,,,
1880,10034992934,,,,
1881,10015865039,,,,
1882,10066365764,,,,
1883,10004776727,,,,
1884,10010701710,,,,
1885,10007232039,,,,
1886,10058983357,,,,
1887,10061862944,,,,
1888,10063175878,,,,
1889,10071485950,,,,
1890,10009074837,,,,
1891,10014660118,,,,
1892,10008968137,,,,
1893,10010791030,,,,
1894,10009701903,,,,
1895,10010746267,,,,
1896,10083338542,,,,
1897,10015350434,,,,
1898,10015851602,,,,
1899,10055343433,,,,
1900,10064740511,,,,
1901,10009227209,,,,
1902,10016022057,,,,
1903,10006280530,,,,
1904,10023545419,,,,
1905,10015849982,,,,
1906,10026829069,,,,
1907,10011034641,,,,
1908,10010877926,,,,
1909,10015849275,,,,
1910,10023939681,,,,
1911,10015322950,,,,
1912,10016203125,,,,
1913,10010653311,,,,
1914,10049089660,,,,
1915,10010654725,,,,
1916,10010718581,,,,
1917,10064740612,,,,
1918,10015708223,,,,
1919,10023545924,,,,
1920,10007961155,,,,
1921,10013610090,,,,
1922,10018815455,,,,
1923,10009206391,,,,
1924,10064647147,,,,
1925,10009212556,,,,
1926,10005329728,,,,
1927,10010750715,,,,
1928,10010914706,,,,
1929,10009494260,,,,
1930,10064647551,,,,
1931,10063397463,,,,
1932,10054819330,,,,
1933,10010719288,,,,
1934,10009978452,,,,
1935,10025435707,,,,
1936,10019082005,,,,
1937,10064310374,,,,
1938,10015570403,,,,
1939,10006900320,,,,
1940,10073273174,,,,
1941,10009744036,,,,
1942,10060607503,,,,
1943,10010098387,,,,
1944,10009141929,,,,
1945,10063691493,,,,
1946,10016199788,,,,
1947,10014132577,,,,
1948,10052097872,,,,
1949,10018683089,,,,
1950,10010778603,,,,
1951,10010854078,,,,
1952,10009316630,,,,
1953,10034971312,,,,
1954,10007216477,,,,
1955,10061258009,,,,
1956,10005506954,,,,
1957,10005505439,,,,
1958,10003036080,,,,
1959,10010786279,,,,
1960,10006480186,,,,
1961,10049562435,,,,
1962,10006382984,,,,
1963,10015584648,,,,
1964,10011132651,,,,
1965,10009116364,,,,
1966,10061370567,,,,
1967,10055138622,,,,
1968,10008963184,,,,
1969,10004712362,,,,
1970,10008957730,,,,
1971,10016117037,,,,
1972,10004722668,,,,
1973,10005952952,,,,
1974,10004601218,,,,
1975,10053241967,,,,
1976,10061273062,,,,
1977,10009087264,,,,
1978,10010697969,,,,
1979,10007500407,,,,
1980,10061261645,,,,
1981,10008942976,,,,
1982,10015146330,,,,
1983,10015374177,,,,
1984,10010794363,,,,
1985,10009136774,,,,
1986,10010714440,,,,
1987,10010746974,,,,
1988,10006032269,,,,
1989,10007739368,,,,
1990,10016023067,,,,
1991,10006062682,,,,
1992,10009227916,,,,
1993,10009035936,,,,
1994,10010614915,,,,
1995,10009213364,,,,
1996,10010709891,,,,
1997,10007509703,,,,
1998,10010717773,,,,
1999,10010747479,,,,
2000,10007893255,,,,
2001,10009873671,,,,
2002,10009494563,,,,
2003,10010687259,,,,
2004,10008917718,,,,
2005,10010724645,,,,
2006,10008972783,,,,
2007,10007815756,,,,
2008,10005377925,,,,
2009,10009689169,,,,
2010,10006643066,,,,
2011,10009141121,,,,
2012,10010829325,,,,
2013,10011162357,,,,
2014,10061230121,,,,
2015,10009864173,,,,
2016,10015078228,,,,
2017,10010883582,,,,
2018,10010793555,,,,
2019,10004601925,,,,
2020,10012305341,,,,
2021,10005825741,,,,
2022,10005631337,,,,
2023,10061265281,,,,
2024,10007771805,,,,
2025,10007358038,,,,
2026,10061349349,,,,
2027,10007587808,,,,
2028,10016231720,,,,
2029,10004870693,,,,
2030,10009502041,,,,
2031,10009733225,,,,
2032,10061499192,,,,
2033,10011046866,,,,
2034,10061350460,,,,
2035,10006639228,,,,
2036,10009037754,,,,
2037,10058814417,,,,
2038,10005911930,,,,
2039,10007209710,,,,
2040,10015793604,,,,
2041,10010118700,,,,
2042,10023523995,,,,
2043,10010781431,,,,
2044,10010175583,,,,
2045,10009705741,,,,
2046,10010883380,,,,
2047,10010820231,,,,
2048,10009997953,,,,
2049,10009182951,,,,
2050,10010689582,,,,
2051,10015973355,,,,
2052,10023561482,,,,
2053,10010652705,,,,
2054,10010921473,,,,
2055,10009233673,,,,
2056,10016321747,,,,
2057,10010166287,,,,
2058,10015653659,,,,
2059,10007896487,,,,
2060,10015146128,,,,
2061,10009176079,,,,
2062,10007499393,,,,
2063,10007198188,,,,
2064,10010929557,,,,
2065,10011026153,,,,
2066,10010828921,,,,
2067,10010096165,,,,
2068,10061319744,,,,
2069,10006450480,,,,
2070,10007259927,,,,
2071,10009190328,,,,
2072,10007779885,,,,
2073,10014727412,,,,
2074,10016021855,,,,
2075,10061374409,,,,
2076,10010631382,,,,
2077,10015424802,,,,
2078,10009669163,,,,
2079,10008714624,,,,
2080,10010937035,,,,
2081,10016231821,,,,
2082,10009160925,,,,
2083,10015998011,,,,
2084,10009150013,,,,
2085,10009104341,,,,
2086,10011154273,,,,
2087,10023545520,,,,
2088,10023476105,,,,
2089,10009671183,,,,
2090,10016303155,,,,
2091,10016231922,,,,
2092,10010732426,,,,
2093,10010092024,,,,
2094,10002653033,,,,
2095,10016178469,,,,
2096,10015983257,,,,
2097,10010689178,,,,
2098,10013603626,,,,
2099,10009138390,,,,
2100,10061261544,,,,
2101,10016308411,,,,
2102,10061404216,,,,
2103,10016053581,,,,
2104,10010927234,,,,
2105,10006681664,,,,
2106,10016232023,,,,
2107,10010917938,,,,
2108,10010872468,,,,
2109,10009015930,,,,
2110,10010646944,,,,
2111,10009012896,,,,
2112,10009194065,,,,
2113,10009708064,,,,
2114,10018647626,,,,
2115,10010937439,,,,
2116,10010883178,,,,
2117,10016138760,,,,
2118,10016022158,,,,
2119,10010091620,,,,
2120,10011001093,,,,
2121,10011154677,,,,
2122,10005509883,,,,
2123,10016306690,,,,
2124,10061334393,,,,
2125,10011207726,,,,
2126,10015781678,,,,
2127,10012335653,,,,
2128,10015426620,,,,
2129,10010172351,,,,
2130,10007232645,,,,
2131,10010173765,,,,
2132,10010185182,,,,
2133,10023669495,,,,
2134,10008929640,,,,
2135,10010741015,,,,
2136,10016315279,,,,
2137,10010179425,,,,
2138,10010872266,,,,
2139,10009234582,,,,
2140,10011168522,,,,
2141,10009310364,,,,
2142,10009739285,,,,
2143,10005511301,,,,
2144,10010667152,,,,
2145,10012194803,,,,
2146,10016317606,,,,
2147,10009260955,,,,
2148,10007261543,,,,
2149,10010725756,,,,
2150,10055347877,,,,
2151,10016253241,,,,
2152,10010927133,,,,
2153,10010872872,,,,
2154,10016299418,,,,
2155,10009211950,,,,
2156,10015998112,,,,
2157,10009316731,,,,
2158,10016285775,,,,
2159,10009681792,,,,
2160,10015528165,,,,
2161,10014521486,,,,
2162,10016283351,,,,
2163,10010878128,,,,
2164,10015998213,,,,
2165,10010831143,,,,
2166,10016288203,,,,
2167,10016138457,,,,
2168,10007632264,,,,
2169,10005787850,,,,
2170,10007275889,,,,
2171,10018772009,,,,
2172,10007078253,,,,
2173,10010878330,,,,
2174,10023863091,,,,
2175,10013148534,,,,
2176,10010872670,,,,
2177,10023451550,,,,
2178,10010117282,,,,
2179,10015913943,,,,
2180,10014926967,,,,
2181,10001443664,,,,
2182,10015958201,,,,
2183,10008656828,,,,
2184,10009899640,,,,
2185,10016138659,,,,
2186,10015241007,,,,
2187,10016138861,,,,
2188,10015244744,,,,
2189,10007789383,,,,
2190,10023720625,,,,
2191,10009316226,,,,
2192,10050563656,,,,
2193,10019065938,,,,
2194,10016021754,,,,
2195,10019394122,,,,
2196,10005930623,,,,
2197,10006182924,,,,
2198,10006105930,,,,
2199,10009966631,,,,
2200,10011125678,,,,
2201,10011130126,,,,
2202,10004613039,,,,
2203,10006898502,,,,
2204,10008917617,,,,
2205,10009325017,,,,
2206,10009234279,,,,
2207,10007734318,,,,
2208,10008944390,,,,
2209,10008987436,,,,
2210,10007505962,,,,
2211,10025264440,,,,
2212,10008002379,,,,
2213,10006163726,,,,
2214,10006900623,,,,
2215,10009147181,,,,
2216,10009306324,,,,
2217,10007500104,,,,
2218,10010664526,,,,
2219,10004415706,,,,
2220,10007788070,,,,
2221,10009514468,,,,
2222,10007803834,,,,
2223,10010857112,,,,
2224,10009693920,,,,
2225,10010887323,,,,
2226,10009011886,,,,
2227,10003817639,,,,
2228,10007077546,,,,
2229,10009102018,,,,
2230,10005747434,,,,
2231,10010597737,,,,
2232,10010615016,,,,
2233,10010623908,,,,
2234,10010647146,,,,
2235,10010709285,,,,
2236,10010898538,,,,
2237,10010586421,,,,
2238,10007771704,,,,
2239,10009117576,,,,
2240,10008695426,,,,
2241,10008010968,,,,
2242,10004620618,,,,
2243,10003246753,,,,
2244,10005747131,,,,
2245,10009011482,,,,
2246,10010653109,,,,
2247,10009807589,,,,
2248,10006597802,,,,
2249,10007974794,,,,
2250,10010097579,,,,
2251,10009158602,,,,
2252,10007897400,,,,
2253,10004708726,,,,
2254,10005763501,,,,
2255,10008870632,,,,
2256,10002689409,,,,
2257,10010646439,,,,
2258,10008921657,,,,
2259,10010709487,,,,
2260,10010800629,,,,
2261,10009560241,,,,
2262,10010709386,,,,
2263,10006298516,,,,
2264,10061251036,,,,
2265,10006197169,,,,
2266,10009529020,,,,
2267,10007783020,,,,
2268,10014469451,,,,
2269,10010719591,,,,
2270,10009228219,,,,
2271,10010780421,,,,
2272,10010882067,,,,
2273,10010883683,,,,
2274,10004603440,,,,
2275,10009734841,,,,
2276,10008971672,,,,
2277,10009527707,,,,
2278,10009007442,,,,
2279,10005455323,,,,
2280,10007588414,,,,
2281,10010719894,,,,
2282,10004159765,,,,
2283,10009321377,,,,
2284,10010800023,,,,
2285,10010832860,,,,
2286,10009329259,,,,
2287,10006063288,,,,
2288,10008944491,,,,
2289,10011038681,,,,
2290,10006903552,,,,
2291,10009374224,,,,
2292,10009148902,,,,
2293,10009523461,,,,
2294,10009684725,,,,
2295,10010935924,,,,
2296,10014661936,,,,
2297,10010585007,,,,
2298,10009084335,,,,
2299,10006601135,,,,
2300,10007771401,,,,
2301,10010743540,,,,
2302,10008544872,,,,
2303,10010664627,,,,
2304,10010893989,,,,
2305,10009208819,,,,
2306,10010732830,,,,
2307,10007848795,,,,
2308,10009690886,,,,
2309,10009208920,,,,
2310,10005109254,,,,
2311,10009101513,,,,
2312,10061257807,,,,
2313,10009203058,,,,
2314,10006583654,,,,
2315,10007780087,,,,
2316,10007779582,,,,
2317,10010646843,,,,
2318,10009724838,,,,
2319,10010601070,,,,
2320,10011038883,,,,
2321,10010736365,,,,
2322,10008701587,,,,
2323,10009128084,,,,
2324,10010668263,,,,
2325,10008983796,,,,
2326,10009208718,,,,
2327,10009181537,,,,
2328,10008993092,,,,
2329,10005994277,,,,
2330,10006319330,,,,
2331,10009141727,,,,
2332,10010619460,,,,
2333,10010082728,,,,
2334,10010887424,,,,
2335,10009733023,,,,
2336,10009009967,,,,
2337,10010820332,,,,
2338,10010853674,,,,
2339,10006129572,,,,
2340,10009258430,,,,
2341,10009693314,,,,
2342,10011068589,,,,
2343,10009986637,,,,
2344,10009125761,,,,
2345,10008986931,,,,
2346,10010928749,,,,
2347,10010869842,,,,
2348,10009720895,,,,
2349,10007736742,,,,
2350,10005377622,,,,
2351,10005364585,,,,
2352,10008716846,,,,
2353,10010587229,,,,
2354,10010585310,,,,
2355,10010928951,,,,
2356,10007240931,,,,
2357,10007357028,,,,
2358,10009034724,,,,
2359,10008714725,,,,
2360,10009515276,,,,
2361,10010681296,,,,
2362,10010589451,,,,
2363,10004868976,,,,
2364,10010583387,,,,
2365,10009143545,,,,
2366,10009516488,,,,
2367,10011031005,,,,
2368,10009313495,,,,
2369,10009684321,,,,
2370,10006111384,,,,
2371,10010926729,,,,
2372,10004223322,,,,
2373,10003041942,,,,
2374,10009142333,,,,
2375,10010608548,,,,
2376,10009098580,,,,
2377,10009741410,,,,
2378,10004614554,,,,
2379,10009714027,,,,
2380,10009683614,,,,
2381,10009029771,,,,
2382,10009671082,,,,
2383,10009398674,,,,
2384,10010110212,,,,
2385,10010084041,,,,
2386,10010838722,,,,
2387,10010842661,,,,
2388,10005505843,,,,
2389,10009158501,,,,
2390,10061318128,,,,
2391,10010920160,,,,
2392,10009677954,,,,
2393,10010887121,,,,
2394,10007234665,,,,
2395,10009194166,,,,
2396,10010640476,,,,
2397,10009741713,,,,
2398,10011052627,,,,
2399,10010782441,,,,
2400,10009728474,,,,
2401,10009055740,,,,
2402,10010649166,,,,
2403,10007224965,,,,
2404,10009175877,,,,
2405,10009253679,,,,
2406,10009159107,,,,
2407,10011052728,,,,
2408,10011079909,,,,
2409,10009996842,,,,
2410,10010846604,,,,
2411,10010929254,,,,
2412,10007198491,,,,
2413,10010591875,,,,
2414,10010088182,,,,
2415,10010743843,,,,
2416,10010824877,,,,
2417,10010724544,,,,
2418,10010586219,,,,
2419,10010096771,,,,
2420,10010091923,,,,
2421,10010790626,,,,
2422,10011073441,,,,
2423,10006897993,,,,
2424,10004746011,,,,
2425,10007438769,,,,
2426,10010583690,,,,
2427,10008921859,,,,
2428,10009740295,,,,
2429,10010582377,,,,
2430,10010649267,,,,
2431,10009207506,,,,
2432,10009679671,,,,
2433,10010744045,,,,
2434,10010640375,,,,
2435,10007505255,,,,
2436,10007862741,,,,
2437,10010921675,,,,
2438,10006317007,,,,
2439,10010872064,,,,
2440,10005921125,,,,
2441,10007801309,,,,
2442,10010937742,,,,
2443,10010920261,,,,
2444,10010767788,,,,
2445,10010648964,,,,
2446,10009531545,,,,
2447,10006304172,,,,
2448,10009398472,,,,
2449,10006128865,,,,
2450,10009084133,,,,
2451,10010734850,,,,
2452,10010925921,,,,
2453,10010649065,,,,
2454,10007961761,,,,
2455,10007895174,,,,
2456,10009731609,,,,
2457,10007351772,,,,
2458,10010780522,,,,
2459,10009581661,,,,
2460,10008887608,,,,
2461,10061328737,,,,
2462,10009509115,,,,
2463,10010884188,,,,
2464,10010935823,,,,
2465,10001290585,,,,
2466,10010861253,,,,
2467,10010780320,,,,
2468,10010739395,,,,
2469,10009693516,,,,
2470,10007899521,,,,
2471,10010625221,,,,
2472,10010792949,,,,
2473,10009693112,,,,
2474,10009044626,,,,
2475,10010717369,,,,
2476,10005787345,,,,
2477,10010914504,,,,
2478,10009991283,,,,
2479,10010914403,,,,
2480,10011069401,,,,
2481,10011044038,,,,
2482,10009580954,,,,
2483,10010653210,,,,
2484,10009311677,,,,
2485,10004812796,,,,
2486,10010676347,,,,
2487,10010875300,,,,
2488,10004600006,,,,
2489,10009086456,,,,
2490,10010924002,,,,
2491,10010592683,,,,
2492,10010938449,,,,
2493,10010937944,,,,
2494,10010832456,,,,
2495,10009871348,,,,
2496,10010938045,,,,
2497,10015590106,,,,
2498,10093556783,,,,
2499,10096054939,,,,
2500,10114777959,,,,
2501,10080865042,,,,
2502,10048891620,,,,
2503,10064384035,,,,
2504,10002081137,,,,
2505,10139599754,,,,
2506,10014365175,,,,
2507,10140806695,,,,
2508,10121990113,,,,
2509,10069169367,,,,
2510,10085096767,,,,
2511,10046257967,,,,
2512,10091975380,,,,
2513,10065047271,,,,
2514,10121113473,,,,
2515,10029209512,,,,
2516,10029407754,,,,
2517,10030333193,,,,
2518,10082985100,,,,
2519,10136181819,,,,
2520,10074579846,,,,
2521,10076128210,,,,
2522,10132494203,,,,
2523,10052436160,,,,
2524,10131407904,,,,
2525,10132009809,,,,
2526,10082543950,,,,
2527,10021153963,,,,
2528,10094014000,,,,
2529,10009407869,,,,
2530,10049100875,,,,
2531,10119263908,,,,
2532,10132428020,,,,
2533,10132510872,,,,
2534,10113653365,,,,
2535,10030599642,,,,
2536,10116900643,,,,
2537,10059867976,,,,
2538,10041991179,,,,
2539,10061217690,,,,
2540,10108085464,,,,
2541,10098166408,,,,
2542,10008997237,,,,
2543,10133218568,,,,
2544,10030427870,,,,
2545,10031567319,,,,
2546,10061210822,,,,
2547,10094911046,,,,
2548,10086165989,,,,
2549,10113659934,,,,
2550,10022037370,,,,
2551,10059718032,,,,
2552,10095249738,,,,
2553,10070452801,,,,
2554,10109215112,,,,
2555,10099132768,,,,
2556,10009501435,,,,
2557,10028931848,,,,
2558,10016636389,,,,
2559,10122653854,,,,
2560,10140372825,,,,
2561,10114813628,,,,
2562,10120245527,,,,
2563,10140624217,,,,
2564,10097640483,,,,
2565,10103855456,,,,
2566,10084438783,,,,
2567,10096616125,,,,
2568,10132428121,,,,
2569,10054381820,,,,
2570,10064718481,,,,
2571,10099752962,,,,
2572,10098978477,,,,
2573,10021463656,,,,
2574,10122775510,,,,
2575,10131859760,,,,
2576,10131886638,,,,
2577,10132339710,,,,
2578,10064397977,,,,
2579,10092166148,,,,
2580,10129844281,,,,
2581,10055348180,,,,
2582,10072342681,,,,
2583,10096281675,,,,
2584,10060365306,,,,
2585,10009033714,,,,
2586,10120826921,,,,
2587,10043846307,,,,
2588,10036589390,,,,
2589,10096105661,,,,
2590,10116409882,,,,
2591,10120830153,,,,
2592,10050854050,,,,
2593,10059279007,,,,
2594,10043796692,,,,
2595,10092875965,,,,
2596,10078541284,,,,
2597,10050508486,,,,
2598,10085000575,,,,
2599,10066069310,,,,
2600,10086702826,,,,
2601,10044415169,,,,
2602,10063978453,,,,
2603,10059967101,,,,
2604,10009074736,,,,
2605,10121112059,,,,
2606,10124634876,,,,
2607,10045955348,,,,
2608,10007908615,,,,
2609,10023438315,,,,
2610,10083549619,,,,
2611,10050228196,,,,
2612,10069789662,,,,
2613,10128222058,,,,
2614,10050941653,,,,
2615,10034847434,,,,
2616,10089456515,,,,
2617,10089685473,,,,
2618,10090353965,,,,
2619,10081179583,,,,
2620,10072991066,,,,
2621,10034837532,,,,
2622,10079351438,,,,
2623,10089590594,,,,
2624,10115948831,,,,
2625,10079215941,,,,
2626,10054265016,,,,
2627,10086437185,,,,
2628,10106203361,,,,
2629,10076127907,,,,
2630,10079704577,,,,
2631,10014420446,,,,
2632,10094100690,,,,
2633,10074841443,,,,
2634,10016213936,,,,
2635,10015190685,,,,
2636,10030292272,,,,
2637,10074840837,,,,
2638,10042291879,,,,
2639,10030350472,,,,
2640,10114928816,,,,
2641,10085219029,,,,
2642,10101946071,,,,
2643,10108838630,,,,
2644,10085883679,,,,
2645,10050576386,,,,
2646,10014575747,,,,
2647,10060545461,,,,
2648,10046144601,,,,
2649,10120521066,,,,
2650,10096340279,,,,
2651,10065760526,,,,
2652,10086437387,,,,
2653,10052494461,,,,
2654,10052874175,,,,
2655,10036031844,,,,
2656,10120521167,,,,
2657,10072873959,,,,
2658,10084524164,,,,
2659,10022053437,,,,
2660,10120521470,,,,
2661,10063733529,,,,
2662,10052878724,,,,
2663,10118784564,,,,
2664,10118784665,,,,
2665,10118785069,,,,
2666,10021130220,,,,
2667,10097451133,,,,
2668,10109371423,,,,
2669,10096956130,,,,
2670,10101140365,,,,
2671,10009715643,,,,
2672,10021124560,,,,
2673,10021600264,,,,
2674,10063226301,,,,
2675,10082959333,,,,
2676,10109371827,,,,
2677,10024349408,,,,
2678,10061653685,,,,
2679,10011309675,,,,
2680,10044947962,,,,
2681,10011155889,,,,
2682,10017858084,,,,
2683,10008135149,,,,
2684,10014870484,,,,
2685,10008926408,,,,
2686,10052294094,,,,
2687,10016287694,,,,
2688,10016051258,,,,
2689,10010655937,,,,
2690,10096620165,,,,
2691,10016515242,,,,
2692,10037964871,,,,
2693,10090160975,,,,
2694,10009731710,,,,
2695,10096654824,,,,
2696,10010948351,,,,
2697,10010940469,,,,
2698,10094292872,,,,
2699,10015859581,,,,
2700,10015716307,,,,
2701,10011314729,,,,
2702,10052308545,,,,
2703,10096553073,,,,
2704,10006893852,,,,
2705,10008929539,,,,
2706,10007832227,,,,
2707,10052292983,,,,
2708,10015982146,,,,
2709,10064903185,,,,
2710,10016540706,,,,
2711,10015795220,,,,
2712,10060958521,,,,
2713,10015320223,,,,
2714,10016569907,,,,
2715,10096427579,,,,
2716,10090698923,,,,
2717,10017850913,,,,
2718,10055055463,,,,
2719,10007081081,,,,
2720,10065472455,,,,
2721,10015589294,,,,
2722,10017848990,,,,
2723,10007293673,,,,
2724,10080767335,,,,
2725,10009313293,,,,
2726,10010878027,,,,
2727,10086775372,,,,
2728,10005792294,,,,
2729,10089115601,,,,
2730,10009189924,,,,
2731,10011164478,,,,
2732,10049090872,,,,
2733,10009503455,,,,
2734,10084425851,,,,
2735,10009848615,,,,
2736,10062776057,,,,
2737,10035019913,,,,
2738,10020948243,,,,
2739,10021008362,,,,
2740,10021603395,,,,
2741,10089592012,,,,
2742,10008981675,,,,
2743,10015571110,,,,
2744,10096322394,,,,
2745,10089747111,,,,
2746,10015787540,,,,
2747,10021131230,,,,
2748,10021304113,,,,
2749,10096168713,,,,
2750,10010726160,,,,
2751,10021293504,,,,
2752,10083825259,,,,
2753,10021022914,,,,
2754,10083826269,,,,
2755,10072663488,,,,
2756,10089490766,,,,
2757,10015507149,,,,
2758,10021349074,,,,
2759,10015849578,,,,
2760,10034955649,,,,
2761,10011092538,,,,
2762,10034976261,,,,
2763,10050180205,,,,
2764,10014536947,,,,
2765,10036037201,,,,
2766,10036080142,,,,
2767,10008118072,,,,
2768,10010118393,,,,
2769,10053457892,,,,
2770,10016301135,,,,
2771,10023459634,,,,
2772,10021321287,,,,
2773,10015018008,,,,
2774,10015330024,,,,
2775,10002512583,,,,
2776,10015765514,,,,
2777,10045869866,,,,
2778,10016439763,,,,
2779,10017733806,,,,
2780,10010821342,,,,
2781,10065710814,,,,
2782,10011158721,,,,
2783,10002288069,,,,
2784,10035317579,,,,
2785,10061209105,,,,
2786,10065962408,,,,
2787,10015998819,,,,
2788,10015327495,,,,
2789,10016308916,,,,
2790,10035327784,,,,
2791,10016324070,,,,
2792,10062776966,,,,
2793,10035417411,,,,
2794,10005865551,,,,
2795,10074702209,,,,
2796,10015236862,,,,
2797,10008923273,,,,
2798,10059714901,,,,
2799,10034870571,,,,
2800,10064627545,,,,
2801,10007734520,,,,
2802,10064903589,,,,
2803,10083839508,,,,
2804,10007632466,,,,
2805,10079997702,,,,
2806,10021627041,,,,
2807,10010841045,,,,
2808,10021959164,,,,
2809,10010721514,,,,
2810,10050672578,,,,
2811,10008714927,,,,
2812,10010708679,,,,
2813,10004776626,,,,
2814,10015912024,,,,
2815,10010652806,,,,
2816,10055072641,,,,
2817,10010115565,,,,
2818,10003301418,,,,
2819,10007261442,,,,
2820,10002675261,,,,
2821,10011200046,,,,
2822,10010778805,,,,
2823,10015959009,,,,
2824,10054596836,,,,
2825,10056442664,,,,
2826,10010806790,,,,
2827,10014661027,,,,
2828,10011188528,,,,
2829,10015483002,,,,
2830,10005730559,,,,
2831,10010732527,,,,
2832,10009674217,,,,
2833,10006601640,,,,
2834,10015825734,,,,
2835,10063391100,,,,
2836,10010806689,,,,
2837,10053638354,,,,
2838,10015982853,,,,
2839,10011148819,,,,
2840,10064812552,,,,
2841,10015190887,,,,
2842,10016149672,,,,
2843,10045827329,,,,
2844,10011048482,,,,
2845,10063480420,,,,
2846,10015707718,,,,
2847,10010789515,,,,
2848,10021161542,,,,
2849,10006886576,,,,
2850,10014798443,,,,
2851,10036585249,,,,
2852,10011212877,,,,
2853,10023484993,,,,
2854,10015323253,,,,
2855,10020869128,,,,
2856,10011059394,,,,
2857,10007267102,,,,
2858,10060861016,,,,
2859,10006136949,,,,
2860,10054045956,,,,
2861,10009002186,,,,
2862,10020925611,,,,
2863,10020967441,,,,
2864,10020798400,,,,
2865,10009996741,,,,
2866,10009021788,,,,
2867,10008973490,,,,
2868,10015528266,,,,
2869,10064860244,,,,
2870,10015979722,,,,
2871,10014586356,,,,
2872,10006480590,,,,
2873,10017725924,,,,
2874,10010877522,,,,
2875,10010115161,,,,
2876,10003292021,,,,
2877,10010646641,,,,
2878,10019206889,,,,
2879,10011157105,,,,
2880,10011159226,,,,
2881,10016024885,,,,
2882,10009362201,,,,
2883,10013001216,,,,
2884,10007771502,,,,
2885,10008882655,,,,
2886,10007786050,,,,
2887,10015564642,,,,
2888,10006503529,,,,
2889,10010700393,,,,
2890,10006410569,,,,
2891,10006216468,,,,
2892,10010924103,,,,
2893,10010677155,,,,
2894,10061306206,,,,
2895,10061349450,,,,
2896,10013501572,,,,
2897,10009816178,,,,
2898,10008701082,,,,
2899,10022604216,,,,
2900,10009036643,,,,
2901,10009385540,,,,
2902,10016314471,,,,
2903,10015983459,,,,
2904,10006551322,,,,
2905,10023475903,,,,
2906,10009816077,,,,
2907,10010738688,,,,
2908,10016302347,,,,
2909,10016024784,,,,
2910,10010173866,,,,
2911,10015004062,,,,
2912,10009522653,,,,
2913,10009013304,,,,
2914,10010858021,,,,
2915,10009320266,,,,
2916,10011144573,,,,
2917,10007219713,,,,
2918,10009211445,,,,
2919,10009185274,,,,
2920,10015923441,,,,
2921,10010653614,,,,
2922,10006647211,,,,
2923,10016270419,,,,
2924,10049164634,,,,
2925,10010857415,,,,
2926,10009313192,,,,
2927,10007252954,,,,
2928,10009313903,,,,
2929,10010660987,,,,
2930,10013786411,,,,
2931,10009890546,,,,
2932,10010619561,,,,
2933,10016321545,,,,
2934,10006714606,,,,
2935,10010733234,,,,
2936,10016024986,,,,
2937,10009129401,,,,
2938,10009253780,,,,
2939,10015411765,,,,
2940,10010700292,,,,
2941,10015320930,,,,
2942,10015319415,,,,
2943,10050563454,,,,
2944,10023525211,,,,
2945,10014389528,,,,
2946,10007051476,,,,
2947,10061269527,,,,
2948,10009972085,,,,
2949,10010637951,,,,
2950,10007188791,,,,
2951,10009008755,,,,
2952,10006692778,,,,
2953,10007733308,,,,
2954,10009147383,,,,
2955,10008984709,,,,
2956,10006472207,,,,
2957,10010180738,,,,
2958,10064653615,,,,
2959,10009325421,,,,
2960,10009191136,,,,
2961,10007209508,,,,
2962,10010871054,,,,
2963,10006902138,,,,
2964,10008673804,,,,
2965,10061471207,,,,
2966,10008915795,,,,
2967,10006661658,,,,
2968,10007728961,,,,
2969,10009072817,,,,
2970,10010591269,,,,
2971,10010774256,,,,
2972,10014549172,,,,
2973,10010714238,,,,
2974,10010921574,,,,
2975,10008918021,,,,
2976,10007198390,,,,
2977,10009706852,,,,
2978,10005605570,,,,
2979,10007207888,,,,
2980,10010600363,,,,
2981,10010679983,,,,
2982,10009178507,,,,
2983,10004874333,,,,
2984,10009213869,,,,
2985,10010609457,,,,
2986,10010737577,,,,
2987,10009016637,,,,
2988,10011023022,,,,
2989,10010608043,,,,
2990,10009862759,,,,
2991,10007596801,,,,
2992,10009313394,,,,
2993,10010918039,,,,
2994,10008933882,,,,
2995,10008674410,,,,
2996,10010115464,,,,
2997,10009733427,,,,
2998,10009712512,,,,
2999,10002829653,,,,
3000,10008109584,,,,
3001,10008959750,,,,
3002,10010718480,,,,
3003,10008098571,,,,
3004,10010800427,,,,
3005,10011063640,,,,
3006,10009740501,,,,
3007,10009331481,,,,
3008,10009206795,,,,
3009,10010805376,,,,
3010,10009523360,,,,
3011,10010926628,,,,
3012,10010681603,,,,
3013,10010919958,,,,
3014,10010888636,,,,
3015,10010614612,,,,
3016,10010871155,,,,
3017,10010578741,,,,
3018,10011030193,,,,
3019,10009232764,,,,
3020,10007901137,,,,
3021,10006843231,,,,
3022,10009181941,,,,
3023,10009519623,,,,
3024,10018701984,,,,
3025,10006031966,,,,
3026,10010085960,,,,
3027,10010842055,,,,
3028,10009985829,,,,
3029,10010929355,,,,
3030,10008928731,,,,
3031,10010709790,,,,
3032,10007802723,,,,
3033,10010935621,,,,
3034,10010583589,,,,
3035,10009684018,,,,
3036,10010783350,,,,
3037,10010921978,,,,
3038,10011077683,,,,
3039,10002956763,,,,
3040,10007748361,,,,
3041,10009087062,,,,
3042,10009532555,,,,
3043,10010583892,,,,
3044,10010676246,,,,
3045,10011072532,,,,
3046,10006300233,,,,
3047,10015228576,,,,
3048,10010852967,,,,
3049,10008616614,,,,
3050,10010592380,,,,
3051,10010935722,,,,
3052,10009135562,,,,
3053,10008680672,,,,
3054,10100630612,,,,
3055,10086404146,,,,
3056,10131067794,,,,
3057,10030382606,,,,
3058,10085954007,,,,
3059,10045481664,,,,
3060,10129789216,,,,
3061,10007895780,,,,
3062,10100633036,,,,
3063,10112363467,,,,
3064,10099145300,,,,
3065,10112267982,,,,
3066,10009868116,,,,
3067,10006903754,,,,
3068,10017220514,,,,
3069,10044372632,,,,
3070,10084788690,,,,
3071,10011160842,,,,
3072,10023821362,,,,
3073,10120748917,,,,
3074,10008535071,,,,
3075,10007416440,,,,
3076,10009320872,,,,
3077,10045794488,,,,
3078,10079381245,,,,
3079,10008132826,,,,
3080,10062775552,,,,
3081,10010882370,,,,
3082,10009736861,,,,
3083,10072670865,,,,
3084,10108085868,,,,
3085,10077645046,,,,
3086,10064562776,,,,
3087,10064994125,,,,
3088,10009973705,,,,
3089,10008927014,,,,
3090,10011126789,,,,
3091,10062048153,,,,
3092,10095736556,,,,
3093,10094826473,,,,
3094,10062935095,,,,
3095,10055342726,,,,
3096,10005876968,,,,
3097,10083759581,,,,
3098,10008973793,,,,
3099,10070883136,,,,
3100,10015061252,,,,
3101,10022589664,,,,
3102,10133218770,,,,
3103,10063942279,,,,
3104,10111103477,,,,
3105,10127302982,,,,
3106,10015869988,,,,
3107,10009009866,,,,
3108,10009415650,,,,
3109,10022859345,,,,
3110,10060813829,,,,
3111,10052633800,,,,
3112,10125059757,,,,
3113,10006895569,,,,
3114,10106944100,,,,
3115,10058521191,,,,
3116,10064904300,,,,
3117,10061075628,,,,
3118,10021889143,,,,
3119,10064985839,,,,
3120,10109781146,,,,
3121,10036127127,,,,
3122,10094472223,,,,
3123,10125481810,,,,
3124,10087483270,,,,
3125,10053953808,,,,
3126,10052414538,,,,
3127,10107443345,,,,
3128,10063260451,,,,
3129,10009155972,,,,
3130,10131567649,,,,
3131,10064971994,,,,
3132,10050724011,,,,
3133,10071343581,,,,
3134,10058975778,,,,
3135,10041867204,,,,
3136,10002274228,,,,
3137,10096442838,,,,
3138,10107396461,,,,
3139,10045871482,,,,
3140,10075172051,,,,
3141,10107619157,,,,
3142,10050305392,,,,
3143,10107236817,,,,
3144,10016186654,,,,
3145,10119237232,,,,
3146,10065069301,,,,
3147,10123132184,,,,
3148,10135666911,,,,
3149,10088468428,,,,
3150,10090538972,,,,
3151,10045865927,,,,
3152,10128348764,,,,
3153,10132459241,,,,
3154,10046142779,,,,
3155,10049126440,,,,
3156,10063574992,,,,
3157,10094277415,,,,
3158,10022031411,,,,
3159,10023196219,,,,
3160,10083201025,,,,
3161,10039589926,,,,
3162,10117561859,,,,
3163,10075807605,,,,
3164,10023974643,,,,
3165,10096715347,,,,
3166,10117666438,,,,
3167,10104304181,,,,
3168,10140373027,,,,
3169,10114931644,,,,
3170,10130659889,,,,
3171,10016136033,,,,
3172,10010924305,,,,
3173,10091281428,,,,
3174,10111610406,,,,
3175,10016308310,,,,
3176,10059703985,,,,
3177,10130240769,,,,
3178,10123473102,,,,
3179,10080659019,,,,
3180,10092490894,,,,
3181,10015715091,,,,
3182,10135667214,,,,
3183,10055767001,,,,
3184,10054308866,,,,
3185,10016273146,,,,
3186,10117765256,,,,
3187,10091677310,,,,
3188,10135667416,,,,
3189,10008918627,,,,
3190,10015476938,,,,
3191,10117764852,,,,
3192,10005631438,,,,
3193,10135667517,,,,
3194,10091068230,,,,
3195,10095115251,,,,
3196,10094449082,,,,
3197,10051194560,,,,
3198,10064873580,,,,
3199,10010682815,,,,
3200,10066395470,,,,
3201,10042927029,,,,
3202,10080841804,,,,
3203,10023563405,,,,
3204,10087583910,,,,
3205,10052409181,,,,
3206,10010826089,,,,
3207,10095705032,,,,
3208,10018038142,,,,
3209,10049194845,,,,
3210,10093574163,,,,
3211,10023663839,,,,
3212,10017713291,,,,
3213,10012044653,,,,
3214,10085950569,,,,
3215,10055768213,,,,
3216,10017629530,,,,
3217,10093749672,,,,
3218,10008667538,,,,
3219,10021798308,,,,
3220,10064635023,,,,
3221,10036121669,,,,
3222,10080990637,,,,
3223,10003054167,,,,
3224,10088412854,,,,
3225,10119622202,,,,
3226,10015110560,,,,
3227,10116102819,,,,
3228,10128803351,,,,
3229,10010793050,,,,
3230,10023884111,,,,
3231,10017585272,,,,
3232,10120825305,,,,
3233,10085425961,,,,
3234,10096738787,,,,
3235,10017572138,,,,
3236,10048286782,,,,
3237,10009905300,,,,
3238,10120979491,,,,
3239,10094111404,,,,
3240,10088967471,,,,
3241,10010750816,,,,
3242,10081552631,,,,
3243,10065024134,,,,
3244,10090268180,,,,
3245,10113814528,,,,
3246,10021748693,,,,
3247,10051727757,,,,
3248,10011006046,,,,
3249,10121227247,,,,
3250,10045796007,,,,
3251,10064149821,,,,
3252,10081637810,,,,
3253,10085427981,,,,
3254,10015583335,,,,
3255,10089497537,,,,
3256,10064170433,,,,
3257,10090038414,,,,
3258,10023953829,,,,
3259,10015337401,,,,
3260,10050581945,,,,
3261,10023738914,,,,
3262,10011136792,,,,
3263,10015328307,,,,
3264,10090716909,,,,
3265,10089593931,,,,
3266,10011138109,,,,
3267,10090548167,,,,
3268,10010186701,,,,
3269,10008970965,,,,
3270,10005932138,,,,
3271,10049512622,,,,
3272,10009115152,,,,
3273,10060623970,,,,
3274,10064275113,,,,
3275,10036092771,,,,
3276,10009184668,,,,
3277,10048871917,,,,
3278,10058579492,,,,
3279,10035022539,,,,
3280,10015194426,,,,
3281,10015441370,,,,
3282,10010176189,,,,
3283,10010610164,,,,
3284,10063287733,,,,
3285,10009117475,,,,
3286,10003999919,,,,
3287,10010871761,,,,
3288,10115011769,,,,
3289,10052727766,,,,
3290,10120768519,,,,
3291,10058461779,,,,
3292,10094204057,,,,
3293,10046239173,,,,
3294,10016735009,,,,
3295,10039864556,,,,
3296,10023552994,,,,
3297,10023664445,,,,
3298,10016789064,,,,
3299,10040741596,,,,
3300,10050638327,,,,
3301,10004405501,,,,
3302,10074703724,,,,
3303,10077952416,,,,
3304,10062925803,,,,
3305,10009424744,,,,
3306,10068962334,,,,
3307,10093890829,,,,
3308,10050870824,,,,
3309,10022027266,,,,
3310,10046240284,,,,
3311,10056490457,,,,
3312,10091587582,,,,
3313,10006300132,,,,
3314,10034789638,,,,
3315,10011041311,,,,
3316,10107341392,,,,
3317,10025864123,,,,
3318,10099546737,,,,
3319,10010798710,,,,
3320,10053894291,,,,
3321,10096909145,,,,
3322,10114928311,,,,
3323,10053577225,,,,
3324,10114928008,,,,
3325,10034778019,,,,
3326,10100830369,,,,
3327,10050585278,,,,
3328,10060436640,,,,
3329,10115010456,,,,
3330,10060861117,,,,
3331,10034787113,,,,
3332,10114809382,,,,
3333,10013088112,,,,
3334,10013667078,,,,
3335,10021066057,,,,
3336,10002463982,,,,
3337,10034786709,,,,
3338,10012576537,,,,
3339,10091455725,,,,
3340,10056178542,,,,
3341,10055520053,,,,
3342,10034800651,,,,
3343,10094175058,,,,
3344,10007701073,,,,
3345,10022037168,,,,
3346,10096724643,,,,
3347,10010664930,,,,
3348,10084345019,,,,
3349,10053639061,,,,
3350,10011139624,,,,
3351,10053515183,,,,
3352,10020292077,,,,
3353,10009166581,,,,
3354,10090414892,,,,
3355,10011080010,,,,
3356,10023487320,,,,
3357,10023479135,,,,
3358,10011139321,,,,
3359,10009737568,,,,
3360,10008968945,,,,
3361,10018524657,,,,
3362,10008936916,,,,
3363,10009192247,,,,
3364,10093642669,,,,
3365,10030115147,,,,
3366,10065401525,,,,
3367,10050568609,,,,
3368,10078434281,,,,
3369,10059662862,,,,
3370,10011146795,,,,
3371,10015021139,,,,
3372,10063964410,,,,
3373,10049099259,,,,
3374,10011040705,,,,
3375,10006874452,,,,
3376,10050527684,,,,
3377,10100512491,,,,
3378,10009033310,,,,
3379,10034812270,,,,
3380,10011114867,,,,
3381,10016143208,,,,
3382,10007499191,,,,
3383,10078437719,,,,
3384,10046095693,,,,
3385,10059868380,,,,
3386,10011172259,,,,
3387,10050909826,,,,
3388,10093109573,,,,
3389,10041908428,,,,
3390,10009084941,,,,
3391,10062667842,,,,
3392,10036179869,,,,
3393,10078434584,,,,
3394,10052416356,,,,
3395,10082676417,,,,
3396,10061885273,,,,
3397,10009524875,,,,
3398,10021576723,,,,
3399,10083121001,,,,
3400,10078433776,,,,
3401,10080448649,,,,
3402,10008662585,,,,
3403,10064124256,,,,
3404,10056376077,,,,
3405,10084794855,,,,
3406,10096367258,,,,
3407,10010184677,,,,
3408,10009541649,,,,
3409,10052230844,,,,
3410,10089623839,,,,
3411,10008991981,,,,
3412,10021337758,,,,
3413,10097464267,,,,
3414,10034779029,,,,
3415,10035449945,,,,
3416,10015000830,,,,
3417,10022012011,,,,
3418,10080138855,,,,
3419,10074181944,,,,
3420,10009310667,,,,
3421,10077354753,,,,
3422,10015768241,,,,
3423,10035449844,,,,
3424,10007897602,,,,
3425,10011145280,,,,
3426,10097464469,,,,
3427,10076582692,,,,
3428,10016206862,,,,
3429,10058865543,,,,
3430,10019266709,,,,
3431,10078012232,,,,
3432,10059730560,,,,
3433,10036465314,,,,
3434,10087328878,,,,
3435,10089884022,,,,
3436,10016327306,,,,
3437,10009684927,,,,
3438,10023961711,,,,
3439,10055307259,,,,
3440,10083785348,,,,
3441,10011149930,,,,
3442,10079618893,,,,
3443,10089099736,,,,
3444,10055619780,,,,
3445,10006300940,,,,
3446,10049502922,,,,
3447,10096483153,,,,
3448,10054382830,,,,
3449,10063175777,,,,
3450,10049775431,,,,
3451,10086180743,,,,
3452,10079601517,,,,
3453,10060630539,,,,
3454,10016298206,,,,
3455,10015850992,,,,
3456,10084661277,,,,
3457,10007809995,,,,
3458,10015483810,,,,
3459,10011231873,,,,
3460,10014825725,,,,
3461,10015825936,,,,
3462,10009364827,,,,
3463,10007890427,,,,
3464,10014978093,,,,
3465,10014244432,,,,
3466,10050163027,,,,
3467,10010113949,,,,
3468,10006902037,,,,
3469,10016143107,,,,
3470,10008530829,,,,
3471,10070120876,,,,
3472,10015442481,,,,
3473,10014584538,,,,
3474,10016092886,,,,
3475,10010767990,,,,
3476,10034900479,,,,
3477,10060855457,,,,
3478,10016542928,,,,
3479,10011130025,,,,
3480,10009154760,,,,
3481,10080883432,,,,
3482,10015350131,,,,
3483,10016922137,,,,
3484,10006085520,,,,
3485,10006192826,,,,
3486,10015856955,,,,
3487,10016441076,,,,
3488,10023467314,,,,
3489,10011150536,,,,
3490,10049095017,,,,
3491,10072669956,,,,
3492,10062511430,,,,
3493,10042410303,,,,
3494,10036109949,,,,
3495,10036124400,,,,
3496,10056305248,,,,
3497,10016571725,,,,
3498,10006693081,,,,
3499,10063594089,,,,
3500,10015077925,,,,
3501,10011056869,,,,
3502,10061863651,,,,
3503,10066510153,,,,
3504,10035246952,,,,
3505,10016586273,,,,
3506,10010798811,,,,
3507,10079766922,,,,
3508,10014525833,,,,
3509,10050829293,,,,
3510,10009968954,,,,
3511,10043849135,,,,
3512,10011239149,,,,
3513,10037991749,,,,
3514,10083488587,,,,
3515,10064189833,,,,
3516,10016551517,,,,
3517,10075047769,,,,
3518,10062142325,,,,
3519,10009310566,,,,
3520,10023484892,,,,
3521,10010116676,,,,
3522,10023550974,,,,
3523,10083732303,,,,
3524,10054554194,,,,
3525,10016024178,,,,
3526,10016525346,,,,
3527,10054561369,,,,
3528,10020866603,,,,
3529,10009318751,,,,
3530,10063375538,,,,
3531,10074410094,,,,
3532,10061215973,,,,
3533,10062666125,,,,
3534,10010687562,,,,
3535,10010937540,,,,
3536,10023486108,,,,
3537,10060752801,,,,
3538,10006001351,,,,
3539,10015795018,,,,
3540,10023485296,,,,
3541,10050578006,,,,
3542,10023458523,,,,
3543,10084769593,,,,
3544,10075186300,,,,
3545,10083825865,,,,
3546,10079686894,,,,
3547,10063593887,,,,
3548,10063224681,,,,
3549,10009667547,,,,
3550,10014519163,,,,
3551,10064645834,,,,
3552,10021158209,,,,
3553,10010861051,,,,
3554,10060474531,,,,
3555,10083844962,,,,
3556,10062989154,,,,
3557,10084666331,,,,
3558,10083844659,,,,
3559,10066397894,,,,
3560,10008548613,,,,
3561,10007794942,,,,
3562,10008906907,,,,
3563,10088255634,,,,
3564,10011171552,,,,
3565,10055923817,,,,
3566,10009735851,,,,
3567,10011141947,,,,
3568,10076798823,,,,
3569,10010116878,,,,
3570,10011146896,,,,
3571,10076565720,,,,
3572,10015577877,,,,
3573,10014741455,,,,
3574,10009715946,,,,
3575,10010114050,,,,
3576,10015982247,,,,
3577,10009531444,,,,
3578,10009413529,,,,
3579,10009215687,,,,
3580,10004721961,,,,
3581,10015221102,,,,
3582,10019151521,,,,
3583,10016202418,,,,
3584,10015713374,,,,
3585,10007509602,,,,
3586,10010183869,,,,
3587,10010625019,,,,
3588,10062641772,,,,
3589,10060695005,,,,
3590,10004748334,,,,
3591,10014585144,,,,
3592,10045937766,,,,
3593,10009847807,,,,
3594,10015442582,,,,
3595,10007754324,,,,
3596,10015208166,,,,
3597,10002380524,,,,
3598,10014587063,,,,
3599,10016109054,,,,
3600,10010118696,,,,
3601,10055342827,,,,
3602,10003301620,,,,
3603,10056419426,,,,
3604,10009004210,,,,
3605,10009032805,,,,
3606,10009033411,,,,
3607,10009588533,,,,
3608,10010115060,,,,
3609,10015961635,,,,
3610,10008663700,,,,
3611,10010790525,,,,
3612,10010824574,,,,
3613,10009717360,,,,
3614,10017297407,,,,
3615,10010675943,,,,
3616,10072879316,,,,
3617,10015785520,,,,
3618,10010204380,,,,
3619,10015390749,,,,
3620,10009197301,,,,
3621,10021000682,,,,
3622,10015197961,,,,
3623,10009519118,,,,
3624,10015847861,,,,
3625,10034900378,,,,
3626,10004521392,,,,
3627,10008886493,,,,
3628,10023480751,,,,
3629,10005794924,,,,
3630,10004595356,,,,
3631,10015716206,,,,
3632,10016235053,,,,
3633,10008681177,,,,
3634,10011151445,,,,
3635,10062592262,,,,
3636,10017817264,,,,
3637,10011142654,,,,
3638,10062594282,,,,
3639,10009511236,,,,
3640,10010687461,,,,
3641,10023824190,,,,
3642,10023876633,,,,
3643,10015353464,,,,
3644,10015851396,,,,
3645,10014738728,,,,
3646,10023969185,,,,
3647,10010922382,,,,
3648,10015411967,,,,
3649,10015411664,,,,
3650,10019299142,,,,
3651,10015900910,,,,
3652,10009317135,,,,
3653,10014812486,,,,
3654,10062892154,,,,
3655,10023723049,,,,
3656,10018142923,,,,
3657,10018290847,,,,
3658,10018795550,,,,
3659,10061370466,,,,
3660,10061297718,,,,
3661,10009490927,,,,
3662,10007765337,,,,
3663,10006416229,,,,
3664,10009251457,,,,
3665,10007725931,,,,
3666,10016126737,,,,
3667,10009098984,,,,
3668,10014871191,,,,
3669,10010605720,,,,
3670,10008938431,,,,
3671,10010790828,,,,
3672,10008890941,,,,
3673,10023488229,,,,
3674,10008988648,,,,
3675,10006415825,,,,
3676,10009991182,,,,
3677,10007760081,,,,
3678,10016208882,,,,
3679,10010608346,,,,
3680,10009869530,,,,
3681,10006897286,,,,
3682,10010672105,,,,
3683,10061443521,,,,
3684,10010657755,,,,
3685,10015535744,,,,
3686,10009136168,,,,
3687,10010806891,,,,
3688,10009003705,,,,
3689,10009134855,,,,
3690,10010657654,,,,
3691,10007749876,,,,
3692,10061311357,,,,
3693,10016258089,,,,
3694,10059187158,,,,
3695,10009023711,,,,
3696,10061278621,,,,
3697,10061351066,,,,
3698,10009517502,,,,
3699,10009834164,,,,
3700,10010687360,,,,
3701,10007783323,,,,
3702,10010880855,,,,
3703,10009151730,,,,
3704,10009873974,,,,
3705,10008683908,,,,
3706,10009350275,,,,
3707,10010856405,,,,
3708,10061337326,,,,
3709,10009214879,,,,
3710,10059186451,,,,
3711,10010718985,,,,
3712,10015244037,,,,
3713,10059187259,,,,
3714,10061383806,,,,
3715,10007357634,,,,
3716,10009430909,,,,
3717,10006319229,,,,
3718,10009224983,,,,
3719,10015153303,,,,
3720,10016192920,,,,
3721,10010657856,,,,
3722,10013709821,,,,
3723,10009436767,,,,
3724,10014631422,,,,
3725,10009870742,,,,
3726,10010610669,,,,
3727,10010857213,,,,
3728,10006454120,,,,
3729,10011137200,,,,
3730,10010591168,,,,
3731,10010590764,,,,
3732,10009638144,,,,
3733,10061379055,,,,
3734,10010771529,,,,
3735,10007781101,,,,
3736,10001592703,,,,
3737,10018776251,,,,
3738,10006596283,,,,
3739,10014834415,,,,
3740,10009740093,,,,
3741,10023926749,,,,
3742,10008940249,,,,
3743,10016081267,,,,
3744,10010197815,,,,
3745,10023476509,,,,
3746,10016007307,,,,
3747,10011135479,,,,
3748,10013888057,,,,
3749,10005788052,,,,
3750,10014740546,,,,
3751,10061289230,,,,
3752,10018958430,,,,
3753,10015411866,,,,
3754,10010938550,,,,
3755,10023827729,,,,
3756,10009860436,,,,
3757,10015875042,,,,
3758,10018688345,,,,
3759,10015790368,,,,
3760,10004789962,,,,
3761,10004707110,,,,
3762,10009351588,,,,
3763,10009500728,,,,
3764,10011030092,,,,
3765,10005732882,,,,
3766,10009854473,,,,
3767,10007900733,,,,
3768,10006291139,,,,
3769,10006481196,,,,
3770,10008855676,,,,
3771,10004738432,,,,
3772,10010937338,,,,
3773,10009486580,,,,
3774,10010699080,,,,
3775,10009079281,,,,
3776,10009706044,,,,
3777,10009049575,,,,
3778,10007274879,,,,
3779,10010586926,,,,
3780,10089663043,,,,
3781,10010882269,,,,
3782,10009363514,,,,
3783,10007890528,,,,
3784,10003054369,,,,
3785,10010724443,,,,
3786,10006499283,,,,
3787,10007750482,,,,
3788,10011034742,,,,
3789,10009995428,,,,
3790,10008932468,,,,
3791,10010584906,,,,
3792,10009010472,,,,
3793,10011046563,,,,
3794,10010937136,,,,
3795,10009072110,,,,
3796,10006498879,,,,
3797,10005379844,,,,
3798,10009502748,,,,
3799,10006903451,,,,
3800,10008993193,,,,
3801,10010869943,,,,
3802,10007290239,,,,
3803,10008012786,,,,
3804,10009966732,,,,
3805,10008970763,,,,
3806,10008669760,,,,
3807,10011043028,,,,
3808,10010881461,,,,
3809,10008040573,,,,
3810,10008817583,,,,
3811,10011052930,,,,
3812,10011063741,,,,
3813,10008033402,,,,
3814,10010722524,,,,
3815,10010110919,,,,
3816,10007897093,,,,
3817,10008952979,,,,
3818,10007815655,,,,
3819,10007503942,,,,
3820,10010855694,,,,
3821,10009969055,,,,
3822,10007750078,,,,
3823,10006899310,,,,
3824,10009726050,,,,
3825,10010583791,,,,
3826,10010923594,,,,
3827,10010590461,,,,
3828,10008623785,,,,
3829,10005967403,,,,
3830,10009831639,,,,
3831,10004713372,,,,
3832,10061382590,,,,
3833,10010676650,,,,
3834,10010933702,,,,
3835,10002726488,,,,
3836,10006338730,,,,
3837,10010742934,,,,
3838,10009740602,,,,
3839,10007241436,,,,
3840,10010909248,,,,
3841,10009172342,,,,
3842,10009021889,,,,
3843,10009990980,,,,
3844,10010725251,,,,
3845,10006600024,,,,
3846,10007503437,,,,
3847,10010922887,,,,
3848,10010672206,,,,
3849,10007751694,,,,
3850,10010933803,,,,
3851,10009665224,,,,
3852,10011078794,,,,
3853,10002279985,,,,
3854,10009713320,,,,
3855,10010923695,,,,
3856,10010584296,,,,
3857,10009438888,,,,
3858,10002450343,,,,
3859,10009085244,,,,
3860,10010173159,,,,
3861,10007503134,,,,
3862,10010580054,,,,
3863,10009737366,,,,
3864,10006897387,,,,
3865,10009523966,,,,
3866,10009032603,,,,
3867,10010738587,,,,
3868,10006477257,,,,
3869,10008913371,,,,
3870,10009516286,,,,
3871,10004627587,,,,
3872,10007738055,,,,
3873,10009865587,,,,
3874,10003096304,,,,
3875,10010824473,,,,
3876,10010922281,,,,
3877,10008698759,,,,
3878,10009717966,,,,
3879,10009304910,,,,
3880,10009172746,,,,
3881,10008864871,,,,
3882,10010923800,,,,
3883,10011047270,,,,
3884,10009871247,,,,
3885,10009348053,,,,
3886,10009166480,,,,
3887,10011047169,,,,
3888,10010591774,,,,
3889,10007857182,,,,
3890,10011032621,,,,
3891,10010938348,,,,
3892,10010091721,,,,
3893,10002511674,,,,
3894,10007756243,,,,
3895,10008692291,,,,
3896,10010875296,,,,
3897,10010739803,,,,
3898,10010938651,,,,
3899,10010923901,,,,
3900,10010799013,,,,
3901,10010182051,,,,
3902,10019037545,,,,
3903,10050865568,,,,
3904,10015871608,,,,
3905,10013692037,,,,
3906,10051225478,,,,
3907,10015508866,,,,
3908,10005502914,,,,
3909,10008881948,,,,
3910,10083092810,,,,
3911,10083785449,,,,
3912,10010185889,,,,
3913,10009730191,,,,
3914,10007900026,,,,
3915,10022776792,,,,
3916,10016191910,,,,
3917,10008826374,,,,
3918,10016485839,,,,
3919,10010702215,,,,
3920,10052435352,,,,
3921,10049099461,,,,
3922,10010994932,,,,
3923,10051468887,,,,
3924,10010992508,,,,
3925,10115012072,,,,
3926,10080529683,,,,
3927,10006502014,,,,
3928,10055347372,,,,
3929,10009158295,,,,
3930,10010653513,,,,
3931,10054369490,,,,
3932,10022783058,,,,
3933,10075780222,,,,
3934,10021323715,,,,
3935,10007890730,,,,
3936,10035026882,,,,
3937,10009012900,,,,
3938,10047303244,,,,
3939,10009316327,,,,
3940,10007636106,,,,
3941,10045958075,,,,
3942,10075185185,,,,
3943,10062490616,,,,
3944,10050677935,,,,
3945,10005436731,,,,
3946,10044069003,,,,
3947,10086775675,,,,
3948,10044645949,,,,
3949,10102216055,,,,
3950,10010858223,,,,
3951,10009873772,,,,
3952,10050076030,,,,
3953,10010800831,,,,
3954,10054827414,,,,
3955,10021493463,,,,
3956,10047431263,,,,
3957,10054330286,,,,
3958,10072876181,,,,
3959,10085000171,,,,
3960,10020964916,,,,
3961,10009640063,,,,
3962,10010171038,,,,
3963,10035252006,,,,
3964,10025923131,,,,
3965,10091503316,,,,
3966,10034799035,,,,
3967,10045964038,,,,
3968,10015709132,,,,
3969,10084700784,,,,
3970,10007198996,,,,
3971,10019929642,,,,
3972,10006891630,,,,
3973,10016884751,,,,
3974,10021521452,,,,
3975,10064646541,,,,
3976,10047309409,,,,
3977,10069244038,,,,
3978,10109841467,,,,
3979,10089663548,,,,
3980,10008820011,,,,
3981,10019895185,,,,
3982,10100631622,,,,
3983,10064384742,,,,
3984,10072343287,,,,
3985,10044253404,,,,
3986,10059931735,,,,
3987,10049101784,,,,
3988,10006291846,,,,
3989,10071936695,,,,
3990,10052763637,,,,
3991,10011236119,,,,
3992,10074893377,,,,
3993,10016207367,,,,
3994,10049091276,,,,
3995,10009233471,,,,
3996,10045965654,,,,
3997,10088567448,,,,
3998,10047443589,,,,
3999,10073282874,,,,
4000,10080302341,,,,
4001,10015977395,,,,
4002,10084644911,,,,
4003,10016499478,,,,
4004,10036013858,,,,
4005,10021749505,,,,
4006,10092490995,,,,
4007,10101896359,,,,
4008,10010920766,,,,
4009,10036237059,,,,
4010,10026519881,,,,
4011,10081878084,,,,
4012,10036591515,,,,
4013,10036019013,,,,
4014,10045957873,,,,
4015,10019926107,,,,
4016,10010100613,,,,
4017,10100631319,,,,
4018,10041175672,,,,
4019,10009667042,,,,
4020,10006320340,,,,
4021,10072421089,,,,
4022,10053587329,,,,
4023,10051904882,,,,
4024,10082261337,,,,
4025,10009161228,,,,
4026,10021464464,,,,
4027,10009493250,,,,
4028,10011140634,,,,
4029,10036324258,,,,
4030,10048438649,,,,
4031,10009510024,,,,
4032,10021270464,,,,
4033,10019737763,,,,
4034,10046031130,,,,
4035,10051909633,,,,
4036,10015327903,,,,
4037,10067973136,,,,
4038,10139942385,,,,
4039,10096373928,,,,
4040,10016739857,,,,
4041,10071364395,,,,
4042,10042535490,,,,
4043,10034792668,,,,
4044,10121234624,,,,
4045,10047400547,,,,
4046,10022212879,,,,
4047,10010172553,,,,
4048,10042256618,,,,
4049,10053232368,,,,
4050,10046098727,,,,
4051,10095689672,,,,
4052,10054658874,,,,
4053,10055291596,,,,
4054,10023453469,,,,
4055,10054558945,,,,
4056,10036099542,,,,
4057,10084649456,,,,
4058,10007175253,,,,
4059,10009769803,,,,
4060,10074702714,,,,
4061,10063516186,,,,
4062,10014106107,,,,
4063,10009033209,,,,
4064,10084028757,,,,
4065,10006732588,,,,
4066,10007949435,,,,
4067,10015907071,,,,
4068,10023487219,,,,
4069,10023123467,,,,
4070,10050949737,,,,
4071,10006049851,,,,
4072,10094440796,,,,
4073,10015561915,,,,
4074,10055238046,,,,
4075,10048001139,,,,
4076,10088232901,,,,
4077,10005934360,,,,
4078,10083425640,,,,
4079,10036018912,,,,
4080,10021021803,,,,
4081,10050531425,,,,
4082,10121701032,,,,
4083,10049159883,,,,
4084,10010920867,,,,
4085,10011018675,,,,
4086,10015509169,,,,
4087,10036393168,,,,
4088,10055221474,,,,
4089,10056606150,,,,
4090,10088487828,,,,
4091,10009036239,,,,
4092,10035363958,,,,
4093,10006137858,,,,
4094,10041176480,,,,
4095,10063828408,,,,
4096,10009349972,,,,
4097,10052575293,,,,
4098,10071607000,,,,
4099,10021696254,,,,
4100,10109497422,,,,
4101,10053821745,,,,
4102,10042426366,,,,
4103,10008668245,,,,
4104,10003146925,,,,
4105,10023441042,,,,
4106,10120022225,,,,
4107,10079766619,,,,
4108,10035296260,,,,
4109,10023975653,,,,
4110,10009822242,,,,
4111,10009147282,,,,
4112,10092819684,,,,
4113,10077462665,,,,
4114,10036072664,,,,
4115,10089014759,,,,
4116,10011040604,,,,
4117,10082960545,,,,
4118,10014889783,,,,
4119,10077497324,,,,
4120,10010997861,,,,
4121,10109426589,,,,
4122,10023400828,,,,
4123,10014454394,,,,
4124,10004719739,,,,
4125,10121919078,,,,
4126,10010824675,,,,
4127,10014010824,,,,
4128,10015329418,,,,
4129,10056531378,,,,
4130,10054667867,,,,
4131,10009060285,,,,
4132,10056107915,,,,
4133,10133786828,,,,
4134,10006290331,,,,
4135,10131634741,,,,
4136,10052729180,,,,
4137,10097195394,,,,
4138,10075807504,,,,
4139,10056225325,,,,
4140,10097168520,,,,
4141,10007388855,,,,
4142,10055956149,,,,
4143,10048895761,,,,
4144,10069097124,,,,
4145,10085846600,,,,
4146,10023053345,,,,
4147,10044361821,,,,
4148,10050880120,,,,
4149,10054329680,,,,
4150,10015833313,,,,
4151,10083973789,,,,
4152,10015755309,,,,
4153,10016040447,,,,
4154,10006284570,,,,
4155,10014720742,,,,
4156,10107271068,,,,
4157,10049098754,,,,
4158,10053551660,,,,
4159,10072624284,,,,
4160,10062141315,,,,
4161,10004873121,,,,
4162,10062325413,,,,
4163,10023527736,,,,
4164,10063851848,,,,
4165,10070429357,,,,
4166,10083073208,,,,
4167,10118761730,,,,
4168,10085073327,,,,
4169,10115693294,,,,
4170,10006879708,,,,
4171,10118835387,,,,
4172,10056007174,,,,
4173,10050631051,,,,
4174,10020087266,,,,
4175,10080654470,,,,
4176,10118987355,,,,
4177,10096138094,,,,
4178,10009531040,,,,
4179,10007996521,,,,
4180,10086049488,,,,
4181,10082372279,,,,
4182,10023967771,,,,
4183,10115012577,,,,
4184,10063654212,,,,
4185,10071009438,,,,
4186,10119528333,,,,
4187,10010807093,,,,
4188,10097023323,,,,
4189,10065269159,,,,
4190,10002358292,,,,
4191,10115693092,,,,
4192,10068352244,,,,
4193,10023397188,,,,
4194,10097366661,,,,
4195,10047168454,,,,
4196,10051905690,,,,
4197,10009521441,,,,
4198,10016052470,,,,
4199,10035390129,,,,
4200,10015571211,,,,
4201,10036504215,,,,
4202,10008789800,,,,
4203,10079509062,,,,
4204,10009386550,,,,
4205,10056514911,,,,
4206,10076203988,,,,
4207,10010200744,,,,
4208,10082975501,,,,
4209,10039729665,,,,
4210,10049033682,,,,
4211,10050600941,,,,
4212,10022723646,,,,
4213,10036478650,,,,
4214,10123469765,,,,
4215,10020502750,,,,
4216,10060688133,,,,
4217,10080223529,,,,
4218,10121919482,,,,
4219,10017811406,,,,
4220,10054774466,,,,
4221,10017239207,,,,
4222,10006407741,,,,
4223,10120246638,,,,
4224,10101714786,,,,
4225,10036592626,,,,
4226,10089471366,,,,
4227,10073174659,,,,
4228,10010782340,,,,
4229,10023527837,,,,
4230,10069918893,,,,
4231,10121700123,,,,
4232,10044305035,,,,
4233,10012857635,,,,
4234,10050604678,,,,
4235,10023561886,,,,
4236,10053696453,,,,
4237,10009318953,,,,
4238,10006891933,,,,
4239,10109152666,,,,
4240,10092103096,,,,
4241,10101834018,,,,
4242,10058461173,,,,
4243,10082733708,,,,
4244,10088481360,,,,
4245,10135032670,,,,
4246,10063966733,,,,
4247,10101568781,,,,
4248,10026228275,,,,
4249,10097170742,,,,
4250,10009134451,,,,
4251,10044305136,,,,
4252,10036553624,,,,
4253,10050118163,,,,
4254,10009528111,,,,
4255,10050030358,,,,
4256,10060058441,,,,
4257,10097390711,,,,
4258,10009565594,,,,
4259,10009114950,,,,
4260,10054626946,,,,
4261,10088070829,,,,
4262,10006483624,,,,
4263,10037774208,,,,
4264,10065943412,,,,
4265,10105335415,,,,
4266,10109415273,,,,
4267,10136187475,,,,
4268,10097451739,,,,
4269,10015713172,,,,
4270,10036500979,,,,
4271,10135692573,,,,
4272,10047329314,,,,
4273,10061972674,,,,
4274,10069038419,,,,
4275,10009873065,,,,
4276,10063857811,,,,
4277,10132548864,,,,
4278,10010827507,,,,
4279,10075888336,,,,
4280,10036091660,,,,
4281,10083825966,,,,
4282,10010202663,,,,
4283,10094145150,,,,
4284,10012856120,,,,
4285,10048387018,,,,
4286,10022081729,,,,
4287,10064151033,,,,
4288,10046409430,,,,
4289,10063166582,,,,
4290,10079997294,,,,
4291,10030624702,,,,
4292,10056467118,,,,
4293,10067003439,,,,
4294,10091526251,,,,
4295,10121795709,,,,
4296,10023534406,,,,
4297,10013697188,,,,
4298,10066333331,,,,
4299,10131133270,,,,
4300,10021462949,,,,
4301,10061209610,,,,
4302,10084699976,,,,
4303,10122560187,,,,
4304,10009141525,,,,
4305,10021684534,,,,
4306,10015766322,,,,
4307,10064842157,,,,
4308,10010830335,,,,
4309,10122246353,,,,
4310,10124898493,,,,
4311,10087838130,,,,
4312,10135030650,,,,
4313,10081638315,,,,
4314,10009652995,,,,
4315,10055237945,,,,
4316,10023524100,,,,
4317,10112359932,,,,
4318,10090838460,,,,
4319,10115014601,,,,
4320,10036117831,,,,
4321,10034790951,,,,
4322,10009258733,,,,
4323,10124904254,,,,
4324,10059695703,,,,
4325,10096660278,,,,
4326,10073851235,,,,
4327,10071650446,,,,
4328,10003298687,,,,
4329,10064902882,,,,
4330,10079996789,,,,
4331,10051885179,,,,
4332,10120245729,,,,
4333,10129484472,,,,
4334,10089838653,,,,
4335,10047235647,,,,
4336,10068629096,,,,
4337,10049081273,,,,
4338,10072044207,,,,
4339,10065034339,,,,
4340,10085828210,,,,
4341,10101449755,,,,
4342,10053810833,,,,
4343,10008651976,,,,
4344,10094658341,,,,
4345,10069844125,,,,
4346,10058750557,,,,
4347,10036589693,,,,
4348,10039917302,,,,
4349,10096304917,,,,
4350,10049079455,,,,
4351,10049134827,,,,
4352,10120363644,,,,
4353,10065058789,,,,
4354,10097927645,,,,
4355,10011146900,,,,
4356,10036358816,,,,
4357,10015727522,,,,
4358,10030701894,,,,
4359,10067494402,,,,
4360,10035249780,,,,
4361,10104236180,,,,
4362,10051903872,,,,
4363,10135032165,,,,
4364,10015922229,,,,
4365,10048203122,,,,
4366,10010100916,,,,
4367,10020964310,,,,
4368,10025562110,,,,
4369,10049986609,,,,
4370,10135439969,,,,
4371,10048893539,,,,
4372,10108567838,,,,
4373,10062930853,,,,
4374,10053810631,,,,
4375,10089581302,,,,
4376,10088702440,,,,
4377,10096850440,,,,
4378,10009252871,,,,
4379,10004722870,,,,
4380,10026079745,,,,
4381,10015551912,,,,
4382,10084612676,,,,
4383,10081650136,,,,
4384,10036018811,,,,
4385,10122263026,,,,
4386,10063226705,,,,
4387,10060367528,,,,
4388,10036275758,,,,
4389,10073585190,,,,
4390,10069309211,,,,
4391,10055207229,,,,
4392,10085199730,,,,
4393,10055209754,,,,
4394,10059000535,,,,
4395,10087761944,,,,
4396,10021170232,,,,
4397,10084699673,,,,
4398,10076574006,,,,
4399,10054650790,,,,
4400,10072631055,,,,
4401,10047362050,,,,
4402,10078794292,,,,
4403,10082960242,,,,
4404,10035445295,,,,
4405,10118975736,,,,
4406,10095816277,,,,
4407,10072875272,,,,
4408,10080655682,,,,
4409,10055146100,,,,
4410,10016202822,,,,
4411,10079374373,,,,
4412,10021590059,,,,
4413,10014054573,,,,
4414,10131776706,,,,
4415,10006061369,,,,
4416,10010835688,,,,
4417,10046480562,,,,
4418,10023932611,,,,
4419,10078216740,,,,
4420,10081168570,,,,
4421,10054288961,,,,
4422,10007509194,,,,
4423,10011044442,,,,
4424,10050151812,,,,
4425,10066728809,,,,
4426,10089404678,,,,
4427,10135031054,,,,
4428,10135031559,,,,
4429,10035025771,,,,
4430,10047373366,,,,
4431,10009090496,,,,
4432,10028945790,,,,
4433,10029223353,,,,
4434,10030615002,,,,
4435,10065769216,,,,
4436,10015859682,,,,
4437,10007892447,,,,
4438,10011335846,,,,
4439,10064387469,,,,
4440,10007891336,,,,
4441,10079412264,,,,
4442,10091972047,,,,
4443,10105865881,,,,
4444,10120244012,,,,
4445,10126744426,,,,
4446,10126744729,,,,
4447,10127044924,,,,
4448,10131887042,,,,
4449,10070040044,,,,
4450,10008661979,,,,
4451,10009235996,,,,
4452,10048898387,,,,
4453,10049184640,,,,
4454,10123457338,,,,
4455,10058984569,,,,
4456,10083967426,,,,
4457,10094461816,,,,
4458,10009251760,,,,
4459,10076426280,,,,
4460,10072567195,,,,
4461,10025664867,,,,
4462,10069019322,,,,
4463,10071209502,,,,
4464,10072404420,,,,
4465,10072981568,,,,
4466,10100631723,,,,
4467,10001078094,,,,
4468,10064645733,,,,
4469,10094146160,,,,
4470,10095305918,,,,
4471,10096389183,,,,
4472,10132224320,,,,
4473,10132348396,,,,
4474,10036503104,,,,
4475,10009166682,,,,
4476,10095704729,,,,
4477,10131768420,,,,
4478,10131768622,,,,
4479,10034936653,,,,
4480,10062195067,,,,
4481,10041652790,,,,
4482,10080054585,,,,
4483,10015568581,,,,
4484,10044967665,,,,
4485,10046043254,,,,
4486,10009991687,,,,
4487,10050716331,,,,
4488,10002264932,,,,
4489,10015413684,,,,
4490,10017587902,,,,
4491,10015855844,,,,
4492,10052435049,,,,
4493,10121008692,,,,
4494,10015956581,,,,
4495,10039715420,,,,
4496,10017585777,,,,
4497,10050711479,,,,
4498,10015978510,,,,
4499,10002689308,,,,
4500,10004680838,,,,
4501,10015508967,,,,
4502,10050627213,,,,
4503,10061155753,,,,
4504,10014699524,,,,
4505,10004505531,,,,
4506,10084010064,,,,
4507,10008705227,,,,
4508,10009050181,,,,
4509,10081178169,,,,
4510,10080214334,,,,
4511,10041869830,,,,
4512,10014890793,,,,
4513,10050636711,,,,
4514,10060037425,,,,
4515,10005417230,,,,
4516,10008689766,,,,
4517,10036092468,,,,
4518,10009492240,,,,
4519,10036114494,,,,
4520,10050204655,,,,
4521,10009385742,,,,
4522,10023351217,,,,
4523,10016310835,,,,
4524,10060131896,,,,
4525,10058440662,,,,
4526,10097342312,,,,
4527,10081972155,,,,
4528,10054294116,,,,
4529,10114762195,,,,
4530,10049191512,,,,
4531,10076472356,,,,
4532,10110907457,,,,
4533,10004595558,,,,
4534,10017564559,,,,
4535,10050312062,,,,
4536,10004658812,,,,
4537,10086777901,,,,
4538,10034952922,,,,
4539,10064906118,,,,
4540,10096093840,,,,
4541,10003293233,,,,
4542,10015327293,,,,
4543,10004589801,,,,
4544,10077657978,,,,
4545,10015769150,,,,
4546,10064294614,,,,
4547,10010962495,,,,
4548,10015205035,,,,
4549,10089778130,,,,
4550,10007898006,,,,
4551,10015329317,,,,
4552,10050716028,,,,
4553,10008901853,,,,
4554,10003950106,,,,
4555,10063752727,,,,
4556,10050766245,,,,
4557,10089545330,,,,
4558,10009499112,,,,
4559,10106763133,,,,
4560,10023453267,,,,
4561,10091382266,,,,
4562,10078433877,,,,
4563,10034975049,,,,
4564,10015979419,,,,
4565,10097023929,,,,
4566,10093370564,,,,
4567,10041032600,,,,
4568,10050716937,,,,
4569,10004632944,,,,
4570,10009674419,,,,
4571,10089555030,,,,
4572,10085001383,,,,
4573,10064123852,,,,
4574,10041619751,,,,
4575,10017651051,,,,
4576,10065048988,,,,
4577,10050854151,,,,
4578,10101807645,,,,
4579,10107575206,,,,
4580,10010177708,,,,
4581,10089543209,,,,
4582,10062738368,,,,
4583,10014992039,,,,
4584,10050585076,,,,
4585,10005747939,,,,
4586,10089545229,,,,
4587,10083182130,,,,
4588,10087510855,,,,
4589,10050142617,,,,
4590,10102135728,,,,
4591,10015328206,,,,
4592,10036018609,,,,
4593,10016290425,,,,
4594,10070377423,,,,
4595,10044850053,,,,
4596,10048408236,,,,
4597,10064601273,,,,
4598,10036048820,,,,
4599,10076580672,,,,
4600,10116114640,,,,
4601,10009499415,,,,
4602,10096588944,,,,
4603,10023853391,,,,
4604,10070526155,,,,
4605,10010168412,,,,
4606,10116087156,,,,
4607,10107519531,,,,
4608,10010165277,,,,
4609,10060545865,,,,
4610,10015265659,,,,
4611,10080672456,,,,
4612,10066472666,,,,
4613,10008677541,,,,
4614,10036065489,,,,
4615,10044415068,,,,
4616,10036019215,,,,
4617,10064295927,,,,
4618,10073754134,,,,
4619,10089457828,,,,
4620,10015328408,,,,
4621,10063535990,,,,
4622,10015820175,,,,
4623,10019052400,,,,
4624,10058287785,,,,
4625,10087511360,,,,
4626,10005885860,,,,
4627,10009031993,,,,
4628,10050431593,,,,
4629,10051542750,,,,
4630,10078982030,,,,
4631,10101986184,,,,
4632,10007224258,,,,
4633,10002931606,,,,
4634,10092823627,,,,
4635,10050678137,,,,
4636,10006497970,,,,
4637,10006883344,,,,
4638,10009118081,,,,
4639,10006904057,,,,
4640,10009096964,,,,
4641,10063968652,,,,
4642,10063727263,,,,
4643,10035246548,,,,
4644,10009673106,,,,
4645,10035347588,,,,
4646,10009513761,,,,
4647,10060324684,,,,
4648,10047304456,,,,
4649,10029822026,,,,
4650,10109512677,,,,
4651,10036454604,,,,
4652,10047330627,,,,
4653,10036560088,,,,
4654,10063110204,,,,
4655,10003310714,,,,
4656,10010828012,,,,
4657,10036281923,,,,
4658,10015998314,,,,
4659,10036365583,,,,
4660,10023886939,,,,
4661,10009326431,,,,
4662,10013841577,,,,
4663,10035543208,,,,
4664,10059238890,,,,
4665,10061852840,,,,
4666,10007448671,,,,
4667,10052865889,,,,
4668,10082723604,,,,
4669,10050218395,,,,
4670,10062931661,,,,
4671,10002301914,,,,
4672,10009021384,,,,
4673,10035289590,,,,
4674,10055514494,,,,
4675,10004593639,,,,
4676,10063593079,,,,
4677,10008199312,,,,
4678,10063107978,,,,
4679,10009148801,,,,
4680,10015859985,,,,
4681,10006450076,,,,
4682,10083951258,,,,
4683,10009543669,,,,
4684,10045852082,,,,
4685,10010835789,,,,
4686,10064369382,,,,
4687,10009975018,,,,
4688,10010713430,,,,
4689,10068310414,,,,
4690,10067207644,,,,
4691,10087538440,,,,
4692,10006897892,,,,
4693,10002963130,,,,
4694,10015709031,,,,
4695,10069221608,,,,
4696,10030129493,,,,
4697,10015528771,,,,
4698,10092786039,,,,
4699,10049037625,,,,
4700,10010957445,,,,
4701,10023551277,,,,
4702,10120362735,,,,
4703,10064722424,,,,
4704,10074547615,,,,
4705,10008663801,,,,
4706,10050535465,,,,
4707,10096871658,,,,
4708,10009087365,,,,
4709,10030124544,,,,
4710,10082153425,,,,
4711,10035452167,,,,
4712,10071381876,,,,
4713,10017190505,,,,
4714,10118971086,,,,
4715,10050941855,,,,
4716,10006216367,,,,
4717,10035411751,,,,
4718,10030151018,,,,
4719,10085538220,,,,
4720,10096340683,,,,
4721,10035386691,,,,
4722,10063780817,,,,
4723,10015328105,,,,
4724,10045957772,,,,
4725,10036595858,,,,
4726,10035032845,,,,
4727,10026697919,,,,
4728,10029385021,,,,
4729,10035374062,,,,
4730,10016154726,,,,
4731,10042387768,,,,
4732,10050712186,,,,
4733,10021518321,,,,
4734,10076588150,,,,
4735,10010740005,,,,
4736,10015771978,,,,
4737,10092801193,,,,
4738,10013725985,,,,
4739,10021668063,,,,
4740,10015849174,,,,
4741,10006187873,,,,
4742,10120544308,,,,
4743,10052865990,,,,
4744,10015903031,,,,
4745,10007816160,,,,
4746,10009707963,,,,
4747,10070695200,,,,
4748,10050635495,,,,
4749,10083669049,,,,
4750,10007161513,,,,
4751,10023994851,,,,
4752,10092777955,,,,
4753,10118776581,,,,
4754,10045737201,,,,
4755,10072107053,,,,
4756,10054876116,,,,
4757,10022680503,,,,
4758,10011156394,,,,
4759,10082677326,,,,
4760,10036120457,,,,
4761,10065490946,,,,
4762,10120544409,,,,
4763,10015643959,,,,
4764,10068492589,,,,
4765,10012223192,,,,
4766,10050719361,,,,
4767,10021155579,,,,
4768,10068801878,,,,
4769,10047134708,,,,
4770,10009311980,,,,
4771,10044426889,,,,
4772,10026511902,,,,
4773,10028903960,,,,
4774,10094448880,,,,
4775,10059711766,,,,
4776,10050726031,,,,
4777,10026666900,,,,
4778,10026265863,,,,
4779,10054372221,,,,
4780,10054846006,,,,
4781,10030434843,,,,
4782,10007080374,,,,
4783,10064630676,,,,
4784,10015978308,,,,
4785,10036092569,,,,
4786,10031492345,,,,
4787,10084438480,,,,
4788,10015782284,,,,
4789,10030435045,,,,
4790,10009511438,,,,
4791,10016304872,,,,
4792,10055691623,,,,
4793,10041597321,,,,
4794,10015266568,,,,
4795,10021436879,,,,
4796,10020950869,,,,
4797,10021228533,,,,
4798,10047248377,,,,
4799,10014629200,,,,
4800,10021624112,,,,
4801,10008705025,,,,
4802,10015564238,,,,
4803,10065321602,,,,
4804,10026436120,,,,
4805,10007513036,,,,
4806,10064419603,,,,
4807,10010193367,,,,
4808,10010880552,,,,
4809,10036013555,,,,
4810,10063327543,,,,
4811,10014374673,,,,
4812,10021600062,,,,
4813,10021667962,,,,
4814,10004628496,,,,
4815,10006278106,,,,
4816,10004748738,,,,
4817,10009840531,,,,
4818,10062644095,,,,
4819,10014872912,,,,
4820,10061977728,,,,
4821,10007893760,,,,
4822,10050281851,,,,
4823,10009692102,,,,
4824,10014630008,,,,
4825,10047170272,,,,
4826,10010169523,,,,
4827,10058578684,,,,
4828,10011161953,,,,
4829,10009047959,,,,
4830,10062609743,,,,
4831,10006895266,,,,
4832,10010656644,,,,
4833,10010589350,,,,
4834,10011134873,,,,
4835,10009762022,,,,
4836,10045952823,,,,
4837,10062738671,,,,
4838,10009225589,,,,
4839,10051373810,,,,
4840,10006288008,,,,
4841,10036119144,,,,
4842,10010783956,,,,
4843,10007896588,,,,
4844,10007199202,,,,
4845,10022706468,,,,
4846,10040756148,,,,
4847,10004780565,,,,
4848,10010771327,,,,
4849,10072875474,,,,
4850,10005408742,,,,
4851,10003011529,,,,
4852,10046010518,,,,
4853,10010167907,,,,
4854,10009016031,,,,
4855,10023867842,,,,
4856,10015998920,,,,
4857,10010176900,,,,
4858,10011233994,,,,
4859,10023895528,,,,
4860,10015320324,,,,
4861,10042291980,,,,
4862,10016087028,,,,
4863,10004738331,,,,
4864,10009148494,,,,
4865,10023917958,,,,
4866,10009987445,,,,
4867,10009977846,,,,
4868,10005878079,,,,
4869,10002746393,,,,
4870,10009484257,,,,
4871,10007754223,,,,
4872,10009380587,,,,
4873,10036161681,,,,
4874,10008787271,,,,
4875,10004555849,,,,
4876,10034813684,,,,
4877,10052853361,,,,
4878,10051354511,,,,
4879,10015875143,,,,
4880,10043810537,,,,
4881,10003046487,,,,
4882,10009498203,,,,
4883,10015327596,,,,
4884,10053731112,,,,
4885,10006330444,,,,
4886,10084661883,,,,
4887,10044418405,,,,
4888,10050311759,,,,
4889,10021427179,,,,
4890,10008667336,,,,
4891,10016520595,,,,
4892,10010580660,,,,
4893,10017854549,,,,
4894,10003333548,,,,
4895,10074405347,,,,
4896,10015390951,,,,
4897,10010992811,,,,
4898,10014858865,,,,
4899,10060058946,,,,
4900,10009993812,,,,
4901,10003035474,,,,
4902,10063679672,,,,
4903,10072670057,,,,
4904,10016193122,,,,
4905,10083441404,,,,
4906,10035348400,,,,
4907,10008930852,,,,
4908,10006795438,,,,
4909,10100632632,,,,
4910,10011186811,,,,
4911,10051905589,,,,
4912,10036588683,,,,
4913,10063680278,,,,
4914,10021742431,,,,
4915,10039861829,,,,
4916,10058552921,,,,
4917,10007210114,,,,
4918,10015220088,,,,
4919,10059186552,,,,
4920,10053205591,,,,
4921,10072670966,,,,
4922,10021431425,,,,
4923,10015795826,,,,
4924,10015796230,,,,
4925,10052179314,,,,
4926,10006003371,,,,
4927,10007507376,,,,
4928,10009531848,,,,
4929,10062593676,,,,
4930,10009831538,,,,
4931,10003333851,,,,
4932,10004759751,,,,
4933,10054989785,,,,
4934,10009331582,,,,
4935,10045954742,,,,
4936,10070508674,,,,
4937,10007812625,,,,
4938,10084950560,,,,
4939,10010745358,,,,
4940,10015004567,,,,
4941,10009826484,,,,
4942,10007296707,,,,
4943,10046331224,,,,
4944,10036119043,,,,
4945,10009768688,,,,
4946,10027379141,,,,
4947,10063953090,,,,
4948,10007172324,,,,
4949,10006501206,,,,
4950,10010737274,,,,
4951,10092462000,,,,
4952,10007219410,,,,
4953,10005519785,,,,
4954,10039724615,,,,
4955,10006113913,,,,
4956,10004714685,,,,
4957,10021426876,,,,
4958,10007896992,,,,
4959,10002510967,,,,
4960,10008736044,,,,
4961,10009710993,,,,
4962,10036440759,,,,
4963,10062662485,,,,
4964,10015571413,,,,
4965,10009835881,,,,
4966,10015338613,,,,
4967,10045958378,,,,
4968,10007804036,,,,
4969,10063281871,,,,
4970,10005497961,,,,
4971,10013822985,,,,
4972,10007604477,,,,
4973,10055348079,,,,
4974,10040568414,,,,
4975,10094938126,,,,
4976,10016080661,,,,
4977,10003202903,,,,
4978,10060018025,,,,
4979,10072797874,,,,
4980,10006897084,,,,
4981,10047299103,,,,
4982,10011167007,,,,
4983,10050004793,,,,
4984,10015904849,,,,
4985,10050084316,,,,
4986,10016106226,,,,
4987,10063769194,,,,
4988,10026020838,,,,
4989,10084434844,,,,
4990,10060617506,,,,
4991,10010856809,,,,
4992,10021676349,,,,
4993,10060017823,,,,
4994,10029962977,,,,
4995,10048203930,,,,
4996,10010085051,,,,
4997,10010172755,,,,
4998,10010771630,,,,
4999,10084645012,,,,
5000,10029926100,,,,
5001,10008881140,,,,
5002,10084156877,,,,
5003,10007898713,,,,
5004,10016282745,,,,
5005,10059297494,,,,
5006,10035349915,,,,
5007,10023527029,,,,
5008,10016145228,,,,
5009,10051244272,,,,
5010,10006240013,,,,
5011,10009194772,,,,
5012,10051472224,,,,
5013,10045374560,,,,
5014,10089470154,,,,
5015,10054594412,,,,
5016,10009026539,,,,
5017,10060044293,,,,
5018,10089974251,,,,
5019,10022749413,,,,
5020,10010791737,,,,
5021,10009229936,,,,
5022,10011003622,,,,
5023,10007242042,,,,
5024,10015202510,,,,
5025,10004714382,,,,
5026,10085042207,,,,
5027,10041726653,,,,
5028,10053915311,,,,
5029,10062115851,,,,
5030,10016104812,,,,
5031,10047209476,,,,
5032,10013765391,,,,
5033,10023487421,,,,
5034,10011073542,,,,
5035,10008017335,,,,
5036,10015390850,,,,
5037,10054669887,,,,
5038,10072341570,,,,
5039,10059648516,,,,
5040,10014394275,,,,
5041,10045601805,,,,
5042,10014441361,,,,
5043,10086002305,,,,
5044,10015727926,,,,
5045,10045957671,,,,
5046,10010924810,,,,
5047,10060614674,,,,
5048,10016276984,,,,
5049,10040407756,,,,
5050,10034917253,,,,
5051,10006412690,,,,
5052,10007294380,,,,
5053,10047358313,,,,
5054,10095119089,,,,
5055,10097461237,,,,
5056,10060680352,,,,
5057,10014167741,,,,
5058,10054822158,,,,
5059,10059187663,,,,
5060,10041037953,,,,
5061,10009330976,,,,
5062,10013902104,,,,
5063,10010879643,,,,
5064,10022443760,,,,
5065,10009172847,,,,
5066,10025100752,,,,
5067,10045960095,,,,
5068,10096469918,,,,
5069,10059849687,,,,
5070,10039893757,,,,
5071,10015850083,,,,
5072,10064419805,,,,
5073,10016094102,,,,
5074,10006107344,,,,
5075,10053975733,,,,
5076,10014842495,,,,
5077,10009823050,,,,
5078,10060885062,,,,
5079,10045959590,,,,
5080,10059272438,,,,
5081,10090050942,,,,
5082,10065275627,,,,
5083,10021519533,,,,
5084,10023524201,,,,
5085,10008653592,,,,
5086,10054671406,,,,
5087,10011202773,,,,
5088,10015326384,,,,
5089,10015674675,,,,
5090,10011240664,,,,
5091,10056297164,,,,
5092,10034912203,,,,
5093,10021423947,,,,
5094,10034938875,,,,
5095,10014850579,,,,
5096,10051728060,,,,
5097,10036174718,,,,
5098,10010169927,,,,
5099,10092461390,,,,
5100,10045528447,,,,
5101,10015314361,,,,
5102,10010087475,,,,
5103,10015460770,,,,
5104,10010173361,,,,
5105,10023403050,,,,
5106,10049190805,,,,
5107,10015390143,,,,
5108,10034943626,,,,
5109,10035554019,,,,
5110,10020807389,,,,
5111,10008855878,,,,
5112,10090072665,,,,
5113,10022841460,,,,
5114,10034909674,,,,
5115,10015390345,,,,
5116,10008129489,,,,
5117,10071514747,,,,
5118,10011202571,,,,
5119,10034988082,,,,
5120,10035264837,,,,
5121,10009495068,,,,
5122,10015765817,,,,
5123,10035567557,,,,
5124,10080927686,,,,
5125,10039597404,,,,
5126,10046614241,,,,
5127,10056220069,,,,
5128,10016209084,,,,
5129,10023348587,,,,
5130,10064644319,,,,
5131,10096480022,,,,
5132,10056032941,,,,
5133,10010133551,,,,
5134,10039907501,,,,
5135,10051457672,,,,
5136,10010782643,,,,
5137,10058759348,,,,
5138,10034972524,,,,
5139,10021002908,,,,
5140,10080715805,,,,
5141,10003096001,,,,
5142,10022065258,,,,
5143,10034909775,,,,
5144,10005390352,,,,
5145,10009492846,,,,
5146,10029859816,,,,
5147,10029861028,,,,
5148,10015019927,,,,
5149,10035519764,,,,
5150,10062699265,,,,
5151,10064280062,,,,
5152,10011071926,,,,
5153,10008927418,,,,
5154,10011135681,,,,
5155,10011202975,,,,
5156,10015144310,,,,
5157,10016281432,,,,
5158,10020925813,,,,
5159,10021180740,,,,
5160,10021305123,,,,
5161,10021316641,,,,
5162,10021577531,,,,
5163,10064189934,,,,
5164,10094647025,,,,
5165,10034925438,,,,
5166,10062449893,,,,
5167,10015375086,,,,
5168,10049099057,,,,
5169,10079997803,,,,
5170,10080054888,,,,
5171,10015312240,,,,
5172,10015571615,,,,
5173,10005631640,,,,
5174,10010102734,,,,
5175,10009258632,,,,
5176,10015849073,,,,
5177,10005504227,,,,
5178,10006895064,,,,
5179,10063803651,,,,
5180,10007680865,,,,
5181,10009173756,,,,
5182,10015652649,,,,
5183,10016193930,,,,
5184,10052018050,,,,
5185,10055222888,,,,
5186,10050672881,,,,
5187,10007737449,,,,
5188,10060059249,,,,
5189,10008696941,,,,
5190,10010188519,,,,
5191,10011147001,,,,
5192,10006896680,,,,
5193,10016095011,,,,
5194,10005965884,,,,
5195,10009517603,,,,
5196,10015958605,,,,
5197,10014942630,,,,
5198,10060901432,,,,
5199,10009869732,,,,
5200,10014458640,,,,
5201,10008764134,,,,
5202,10008001369,,,,
5203,10009035027,,,,
5204,10015325677,,,,
5205,10011018574,,,,
5206,10012279069,,,,
5207,10016234952,,,,
5208,10015340027,,,,
5209,10008687140,,,,
5210,10015329923,,,,
5211,10077911188,,,,
5212,10003048915,,,,
5213,10049091579,,,,
5214,10012489237,,,,
5215,10006893044,,,,
5216,10011005440,,,,
5217,10050714109,,,,
5218,10004739442,,,,
5219,10006477560,,,,
5220,10073722105,,,,
5221,10015126728,,,,
5222,10009369978,,,,
5223,10003388617,,,,
5224,10062076445,,,,
5225,10009403324,,,,
5226,10015358720,,,,
5227,10015559689,,,,
5228,10023485502,,,,
5229,10073282773,,,,
5230,10008732206,,,,
5231,10015334670,,,,
5232,10050238708,,,,
5233,10010984020,,,,
5234,10009639457,,,,
5235,10007769377,,,,
5236,10014802483,,,,
5237,10009717865,,,,
5238,10009713219,,,,
5239,10009193863,,,,
5240,10009324411,,,,
5241,10041040377,,,,
5242,10063954205,,,,
5243,10076567841,,,,
5244,10015332145,,,,
5245,10015563127,,,,
5246,10010747883,,,,
5247,10007895073,,,,
5248,10009165773,,,,
5249,10006713289,,,,
5250,10016097233,,,,
5251,10050196773,,,,
5252,10009380486,,,,
5253,10009739386,,,,
5254,10052570647,,,,
5255,10016793613,,,,
5256,10009968752,,,,
5257,10034841572,,,,
5258,10009871045,,,,
5259,10083545676,,,,
5260,10009088880,,,,
5261,10009500627,,,,
5262,10015467844,,,,
5263,10002885328,,,,
5264,10010916524,,,,
5265,10006384200,,,,
5266,10080047414,,,,
5267,10005430667,,,,
5268,10014950613,,,,
5269,10009724333,,,,
5270,10010958758,,,,
5271,10015723983,,,,
5272,10010916423,,,,
5273,10042493357,,,,
5274,10006476752,,,,
5275,10014548768,,,,
5276,10014936465,,,,
5277,10008758979,,,,
5278,10004779656,,,,
5279,10005671450,,,,
5280,10004520887,,,,
5281,10013217949,,,,
5282,10036466930,,,,
5283,10008950050,,,,
5284,10009801024,,,,
5285,10013683852,,,,
5286,10016206660,,,,
5287,10014562512,,,,
5288,10016129060,,,,
5289,10008960053,,,,
5290,10011146391,,,,
5291,10006892034,,,,
5292,10015686500,,,,
5293,10014525631,,,,
5294,10060119469,,,,
5295,10015350333,,,,
5296,10016103802,,,,
5297,10005982456,,,,
5298,10009691492,,,,
5299,10015710041,,,,
5300,10050431290,,,,
5301,10008962881,,,,
5302,10065433655,,,,
5303,10091211508,,,,
5304,10025583025,,,,
5305,10028302560,,,,
5306,10056555226,,,,
5307,10009532757,,,,
5308,10044275127,,,,
5309,10015331943,,,,
5310,10036495424,,,,
5311,10072035315,,,,
5312,10015330731,,,,
5313,10058857964,,,,
5314,10021040896,,,,
5315,10009691900,,,,
5316,10014681740,,,,
5317,10009696142,,,,
5318,10044042327,,,,
5319,10042392721,,,,
5320,10010118595,,,,
5321,10009353713,,,,
5322,10023847432,,,,
5323,10010606932,,,,
5324,10059019632,,,,
5325,10008821829,,,,
5326,10009531949,,,,
5327,10010170129,,,,
5328,10045652931,,,,
5329,10010589249,,,,
5330,10016123404,,,,
5331,10007735530,,,,
5332,10016193728,,,,
5333,10010677660,,,,
5334,10064296331,,,,
5335,10005852922,,,,
5336,10016305781,,,,
5337,10015322849,,,,
5338,10015713475,,,,
5339,10007962973,,,,
5340,10022817111,,,,
5341,10009346538,,,,
5342,10034944535,,,,
5343,10007906389,,,,
5344,10025561403,,,,
5345,10062266203,,,,
5346,10087747901,,,,
5347,10010791333,,,,
5348,10015828259,,,,
5349,10002694055,,,,
5350,10015092978,,,,
5351,10055805902,,,,
5352,10016413794,,,,
5353,10007517480,,,,
5354,10014400036,,,,
5355,10005974473,,,,
5356,10009043919,,,,
5357,10013395175,,,,
5358,10016130979,,,,
5359,10015922128,,,,
5360,10005979022,,,,
5361,10004680636,,,,
5362,10021351805,,,,
5363,10034906240,,,,
5364,10016301640,,,,
5365,10016203024,,,,
5366,10015565147,,,,
5367,10010660381,,,,
5368,10083826067,,,,
5369,10005876160,,,,
5370,10016277085,,,,
5371,10024628280,,,,
5372,10052014010,,,,
5373,10004880700,,,,
5374,10023274223,,,,
5375,10036116114,,,,
5376,10010859637,,,,
5377,10008737357,,,,
5378,10010956637,,,,
5379,10008010463,,,,
5380,10015175733,,,,
5381,10015690237,,,,
5382,10016133609,,,,
5383,10022863385,,,,
5384,10010184879,,,,
5385,10010115262,,,,
5386,10013927766,,,,
5387,10009041996,,,,
5388,10018661265,,,,
5389,10023906137,,,,
5390,10048892327,,,,
5391,10015083177,,,,
5392,10003166022,,,,
5393,10009318145,,,,
5394,10053684935,,,,
5395,10036435002,,,,
5396,10021519634,,,,
5397,10016130070,,,,
5398,10019197900,,,,
5399,10021519735,,,,
5400,10019253874,,,,
5401,10021427078,,,,
5402,10064189732,,,,
5403,10020814766,,,,
5404,10021609055,,,,
5405,10011135883,,,,
5406,10009871752,,,,
5407,10007899016,,,,
5408,10009049777,,,,
5409,10077469436,,,,
5410,10024133378,,,,
5411,10059699339,,,,
5412,10036582623,,,,
5413,10040452216,,,,
5414,10022194388,,,,
5415,10014936768,,,,
5416,10016536157,,,,
5417,10016531814,,,,
5418,10035418522,,,,
5419,10056182582,,,,
5420,10053238230,,,,
5421,10015976688,,,,
5422,10001575929,,,,
5423,10046633439,,,,
5424,10047318907,,,,
5425,10070052774,,,,
5426,10050678036,,,,
5427,10061156864,,,,
5428,10050678238,,,,
5429,10060097342,,,,
5430,10055056372,,,,
5431,10056182784,,,,
5432,10010647045,,,,
5433,10015565248,,,,
5434,10055037174,,,,
5435,10009159713,,,,
5436,10010823867,,,,
5437,10055349089,,,,
5438,10055220565,,,,
5439,10011147304,,,,
5440,10086777695,,,,
5441,10082024695,,,,
5442,10008731495,,,,
5443,10080052868,,,,
5444,10062665216,,,,
5445,10012590883,,,,
5446,10009190025,,,,
5447,10015635471,,,,
5448,10007744220,,,,
5449,10077250982,,,,
5450,10015830279,,,,
5451,10016150379,,,,
5452,10009087668,,,,
5453,10008178801,,,,
5454,10004740755,,,,
5455,10054727077,,,,
5456,10029673391,,,,
5457,10010178011,,,,
5458,10007388754,,,,
5459,10015528670,,,,
5460,10007182832,,,,
5461,10015652750,,,,
5462,10025919693,,,,
5463,10054068891,,,,
5464,10073619243,,,,
5465,10008710580,,,,
5466,10006481907,,,,
5467,10004711453,,,,
5468,10007985003,,,,
5469,10006428050,,,,
5470,10007732500,,,,
5471,10015584749,,,,
5472,10010172250,,,,
5473,10009976129,,,,
5474,10009703115,,,,
5475,10010794161,,,,
5476,10014257061,,,,
5477,10014384373,,,,
5478,10006720262,,,,
5479,10015525539,,,,
5480,10062006727,,,,
5481,10007004188,,,,
5482,10010844277,,,,
5483,10009684624,,,,
5484,10015974971,,,,
5485,10014871801,,,,
5486,10054588045,,,,
5487,10010747075,,,,
5488,10009201543,,,,
5489,10010656038,,,,
5490,10010915413,,,,
5491,10007502730,,,,
5492,10009161127,,,,
5493,10010176290,,,,
5494,10008696840,,,,
5495,10007200515,,,,
5496,10009847403,,,,
5497,10008711489,,,,
5498,10062827890,,,,
5499,10004609908,,,,
5500,10010593491,,,,
5501,10015001335,,,,
5502,10006714505,,,,
5503,10010653917,,,,
5504,10009046545,,,,
5505,10007518288,,,,
5506,10009864779,,,,
5507,10010592481,,,,
5508,10013921504,,,,
5509,10056606251,,,,
5510,10063896005,,,,
5511,10010922483,,,,
5512,10007732601,,,,
5513,10064151235,,,,
5514,10009016233,,,,
5515,10015652548,,,,
5516,10050174141,,,,
5517,10003241093,,,,
5518,10004547361,,,,
5519,10007749775,,,,
5520,10009048363,,,,
5521,10008986426,,,,
5522,10015992149,,,,
5523,10062004202,,,,
5524,10009159915,,,,
5525,10004503107,,,,
5526,10008826273,,,,
5527,10006376419,,,,
5528,10007742402,,,,
5529,10009974715,,,,
5530,10009910350,,,,
5531,10056424678,,,,
5532,10006266988,,,,
5533,10010584401,,,,
5534,10003308993,,,,
5535,10007752001,,,,
5536,10009732619,,,,
5537,10055201872,,,,
5538,10009741006,,,,
5539,10010806992,,,,
5540,10008679965,,,,
5541,10009720693,,,,
5542,10010115363,,,,
5543,10006488573,,,,
5544,10015982752,,,,
5545,10063895803,,,,
5546,10009723929,,,,
5547,10057795008,,,,
5548,10006408852,,,,
5549,10010933904,,,,
5550,10009817289,,,,
5551,10060104820,,,,
5552,10015329822,,,,
5553,10014457933,,,,
5554,10013985764,,,,
5555,10015483406,,,,
5556,10010083334,,,,
5557,10006267796,,,,
5558,10015571312,,,,
5559,10064740814,,,,
5560,10009714532,,,,
5561,10016034383,,,,
5562,10055525006,,,,
5563,10005354582,,,,
5564,10062397252,,,,
5565,10009674318,,,,
5566,10005793106,,,,
5567,10010784057,,,,
5568,10003643443,,,,
5569,10003301822,,,,
5570,10014551600,,,,
5571,10023528241,,,,
5572,10015477847,,,,
5573,10010880754,,,,
5574,10005503217,,,,
5575,10005495335,,,,
5576,10063653000,,,,
5577,10009161733,,,,
5578,10011167310,,,,
5579,10036756213,,,,
5580,10036585451,,,,
5581,10007894366,,,,
5582,10011189033,,,,
5583,10006268204,,,,
5584,10035515926,,,,
5585,10005875251,,,,
5586,10009524067,,,,
5587,10009123438,,,,
5588,10012837225,,,,
5589,10015266063,,,,
5590,10010807396,,,,
5591,10008633485,,,,
5592,10008944794,,,,
5593,10011124466,,,,
5594,10016003263,,,,
5595,10058674472,,,,
5596,10053792847,,,,
5597,10009369877,,,,
5598,10050032075,,,,
5599,10016594357,,,,
5600,10006894155,,,,
5601,10010838823,,,,
5602,10063896207,,,,
5603,10011134065,,,,
5604,10010167705,,,,
5605,10009853362,,,,
5606,10009212657,,,,
5607,10006879001,,,,
5608,10007502932,,,,
5609,10062609642,,,,
5610,10006597394,,,,
5611,10014681639,,,,
5612,10014389124,,,,
5613,10015426014,,,,
5614,10060030957,,,,
5615,10064670284,,,,
5616,10010182758,,,,
5617,10002170962,,,,
5618,10015580608,,,,
5619,10007755334,,,,
5620,10065265826,,,,
5621,10009795162,,,,
5622,10063652996,,,,
5623,10065419814,,,,
5624,10009817188,,,,
5625,10035065581,,,,
5626,10010172452,,,,
5627,10009532959,,,,
5628,10071596892,,,,
5629,10011143058,,,,
5630,10016139871,,,,
5631,10015998415,,,,
5632,10010726665,,,,
5633,10014871696,,,,
5634,10044450131,,,,
5635,10004458344,,,,
5636,10009836083,,,,
5637,10002934737,,,,
5638,10062984710,,,,
5639,10009033108,,,,
5640,10020811332,,,,
5641,10011166300,,,,
5642,10009878826,,,,
5643,10015684173,,,,
5644,10008855979,,,,
5645,10009992701,,,,
5646,10044254414,,,,
5647,10015391254,,,,
5648,10051908522,,,,
5649,10010861354,,,,
5650,10006897589,,,,
5651,10009126973,,,,
5652,10020950465,,,,
5653,10050636509,,,,
5654,10008689564,,,,
5655,10016295475,,,,
5656,10009123640,,,,
5657,10010169422,,,,
5658,10010084344,,,,
5659,10010935116,,,,
5660,10008011170,,,,
5661,10034771046,,,,
5662,10014386191,,,,
5663,10009531646,,,,
5664,10021499931,,,,
5665,10021305325,,,,
5666,10013970004,,,,
5667,10035531787,,,,
5668,10021598648,,,,
5669,10010922180,,,,
5670,10016023875,,,,
5671,10049091680,,,,
5672,10064740713,,,,
5673,10010876007,,,,
5674,10010877320,,,,
5675,10007199101,,,,
5676,10015718125,,,,
5677,10042434955,,,,
5678,10011231974,,,,
5679,10005509479,,,,
5680,10023470849,,,,
5681,10010677862,,,,
5682,10014681841,,,,
5683,10062664307,,,,
5684,10045480755,,,,
5685,10013859260,,,,
5686,10015765918,,,,
5687,10010770822,,,,
5688,10015522610,,,,
5689,10009032401,,,,
5690,10008708661,,,,
5691,10049173425,,,,
5692,10010182556,,,,
5693,10015860187,,,,
5694,10046003949,,,,
5695,10008983291,,,,
5696,10015856551,,,,
5697,10014407009,,,,
5698,10003240992,,,,
5699,10009332592,,,,
5700,10005442589,,,,
5701,10004521291,,,,
5702,10015082874,,,,
5703,10035247053,,,,
5704,10021108796,,,,
5705,10049089963,,,,
5706,10009860335,,,,
5707,10008983695,,,,
5708,10003292324,,,,
5709,10003181378,,,,
5710,10005969019,,,,
5711,10009690987,,,,
5712,10050677632,,,,
5713,10007809793,,,,
5714,10009432424,,,,
5715,10009734942,,,,
5716,10007230322,,,,
5717,10008197389,,,,
5718,10010173563,,,,
5719,10007896285,,,,
5720,10005483716,,,,
5721,10007898915,,,,
5722,10015536249,,,,
5723,10014489558,,,,
5724,10009595405,,,,
5725,10010820938,,,,
5726,10010653816,,,,
5727,10006895670,,,,
5728,10004713473,,,,
5729,10007505356,,,,
5730,10007741590,,,,
5731,10061393001,,,,
5732,10011208635,,,,
5733,10010165984,,,,
5734,10009178608,,,,
5735,10015983358,,,,
5736,10009139303,,,,
5737,10006726225,,,,
5738,10008865881,,,,
5739,10007360462,,,,
5740,10009673207,,,,
5741,10003245642,,,,
5742,10079277575,,,,
5743,10006137656,,,,
5744,10007767963,,,,
5745,10009002489,,,,
5746,10016303054,,,,
5747,10006903047,,,,
5748,10009704024,,,,
5749,10011207524,,,,
5750,10016130474,,,,
5751,10006896478,,,,
5752,10014146624,,,,
5753,10010821443,,,,
5754,10004594043,,,,
5755,10016262941,,,,
5756,10010776983,,,,
5757,10007946809,,,,
5758,10009002792,,,,
5759,10009836487,,,,
5760,10009323094,,,,
5761,10003035676,,,,
5762,10010088788,,,,
5763,10008696436,,,,
5764,10011155485,,,,
5765,10008937522,,,,
5766,10015992048,,,,
5767,10009500829,,,,
5768,10009523663,,,,
5769,10009014314,,,,
5770,10009163753,,,,
5771,10004657802,,,,
5772,10007234261,,,,
5773,10016128757,,,,
5774,10010963206,,,,
5775,10009074635,,,,
5776,10009490523,,,,
5777,10007357937,,,,
5778,10009014516,,,,
5779,10016301539,,,,
5780,10009854776,,,,
5781,10008712503,,,,
5782,10015150875,,,,
5783,10009322185,,,,
5784,10014615254,,,,
5785,10015031243,,,,
5786,10008932569,,,,
5787,10008009958,,,,
5788,10010114353,,,,
5789,10010738890,,,,
5790,10007275788,,,,
5791,10010088081,,,,
5792,10061276702,,,,
5793,10009813047,,,,
5794,10009828306,,,,
5795,10061280035,,,,
5796,10016044588,,,,
5797,10023480953,,,,
5798,10010962293,,,,
5799,10009494159,,,,
5800,10045668085,,,,
5801,10007052587,,,,
5802,10061349248,,,,
5803,10015992250,,,,
5804,10009003301,,,,
5805,10009148191,,,,
5806,10015339724,,,,
5807,10016298812,,,,
5808,10016264759,,,,
5809,10016138356,,,,
5810,10010171240,,,,
5811,10014724681,,,,
5812,10010916322,,,,
5813,10010875704,,,,
5814,10009337141,,,,
5815,10014206642,,,,
5816,10015236660,,,,
5817,10011140331,,,,
5818,10004872717,,,,
5819,10010658159,,,,
5820,10008698052,,,,
5821,10012104873,,,,
5822,10007080172,,,,
5823,10009523562,,,,
5824,10016311542,,,,
5825,10013830766,,,,
5826,10015971840,,,,
5827,10015509270,,,,
5828,10016306286,,,,
5829,10015973052,,,,
5830,10015992351,,,,
5831,10005713078,,,,
5832,10009148700,,,,
5833,10022863284,,,,
5834,10010738991,,,,
5835,10016138255,,,,
5836,10008983901,,,,
5837,10018131708,,,,
5838,10016096122,,,,
5839,10045481462,,,,
5840,10010173260,,,,
5841,10007055419,,,,
5842,10014481171,,,,
5843,10007360664,,,,
5844,10010920463,,,,
5845,10007907100,,,,
5846,10010719793,,,,
5847,10010092226,,,,
5848,10010719692,,,,
5849,10010184071,,,,
5850,10052433635,,,,
5851,10012438414,,,,
5852,10010607841,,,,
5853,10007049456,,,,
5854,10015455619,,,,
5855,10010604609,,,,
5856,10004813204,,,,
5857,10007357331,,,,
5858,10005986294,,,,
5859,10009976533,,,,
5860,10010754250,,,,
5861,10012940386,,,,
5862,10004593437,,,,
5863,10010865293,,,,
5864,10010195791,,,,
5865,10061382792,,,,
5866,10015972547,,,,
5867,10001478323,,,,
5868,10009677146,,,,
5869,10019240942,,,,
5870,10010170735,,,,
5871,10018676524,,,,
5872,10015785924,,,,
5873,10018055421,,,,
5874,10019059470,,,,
5875,10018091288,,,,
5876,10019456059,,,,
5877,10014516537,,,,
5878,10011401423,,,,
5879,10019319855,,,,
5880,10009013607,,,,
5881,10015786934,,,,
5882,10023922103,,,,
5883,10017934068,,,,
5884,10019378257,,,,
5885,10018226482,,,,
5886,10019171224,,,,
5887,10010632089,,,,
5888,10008914886,,,,
5889,10016144016,,,,
5890,10047420250,,,,
5891,10011356559,,,,
5892,10009677651,,,,
5893,10023460038,,,,
5894,10023551176,,,,
5895,10006582240,,,,
5896,10007759879,,,,
5897,10014949300,,,,
5898,10010204279,,,,
5899,10005692769,,,,
5900,10016305478,,,,
5901,10061336922,,,,
5902,10008016628,,,,
5903,10016023572,,,,
5904,10016023673,,,,
5905,10016023774,,,,
5906,10006178981,,,,
5907,10006717333,,,,
5908,10005922034,,,,
5909,10005736825,,,,
5910,10007240527,,,,
5911,10007501922,,,,
5912,10006322461,,,,
5913,10003253322,,,,
5914,10004792891,,,,
5915,10007229918,,,,
5916,10009136572,,,,
5917,10008899833,,,,
5918,10002733158,,,,
5919,10008995116,,,,
5920,10008629142,,,,
5921,10005343165,,,,
5922,10089627778,,,,
5923,10009706448,,,,
5924,10003202600,,,,
5925,10062591959,,,,
5926,10009115556,,,,
5927,10004720042,,,,
5928,10009201442,,,,
5929,10006547884,,,,
5930,10007461203,,,,
5931,10005742178,,,,
5932,10008191834,,,,
5933,10007508790,,,,
5934,10003349211,,,,
5935,10010936025,,,,
5936,10002452161,,,,
5937,10009774954,,,,
5938,10003166729,,,,
5939,10008943178,,,,
5940,10009669062,,,,
5941,10061440285,,,,
5942,10003042043,,,,
5943,10009814562,,,,
5944,10006696923,,,,
5945,10010743944,,,,
5946,10008955811,,,,
5947,10008969753,,,,
5948,10010717672,,,,
5949,10008634394,,,,
5950,10008979857,,,,
5951,10009125862,,,,
5952,10007234463,,,,
5953,10009194570,,,,
5954,10003223010,,,,
5955,10005480985,,,,
5956,10007821012,,,,
5957,10011080414,,,,
5958,10004709938,,,,
5959,10010676751,,,,
5960,10007729163,,,,
5961,10007731284,,,,
5962,10011069502,,,,
5963,10006918407,,,,
5964,10006879102,,,,
5965,10010163661,,,,
5966,10009727262,,,,
5967,10010915312,,,,
5968,10009834669,,,,
5969,10007252045,,,,
5970,10010096670,,,,
5971,10007891841,,,,
5972,10006481402,,,,
5973,10009487590,,,,
5974,10010683926,,,,
5975,10010599454,,,,
5976,10008984406,,,,
5977,10061405529,,,,
5978,10013879165,,,,
5979,10009490119,,,,
5980,10009322690,,,,
5981,10009514266,,,,
5982,10010848119,,,,
5983,10011170643,,,,
5984,10011170744,,,,
5985,10010578438,,,,
5986,10010917231,,,,
5987,10010917332,,,,
5988,10010917433,,,,
5989,10010917534,,,,
5990,10007809894,,,,
5991,10011045856,,,,
5992,10011051516,,,,
5993,10008939441,,,,
5994,10008967834,,,,
5995,10010718884,,,,
5996,10007734015,,,,
5997,10009681691,,,,
5998,10009498809,,,,
5999,10009523764,,,,
6000,10009385641,,,,
6001,10011051617,,,,
6002,10009084840,,,,
6003,10010856304,,,,
6004,10010920059,,,,
6005,10009014011,,,,
6006,10009363413,,,,
6007,10008665619,,,,
6008,10010604710,,,,
6009,10011045048,,,,
6010,10007874158,,,,
6011,10010176492,,,,
6012,10010872367,,,,
6013,10006632558,,,,
6014,10009495775,,,,
6015,10007897501,,,,
6016,10010919756,,,,
6017,10010921776,,,,
6018,10009213768,,,,
6019,10009818101,,,,
6020,10009049373,,,,
6021,10010872569,,,,
6022,10005763396,,,,
6023,10009495573,,,,
6024,10009709579,,,,
6025,10009709882,,,,
6026,10009724131,,,,
6027,10007896083,,,,
6028,10011056061,,,,
6029,10011030294,,,,
6030,10008942269,,,,
6031,10009791324,,,,
6032,10009855281,,,,
6033,10009087163,,,,
6034,10005441276,,,,
6035,10009990879,,,,
6036,10010089394,,,,
6037,10009348457,,,,
6038,10011045755,,,,
6039,10010921877,,,,
6040,10009577217,,,,
6041,10009867409,,,,
6042,10010639466,,,,
6043,10011079606,,,,
6044,10007890225,,,,
6045,10010091822,,,,
6046,10010922079,,,,
6047,10010588239,,,,
6048,10007891740,,,,
6049,10010661694,,,,
6050,10007265684,,,,
6051,10011055455,,,,
6052,10007223450,,,,
6053,10008910745,,,,
6054,10008928327,,,,
6055,10010084142,,,,
6056,10006800488,,,,
6057,10010165479,,,,
6058,10009338656,,,,
6059,10009321680,,,,
6060,10009431010,,,,
6061,10011025850,,,,
6062,10010607134,,,,
6063,10009349568,,,,
6064,10010579347,,,,
6065,10006179688,,,,
6066,10008977029,,,,
6067,10009684826,,,,
6068,10009737770,,,,
6069,10009737871,,,,
6070,10010589552,,,,
6071,10009037855,,,,
6072,10009226603,,,,
6073,10009676237,,,,
6074,10010578236,,,,
6075,10004786629,,,,
6076,10007237796,,,,
6077,10008905994,,,,
6078,10010722019,,,,
6079,10004720446,,,,
6080,10007528796,,,,
6081,10009230441,,,,
6082,10009860739,,,,
6083,10010839732,,,,
6084,10061253662,,,,
6085,10114232941,,,,
6086,10087537834,,,,
6087,10030566401,,,,
6088,10030162738,,,,
6089,10086591981,,,,
6090,10099104880,,,,
6091,10055293418,,,,
6092,10100390536,,,,
6093,10015268891,,,,
6094,10010745156,,,,
6095,10023704356,,,,
6096,10111419436,,,,
6097,10084699572,,,,
6098,10051903165,,,,
6099,10079221904,,,,
6100,10008597315,,,,
6101,10035373355,,,,
6102,10065535406,,,,
6103,10006407337,,,,
6104,10094612669,,,,
6105,10014867555,,,,
6106,10132000210,,,,
6107,10007758061,,,,
6108,10009383217,,,,
6109,10075938654,,,,
6110,10007974087,,,,
6111,10100095896,,,,
6112,10052858617,,,,
6113,10009014415,,,,
6114,10097664129,,,,
6115,10121919381,,,,
6116,10083590035,,,,
6117,10010647348,,,,
6118,10122187951,,,,
6119,10014929900,,,,
6120,10089581504,,,,
6121,10010175078,,,,
6122,10016128555,,,,
6123,10002480655,,,,
6124,10059641341,,,,
6125,10059233941,,,,
6126,10093607206,,,,
6127,10072420988,,,,
6128,10111080037,,,,
6129,10049043988,,,,
6130,10035339811,,,,
6131,10058403781,,,,
6132,10012221778,,,,
6133,10056549465,,,,
6134,10040407958,,,,
6135,10023442254,,,,
6136,10135523734,,,,
6137,10107620874,,,,
6138,10035459645,,,,
6139,10063777177,,,,
6140,10064420512,,,,
6141,10022831558,,,,
6142,10029276196,,,,
6143,10079225944,,,,
6144,10040733112,,,,
6145,10035327986,,,,
6146,10067251090,,,,
6147,10081173927,,,,
6148,10090836541,,,,
6149,10096121930,,,,
6150,10070430872,,,,
6151,10108300177,,,,
6152,10007295996,,,,
6153,10022817414,,,,
6154,10064096671,,,,
6155,10071544453,,,,
6156,10080650329,,,,
6157,10071521619,,,,
6158,10035456009,,,,
6159,10117766468,,,,
6160,10101727621,,,,
6161,10104304282,,,,
6162,10087773765,,,,
6163,10014238671,,,,
6164,10070807859,,,,
6165,10119081224,,,,
6166,10080286981,,,,
6167,10081910218,,,,
6168,10015241916,,,,
6169,10007994905,,,,
6170,10030079175,,,,
6171,10062060782,,,,
6172,10076700207,,,,
6173,10079372050,,,,
6174,10106971378,,,,
6175,10018666824,,,,
6176,10019010869,,,,
6177,10019339457,,,,
6178,10086691712,,,,
6179,10093679954,,,,
6180,10109960901,,,,
6181,10110087607,,,,
6182,10120407494,,,,
6183,10122622835,,,,
6184,10123115515,,,,
6185,10065825800,,,,
6186,10066969184,,,,
6187,10131575632,,,,
6188,10119992923,,,,
6189,10014882006,,,,
6190,10085536604,,,,
6191,10131639589,,,,
6192,10105150408,,,,
6193,10079275050,,,,
6194,10022692627,,,,
6195,10004798248,,,,
6196,10101710241,,,,
6197,10023337170,,,,
6198,10104384815,,,,
6199,10090680432,,,,
6200,10005634771,,,,
6201,10092467757,,,,
6202,10109681924,,,,
6203,10005444108,,,,
6204,10112003355,,,,
6205,10083093012,,,,
6206,10022681311,,,,
6207,10091528473,,,,
6208,10014500773,,,,
6209,10065282293,,,,
6210,10054790331,,,,
6211,10046131564,,,,
6212,10007743109,,,,
6213,10016283856,,,,
6214,10084499411,,,,
6215,10120263210,,,,
6216,10050230725,,,,
6217,10015920108,,,,
6218,10009432323,,,,
6219,10055306451,,,,
6220,10011886524,,,,
6221,10052434948,,,,
6222,10120543803,,,,
6223,10045848850,,,,
6224,10065715460,,,,
6225,10119837622,,,,
6226,10009998761,,,,
6227,10076742138,,,,
6228,10035343043,,,,
6229,10120543702,,,,
6230,10092084407,,,,
6231,10030325719,,,,
6232,10120543904,,,,
6233,10030250139,,,,
6234,10035411044,,,,
6235,10014475414,,,,
6236,10036104592,,,,
6237,10038051060,,,,
6238,10084250746,,,,
6239,10096811842,,,,
6240,10065728695,,,,
6241,10014525025,,,,
6242,10030334207,,,,
6243,10079567363,,,,
6244,10002057087,,,,
6245,10028862534,,,,
6246,10107036652,,,,
6247,10036037605,,,,
6248,10007909322,,,,
6249,10014586255,,,,
6250,10060599520,,,,
6251,10062141416,,,,
6252,10052265095,,,,
6253,10015331842,,,,
6254,10008919031,,,,
6255,10005990136,,,,
6256,10089240182,,,,
6257,10010178415,,,,
6258,10035271911,,,,
6259,10048200189,,,,
6260,10009570143,,,,
6261,10009310061,,,,
6262,10010795070,,,,
6263,10016009327,,,,
6264,10053800022,,,,
6265,10008656323,,,,
6266,10083745538,,,,
6267,10006987418,,,,
6268,10050237896,,,,
6269,10015281524,,,,
6270,10064645935,,,,
6271,10050531021,,,,
6272,10014991837,,,,
6273,10009324714,,,,
6274,10067246848,,,,
6275,10050089164,,,,
6276,10007156762,,,,
6277,10050227388,,,,
6278,10006492112,,,,
6279,10049864448,,,,
6280,10010163055,,,,
6281,10014385585,,,,
6282,10008088568,,,,
6283,10015543828,,,,
6284,10011160236,,,,
6285,10010992609,,,,
6286,10051434838,,,,
6287,10023977370,,,,
6288,10056107410,,,,
6289,10005473915,,,,
6290,10021954114,,,,
6291,10052081708,,,,
6292,10014918378,,,,
6293,10036365179,,,,
6294,10007185660,,,,
6295,10023858950,,,,
6296,10016518575,,,,
6297,10034993439,,,,
6298,10015726108,,,,
6299,10007791508,,,,
6300,10023673034,,,,
6301,10023881885,,,,
6302,10052090394,,,,
6303,10053192659,,,,
6304,10018181117,,,,
6305,10060981557,,,,
6306,10011045553,,,,
6307,10009696950,,,,
6308,10035450147,,,,
6309,10007692989,,,,
6310,10008916203,,,,
6311,10009716350,,,,
6312,10076388591,,,,
6313,10001479333,,,,
6314,10008884776,,,,
6315,10009225185,,,,
6316,10015256969,,,,
6317,10002895533,,,,
6318,10087536016,,,,
6319,10006656406,,,,
6320,10008919738,,,,
6321,10009680378,,,,
6322,10016337814,,,,
6323,10015350030,,,,
6324,10007893457,,,,
6325,10035541588,,,,
6326,10009574486,,,,
6327,10008990971,,,,
6328,10008683605,,,,
6329,10010587431,,,,
6330,10006903148,,,,
6331,10015508765,,,,
6332,10055945742,,,,
6333,10006895367,,,,
6334,10023963529,,,,
6335,10055119929,,,,
6336,10016106327,,,,
6337,10005454212,,,,
6338,10083138377,,,,
6339,10013406895,,,,
6340,10051715633,,,,
6341,10014328500,,,,
6342,10015877567,,,,
6343,10064646440,,,,
6344,10060097443,,,,
6345,10007773421,,,,
6346,10061155652,,,,
6347,10015979318,,,,
6348,10020790619,,,,
6349,10060120782,,,,
6350,10016111377,,,,
6351,10016221313,,,,
6352,10085180027,,,,
6353,10016132700,,,,
6354,10005584150,,,,
6355,10002992331,,,,
6356,10009486378,,,,
6357,10040991271,,,,
6358,10023870771,,,,
6359,10077500960,,,,
6360,10023708703,,,,
6361,10023860263,,,,
6362,10016233336,,,,
6363,10023833183,,,,
6364,10023831668,,,,
6365,10021932892,,,,
6366,10034975756,,,,
6367,10010168008,,,,
6368,10014015167,,,,
6369,10056169448,,,,
6370,10078816524,,,,
6371,10078808238,,,,
6372,10007997228,,,,
6373,10006286590,,,,
6374,10035340922,,,,
6375,10014796625,,,,
6376,10064767991,,,,
6377,10034894621,,,,
6378,10002510563,,,,
6379,10002722347,,,,
6380,10016300529,,,,
6381,10034940289,,,,
6382,10005574349,,,,
6383,10012591287,,,,
6384,10012448417,,,,
6385,10067682338,,,,
6386,10076263909,,,,
6387,10016297495,,,,
6388,10015764605,,,,
6389,10006303667,,,,
6390,10005601429,,,,
6391,10006494132,,,,
6392,10067661221,,,,
6393,10004563327,,,,
6394,10005973059,,,,
6395,10008666528,,,,
6396,10006717232,,,,
6397,10010879744,,,,
6398,10062645008,,,,
6399,10009210233,,,,
6400,10015145219,,,,
6401,10009353612,,,,
6402,10009080594,,,,
6403,10002836626,,,,
6404,10006884455,,,,
6405,10003036686,,,,
6406,10009352396,,,,
6407,10007207989,,,,
6408,10009671890,,,,
6409,10008649249,,,,
6410,10001462155,,,,
6411,10064754554,,,,
6412,10003330114,,,,
6413,10007209407,,,,
6414,10064741218,,,,
6415,10023528140,,,,
6416,10006587391,,,,
6417,10008681379,,,,
6418,10015979924,,,,
6419,10009978553,,,,
6420,10010179526,,,,
6421,10023467213,,,,
6422,10013562095,,,,
6423,10022722030,,,,
6424,10044603210,,,,
6425,10007891134,,,,
6426,10015247875,,,,
6427,10005877069,,,,
6428,10064740915,,,,
6429,10016095920,,,,
6430,10015907475,,,,
6431,10015391052,,,,
6432,10035270392,,,,
6433,10064741016,,,,
6434,10010781633,,,,
6435,10009002287,,,,
6436,10051519310,,,,
6437,10009500223,,,,
6438,10007063604,,,,
6439,10006570015,,,,
6440,10015397520,,,,
6441,10006569813,,,,
6442,10015506139,,,,
6443,10011239654,,,,
6444,10004592730,,,,
6445,10006581735,,,,
6446,10014813294,,,,
6447,10010166994,,,,
6448,10015710142,,,,
6449,10023466708,,,,
6450,10006064302,,,,
6451,10004778141,,,,
6452,10049511511,,,,
6453,10064137390,,,,
6454,10015067922,,,,
6455,10062701487,,,,
6456,10009156073,,,,
6457,10009212253,,,,
6458,10010871963,,,,
6459,10015244441,,,,
6460,10063688867,,,,
6461,10010835991,,,,
6462,10015538774,,,,
6463,10004718123,,,,
6464,10053825381,,,,
6465,10015571817,,,,
6466,10009993711,,,,
6467,10010672711,,,,
6468,10007909625,,,,
6469,10023458321,,,,
6470,10007988942,,,,
6471,10008975009,,,,
6472,10004522507,,,,
6473,10065462957,,,,
6474,10006253450,,,,
6475,10023527635,,,,
6476,10004174014,,,,
6477,10016034181,,,,
6478,10014972538,,,,
6479,10006644783,,,,
6480,10034980507,,,,
6481,10050983180,,,,
6482,10015321132,,,,
6483,10010180536,,,,
6484,10010753745,,,,
6485,10015958504,,,,
6486,10009047353,,,,
6487,10015958706,,,,
6488,10007947112,,,,
6489,10007766347,,,,
6490,10002264023,,,,
6491,10008930347,,,,
6492,10008635408,,,,
6493,10006480388,,,,
6494,10008697648,,,,
6495,10061297011,,,,
6496,10007224056,,,,
6497,10006479782,,,,
6498,10007897905,,,,
6499,10007256590,,,,
6500,10006633871,,,,
6501,10010774054,,,,
6502,10007293269,,,,
6503,10004819264,,,,
6504,10009516589,,,,
6505,10002696782,,,,
6506,10006079153,,,,
6507,10003206741,,,,
6508,10079277979,,,,
6509,10004880191,,,,
6510,10052265604,,,,
6511,10009095954,,,,
6512,10005797247,,,,
6513,10009719380,,,,
6514,10008951363,,,,
6515,10003300004,,,,
6516,10001072943,,,,
6517,10015505028,,,,
6518,10009317034,,,,
6519,10005865248,,,,
6520,10006466850,,,,
6521,10061230626,,,,
6522,10061278419,,,,
6523,10016101475,,,,
6524,10010180637,,,,
6525,10002735178,,,,
6526,10010086364,,,,
6527,10010002300,,,,
6528,10061392593,,,,
6529,10050421792,,,,
6530,10009228118,,,,
6531,10007499494,,,,
6532,10010958657,,,,
6533,10013927362,,,,
6534,10009004513,,,,
6535,10061382994,,,,
6536,10010794060,,,,
6537,10002751346,,,,
6538,10010723938,,,,
6539,10011022820,,,,
6540,10007728153,,,,
6541,10050321459,,,,
6542,10009087870,,,,
6543,10009967944,,,,
6544,10009046747,,,,
6545,10006074204,,,,
6546,10008712402,,,,
6547,10007966613,,,,
6548,10012345656,,,,
6549,10049192724,,,,
6550,10008907917,,,,
6551,10009993408,,,,
6552,10009817087,,,,
6553,10007065119,,,,
6554,10015912226,,,,
6555,10006467961,,,,
6556,10061384008,,,,
6557,10008959043,,,,
6558,10016563136,,,,
6559,10015242118,,,,
6560,10015957591,,,,
6561,10010109707,,,,
6562,10004776121,,,,
6563,10028417041,,,,
6564,10004404790,,,,
6565,10016101071,,,,
6566,10008704621,,,,
6567,10015007803,,,,
6568,10006472712,,,,
6569,10007523140,,,,
6570,10014168650,,,,
6571,10007894164,,,,
6572,10009178305,,,,
6573,10009868520,,,,
6574,10016193021,,,,
6575,10011142149,,,,
6576,10006067332,,,,
6577,10006556069,,,,
6578,10007582350,,,,
6579,10010199633,,,,
6580,10011024234,,,,
6581,10009371800,,,,
6582,10009638043,,,,
6583,10003267769,,,,
6584,10009488806,,,,
6585,10004572118,,,,
6586,10009497391,,,,
6587,10009376850,,,,
6588,10016138558,,,,
6589,10005430768,,,,
6590,10008818900,,,,
6591,10014704877,,,,
6592,10010965630,,,,
6593,10009689876,,,,
6594,10016328215,,,,
6595,10009010270,,,,
6596,10009495472,,,,
6597,10002318886,,,,
6598,10010807602,,,,
6599,10009508509,,,,
6600,10007795043,,,,
6601,10005597688,,,,
6602,10005825135,,,,
6603,10016015084,,,,
6604,10007504649,,,,
6605,10009547915,,,,
6606,10008657434,,,,
6607,10014021938,,,,
6608,10013788633,,,,
6609,10029574573,,,,
6610,10010753139,,,,
6611,10016208781,,,,
6612,10016208680,,,,
6613,10009974816,,,,
6614,10014068923,,,,
6615,10006423303,,,,
6616,10015411563,,,,
6617,10010787289,,,,
6618,10061319946,,,,
6619,10007774128,,,,
6620,10010174674,,,,
6621,10011207827,,,,
6622,10011207928,,,,
6623,10011209544,,,,
6624,10004572825,,,,
6625,10009890445,,,,
6626,10015958807,,,,
6627,10006903855,,,,
6628,10011990190,,,,
6629,10008960861,,,,
6630,10010791636,,,,
6631,10016323868,,,,
6632,10009635013,,,,
6633,10010991292,,,,
6634,10016135629,,,,
6635,10011168320,,,,
6636,10009140313,,,,
6637,10044727286,,,,
6638,10007707844,,,,
6639,10010129309,,,,
6640,10015850588,,,,
6641,10061355312,,,,
6642,10009435858,,,,
6643,10010894595,,,,
6644,10009994216,,,,
6645,10009994317,,,,
6646,10009994923,,,,
6647,10009722111,,,,
6648,10009735245,,,,
6649,10061420885,,,,
6650,10005575359,,,,
6651,10007776451,,,,
6652,10010172048,,,,
6653,10010861657,,,,
6654,10006097341,,,,
6655,10006600630,,,,
6656,10009696344,,,,
6657,10010174876,,,,
6658,10061471308,,,,
6659,10008856686,,,,
6660,10009808296,,,,
6661,10009860840,,,,
6662,10010723837,,,,
6663,10010079189,,,,
6664,10010927840,,,,
6665,10016220808,,,,
6666,10004707918,,,,
6667,10009986031,,,,
6668,10006484533,,,,
6669,10002444986,,,,
6670,10002748821,,,,
6671,10007229817,,,,
6672,10008885079,,,,
6673,10009037552,,,,
6674,10010112939,,,,
6675,10011171451,,,,
6676,10011138614,,,,
6677,10008995015,,,,
6678,10048838470,,,,
6679,10061468577,,,,
6680,10015185130,,,,
6681,10001544708,,,,
6682,10004716507,,,,
6683,10002071841,,,,
6684,10009502546,,,,
6685,10003253221,,,,
6686,10009577318,,,,
6687,10010092428,,,,
6688,10010854280,,,,
6689,10010089293,,,,
6690,10006415623,,,,
6691,10006661355,,,,
6692,10010581165,,,,
6693,10009503152,,,,
6694,10008904782,,,,
6695,10007457664,,,,
6696,10009505475,,,,
6697,10006656608,,,,
6698,10001442250,,,,
6699,10010590865,,,,
6700,10007264876,,,,
6701,10009415751,,,,
6702,10004872313,,,,
6703,10006303465,,,,
6704,10009134754,,,,
6705,10008926206,,,,
6706,10061467062,,,,
6707,10008976625,,,,
6708,10007250328,,,,
6709,10010108794,,,,
6710,10010094145,,,,
6711,10010608245,,,,
6712,10006893145,,,,
6713,10008976221,,,,
6714,10010618147,,,,
6715,10006146245,,,,
6716,10010839429,,,,
6717,10009144858,,,,
6718,10011072431,,,,
6719,10051337535,,,,
6720,10009189015,,,,
6721,10008200019,,,,
6722,10008982988,,,,
6723,10006646302,,,,
6724,10002522081,,,,
6725,10009688765,,,,
6726,10061473328,,,,
6727,10009501334,,,,
6728,10009189823,,,,
6729,10003203812,,,,
6730,10009190429,,,,
6731,10006586684,,,,
6732,10009306223,,,,
6733,10006360352,,,,
6734,10004749546,,,,
6735,10010795878,,,,
6736,10005826347,,,,
6737,10007750583,,,,
6738,10010163560,,,,
6739,10009104543,,,,
6740,10009503253,,,,
6741,10014020928,,,,
6742,10005511200,,,,
6743,10004595457,,,,
6744,10006384196,,,,
6745,10009993509,,,,
6746,10011045351,,,,
6747,10009234784,,,,
6748,10011078491,,,,
6749,10009117172,,,,
6750,10009793142,,,,
6751,10009072211,,,,
6752,10009402011,,,,
6753,10009147585,,,,
6754,10007502528,,,,
6755,10002244623,,,,
6756,10010882168,,,,
6757,10003035777,,,,
6758,10004780464,,,,
6759,10006555867,,,,
6760,10001580171,,,,
6761,10009055134,,,,
6762,10010618248,,,,
6763,10009701701,,,,
6764,10005961238,,,,
6765,10008109281,,,,
6766,10003388516,,,,
6767,10005787749,,,,
6768,10009055437,,,,
6769,10007297111,,,,
6770,10009739689,,,,
6771,10010783249,,,,
6772,10010083435,,,,
6773,10004508157,,,,
6774,10009571961,,,,
6775,10009231047,,,,
6776,10009740194,,,,
6777,10007524857,,,,
6778,10009211647,,,,
6779,10009774449,,,,
6780,10009157790,,,,
6781,10010872771,,,,
6782,10004808352,,,,
6783,10007750179,,,,
6784,10061396839,,,,
6785,10010002805,,,,
6786,10007749977,,,,
6787,10007890629,,,,
6788,10006481301,,,,
6789,10009716653,,,,
6790,10009330572,,,,
6791,10009147888,,,,
6792,10007771195,,,,
6793,10010089495,,,,
6794,10010092529,,,,
6795,10006327818,,,,
6796,10009193964,,,,
6797,10009259642,,,,
6798,10006605276,,,,
6799,10034915637,,,,
6800,10010586724,,,,
6801,10011038782,,,,
6802,10003172688,,,,
6803,10010088485,,,,
6804,10010097983,,,,
6805,10007790696,,,,
6806,10009201341,,,,
6807,10009007846,,,,
6808,10009512246,,,,
6809,10010605215,,,,
6810,10008986325,,,,
6811,10010787188,,,,
6812,10074846695,,,,
6813,10009319660,,,,
6814,10010657553,,,,
6815,10009104442,,,,
6816,10009494058,,,,
6817,10001465387,,,,
6818,10007051577,,,,
6819,10008997540,,,,
6820,10006466749,,,,
6821,10010980784,,,,
6822,10008692800,,,,
6823,10010741722,,,,
6824,10011031611,,,,
6825,10011045957,,,,
6826,10011046260,,,,
6827,10008659252,,,,
6828,10010739496,,,,
6829,10061404822,,,,
6830,10006303869,,,,
6831,10006988731,,,,
6832,10009739083,,,,
6833,10009871146,,,,
6834,10008968541,,,,
6835,10009030882,,,,
6836,10009031690,,,,
6837,10009226296,,,,
6838,10009238727,,,,
6839,10009723424,,,,
6840,10010929759,,,,
6841,10009301775,,,,
6842,10006522525,,,,
6843,10009035128,,,,
6844,10009400593,,,,
6845,10088683646,,,,
6846,10111998204,,,,
6847,10080143505,,,,
6848,10006032168,,,,
6849,10123467442,,,,
6850,10109357881,,,,
6851,10127200932,,,,
6852,10069353263,,,,
6853,10016351655,,,,
6854,10007225975,,,,
6855,10054329579,,,,
6856,10066511062,,,,
6857,10107619561,,,,
6858,10114777656,,,,
6859,10006898704,,,,
6860,10111052957,,,,
6861,10092095824,,,,
6862,10064947948,,,,
6863,10044354141,,,,
6864,10095244179,,,,
6865,10082761996,,,,
6866,10096909044,,,,
6867,10135695809,,,,
6868,10107618147,,,,
6869,10053692009,,,,
6870,10123479667,,,,
6871,10050949333,,,,
6872,10108608254,,,,
6873,10065049594,,,,
6874,10089579884,,,,
6875,10052888222,,,,
6876,10012876328,,,,
6877,10135696819,,,,
6878,10014569885,,,,
6879,10053237321,,,,
6880,10007524049,,,,
6881,10133201491,,,,
6882,10056225628,,,,
6883,10135697324,,,,
6884,10106858921,,,,
6885,10106829518,,,,
6886,10107621076,,,,
6887,10059705706,,,,
6888,10092837771,,,,
6889,10009678863,,,,
6890,10097382223,,,,
6891,10035359918,,,,
6892,10133198562,,,,
6893,10023827830,,,,
6894,10121916048,,,,
6895,10009518512,,,,
6896,10096386355,,,,
6897,10003477937,,,,
6898,10050564565,,,,
6899,10017925681,,,,
6900,10082577595,,,,
6901,10096731212,,,,
6902,10131726586,,,,
6903,10067790553,,,,
6904,10115010759,,,,
6905,10016105923,,,,
6906,10084085139,,,,
6907,10079375282,,,,
6908,10085000474,,,,
6909,10077454581,,,,
6910,10049194441,,,,
6911,10023236534,,,,
6912,10023500555,,,,
6913,10050525563,,,,
6914,10011112140,,,,
6915,10027206662,,,,
6916,10060898095,,,,
6917,10063642993,,,,
6918,10008714018,,,,
6919,10049713591,,,,
6920,10077652726,,,,
6921,10007216073,,,,
6922,10083112917,,,,
6923,10045824703,,,,
6924,10096811539,,,,
6925,10021014022,,,,
6926,10011856515,,,,
6927,10016292243,,,,
6928,10083922764,,,,
6929,10080715603,,,,
6930,10063226402,,,,
6931,10011099006,,,,
6932,10062526988,,,,
6933,10064300876,,,,
6934,10068351739,,,,
6935,10084061800,,,,
6936,10095826280,,,,
6937,10078258671,,,,
6938,10109372130,,,,
6939,10096779207,,,,
6940,10097390408,,,,
6941,10109554208,,,,
6942,10089593830,,,,
6943,10097382324,,,,
6944,10085025332,,,,
6945,10092323368,,,,
6946,10030672390,,,,
6947,10087309983,,,,
6948,10109373342,,,,
6949,10053904500,,,,
6950,10030102215,,,,
6951,10014684871,,,,
6952,10067207745,,,,
6953,10034963935,,,,
6954,10072676929,,,,
6955,10056058102,,,,
6956,10016572129,,,,
6957,10001091333,,,,
6958,10048522414,,,,
6959,10016152504,,,,
6960,10002462770,,,,
6961,10015763692,,,,
6962,10051337838,,,,
6963,10013900888,,,,
6964,10064236515,,,,
6965,10006480691,,,,
6966,10023501363,,,,
6967,10006479681,,,,
6968,10014569986,,,,
6969,10040902557,,,,
6970,10006082183,,,,
6971,10015909495,,,,
6972,10053538526,,,,
6973,10045776506,,,,
6974,10050080575,,,,
6975,10097389394,,,,
6976,10050077040,,,,
6977,10097390509,,,,
6978,10071589115,,,,
6979,10097390610,,,,
6980,10011543788,,,,
6981,10083861736,,,,
6982,10025451063,,,,
6983,10011475181,,,,
6984,10049864347,,,,
6985,10064124155,,,,
6986,10014375380,,,,
6987,10023924729,,,,
6988,10075477805,,,,
6989,10080753793,,,,
6990,10014186434,,,,
6991,10095105652,,,,
6992,10023527332,,,,
6993,10010597838,,,,
6994,10015332852,,,,
6995,10035371941,,,,
6996,10014628489,,,,
6997,10060600530,,,,
6998,10045801562,,,,
6999,10060058643,,,,
7000,10060575672,,,,
7001,10005067626,,,,
7002,10008687746,,,,
7003,10013394569,,,,
7004,10050432203,,,,
7005,10062738469,,,,
7006,10054808014,,,,
7007,10077621707,,,,
7008,10072878811,,,,
7009,10007293370,,,,
7010,10063593281,,,,
7011,10006453918,,,,
7012,10021708378,,,,
7013,10004503915,,,,
7014,10015605361,,,,
7015,10015032758,,,,
7016,10023893104,,,,
7017,10019414229,,,,
7018,10009368867,,,,
7019,10077992832,,,,
7020,10008940653,,,,
7021,10050432910,,,,
7022,10014676686,,,,
7023,10015860389,,,,
7024,10011164882,,,,
7025,10009520128,,,,
7026,10034869157,,,,
7027,10010735557,,,,
7028,10075184579,,,,
7029,10009502445,,,,
7030,10025569887,,,,
7031,10010003209,,,,
7032,10026096216,,,,
7033,10015871103,,,,
7034,10079277676,,,,
7035,10008011069,,,,
7036,10073673807,,,,
7037,10063465767,,,,
7038,10010163257,,,,
7039,10021426068,,,,
7040,10010791434,,,,
7041,10009340878,,,,
7042,10023543500,,,,
7043,10010184374,,,,
7044,10053129308,,,,
7045,10052274492,,,,
7046,10010807194,,,,
7047,10010934409,,,,
7048,10009857002,,,,
7049,10011202167,,,,
7050,10071486253,,,,
7051,10010784158,,,,
7052,10036586966,,,,
7053,10010773650,,,,
7054,10009532454,,,,
7055,10009211344,,,,
7056,10064741117,,,,
7057,10011154374,,,,
7058,10013688906,,,,
7059,10015391153,,,,
7060,10009667345,,,,
7061,10071486556,,,,
7062,10010167095,,,,
7063,10023945947,,,,
7064,10011172158,,,,
7065,10015527963,,,,
7066,10015146431,,,,
7067,10010700090,,,,
7068,10009637235,,,,
7069,10023502777,,,,
7070,10007079970,,,,
7071,10014016177,,,,
7072,10061260635,,,,
7073,10005897378,,,,
7074,10009987142,,,,
7075,10005961339,,,,
7076,10016282644,,,,
7077,10009629858,,,,
7078,10009027953,,,,
7079,10010675236,,,,
7080,10009501637,,,,
7081,10009067561,,,,
7082,10014432974,,,,
7083,10011207625,,,,
7084,10002165003,,,,
7085,10061348844,,,,
7086,10015372662,,,,
7087,10015972345,,,,
7088,10010962903,,,,
7089,10016220707,,,,
7090,10014045984,,,,
7091,10015643656,,,,
7092,10006501307,,,,
7093,10007764125,,,,
7094,10007052385,,,,
7095,10014615759,,,,
7096,10018110789,,,,
7097,10011140735,,,,
7098,10005826751,,,,
7099,10009865688,,,,
7100,10015145017,,,,
7101,10010173462,,,,
7102,10015971739,,,,
7103,10016209185,,,,
7104,10010179728,,,,
7105,10009730090,,,,
7106,10009485368,,,,
7107,10052786269,,,,
7108,10023899164,,,,
7109,10010187711,,,,
7110,10010188317,,,,
7111,10009158905,,,,
7112,10053242068,,,,
7113,10015265962,,,,
7114,10061301556,,,,
7115,10012305644,,,,
7116,10015966685,,,,
7117,10015971537,,,,
7118,10015972951,,,,
7119,10015973153,,,,
7120,10015063070,,,,
7121,10016082176,,,,
7122,10061249218,,,,
7123,10061349854,,,,
7124,10061350056,,,,
7125,10061350157,,,,
7126,10011142957,,,,
7127,10008936411,,,,
7128,10015386709,,,,
7129,10006072180,,,,
7130,10008719876,,,,
7131,10014681942,,,,
7132,10003048814,,,,
7133,10011206312,,,,
7134,10007229514,,,,
7135,10008660969,,,,
7136,10009639356,,,,
7137,10050196672,,,,
7138,10010182253,,,,
7139,10008713715,,,,
7140,10002675059,,,,
7141,10008951161,,,,
7142,10005474420,,,,
7143,10049183832,,,,
7144,10007407144,,,,
7145,10002442865,,,,
7146,10007052486,,,,
7147,10009671385,,,,
7148,10006059652,,,,
7149,10003378210,,,,
7150,10010746166,,,,
7151,10005969928,,,,
7152,10010828214,,,,
7153,10005415816,,,,
7154,10010934106,,,,
7155,10010639163,,,,
7156,10010930668,,,,
7157,10008961063,,,,
7158,10004713978,,,,
7159,10007846573,,,,
7160,10010820534,,,,
7161,10010820635,,,,
7162,10010643914,,,,
7163,10010083233,,,,
7164,10005626384,,,,
7165,10006307711,,,,
7166,10010736264,,,,
7167,10010195185,,,,
7168,10010736870,,,,
7169,10010833163,,,,
7170,10010745762,,,,
7171,10009158703,,,,
7172,10010741621,,,,
7173,10009352905,,,,
7174,10009303593,,,,
7175,10009592674,,,,
7176,10010588643,,,,
7177,10009212152,,,,
7178,10009818202,,,,
7179,10008735539,,,,
7180,10010839631,,,,
7181,10010586320,,,,
7182,10006885263,,,,
7183,10006843130,,,,
7184,10004625567,,,,
7185,10007723002,,,,
7186,10008942673,,,,
7187,10009693213,,,,
7188,10011032520,,,,
7189,10002998694,,,,
7190,10010099906,,,,
7191,10009988657,,,,
7192,10010091519,,,,
7193,10008970561,,,,
7194,10010660078,,,,
7195,10010861152,,,,
7196,10009332996,,,,
7197,10010659977,,,,
7198,10010690794,,,,
7199,10010856506,,,,
7200,10010897023,,,,
7201,10010820736,,,,
7202,10010820837,,,,
7203,10010821039,,,,
7204,10008967733,,,,
7205,10007809288,,,,
7206,10007062893,,,,
7207,10010681502,,,,
7208,10006271133,,,,
7209,10010173058,,,,
7210,10002234620,,,,
7211,10007950041,,,,
7212,10010584300,,,,
7213,10061264877,,,,
7214,10005885557,,,,
7215,10007808177,,,,
7216,10009689068,,,,
7217,10010926527,,,,
7218,10005527364,,,,
7219,10009228421,,,,
7220,10010919857,,,,
7221,10010816591,,,,
7222,10010838520,,,,
7223,10010838621,,,,
7224,10009253376,,,,
7225,10009531242,,,,
7226,10010639668,,,,
7227,10010639769,,,,
7228,10010676145,,,,
7229,10010676549,,,,
7230,10010689279,,,,
7231,10010934813,,,,
7232,10010935419,,,,
7233,10061405630,,,,
7234,10009164056,,,,
7235,10065356257,,,,
7236,10085846394,,,,
7237,10051964803,,,,
7238,10052570344,,,,
7239,10036143392,,,,
7240,10036120962,,,,
7241,10090353460,,,,
7242,10010130218,,,,
7243,10066000905,,,,
7244,10097862573,,,,
7245,10036589087,,,,
7246,10049073391,,,,
7247,10130394252,,,,
7248,10020071102,,,,
7249,10077005755,,,,
7250,10016784923,,,,
7251,10130136190,,,,
7252,10010996144,,,,
7253,10009895394,,,,
7254,10097163163,,,,
7255,10045822780,,,,
7256,10119469527,,,,
7257,10050444428,,,,
7258,10006999239,,,,
7259,10079996991,,,,
7260,10064275820,,,,
7261,10062667034,,,,
7262,10107635022,,,,
7263,10034787214,,,,
7264,10010828416,,,,
7265,10050712691,,,,
7266,10016202317,,,,
7267,10005675692,,,,
7268,10083992987,,,,
7269,10082957818,,,,
7270,10117388875,,,,
7271,10054150838,,,,
7272,10083975712,,,,
7273,10050585682,,,,
7274,10097451840,,,,
7275,10093142717,,,,
7276,10008683100,,,,
7277,10137037540,,,,
7278,10016323464,,,,
7279,10105199009,,,,
7280,10011002208,,,,
7281,10066831364,,,,
7282,10114489989,,,,
7283,10008520927,,,,
7284,10016242834,,,,
7285,10074586415,,,,
7286,10060749767,,,,
7287,10085061405,,,,
7288,10078824911,,,,
7289,10015332246,,,,
7290,10017629025,,,,
7291,10093538090,,,,
7292,10080080554,,,,
7293,10082545970,,,,
7294,10096318253,,,,
7295,10115010860,,,,
7296,10120781249,,,,
7297,10092878894,,,,
7298,10023235019,,,,
7299,10120703447,,,,
7300,10003726396,,,,
7301,10096750208,,,,
7302,10123469866,,,,
7303,10053564592,,,,
7304,10114912446,,,,
7305,10064294311,,,,
7306,10096553275,,,,
7307,10123469967,,,,
7308,10123470068,,,,
7309,10084013195,,,,
7310,10086778002,,,,
7311,10048858880,,,,
7312,10016178065,,,,
7313,10062662990,,,,
7314,10007388350,,,,
7315,10113649224,,,,
7316,10083861130,,,,
7317,10016027111,,,,
7318,10009738275,,,,
7319,10109632010,,,,
7320,10107557725,,,,
7321,10035348905,,,,
7322,10041027647,,,,
7323,10097407885,,,,
7324,10047307991,,,,
7325,10021406163,,,,
7326,10010196094,,,,
7327,10096485981,,,,
7328,10011415163,,,,
7329,10114945081,,,,
7330,10096874991,,,,
7331,10008977635,,,,
7332,10058818255,,,,
7333,10058821184,,,,
7334,10050585379,,,,
7335,10015794412,,,,
7336,10050535869,,,,
7337,10021042011,,,,
7338,10120544005,,,,
7339,10079044270,,,,
7340,10052886808,,,,
7341,10025170369,,,,
7342,10111754387,,,,
7343,10050618220,,,,
7344,10002461659,,,,
7345,10050731687,,,,
7346,10064295523,,,,
7347,10035361130,,,,
7348,10006468870,,,,
7349,10089837643,,,,
7350,10096589045,,,,
7351,10062122319,,,,
7352,10006600428,,,,
7353,10008653996,,,,
7354,10007897396,,,,
7355,10010100209,,,,
7356,10028363184,,,,
7357,10023346466,,,,
7358,10063375336,,,,
7359,10014617375,,,,
7360,10015595762,,,,
7361,10009671789,,,,
7362,10087834086,,,,
7363,10061709966,,,,
7364,10008880938,,,,
7365,10036110050,,,,
7366,10011232580,,,,
7367,10083931353,,,,
7368,10035417613,,,,
7369,10021493665,,,,
7370,10060471602,,,,
7371,10074822144,,,,
7372,10084276513,,,,
7373,10005795227,,,,
7374,10055722642,,,,
7375,10060012870,,,,
7376,10011136994,,,,
7377,10048854941,,,,
7378,10009225286,,,,
7379,10015971941,,,,
7380,10064358268,,,,
7381,10050716432,,,,
7382,10021860144,,,,
7383,10004707009,,,,
7384,10080933649,,,,
7385,10017730267,,,,
7386,10084791017,,,,
7387,10007124733,,,,
7388,10060875766,,,,
7389,10084477987,,,,
7390,10050431492,,,,
7391,10046072859,,,,
7392,10009992293,,,,
7393,10018937818,,,,
7394,10010805477,,,,
7395,10009700283,,,,
7396,10012780035,,,,
7397,10007397444,,,,
7398,10044202678,,,,
7399,10082672373,,,,
7400,10013907861,,,,
7401,10010736163,,,,
7402,10012730828,,,,
7403,10007517985,,,,
7404,10007079566,,,,
7405,10007998339,,,,
7406,10045970607,,,,
7407,10020944607,,,,
7408,10023855718,,,,
7409,10063952080,,,,
7410,10068246756,,,,
7411,10064297543,,,,
7412,10068246857,,,,
7413,10038897586,,,,
7414,10034894722,,,,
7415,10066470444,,,,
7416,10006656002,,,,
7417,10084276614,,,,
7418,10076572689,,,,
7419,10084276715,,,,
7420,10078907157,,,,
7421,10084276816,,,,
7422,10052359166,,,,
7423,10018983385,,,,
7424,10022002513,,,,
7425,10008002278,,,,
7426,10014250795,,,,
7427,10008019153,,,,
7428,10006808673,,,,
7429,10054589863,,,,
7430,10011462653,,,,
7431,10010087172,,,,
7432,10015853117,,,,
7433,10009200129,,,,
7434,10015084591,,,,
7435,10006693283,,,,
7436,10011106682,,,,
7437,10063593988,,,,
7438,10059042567,,,,
7439,10054046057,,,,
7440,10060815243,,,,
7441,10004488959,,,,
7442,10006156955,,,,
7443,10020860741,,,,
7444,10011267845,,,,
7445,10023466405,,,,
7446,10021314217,,,,
7447,10016208579,,,,
7448,10021151842,,,,
7449,10021553077,,,,
7450,10007766953,,,,
7451,10064190540,,,,
7452,10005873534,,,,
7453,10020970269,,,,
7454,10019321774,,,,
7455,10021162249,,,,
7456,10021486187,,,,
7457,10009367453,,,,
7458,10010862768,,,,
7459,10064647248,,,,
7460,10010855900,,,,
7461,10018595789,,,,
7462,10061647423,,,,
7463,10060921135,,,,
7464,10050563555,,,,
7465,10012755581,,,,
7466,10019119892,,,,
7467,10018838390,,,,
7468,10050677531,,,,
7469,10009979866,,,,
7470,10009369170,,,,
7471,10008611863,,,,
7472,10015907374,,,,
7473,10013497532,,,,
7474,10050431900,,,,
7475,10013896242,,,,
7476,10006897791,,,,
7477,10014676282,,,,
7478,10006661961,,,,
7479,10011189134,,,,
7480,10061349551,,,,
7481,10061350864,,,,
7482,10015409341,,,,
7483,10015304358,,,,
7484,10007351368,,,,
7485,10014576151,,,,
7486,10007331463,,,,
7487,10016202519,,,,
7488,10061349046,,,,
7489,10015280413,,,,
7490,10061350965,,,,
7491,10012747905,,,,
7492,10016202721,,,,
7493,10023459735,,,,
7494,10016202923,,,,
7495,10015103486,,,,
7496,10023459836,,,,
7497,10014674363,,,,
7498,10010178213,,,,
7499,10014590093,,,,
7500,10010871862,,,,
7501,10011219244,,,,
7502,10009682301,,,,
7503,10007222440,,,,
7504,10003234831,,,,
7505,10006291442,,,,
7506,10009639255,,,,
7507,10008664508,,,,
7508,10009688462,,,,
7509,10009854069,,,,
7510,10006209701,,,,
7511,10009418276,,,,
7512,10009403728,,,,
7513,10004635267,,,,
7514,10074404034,,,,
7515,10010941479,,,,
7516,10002496924,,,,
7517,10010590663,,,,
7518,10003097314,,,,
7519,10008672083,,,,
7520,10010102330,,,,
7521,10011044644,,,,
7522,10010843065,,,,
7523,10010726362,,,,
7524,10009816279,,,,
7525,10007900531,,,,
7526,10009670274,,,,
7527,10010100815,,,,
7528,10009451016,,,,
7529,10002671928,,,,
7530,10010875401,,,,
7531,10009330370,,,,
7532,10009669567,,,,
7533,10010871660,,,,
7534,10009378769,,,,
7535,10009049676,,,,
7536,10010108491,,,,
7537,10010681401,,,,
7538,10061260130,,,,
7539,10009252770,,,,
7540,10007894063,,,,
7541,10010088889,,,,
7542,10010823665,,,,
7543,10009717764,,,,
7544,10010094549,,,,
7545,10009680984,,,,
7546,10010174270,,,,
7547,10010094347,,,,
7548,10010663617,,,,
7549,10097304118,,,,
7550,10063788796,,,,
7551,10136187576,,,,
7552,10136223750,,,,
7553,10041873870,,,,
7554,10119338373,,,,
7555,10030436560,,,,
7556,10136187273,,,,
7557,10136187374,,,,
7558,10021956538,,,,
7559,10048545753,,,,
7560,10064571567,,,,
7561,10121685066,,,,
7562,10084439793,,,,
7563,10097464974,,,,
7564,10046259381,,,,
7565,10014661431,,,,
7566,10051158386,,,,
7567,10079475417,,,,
7568,10048319522,,,,
7569,10045891993,,,,
7570,10062245385,,,,
7571,10105984103,,,,
7572,10063078878,,,,
7573,10049097845,,,,
7574,10053240149,,,,
7575,10023053648,,,,
7576,10023345355,,,,
7577,10140372926,,,,
7578,10005999937,,,,
7579,10021596224,,,,
7580,10023269775,,,,
7581,10119893394,,,,
7582,10119895620,,,,
7583,10122225943,,,,
7584,10047280309,,,,
7585,10047280410,,,,
7586,10036180374,,,,
7587,10050165350,,,,
7588,10055144379,,,,
7589,10119080315,,,,
7590,10023365765,,,,
7591,10107664930,,,,
7592,10009000772,,,,
7593,10030546189,,,,
7594,10002603119,,,,
7595,10008657939,,,,
7596,10036399838,,,,
7597,10022843177,,,,
7598,10096371706,,,,
7599,10071865159,,,,
7600,10119336454,,,,
7601,10036389431,,,,
7602,10023434675,,,,
7603,10122230286,,,,
7604,10075236214,,,,
7605,10106636528,,,,
7606,10037633152,,,,
7607,10065031309,,,,
7608,10007490707,,,,
7609,10083963685,,,,
7610,10014474505,,,,
7611,10062121511,,,,
7612,10076166909,,,,
7613,10056169650,,,,
7614,10056297467,,,,
7615,10083966416,,,,
7616,10064902983,,,,
7617,10113649931,,,,
7618,10121699012,,,,
7619,10072068758,,,,
7620,10050764124,,,,
7621,10071588812,,,,
7622,10034764881,,,,
7623,10096278039,,,,
7624,10064566214,,,,
7625,10088070425,,,,
7626,10008928529,,,,
7627,10049075920,,,,
7628,10039893959,,,,
7629,10007685212,,,,
7630,10067298075,,,,
7631,10071485849,,,,
7632,10122245040,,,,
7633,10007360563,,,,
7634,10023543496,,,,
7635,10119528030,,,,
7636,10083966719,,,,
7637,10122230993,,,,
7638,10048382368,,,,
7639,10122230387,,,,
7640,10122258982,,,,
7641,10120207838,,,,
7642,10122244232,,,,
7643,10036124396,,,,
7644,10062702093,,,,
7645,10062604184,,,,
7646,10084791421,,,,
7647,10051727858,,,,
7648,10005966288,,,,
7649,10036128238,,,,
7650,10015339623,,,,
7651,10045965755,,,,
7652,10062603780,,,,
7653,10036559987,,,,
7654,10003246955,,,,
7655,10095119594,,,,
7656,10009764749,,,,
7657,10017850408,,,,
7658,10022161753,,,,
7659,10023485906,,,,
7660,10062076647,,,,
7661,10066165296,,,,
7662,10005506651,,,,
7663,10064984223,,,,
7664,10041177692,,,,
7665,10005511196,,,,
7666,10015349828,,,,
7667,10021812149,,,,
7668,10011018473,,,,
7669,10035036986,,,,
7670,10008017032,,,,
7671,10050075828,,,,
7672,10064905714,,,,
7673,10005669733,,,,
7674,10014943135,,,,
7675,10045991926,,,,
7676,10022052730,,,,
7677,10023880774,,,,
7678,10038051363,,,,
7679,10097464570,,,,
7680,10097464671,,,,
7681,10015357609,,,,
7682,10011239452,,,,
7683,10023484387,,,,
7684,10097464873,,,,
7685,10104207383,,,,
7686,10036034268,,,,
7687,10043796288,,,,
7688,10097465075,,,,
7689,10016031757,,,,
7690,10083845164,,,,
7691,10097465176,,,,
7692,10097465277,,,,
7693,10015141478,,,,
7694,10015322243,,,,
7695,10086304015,,,,
7696,10021305628,,,,
7697,10021466181,,,,
7698,10016157049,,,,
7699,10023838540,,,,
7700,10023844705,,,,
7701,10036361846,,,,
7702,10007809490,,,,
7703,10004879787,,,,
7704,10023527231,,,,
7705,10045919982,,,,
7706,10064756372,,,,
7707,10064757584,,,,
7708,10050219005,,,,
7709,10050229816,,,,
7710,10016212118,,,,
7711,10059509682,,,,
7712,10002227445,,,,
7713,10014661633,,,,
7714,10019430696,,,,
7715,10064782038,,,,
7716,10023481559,,,,
7717,10006281338,,,,
7718,10062593474,,,,
7719,10021264202,,,,
7720,10055344241,,,,
7721,10009977240,,,,
7722,10015321233,,,,
7723,10015325273,,,,
7724,10082894564,,,,
7725,10072342580,,,,
7726,10083338946,,,,
7727,10016012761,,,,
7728,10021597739,,,,
7729,10069790066,,,,
7730,10002840565,,,,
7731,10015325475,,,,
7732,10015599806,,,,
7733,10061340962,,,,
7734,10080979321,,,,
7735,10010934005,,,,
7736,10004442984,,,,
7737,10013315858,,,,
7738,10020916416,,,,
7739,10014836536,,,,
7740,10020894689,,,,
7741,10034794890,,,,
7742,10068508151,,,,
7743,10053457084,,,,
7744,10018483231,,,,
7745,10065060207,,,,
7746,10010656745,,,,
7747,10114876373,,,,
7748,10075988871,,,,
7749,10078984454,,,,
7750,10133201390,,,,
7751,10018143630,,,,
7752,10108209443,,,,
7753,10121685571,,,,
7754,10112820781,,,,
7755,10108209140,,,,
7756,10069732371,,,,
7757,10119743854,,,,
7758,10064155679,,,,
7759,10121659101,,,,
7760,10023323733,,,,
7761,10063781019,,,,
7762,10034778827,,,,
7763,10056178037,,,,
7764,10140624419,,,,
7765,10071237689,,,,
7766,10067469140,,,,
7767,10064273796,,,,
7768,10096374332,,,,
7769,10095104440,,,,
7770,10121700325,,,,
7771,10022699192,,,,
7772,10023283115,,,,
7773,10089789648,,,,
7774,10053232671,,,,
7775,10021444357,,,,
7776,10095825573,,,,
7777,10015528367,,,,
7778,10015171184,,,,
7779,10009040279,,,,
7780,10075047668,,,,
7781,10015442077,,,,
7782,10010171442,,,,
7783,10010579448,,,,
7784,10010644015,,,,
7785,10010169624,,,,
7786,10010652196,,,,
7787,10066161458,,,,
7788,10020981585,,,,
7789,10009233370,,,,
7790,10058497650,,,,
7791,10011157206,,,,
7792,10010714137,,,,
7793,10014699726,,,,
7794,10010775973,,,,
7795,10007618524,,,,
7796,10006904461,,,,
7797,10004616877,,,,
7798,10007793326,,,,
7799,10009134956,,,,
7800,10053771225,,,,
7801,10009118990,,,,
7802,10020784353,,,,
7803,10016235255,,,,
7804,10082509796,,,,
7805,10036279596,,,,
7806,10006669439,,,,
7807,10047201594,,,,
7808,10010798003,,,,
7809,10129788913,,,,
7810,10016111983,,,,
7811,10075826193,,,,
7812,10021769713,,,,
7813,10053232065,,,,
7814,10080656490,,,,
7815,10010028770,,,,
7816,10097290475,,,,
7817,10010098589,,,,
7818,10009840733,,,,
7819,10009008856,,,,
7820,10063745855,,,,
7821,10004875747,,,,
7822,10020982696,,,,
7823,10009727767,,,,
7824,10119724252,,,,
7825,10083968537,,,,
7826,10015578382,,,,
7827,10045952924,,,,
7828,10064452743,,,,
7829,10064643309,,,,
7830,10096737777,,,,
7831,10097392125,,,,
7832,10045965957,,,,
7833,10056072650,,,,
7834,10034884921,,,,
7835,10007737146,,,,
7836,10081958819,,,,
7837,10133175627,,,,
7838,10062787474,,,,
7839,10010717268,,,,
7840,10128740808,,,,
7841,10007827375,,,,
7842,10053184070,,,,
7843,10010914908,,,,
7844,10084486980,,,,
7845,10050942663,,,,
7846,10064643006,,,,
7847,10062578118,,,,
7848,10064453955,,,,
7849,10053568131,,,,
7850,10010664728,,,,
7851,10045965149,,,,
7852,10015279605,,,,
7853,10087566126,,,,
7854,10016292748,,,,
7855,10131438923,,,,
7856,10056270690,,,,
7857,10011100420,,,,
7858,10009900145,,,,
7859,10016297293,,,,
7860,10081162106,,,,
7861,10084026333,,,,
7862,10029804040,,,,
7863,10045989906,,,,
7864,10096818512,,,,
7865,10127764239,,,,
7866,10059070960,,,,
7867,10064645228,,,,
7868,10083950450,,,,
7869,10007242648,,,,
7870,10061978132,,,,
7871,10016191708,,,,
7872,10023845210,,,,
7873,10011163973,,,,
7874,10096589146,,,,
7875,10124023170,,,,
7876,10023297158,,,,
7877,10036438840,,,,
7878,10140426678,,,,
7879,10085002700,,,,
7880,10011088393,,,,
7881,10119038178,,,,
7882,10056608978,,,,
7883,10115010961,,,,
7884,10055328073,,,,
7885,10118905513,,,,
7886,10036173102,,,,
7887,10010716864,,,,
7888,10051091803,,,,
7889,10080054686,,,,
7890,10010713935,,,,
7891,10056177128,,,,
7892,10009195883,,,,
7893,10136962364,,,,
7894,10065055052,,,,
7895,10095118786,,,,
7896,10136023888,,,,
7897,10008167986,,,,
7898,10072822227,,,,
7899,10128713021,,,,
7900,10065045049,,,,
7901,10035376688,,,,
7902,10110977983,,,,
7903,10009914491,,,,
7904,10010177203,,,,
7905,10110977478,,,,
7906,10007257806,,,,
7907,10015442279,,,,
7908,10126973182,,,,
7909,10016112084,,,,
7910,10136024090,,,,
7911,10047309712,,,,
7912,10010914807,,,,
7913,10130236729,,,,
7914,10022169029,,,,
7915,10123615669,,,,
7916,10064562978,,,,
7917,10082764525,,,,
7918,10095257721,,,,
7919,10002559669,,,,
7920,10112266265,,,,
7921,10095256004,,,,
7922,10094501121,,,,
7923,10022075968,,,,
7924,10064452844,,,,
7925,10021733438,,,,
7926,10021886921,,,,
7927,10043261778,,,,
7928,10021847313,,,,
7929,10015270612,,,,
7930,10072421796,,,,
7931,10077681725,,,,
7932,10014583831,,,,
7933,10056073357,,,,
7934,10089760245,,,,
7935,10006640238,,,,
7936,10040300955,,,,
7937,10053580659,,,,
7938,10132658695,,,,
7939,10036382155,,,,
7940,10053924102,,,,
7941,10052570546,,,,
7942,10117563071,,,,
7943,10022042828,,,,
7944,10080711761,,,,
7945,10093661766,,,,
7946,10055127912,,,,
7947,10056227749,,,,
7948,10023846927,,,,
7949,10089612018,,,,
7950,10054716973,,,,
7951,10068994767,,,,
7952,10072810911,,,,
7953,10071427851,,,,
7954,10023663738,,,,
7955,10008956114,,,,
7956,10063184770,,,,
7957,10064778196,,,,
7958,10008928226,,,,
7959,10013498239,,,,
7960,10007209609,,,,
7961,10075816901,,,,
7962,10132399122,,,,
7963,10052493754,,,,
7964,10095254485,,,,
7965,10127068263,,,,
7966,10097226417,,,,
7967,10118215294,,,,
7968,10009548319,,,,
7969,10113660136,,,,
7970,10015111873,,,,
7971,10019762116,,,,
7972,10090504317,,,,
7973,10005601631,,,,
7974,10015358316,,,,
7975,10015504523,,,,
7976,10006306091,,,,
7977,10117761721,,,,
7978,10088567145,,,,
7979,10010109909,,,,
7980,10063913179,,,,
7981,10053904294,,,,
7982,10008973995,,,,
7983,10005791284,,,,
7984,10015473908,,,,
7985,10079682046,,,,
7986,10007268516,,,,
7987,10016316592,,,,
7988,10014867050,,,,
7989,10080747026,,,,
7990,10080666901,,,,
7991,10133935560,,,,
7992,10072421190,,,,
7993,10037538273,,,,
7994,10008678551,,,,
7995,10088779434,,,,
7996,10115347835,,,,
7997,10101895652,,,,
7998,10007224763,,,,
7999,10128344118,,,,
8000,10072671168,,,,
8001,10015270511,,,,
8002,10075931984,,,,
8003,10047310318,,,,
8004,10140765471,,,,
8005,10007904369,,,,
8006,10041585904,,,,
8007,10089867854,,,,
8008,10127891652,,,,
8009,10071485445,,,,
8010,10050629334,,,,
8011,10071597296,,,,
8012,10128558326,,,,
8013,10107613501,,,,
8014,10014966070,,,,
8015,10118775773,,,,
8016,10041888624,,,,
8017,10122776116,,,,
8018,10124478363,,,,
8019,10035369820,,,,
8020,10093918313,,,,
8021,10101897167,,,,
8022,10106592876,,,,
8023,10083504553,,,,
8024,10016240107,,,,
8025,10140695046,,,,
8026,10120914524,,,,
8027,10063850636,,,,
8028,10030681585,,,,
8029,10123975680,,,,
8030,10066162973,,,,
8031,10121656976,,,,
8032,10065050406,,,,
8033,10111820065,,,,
8034,10095118887,,,,
8035,10006292957,,,,
8036,10133934449,,,,
8037,10050874359,,,,
8038,10125812721,,,,
8039,10080711660,,,,
8040,10016235356,,,,
8041,10016203428,,,,
8042,10117694629,,,,
8043,10104781909,,,,
8044,10090348511,,,,
8045,10075673118,,,,
8046,10009998357,,,,
8047,10132540780,,,,
8048,10121657380,,,,
8049,10035198149,,,,
8050,10015703674,,,,
8051,10053606628,,,,
8052,10062251247,,,,
8053,10135770678,,,,
8054,10060680453,,,,
8055,10080667204,,,,
8056,10097389293,,,,
8057,10065841055,,,,
8058,10093733306,,,,
8059,10080656187,,,,
8060,10118968864,,,,
8061,10070453003,,,,
8062,10084509111,,,,
8063,10051151417,,,,
8064,10045947163,,,,
8065,10140694945,,,,
8066,10069708729,,,,
8067,10096553477,,,,
8068,10050979342,,,,
8069,10104748967,,,,
8070,10067881893,,,,
8071,10023122760,,,,
8072,10049971956,,,,
8073,10060445229,,,,
8074,10049094007,,,,
8075,10069654872,,,,
8076,10103672065,,,,
8077,10010644520,,,,
8078,10009741309,,,,
8079,10109497119,,,,
8080,10011184484,,,,
8081,10108225308,,,,
8082,10090080446,,,,
8083,10070001547,,,,
8084,10021425260,,,,
8085,10119190752,,,,
8086,10071600128,,,,
8087,10010626938,,,,
8088,10092509486,,,,
8089,10136323982,,,,
8090,10097532571,,,,
8091,10071125434,,,,
8092,10132658594,,,,
8093,10035396900,,,,
8094,10010108996,,,,
8095,10119955436,,,,
8096,10060995907,,,,
8097,10047405904,,,,
8098,10042475876,,,,
8099,10049163725,,,,
8100,10083813135,,,,
8101,10132283732,,,,
8102,10121657178,,,,
8103,10115010658,,,,
8104,10132205122,,,,
8105,10010114959,,,,
8106,10064811037,,,,
8107,10052494259,,,,
8108,10119435070,,,,
8109,10062335618,,,,
8110,10020779606,,,,
8111,10131556535,,,,
8112,10140336247,,,,
8113,10128887318,,,,
8114,10023807521,,,,
8115,10079745906,,,,
8116,10055519447,,,,
8117,10036443183,,,,
8118,10054664938,,,,
8119,10077942615,,,,
8120,10124541718,,,,
8121,10119693132,,,,
8122,10051115243,,,,
8123,10064452642,,,,
8124,10058503310,,,,
8125,10109918562,,,,
8126,10014178552,,,,
8127,10096739191,,,,
8128,10060603055,,,,
8129,10081245867,,,,
8130,10013284233,,,,
8131,10015400146,,,,
8132,10007272455,,,,
8133,10007498484,,,,
8134,10034919778,,,,
8135,10002501368,,,,
8136,10094638234,,,,
8137,10122265955,,,,
8138,10113653163,,,,
8139,10085207713,,,,
8140,10023525110,,,,
8141,10009118384,,,,
8142,10006462305,,,,
8143,10009045636,,,,
8144,10009125458,,,,
8145,10096093941,,,,
8146,10090742369,,,,
8147,10113345793,,,,
8148,10058755510,,,,
8149,10060155138,,,,
8150,10004594447,,,,
8151,10045939382,,,,
8152,10090187550,,,,
8153,10010167402,,,,
8154,10075692619,,,,
8155,10010801134,,,,
8156,10034833791,,,,
8157,10011147203,,,,
8158,10074551756,,,,
8159,10116409579,,,,
8160,10050629435,,,,
8161,10082780891,,,,
8162,10034991217,,,,
8163,10015980429,,,,
8164,10127061694,,,,
8165,10046251095,,,,
8166,10109913007,,,,
8167,10008953888,,,,
8168,10007774835,,,,
8169,10016105418,,,,
8170,10010666142,,,,
8171,10124682063,,,,
8172,10082513941,,,,
8173,10050022981,,,,
8174,10079974864,,,,
8175,10049099966,,,,
8176,10016294465,,,,
8177,10075726668,,,,
8178,10055097701,,,,
8179,10120255934,,,,
8180,10065475081,,,,
8181,10060406732,,,,
8182,10090167544,,,,
8183,10083821522,,,,
8184,10008944087,,,,
8185,10122561908,,,,
8186,10104425736,,,,
8187,10009809007,,,,
8188,10096040387,,,,
8189,10089675672,,,,
8190,10055348382,,,,
8191,10091575357,,,,
8192,10123474516,,,,
8193,10065474475,,,,
8194,10014630109,,,,
8195,10054111432,,,,
8196,10010095054,,,,
8197,10090759244,,,,
8198,10090290816,,,,
8199,10021859639,,,,
8200,10096636333,,,,
8201,10123474112,,,,
8202,10091381862,,,,
8203,10050548094,,,,
8204,10079975268,,,,
8205,10115326314,,,,
8206,10103181611,,,,
8207,10050996924,,,,
8208,10122562110,,,,
8209,10050430179,,,,
8210,10089723465,,,,
8211,10080375695,,,,
8212,10123469563,,,,
8213,10007739267,,,,
8214,10050432809,,,,
8215,10089726293,,,,
8216,10123474213,,,,
8217,10009045434,,,,
8218,10036080647,,,,
8219,10083774537,,,,
8220,10036082162,,,,
8221,10036079031,,,,
8222,10023893508,,,,
8223,10096739292,,,,
8224,10078876037,,,,
8225,10023730729,,,,
8226,10054876823,,,,
8227,10010640880,,,,
8228,10009143949,,,,
8229,10006899613,,,,
8230,10096621579,,,,
8231,10096482648,,,,
8232,10049659233,,,,
8233,10084277119,,,,
8234,10066087191,,,,
8235,10006289624,,,,
8236,10061870927,,,,
8237,10009691088,,,,
8238,10010828618,,,,
8239,10045942517,,,,
8240,10075430719,,,,
8241,10035202795,,,,
8242,10016194031,,,,
8243,10077616249,,,,
8244,10004779050,,,,
8245,10051223357,,,,
8246,10009196489,,,,
8247,10005968918,,,,
8248,10110737608,,,,
8249,10051046737,,,,
8250,10044363134,,,,
8251,10050680460,,,,
8252,10010598141,,,,
8253,10071254362,,,,
8254,10055316050,,,,
8255,10006078446,,,,
8256,10060813223,,,,
8257,10023451752,,,,
8258,10058814215,,,,
8259,10007134130,,,,
8260,10113423700,,,,
8261,10063969460,,,,
8262,10083975106,,,,
8263,10063048263,,,,
8264,10009091005,,,,
8265,10030400689,,,,
8266,10073852548,,,,
8267,10014052048,,,,
8268,10088225726,,,,
8269,10009409990,,,,
8270,10010676044,,,,
8271,10050942562,,,,
8272,10014575848,,,,
8273,10010807905,,,,
8274,10063548017,,,,
8275,10030545987,,,,
8276,10048875553,,,,
8277,10120611501,,,,
8278,10009324512,,,,
8279,10005978820,,,,
8280,10062860832,,,,
8281,10007191522,,,,
8282,10015707516,,,,
8283,10014861188,,,,
8284,10007476963,,,,
8285,10006127350,,,,
8286,10015781476,,,,
8287,10105775854,,,,
8288,10068631524,,,,
8289,10090741157,,,,
8290,10030702100,,,,
8291,10051239222,,,,
8292,10084174257,,,,
8293,10094543153,,,,
8294,10031444451,,,,
8295,10017043587,,,,
8296,10077693647,,,,
8297,10003310108,,,,
8298,10035025569,,,,
8299,10015570201,,,,
8300,10029861533,,,,
8301,10048851204,,,,
8302,10068643042,,,,
8303,10010939055,,,,
8304,10088976868,,,,
8305,10035369719,,,,
8306,10030698056,,,,
8307,10107420410,,,,
8308,10014361539,,,,
8309,10050940946,,,,
8310,10011159731,,,,
8311,10020782232,,,,
8312,10009988556,,,,
8313,10058538268,,,,
8314,10015240603,,,,
8315,10015190382,,,,
8316,10050519402,,,,
8317,10048445925,,,,
8318,10034093359,,,,
8319,10060054603,,,,
8320,10083207691,,,,
8321,10100654961,,,,
8322,10010792242,,,,
8323,10015339320,,,,
8324,10103815040,,,,
8325,10059958411,,,,
8326,10009138188,,,,
8327,10027625277,,,,
8328,10068152685,,,,
8329,10071484334,,,,
8330,10052840833,,,,
8331,10035458433,,,,
8332,10083968133,,,,
8333,10010114151,,,,
8334,10006604771,,,,
8335,10007773825,,,,
8336,10009139404,,,,
8337,10015346895,,,,
8338,10005511503,,,,
8339,10010797696,,,,
8340,10006401172,,,,
8341,10005605267,,,,
8342,10018638431,,,,
8343,10002577150,,,,
8344,10007428362,,,,
8345,10010716965,,,,
8346,10003100950,,,,
8347,10010626837,,,,
8348,10010630574,,,,
8349,10011163872,,,,
8350,10009068066,,,,
8351,10036105000,,,,
8352,10051986930,,,,
8353,10083742205,,,,
8354,10063752828,,,,
8355,10010640981,,,,
8356,10015321940,,,,
8357,10049781693,,,,
8358,10072341873,,,,
8359,10015171386,,,,
8360,10010641082,,,,
8361,10009692304,,,,
8362,10010167806,,,,
8363,10063227311,,,,
8364,10009762325,,,,
8365,10048305677,,,,
8366,10008996631,,,,
8367,10007500003,,,,
8368,10036578276,,,,
8369,10055349800,,,,
8370,10004594750,,,,
8371,10062776259,,,,
8372,10015000527,,,,
8373,10089623435,,,,
8374,10010717167,,,,
8375,10034770945,,,,
8376,10010840742,,,,
8377,10049091377,,,,
8378,10015982651,,,,
8379,10034990611,,,,
8380,10009690179,,,,
8381,10010119205,,,,
8382,10064451531,,,,
8383,10036104996,,,,
8384,10016221919,,,,
8385,10017854751,,,,
8386,10064811138,,,,
8387,10075184478,,,,
8388,10022167817,,,,
8389,10015319920,,,,
8390,10016280422,,,,
8391,10009062006,,,,
8392,10079661737,,,,
8393,10015662349,,,,
8394,10045957065,,,,
8395,10053514678,,,,
8396,10063079484,,,,
8397,10044087793,,,,
8398,10004617988,,,,
8399,10035465406,,,,
8400,10023484791,,,,
8401,10009084739,,,,
8402,10045942416,,,,
8403,10053113544,,,,
8404,10014673858,,,,
8405,10008999156,,,,
8406,10035393563,,,,
8407,10022119620,,,,
8408,10010093741,,,,
8409,10023483680,,,,
8410,10015572726,,,,
8411,10011559350,,,,
8412,10008688150,,,,
8413,10023622312,,,,
8414,10009042707,,,,
8415,10059565256,,,,
8416,10035025670,,,,
8417,10010609154,,,,
8418,10009202856,,,,
8419,10045988185,,,,
8420,10061681775,,,,
8421,10056453677,,,,
8422,10097450325,,,,
8423,10006083395,,,,
8424,10006883445,,,,
8425,10023611093,,,,
8426,10009077261,,,,
8427,10010167503,,,,
8428,10063454956,,,,
8429,10064756473,,,,
8430,10007750684,,,,
8431,10008945101,,,,
8432,10094330460,,,,
8433,10056259576,,,,
8434,10005838168,,,,
8435,10010714743,,,,
8436,10009102220,,,,
8437,10070917690,,,,
8438,10010868529,,,,
8439,10006140383,,,,
8440,10010101118,,,,
8441,10050430785,,,,
8442,10035041131,,,,
8443,10096578436,,,,
8444,10010590360,,,,
8445,10010108390,,,,
8446,10089025368,,,,
8447,10020955721,,,,
8448,10017855862,,,,
8449,10050620240,,,,
8450,10079555845,,,,
8451,10023549661,,,,
8452,10065893292,,,,
8453,10062736550,,,,
8454,10014051947,,,,
8455,10016191607,,,,
8456,10087884408,,,,
8457,10014682144,,,,
8458,10097135275,,,,
8459,10011135984,,,,
8460,10016105721,,,,
8461,10092049445,,,,
8462,10010998568,,,,
8463,10096075753,,,,
8464,10072422002,,,,
8465,10081026508,,,,
8466,10015980126,,,,
8467,10023844503,,,,
8468,10016026000,,,,
8469,10063589039,,,,
8470,10062193552,,,,
8471,10060946090,,,,
8472,10023526423,,,,
8473,10035047191,,,,
8474,10015397924,,,,
8475,10062753829,,,,
8476,10016149571,,,,
8477,10060907290,,,,
8478,10009683917,,,,
8479,10018749474,,,,
8480,10062737762,,,,
8481,10084176984,,,,
8482,10023545621,,,,
8483,10061643884,,,,
8484,10010741419,,,,
8485,10060468972,,,,
8486,10015570807,,,,
8487,10063489312,,,,
8488,10045797926,,,,
8489,10036109747,,,,
8490,10015915660,,,,
8491,10002880476,,,,
8492,10036084283,,,,
8493,10096344323,,,,
8494,10089820970,,,,
8495,10099000709,,,,
8496,10015714889,,,,
8497,10064439205,,,,
8498,10016299216,,,,
8499,10065475586,,,,
8500,10015997708,,,,
8501,10059926883,,,,
8502,10076199241,,,,
8503,10070874547,,,,
8504,10083954995,,,,
8505,10025561302,,,,
8506,10052470516,,,,
8507,10036105202,,,,
8508,10016105519,,,,
8509,10064526505,,,,
8510,10009785866,,,,
8511,10028103207,,,,
8512,10062462526,,,,
8513,10023774175,,,,
8514,10062538308,,,,
8515,10015999021,,,,
8516,10007059560,,,,
8517,10084757469,,,,
8518,10018827680,,,,
8519,10010929052,,,,
8520,10009208617,,,,
8521,10083955201,,,,
8522,10093926090,,,,
8523,10062448378,,,,
8524,10005916475,,,,
8525,10062638035,,,,
8526,10015321536,,,,
8527,10084757267,,,,
8528,10010620066,,,,
8529,10006640036,,,,
8530,10010747681,,,,
8531,10007722594,,,,
8532,10055349493,,,,
8533,10005967908,,,,
8534,10010181344,,,,
8535,10010655735,,,,
8536,10049558694,,,,
8537,10010612891,,,,
8538,10074564082,,,,
8539,10009073221,,,,
8540,10006409963,,,,
8541,10015965877,,,,
8542,10010652503,,,,
8543,10055348786,,,,
8544,10051352083,,,,
8545,10014739435,,,,
8546,10052293993,,,,
8547,10036578478,,,,
8548,10007502023,,,,
8549,10051717552,,,,
8550,10009024519,,,,
8551,10015509977,,,,
8552,10007076839,,,,
8553,10015483507,,,,
8554,10006902643,,,,
8555,10006065716,,,,
8556,10016326191,,,,
8557,10029881337,,,,
8558,10014173502,,,,
8559,10006136545,,,,
8560,10010676448,,,,
8561,10023560472,,,,
8562,10054028980,,,,
8563,10053908237,,,,
8564,10005979123,,,,
8565,10009489513,,,,
8566,10025458036,,,,
8567,10060754013,,,,
8568,10009325118,,,,
8569,10004735806,,,,
8570,10011200652,,,,
8571,10009455359,,,,
8572,10008970258,,,,
8573,10008939239,,,,
8574,10016301236,,,,
8575,10010903083,,,,
8576,10015265053,,,,
8577,10006711774,,,,
8578,10015577574,,,,
8579,10053508113,,,,
8580,10016232124,,,,
8581,10008789695,,,,
8582,10010665031,,,,
8583,10078184206,,,,
8584,10010835385,,,,
8585,10009237616,,,,
8586,10009190227,,,,
8587,10015957995,,,,
8588,10009159612,,,,
8589,10016262234,,,,
8590,10056179249,,,,
8591,10011202470,,,,
8592,10009728171,,,,
8593,10015427024,,,,
8594,10071428053,,,,
8595,10010808309,,,,
8596,10012267450,,,,
8597,10010599858,,,,
8598,10053236816,,,,
8599,10010736769,,,,
8600,10007767256,,,,
8601,10041108883,,,,
8602,10075346853,,,,
8603,10014170468,,,,
8604,10013963738,,,,
8605,10055035356,,,,
8606,10040761000,,,,
8607,10023476307,,,,
8608,10075323009,,,,
8609,10061873654,,,,
8610,10021679682,,,,
8611,10051979351,,,,
8612,10054034640,,,,
8613,10009197503,,,,
8614,10074370385,,,,
8615,10015874335,,,,
8616,10010860041,,,,
8617,10009077665,,,,
8618,10016652658,,,,
8619,10074677250,,,,
8620,10011153465,,,,
8621,10015833515,,,,
8622,10064060093,,,,
8623,10084696845,,,,
8624,10036578579,,,,
8625,10010684330,,,,
8626,10054634626,,,,
8627,10030013400,,,,
8628,10084651981,,,,
8629,10084277220,,,,
8630,10080141077,,,,
8631,10065475687,,,,
8632,10062872451,,,,
8633,10005497254,,,,
8634,10008908422,,,,
8635,10023859960,,,,
8636,10034819546,,,,
8637,10015405806,,,,
8638,10015659016,,,,
8639,10025841184,,,,
8640,10016108347,,,,
8641,10029491721,,,,
8642,10079185831,,,,
8643,10034912001,,,,
8644,10015321738,,,,
8645,10005968009,,,,
8646,10061198088,,,,
8647,10010921069,,,,
8648,10014659815,,,,
8649,10014169155,,,,
8650,10008918122,,,,
8651,10053580255,,,,
8652,10010702316,,,,
8653,10009728676,,,,
8654,10053580356,,,,
8655,10023476408,,,,
8656,10009202250,,,,
8657,10009727666,,,,
8658,10009424340,,,,
8659,10050940845,,,,
8660,10013621410,,,,
8661,10008670770,,,,
8662,10007273061,,,,
8663,10011157307,,,,
8664,10004866653,,,,
8665,10007227793,,,,
8666,10061837581,,,,
8667,10007499090,,,,
8668,10010165176,,,,
8669,10009730393,,,,
8670,10009518916,,,,
8671,10009205381,,,,
8672,10015321637,,,,
8673,10009995832,,,,
8674,10008883968,,,,
8675,10011152455,,,,
8676,10062036938,,,,
8677,10016032262,,,,
8678,10009088173,,,,
8679,10011162559,,,,
8680,10011037065,,,,
8681,10045775088,,,,
8682,10063607025,,,,
8683,10010175684,,,,
8684,10016033878,,,,
8685,10064030488,,,,
8686,10013774889,,,,
8687,10009150720,,,,
8688,10010945725,,,,
8689,10015358215,,,,
8690,10069182101,,,,
8691,10005731872,,,,
8692,10016033777,,,,
8693,10009050484,,,,
8694,10056868252,,,,
8695,10015286372,,,,
8696,10015336589,,,,
8697,10064888435,,,,
8698,10010857011,,,,
8699,10015442380,,,,
8700,10009787381,,,,
8701,10009049171,,,,
8702,10011073340,,,,
8703,10047368619,,,,
8704,10078996780,,,,
8705,10009208011,,,,
8706,10021836296,,,,
8707,10010578034,,,,
8708,10006149073,,,,
8709,10014764087,,,,
8710,10016200091,,,,
8711,10007774734,,,,
8712,10009442023,,,,
8713,10011162660,,,,
8714,10071427750,,,,
8715,10009150922,,,,
8716,10010652604,,,,
8717,10035071140,,,,
8718,10006149578,,,,
8719,10009506384,,,,
8720,10007753920,,,,
8721,10010938853,,,,
8722,10015714283,,,,
8723,10010860243,,,,
8724,10060854144,,,,
8725,10015661339,,,,
8726,10009015425,,,,
8727,10007729971,,,,
8728,10009076352,,,,
8729,10009050585,,,,
8730,10009313596,,,,
8731,10010859334,,,,
8732,10010671802,,,,
8733,10010639062,,,,
8734,10010105057,,,,
8735,10015981944,,,,
8736,10023526726,,,,
8737,10010860445,,,,
8738,10023468930,,,,
8739,10008985012,,,,
8740,10008986123,,,,
8741,10016269914,,,,
8742,10015978207,,,,
8743,10016876768,,,,
8744,10010860142,,,,
8745,10034885224,,,,
8746,10023676973,,,,
8747,10064804569,,,,
8748,10009050888,,,,
8749,10016025087,,,,
8750,10003100344,,,,
8751,10010886111,,,,
8752,10064874085,,,,
8753,10015901920,,,,
8754,10054770123,,,,
8755,10011130227,,,,
8756,10016034989,,,,
8757,10009204674,,,,
8758,10010921271,,,,
8759,10064804367,,,,
8760,10003045376,,,,
8761,10023524908,,,,
8762,10058781879,,,,
8763,10015916569,,,,
8764,10064647349,,,,
8765,10016221010,,,,
8766,10009214273,,,,
8767,10019418370,,,,
8768,10010922988,,,,
8769,10015319516,,,,
8770,10016189179,,,,
8771,10008986224,,,,
8772,10019295102,,,,
8773,10010917130,,,,
8774,10006086429,,,,
8775,10063542761,,,,
8776,10010035541,,,,
8777,10006898603,,,,
8778,10010823463,,,,
8779,10009205280,,,,
8780,10004618392,,,,
8781,10061260736,,,,
8782,10061231737,,,,
8783,10006416936,,,,
8784,10061269123,,,,
8785,10005929916,,,,
8786,10006083294,,,,
8787,10008992789,,,,
8788,10007793427,,,,
8789,10061297213,,,,
8790,10008927822,,,,
8791,10009720996,,,,
8792,10007827678,,,,
8793,10003033555,,,,
8794,10004866249,,,,
8795,10010898437,,,,
8796,10009727464,,,,
8797,10010114454,,,,
8798,10006759567,,,,
8799,10014845428,,,,
8800,10009182749,,,,
8801,10007742301,,,,
8802,10010678468,,,,
8803,10006464426,,,,
8804,10007056631,,,,
8805,10010781532,,,,
8806,10006552433,,,,
8807,10010655634,,,,
8808,10009971277,,,,
8809,10009233168,,,,
8810,10010663415,,,,
8811,10004629510,,,,
8812,10007272152,,,,
8813,10007809086,,,,
8814,10009965520,,,,
8815,10009989970,,,,
8816,10002669605,,,,
8817,10010626231,,,,
8818,10010747277,,,,
8819,10009532252,,,,
8820,10009487085,,,,
8821,10061307822,,,,
8822,10007222844,,,,
8823,10010109000,,,,
8824,10015976385,,,,
8825,10015197456,,,,
8826,10023466910,,,,
8827,10009313701,,,,
8828,10005970433,,,,
8829,10010086263,,,,
8830,10063403325,,,,
8831,10011137301,,,,
8832,10015975476,,,,
8833,10009528414,,,,
8834,10014513709,,,,
8835,10009216495,,,,
8836,10009520734,,,,
8837,10010738385,,,,
8838,10045754981,,,,
8839,10034867541,,,,
8840,10011207423,,,,
8841,10009077160,,,,
8842,10010746873,,,,
8843,10009034320,,,,
8844,10010784865,,,,
8845,10015958403,,,,
8846,10013501168,,,,
8847,10015966079,,,,
8848,10061350662,,,,
8849,10007191421,,,,
8850,10009670779,,,,
8851,10009199220,,,,
8852,10004706100,,,,
8853,10016266476,,,,
8854,10007909423,,,,
8855,10015869483,,,,
8856,10007416339,,,,
8857,10007793528,,,,
8858,10006436336,,,,
8859,10007229716,,,,
8860,10061349753,,,,
8861,10009217408,,,,
8862,10011032722,,,,
8863,10009811734,,,,
8864,10010777791,,,,
8865,10010738789,,,,
8866,10010651792,,,,
8867,10008601557,,,,
8868,10045813787,,,,
8869,10010590158,,,,
8870,10006100472,,,,
8871,10003090947,,,,
8872,10009001176,,,,
8873,10016287593,,,,
8874,10009001883,,,,
8875,10009710488,,,,
8876,10008669558,,,,
8877,10061236181,,,,
8878,10003145915,,,,
8879,10014555741,,,,
8880,10010755664,,,,
8881,10015966281,,,,
8882,10015781880,,,,
8883,10061349955,,,,
8884,10010721817,,,,
8885,10016303559,,,,
8886,10010126073,,,,
8887,10009728575,,,,
8888,10010798306,,,,
8889,10009733831,,,,
8890,10009051393,,,,
8891,10015191291,,,,
8892,10008996328,,,,
8893,10061350763,,,,
8894,10014669414,,,,
8895,10010853472,,,,
8896,10010776579,,,,
8897,10016302044,,,,
8898,10010737173,,,,
8899,10010671903,,,,
8900,10004742270,,,,
8901,10009506586,,,,
8902,10016022259,,,,
8903,10010794464,,,,
8904,10010181849,,,,
8905,10014515830,,,,
8906,10009237515,,,,
8907,10009353511,,,,
8908,10010599555,,,,
8909,10023545722,,,,
8910,10016235457,,,,
8911,10009509620,,,,
8912,10009237111,,,,
8913,10010662708,,,,
8914,10009490725,,,,
8915,10010700700,,,,
8916,10009301068,,,,
8917,10016205852,,,,
8918,10010186495,,,,
8919,10010859738,,,,
8920,10010777993,,,,
8921,10016200293,,,,
8922,10061393708,,,,
8923,10010922786,,,,
8924,10016205953,,,,
8925,10010853371,,,,
8926,10010923190,,,,
8927,10016200495,,,,
8928,10015914044,,,,
8929,10009205179,,,,
8930,10014659714,,,,
8931,10015340532,,,,
8932,10006602246,,,,
8933,10005504530,,,,
8934,10005427839,,,,
8935,10007297515,,,,
8936,10007832025,,,,
8937,10006464325,,,,
8938,10006183227,,,,
8939,10009073120,,,,
8940,10009008553,,,,
8941,10007858394,,,,
8942,10006463214,,,,
8943,10010584094,,,,
8944,10045840665,,,,
8945,10008938027,,,,
8946,10006478873,,,,
8947,10008928428,,,,
8948,10007890326,,,,
8949,10009050989,,,,
8950,10011172562,,,,
8951,10011159024,,,,
8952,10007056732,,,,
8953,10007057035,,,,
8954,10009032094,,,,
8955,10011172360,,,,
8956,10006899007,,,,
8957,10009261460,,,,
8958,10009261258,,,,
8959,10007387441,,,,
8960,10009914289,,,,
8961,10009997347,,,,
8962,10010195993,,,,
8963,10009730292,,,,
8964,10009016334,,,,
8965,10009513963,,,,
8966,10061277712,,,,
8967,10003102364,,,,
8968,10007509396,,,,
8969,10006326606,,,,
8970,10009015728,,,,
8971,10009515579,,,,
8972,10009045535,,,,
8973,10010615319,,,,
8974,10011078390,,,,
8975,10007895881,,,,
8976,10006645995,,,,
8977,10009179012,,,,
8978,10003046588,,,,
8979,10010772135,,,,
8980,10010936429,,,,
8981,10004702662,,,,
8982,10007947213,,,,
8983,10009049070,,,,
8984,10008870834,,,,
8985,10010739702,,,,
8986,10009988758,,,,
8987,10007003885,,,,
8988,10009076857,,,,
8989,10006424515,,,,
8990,10007193239,,,,
8991,10007078455,,,,
8992,10008989355,,,,
8993,10009528313,,,,
8994,10007930237,,,,
8995,10007122713,,,,
8996,10009702509,,,,
8997,10008999055,,,,
8998,10006140484,,,,
8999,10006324279,,,,
9000,10004738937,,,,
9001,10009136067,,,,
9002,10010096266,,,,
9003,10010938146,,,,
9004,10009863668,,,,
9005,10008601254,,,,
9006,10008937017,,,,
9007,10007477872,,,,
9008,10009088779,,,,
9009,10008689059,,,,
9010,10009238020,,,,
9011,10061306711,,,,
9012,10009231451,,,,
9013,10010100512,,,,
9014,10009683816,,,,
9015,10010929153,,,,
9016,10007201929,,,,
9017,10006278510,,,,
9018,10010883885,,,,
9019,10002468026,,,,
9020,10010869741,,,,
9021,10010589956,,,,
9022,10010738486,,,,
9023,10010680286,,,,
9024,10009077463,,,,
9025,10010109303,,,,
9026,10007891033,,,,
9027,10010830537,,,,
9028,10007831621,,,,
9029,10009157891,,,,
9030,10004742876,,,,
9031,10009151427,,,,
9032,10010917837,,,,
9033,10009015021,,,,
9034,10010938247,,,,
9035,10009673510,,,,
9036,10009301270,,,,
9037,10010936934,,,,
9038,10008918930,,,,
9039,10009056043,,,,
9040,10010856708,,,,
9041,10010093842,,,,
9042,10061283469,,,,
9043,10010823564,,,,
9044,10009321074,,,,
9045,10009118889,,,,
9046,10008973894,,,,
9047,10008689362,,,,
9048,10010169018,,,,
9049,10008965915,,,,
9050,10010915009,,,,
9051,10009149407,,,,
9052,10009874277,,,,
9053,10010871357,,,,
9054,10007831722,,,,
9055,10008937219,,,,
9056,10010928850,,,,
9057,10010820433,,,,
9058,10009546501,,,,
9059,10009310263,,,,
9060,10009683513,,,,
9061,10009326027,,,,
9062,10009323805,,,,
9063,10010176795,,,,
9064,10010926931,,,,
9065,10009055033,,,,
9066,10010176896,,,,
9067,10009867510,,,,
9068,10010653412,,,,
9069,10009726656,,,,
9070,10009730595,,,,
9071,10009053720,,,,
9072,10010641587,,,,
9073,10009546602,,,,
9074,10061473025,,,,
9075,10009066753,,,,
9076,10010599656,,,,
9077,10010591572,,,,
9078,10009965318,,,,
9079,10009016940,,,,
9080,10010839025,,,,
9081,10009506182,,,,
9082,10010662102,,,,
9083,10009237212,,,,
9084,10010839126,,,,
9085,10011076269,,,,
9086,10009965419,,,,
9087,10010921372,,,,
9088,10010679882,,,,
9089,10009867611,,,,
9090,10010926123,,,,
9091,10009076251,,,,
9092,10010675438,,,,
9093,10010717066,,,,
9094,10010168614,,,,
9095,10083749376,,,,
9096,10131418008,,,,
9097,10009997751,,,,
9098,10115622465,,,,
9099,10015447939,,,,
9100,10009119596,,,,
9101,10031697358,,,,
9102,10030561650,,,,
9103,10121506830,,,,
9104,10047762174,,,,
9105,10011153667,,,,
9106,10073979254,,,,
9107,10121657279,,,,
9108,10031466477,,,,
9109,10066975046,,,,
9110,10030468084,,,,
9111,10046055984,,,,
9112,10112357508,,,,
9113,10053236109,,,,
9114,10109711630,,,,
9115,10100589788,,,,
9116,10065891878,,,,
9117,10050623573,,,,
9118,10109711529,,,,
9119,10119189338,,,,
9120,10011136893,,,,
9121,10052432524,,,,
9122,10096620973,,,,
9123,10017395417,,,,
9124,10056389316,,,,
9125,10117762125,,,,
9126,10010795676,,,,
9127,10107613400,,,,
9128,10041176379,,,,
9129,10124081471,,,,
9130,10100590802,,,,
9131,10064723333,,,,
9132,10075682010,,,,
9133,10123474415,,,,
9134,10063404739,,,,
9135,10117530133,,,,
9136,10132208556,,,,
9137,10015976486,,,,
9138,10081210808,,,,
9139,10054570261,,,,
9140,10121657986,,,,
9141,10075231867,,,,
9142,10115005204,,,,
9143,10093946908,,,,
9144,10040302672,,,,
9145,10083731693,,,,
9146,10122266157,,,,
9147,10042482647,,,,
9148,10078021730,,,,
9149,10121657481,,,,
9150,10092249206,,,,
9151,10136111794,,,,
9152,10066169946,,,,
9153,10131042637,,,,
9154,10132537144,,,,
9155,10009150417,,,,
9156,10081110370,,,,
9157,10088779535,,,,
9158,10136037531,,,,
9159,10040703709,,,,
9160,10023063651,,,,
9161,10097593296,,,,
9162,10084690276,,,,
9163,10022095166,,,,
9164,10021956740,,,,
9165,10123116222,,,,
9166,10095745347,,,,
9167,10084547709,,,,
9168,10099022634,,,,
9169,10072329648,,,,
9170,10055223696,,,,
9171,10080341141,,,,
9172,10065016050,,,,
9173,10053222163,,,,
9174,10021931579,,,,
9175,10016108145,,,,
9176,10078439032,,,,
9177,10065015444,,,,
9178,10016104004,,,,
9179,10006289523,,,,
9180,10109519246,,,,
9181,10075824072,,,,
9182,10050850616,,,,
9183,10113605774,,,,
9184,10023236837,,,,
9185,10050715624,,,,
9186,10009366140,,,,
9187,10042363217,,,,
9188,10010177910,,,,
9189,10064451733,,,,
9190,10002191574,,,,
9191,10021933195,,,,
9192,10099134586,,,,
9193,10087577038,,,,
9194,10079681945,,,,
9195,10021677258,,,,
9196,10095845882,,,,
9197,10030159607,,,,
9198,10065928860,,,,
9199,10118893385,,,,
9200,10011162256,,,,
9201,10115009244,,,,
9202,10101946172,,,,
9203,10069191902,,,,
9204,10079681844,,,,
9205,10031546808,,,,
9206,10053130924,,,,
9207,10109512778,,,,
9208,10100511582,,,,
9209,10042451628,,,,
9210,10013456005,,,,
9211,10050023991,,,,
9212,10101945465,,,,
9213,10010114252,,,,
9214,10049549402,,,,
9215,10022697475,,,,
9216,10060100978,,,,
9217,10073516785,,,,
9218,10053157701,,,,
9219,10008976928,,,,
9220,10009232966,,,,
9221,10015338916,,,,
9222,10053235604,,,,
9223,10014173300,,,,
9224,10053236311,,,,
9225,10013167631,,,,
9226,10040912863,,,,
9227,10055650601,,,,
9228,10023459533,,,,
9229,10084177085,,,,
9230,10084051288,,,,
9231,10006399051,,,,
9232,10080770163,,,,
9233,10006570823,,,,
9234,10007738257,,,,
9235,10015440865,,,,
9236,10004469660,,,,
9237,10010655432,,,,
9238,10016128959,,,,
9239,10101945869,,,,
9240,10010800225,,,,
9241,10096169016,,,,
9242,10094619844,,,,
9243,10016805636,,,,
9244,10063636226,,,,
9245,10015469460,,,,
9246,10065659785,,,,
9247,10092946996,,,,
9248,10034909270,,,,
9249,10026261419,,,,
9250,10010170937,,,,
9251,10010718278,,,,
9252,10097462146,,,,
9253,10085602682,,,,
9254,10016000536,,,,
9255,10062942371,,,,
9256,10004474613,,,,
9257,10015567167,,,,
9258,10010169220,,,,
9259,10011023628,,,,
9260,10010608851,,,,
9261,10063981180,,,,
9262,10084256810,,,,
9263,10004552920,,,,
9264,10010725958,,,,
9265,10029943476,,,,
9266,10011047371,,,,
9267,10008691887,,,,
9268,10005991045,,,,
9269,10085563781,,,,
9270,10009069581,,,,
9271,10011057475,,,,
9272,10040477171,,,,
9273,10006896882,,,,
9274,10084757065,,,,
9275,10006256177,,,,
9276,10042501744,,,,
9277,10083485254,,,,
9278,10052690380,,,,
9279,10010880956,,,,
9280,10015339017,,,,
9281,10015328711,,,,
9282,10030434237,,,,
9283,10075987760,,,,
9284,10081003266,,,,
9285,10084189314,,,,
9286,10026187051,,,,
9287,10015510280,,,,
9288,10062151116,,,,
9289,10049768660,,,,
9290,10062576300,,,,
9291,10009914996,,,,
9292,10007708551,,,,
9293,10010789616,,,,
9294,10010177809,,,,
9295,10010619359,,,,
9296,10063250751,,,,
9297,10007077647,,,,
9298,10015781779,,,,
9299,10015286271,,,,
9300,10063606924,,,,
9301,10004739341,,,,
9302,10014218059,,,,
9303,10015336387,,,,
9304,10023672327,,,,
9305,10054069396,,,,
9306,10015559184,,,,
9307,10010095155,,,,
9308,10021587231,,,,
9309,10007782818,,,,
9310,10009102523,,,,
9311,10054660692,,,,
9312,10007760182,,,,
9313,10062544166,,,,
9314,10016235154,,,,
9315,10016799370,,,,
9316,10009216394,,,,
9317,10011128005,,,,
9318,10016277691,,,,
9319,10063830529,,,,
9320,10064212162,,,,
9321,10063767174,,,,
9322,10063520230,,,,
9323,10015997809,,,,
9324,10023676367,,,,
9325,10009862658,,,,
9326,10009258531,,,,
9327,10010765970,,,,
9328,10009162238,,,,
9329,10006489381,,,,
9330,10016112185,,,,
9331,10010656442,,,,
9332,10003299802,,,,
9333,10015145118,,,,
9334,10010176088,,,,
9335,10015191089,,,,
9336,10010979269,,,,
9337,10009508408,,,,
9338,10007934681,,,,
9339,10009808805,,,,
9340,10013559974,,,,
9341,10009138289,,,,
9342,10009643905,,,,
9343,10006265271,,,,
9344,10005489473,,,,
9345,10006649736,,,,
9346,10009727363,,,,
9347,10005729044,,,,
9348,10016322050,,,,
9349,10004828661,,,,
9350,10003522696,,,,
9351,10009137683,,,,
9352,10010900861,,,,
9353,10016203327,,,,
9354,10015855339,,,,
9355,10010665132,,,,
9356,10010094953,,,,
9357,10016025188,,,,
9358,10010671495,,,,
9359,10011172057,,,,
9360,10009219428,,,,
9361,10009497088,,,,
9362,10007751795,,,,
9363,10007786454,,,,
9364,10004742775,,,,
9365,10011043129,,,,
9366,10011061216,,,,
9367,10002741545,,,,
9368,10010719389,,,,
9369,10009674520,,,,
9370,10008601456,,,,
9371,10011057172,,,,
9372,10061232949,,,,
9373,10008696234,,,,
9374,10010582680,,,,
9375,10007189300,,,,
9376,10009673914,,,,
9377,10010651893,,,,
9378,10014473996,,,,
9379,10007236281,,,,
9380,10009509519,,,,
9381,10009056144,,,,
9382,10006410064,,,,
9383,10009157689,,,,
9384,10006603761,,,,
9385,10010924911,,,,
9386,10008948939,,,,
9387,10009513054,,,,
9388,10009103533,,,,
9389,10007207686,,,,
9390,10006902744,,,,
9391,10006321249,,,,
9392,10010700696,,,,
9393,10010653715,,,,
9394,10010590966,,,,
9395,10010108592,,,,
9396,10005917485,,,,
9397,10008949040,,,,
9398,10010841954,,,,
9399,10010927032,,,,
9400,10010698979,,,,
9401,10010612083,,,,
9402,10009509923,,,,
9403,10010168715,,,,
9404,10010926224,,,,
9405,10076778716,,,,
9406,10096343515,,,,
9407,10010823261,,,,
9408,10083748972,,,,
9409,10094277112,,,,
9410,10081888491,,,,
9411,10036104087,,,,
9412,10114876474,,,,
9413,10082275380,,,,
9414,10107613804,,,,
9415,10128040687,,,,
9416,10077742753,,,,
9417,10134896870,,,,
9418,10010180233,,,,
9419,10094087455,,,,
9420,10072127362,,,,
9421,10109286951,,,,
9422,10136470290,,,,
9423,10010810127,,,,
9424,10016040346,,,,
9425,10132762668,,,,
9426,10135666204,,,,
9427,10131998792,,,,
9428,10069680942,,,,
9429,10140336146,,,,
9430,10008664811,,,,
9431,10050588918,,,,
9432,10073727054,,,,
9433,10135666608,,,,
9434,10072016420,,,,
9435,10049102592,,,,
9436,10135666305,,,,
9437,10101982043,,,,
9438,10071191415,,,,
9439,10080746521,,,,
9440,10135666406,,,,
9441,10026615568,,,,
9442,10111004558,,,,
9443,10135666507,,,,
9444,10011131944,,,,
9445,10052780916,,,,
9446,10111509261,,,,
9447,10015198466,,,,
9448,10088130746,,,,
9449,10121917260,,,,
9450,10132546844,,,,
9451,10132620909,,,,
9452,10073661679,,,,
9453,10078069422,,,,
9454,10015225243,,,,
9455,10017612554,,,,
9456,10090168352,,,,
9457,10036124295,,,,
9458,10015264952,,,,
9459,10080445619,,,,
9460,10010785471,,,,
9461,10017612453,,,,
9462,10009073827,,,,
9463,10091241820,,,,
9464,10122030327,,,,
9465,10080501290,,,,
9466,10023652018,,,,
9467,10121028904,,,,
9468,10123469462,,,,
9469,10096552770,,,,
9470,10085001585,,,,
9471,10115778473,,,,
9472,10083470201,,,,
9473,10089597668,,,,
9474,10123474314,,,,
9475,10049102390,,,,
9476,10115741087,,,,
9477,10113467752,,,,
9478,10009677550,,,,
9479,10076035452,,,,
9480,10006139777,,,,
9481,10110725379,,,,
9482,10010713228,,,,
9483,10030478592,,,,
9484,10084177388,,,,
9485,10017492417,,,,
9486,10096722623,,,,
9487,10114931240,,,,
9488,10084176883,,,,
9489,10053952289,,,,
9490,10102020944,,,,
9491,10035487028,,,,
9492,10069926371,,,,
9493,10028799179,,,,
9494,10050720674,,,,
9495,10028734212,,,,
9496,10068823302,,,,
9497,10059286481,,,,
9498,10040979046,,,,
9499,10090742268,,,,
9500,10054289769,,,,
9501,10101703268,,,,
9502,10009021081,,,,
9503,10008625607,,,,
9504,10051245888,,,,
9505,10011154475,,,,
9506,10036107525,,,,
9507,10015954157,,,,
9508,10069117332,,,,
9509,10100511077,,,,
9510,10010798407,,,,
9511,10053141533,,,,
9512,10060960642,,,,
9513,10022764769,,,,
9514,10060598005,,,,
9515,10023622211,,,,
9516,10016200903,,,,
9517,10018660053,,,,
9518,10009914390,,,,
9519,10011150940,,,,
9520,10022712532,,,,
9521,10051342383,,,,
9522,10005510994,,,,
9523,10007211528,,,,
9524,10097461843,,,,
9525,10015346693,,,,
9526,10036059328,,,,
9527,10010179930,,,,
9528,10016795330,,,,
9529,10010580559,,,,
9530,10092435526,,,,
9531,10054140431,,,,
9532,10005850801,,,,
9533,10034905028,,,,
9534,10010746570,,,,
9535,10041864675,,,,
9536,10006077638,,,,
9537,10008173040,,,,
9538,10097462045,,,,
9539,10097461944,,,,
9540,10015283746,,,,
9541,10089974958,,,,
9542,10015975577,,,,
9543,10023572192,,,,
9544,10045927056,,,,
9545,10060627610,,,,
9546,10054563591,,,,
9547,10050375821,,,,
9548,10054557632,,,,
9549,10075048274,,,,
9550,10010921170,,,,
9551,10076377073,,,,
9552,10007242951,,,,
9553,10084666432,,,,
9554,10010813460,,,,
9555,10015781577,,,,
9556,10035471062,,,,
9557,10011139220,,,,
9558,10006654887,,,,
9559,10017440378,,,,
9560,10034898156,,,,
9561,10071427952,,,,
9562,10007806157,,,,
9563,10082872841,,,,
9564,10045809444,,,,
9565,10009098883,,,,
9566,10023464583,,,,
9567,10045804087,,,,
9568,10084304300,,,,
9569,10071485546,,,,
9570,10064646339,,,,
9571,10049182822,,,,
9572,10034825711,,,,
9573,10009319458,,,,
9574,10007860014,,,,
9575,10007515561,,,,
9576,10010808006,,,,
9577,10054554093,,,,
9578,10015441875,,,,
9579,10010199128,,,,
9580,10071485344,,,,
9581,10005299416,,,,
9582,10015652952,,,,
9583,10010199027,,,,
9584,10062863357,,,,
9585,10015763894,,,,
9586,10023447005,,,,
9587,10017296801,,,,
9588,10009512347,,,,
9589,10006646504,,,,
9590,10064646743,,,,
9591,10015447636,,,,
9592,10003836534,,,,
9593,10010181748,,,,
9594,10062860933,,,,
9595,10009850332,,,,
9596,10062862549,,,,
9597,10062863054,,,,
9598,10009184163,,,,
9599,10088433466,,,,
9600,10015427832,,,,
9601,10062095441,,,,
9602,10023843590,,,,
9603,10023861273,,,,
9604,10018858703,,,,
9605,10018960753,,,,
9606,10019160716,,,,
9607,10018510311,,,,
9608,10009485570,,,,
9609,10052012188,,,,
9610,10061466759,,,,
9611,10004631732,,,,
9612,10015336791,,,,
9613,10009638447,,,,
9614,10009196590,,,,
9615,10008965814,,,,
9616,10006789576,,,,
9617,10009090294,,,,
9618,10010602585,,,,
9619,10005270114,,,,
9620,10008673905,,,,
9621,10008964501,,,,
9622,10009508004,,,,
9623,10009089789,,,,
9624,10010700801,,,,
9625,10009690381,,,,
9626,10008902661,,,,
9627,10007742705,,,,
9628,10016317505,,,,
9629,10061404418,,,,
9630,10023544712,,,,
9631,10010698070,,,,
9632,10009719279,,,,
9633,10008964905,,,,
9634,10061336720,,,,
9635,10006328929,,,,
9636,10008954292,,,,
9637,10009215182,,,,
9638,10006326303,,,,
9639,10008967632,,,,
9640,10008954696,,,,
9641,10010691303,,,,
9642,10045877243,,,,
9643,10023476610,,,,
9644,10015975981,,,,
9645,10023476711,,,,
9646,10015959110,,,,
9647,10010746772,,,,
9648,10016309421,,,,
9649,10011129924,,,,
9650,10011032823,,,,
9651,10010115666,,,,
9652,10009514165,,,,
9653,10009325219,,,,
9654,10009964712,,,,
9655,10007498585,,,,
9656,10011038580,,,,
9657,10002730431,,,,
9658,10009711805,,,,
9659,10009972590,,,,
9660,10061257201,,,,
9661,10009142030,,,,
9662,10005512715,,,,
9663,10010933601,,,,
9664,10008884170,,,,
9665,10004884437,,,,
9666,10009641275,,,,
9667,10004716002,,,,
9668,10009726353,,,,
9669,10008691483,,,,
9670,10008091194,,,,
9671,10008938835,,,,
9672,10009972691,,,,
9673,10009639861,,,,
9674,10009517300,,,,
9675,10009183961,,,,
9676,10009021283,,,,
9677,10053708678,,,,
9678,10010885707,,,,
9679,10007501518,,,,
9680,10010886010,,,,
9681,10002482574,,,,
9682,10010885808,,,,
9683,10008939138,,,,
9684,10001568653,,,,
9685,10004724183,,,,
9686,10008690271,,,,
9687,10009060588,,,,
9688,10008927721,,,,
9689,10010786481,,,,
9690,10009371594,,,,
9691,10004678919,,,,
9692,10059070657,,,,
9693,10006187166,,,,
9694,10009672496,,,,
9695,10010582983,,,,
9696,10010718177,,,,
9697,10009034522,,,,
9698,10010842459,,,,
9699,10009512448,,,,
9700,10010591067,,,,
9701,10010842560,,,,
9702,10010920362,,,,
9703,10009863466,,,,
9704,10009323502,,,,
9705,10010660280,,,,
9706,10009711502,,,,
9707,10003562914,,,,
9708,10008674107,,,,
9709,10010972805,,,,
9710,10007350459,,,,
9711,10022056265,,,,
9712,10009668658,,,,
9713,10064106977,,,,
9714,10010182657,,,,
9715,10082954077,,,,
9716,10009808906,,,,
9717,10064777994,,,,
9718,10086136283,,,,
9719,10045966058,,,,
9720,10009115253,,,,
9721,10015510078,,,,
9722,10014872306,,,,
9723,10010915110,,,,
9724,10056232092,,,,
9725,10007808682,,,,
9726,10016636692,,,,
9727,10082684804,,,,
9728,10009445154,,,,
9729,10036438537,,,,
9730,10072671976,,,,
9731,10048818161,,,,
9732,10064418993,,,,
9733,10045969492,,,,
9734,10059063583,,,,
9735,10010800124,,,,
9736,10003026885,,,,
9737,10060036617,,,,
9738,10016341349,,,,
9739,10069724186,,,,
9740,10010201148,,,,
9741,10015529478,,,,
9742,10015334872,,,,
9743,10097392428,,,,
9744,10117937230,,,,
9745,10047208365,,,,
9746,10005780978,,,,
9747,10123466735,,,,
9748,10009117374,,,,
9749,10016236063,,,,
9750,10023913110,,,,
9751,10010666243,,,,
9752,10090478449,,,,
9753,10001441139,,,,
9754,10112162191,,,,
9755,10055035558,,,,
9756,10059182209,,,,
9757,10009862254,,,,
9758,10009882967,,,,
9759,10090489058,,,,
9760,10035447420,,,,
9761,10009515983,,,,
9762,10088227039,,,,
9763,10014843206,,,,
9764,10089042142,,,,
9765,10064556110,,,,
9766,10036108737,,,,
9767,10047309914,,,,
9768,10015660026,,,,
9769,10115013082,,,,
9770,10046095996,,,,
9771,10069184323,,,,
9772,10022750322,,,,
9773,10015509775,,,,
9774,10023161560,,,,
9775,10060355505,,,,
9776,10108823169,,,,
9777,10053375040,,,,
9778,10036352247,,,,
9779,10044298567,,,,
9780,10083678345,,,,
9781,10023395673,,,,
9782,10100626467,,,,
9783,10062331372,,,,
9784,10005886365,,,,
9785,10096162851,,,,
9786,10047417725,,,,
9787,10042531551,,,,
9788,10004712867,,,,
9789,10052500121,,,,
9790,10094659351,,,,
9791,10083581446,,,,
9792,10099945245,,,,
9793,10047282935,,,,
9794,10047448643,,,,
9795,10045732753,,,,
9796,10047208769,,,,
9797,10094208505,,,,
9798,10108293309,,,,
9799,10054051919,,,,
9800,10106833659,,,,
9801,10047281622,,,,
9802,10036482690,,,,
9803,10046049924,,,,
9804,10053554791,,,,
9805,10035363756,,,,
9806,10110306764,,,,
9807,10051796263,,,,
9808,10088798329,,,,
9809,10106816683,,,,
9810,10058506340,,,,
9811,10015335882,,,,
9812,10085002191,,,,
9813,10113125222,,,,
9814,10023522278,,,,
9815,10023482064,,,,
9816,10009914592,,,,
9817,10053374434,,,,
9818,10125042579,,,,
9819,10124902537,,,,
9820,10027578595,,,,
9821,10088541782,,,,
9822,10063516388,,,,
9823,10034780039,,,,
9824,10015326283,,,,
9825,10009969156,,,,
9826,10120255833,,,,
9827,10068663957,,,,
9828,10035376587,,,,
9829,10079599493,,,,
9830,10096616226,,,,
9831,10015327802,,,,
9832,10130947455,,,,
9833,10064779715,,,,
9834,10048803512,,,,
9835,10064381510,,,,
9836,10114109467,,,,
9837,10009636326,,,,
9838,10065064954,,,,
9839,10010088990,,,,
9840,10062074425,,,,
9841,10022797004,,,,
9842,10106794051,,,,
9843,10008686635,,,,
9844,10107445870,,,,
9845,10106735750,,,,
9846,10097022515,,,,
9847,10112168154,,,,
9848,10023593010,,,,
9849,10123068126,,,,
9850,10021186396,,,,
9851,10065016454,,,,
9852,10073908425,,,,
9853,10048561416,,,,
9854,10076427088,,,,
9855,10097252584,,,,
9856,10013559772,,,,
9857,10087479230,,,,
9858,10116798286,,,,
9859,10124901426,,,,
9860,10050053600,,,,
9861,10030483848,,,,
9862,10064970883,,,,
9863,10128885904,,,,
9864,10015510179,,,,
9865,10048395304,,,,
9866,10051358147,,,,
9867,10055650803,,,,
9868,10114213642,,,,
9869,10122999822,,,,
9870,10084206589,,,,
9871,10010797902,,,,
9872,10086193372,,,,
9873,10055138420,,,,
9874,10051245585,,,,
9875,10054101227,,,,
9876,10075797905,,,,
9877,10021429405,,,,
9878,10065464270,,,,
9879,10016056110,,,,
9880,10022726272,,,,
9881,10097572987,,,,
9882,10010636941,,,,
9883,10016105620,,,,
9884,10014585649,,,,
9885,10133963953,,,,
9886,10034785796,,,,
9887,10067470049,,,,
9888,10009124650,,,,
9889,10036458139,,,,
9890,10097134063,,,,
9891,10058975879,,,,
9892,10006285176,,,,
9893,10008646421,,,,
9894,10017340550,,,,
9895,10106940056,,,,
9896,10084203155,,,,
9897,10050550522,,,,
9898,10122009412,,,,
9899,10022140636,,,,
9900,10023294128,,,,
9901,10035470860,,,,
9902,10082559209,,,,
9903,10113783913,,,,
9904,10030319049,,,,
9905,10089600904,,,,
9906,10067657076,,,,
9907,10019773634,,,,
9908,10074644312,,,,
9909,10034803984,,,,
9910,10048404596,,,,
9911,10055814083,,,,
9912,10083967830,,,,
9913,10055098913,,,,
9914,10056353142,,,,
9915,10132339609,,,,
9916,10034804388,,,,
9917,10040986423,,,,
9918,10002266346,,,,
9919,10052015424,,,,
9920,10070043983,,,,
9921,10023131652,,,,
9922,10055683135,,,,
9923,10056455802,,,,
9924,10035360019,,,,
9925,10053789918,,,,
9926,10067247656,,,,
9927,10058460163,,,,
9928,10096637343,,,,
9929,10023347880,,,,
9930,10054420620,,,,
9931,10109909973,,,,
9932,10030616719,,,,
9933,10131995560,,,,
9934,10119904411,,,,
9935,10127275195,,,,
9936,10066239058,,,,
9937,10095821533,,,,
9938,10063850737,,,,
9939,10028942659,,,,
9940,10087440733,,,,
9941,10035335969,,,,
9942,10060991863,,,,
9943,10036442072,,,,
9944,10083135650,,,,
9945,10081907285,,,,
9946,10015335074,,,,
9947,10007739974,,,,
9948,10131727596,,,,
9949,10006180193,,,,
9950,10009183557,,,,
9951,10002919175,,,,
9952,10004779252,,,,
9953,10015331438,,,,
9954,10009968146,,,,
9955,10051466059,,,,
9956,10062462829,,,,
9957,10007272253,,,,
9958,10023307969,,,,
9959,10009762224,,,,
9960,10036070644,,,,
9961,10015326990,,,,
9962,10013559166,,,,
9963,10003045881,,,,
9964,10044253909,,,,
9965,10058537561,,,,
9966,10023524807,,,,
9967,10008946717,,,,
9968,10070453407,,,,
9969,10006501105,,,,
9970,10107777185,,,,
9971,10016189381,,,,
9972,10046105090,,,,
9973,10044466194,,,,
9974,10084576001,,,,
9975,10055223595,,,,
9976,10009721505,,,,
9977,10015978813,,,,
9978,10009914693,,,,
9979,10090740248,,,,
9980,10067434582,,,,
9981,10085379683,,,,
9982,10010198825,,,,
9983,10006543137,,,,
9984,10036076809,,,,
9985,10055774374,,,,
9986,10007829294,,,,
9987,10009690583,,,,
9988,10090769146,,,,
9989,10077531777,,,,
9990,10022025852,,,,
9991,10014629604,,,,
9992,10096343616,,,,
9993,10053795473,,,,
9994,10081107845,,,,
9995,10115022883,,,,
9996,10113991653,,,,
9997,10080636787,,,,
9998,10016189482,,,,
9999,10075296737,,,,
10000,10009692001,,,,
10001,10054710711,,,,
10002,10119264918,,,,
10003,10006655392,,,,
10004,10112266467,,,,
10005,10011057677,,,,
10006,10119264716,,,,
10007,10016005687,,,,
10008,10085002696,,,,
10009,10034955245,,,,
10010,10061145144,,,,
10011,10023852179,,,,
10012,10039727140,,,,
10013,10049916685,,,,
10014,10112268790,,,,
10015,10131372942,,,,
10016,10064705044,,,,
10017,10082240018,,,,
10018,10081561119,,,,
10019,10128736158,,,,
10020,10036015070,,,,
10021,10063930155,,,,
10022,10086076164,,,,
10023,10076751737,,,,
10024,10054263400,,,,
10025,10113469267,,,,
10026,10036017494,,,,
10027,10093888708,,,,
10028,10084417363,,,,
10029,10009838814,,,,
10030,10034962521,,,,
10031,10064963914,,,,
10032,10006893246,,,,
10033,10052927931,,,,
10034,10058982448,,,,
10035,10009115758,,,,
10036,10087531063,,,,
10037,10006185550,,,,
10038,10014629705,,,,
10039,10047254845,,,,
10040,10060624576,,,,
10041,10035349814,,,,
10042,10007278822,,,,
10043,10015335983,,,,
10044,10003139043,,,,
10045,10010830133,,,,
10046,10081576879,,,,
10047,10088752455,,,,
10048,10072906493,,,,
10049,10062755243,,,,
10050,10064641487,,,,
10051,10051439282,,,,
10052,10097622905,,,,
10053,10062680168,,,,
10054,10051579126,,,,
10055,10015328913,,,,
10056,10109554309,,,,
10057,10095213564,,,,
10058,10009020677,,,,
10059,10008623886,,,,
10060,10015559386,,,,
10061,10091280418,,,,
10062,10069238883,,,,
10063,10087481048,,,,
10064,10036018306,,,,
10065,10015339118,,,,
10066,10005942444,,,,
10067,10072342075,,,,
10068,10015780668,,,,
10069,10015267578,,,,
10070,10008635610,,,,
10071,10092576881,,,,
10072,10041679163,,,,
10073,10072487777,,,,
10074,10006552130,,,,
10075,10080149060,,,,
10076,10039894060,,,,
10077,10096162548,,,,
10078,10062736752,,,,
10079,10035434787,,,,
10080,10089961723,,,,
10081,10006881122,,,,
10082,10097019986,,,,
10083,10013295347,,,,
10084,10062452624,,,,
10085,10021266828,,,,
10086,10089222301,,,,
10087,10084206488,,,,
10088,10034843188,,,,
10089,10036042251,,,,
10090,10028752295,,,,
10091,10070266679,,,,
10092,10023469132,,,,
10093,10070411371,,,,
10094,10030264788,,,,
10095,10036081455,,,,
10096,10009044828,,,,
10097,10005791183,,,,
10098,10099472470,,,,
10099,10014860481,,,,
10100,10035362241,,,,
10101,10015151481,,,,
10102,10034971211,,,,
10103,10036017393,,,,
10104,10036043261,,,,
10105,10036055587,,,,
10106,10087479937,,,,
10107,10062018851,,,,
10108,10004616271,,,,
10109,10003100849,,,,
10110,10011138311,,,,
10111,10006274668,,,,
10112,10016189583,,,,
10113,10009513862,,,,
10114,10008991678,,,,
10115,10010797595,,,,
10116,10063606823,,,,
10117,10015335478,,,,
10118,10004625466,,,,
10119,10009403627,,,,
10120,10005965379,,,,
10121,10004623244,,,,
10122,10008920950,,,,
10123,10009038360,,,,
10124,10023827628,,,,
10125,10045991825,,,,
10126,10015461376,,,,
10127,10007771906,,,,
10128,10015483911,,,,
10129,10014662239,,,,
10130,10007733409,,,,
10131,10022075463,,,,
10132,10002848952,,,,
10133,10006462709,,,,
10134,10096728481,,,,
10135,10015762985,,,,
10136,10015585355,,,,
10137,10015510381,,,,
10138,10002849154,,,,
10139,10005454010,,,,
10140,10023904420,,,,
10141,10022207930,,,,
10142,10006888802,,,,
10143,10023847129,,,,
10144,10015341441,,,,
10145,10007199808,,,,
10146,10009081204,,,,
10147,10009683715,,,,
10148,10044572389,,,,
10149,10045364759,,,,
10150,10091016595,,,,
10151,10083931252,,,,
10152,10023483074,,,,
10153,10085003306,,,,
10154,10045622922,,,,
10155,10023483276,,,,
10156,10009809310,,,,
10157,10010751119,,,,
10158,10069353364,,,,
10159,10055221777,,,,
10160,10009495371,,,,
10161,10011053334,,,,
10162,10015287483,,,,
10163,10011139422,,,,
10164,10086775271,,,,
10165,10052178910,,,,
10166,10063679369,,,,
10167,10064951483,,,,
10168,10034951508,,,,
10169,10015979015,,,,
10170,10014858562,,,,
10171,10009135663,,,,
10172,10063468090,,,,
10173,10010801235,,,,
10174,10089915142,,,,
10175,10014456317,,,,
10176,10005346401,,,,
10177,10015335579,,,,
10178,10035541689,,,,
10179,10013443069,,,,
10180,10048857668,,,,
10181,10062141517,,,,
10182,10006289018,,,,
10183,10036578175,,,,
10184,10073892762,,,,
10185,10010098993,,,,
10186,10010857819,,,,
10187,10015571009,,,,
10188,10002526125,,,,
10189,10095298440,,,,
10190,10010593289,,,,
10191,10036578983,,,,
10192,10009570547,,,,
10193,10002810354,,,,
10194,10062512844,,,,
10195,10008937118,,,,
10196,10015390446,,,,
10197,10021311183,,,,
10198,10075184175,,,,
10199,10085003205,,,,
10200,10015326182,,,,
10201,10056296255,,,,
10202,10002426600,,,,
10203,10009914794,,,,
10204,10063595810,,,,
10205,10009226502,,,,
10206,10016034585,,,,
10207,10064237525,,,,
10208,10015334771,,,,
10209,10004603137,,,,
10210,10054151141,,,,
10211,10009137178,,,,
10212,10049188781,,,,
10213,10060359848,,,,
10214,10054318364,,,,
10215,10064934107,,,,
10216,10051368857,,,,
10217,10009203664,,,,
10218,10056178744,,,,
10219,10007890023,,,,
10220,10035344457,,,,
10221,10021930569,,,,
10222,10080569089,,,,
10223,10009521037,,,,
10224,10035025468,,,,
10225,10010697767,,,,
10226,10002523701,,,,
10227,10044681719,,,,
10228,10015340936,,,,
10229,10007829193,,,,
10230,10051474951,,,,
10231,10007498989,,,,
10232,10062568418,,,,
10233,10096870749,,,,
10234,10064872974,,,,
10235,10015708627,,,,
10236,10002192180,,,,
10237,10022230764,,,,
10238,10010808107,,,,
10239,10008964703,,,,
10240,10034932916,,,,
10241,10008688857,,,,
10242,10069650832,,,,
10243,10077354248,,,,
10244,10016040952,,,,
10245,10061611855,,,,
10246,10096344424,,,,
10247,10065464977,,,,
10248,10095119392,,,,
10249,10016191506,,,,
10250,10015397823,,,,
10251,10015999324,,,,
10252,10054339582,,,,
10253,10023484084,,,,
10254,10077467921,,,,
10255,10072671875,,,,
10256,10014242614,,,,
10257,10093542235,,,,
10258,10075184781,,,,
10259,10095119190,,,,
10260,10034967167,,,,
10261,10005316590,,,,
10262,10016279412,,,,
10263,10023481963,,,,
10264,10064733841,,,,
10265,10035316064,,,,
10266,10014669515,,,,
10267,10008900439,,,,
10268,10010915211,,,,
10269,10027974174,,,,
10270,10064646642,,,,
10271,10015565450,,,,
10272,10034937663,,,,
10273,10052589138,,,,
10274,10048454817,,,,
10275,10096890755,,,,
10276,10015225546,,,,
10277,10084256406,,,,
10278,10076238445,,,,
10279,10020780212,,,,
10280,10010880653,,,,
10281,10084277422,,,,
10282,10036173607,,,,
10283,10021306941,,,,
10284,10084661378,,,,
10285,10015646888,,,,
10286,10079505224,,,,
10287,10088655758,,,,
10288,10034947868,,,,
10289,10006502115,,,,
10290,10034918970,,,,
10291,10023433766,,,,
10292,10015510482,,,,
10293,10067678294,,,,
10294,10082433715,,,,
10295,10020982090,,,,
10296,10049921840,,,,
10297,10015540592,,,,
10298,10036440456,,,,
10299,10072256593,,,,
10300,10036078021,,,,
10301,10066995254,,,,
10302,10008679056,,,,
10303,10006406529,,,,
10304,10059449967,,,,
10305,10004602935,,,,
10306,10011156495,,,,
10307,10009135057,,,,
10308,10010170634,,,,
10309,10002895432,,,,
10310,10007795649,,,,
10311,10055349190,,,,
10312,10015484012,,,,
10313,10009118283,,,,
10314,10010646742,,,,
10315,10010116575,,,,
10316,10009119495,,,,
10317,10003089634,,,,
10318,10055224811,,,,
10319,10006284873,,,,
10320,10084753126,,,,
10321,10036581714,,,,
10322,10044033839,,,,
10323,10009669264,,,,
10324,10074513057,,,,
10325,10015326889,,,,
10326,10062492232,,,,
10327,10010880451,,,,
10328,10005506752,,,,
10329,10007817372,,,,
10330,10053568737,,,,
10331,10035150760,,,,
10332,10007296505,,,,
10333,10072329850,,,,
10334,10009980775,,,,
10335,10036577973,,,,
10336,10063900045,,,,
10337,10008658949,,,,
10338,10010660684,,,,
10339,10055931190,,,,
10340,10015334973,,,,
10341,10036580603,,,,
10342,10050430482,,,,
10343,10015701351,,,,
10344,10009882159,,,,
10345,10010879441,,,,
10346,10050429775,,,,
10347,10054804980,,,,
10348,10062568519,,,,
10349,10006503832,,,,
10350,10023487825,,,,
10351,10009715845,,,,
10352,10015587375,,,,
10353,10015216351,,,,
10354,10023483175,,,,
10355,10070008217,,,,
10356,10016040750,,,,
10357,10086673524,,,,
10358,10008884069,,,,
10359,10009639962,,,,
10360,10021073535,,,,
10361,10015874133,,,,
10362,10012904721,,,,
10363,10021707267,,,,
10364,10010179021,,,,
10365,10035150861,,,,
10366,10060851316,,,,
10367,10021664124,,,,
10368,10010790121,,,,
10369,10010585613,,,,
10370,10011143260,,,,
10371,10009189116,,,,
10372,10007740277,,,,
10373,10023466809,,,,
10374,10064363019,,,,
10375,10058808353,,,,
10376,10042288041,,,,
10377,10014940105,,,,
10378,10023481862,,,,
10379,10015999526,,,,
10380,10023549257,,,,
10381,10084256507,,,,
10382,10034916647,,,,
10383,10011073643,,,,
10384,10007773926,,,,
10385,10009139909,,,,
10386,10003553618,,,,
10387,10084256709,,,,
10388,10009044323,,,,
10389,10010881663,,,,
10390,10016220909,,,,
10391,10056279885,,,,
10392,10009232865,,,,
10393,10041037650,,,,
10394,10036581916,,,,
10395,10035376385,,,,
10396,10062592565,,,,
10397,10010778195,,,,
10398,10055220767,,,,
10399,10006480489,,,,
10400,10024527846,,,,
10401,10010881562,,,,
10402,10034936552,,,,
10403,10006578907,,,,
10404,10014152078,,,,
10405,10008999560,,,,
10406,10006711269,,,,
10407,10010853068,,,,
10408,10010604104,,,,
10409,10009138087,,,,
10410,10023868145,,,,
10411,10010852866,,,,
10412,10078998295,,,,
10413,10015141377,,,,
10414,10010674731,,,,
10415,10009629757,,,,
10416,10048798862,,,,
10417,10009331077,,,,
10418,10002525317,,,,
10419,10010920968,,,,
10420,10014714274,,,,
10421,10006148871,,,,
10422,10059835846,,,,
10423,10015331034,,,,
10424,10010639365,,,,
10425,10061279126,,,,
10426,10014455812,,,,
10427,10004779151,,,,
10428,10065496404,,,,
10429,10060036819,,,,
10430,10005791688,,,,
10431,10056436503,,,,
10432,10074512956,,,,
10433,10009986132,,,,
10434,10009436060,,,,
10435,10014510574,,,,
10436,10007191219,,,,
10437,10052597626,,,,
10438,10053569141,,,,
10439,10007826264,,,,
10440,10036579084,,,,
10441,10016558486,,,,
10442,10062601659,,,,
10443,10007589323,,,,
10444,10009118182,,,,
10445,10008650865,,,,
10446,10006322562,,,,
10447,10006410266,,,,
10448,10059164930,,,,
10449,10059594457,,,,
10450,10010799316,,,,
10451,10016134518,,,,
10452,10008921051,,,,
10453,10007724315,,,,
10454,10006888701,,,,
10455,10010766273,,,,
10456,10009173857,,,,
10457,10064738386,,,,
10458,10008882756,,,,
10459,10015341037,,,,
10460,10008676228,,,,
10461,10064212970,,,,
10462,10040480205,,,,
10463,10064874287,,,,
10464,10046256149,,,,
10465,10009043111,,,,
10466,10009045333,,,,
10467,10018823034,,,,
10468,10010717571,,,,
10469,10053702416,,,,
10470,10015761672,,,,
10471,10023222790,,,,
10472,10015267780,,,,
10473,10015587274,,,,
10474,10009850736,,,,
10475,10011163771,,,,
10476,10009148090,,,,
10477,10015286574,,,,
10478,10021453148,,,,
10479,10006415118,,,,
10480,10003220481,,,,
10481,10008971470,,,,
10482,10010600161,,,,
10483,10061308529,,,,
10484,10009233067,,,,
10485,10006410367,,,,
10486,10011030395,,,,
10487,10010782037,,,,
10488,10007808985,,,,
10489,10009149811,,,,
10490,10009233875,,,,
10491,10005601732,,,,
10492,10004717214,,,,
10493,10009034421,,,,
10494,10008837286,,,,
10495,10008684817,,,,
10496,10010199431,,,,
10497,10002521172,,,,
10498,10007256287,,,,
10499,10014484912,,,,
10500,10061348743,,,,
10501,10006151804,,,,
10502,10003267163,,,,
10503,10010741520,,,,
10504,10011081929,,,,
10505,10015205136,,,,
10506,10009123741,,,,
10507,10014965363,,,,
10508,10009551652,,,,
10509,10005985688,,,,
10510,10023481761,,,,
10511,10010661900,,,,
10512,10010656341,,,,
10513,10015997607,,,,
10514,10003157332,,,,
10515,10008996227,,,,
10516,10061349652,,,,
10517,10015337195,,,,
10518,10010966135,,,,
10519,10009811835,,,,
10520,10016310936,,,,
10521,10003087816,,,,
10522,10009676641,,,,
10523,10052961071,,,,
10524,10008997035,,,,
10525,10015336993,,,,
10526,10008891749,,,,
10527,10015185635,,,,
10528,10016022966,,,,
10529,10009776671,,,,
10530,10014015773,,,,
10531,10010200946,,,,
10532,10010916827,,,,
10533,10014254435,,,,
10534,10009090193,,,,
10535,10016149470,,,,
10536,10009150619,,,,
10537,10007504750,,,,
10538,10004791376,,,,
10539,10008819304,,,,
10540,10007722695,,,,
10541,10015202005,,,,
10542,10003292526,,,,
10543,10009140515,,,,
10544,10009870439,,,,
10545,10011076168,,,,
10546,10004882316,,,,
10547,10010792545,,,,
10548,10007947314,,,,
10549,10011136287,,,,
10550,10015323758,,,,
10551,10009089688,,,,
10552,10015341239,,,,
10553,10010970680,,,,
10554,10018306914,,,,
10555,10009215283,,,,
10556,10014964858,,,,
10557,10019395738,,,,
10558,10010879340,,,,
10559,10011159125,,,,
10560,10009038461,,,,
10561,10009226195,,,,
10562,10016102788,,,,
10563,10015661541,,,,
10564,10010862263,,,,
10565,10014506534,,,,
10566,10007748765,,,,
10567,10006662668,,,,
10568,10008999762,,,,
10569,10004602329,,,,
10570,10007898107,,,,
10571,10008700779,,,,
10572,10009137481,,,,
10573,10009809512,,,,
10574,10004614049,,,,
10575,10003220582,,,,
10576,10006654685,,,,
10577,10009762426,,,,
10578,10010626534,,,,
10579,10003309401,,,,
10580,10010041403,,,,
10581,10007200616,,,,
10582,10004626274,,,,
10583,10009329461,,,,
10584,10010105663,,,,
10585,10061257100,,,,
10586,10008922162,,,,
10587,10006551726,,,,
10588,10004658307,,,,
10589,10007199404,,,,
10590,10007137362,,,,
10591,10006410973,,,,
10592,10008837185,,,,
10593,10007273263,,,,
10594,10006887788,,,,
10595,10007520110,,,,
10596,10010932183,,,,
10597,10009672702,,,,
10598,10010657957,,,,
10599,10009067359,,,,
10600,10061296001,,,,
10601,10061232848,,,,
10602,10009197196,,,,
10603,10008976524,,,,
10604,10010084445,,,,
10605,10009042909,,,,
10606,10010745560,,,,
10607,10010846705,,,,
10608,10010599757,,,,
10609,10009233269,,,,
10610,10007892851,,,,
10611,10009849120,,,,
10612,10009097368,,,,
10613,10009144656,,,,
10614,10010885909,,,,
10615,10010741318,,,,
10616,10006497162,,,,
10617,10010187004,,,,
10618,10009512953,,,,
10619,10010861455,,,,
10620,10010856607,,,,
10621,10009733326,,,,
10622,10009320468,,,,
10623,10010886212,,,,
10624,10010677963,,,,
10625,10010917635,,,,
10626,10010784764,,,,
10627,10009199018,,,,
10628,10007126854,,,,
10629,10009149912,,,,
10630,10006987519,,,,
10631,10007754021,,,,
10632,10007772512,,,,
10633,10010630473,,,,
10634,10051438070,,,,
10635,10011029486,,,,
10636,10005453404,,,,
10637,10011079808,,,,
10638,10007501215,,,,
10639,10009081507,,,,
10640,10007272556,,,,
10641,10010916928,,,,
10642,10010917029,,,,
10643,10009194873,,,,
10644,10010674226,,,,
10645,10015172602,,,,
10646,10008918223,,,,
10647,10008957124,,,,
10648,10008957023,,,,
10649,10009875691,,,,
10650,10010628655,,,,
10651,10014674565,,,,
10652,10014674666,,,,
10653,10010680084,,,,
10654,10010917736,,,,
10655,10006335700,,,,
10656,10006891125,,,,
10657,10007808480,,,,
10658,10010089903,,,,
10659,10004960623,,,,
10660,10009712411,,,,
10661,10009861042,,,,
10662,10010090105,,,,
10663,10121012837,,,,
10664,10064256420,,,,
10665,10049183226,,,,
10666,10083911751,,,,
10667,10065074553,,,,
10668,10111517547,,,,
10669,10096414546,,,,
10670,10055641709,,,,
10671,10018805654,,,,
10672,10086187615,,,,
10673,10090732366,,,,
10674,10065057678,,,,
10675,10070869594,,,,
10676,10091593848,,,,
10677,10124125426,,,,
10678,10093710064,,,,
10679,10089622021,,,,
10680,10082192124,,,,
10681,10096739696,,,,
10682,10088213400,,,,
10683,10099673544,,,,
10684,10078190266,,,,
10685,10112268184,,,,
10686,10023711329,,,,
10687,10035271709,,,,
10688,10034781554,,,,
10689,10123059739,,,,
10690,10050492019,,,,
10691,10122961628,,,,
10692,10055701222,,,,
10693,10116148992,,,,
10694,10089660417,,,,
10695,10045784485,,,,
10696,10063566912,,,,
10697,10023315851,,,,
10698,10036435103,,,,
10699,10050337526,,,,
10700,10036388522,,,,
10701,10018856275,,,,
10702,10074582573,,,,
10703,10077271392,,,,
10704,10087921386,,,,
10705,10093656817,,,,
10706,10006386422,,,,
10707,10002619081,,,,
10708,10083968436,,,,
10709,10084093526,,,,
10710,10086199739,,,,
10711,10082228500,,,,
10712,10096739700,,,,
10713,10070541515,,,,
10714,10112960625,,,,
10715,10112364073,,,,
10716,10056384969,,,,
10717,10065315437,,,,
10718,10028969941,,,,
10719,10082953875,,,,
10720,10021779918,,,,
10721,10016001243,,,,
10722,10087839241,,,,
10723,10085147085,,,,
10724,10106639255,,,,
10725,10032461436,,,,
10726,10082866070,,,,
10727,10007471307,,,,
10728,10016025390,,,,
10729,10081212323,,,,
10730,10061141912,,,,
10731,10079704981,,,,
10732,10036013959,,,,
10733,10006136646,,,,
10734,10014992342,,,,
10735,10014592319,,,,
10736,10096481941,,,,
10737,10013766203,,,,
10738,10084499815,,,,
10739,10015761369,,,,
10740,10009191742,,,,
10741,10083106651,,,,
10742,10016311744,,,,
10743,10010830032,,,,
10744,10016055096,,,,
10745,10054395762,,,,
10746,10086136182,,,,
10747,10014641930,,,,
10748,10030262263,,,,
10749,10009505677,,,,
10750,10023958172,,,,
10751,10036348510,,,,
10752,10084187694,,,,
10753,10016005889,,,,
10754,10035323542,,,,
10755,10003064978,,,,
10756,10060616593,,,,
10757,10008668144,,,,
10758,10080258184,,,,
10759,10007378448,,,,
10760,10040173138,,,,
10761,10009728777,,,,
10762,10084176782,,,,
10763,10009402617,,,,
10764,10086404247,,,,
10765,10008932670,,,,
10766,10007731486,,,,
10767,10014189262,,,,
10768,10006241326,,,,
10769,10003266456,,,,
10770,10064889445,,,,
10771,10082219709,,,,
10772,10009098782,,,,
10773,10016025491,,,,
10774,10009996034,,,,
10775,10077470547,,,,
10776,10023877946,,,,
10777,10014756916,,,,
10778,10053315931,,,,
10779,10006886172,,,,
10780,10023925335,,,,
10781,10034951003,,,,
10782,10084277018,,,,
10783,10009517296,,,,
10784,10006241124,,,,
10785,10023863596,,,,
10786,10065902588,,,,
10787,10008435344,,,,
10788,10023732345,,,,
10789,10023783774,,,,
10790,10014119342,,,,
10791,10015978914,,,,
10792,10034968379,,,,
10793,10035449440,,,,
10794,10051866385,,,,
10795,10009517195,,,,
10796,10023769024,,,,
10797,10011137604,,,,
10798,10063490625,,,,
10799,10005846353,,,,
10800,10010171341,,,,
10801,10006492415,,,,
10802,10011200753,,,,
10803,10002697085,,,,
10804,10062610349,,,,
10805,10016190896,,,,
10806,10025685479,,,,
10807,10006603458,,,,
10808,10009507903,,,,
10809,10008974302,,,,
10810,10063589847,,,,
10811,10053124658,,,,
10812,10014178451,,,,
10813,10015902021,,,,
10814,10015565349,,,,
10815,10004598891,,,,
10816,10005972554,,,,
10817,10023531372,,,,
10818,10023828436,,,,
10819,10054534390,,,,
10820,10010171139,,,,
10821,10023726786,,,,
10822,10015781274,,,,
10823,10040140200,,,,
10824,10017958623,,,,
10825,10015761975,,,,
10826,10016147854,,,,
10827,10035415286,,,,
10828,10059053277,,,,
10829,10009097570,,,,
10830,10016034888,,,,
10831,10023928769,,,,
10832,10010691404,,,,
10833,10008672689,,,,
10834,10008651572,,,,
10835,10050427452,,,,
10836,10007742196,,,,
10837,10009969560,,,,
10838,10009690078,,,,
10839,10010805982,,,,
10840,10009364221,,,,
10841,10010579650,,,,
10842,10007530315,,,,
10843,10009236909,,,,
10844,10006659941,,,,
10845,10014842192,,,,
10846,10007836267,,,,
10847,10023464684,,,,
10848,10014119544,,,,
10849,10015593237,,,,
10850,10010198623,,,,
10851,10016200596,,,,
10852,10010797090,,,,
10853,10010923291,,,,
10854,10004725395,,,,
10855,10061332979,,,,
10856,10010674327,,,,
10857,10015266770,,,,
10858,10004399639,,,,
10859,10010129410,,,,
10860,10011038378,,,,
10861,10009137885,,,,
10862,10009838713,,,,
10863,10010792747,,,,
10864,10010796181,,,,
10865,10044497924,,,,
10866,10009701091,,,,
10867,10061355110,,,,
10868,10006570621,,,,
10869,10009673409,,,,
10870,10015857965,,,,
10871,10007534860,,,,
10872,10009099388,,,,
10873,10006660446,,,,
10874,10010752533,,,,
10875,10007199707,,,,
10876,10001575020,,,,
10877,10010752634,,,,
10878,10061282964,,,,
10879,10009301876,,,,
10880,10010753543,,,,
10881,10008949444,,,,
10882,10011042826,,,,
10883,10010718682,,,,
10884,10006406428,,,,
10885,10003039316,,,,
10886,10061392694,,,,
10887,10005486241,,,,
10888,10010766677,,,,
10889,10061260534,,,,
10890,10004882720,,,,
10891,10007074011,,,,
10892,10003568065,,,,
10893,10010857920,,,,
10894,10008976726,,,,
10895,10010929456,,,,
10896,10009670678,,,,
10897,10010588340,,,,
10898,10010100714,,,,
10899,10061304384,,,,
10900,10010680185,,,,
10901,10014473895,,,,
10902,10010589754,,,,
10903,10010870044,,,,
10904,10008988042,,,,
10905,10009057558,,,,
10906,10010726867,,,,
10907,10006881223,,,,
10908,10011026456,,,,
10909,10010754553,,,,
10910,10011030496,,,,
10911,10003966169,,,,
10912,10011046462,,,,
10913,10009326633,,,,
10914,10010916726,,,,
10915,10054335037,,,,
10916,10004829772,,,,
10917,10009204472,,,,
10918,10010842762,,,,
10919,10009056750,,,,
10920,10010842863,,,,
10921,10009874075,,,,
10922,10010842964,,,,
10923,10010842257,,,,
10924,10010875603,,,,
10925,10010846806,,,,
10926,10005441882,,,,
10927,10010724241,,,,
10928,10009056245,,,,
10929,10010590057,,,,
10930,10009514064,,,,
10931,10077998589,,,,
10932,10086000281,,,,
10933,10088793982,,,,
10934,10060058845,,,,
10935,10058485324,,,,
10936,10074385442,,,,
10937,10060020146,,,,
10938,10114954781,,,,
10939,10123581418,,,,
10940,10055134376,,,,
10941,10079601315,,,,
10942,10123135622,,,,
10943,10036434089,,,,
10944,10089643643,,,,
10945,10111052654,,,,
10946,10011034035,,,,
10947,10119693031,,,,
10948,10113991855,,,,
10949,10052928032,,,,
10950,10099917963,,,,
10951,10009777277,,,,
10952,10049534850,,,,
10953,10092628213,,,,
10954,10097623006,,,,
10955,10015835030,,,,
10956,10050619735,,,,
10957,10064778200,,,,
10958,10055517831,,,,
10959,10016946284,,,,
10960,10092043987,,,,
10961,10088740028,,,,
10962,10085481434,,,,
10963,10084615205,,,,
10964,10061148073,,,,
10965,10001343331,,,,
10966,10011140937,,,,
10967,10023831264,,,,
10968,10015229586,,,,
10969,10062780505,,,,
10970,10097672819,,,,
10971,10094576495,,,,
10972,10058956580,,,,
10973,10026193721,,,,
10974,10073760501,,,,
10975,10089622930,,,,
10976,10061161817,,,,
10977,10030059977,,,,
10978,10016205347,,,,
10979,10021363929,,,,
10980,10016036205,,,,
10981,10035387196,,,,
10982,10082219002,,,,
10983,10072341974,,,,
10984,10054788513,,,,
10985,10005797752,,,,
10986,10023948977,,,,
10987,10023911187,,,,
10988,10088470751,,,,
10989,10056525621,,,,
10990,10011013221,,,,
10991,10002225223,,,,
10992,10036578882,,,,
10993,10009137380,,,,
10994,10014868868,,,,
10995,10015658612,,,,
10996,10006264362,,,,
10997,10002307671,,,,
10998,10010923493,,,,
10999,10014178754,,,,
11000,10010941580,,,,
11001,10009191035,,,,
11002,10008938734,,,,
11003,10084261456,,,,
11004,10009224882,,,,
11005,10008838401,,,,
11006,10010842156,,,,
11007,10010937641,,,,
11008,10004874838,,,,
11009,10009228320,,,,
11010,10009870944,,,,
11011,10010737779,,,,
11012,10009971681,,,,
11013,10010790222,,,,
11014,10009322892,,,,
11015,10002665460,,,,
11016,10009189722,,,,
11017,10010926325,,,,
11018,10009860133,,,,
11019,10009968045,,,,
11020,10010930769,,,,
11021,10010926426,,,,
11022,10006185045,,,,
11023,10010637042,,,,
11024,10010838924,,,,
11025,10050409567,,,,
11026,10009387358,,,,
11027,10015341845,,,,
11028,10090759345,,,,
11029,10007708955,,,,
11030,10130237638,,,,
11031,10136134733,,,,
11032,10111052351,,,,
11033,10107403737,,,,
11034,10098911082,,,,
11035,10117669872,,,,
11036,10111403571,,,,
11037,10095257519,,,,
11038,10120130844,,,,
11039,10009457076,,,,
11040,10047403981,,,,
11041,10122153595,,,,
11042,10114935583,,,,
11043,10009075948,,,,
11044,10046242207,,,,
11045,10107054941,,,,
11046,10050876985,,,,
11047,10067530471,,,,
11048,10132677287,,,,
11049,10064297644,,,,
11050,10009097166,,,,
11051,10104624685,,,,
11052,10050606496,,,,
11053,10016314370,,,,
11054,10053215695,,,,
11055,10050623977,,,,
11056,10116486977,,,,
11057,10050321964,,,,
11058,10050536576,,,,
11059,10069418436,,,,
11060,10083099779,,,,
11061,10071493933,,,,
11062,10119189237,,,,
11063,10112269093,,,,
11064,10068681337,,,,
11065,10018705725,,,,
11066,10051360268,,,,
11067,10050583359,,,,
11068,10123466836,,,,
11069,10107658664,,,,
11070,10010971690,,,,
11071,10009354319,,,,
11072,10015167952,,,,
11073,10114936189,,,,
11074,10050731081,,,,
11075,10107054133,,,,
11076,10050945996,,,,
11077,10091456129,,,,
11078,10050022779,,,,
11079,10050517378,,,,
11080,10114912749,,,,
11081,10050536879,,,,
11082,10050590029,,,,
11083,10072439479,,,,
11084,10045987781,,,,
11085,10013070227,,,,
11086,10050589322,,,,
11087,10014555842,,,,
11088,10018895580,,,,
11089,10052497390,,,,
11090,10014748024,,,,
11091,10096309159,,,,
11092,10063596719,,,,
11093,10015535239,,,,
11094,10019294593,,,,
11095,10096396257,,,,
11096,10049057025,,,,
11097,10009371392,,,,
11098,10014217150,,,,
11099,10015200082,,,,
11100,10080685489,,,,
11101,10060344084,,,,
11102,10055119020,,,,
11103,10009069985,,,,
11104,10051981270,,,,
11105,10085255506,,,,
11106,10054793563,,,,
11107,10064406465,,,,
11108,10015715293,,,,
11109,10015975779,,,,
11110,10018142317,,,,
11111,10034990914,,,,
11112,10006065514,,,,
11113,10009225084,,,,
11114,10009722313,,,,
11115,10016092684,,,,
11116,10010175785,,,,
11117,10021090511,,,,
11118,10067742962,,,,
11119,10012571685,,,,
11120,10009003402,,,,
11121,10064804468,,,,
11122,10064734043,,,,
11123,10013534716,,,,
11124,10011191053,,,,
11125,10035459140,,,,
11126,10064876513,,,,
11127,10023873906,,,,
11128,10023774276,,,,
11129,10052202754,,,,
11130,10005300123,,,,
11131,10016316693,,,,
11132,10009142232,,,,
11133,10061350258,,,,
11134,10014519062,,,,
11135,10023545217,,,,
11136,10009315014,,,,
11137,10061355211,,,,
11138,10023458927,,,,
11139,10016200802,,,,
11140,10018656720,,,,
11141,10061357029,,,,
11142,10011171855,,,,
11143,10061289331,,,,
11144,10007199909,,,,
11145,10001459327,,,,
11146,10009410091,,,,
11147,10010587734,,,,
11148,10010108693,,,,
11149,10010101017,,,,
11150,10007829496,,,,
11151,10009059881,,,,
11152,10010105158,,,,
11153,10010675842,,,,
11154,10010105259,,,,
11155,10010876108,,,,
11156,10064643410,,,,
11157,10107750917,,,,
11158,10095257317,,,,
11159,10130636954,,,,
11160,10004922126,,,,
11161,10009697657,,,,
11162,10128980981,,,,
11163,10136223851,,,,
11164,10136223952,,,,
11165,10023054254,,,,
11166,10044493072,,,,
11167,10127341075,,,,
11168,10045970910,,,,
11169,10095808294,,,,
11170,10071596690,,,,
11171,10097391519,,,,
11172,10096349272,,,,
11173,10018728256,,,,
11174,10080487247,,,,
11175,10023963428,,,,
11176,10086733037,,,,
11177,10088256038,,,,
11178,10073485059,,,,
11179,10048427333,,,,
11180,10095240139,,,,
11181,10023482569,,,,
11182,10073026129,,,,
11183,10006680149,,,,
11184,10015972850,,,,
11185,10010857718,,,,
11186,10053583386,,,,
11187,10017296595,,,,
11188,10041885085,,,,
11189,10062786262,,,,
11190,10021674228,,,,
11191,10062078263,,,,
11192,10062081293,,,,
11193,10014662340,,,,
11194,10063015022,,,,
11195,10062568721,,,,
11196,10084782731,,,,
11197,10022121741,,,,
11198,10062607016,,,,
11199,10023483579,,,,
11200,10023483377,,,,
11201,10061669045,,,,
11202,10004715695,,,,
11203,10011325237,,,,
11204,10015486840,,,,
11205,10015341946,,,,
11206,10016127141,,,,
11207,10080004772,,,,
11208,10011025345,,,,
11209,10084753328,,,,
11210,10063016941,,,,
11211,10084752924,,,,
11212,10083967729,,,,
11213,10126914275,,,,
11214,10105358653,,,,
11215,10065504686,,,,
11216,10051918020,,,,
11217,10112577170,,,,
11218,10114718951,,,,
11219,10123581115,,,,
11220,10127630762,,,,
11221,10075234796,,,,
11222,10092411476,,,,
11223,10022213283,NZL,28.03.2000,ACTIVE,MORRISON Liam
11224,10021893688,NZL,13.10.2001,ACTIVE,CRAINE Ethan
11225,10007212639,CAN,04.07.1991,INACTIVE,BARRETTE Hugo
11226,10006666596,,,,
11227,10008098470,JPN,07.02.1985,INACTIVE,KAWABATA Tomoyuki
11228,10009232662,,,,
11229,10003100120,,,,
11230,10029748163,ITA,03.05.1999,INACTIVE,PESCHIERA Simone
11231,10081958819,FRA,12.02.2002,ACTIVE,MICHAUX Julie
11232,10011146694,AUS,10.03.1999,INACTIVE,BRISTER James
11233,10049098855,MAS,26.04.2000,INACTIVE,MASRI Amar Danial
11234,10006108083,,,,
11235,10007897295,RUS,06.03.1994,ACTIVE,SHARAPOV Alexander
11236,10009009260,AUS,06.04.1995,INACTIVE,CLARKE Thomas
11237,10007271546,RUS,08.04.1993,INACTIVE,SHURSHIN Nikita
11238,10007294683,CZE,08.02.1993,ACTIVE,WAGNER Robin
11239,10021883584,NZL,08.08.2001,ACTIVE,DAVIES Cameron
11240,10021849030,NZL,23.04.2003,ACTIVE,AUDEAU Michael
11241,10021708277,NZL,09.01.2003,ACTIVE,FITZSIMONS Mitchel
11242,10075041204,NZL,18.07.2003,ACTIVE,MACLEOD Ryan
11243,10034956154,RUS,29.10.2000,ACTIVE,BURLAKOV Danila
11244,10015977803,BLR,23.06.2000,ACTIVE,HLOVA Aliaksandr
11245,10049101683,MAS,06.03.2001,ACTIVE,SAHROM Muhammad Ridwan
11246,10036435406,GER,10.04.2001,ACTIVE,JÄGER Julien
11247,10015267174,RUS,12.01.1999,ACTIVE,ROSTOV Pavel
11248,10007828183,KAZ,28.09.1993,ACTIVE,VORZHEV Pavel
11249,10007772108,RUS,19.02.1995,ACTIVE,DUBCHENKO Aleksandr
11250,10010114555,KAZ,11.07.1998,INACTIVE,NALYOTOV Maxim
11251,10021858225,NZL,21.05.2003,ACTIVE,BORRIE Morgan
11252,10067882301,NZL,03.04.2004,ACTIVE,CONNOLLY Redmond
11253,10021707772,NZL,24.02.2004,INACTIVE,FISH Jonathan
11254,10022218337,NZL,15.03.2003,ACTIVE,MURPHY Finnegan
11255,10073838202,NZL,23.06.2004,ACTIVE,SANDERS D'arcy
11256,10022021812,NZL,06.01.2004,ACTIVE,WHYTE Jaxson
11257,10028995102,ITA,21.10.2001,ACTIVE,BIANCHI Matteo
11258,10061956813,HUN,03.11.2001,INACTIVE,LOVASSY Patrik Rómeó
11259,10090555241,UKR,29.12.1997,INACTIVE,STOVBETSKYI Dmytro
11260,10015339522,CHN,01.05.1995,ACTIVE,GUO Shuai
11261,10010773549,JPN,29.02.1996,ACTIVE,OBARA Yuta
11262,10103100120,,,,
11263,10109017243,,,,
11264,10152089586,,,,
11265,10007904369,AUS,01.02.1994,ACTIVE,WARD Caitlin
11266,10009504667,USA,13.01.1996,INACTIVE,MELLEN James
11267,10009012391,NZL,16.10.1995,ACTIVE,SAUNDERS Callum
11268,10007501821,TTO,29.12.1993,ACTIVE,ALEXANDER Quincy
11269,10005964571,JPN,14.01.1990,INACTIVE,AMAGAI Kazuki
11270,10059067223,NZL,27.01.2005,ACTIVE,BANKS Hamish
11271,10110592310,NZL,16.08.2005,ACTIVE,CLARK Conrad
11272,10086701210,NZL,22.05.2005,ACTIVE,HANNON Wilson
11273,10069352758,NZL,18.03.2004,INACTIVE,FOOTE Joshua
11274,10111767727,NZL,26.11.2005,ACTIVE,AUDEAU Thomas
11275,10109615943,NZL,19.08.2005,ACTIVE,KERR Tom
11276,10097209542,NZL,06.10.2004,INACTIVE,FRASER Xavier
11277,10086400611,NZL,17.08.2004,INACTIVE,HENDERSON Scott
11278,10009009159,THA,16.02.1995,ACTIVE,ANGSUTHASAWIT Jai
11279,10088726789,UKR,23.12.2000,ACTIVE,DENYSENKO Vladyslav
11280,10111152354,,,,
11281,10090680735,JPN,24.09.1992,INACTIVE,MATSUI Koyu
11282,10009154558,SIN,18.06.1996,ACTIVE,MOHAMED YUSOFF Mohamed Elyas
11283,10010645732,MAS,03.12.1997,ACTIVE,MOHD ZONIS Muhammad Fadhil
11284,10021114658,JPN,08.06.1999,ACTIVE,NAKANO Shinji
11285,10007827880,JPN,02.11.1993,ACTIVE,SHINZAN Kyohei
11286,10055137915,HUN,10.08.1993,ACTIVE,SZABO Norbert
11287,10163279447,,,,
11288,10050002066,GER,31.07.2000,ACTIVE,HÖHNE Anton
11289,10034964036,ISR,01.09.2000,INACTIVE,YAKOVLEV Mikhail
11290,10084168092,JOR,18.03.2003,INACTIVE,AL SADEQ Oyis
11291,10048839884,ECU,26.10.2000,ACTIVE,BONE NAZARENO Francisco Miguel
11292,10010829123,ECU,05.12.1997,INACTIVE,PACHECO RODRIGUEZ Pablo Emilio
11293,10010743439,RSA,24.06.1997,ACTIVE,SPARROW Mitchell
11294,10085951478,NZL,13.01.2006,INACTIVE,BONESS Nate
11295,10083759480,NZL,16.03.2007,ACTIVE,EDWARDS Finn
11296,10084687852,NZL,11.01.2007,ACTIVE,SCHULER Alex
11297,10069242220,NZL,10.04.2006,ACTIVE,HANSEN Ryan
11298,10109736282,NZL,22.06.2007,ACTIVE,BLYTH Jonathan
11299,10098242388,NZL,31.07.2006,ACTIVE,FODEN Alex
11300,10109024445,NZL,23.11.2006,ACTIVE,GERKEN Jack
11301,10123615669,NZL,21.07.1990,INACTIVE,HENDRY Rosita
11302,10112656588,NZL,17.10.2007,ACTIVE,JOHNSON Cooper
11303,10021769713,NZL,25.01.2001,ACTIVE,KING Olivia
11304,10087428003,NZL,15.02.2006,ACTIVE,MANSON George
11305,10022169029,NZL,10.07.2000,ACTIVE,MARSHALL Nicole
11306,10115054007,NZL,22.11.2007,ACTIVE,PARSONS Josh
11307,10107707467,NZL,16.01.2006,ACTIVE,PENE Wolf
11308,10099751952,NZL,01.08.2006,ACTIVE,RAMSEY Liam
11309,10108840246,NZL,02.07.2007,ACTIVE,RILEY Leighton
11310,10099751245,NZL,01.02.2006,INACTIVE,STEWART Benjamin
11311,10108985544,NZL,09.02.2007,INACTIVE,UNDERWOOD Flynn
11312,10022075968,NZL,18.09.1979,ACTIVE,VENTER Geertien
11313,10050098500,,,,
11314,10127688255,AUS,19.04.2005,ACTIVE,STANTON-KEIR Jaydan
11315,10050626809,IND,22.06.2002,ACTIVE,LAITONJAM Ronaldo
11316,10057795513,JAM,14.03.2002,ACTIVE,REID Malik
11317,10015145724,AUS,17.04.1999,ACTIVE,RICHARDSON Matthew
11318,10112155929,NZL,10.08.2006,ACTIVE,JAMIESON Magnus
11319,10123398734,NZL,28.05.2008,INACTIVE,KWON David
11320,10099012934,NZL,05.04.2008,ACTIVE,MURPHY Benjamin
11321,10109021516,NZL,03.05.2008,ACTIVE,WOOLLETT Zachery
11322,10135490691,NZL,15.06.2008,ACTIVE,CUI Yongxi Jade
11323,10101588383,NZL,18.07.2008,ACTIVE,HANNON Joshua
11324,10098239661,NZL,08.04.2007,ACTIVE,JOHNSON Noah
11325,10136001155,NZL,15.11.2006,ACTIVE,PARKER Oscar
11326,10123254345,NZL,14.07.1989,ACTIVE,RAMAGE Peter
11327,10109817118,NZL,27.09.2006,ACTIVE,SIMS Edward
11328,10122126923,NZL,17.08.2007,ACTIVE,SPATH Samuel
11329,10097210552,NZL,01.12.2007,ACTIVE,TURNBULL Robert
11330,10136846974,NZL,04.08.2003,ACTIVE,WESTMORELAND Louis
11331,10010170331,LTU,18.11.1997,ACTIVE,BENIUŠIS Justas
11332,10049099865,KOR,16.02.2002,ACTIVE,KANG Seojun
11333,10111168448,NZL,28.03.2007,ACTIVE,BELL Daniel
11334,10086700907,NZL,28.09.2004,ACTIVE,BLACKWOOD Luke
11335,10124110571,NZL,11.03.2003,ACTIVE,BOOTH Bryant
11336,10054379392,NZL,15.02.2004,ACTIVE,CAVANAGH Liam
11337,10021915920,NZL,03.02.2001,ACTIVE,CLANCY Patrick
11338,10126095132,NZL,06.04.2008,ACTIVE,CLARK Oliver
11339,10021942491,NZL,04.01.2003,ACTIVE,COUSINS Ewan
11340,10132721747,NZL,28.04.2008,INACTIVE,FREE Andre
11341,10101588383,NZL,18.07.2008,ACTIVE,HANNON Joshua
11342,10061103314,NZL,28.03.2008,INACTIVE,JOHNSTON Jesse
11343,10097209138,NZL,11.06.2008,ACTIVE,KELLY Lachlan
11344,10123398734,NZL,28.05.2008,INACTIVE,KWON David
11345,10022147003,NZL,03.06.2002,ACTIVE,LIPP Sebastian
11346,10123151988,NZL,08.11.2007,ACTIVE,MCGUIGAN Bertie
11347,10073010062,NZL,03.12.1995,INACTIVE,SHEPHERD Daniel
11348,10089899883,NZL,18.10.2008,ACTIVE,STREET Luke
11349,10088306962,NZL,20.03.1992,ACTIVE,WATTS Chris
11350,10099751952,NZL,01.08.2006,ACTIVE,RAMSEY Liam
11351,10110592310,NZL,16.08.2005,ACTIVE,CLARK Conrad
11352,10109024445,NZL,23.11.2006,ACTIVE,GERKEN Jack
11353,10109817118,NZL,27.09.2006,ACTIVE,SIMS Edward
11354,10069242220,NZL,10.04.2006,ACTIVE,HANSEN Ryan
11355,10059067223,NZL,27.01.2005,ACTIVE,BANKS Hamish
11356,10129509229,IRI,26.10.2005,ACTIVE,ALIZADEHGHANNAD Amir
11357,10136962768,AUS,05.11.2006,ACTIVE,ARBERY Kai
11358,10135663372,AUS,14.01.2006,ACTIVE,BLAND Xavier
11359,10128449909,AUS,30.11.2005,ACTIVE,GROTH Ricky
11360,10135667315,AUS,20.07.2006,ACTIVE,MASON Noah
11361,10136969135,AUS,09.02.2006,ACTIVE,RYAN Tayte
11362,10136968529,AUS,02.09.2006,ACTIVE,VAN NIEKERK Niel
11363,10054985644,USA,17.02.1990,ACTIVE,ALVORD III James
11364,10092163118,EGY,21.08.2002,ACTIVE,HASSAN Hussein
11365,10009150215,MAS,26.11.1995,ACTIVE,SAHROM Muhammad Shah Firdaus
11366,10122266258,EGY,19.03.2001,ACTIVE,SALEM Abdelrahman
11367,10135663372,AUS,14.01.2006,ACTIVE,BLAND Xavier
11368,10048493011,AUS,23.12.1999,ACTIVE,DAVIES Byron
11369,10072874969,AUS,02.10.1996,INACTIVE,MADDERN Jade
11370,10061341164,AUS,17.10.2000,ACTIVE,POLLARD Ned
11371,10075185084,AUS,22.05.2001,INACTIVE,TROVAS John
11372,10050942562,IND,18.07.1999,ACTIVE,AGASHE Shushikala
11373,10085954007,NZL,29.01.2004,ACTIVE,AITKEN Kyle
11374,10021855595,NZL,11.09.2003,ACTIVE,AKEROYD Rhylee
11375,10084168092,JOR,18.03.2003,INACTIVE,AL SADEQ Oyis
11376,10113665893,EGY,18.01.2004,ACTIVE,ALLAM Khaled
11377,10021847313,NZL,17.10.2002,ACTIVE,ANDERSON Mya
11378,10009062006,ITA,08.04.1995,INACTIVE,ANDREOTTI Maila
11379,10015442077,NZL,31.12.1999,INACTIVE,ANDREWS Ellesse
11380,10009009159,THA,16.02.1995,ACTIVE,ANGSUTHASAWIT Jai
11381,10009190227,ESP,13.12.1996,ACTIVE,ARAIZ AGUIRRE Gudane
11382,10015442380,NZL,12.08.1999,INACTIVE,ARBUCKLE Libby
11383,10006442501,GEO,29.07.1990,INACTIVE,ASKURAVA David
11384,10021849030,NZL,23.04.2003,ACTIVE,AUDEAU Michael
11385,10111767727,NZL,26.11.2005,ACTIVE,AUDEAU Thomas
11386,10004868370,MAS,05.01.1988,ACTIVE,AWANG Mohd Azizulhasni
11387,10004868370,MAS,05.01.1988,ACTIVE,AWANG Mohd Azizulhasni
11388,10056177128,MAS,21.07.2003,ACTIVE,AZIZAN Nurul Aliana Syafika
11389,10015553124,ESP,23.07.1999,INACTIVE,AZPITARTE MUÑOZ Iker
11390,10104770791,NZL,12.04.2006,ACTIVE,BAKER Meghan
11391,10059067223,NZL,27.01.2005,ACTIVE,BANKS Hamish
11392,10010717268,CHN,03.11.1997,ACTIVE,BAO Shanju
11393,10004594447,UKR,16.07.1988,INACTIVE,BASOVA Liubov
11394,10004594447,UKR,16.07.1988,INACTIVE,BASOVA Liubov
11395,10004594447,UKR,16.07.1988,INACTIVE,BASOVA Liubov
11396,10004594447,UKR,16.07.1988,INACTIVE,BASOVA Liubov
11397,10004594447,UKR,16.07.1988,INACTIVE,BASOVA Liubov
11398,10004594447,UKR,16.07.1988,INACTIVE,BASOVA Liubov
11399,10004594447,UKR,16.07.1988,INACTIVE,BASOVA Liubov
11400,10004594447,UKR,16.07.1988,INACTIVE,BASOVA Liubov
11401,10014178552,GBR,24.10.1999,ACTIVE,BATE Lauren
11402,10014178552,GBR,24.10.1999,ACTIVE,BATE Lauren
11403,10014178552,GBR,24.10.1999,ACTIVE,BATE Lauren
11404,10003096708,FRA,31.01.1985,ACTIVE,BAUGE Grégory
11405,10009040279,COL,12.08.1995,ACTIVE,BAYONA PINEDA Martha
11406,10009040279,COL,12.08.1995,ACTIVE,BAYONA PINEDA Martha
11407,10009040279,COL,12.08.1995,ACTIVE,BAYONA PINEDA Martha
11408,10009040279,COL,12.08.1995,ACTIVE,BAYONA PINEDA Martha
11409,10009040279,COL,12.08.1995,ACTIVE,BAYONA PINEDA Martha
11410,10009040279,COL,12.08.1995,ACTIVE,BAYONA PINEDA Martha
11411,10009040279,COL,12.08.1995,ACTIVE,BAYONA PINEDA Martha
11412,10009040279,COL,12.08.1995,ACTIVE,BAYONA PINEDA Martha
11413,10009040279,COL,12.08.1995,ACTIVE,BAYONA PINEDA Martha
11414,10122258174,NZL,10.08.2007,ACTIVE,BEALE Eliana
11415,10059070960,AUS,02.05.1981,ACTIVE,BEITZEL Felice
11416,10064452743,GBR,06.10.1999,ACTIVE,BELL Lauren
11417,10111168448,NZL,28.03.2007,ACTIVE,BELL Daniel
11418,10010170331,LTU,18.11.1997,ACTIVE,BENIUŠIS Justas
11419,10083950450,AUS,24.11.2002,INACTIVE,BENNETT Eliza
11420,10075826193,UKR,19.05.2003,ACTIVE,BILETSKA Alla
11421,10075826193,UKR,19.05.2003,ACTIVE,BILETSKA Alla
11422,10075826193,UKR,19.05.2003,ACTIVE,BILETSKA Alla
11423,10075826193,UKR,19.05.2003,ACTIVE,BILETSKA Alla
11424,10075826193,UKR,19.05.2003,ACTIVE,BILETSKA Alla
11425,10075826193,UKR,19.05.2003,ACTIVE,BILETSKA Alla
11426,10075826193,UKR,19.05.2003,ACTIVE,BILETSKA Alla
11427,10010713935,ITA,10.01.1997,ACTIVE,BISSOLATI Elena
11428,10010713935,ITA,10.01.1997,ACTIVE,BISSOLATI Elena
11429,10010713935,ITA,10.01.1997,ACTIVE,BISSOLATI Elena
11430,10010713935,ITA,10.01.1997,ACTIVE,BISSOLATI Elena
11431,10010713935,ITA,10.01.1997,ACTIVE,BISSOLATI Elena
11432,10086700907,NZL,28.09.2004,ACTIVE,BLACKWOOD Luke
11433,10099752558,NZL,24.07.2006,ACTIVE,BLACKWOOD Jodie
11434,10086700907,NZL,28.09.2004,ACTIVE,BLACKWOOD Luke
11435,10099752558,NZL,24.07.2006,ACTIVE,BLACKWOOD Jodie
11436,10086700907,NZL,28.09.2004,ACTIVE,BLACKWOOD Luke
11437,10086700907,NZL,28.09.2004,ACTIVE,BLACKWOOD Luke
11438,10086700907,NZL,28.09.2004,ACTIVE,BLACKWOOD Luke
11439,10099752558,NZL,24.07.2006,ACTIVE,BLACKWOOD Jodie
11440,10099752558,NZL,24.07.2006,ACTIVE,BLACKWOOD Jodie
11441,10086700907,NZL,28.09.2004,ACTIVE,BLACKWOOD Luke
11442,10086700907,NZL,28.09.2004,ACTIVE,BLACKWOOD Luke
11443,10086700907,NZL,28.09.2004,ACTIVE,BLACKWOOD Luke
11444,10099752558,NZL,24.07.2006,ACTIVE,BLACKWOOD Jodie
11445,10086700907,NZL,28.09.2004,ACTIVE,BLACKWOOD Luke
11446,10099752558,NZL,24.07.2006,ACTIVE,BLACKWOOD Jodie
11447,10109736282,NZL,22.06.2007,ACTIVE,BLYTH Jonathan
11448,10085951478,NZL,13.01.2006,INACTIVE,BONESS Nate
11449,10085951478,NZL,13.01.2006,INACTIVE,BONESS Nate
11450,10085951478,NZL,13.01.2006,INACTIVE,BONESS Nate
11451,10072398356,USA,01.06.2000,ACTIVE,BOONE Evan
11452,10124110571,NZL,11.03.2003,ACTIVE,BOOTH Bryant
11453,10124110571,NZL,11.03.2003,ACTIVE,BOOTH Bryant
11454,10124110571,NZL,11.03.2003,ACTIVE,BOOTH Bryant
11455,10124110571,NZL,11.03.2003,ACTIVE,BOOTH Bryant
11456,10021858225,NZL,21.05.2003,ACTIVE,BORRIE Morgan
11457,10010894696,ARG,23.04.1986,INACTIVE,BOTTASSO Leandro
11458,10048325582,GER,01.02.1992,ACTIVE,BÖTTICHER Stefan
11459,10048325582,GER,01.02.1992,ACTIVE,BÖTTICHER Stefan
11460,10048325582,GER,01.02.1992,ACTIVE,BÖTTICHER Stefan
11461,10048325582,GER,01.02.1992,ACTIVE,BÖTTICHER Stefan
11462,10048325582,GER,01.02.1992,ACTIVE,BÖTTICHER Stefan
11463,10048325582,GER,01.02.1992,ACTIVE,BÖTTICHER Stefan
11464,10007618524,NED,18.05.1991,INACTIVE,BRASPENNINCX Shanne
11465,10007618524,NED,18.05.1991,INACTIVE,BRASPENNINCX Shanne
11466,10007618524,NED,18.05.1991,INACTIVE,BRASPENNINCX Shanne
11467,10007618524,NED,18.05.1991,INACTIVE,BRASPENNINCX Shanne
11468,10007618524,NED,18.05.1991,INACTIVE,BRASPENNINCX Shanne
11469,10007618524,NED,18.05.1991,INACTIVE,BRASPENNINCX Shanne
11470,10007618524,NED,18.05.1991,INACTIVE,BRASPENNINCX Shanne
11471,10007618524,NED,18.05.1991,INACTIVE,BRASPENNINCX Shanne
11472,10007618524,NED,18.05.1991,INACTIVE,BRASPENNINCX Shanne
11473,10007618524,NED,18.05.1991,INACTIVE,BRASPENNINCX Shanne
11474,10067881893,NZL,19.08.2004,ACTIVE,BREEN Alana
11475,10067881893,NZL,19.08.2004,ACTIVE,BREEN Alana
11476,10067881893,NZL,19.08.2004,ACTIVE,BREEN Alana
11477,10006063086,GRE,12.03.1990,ACTIVE,BRETAS Sotirios
11478,10006063086,GRE,12.03.1990,ACTIVE,BRETAS Sotirios
11479,10006063086,GRE,12.03.1990,ACTIVE,BRETAS Sotirios
11480,10006063086,GRE,12.03.1990,ACTIVE,BRETAS Sotirios
11481,10006063086,GRE,12.03.1990,ACTIVE,BRETAS Sotirios
11482,10006063086,GRE,12.03.1990,ACTIVE,BRETAS Sotirios
11483,10009010876,TTO,31.01.1994,ACTIVE,BROWNE Kwesi
11484,10009010876,TTO,31.01.1994,ACTIVE,BROWNE Kwesi
11485,10009010876,TTO,31.01.1994,ACTIVE,BROWNE Kwesi
11486,10006900421,NED,13.12.1992,ACTIVE,BÜCHLI Matthijs
11487,10006900421,NED,13.12.1992,ACTIVE,BÜCHLI Matthijs
11488,10006900421,NED,13.12.1992,ACTIVE,BÜCHLI Matthijs
11489,10099753770,NZL,25.04.2005,INACTIVE,BUFFERY Ella
11490,10004765209,FRA,30.01.1988,ACTIVE,CALEYRON Quentin
11491,10004765209,FRA,30.01.1988,ACTIVE,CALEYRON Quentin
11492,10006604771,ESP,16.06.1992,ACTIVE,CALVO BARBERO Tania
11493,10006604771,ESP,16.06.1992,ACTIVE,CALVO BARBERO Tania
11494,10006604771,ESP,16.06.1992,ACTIVE,CALVO BARBERO Tania
11495,10006604771,ESP,16.06.1992,ACTIVE,CALVO BARBERO Tania
11496,10006604771,ESP,16.06.1992,ACTIVE,CALVO BARBERO Tania
11497,10006604771,ESP,16.06.1992,ACTIVE,CALVO BARBERO Tania
11498,10006604771,ESP,16.06.1992,ACTIVE,CALVO BARBERO Tania
11499,10006604771,ESP,16.06.1992,ACTIVE,CALVO BARBERO Tania
11500,10010171442,GBR,04.09.1998,ACTIVE,CAPEWELL Sophie
11501,10010171442,GBR,04.09.1998,ACTIVE,CAPEWELL Sophie
11502,10010171442,GBR,04.09.1998,ACTIVE,CAPEWELL Sophie
11503,10010171442,GBR,04.09.1998,ACTIVE,CAPEWELL Sophie
11504,10010171442,GBR,04.09.1998,ACTIVE,CAPEWELL Sophie
11505,10010171442,GBR,04.09.1998,ACTIVE,CAPEWELL Sophie
11506,10010171442,GBR,04.09.1998,ACTIVE,CAPEWELL Sophie
11507,10010171442,GBR,04.09.1998,ACTIVE,CAPEWELL Sophie
11508,10010171442,GBR,04.09.1998,ACTIVE,CAPEWELL Sophie
11509,10029804040,ITA,25.10.2000,ACTIVE,CAPOBIANCHI Giada
11510,10029804040,ITA,25.10.2000,ACTIVE,CAPOBIANCHI Giada
11511,10029804040,ITA,25.10.2000,ACTIVE,CAPOBIANCHI Giada
11512,10029804040,ITA,25.10.2000,ACTIVE,CAPOBIANCHI Giada
11513,10029804040,ITA,25.10.2000,ACTIVE,CAPOBIANCHI Giada
11514,10029804040,ITA,25.10.2000,ACTIVE,CAPOBIANCHI Giada
11515,10009967641,GBR,23.04.1997,ACTIVE,CARLIN Jack
11516,10009967641,GBR,23.04.1997,ACTIVE,CARLIN Jack
11517,10009967641,GBR,23.04.1997,ACTIVE,CARLIN Jack
11518,10009967641,GBR,23.04.1997,ACTIVE,CARLIN Jack
11519,10009967641,GBR,23.04.1997,ACTIVE,CARLIN Jack
11520,10009967641,GBR,23.04.1997,ACTIVE,CARLIN Jack
11521,10009967641,GBR,23.04.1997,ACTIVE,CARLIN Jack
11522,10009967641,GBR,23.04.1997,ACTIVE,CARLIN Jack
11523,10009967641,GBR,23.04.1997,ACTIVE,CARLIN Jack
11524,10068955361,FRA,25.03.2003,ACTIVE,CARON Oscar
11525,10068955361,FRA,25.03.2003,ACTIVE,CARON Oscar
11526,10004616877,ESP,24.07.1988,ACTIVE,CASAS ROIGE Helena
11527,10004616877,ESP,24.07.1988,ACTIVE,CASAS ROIGE Helena
11528,10004616877,ESP,24.07.1988,ACTIVE,CASAS ROIGE Helena
11529,10004616877,ESP,24.07.1988,ACTIVE,CASAS ROIGE Helena
11530,10004616877,ESP,24.07.1988,ACTIVE,CASAS ROIGE Helena
11531,10004616877,ESP,24.07.1988,ACTIVE,CASAS ROIGE Helena
11532,10004616877,ESP,24.07.1988,ACTIVE,CASAS ROIGE Helena
11533,10004616877,ESP,24.07.1988,ACTIVE,CASAS ROIGE Helena
11534,10004616877,ESP,24.07.1988,ACTIVE,CASAS ROIGE Helena
11535,10004616877,ESP,24.07.1988,ACTIVE,CASAS ROIGE Helena
11536,10004616877,ESP,24.07.1988,ACTIVE,CASAS ROIGE Helena
11537,10004616877,ESP,24.07.1988,ACTIVE,CASAS ROIGE Helena
11538,10054379392,NZL,15.02.2004,ACTIVE,CAVANAGH Liam
11539,10054379392,NZL,15.02.2004,ACTIVE,CAVANAGH Liam
11540,10054379392,NZL,15.02.2004,ACTIVE,CAVANAGH Liam
11541,10054379392,NZL,15.02.2004,ACTIVE,CAVANAGH Liam
11542,10054379392,NZL,15.02.2004,ACTIVE,CAVANAGH Liam
11543,10054379392,NZL,15.02.2004,ACTIVE,CAVANAGH Liam
11544,10054379392,NZL,15.02.2004,ACTIVE,CAVANAGH Liam
11545,10054379392,NZL,15.02.2004,ACTIVE,CAVANAGH Liam
11546,10054379392,NZL,15.02.2004,ACTIVE,CAVANAGH Liam
11547,10054379392,NZL,15.02.2004,ACTIVE,CAVANAGH Liam
11548,10054379392,NZL,15.02.2004,ACTIVE,CAVANAGH Liam
11549,10010166590,CZE,20.10.1998,ACTIVE,ČECHMAN Martin
11550,10010166590,CZE,20.10.1998,ACTIVE,ČECHMAN Martin
11551,10010166590,CZE,20.10.1998,ACTIVE,ČECHMAN Martin
11552,10010166590,CZE,20.10.1998,ACTIVE,ČECHMAN Martin
11553,10010166590,CZE,20.10.1998,ACTIVE,ČECHMAN Martin
11554,10010166590,CZE,20.10.1998,ACTIVE,ČECHMAN Martin
11555,10010166590,CZE,20.10.1998,ACTIVE,ČECHMAN Martin
11556,10010166590,CZE,20.10.1998,ACTIVE,ČECHMAN Martin
11557,10010166590,CZE,20.10.1998,ACTIVE,ČECHMAN Martin
11558,10010166590,CZE,20.10.1998,ACTIVE,ČECHMAN Martin
11559,10010166590,CZE,20.10.1998,ACTIVE,ČECHMAN Martin
11560,10010166590,CZE,20.10.1998,ACTIVE,ČECHMAN Martin
11561,10010166590,CZE,20.10.1998,ACTIVE,ČECHMAN Martin
11562,10007508083,ITA,06.09.1993,ACTIVE,CECI Davide
11563,10006108083,,,,
11564,10007508083,ITA,06.09.1993,ACTIVE,CECI Davide
11565,10006108083,,,,
11566,10006073493,ITA,18.12.1989,ACTIVE,CECI Francesco
11567,10006108083,,,,
11568,10007508083,ITA,06.09.1993,ACTIVE,CECI Davide
11569,10006108083,,,,
11570,10007508083,ITA,06.09.1993,ACTIVE,CECI Davide
11571,10113857873,GRE,29.09.2004,ACTIVE,CHAROVAS Miltiadis
11572,10113857873,GRE,29.09.2004,ACTIVE,CHAROVAS Miltiadis
11573,10113857873,GRE,29.09.2004,ACTIVE,CHAROVAS Miltiadis
11574,10009316024,GBR,29.09.1995,ACTIVE,OWENS Ryan
11575,10009316024,GBR,29.09.1995,ACTIVE,OWENS Ryan
11576,10011163973,TPE,25.11.1999,ACTIVE,陳CHEN 靖云 Ching Yun
11577,10021917940,NZL,23.01.2002,ACTIVE,CHRISTIE Henrietta
11578,10021917940,NZL,23.01.2002,ACTIVE,CHRISTIE Henrietta
11579,10023551075,KAZ,17.01.2000,ACTIVE,CHUGAY Andrey
11580,10023551075,KAZ,17.01.2000,ACTIVE,CHUGAY Andrey
11581,10023551075,KAZ,17.01.2000,ACTIVE,CHUGAY Andrey
11582,10023551075,KAZ,17.01.2000,ACTIVE,CHUGAY Andrey
11583,10023551075,KAZ,17.01.2000,ACTIVE,CHUGAY Andrey
11584,10004617988,FRA,01.04.1988,INACTIVE,CLAIR Sandie
11585,10004617988,FRA,01.04.1988,INACTIVE,CLAIR Sandie
11586,10004617988,FRA,01.04.1988,INACTIVE,CLAIR Sandie
11587,10021915920,NZL,03.02.2001,ACTIVE,CLANCY Patrick
11588,10021915920,NZL,03.02.2001,ACTIVE,CLANCY Patrick
11589,10021915920,NZL,03.02.2001,ACTIVE,CLANCY Patrick
11590,10021915920,NZL,03.02.2001,ACTIVE,CLANCY Patrick
11591,10021915920,NZL,03.02.2001,ACTIVE,CLANCY Patrick
11592,10021915920,NZL,03.02.2001,ACTIVE,CLANCY Patrick
11593,10021915920,NZL,03.02.2001,ACTIVE,CLANCY Patrick
11594,10021915920,NZL,03.02.2001,ACTIVE,CLANCY Patrick
11595,10021915920,NZL,03.02.2001,ACTIVE,CLANCY Patrick
11596,10021915920,NZL,03.02.2001,ACTIVE,CLANCY Patrick
11597,10021915920,NZL,03.02.2001,ACTIVE,CLANCY Patrick
11598,10021915920,NZL,03.02.2001,ACTIVE,CLANCY Patrick
11599,10110592310,NZL,16.08.2005,ACTIVE,CLARK Conrad
11600,10126095132,NZL,06.04.2008,ACTIVE,CLARK Oliver
11601,10110592310,NZL,16.08.2005,ACTIVE,CLARK Conrad
11602,10110592310,NZL,16.08.2005,ACTIVE,CLARK Conrad
11603,10110592310,NZL,16.08.2005,ACTIVE,CLARK Conrad
11604,10010775973,AUS,13.04.1998,ACTIVE,CLONAN Kristina
11605,10010775973,AUS,13.04.1998,ACTIVE,CLONAN Kristina
11606,10010775973,AUS,13.04.1998,ACTIVE,CLONAN Kristina
11607,10053568131,CHI,15.09.1998,ACTIVE,COLILEF BARRIOS Daniela
11608,10018749474,IRL,16.10.1997,INACTIVE,COLLINS Autumn
11609,10135403900,NZL,30.05.2008,ACTIVE,COLLINS Minnie
11610,10135403900,NZL,30.05.2008,ACTIVE,COLLINS Minnie
11611,10067882301,NZL,03.04.2004,ACTIVE,CONNOLLY Redmond
11612,10067882301,NZL,03.04.2004,ACTIVE,CONNOLLY Redmond
11613,10067882301,NZL,03.04.2004,ACTIVE,CONNOLLY Redmond
11614,10099016267,NZL,08.07.2005,INACTIVE,CORDERY Gemma
11615,10099016267,NZL,08.07.2005,INACTIVE,CORDERY Gemma
11616,10010931880,GUA,17.03.1997,INACTIVE,CORDON PAZ Luis
11617,10055349695,AUS,15.02.2000,ACTIVE,CORNISH Thomas
11618,10055349695,AUS,15.02.2000,ACTIVE,CORNISH Thomas
11619,10055349695,AUS,15.02.2000,ACTIVE,CORNISH Thomas
11620,10055349695,AUS,15.02.2000,ACTIVE,CORNISH Thomas
11621,10055349695,AUS,15.02.2000,ACTIVE,CORNISH Thomas
11622,10021942491,NZL,04.01.2003,ACTIVE,COUSINS Ewan
11623,10021942491,NZL,04.01.2003,ACTIVE,COUSINS Ewan
11624,10021942491,NZL,04.01.2003,ACTIVE,COUSINS Ewan
11625,10021942491,NZL,04.01.2003,ACTIVE,COUSINS Ewan
11626,10021942491,NZL,04.01.2003,ACTIVE,COUSINS Ewan
11627,10021942491,NZL,04.01.2003,ACTIVE,COUSINS Ewan
11628,10021942491,NZL,04.01.2003,ACTIVE,COUSINS Ewan
11629,10021893688,NZL,13.10.2001,ACTIVE,CRAINE Ethan
11630,10135490691,NZL,15.06.2008,ACTIVE,CUI Yongxi Jade
11631,10135490691,NZL,15.06.2008,ACTIVE,CUI Yongxi Jade
11632,10010747681,NZL,20.02.1998,INACTIVE,CUMMING Emma
11633,10010747681,NZL,20.02.1998,INACTIVE,CUMMING Emma
11634,10010747681,NZL,20.02.1998,INACTIVE,CUMMING Emma
11635,10010747681,NZL,20.02.1998,INACTIVE,CUMMING Emma
11636,10010747681,NZL,20.02.1998,INACTIVE,CUMMING Emma
11637,10010747681,NZL,20.02.1998,INACTIVE,CUMMING Emma
11638,10009175574,CZE,12.04.1996,ACTIVE,FANTA Jiří
11639,10010624918,NZL,04.09.1996,ACTIVE,DAKIN Sam
11640,10010624918,NZL,04.09.1996,ACTIVE,DAKIN Sam
11641,10010624918,NZL,04.09.1996,ACTIVE,DAKIN Sam
11642,10010624918,NZL,04.09.1996,ACTIVE,DAKIN Sam
11643,10010624918,NZL,04.09.1996,ACTIVE,DAKIN Sam
11644,10010624918,NZL,04.09.1996,ACTIVE,DAKIN Sam
11645,10010624918,NZL,04.09.1996,ACTIVE,DAKIN Sam
11646,10010624918,NZL,04.09.1996,ACTIVE,DAKIN Sam
11647,10010624918,NZL,04.09.1996,ACTIVE,DAKIN Sam
11648,10010624918,NZL,04.09.1996,ACTIVE,DAKIN Sam
11649,10088729419,UKR,21.05.2002,ACTIVE,DANYLCHUK Bohdan
11650,10088729419,UKR,21.05.2002,ACTIVE,DANYLCHUK Bohdan
11651,10088729419,UKR,21.05.2002,ACTIVE,DANYLCHUK Bohdan
11652,10088729419,UKR,21.05.2002,ACTIVE,DANYLCHUK Bohdan
11653,10021883584,NZL,08.08.2001,ACTIVE,DAVIES Cameron
11654,10048493011,AUS,23.12.1999,ACTIVE,DAVIES Byron
11655,10048493011,AUS,23.12.1999,ACTIVE,DAVIES Byron
11656,10048493011,AUS,23.12.1999,ACTIVE,DAVIES Byron
11657,10021883584,NZL,08.08.2001,ACTIVE,DAVIES Cameron
11658,10048493011,AUS,23.12.1999,ACTIVE,DAVIES Byron
11659,10005782695,NZL,11.07.1989,INACTIVE,DAWKINS Edward
11660,10005782695,NZL,11.07.1989,INACTIVE,DAWKINS Edward
11661,10005782695,NZL,11.07.1989,INACTIVE,DAWKINS Edward
11662,10005782695,NZL,11.07.1989,INACTIVE,DAWKINS Edward
11663,10005782695,NZL,11.07.1989,INACTIVE,DAWKINS Edward
11664,10005782695,NZL,11.07.1989,INACTIVE,DAWKINS Edward
11665,10005782695,NZL,11.07.1989,INACTIVE,DAWKINS Edward
11666,10086399803,NZL,31.12.2000,ACTIVE,DAY Dylan Keith Alby
11667,10086399803,NZL,31.12.2000,ACTIVE,DAY Dylan Keith Alby
11668,10086399803,NZL,31.12.2000,ACTIVE,DAY Dylan Keith Alby
11669,10086399803,NZL,31.12.2000,ACTIVE,DAY Dylan Keith Alby
11670,10086399803,NZL,31.12.2000,ACTIVE,DAY Dylan Keith Alby
11671,10086399803,NZL,31.12.2000,ACTIVE,DAY Dylan Keith Alby
11672,10086399803,NZL,31.12.2000,ACTIVE,DAY Dylan Keith Alby
11673,10010778704,BEL,12.03.1998,INACTIVE,DE PAUW Ayrton
11674,10010778704,BEL,12.03.1998,INACTIVE,DE PAUW Ayrton
11675,10010778704,BEL,12.03.1998,INACTIVE,DE PAUW Ayrton
11676,10010778704,BEL,12.03.1998,INACTIVE,DE PAUW Ayrton
11677,10010778704,BEL,12.03.1998,INACTIVE,DE PAUW Ayrton
11678,10021886921,NZL,13.05.2004,ACTIVE,DE VRIES Sophie
11679,10021886921,NZL,13.05.2004,ACTIVE,DE VRIES Sophie
11680,10021886921,NZL,13.05.2004,ACTIVE,DE VRIES Sophie
11681,10021886921,NZL,13.05.2004,ACTIVE,DE VRIES Sophie
11682,10021886921,NZL,13.05.2004,ACTIVE,DE VRIES Sophie
11683,10021886921,NZL,13.05.2004,ACTIVE,DE VRIES Sophie
11684,10021886921,NZL,13.05.2004,ACTIVE,DE VRIES Sophie
11685,10021886921,NZL,13.05.2004,ACTIVE,DE VRIES Sophie
11686,10021886921,NZL,13.05.2004,ACTIVE,DE VRIES Sophie
11687,10009134956,BEL,11.10.1996,ACTIVE,DEGRENDELE Nicky
11688,10009134956,BEL,11.10.1996,ACTIVE,DEGRENDELE Nicky
11689,10009134956,BEL,11.10.1996,ACTIVE,DEGRENDELE Nicky
11690,10009134956,BEL,11.10.1996,ACTIVE,DEGRENDELE Nicky
11691,10009134956,BEL,11.10.1996,ACTIVE,DEGRENDELE Nicky
11692,10009134956,BEL,11.10.1996,ACTIVE,DEGRENDELE Nicky
11693,10009134956,BEL,11.10.1996,ACTIVE,DEGRENDELE Nicky
11694,10009134956,BEL,11.10.1996,ACTIVE,DEGRENDELE Nicky
11695,10009134956,BEL,11.10.1996,ACTIVE,DEGRENDELE Nicky
11696,10009134956,BEL,11.10.1996,ACTIVE,DEGRENDELE Nicky
11697,10009134956,BEL,11.10.1996,ACTIVE,DEGRENDELE Nicky
11698,10009134956,BEL,11.10.1996,ACTIVE,DEGRENDELE Nicky
11699,10009134956,BEL,11.10.1996,ACTIVE,DEGRENDELE Nicky
11700,10088726789,UKR,23.12.2000,ACTIVE,DENYSENKO Vladyslav
11701,10088726789,UKR,23.12.2000,ACTIVE,DENYSENKO Vladyslav
11702,10088726789,UKR,23.12.2000,ACTIVE,DENYSENKO Vladyslav
11703,10088726789,UKR,23.12.2000,ACTIVE,DENYSENKO Vladyslav
11704,10088726789,UKR,23.12.2000,ACTIVE,DENYSENKO Vladyslav
11705,10088726789,UKR,23.12.2000,ACTIVE,DENYSENKO Vladyslav
11706,10088726789,UKR,23.12.2000,ACTIVE,DENYSENKO Vladyslav
11707,10088726789,UKR,23.12.2000,ACTIVE,DENYSENKO Vladyslav
11708,10026071156,FRA,29.01.1999,ACTIVE,DERACHE Tom
11709,10026071156,FRA,29.01.1999,ACTIVE,DERACHE Tom
11710,10026071156,FRA,29.01.1999,ACTIVE,DERACHE Tom
11711,10016392374,BEL,21.03.2000,INACTIVE,DESTATSBADER Thibo
11712,10016392374,BEL,21.03.2000,INACTIVE,DESTATSBADER Thibo
11713,10016392374,BEL,21.03.2000,INACTIVE,DESTATSBADER Thibo
11714,10015002648,GRE,09.08.1999,INACTIVE,DEVARIS Spyridon
11715,10015002648,GRE,09.08.1999,INACTIVE,DEVARIS Spyridon
11716,10060086531,INA,23.02.2001,ACTIVE,DHENTAKA Dika Alif
11717,10015793907,GRE,12.06.1999,INACTIVE,VASILEIOS Dimitropoulos
11718,10003100142,RUS,23.03.1986,ACTIVE,DMITRIEV Denis
11719,10003100142,RUS,23.03.1986,ACTIVE,DMITRIEV Denis
11720,10003100142,RUS,23.03.1986,ACTIVE,DMITRIEV Denis
11721,10003100142,RUS,23.03.1986,ACTIVE,DMITRIEV Denis
11722,10003100142,RUS,23.03.1986,ACTIVE,DMITRIEV Denis
11723,10003100142,RUS,23.03.1986,ACTIVE,DMITRIEV Denis
11724,10003100142,RUS,23.03.1986,ACTIVE,DMITRIEV Denis
11725,10003100142,RUS,23.03.1986,ACTIVE,DMITRIEV Denis
11726,10064209839,CAN,04.12.1996,ACTIVE,DODYK Ryan
11727,10021932084,NZL,17.01.2007,ACTIVE,DONALD Millie
11728,10021932084,NZL,17.01.2007,ACTIVE,DONALD Millie
11729,10007779683,GER,24.12.1995,ACTIVE,DÖRNBACH Maximilian
11730,10007779683,GER,24.12.1995,ACTIVE,DÖRNBACH Maximilian
11731,10007779683,GER,24.12.1995,ACTIVE,DÖRNBACH Maximilian
11732,10007779683,GER,24.12.1995,ACTIVE,DÖRNBACH Maximilian
11733,10007779683,GER,24.12.1995,ACTIVE,DÖRNBACH Maximilian
11734,10007779683,GER,24.12.1995,ACTIVE,DÖRNBACH Maximilian
11735,10007779683,GER,24.12.1995,ACTIVE,DÖRNBACH Maximilian
11736,10007779683,GER,24.12.1995,ACTIVE,DÖRNBACH Maximilian
11737,10021931579,NZL,19.08.2002,INACTIVE,DOWNIE Erin
11738,10021931579,NZL,19.08.2002,INACTIVE,DOWNIE Erin
11739,10010792242,NZL,17.06.1997,INACTIVE,DUNN Rhiannon
11740,10084364621,NZL,23.03.2005,INACTIVE,EARL Charlotte
11741,10084364621,NZL,23.03.2005,INACTIVE,EARL Charlotte
11742,10016270116,GER,08.07.2000,INACTIVE,EDBAUER Elias
11743,10016270116,GER,08.07.2000,INACTIVE,EDBAUER Elias
11744,10016270116,GER,08.07.2000,INACTIVE,EDBAUER Elias
11745,10083759480,NZL,16.03.2007,ACTIVE,EDWARDS Finn
11746,10083759480,NZL,16.03.2007,ACTIVE,EDWARDS Finn
11747,10083759480,NZL,16.03.2007,ACTIVE,EDWARDS Finn
11748,10095274996,IND,20.09.2003,ACTIVE,ELKATHCHOONGO David
11749,10050098500,,,,
11750,10050098500,,,,
11751,10050098500,,,,
11752,10050098500,,,,
11753,10050098500,,,,
11754,10088465091,EGY,01.05.2002,ACTIVE,ELSENFAWI Ahmed
11755,10006666596,,,,
11756,10006666596,,,,
11757,10006666596,,,,
11758,10006666596,,,,
11759,10050873046,IND,10.03.2001,ACTIVE,ESOW Esow
11760,10050873046,IND,10.03.2001,ACTIVE,ESOW Esow
11761,10050873046,IND,10.03.2001,ACTIVE,ESOW Esow
11762,10050873046,IND,10.03.2001,ACTIVE,ESOW Esow
11763,10009721202,RUS,27.04.1997,INACTIVE,NOSOV Alexey
11764,10009721202,RUS,27.04.1997,INACTIVE,NOSOV Alexey
11765,10126099677,NZL,27.10.2007,ACTIVE,FAULKNER Riley
11766,10126099677,NZL,27.10.2007,ACTIVE,FAULKNER Riley
11767,10058497650,GBR,22.12.2002,ACTIVE,FINUCANE Emma
11768,10058497650,GBR,22.12.2002,ACTIVE,FINUCANE Emma
11769,10058497650,GBR,22.12.2002,ACTIVE,FINUCANE Emma
11770,10058497650,GBR,22.12.2002,ACTIVE,FINUCANE Emma
11771,10058497650,GBR,22.12.2002,ACTIVE,FINUCANE Emma
11772,10021707772,NZL,24.02.2004,INACTIVE,FISH Jonathan
11773,10021708378,NZL,21.12.2001,ACTIVE,FISHER-BLACK Finn
11774,10021708277,NZL,09.01.2003,ACTIVE,FITZSIMONS Mitchel
11775,10098242388,NZL,31.07.2006,ACTIVE,FODEN Alex
11776,10069352758,NZL,18.03.2004,INACTIVE,FOOTE Joshua
11777,10097209542,NZL,06.10.2004,INACTIVE,FRASER Xavier
11778,10132721747,NZL,28.04.2008,INACTIVE,FREE Andre
11779,10015171184,GER,07.01.2000,ACTIVE,FRIEDRICH Lea Sophie
11780,10015171184,GER,07.01.2000,ACTIVE,FRIEDRICH Lea Sophie
11781,10015171184,GER,07.01.2000,ACTIVE,FRIEDRICH Lea Sophie
11782,10015171184,GER,07.01.2000,ACTIVE,FRIEDRICH Lea Sophie
11783,10015171184,GER,07.01.2000,ACTIVE,FRIEDRICH Lea Sophie
11784,10015171184,GER,07.01.2000,ACTIVE,FRIEDRICH Lea Sophie
11785,10015171184,GER,07.01.2000,ACTIVE,FRIEDRICH Lea Sophie
11786,10015171184,GER,07.01.2000,ACTIVE,FRIEDRICH Lea Sophie
11787,10015171184,GER,07.01.2000,ACTIVE,FRIEDRICH Lea Sophie
11788,10015171184,GER,07.01.2000,ACTIVE,FRIEDRICH Lea Sophie
11789,10015171184,GER,07.01.2000,ACTIVE,FRIEDRICH Lea Sophie
11790,10005964672,JPN,03.01.1990,INACTIVE,FUKAYA Tomohiro
11791,10005964672,JPN,03.01.1990,INACTIVE,FUKAYA Tomohiro
11792,10110977478,NZL,03.10.2000,INACTIVE,FULTON Shaane
11793,10110977478,NZL,03.10.2000,INACTIVE,FULTON Shaane
11794,10110977478,NZL,03.10.2000,INACTIVE,FULTON Shaane
11795,10110977478,NZL,03.10.2000,INACTIVE,FULTON Shaane
11796,10110977478,NZL,03.10.2000,INACTIVE,FULTON Shaane
11797,10110977478,NZL,03.10.2000,INACTIVE,FULTON Shaane
11798,10110977478,NZL,03.10.2000,INACTIVE,FULTON Shaane
11799,10110977478,NZL,03.10.2000,INACTIVE,FULTON Shaane
11800,10110977478,NZL,03.10.2000,INACTIVE,FULTON Shaane
11801,10110977478,NZL,03.10.2000,INACTIVE,FULTON Shaane
11802,10110977478,NZL,03.10.2000,INACTIVE,FULTON Shaane
11803,10110977478,NZL,03.10.2000,INACTIVE,FULTON Shaane
11804,10072107558,AUS,01.06.2001,ACTIVE,GALLAGHER Sam
11805,10072107558,AUS,01.06.2001,ACTIVE,GALLAGHER Sam
11806,10072107558,AUS,01.06.2001,ACTIVE,GALLAGHER Sam
11807,10072107558,AUS,01.06.2001,ACTIVE,GALLAGHER Sam
11808,10023663536,NZL,25.02.2000,INACTIVE,GARBETT Thomas
11809,10023663536,NZL,25.02.2000,INACTIVE,GARBETT Thomas
11810,10023663536,NZL,25.02.2000,INACTIVE,GARBETT Thomas
11811,10023663536,NZL,25.02.2000,INACTIVE,GARBETT Thomas
11812,10023663536,NZL,25.02.2000,INACTIVE,GARBETT Thomas
11813,10006904461,MEX,25.11.1992,ACTIVE,GAXIOLA GONZALEZ Luz Daniela
11814,10006904461,MEX,25.11.1992,ACTIVE,GAXIOLA GONZALEZ Luz Daniela
11815,10006904461,MEX,25.11.1992,ACTIVE,GAXIOLA GONZALEZ Luz Daniela
11816,10006904461,MEX,25.11.1992,ACTIVE,GAXIOLA GONZALEZ Luz Daniela
11817,10006904461,MEX,25.11.1992,ACTIVE,GAXIOLA GONZALEZ Luz Daniela
11818,10006904461,MEX,25.11.1992,ACTIVE,GAXIOLA GONZALEZ Luz Daniela
11819,10006904461,MEX,25.11.1992,ACTIVE,GAXIOLA GONZALEZ Luz Daniela
11820,10011157206,CAN,28.05.1998,ACTIVE,GENEST Lauriane
11821,10011157206,CAN,28.05.1998,ACTIVE,GENEST Lauriane
11822,10011157206,CAN,28.05.1998,ACTIVE,GENEST Lauriane
11823,10011157206,CAN,28.05.1998,ACTIVE,GENEST Lauriane
11824,10011157206,CAN,28.05.1998,ACTIVE,GENEST Lauriane
11825,10109024445,NZL,23.11.2006,ACTIVE,GERKEN Jack
11826,10109024445,NZL,23.11.2006,ACTIVE,GERKEN Jack
11827,10109024445,NZL,23.11.2006,ACTIVE,GERKEN Jack
11828,10009975523,ITA,04.08.1997,INACTIVE,GEROLI Mattia
11829,10007242648,USA,05.09.1992,INACTIVE,GODBY Madalyn
11830,10007242648,USA,05.09.1992,INACTIVE,GODBY Madalyn
11831,10007242648,USA,05.09.1992,INACTIVE,GODBY Madalyn
11832,10007242648,USA,05.09.1992,INACTIVE,GODBY Madalyn
11833,10007242648,USA,05.09.1992,INACTIVE,GODBY Madalyn
11834,10007242648,USA,05.09.1992,INACTIVE,GODBY Madalyn
11835,10007242648,USA,05.09.1992,INACTIVE,GODBY Madalyn
11836,10015171386,GER,27.08.2000,INACTIVE,GÖTZ Emma
11837,10015171386,GER,27.08.2000,INACTIVE,GÖTZ Emma
11838,10021696254,NZL,05.07.2002,ACTIVE,GOUGH Hunter
11839,10010169624,GER,14.01.1998,ACTIVE,GRABOSCH Pauline Sophie
11840,10010169624,GER,14.01.1998,ACTIVE,GRABOSCH Pauline Sophie
11841,10010169624,GER,14.01.1998,ACTIVE,GRABOSCH Pauline Sophie
11842,10010169624,GER,14.01.1998,ACTIVE,GRABOSCH Pauline Sophie
11843,10010169624,GER,14.01.1998,ACTIVE,GRABOSCH Pauline Sophie
11844,10010169624,GER,14.01.1998,ACTIVE,GRABOSCH Pauline Sophie
11845,10010169624,GER,14.01.1998,ACTIVE,GRABOSCH Pauline Sophie
11846,10010169624,GER,14.01.1998,ACTIVE,GRABOSCH Pauline Sophie
11847,10073485059,NZL,23.01.2003,INACTIVE,GRANT Mikaela
11848,10073485059,NZL,23.01.2003,INACTIVE,GRANT Mikaela
11849,10073485059,NZL,23.01.2003,INACTIVE,GRANT Mikaela
11850,10021676349,NZL,24.02.2002,ACTIVE,GRAVE Oliver
11851,10021677258,NZL,04.03.2002,INACTIVE,GREEN Tyla
11852,10021677258,NZL,04.03.2002,INACTIVE,GREEN Tyla
11853,10021677258,NZL,04.03.2002,INACTIVE,GREEN Tyla
11854,10021677258,NZL,04.03.2002,INACTIVE,GREEN Tyla
11855,10025432875,FRA,23.08.2000,ACTIVE,GRENGBO Florian
11856,10025432875,FRA,23.08.2000,ACTIVE,GRENGBO Florian
11857,10025432875,FRA,23.08.2000,ACTIVE,GRENGBO Florian
11858,10104771502,NZL,08.10.2007,ACTIVE,GRIFFIN Lucy
11859,10015528367,FRA,27.04.1999,ACTIVE,GROS Mathilde
11860,10015528367,FRA,27.04.1999,ACTIVE,GROS Mathilde
11861,10015528367,FRA,27.04.1999,ACTIVE,GROS Mathilde
11862,10015528367,FRA,27.04.1999,ACTIVE,GROS Mathilde
11863,10015528367,FRA,27.04.1999,ACTIVE,GROS Mathilde
11864,10015528367,FRA,27.04.1999,ACTIVE,GROS Mathilde
11865,10015528367,FRA,27.04.1999,ACTIVE,GROS Mathilde
11866,10015528367,FRA,27.04.1999,ACTIVE,GROS Mathilde
11867,10015528367,FRA,27.04.1999,ACTIVE,GROS Mathilde
11868,10015528367,FRA,27.04.1999,ACTIVE,GROS Mathilde
11869,10015528367,FRA,27.04.1999,ACTIVE,GROS Mathilde
11870,10015528367,FRA,27.04.1999,ACTIVE,GROS Mathilde
11871,10015528367,FRA,27.04.1999,ACTIVE,GROS Mathilde
11872,10015528367,FRA,27.04.1999,ACTIVE,GROS Mathilde
11873,10015528367,FRA,27.04.1999,ACTIVE,GROS Mathilde
11874,10015528367,FRA,27.04.1999,ACTIVE,GROS Mathilde
11875,10062787474,CHN,15.03.1999,ACTIVE,GUO Yufang
11876,10062787474,CHN,15.03.1999,ACTIVE,GUO Yufang
11877,10062787474,CHN,15.03.1999,ACTIVE,GUO Yufang
11878,10062787474,CHN,15.03.1999,ACTIVE,GUO Yufang
11879,10015279605,GUA,14.08.1997,INACTIVE,HACOHEN MONTEROS Nicole
11880,10015279605,GUA,14.08.1997,INACTIVE,HACOHEN MONTEROS Nicole
11881,10064643309,USA,03.11.2002,INACTIVE,HANKINS Kayla
11882,10064643309,USA,03.11.2002,INACTIVE,HANKINS Kayla
11883,10064643309,USA,03.11.2002,INACTIVE,HANKINS Kayla
11884,10086701210,NZL,22.05.2005,ACTIVE,HANNON Wilson
11885,10101588383,NZL,18.07.2008,ACTIVE,HANNON Joshua
11886,10101588383,NZL,18.07.2008,ACTIVE,HANNON Joshua
11887,10086701210,NZL,22.05.2005,ACTIVE,HANNON Wilson
11888,10005968918,NZL,15.11.1989,ACTIVE,HANSEN Natasha
11889,10005968918,NZL,15.11.1989,ACTIVE,HANSEN Natasha
11890,10005968918,NZL,15.11.1989,ACTIVE,HANSEN Natasha
11891,10005968918,NZL,15.11.1989,ACTIVE,HANSEN Natasha
11892,10005968918,NZL,15.11.1989,ACTIVE,HANSEN Natasha
11893,10005968918,NZL,15.11.1989,ACTIVE,HANSEN Natasha
11894,10005968918,NZL,15.11.1989,ACTIVE,HANSEN Natasha
11895,10005968918,NZL,15.11.1989,ACTIVE,HANSEN Natasha
11896,10069242220,NZL,10.04.2006,ACTIVE,HANSEN Ryan
11897,10069242220,NZL,10.04.2006,ACTIVE,HANSEN Ryan
11898,10069242220,NZL,10.04.2006,ACTIVE,HANSEN Ryan
11899,10069242220,NZL,10.04.2006,ACTIVE,HANSEN Ryan
11900,10069242220,NZL,10.04.2006,ACTIVE,HANSEN Ryan
11901,10009118990,AUS,09.02.1983,ACTIVE,HARGRAVE Breanna
11902,10086404146,NZL,30.08.2003,ACTIVE,HARRIS Jonty
11903,10086404146,NZL,30.08.2003,ACTIVE,HARRIS Jonty
11904,10086404146,NZL,30.08.2003,ACTIVE,HARRIS Jonty
11905,10086404146,NZL,30.08.2003,ACTIVE,HARRIS Jonty
11906,10007811716,AUS,04.03.1993,INACTIVE,HART Nathan
11907,10007811716,AUS,04.03.1993,INACTIVE,HART Nathan
11908,10131799742,NZL,21.11.2008,ACTIVE,HARTSTONGE Sarah
11909,10015781678,NZL,12.05.1990,INACTIVE,HARVEY James
11910,10048888990,CAN,15.11.2001,ACTIVE,HEDGCOCK James
11911,10048888990,CAN,15.11.2001,ACTIVE,HEDGCOCK James
11912,10048888990,CAN,15.11.2001,ACTIVE,HEDGCOCK James
11913,10015683567,FRA,21.01.1999,ACTIVE,HELAL Rayan
11914,10015683567,FRA,21.01.1999,ACTIVE,HELAL Rayan
11915,10015683567,FRA,21.01.1999,ACTIVE,HELAL Rayan
11916,10015683567,FRA,21.01.1999,ACTIVE,HELAL Rayan
11917,10015683567,FRA,21.01.1999,ACTIVE,HELAL Rayan
11918,10015683567,FRA,21.01.1999,ACTIVE,HELAL Rayan
11919,10015683567,FRA,21.01.1999,ACTIVE,HELAL Rayan
11920,10015683567,FRA,21.01.1999,ACTIVE,HELAL Rayan
11921,10015683567,FRA,21.01.1999,ACTIVE,HELAL Rayan
11922,10015683567,FRA,21.01.1999,ACTIVE,HELAL Rayan
11923,10086400611,NZL,17.08.2004,INACTIVE,HENDERSON Scott
11924,10086400611,NZL,17.08.2004,INACTIVE,HENDERSON Scott
11925,10123615669,NZL,21.07.1990,INACTIVE,HENDRY Rosita
11926,10015483507,GBR,25.08.1999,INACTIVE,HILLEARD Georgia
11927,10015483507,GBR,25.08.1999,INACTIVE,HILLEARD Georgia
11928,10015483507,GBR,25.08.1999,INACTIVE,HILLEARD Georgia
11929,10007499292,GBR,22.09.1992,INACTIVE,HINDES Philip
11930,10007499292,GBR,22.09.1992,INACTIVE,HINDES Philip
11931,10007499292,GBR,22.09.1992,INACTIVE,HINDES Philip
11932,10007499292,GBR,22.09.1992,INACTIVE,HINDES Philip
11933,10010652196,GER,17.09.1997,ACTIVE,HINZE Emma
11934,10015992654,GER,30.08.1999,INACTIVE,HINZE Carl
11935,10015992654,GER,30.08.1999,INACTIVE,HINZE Carl
11936,10010652196,GER,17.09.1997,ACTIVE,HINZE Emma
11937,10010652196,GER,17.09.1997,ACTIVE,HINZE Emma
11938,10015992654,GER,30.08.1999,INACTIVE,HINZE Carl
11939,10010652196,GER,17.09.1997,ACTIVE,HINZE Emma
11940,10010652196,GER,17.09.1997,ACTIVE,HINZE Emma
11941,10010652196,GER,17.09.1997,ACTIVE,HINZE Emma
11942,10010652196,GER,17.09.1997,ACTIVE,HINZE Emma
11943,10015578382,AUS,09.06.1999,ACTIVE,HO Selina
11944,10015578382,AUS,09.06.1999,ACTIVE,HO Selina
11945,10015578382,AUS,09.06.1999,ACTIVE,HO Selina
11946,10021785776,NZL,14.01.2001,INACTIVE,HODGKINSON Louis
11947,10021785776,NZL,14.01.2001,INACTIVE,HODGKINSON Louis
11948,10055348887,AUS,11.06.2000,ACTIVE,HOFFMAN Leigh
11949,10055348887,AUS,11.06.2000,ACTIVE,HOFFMAN Leigh
11950,10007379761,NED,16.03.1993,ACTIVE,HOOGLAND Jeffrey
11951,10007379761,NED,16.03.1993,ACTIVE,HOOGLAND Jeffrey
11952,10007379761,NED,16.03.1993,ACTIVE,HOOGLAND Jeffrey
11953,10007379761,NED,16.03.1993,ACTIVE,HOOGLAND Jeffrey
11954,10007379761,NED,16.03.1993,ACTIVE,HOOGLAND Jeffrey
11955,10007379761,NED,16.03.1993,ACTIVE,HOOGLAND Jeffrey
11956,10007379761,NED,16.03.1993,ACTIVE,HOOGLAND Jeffrey
11957,10007379761,NED,16.03.1993,ACTIVE,HOOGLAND Jeffrey
11958,10007379761,NED,16.03.1993,ACTIVE,HOOGLAND Jeffrey
11959,10007379761,NED,16.03.1993,ACTIVE,HOOGLAND Jeffrey
11960,10007379761,NED,16.03.1993,ACTIVE,HOOGLAND Jeffrey
11961,10007379761,NED,16.03.1993,ACTIVE,HOOGLAND Jeffrey
11962,10011141846,TPE,24.12.1998,INACTIVE,HSIEH Nien Hsing
11963,10011141846,TPE,24.12.1998,INACTIVE,HSIEH Nien Hsing
11964,10124023170,KOR,17.02.2003,ACTIVE,HWANG Hyunseo
11965,10047201594,CZE,02.02.2001,ACTIVE,JABORNÍKOVÁ Veronika
11966,10047201594,CZE,02.02.2001,ACTIVE,JABORNÍKOVÁ Veronika
11967,10047201594,CZE,02.02.2001,ACTIVE,JABORNÍKOVÁ Veronika
11968,10047201594,CZE,02.02.2001,ACTIVE,JABORNÍKOVÁ Veronika
11969,10047201594,CZE,02.02.2001,ACTIVE,JABORNÍKOVÁ Veronika
11970,10047201594,CZE,02.02.2001,ACTIVE,JABORNÍKOVÁ Veronika
11971,10047309712,CZE,09.03.2004,ACTIVE,JABORNÍKOVÁ Anna
11972,10047201594,CZE,02.02.2001,ACTIVE,JABORNÍKOVÁ Veronika
11973,10047309712,CZE,09.03.2004,ACTIVE,JABORNÍKOVÁ Anna
11974,10047201594,CZE,02.02.2001,ACTIVE,JABORNÍKOVÁ Veronika
11975,10047309712,CZE,09.03.2004,ACTIVE,JABORNÍKOVÁ Anna
11976,10047201594,CZE,02.02.2001,ACTIVE,JABORNÍKOVÁ Veronika
11977,10047309712,CZE,09.03.2004,ACTIVE,JABORNÍKOVÁ Anna
11978,10047201594,CZE,02.02.2001,ACTIVE,JABORNÍKOVÁ Veronika
11979,10047309712,CZE,09.03.2004,ACTIVE,JABORNÍKOVÁ Anna
11980,10047201594,CZE,02.02.2001,ACTIVE,JABORNÍKOVÁ Veronika
11981,10047201594,CZE,02.02.2001,ACTIVE,JABORNÍKOVÁ Veronika
11982,10047201594,CZE,02.02.2001,ACTIVE,JABORNÍKOVÁ Veronika
11983,10088306861,NZL,12.10.1995,INACTIVE,JACK Haydn
11984,10088306861,NZL,12.10.1995,INACTIVE,JACK Haydn
11985,10088306861,NZL,12.10.1995,INACTIVE,JACK Haydn
11986,10088306861,NZL,12.10.1995,INACTIVE,JACK Haydn
11987,10010640981,POL,10.02.1997,INACTIVE,JAGODZINSKA Julita
11988,10010640981,POL,10.02.1997,INACTIVE,JAGODZINSKA Julita
11989,10010640981,POL,10.02.1997,INACTIVE,JAGODZINSKA Julita
11990,10010640981,POL,10.02.1997,INACTIVE,JAGODZINSKA Julita
11991,10010640981,POL,10.02.1997,INACTIVE,JAGODZINSKA Julita
11992,10010640981,POL,10.02.1997,INACTIVE,JAGODZINSKA Julita
11993,10112155929,NZL,10.08.2006,ACTIVE,JAMIESON Magnus
11994,10041041993,ESP,22.06.2001,ACTIVE,JIMENEZ ELIZONDO Ekain
11995,10041041993,ESP,22.06.2001,ACTIVE,JIMENEZ ELIZONDO Ekain
11996,10041041993,ESP,22.06.2001,ACTIVE,JIMENEZ ELIZONDO Ekain
11997,10041041993,ESP,22.06.2001,ACTIVE,JIMENEZ ELIZONDO Ekain
11998,10041041993,ESP,22.06.2001,ACTIVE,JIMENEZ ELIZONDO Ekain
11999,10041041993,ESP,22.06.2001,ACTIVE,JIMENEZ ELIZONDO Ekain
12000,10041041993,ESP,22.06.2001,ACTIVE,JIMENEZ ELIZONDO Ekain
12001,10041041993,ESP,22.06.2001,ACTIVE,JIMENEZ ELIZONDO Ekain
12002,10041041993,ESP,22.06.2001,ACTIVE,JIMENEZ ELIZONDO Ekain
12003,10015984469,DEN,08.02.1999,INACTIVE,JOENSEN Jakob
12004,10015984469,DEN,08.02.1999,INACTIVE,JOENSEN Jakob
12005,10112656588,NZL,17.10.2007,ACTIVE,JOHNSON Cooper
12006,10098239661,NZL,08.04.2007,ACTIVE,JOHNSON Noah
12007,10061103314,NZL,28.03.2008,INACTIVE,JOHNSTON Jesse
12008,10009181032,LTU,02.01.1995,INACTIVE,JONAUSKAS Svajūnas
12009,10009181032,LTU,02.01.1995,INACTIVE,JONAUSKAS Svajūnas
12010,10009181032,LTU,02.01.1995,INACTIVE,JONAUSKAS Svajūnas
12011,10009181032,LTU,02.01.1995,INACTIVE,JONAUSKAS Svajūnas
12012,10009181032,LTU,02.01.1995,INACTIVE,JONAUSKAS Svajūnas
12013,10009181032,LTU,02.01.1995,INACTIVE,JONAUSKAS Svajūnas
12014,10009181032,,,,
12015,10009181032,LTU,02.01.1995,INACTIVE,JONAUSKAS Svajūnas
12016,10009181032,LTU,02.01.1995,INACTIVE,JONAUSKAS Svajūnas
12017,10009178002,GER,21.01.1996,ACTIVE,JURCZYK Marc
12018,10009178002,GER,21.01.1996,ACTIVE,JURCZYK Marc
12019,10009073524,GRE,11.01.1994,ACTIVE,KALOGEROPOULOS Ioannis
12020,10009073524,GRE,11.01.1994,ACTIVE,KALOGEROPOULOS Ioannis
12021,10010608447,TPE,30.06.1997,ACTIVE,康 KANG 世峰 Shih Feng
12022,10010167402,CZE,22.06.1998,INACTIVE,KAŇKOVSKÁ Sára
12023,10010167402,CZE,22.06.1998,INACTIVE,KAŇKOVSKÁ Sára
12024,10010167402,CZE,22.06.1998,INACTIVE,KAŇKOVSKÁ Sára
12025,10010167402,CZE,22.06.1998,INACTIVE,KAŇKOVSKÁ Sára
12026,10010167402,CZE,22.06.1998,INACTIVE,KAŇKOVSKÁ Sára
12027,10010167402,CZE,22.06.1998,INACTIVE,KAŇKOVSKÁ Sára
12028,10010167402,CZE,22.06.1998,INACTIVE,KAŇKOVSKÁ Sára
12029,10010098589,POL,20.02.1997,ACTIVE,KARWACKA Marlena
12030,10010098589,POL,20.02.1997,ACTIVE,KARWACKA Marlena
12031,10010098589,POL,20.02.1997,ACTIVE,KARWACKA Marlena
12032,10010098589,POL,20.02.1997,ACTIVE,KARWACKA Marlena
12033,10010098589,POL,20.02.1997,ACTIVE,KARWACKA Marlena
12034,10006422895,CZE,28.05.1991,ACTIVE,KELEMEN Pavel
12035,10006422895,CZE,28.05.1991,ACTIVE,KELEMEN Pavel
12036,10006422895,CZE,28.05.1991,ACTIVE,KELEMEN Pavel
12037,10006422895,CZE,28.05.1991,ACTIVE,KELEMEN Pavel
12038,10006422895,CZE,28.05.1991,ACTIVE,KELEMEN Pavel
12039,10006422895,CZE,28.05.1991,ACTIVE,KELEMEN Pavel
12040,10006422895,CZE,28.05.1991,ACTIVE,KELEMEN Pavel
12041,10035198149,NZL,17.11.2004,ACTIVE,KELLY Ciara
12042,10064763648,NZL,27.11.2006,ACTIVE,KELLY Caitlin
12043,10035198149,NZL,17.11.2004,ACTIVE,KELLY Ciara
12044,10097209138,NZL,11.06.2008,ACTIVE,KELLY Lachlan
12045,10064763648,NZL,27.11.2006,ACTIVE,KELLY Caitlin
12046,10064763648,NZL,27.11.2006,ACTIVE,KELLY Caitlin
12047,10004599194,GBR,23.03.1988,ACTIVE,KENNY Jason
12048,10009117778,NZL,29.04.1996,ACTIVE,KERGOZOU DE LA BOESSIERE Nicholas
12049,10009117778,NZL,29.04.1996,ACTIVE,KERGOZOU DE LA BOESSIERE Nicholas
12050,10009117778,NZL,29.04.1996,ACTIVE,KERGOZOU DE LA BOESSIERE Nicholas
12051,10109615943,NZL,19.08.2005,ACTIVE,KERR Tom
12052,10136404313,NZL,22.06.1998,ACTIVE,KERR Michaela
12053,10021769713,NZL,25.01.2001,ACTIVE,KING Olivia
12054,10021769713,NZL,25.01.2001,ACTIVE,KING Olivia
12055,10021769713,NZL,25.01.2001,ACTIVE,KING Olivia
12056,10021769713,NZL,25.01.2001,ACTIVE,KING Olivia
12057,10021769713,NZL,25.01.2001,ACTIVE,KING Olivia
12058,10021769713,NZL,25.01.2001,ACTIVE,KING Olivia
12059,10021769713,NZL,25.01.2001,ACTIVE,KING Olivia
12060,10021769713,NZL,25.01.2001,ACTIVE,KING Olivia
12061,10008918122,RUS,21.01.1996,INACTIVE,KISELEVA Tatiana
12062,10009978048,NZL,11.12.1998,INACTIVE,KNIPE Bradly
12063,10009978048,NZL,11.12.1998,INACTIVE,KNIPE Bradly
12064,10009978048,NZL,11.12.1998,INACTIVE,KNIPE Bradly
12065,10009978048,NZL,11.12.1998,INACTIVE,KNIPE Bradly
12066,10009978048,NZL,11.12.1998,INACTIVE,KNIPE Bradly
12067,10009978048,NZL,11.12.1998,INACTIVE,KNIPE Bradly
12068,10009978048,NZL,11.12.1998,INACTIVE,KNIPE Bradly
12069,10009978048,NZL,11.12.1998,INACTIVE,KNIPE Bradly
12070,10009884033,,,,
12071,10009884033,,,,
12072,10009884033,,,,
12073,10009884033,,,,
12074,10066161458,FRA,30.07.2002,ACTIVE,KOUAME Taky Marie Divine
12075,10066161458,FRA,30.07.2002,ACTIVE,KOUAME Taky Marie Divine
12076,10066161458,FRA,30.07.2002,ACTIVE,KOUAME Taky Marie Divine
12077,10066161458,FRA,30.07.2002,ACTIVE,KOUAME Taky Marie Divine
12078,10066161458,FRA,30.07.2002,ACTIVE,KOUAME Taky Marie Divine
12079,10066161458,FRA,30.07.2002,ACTIVE,KOUAME Taky Marie Divine
12080,10066161458,FRA,30.07.2002,ACTIVE,KOUAME Taky Marie Divine
12081,10066161458,FRA,30.07.2002,ACTIVE,KOUAME Taky Marie Divine
12082,10066161458,FRA,30.07.2002,ACTIVE,KOUAME Taky Marie Divine
12083,10066161458,FRA,30.07.2002,ACTIVE,KOUAME Taky Marie Divine
12084,10015916367,POL,23.01.1999,INACTIVE,KOWAL Lukasz
12085,10015916367,POL,23.01.1999,INACTIVE,KOWAL Lukasz
12086,10015916367,POL,23.01.1999,INACTIVE,KOWAL Lukasz
12087,10002501368,LTU,13.12.1982,INACTIVE,KRUPECKAITE-LEOPOLD Simona
12088,10002501368,LTU,13.12.1982,INACTIVE,KRUPECKAITE-LEOPOLD Simona
12089,10002501368,LTU,13.12.1982,INACTIVE,KRUPECKAITE-LEOPOLD Simona
12090,10002501368,LTU,13.12.1982,INACTIVE,KRUPECKAITE-LEOPOLD Simona
12091,10002501368,LTU,13.12.1982,INACTIVE,KRUPECKAITE-LEOPOLD Simona
12092,10002501368,LTU,13.12.1982,INACTIVE,KRUPECKAITE-LEOPOLD Simona
12093,10002501368,LTU,13.12.1982,INACTIVE,KRUPECKAITE-LEOPOLD Simona
12094,10002501368,LTU,13.12.1982,INACTIVE,KRUPECKAITE-LEOPOLD Simona
12095,10002501368,LTU,13.12.1982,INACTIVE,KRUPECKAITE-LEOPOLD Simona
12096,10123398734,NZL,28.05.2008,INACTIVE,KWON David
12097,10123398734,NZL,28.05.2008,INACTIVE,KWON David
12098,10123398734,NZL,28.05.2008,INACTIVE,KWON David
12099,10088738109,UKR,23.04.2005,ACTIVE,KYRYCHENKO Danylo
12100,10088738109,UKR,23.04.2005,ACTIVE,KYRYCHENKO Danylo
12101,10050626809,IND,22.06.2002,ACTIVE,LAITONJAM Ronaldo
12102,10050626809,IND,22.06.2002,ACTIVE,LAITONJAM Ronaldo
12103,10050626809,IND,22.06.2002,ACTIVE,LAITONJAM Ronaldo
12104,10050626809,IND,22.06.2002,ACTIVE,LAITONJAM Ronaldo
12105,10009125458,NED,15.04.1996,ACTIVE,LAMBERINK Kyra
12106,10010713329,FRA,28.09.1997,ACTIVE,LANDERNEAU Melvin
12107,10010713329,FRA,28.09.1997,ACTIVE,LANDERNEAU Melvin
12108,10010713329,FRA,28.09.1997,ACTIVE,LANDERNEAU Melvin
12109,10010713329,FRA,28.09.1997,ACTIVE,LANDERNEAU Melvin
12110,10010713329,FRA,28.09.1997,ACTIVE,LANDERNEAU Melvin
12111,10010713329,FRA,28.09.1997,ACTIVE,LANDERNEAU Melvin
12112,10010713329,FRA,28.09.1997,ACTIVE,LANDERNEAU Melvin
12113,10021766578,NZL,09.07.2003,INACTIVE,LART Kaio
12114,10021766578,NZL,09.07.2003,INACTIVE,LART Kaio
12115,10021766578,NZL,09.07.2003,INACTIVE,LART Kaio
12116,10021766578,NZL,09.07.2003,INACTIVE,LART Kaio
12117,10021766578,NZL,09.07.2003,INACTIVE,LART Kaio
12118,10021766578,NZL,09.07.2003,INACTIVE,LART Kaio
12119,10021766578,NZL,09.07.2003,INACTIVE,LART Kaio
12120,10021766578,NZL,09.07.2003,INACTIVE,LART Kaio
12121,10021766578,NZL,09.07.2003,INACTIVE,LART Kaio
12122,10021766578,NZL,09.07.2003,INACTIVE,LART Kaio
12123,10021766578,NZL,09.07.2003,INACTIVE,LART Kaio
12124,10009535686,NED,14.03.1997,ACTIVE,LAVREYSEN Harrie
12125,10009535686,NED,14.03.1997,ACTIVE,LAVREYSEN Harrie
12126,10009535686,NED,14.03.1997,ACTIVE,LAVREYSEN Harrie
12127,10009535686,NED,14.03.1997,ACTIVE,LAVREYSEN Harrie
12128,10009535686,NED,14.03.1997,ACTIVE,LAVREYSEN Harrie
12129,10009535686,NED,14.03.1997,ACTIVE,LAVREYSEN Harrie
12130,10009535686,NED,14.03.1997,ACTIVE,LAVREYSEN Harrie
12131,10009535686,NED,14.03.1997,ACTIVE,LAVREYSEN Harrie
12132,10009535686,NED,14.03.1997,ACTIVE,LAVREYSEN Harrie
12133,10009535686,NED,14.03.1997,ACTIVE,LAVREYSEN Harrie
12134,10009535686,NED,14.03.1997,ACTIVE,LAVREYSEN Harrie
12135,10009535686,NED,14.03.1997,ACTIVE,LAVREYSEN Harrie
12136,10009535686,NED,14.03.1997,ACTIVE,LAVREYSEN Harrie
12137,10009535686,NED,14.03.1997,ACTIVE,LAVREYSEN Harrie
12138,10009535686,NED,14.03.1997,ACTIVE,LAVREYSEN Harrie
12139,10009535686,NED,14.03.1997,ACTIVE,LAVREYSEN Harrie
12140,10011155990,HKG,28.02.1998,INACTIVE,LAW Tsz Chun
12141,10060341054,CRC,20.11.1996,ACTIVE,LEANDRO MADRIGAL Nayib
12142,10066087191,HKG,21.07.1990,INACTIVE,LEE Hoi Yan Jessica
12143,10066087191,HKG,21.07.1990,INACTIVE,LEE Hoi Yan Jessica
12144,10004875747,HKG,12.05.1987,ACTIVE,LEE Wai Sze
12145,10083758672,NZL,29.09.2007,INACTIVE,LEEF Geraldene
12146,10127778989,AUS,29.06.2005,ACTIVE,LEES Adam
12147,10009181234,LTU,09.04.1995,ACTIVE,LENDEL Vasilijus
12148,10009181234,LTU,09.04.1995,ACTIVE,LENDEL Vasilijus
12149,10009181234,LTU,09.04.1995,ACTIVE,LENDEL Vasilijus
12150,10009181234,LTU,09.04.1995,ACTIVE,LENDEL Vasilijus
12151,10009181234,LTU,09.04.1995,ACTIVE,LENDEL Vasilijus
12152,10009181234,LTU,09.04.1995,ACTIVE,LENDEL Vasilijus
12153,10009181234,LTU,09.04.1995,ACTIVE,LENDEL Vasilijus
12154,10009181234,LTU,09.04.1995,ACTIVE,LENDEL Vasilijus
12155,10009181234,LTU,09.04.1995,ACTIVE,LENDEL Vasilijus
12156,10009181234,LTU,09.04.1995,ACTIVE,LENDEL Vasilijus
12157,10009181234,LTU,09.04.1995,ACTIVE,LENDEL Vasilijus
12158,10009181234,LTU,09.04.1995,ACTIVE,LENDEL Vasilijus
12159,10009181234,LTU,09.04.1995,ACTIVE,LENDEL Vasilijus
12160,10009181234,LTU,09.04.1995,ACTIVE,LENDEL Vasilijus
12161,10009181234,LTU,09.04.1995,ACTIVE,LENDEL Vasilijus
12162,10009181234,LTU,09.04.1995,ACTIVE,LENDEL Vasilijus
12163,10056072650,INA,20.06.2000,ACTIVE,LESTARI Wiji
12164,10009972994,NED,12.12.1997,INACTIVE,LIGTLEE Sam
12165,10009972994,NED,12.12.1997,INACTIVE,LIGTLEE Sam
12166,10009972994,NED,12.12.1997,INACTIVE,LIGTLEE Sam
12167,10009972994,NED,12.12.1997,INACTIVE,LIGTLEE Sam
12168,10022147003,NZL,03.06.2002,ACTIVE,LIPP Sebastian
12169,10022147003,NZL,03.06.2002,ACTIVE,LIPP Sebastian
12170,10022147003,NZL,03.06.2002,ACTIVE,LIPP Sebastian
12171,10022147003,NZL,03.06.2002,ACTIVE,LIPP Sebastian
12172,10022147003,NZL,03.06.2002,ACTIVE,LIPP Sebastian
12173,10022147003,NZL,03.06.2002,ACTIVE,LIPP Sebastian
12174,10022147003,NZL,03.06.2002,ACTIVE,LIPP Sebastian
12175,10022147003,NZL,03.06.2002,ACTIVE,LIPP Sebastian
12176,10023485094,CHN,29.11.2000,ACTIVE,LIU Qi
12177,10023485094,CHN,29.11.2000,ACTIVE,LIU Qi
12178,10023485094,CHN,29.11.2000,ACTIVE,LIU Qi
12179,10034884921,UKR,08.09.2001,ACTIVE,LOHVINIUK Oleksandra
12180,10075744654,GEO,13.07.1984,INACTIVE,LOPATIUK Maksym
12181,10007793326,POL,18.02.1994,ACTIVE,LOS Urszula
12182,10007793326,POL,18.02.1994,ACTIVE,LOS Urszula
12183,10022140636,NZL,20.08.2004,ACTIVE,LOWRY Maddison
12184,10015978712,BLR,17.08.1999,INACTIVE,LUKASHEVICH Andrei
12185,10015978712,BLR,17.08.1999,INACTIVE,LUKASHEVICH Andrei
12186,10061978132,ARG,31.01.2003,ACTIVE,LUNA Valentina
12187,10061978132,ARG,31.01.2003,ACTIVE,LUNA Valentina
12188,10050942663,IND,15.12.2000,ACTIVE,LUTE Mayuri
12189,10050942663,IND,15.12.2000,ACTIVE,LUTE Mayuri
12190,10023528847,CZE,17.01.2000,INACTIVE,LUXÍK Jirí
12191,10023528847,CZE,17.01.2000,INACTIVE,LUXÍK Jirí
12192,10023528847,CZE,17.01.2000,INACTIVE,LUXÍK Jirí
12193,10023528847,CZE,17.01.2000,INACTIVE,LUXÍK Jirí
12194,10111098730,NZL,20.09.2007,ACTIVE,MACDONALD Mikaela
12195,10111098730,NZL,20.09.2007,ACTIVE,MACDONALD Mikaela
12196,10075041204,NZL,18.07.2003,ACTIVE,MACLEOD Ryan
12197,10022176608,NZL,28.04.2004,ACTIVE,MANN Jared
12198,10022176608,NZL,28.04.2004,ACTIVE,MANN Jared
12199,10022176608,NZL,28.04.2004,ACTIVE,MANN Jared
12200,10022176608,NZL,28.04.2004,ACTIVE,MANN Jared
12201,10022176608,NZL,28.04.2004,ACTIVE,MANN Jared
12202,10022176608,NZL,28.04.2004,ACTIVE,MANN Jared
12203,10022176608,NZL,28.04.2004,ACTIVE,MANN Jared
12204,10022176608,NZL,28.04.2004,ACTIVE,MANN Jared
12205,10022176608,NZL,28.04.2004,ACTIVE,MANN Jared
12206,10022176608,NZL,28.04.2004,ACTIVE,MANN Jared
12207,10022176608,NZL,28.04.2004,ACTIVE,MANN Jared
12208,10087428003,NZL,15.02.2006,ACTIVE,MANSON George
12209,10110181344,,,,
12210,10010181344,ITA,25.04.1998,INACTIVE,MANZONI Gloria
12211,10010181344,ITA,25.04.1998,INACTIVE,MANZONI Gloria
12212,10009195883,GBR,30.01.1993,ACTIVE,MARCHANT Katy
12213,10009195883,GBR,30.01.1993,ACTIVE,MARCHANT Katy
12214,10009195883,GBR,30.01.1993,ACTIVE,MARCHANT Katy
12215,10009195883,GBR,30.01.1993,ACTIVE,MARCHANT Katy
12216,10009195883,GBR,30.01.1993,ACTIVE,MARCHANT Katy
12217,10009195883,GBR,30.01.1993,ACTIVE,MARCHANT Katy
12218,10009195883,GBR,30.01.1993,ACTIVE,MARCHANT Katy
12219,10009195883,GBR,30.01.1993,ACTIVE,MARCHANT Katy
12220,10009195883,GBR,30.01.1993,ACTIVE,MARCHANT Katy
12221,10010640880,LTU,10.03.1996,INACTIVE,MAROZAITE Migle
12222,10110640880,,,,
12223,10110640880,,,,
12224,10010640880,LTU,10.03.1996,INACTIVE,MAROZAITE Migle
12225,10010640880,LTU,10.03.1996,INACTIVE,MAROZAITE Migle
12226,10010640880,LTU,10.03.1996,INACTIVE,MAROZAITE Migle
12227,10010640880,LTU,10.03.1996,INACTIVE,MAROZAITE Migle
12228,10010640880,LTU,10.03.1996,INACTIVE,MAROZAITE Migle
12229,10010640880,LTU,10.03.1996,INACTIVE,MAROZAITE Migle
12230,10010640880,LTU,10.03.1996,INACTIVE,MAROZAITE Migle
12231,10010640880,LTU,10.03.1996,INACTIVE,MAROZAITE Migle
12232,10010640880,LTU,10.03.1996,INACTIVE,MAROZAITE Migle
12233,10006669439,USA,07.08.1991,ACTIVE,MARQUARDT Mandy
12234,10006669439,USA,07.08.1991,ACTIVE,MARQUARDT Mandy
12235,10006669439,USA,07.08.1991,ACTIVE,MARQUARDT Mandy
12236,10006669439,USA,07.08.1991,ACTIVE,MARQUARDT Mandy
12237,10006669439,USA,07.08.1991,ACTIVE,MARQUARDT Mandy
12238,10022169029,NZL,10.07.2000,ACTIVE,MARSHALL Nicole
12239,10022169029,NZL,10.07.2000,ACTIVE,MARSHALL Nicole
12240,10022169029,NZL,10.07.2000,ACTIVE,MARSHALL Nicole
12241,10022169029,NZL,10.07.2000,ACTIVE,MARSHALL Nicole
12242,10022169029,NZL,10.07.2000,ACTIVE,MARSHALL Nicole
12243,10022169029,NZL,10.07.2000,ACTIVE,MARSHALL Nicole
12244,10022169029,NZL,10.07.2000,ACTIVE,MARSHALL Nicole
12245,10022169029,NZL,10.07.2000,ACTIVE,MARSHALL Nicole
12246,10022169029,NZL,10.07.2000,ACTIVE,MARSHALL Nicole
12247,10022169029,NZL,10.07.2000,ACTIVE,MARSHALL Nicole
12248,10011152354,ESP,28.05.1998,ACTIVE,MARTINEZ CHORRO Alejandro
12249,10011152354,ESP,28.05.1998,ACTIVE,MARTINEZ CHORRO Alejandro
12250,10011152354,ESP,28.05.1998,ACTIVE,MARTINEZ CHORRO Alejandro
12251,10011152354,ESP,28.05.1998,ACTIVE,MARTINEZ CHORRO Alejandro
12252,10011152354,ESP,28.05.1998,ACTIVE,MARTINEZ CHORRO Alejandro
12253,10011152354,ESP,28.05.1998,ACTIVE,MARTINEZ CHORRO Alejandro
12254,10011152354,ESP,28.05.1998,ACTIVE,MARTINEZ CHORRO Alejandro
12255,10014739435,UKR,03.09.1999,INACTIVE,MARTYNYUK Daryna
12256,10014739435,UKR,03.09.1999,INACTIVE,MARTYNYUK Daryna
12257,10014739435,UKR,03.09.1999,INACTIVE,MARTYNYUK Daryna
12258,10135359339,NZL,21.06.2007,ACTIVE,MAXWELL Sophie
12259,10010166590,CZE,20.10.1998,ACTIVE,ČECHMAN Martin
12260,10005511503,AUS,20.01.1988,INACTIVE,MCCULLOCH Kaarle
12261,10005511503,AUS,20.01.1988,INACTIVE,MCCULLOCH Kaarle
12262,10005511503,AUS,20.01.1988,INACTIVE,MCCULLOCH Kaarle
12263,10005511503,AUS,20.01.1988,INACTIVE,MCCULLOCH Kaarle
12264,10063745855,AUS,25.06.2001,ACTIVE,MCGILL Molly
12265,10063745855,AUS,25.06.2001,ACTIVE,MCGILL Molly
12266,10063745855,AUS,25.06.2001,ACTIVE,MCGILL Molly
12267,10063745855,AUS,25.06.2001,ACTIVE,MCGILL Molly
12268,10123151988,NZL,08.11.2007,ACTIVE,MCGUIGAN Bertie
12269,10083968537,USA,25.10.2003,ACTIVE,MCKEE Mckenna
12270,10022235919,NZL,04.07.2004,INACTIVE,MCLEOD Jasmine (Jaz)
12271,10022235919,NZL,04.07.2004,INACTIVE,MCLEOD Jasmine (Jaz)
12272,10008966622,GER,11.06.1995,INACTIVE,MAY Jan
12273,10081958819,FRA,12.02.2002,ACTIVE,MICHAUX Julie
12274,10081958819,FRA,12.02.2002,ACTIVE,MICHAUX Julie
12275,10081958819,FRA,12.02.2002,ACTIVE,MICHAUX Julie
12276,10081958819,FRA,12.02.2002,ACTIVE,MICHAUX Julie
12277,10081958819,FRA,12.02.2002,ACTIVE,MICHAUX Julie
12278,10081958819,FRA,12.02.2002,ACTIVE,MICHAUX Julie
12279,10081958819,FRA,12.02.2002,ACTIVE,MICHAUX Julie
12280,10108741428,ITA,27.06.2004,ACTIVE,MINUTA Stefano
12281,10108741428,ITA,27.06.2004,ACTIVE,MINUTA Stefano
12282,10006182318,NZL,19.02.1991,INACTIVE,MITCHELL Ethan
12283,10006182318,NZL,19.02.1991,INACTIVE,MITCHELL Ethan
12284,10006182318,NZL,19.02.1991,INACTIVE,MITCHELL Ethan
12285,10006182318,NZL,19.02.1991,INACTIVE,MITCHELL Ethan
12286,10006182318,NZL,19.02.1991,INACTIVE,MITCHELL Ethan
12287,10006182318,NZL,19.02.1991,INACTIVE,MITCHELL Ethan
12288,10006182318,NZL,19.02.1991,INACTIVE,MITCHELL Ethan
12289,10075047668,CAN,26.11.1993,ACTIVE,MITCHELL Kelsey
12290,10006182318,NZL,19.02.1991,INACTIVE,MITCHELL Ethan
12291,10006182318,NZL,19.02.1991,INACTIVE,MITCHELL Ethan
12292,10075047668,CAN,26.11.1993,ACTIVE,MITCHELL Kelsey
12293,10075047668,CAN,26.11.1993,ACTIVE,MITCHELL Kelsey
12294,10075047668,CAN,26.11.1993,ACTIVE,MITCHELL Kelsey
12295,10006182318,NZL,19.02.1991,INACTIVE,MITCHELL Ethan
12296,10006182318,NZL,19.02.1991,INACTIVE,MITCHELL Ethan
12297,10053232065,MAS,11.09.2003,ACTIVE,MOHD ASRI Nurul Izzah Izzati
12298,10010645732,MAS,03.12.1997,ACTIVE,MOHD ZONIS Muhammad Fadhil
12299,10010645732,MAS,03.12.1997,ACTIVE,MOHD ZONIS Muhammad Fadhil
12300,10007502427,ESP,18.11.1993,ACTIVE,MORENO SANCHEZ Jose
12301,10007502427,ESP,18.11.1993,ACTIVE,MORENO SANCHEZ Jose
12302,10007502427,ESP,18.11.1993,ACTIVE,MORENO SANCHEZ Jose
12303,10007502427,ESP,18.11.1993,ACTIVE,MORENO SANCHEZ Jose
12304,10007502427,ESP,18.11.1993,ACTIVE,MORENO SANCHEZ Jose
12305,10010715046,ITA,22.06.1997,ACTIVE,MORO Stefano
12306,10010715046,ITA,22.06.1997,ACTIVE,MORO Stefano
12307,10022213283,NZL,28.03.2000,ACTIVE,MORRISON Liam
12308,10006289624,AUS,28.11.1990,INACTIVE,MORTON Stephanie
12309,10006289624,AUS,28.11.1990,INACTIVE,MORTON Stephanie
12310,10006289624,AUS,28.11.1990,INACTIVE,MORTON Stephanie
12311,10006289624,AUS,28.11.1990,INACTIVE,MORTON Stephanie
12312,10006289624,AUS,28.11.1990,INACTIVE,MORTON Stephanie
12313,10006289624,AUS,28.11.1990,INACTIVE,MORTON Stephanie
12314,10022218337,NZL,15.03.2003,ACTIVE,MURPHY Finnegan
12315,10099012934,NZL,05.04.2008,ACTIVE,MURPHY Benjamin
12316,10099012934,NZL,05.04.2008,ACTIVE,MURPHY Benjamin
12317,10099012934,NZL,05.04.2008,ACTIVE,MURPHY Benjamin
12318,10088894016,NZL,12.07.2004,INACTIVE,MURRAY Kaitlyn
12319,10021114658,JPN,08.06.1999,ACTIVE,NAKANO Shinji
12320,10021114658,JPN,08.06.1999,ACTIVE,NAKANO Shinji
12321,10030732109,ITA,06.01.2003,ACTIVE,NAPOLITANO Daniele
12322,10030732109,ITA,06.01.2003,ACTIVE,NAPOLITANO Daniele
12323,10030732109,ITA,06.01.2003,ACTIVE,NAPOLITANO Daniele
12324,10015266972,RUS,11.02.1999,ACTIVE,NESTEROV Dmitry
12325,10015266972,RUS,11.02.1999,ACTIVE,NESTEROV Dmitry
12326,10108985847,NZL,28.01.2008,ACTIVE,NEWTON Pyper
12327,10108985847,NZL,28.01.2008,ACTIVE,NEWTON Pyper
12328,10065045049,BEL,01.01.2004,ACTIVE,NICOLAES Julie
12329,10065045049,BEL,01.01.2004,ACTIVE,NICOLAES Julie
12330,10065045049,BEL,01.01.2004,ACTIVE,NICOLAES Julie
12331,10065045049,BEL,01.01.2004,ACTIVE,NICOLAES Julie
12332,10016450776,BEL,05.05.2000,INACTIVE,NIJS Yentl
12333,10005727327,JPN,25.01.1986,INACTIVE,NITTA Yudai
12334,10005727327,JPN,25.01.1986,INACTIVE,NITTA Yudai
12335,10010641284,POL,23.01.1997,INACTIVE,CZYSZCZEWSKI Marcin
12336,10010641284,POL,23.01.1997,INACTIVE,CZYSZCZEWSKI Marcin
12337,10010641284,POL,23.01.1997,INACTIVE,CZYSZCZEWSKI Marcin
12338,10119038178,INA,27.03.2001,ACTIVE,NUR INDAH Ratu Afifah
12339,10020981585,JPN,17.08.1994,ACTIVE,OHTA Riyu
12340,10020981585,JPN,17.08.1994,ACTIVE,OHTA Riyu
12341,10020981585,JPN,17.08.1994,ACTIVE,OHTA Riyu
12342,10020981585,JPN,17.08.1994,ACTIVE,OHTA Riyu
12343,10020981585,JPN,17.08.1994,ACTIVE,OHTA Riyu
12344,10020981585,JPN,17.08.1994,ACTIVE,OHTA Riyu
12345,10020981585,JPN,17.08.1994,ACTIVE,OHTA Riyu
12346,10082509796,CAN,22.10.1995,ACTIVE,ORBAN Sarah
12347,10082509796,CAN,22.10.1995,ACTIVE,ORBAN Sarah
12348,10082509796,CAN,22.10.1995,ACTIVE,ORBAN Sarah
12349,10082509796,CAN,22.10.1995,ACTIVE,ORBAN Sarah
12350,10061655608,COL,29.09.2000,ACTIVE,ORTEGA FONTALVO Cristian David
12351,10061655608,COL,29.09.2000,ACTIVE,ORTEGA FONTALVO Cristian David
12352,10061655608,COL,29.09.2000,ACTIVE,ORTEGA FONTALVO Cristian David
12353,10061655608,COL,29.09.2000,ACTIVE,ORTEGA FONTALVO Cristian David
12354,10122775712,JPN,27.07.1999,ACTIVE,OTA Kaiya
12355,10122775712,JPN,27.07.1999,ACTIVE,OTA Kaiya
12356,10122775712,JPN,27.07.1999,ACTIVE,OTA Kaiya
12357,10122775712,JPN,27.07.1999,ACTIVE,OTA Kaiya
12358,10009232663,ESP,22.01.1995,INACTIVE,VEGA ESPINA Jaime
12359,10128887318,NZL,10.02.1996,ACTIVE,PADDON Charlotte
12360,10009073221,FRA,05.06.1995,ACTIVE,PAIN Mélissandre
12361,10099016570,NZL,07.08.2007,ACTIVE,PAINE Hannah
12362,10045952924,JAM,24.09.1992,ACTIVE,PALMER Dahlia
12363,10045952924,JAM,24.09.1992,ACTIVE,PALMER Dahlia
12364,10136001155,NZL,15.11.2006,ACTIVE,PARKER Oscar
12365,10115054007,NZL,22.11.2007,ACTIVE,PARSONS Josh
12366,10010821241,TTO,23.09.1998,ACTIVE,PAUL Nicholas
12367,10087566126,IND,25.05.2002,ACTIVE,PAUL Triyasha
12368,10010821241,TTO,23.09.1998,ACTIVE,PAUL Nicholas
12369,10010821241,TTO,23.09.1998,ACTIVE,PAUL Nicholas
12370,10010821241,TTO,23.09.1998,ACTIVE,PAUL Nicholas
12371,10087566126,IND,25.05.2002,ACTIVE,PAUL Triyasha
12372,10107707467,NZL,16.01.2006,ACTIVE,PENE Wolf
12373,10107707467,NZL,16.01.2006,ACTIVE,PENE Wolf
12374,10107707467,NZL,16.01.2006,ACTIVE,PENE Wolf
12375,10022183981,NZL,02.09.1990,ACTIVE,PEPPERELL Russell
12376,10022183981,NZL,02.09.1990,ACTIVE,PEPPERELL Russell
12377,10022183981,NZL,02.09.1990,ACTIVE,PEPPERELL Russell
12378,10022183981,NZL,02.09.1990,ACTIVE,PEPPERELL Russell
12379,10022183981,NZL,02.09.1990,ACTIVE,PEPPERELL Russell
12380,10022183981,NZL,02.09.1990,ACTIVE,PEPPERELL Russell
12381,10022183981,NZL,02.09.1990,ACTIVE,PEPPERELL Russell
12382,10022183981,NZL,02.09.1990,ACTIVE,PEPPERELL Russell
12383,10010626938,NZL,25.11.1996,ACTIVE,PEPPERELL Eleanor
12384,10010626938,NZL,25.11.1996,ACTIVE,PEPPERELL Eleanor
12385,10006552534,ESP,17.05.1990,ACTIVE,PERALTA Juan
12386,10006552534,ESP,17.05.1990,ACTIVE,PERALTA Juan
12387,10006552534,ESP,17.05.1990,ACTIVE,PERALTA Juan
12388,10006552534,ESP,17.05.1990,ACTIVE,PERALTA Juan
12389,10006552534,ESP,17.05.1990,ACTIVE,PERALTA Juan
12390,10006552534,ESP,17.05.1990,ACTIVE,PERALTA Juan
12391,10006552534,ESP,17.05.1990,ACTIVE,PERALTA Juan
12392,10006552534,ESP,17.05.1990,ACTIVE,PERALTA Juan
12393,10006552534,ESP,17.05.1990,ACTIVE,PERALTA Juan
12394,10006552534,ESP,17.05.1990,ACTIVE,PERALTA Juan
12395,10006552534,ESP,17.05.1990,ACTIVE,PERALTA Juan
12396,10015914145,RUS,02.12.1999,ACTIVE,PERCHUK Pavel
12397,10015914145,RUS,02.12.1999,ACTIVE,PERCHUK Pavel
12398,10037964871,ESP,13.02.2001,ACTIVE,PEREZ DIAZ Alberto
12399,10037964871,ESP,13.02.2001,ACTIVE,PEREZ DIAZ Alberto
12400,10037964871,ESP,13.02.2001,ACTIVE,PEREZ DIAZ Alberto
12401,10022180749,NZL,04.10.2006,ACTIVE,PERRY Mikayla
12402,10022180749,NZL,04.10.2006,ACTIVE,PERRY Mikayla
12403,10003011125,FRA,16.10.1984,ACTIVE,PERVIS Francois
12404,10029748163,ITA,03.05.1999,INACTIVE,PESCHIERA Simone
12405,10029748163,ITA,03.05.1999,INACTIVE,PESCHIERA Simone
12406,10010028770,NZL,09.07.1998,ACTIVE,PETCH Rebecca
12407,10010028770,NZL,09.07.1998,ACTIVE,PETCH Rebecca
12408,10010028770,NZL,09.07.1998,ACTIVE,PETCH Rebecca
12409,10053771225,POL,03.02.2000,ACTIVE,PETRI Paulina
12410,10053771225,POL,03.02.2000,ACTIVE,PETRI Paulina
12411,10053771225,POL,03.02.2000,ACTIVE,PETRI Paulina
12412,10053771225,POL,03.02.2000,ACTIVE,PETRI Paulina
12413,10053771225,POL,03.02.2000,ACTIVE,PETRI Paulina
12414,10029209512,ITA,04.04.2001,ACTIVE,PINAZZI Mattia
12415,10010829830,GUA,12.01.1998,INACTIVE,PINEDA Brandon
12416,10022161753,NZL,17.07.2002,ACTIVE,PITHIE Laurence
12417,10022161753,NZL,17.07.2002,ACTIVE,PITHIE Laurence
12418,10010598141,NZL,24.05.1997,INACTIVE,PODMORE Olivia
12419,10010598141,NZL,24.05.1997,INACTIVE,PODMORE Olivia
12420,10010598141,NZL,24.05.1997,INACTIVE,PODMORE Olivia
12421,10010598141,NZL,24.05.1997,INACTIVE,PODMORE Olivia
12422,10010598141,NZL,24.05.1997,INACTIVE,PODMORE Olivia
12423,10010598141,NZL,24.05.1997,INACTIVE,PODMORE Olivia
12424,10010598141,NZL,24.05.1997,INACTIVE,PODMORE Olivia
12425,10010598141,NZL,24.05.1997,INACTIVE,PODMORE Olivia
12426,10010797292,KAZ,15.04.1998,ACTIVE,PONOMARYOV Sergey
12427,10010797292,KAZ,15.04.1998,ACTIVE,PONOMARYOV Sergey
12428,10010797292,KAZ,15.04.1998,ACTIVE,PONOMARYOV Sergey
12429,10034048600,ITA,13.08.2004,ACTIVE,PREDOMO Mattia
12430,10034048600,ITA,13.08.2004,ACTIVE,PREDOMO Mattia
12431,10034048600,ITA,13.08.2004,ACTIVE,PREDOMO Mattia
12432,10034048600,ITA,13.08.2004,ACTIVE,PREDOMO Mattia
12433,10034048600,ITA,13.08.2004,ACTIVE,PREDOMO Mattia
12434,10036279596,GER,04.03.2001,ACTIVE,PRÖPSTER Alessa-Catriona
12435,10036279596,GER,04.03.2001,ACTIVE,PRÖPSTER Alessa-Catriona
12436,10036279596,GER,04.03.2001,ACTIVE,PRÖPSTER Alessa-Catriona
12437,10036279596,GER,04.03.2001,ACTIVE,PRÖPSTER Alessa-Catriona
12438,10036279596,GER,04.03.2001,ACTIVE,PRÖPSTER Alessa-Catriona
12439,10036279596,GER,04.03.2001,ACTIVE,PRÖPSTER Alessa-Catriona
12440,10036279596,GER,04.03.2001,ACTIVE,PRÖPSTER Alessa-Catriona
12441,10036279596,GER,04.03.2001,ACTIVE,PRÖPSTER Alessa-Catriona
12442,10109991718,AUS,16.07.2004,INACTIVE,PUZICHA Tyler
12443,10109991718,AUS,16.07.2004,INACTIVE,PUZICHA Tyler
12444,10010830840,COL,28.10.1998,ACTIVE,QUINTERO CHAVARRO Kevin Santiago
12445,10010830840,COL,28.10.1998,ACTIVE,QUINTERO CHAVARRO Kevin Santiago
12446,10010830840,COL,28.10.1998,ACTIVE,QUINTERO CHAVARRO Kevin Santiago
12447,10010830840,COL,28.10.1998,ACTIVE,QUINTERO CHAVARRO Kevin Santiago
12448,10010830840,COL,28.10.1998,ACTIVE,QUINTERO CHAVARRO Kevin Santiago
12449,10123254345,NZL,14.07.1989,ACTIVE,RAMAGE Peter
12450,10092839892,CHI,06.07.2001,ACTIVE,RAMIREZ GOMEZ Vicente
12451,10009039774,COL,20.07.1994,ACTIVE,RAMIREZ MORALES Santiago
12452,10009039774,COL,20.07.1994,ACTIVE,RAMIREZ MORALES Santiago
12453,10009039774,COL,20.07.1994,ACTIVE,RAMIREZ MORALES Santiago
12454,10099751952,NZL,01.08.2006,ACTIVE,RAMSEY Liam
12455,10099751952,NZL,01.08.2006,ACTIVE,RAMSEY Liam
12456,10015781476,NZL,04.07.1998,INACTIVE,RAY Olivia
12457,10015781476,NZL,04.07.1998,INACTIVE,RAY Olivia
12458,10015781476,NZL,04.07.1998,INACTIVE,RAY Olivia
12459,10015781476,NZL,04.07.1998,INACTIVE,RAY Olivia
12460,10016297293,CRC,06.09.2000,ACTIVE,RECIO CARVAJAL Abigail
12461,10057795513,JAM,14.03.2002,ACTIVE,REID Malik
12462,10057795513,JAM,14.03.2002,ACTIVE,REID Malik
12463,10015145724,AUS,17.04.1999,ACTIVE,RICHARDSON Matthew
12464,10015145724,AUS,17.04.1999,ACTIVE,RICHARDSON Matthew
12465,10015145724,AUS,17.04.1999,ACTIVE,RICHARDSON Matthew
12466,10015145724,AUS,17.04.1999,ACTIVE,RICHARDSON Matthew
12467,10015145724,AUS,17.04.1999,ACTIVE,RICHARDSON Matthew
12468,10015145724,AUS,17.04.1999,ACTIVE,RICHARDSON Matthew
12469,10108840246,NZL,02.07.2007,ACTIVE,RILEY Leighton
12470,10108840246,NZL,02.07.2007,ACTIVE,RILEY Leighton
12471,10108840246,NZL,02.07.2007,ACTIVE,RILEY Leighton
12472,10108840246,NZL,02.07.2007,ACTIVE,RILEY Leighton
12473,10010713329,FRA,28.09.1997,ACTIVE,LANDERNEAU Melvin
12474,10015915559,POL,30.08.1999,ACTIVE,ROCHNA Daniel
12475,10015915559,POL,30.08.1999,ACTIVE,ROCHNA Daniel
12476,10015915559,POL,30.08.1999,ACTIVE,ROCHNA Daniel
12477,10015915559,POL,30.08.1999,ACTIVE,ROCHNA Daniel
12478,10015915559,POL,30.08.1999,ACTIVE,ROCHNA Daniel
12479,10015915559,POL,30.08.1999,ACTIVE,ROCHNA Daniel
12480,10015915559,POL,30.08.1999,ACTIVE,ROCHNA Daniel
12481,10050548094,RUS,07.10.1995,INACTIVE,ROGOVAYA Ekaterina
12482,10048224138,CAN,28.05.2003,ACTIVE,RORKE Tyler
12483,10010798003,MAS,20.01.1998,ACTIVE,ROSIDI Anis Amira
12484,10010798003,MAS,20.01.1998,ACTIVE,ROSIDI Anis Amira
12485,10010664829,IRL,07.04.1998,ACTIVE,ROWLEY Conor
12486,10010664829,IRL,07.04.1998,ACTIVE,ROWLEY Conor
12487,10010664829,IRL,07.04.1998,ACTIVE,ROWLEY Conor
12488,10010664829,IRL,07.04.1998,ACTIVE,ROWLEY Conor
12489,10009079382,POL,20.07.1995,ACTIVE,RUDYK Mateusz
12490,10009079382,POL,20.07.1995,ACTIVE,RUDYK Mateusz
12491,10009079382,POL,20.07.1995,ACTIVE,RUDYK Mateusz
12492,10009079382,POL,20.07.1995,ACTIVE,RUDYK Mateusz
12493,10009079382,POL,20.07.1995,ACTIVE,RUDYK Mateusz
12494,10009079382,POL,20.07.1995,ACTIVE,RUDYK Mateusz
12495,10009079382,POL,20.07.1995,ACTIVE,RUDYK Mateusz
12496,10009079382,POL,20.07.1995,ACTIVE,RUDYK Mateusz
12497,10009079382,POL,20.07.1995,ACTIVE,RUDYK Mateusz
12498,10009079382,POL,20.07.1995,ACTIVE,RUDYK Mateusz
12499,10009079382,POL,20.07.1995,ACTIVE,RUDYK Mateusz
12500,10064034229,MEX,10.10.2000,ACTIVE,RUIZ TERAN Juan
12501,10064034229,MEX,10.10.2000,ACTIVE,RUIZ TERAN Juan
12502,10064034229,MEX,10.10.2000,ACTIVE,RUIZ TERAN Juan
12503,10022031512,NZL,13.08.2004,ACTIVE,RUSSELL Jaxson
12504,10022031512,NZL,13.08.2004,ACTIVE,RUSSELL Jaxson
12505,10022031512,NZL,13.08.2004,ACTIVE,RUSSELL Jaxson
12506,10022031512,NZL,13.08.2004,ACTIVE,RUSSELL Jaxson
12507,10022031512,NZL,13.08.2004,ACTIVE,RUSSELL Jaxson
12508,10022031512,NZL,13.08.2004,ACTIVE,RUSSELL Jaxson
12509,10022031512,NZL,13.08.2004,ACTIVE,RUSSELL Jaxson
12510,10022031512,NZL,13.08.2004,ACTIVE,RUSSELL Jaxson
12511,10022031512,NZL,13.08.2004,ACTIVE,RUSSELL Jaxson
12512,10022031512,NZL,13.08.2004,ACTIVE,RUSSELL Jaxson
12513,10069542617,NZL,24.05.2007,ACTIVE,RUSSELL Piper
12514,10022031512,NZL,13.08.2004,ACTIVE,RUSSELL Jaxson
12515,10009150215,MAS,26.11.1995,ACTIVE,SAHROM Muhammad Shah Firdaus
12516,10049101683,MAS,06.03.2001,ACTIVE,SAHROM Muhammad Ridwan
12517,10009150215,MAS,26.11.1995,ACTIVE,SAHROM Muhammad Shah Firdaus
12518,10049101683,MAS,06.03.2001,ACTIVE,SAHROM Muhammad Ridwan
12519,10009150215,MAS,26.11.1995,ACTIVE,SAHROM Muhammad Shah Firdaus
12520,10009150215,MAS,26.11.1995,ACTIVE,SAHROM Muhammad Shah Firdaus
12521,10009150215,MAS,26.11.1995,ACTIVE,SAHROM Muhammad Shah Firdaus
12522,10009150215,MAS,26.11.1995,ACTIVE,SAHROM Muhammad Shah Firdaus
12523,10009150215,MAS,26.11.1995,ACTIVE,SAHROM Muhammad Shah Firdaus
12524,10080656490,COL,11.05.2003,ACTIVE,SALAZAR SANCHEZ Marianis
12525,10008167986,MEX,21.09.1995,ACTIVE,SALAZAR VALLES Jessica
12526,10115010355,AUS,30.05.2003,INACTIVE,SAMUEL Daniel
12527,10073838202,NZL,23.06.2004,ACTIVE,SANDERS D'arcy
12528,10005953154,POL,08.01.1990,ACTIVE,SARNECKI Rafal
12529,10005953154,POL,08.01.1990,ACTIVE,SARNECKI Rafal
12530,10005953154,POL,08.01.1990,ACTIVE,SARNECKI Rafal
12531,10005953154,POL,08.01.1990,ACTIVE,SARNECKI Rafal
12532,10005953154,POL,08.01.1990,ACTIVE,SARNECKI Rafal
12533,10005953154,POL,08.01.1990,ACTIVE,SARNECKI Rafal
12534,10020784353,JPN,07.12.1998,ACTIVE,SATO Mina
12535,10020784353,JPN,07.12.1998,ACTIVE,SATO Mina
12536,10009012391,NZL,16.10.1995,ACTIVE,SAUNDERS Callum
12537,10009012391,NZL,16.10.1995,ACTIVE,SAUNDERS Callum
12538,10009012391,NZL,16.10.1995,ACTIVE,SAUNDERS Callum
12539,10009012391,NZL,16.10.1995,ACTIVE,SAUNDERS Callum
12540,10009012391,NZL,16.10.1995,ACTIVE,SAUNDERS Callum
12541,10009012391,NZL,16.10.1995,ACTIVE,SAUNDERS Callum
12542,10009012391,NZL,16.10.1995,ACTIVE,SAUNDERS Callum
12543,10009012391,NZL,16.10.1995,ACTIVE,SAUNDERS Callum
12544,10009012391,NZL,16.10.1995,ACTIVE,SAUNDERS Callum
12545,10036578478,LTU,20.11.2000,INACTIVE,SAVIČIŪTĖ Arune
12546,10036578478,LTU,20.11.2000,INACTIVE,SAVIČIŪTĖ Arune
12547,10036578478,LTU,20.11.2000,INACTIVE,SAVIČIŪTĖ Arune
12548,10036578478,LTU,20.11.2000,INACTIVE,SAVIČIŪTĖ Arune
12549,10094449183,GRE,06.06.2002,ACTIVE,SAVVAKIS Stamatios
12550,10094449183,GRE,06.06.2002,ACTIVE,SAVVAKIS Stamatios
12551,10122805317,NZL,14.05.2008,ACTIVE,SAYERS Shaylah
12552,10109711529,NZL,21.09.2004,ACTIVE,SCHULER Jessica
12553,10084687852,NZL,11.01.2007,ACTIVE,SCHULER Alex
12554,10109711529,NZL,21.09.2004,ACTIVE,SCHULER Jessica
12555,10084687852,NZL,11.01.2007,ACTIVE,SCHULER Alex
12556,10084687852,NZL,11.01.2007,ACTIVE,SCHULER Alex
12557,10109711529,NZL,21.09.2004,ACTIVE,SCHULER Jessica
12558,10109711529,NZL,21.09.2004,ACTIVE,SCHULER Jessica
12559,10084687852,NZL,11.01.2007,ACTIVE,SCHULER Alex
12560,10084687852,NZL,11.01.2007,ACTIVE,SCHULER Alex
12561,10109711529,NZL,21.09.2004,ACTIVE,SCHULER Jessica
12562,10109711529,NZL,21.09.2004,ACTIVE,SCHULER Jessica
12563,10084687852,NZL,11.01.2007,ACTIVE,SCHULER Alex
12564,10084687852,NZL,11.01.2007,ACTIVE,SCHULER Alex
12565,10135334784,NZL,10.12.2008,ACTIVE,SCOTT Amelea
12566,10022037370,NZL,02.03.2004,ACTIVE,SHEARING Ronan
12567,10022037370,NZL,02.03.2004,ACTIVE,SHEARING Ronan
12568,10073010062,NZL,03.12.1995,INACTIVE,SHEPHERD Daniel
12569,10007272455,RUS,26.10.1994,ACTIVE,SHMELEVA Daria
12570,10007272455,RUS,26.10.1994,ACTIVE,SHMELEVA Daria
12571,10007272455,RUS,26.10.1994,ACTIVE,SHMELEVA Daria
12572,10007272455,RUS,26.10.1994,ACTIVE,SHMELEVA Daria
12573,10007272455,RUS,26.10.1994,ACTIVE,SHMELEVA Daria
12574,10007272455,RUS,26.10.1994,ACTIVE,SHMELEVA Daria
12575,10007272455,RUS,26.10.1994,ACTIVE,SHMELEVA Daria
12576,10007272455,RUS,26.10.1994,ACTIVE,SHMELEVA Daria
12577,10007272455,RUS,26.10.1994,ACTIVE,SHMELEVA Daria
12578,10007272455,RUS,26.10.1994,ACTIVE,SHMELEVA Daria
12579,10007272455,RUS,26.10.1994,ACTIVE,SHMELEVA Daria
12580,10016111983,POL,21.06.2000,ACTIVE,SIBIAK Nikola
12581,10016111983,POL,21.06.2000,ACTIVE,SIBIAK Nikola
12582,10016111983,POL,21.06.2000,ACTIVE,SIBIAK Nikola
12583,10016111983,POL,21.06.2000,ACTIVE,SIBIAK Nikola
12584,10016111983,POL,21.06.2000,ACTIVE,SIBIAK Nikola
12585,10016111983,POL,21.06.2000,ACTIVE,SIBIAK Nikola
12586,10016111983,POL,21.06.2000,ACTIVE,SIBIAK Nikola
12587,10016111983,POL,21.06.2000,ACTIVE,SIBIAK Nikola
12588,10016111983,POL,21.06.2000,ACTIVE,SIBIAK Nikola
12589,10016111983,POL,21.06.2000,ACTIVE,SIBIAK Nikola
12590,10016111983,POL,21.06.2000,ACTIVE,SIBIAK Nikola
12591,10085002700,AUS,22.03.2002,ACTIVE,SIBLEY Ella
12592,10109817118,NZL,27.09.2006,ACTIVE,SIMS Edward
12593,10109817118,NZL,27.09.2006,ACTIVE,SIMS Edward
12594,10008950858,CZE,20.03.1994,ACTIVE,SOJKA David
12595,10008950858,CZE,20.03.1994,ACTIVE,SOJKA David
12596,10008950858,CZE,20.03.1994,ACTIVE,SOJKA David
12597,10008950858,CZE,20.03.1994,ACTIVE,SOJKA David
12598,10008950858,CZE,20.03.1994,ACTIVE,SOJKA David
12599,10122126923,NZL,17.08.2007,ACTIVE,SPATH Samuel
12600,10122126923,NZL,17.08.2007,ACTIVE,SPATH Samuel
12601,10021956740,NZL,24.11.2003,ACTIVE,SPENCER Jessica
12602,10021956740,NZL,24.11.2003,ACTIVE,SPENCER Jessica
12603,10007351671,RSA,27.11.1989,ACTIVE,SPIES Jean
12604,10007351671,RSA,27.11.1989,ACTIVE,SPIES Jean
12605,10007351671,RSA,27.11.1989,ACTIVE,SPIES Jean
12606,10127688255,AUS,19.04.2005,ACTIVE,STANTON-KEIR Jaydan
12607,10009233370,UKR,22.04.1996,ACTIVE,STARIKOVA Olena
12608,10009233370,UKR,22.04.1996,ACTIVE,STARIKOVA Olena
12609,10009233370,UKR,22.04.1996,ACTIVE,STARIKOVA Olena
12610,10009233370,UKR,22.04.1996,ACTIVE,STARIKOVA Olena
12611,10009233370,UKR,22.04.1996,ACTIVE,STARIKOVA Olena
12612,10009233370,UKR,22.04.1996,ACTIVE,STARIKOVA Olena
12613,10009233370,UKR,22.04.1996,ACTIVE,STARIKOVA Olena
12614,10009233370,UKR,22.04.1996,ACTIVE,STARIKOVA Olena
12615,10009233370,UKR,22.04.1996,ACTIVE,STARIKOVA Olena
12616,10009233370,UKR,22.04.1996,ACTIVE,STARIKOVA Olena
12617,10009233370,UKR,22.04.1996,ACTIVE,STARIKOVA Olena
12618,10009233370,UKR,22.04.1996,ACTIVE,STARIKOVA Olena
12619,10048100765,CZE,28.08.2000,ACTIVE,ŠŤASTNÝ Jakub
12620,10048100765,CZE,28.08.2000,ACTIVE,ŠŤASTNÝ Jakub
12621,10048100765,CZE,28.08.2000,ACTIVE,ŠŤASTNÝ Jakub
12622,10048100765,CZE,28.08.2000,ACTIVE,ŠŤASTNÝ Jakub
12623,10048100765,CZE,28.08.2000,ACTIVE,ŠŤASTNÝ Jakub
12624,10048100765,CZE,28.08.2000,ACTIVE,ŠŤASTNÝ Jakub
12625,10048100765,CZE,28.08.2000,ACTIVE,ŠŤASTNÝ Jakub
12626,10048100765,CZE,28.08.2000,ACTIVE,ŠŤASTNÝ Jakub
12627,10115010961,AUS,09.01.2004,ACTIVE,STEVENS Emma
12628,10115010961,AUS,09.01.2004,ACTIVE,STEVENS Emma
12629,10115010961,AUS,09.01.2004,ACTIVE,STEVENS Emma
12630,10115010961,AUS,09.01.2004,ACTIVE,STEVENS Emma
12631,10015483709,GBR,18.03.1999,INACTIVE,STEWART Lewis
12632,10015483709,GBR,18.03.1999,INACTIVE,STEWART Lewis
12633,10018638431,IRL,10.04.1990,INACTIVE,STEWART Robyn
12634,10018638431,IRL,10.04.1990,INACTIVE,STEWART Robyn
12635,10018638431,IRL,10.04.1990,INACTIVE,STEWART Robyn
12636,10018638431,IRL,10.04.1990,INACTIVE,STEWART Robyn
12637,10018638431,IRL,10.04.1990,INACTIVE,STEWART Robyn
12638,10099751245,NZL,01.02.2006,INACTIVE,STEWART Benjamin
12639,10108942174,,,,
12640,10089899883,NZL,18.10.2008,ACTIVE,STREET Luke
12641,10009118384,RUS,15.08.1996,INACTIVE,SUKHAREVA Anastasiya
12642,10009118384,RUS,15.08.1996,INACTIVE,SUKHAREVA Anastasiya
12643,10036578276,LTU,07.07.2000,INACTIVE,ŠUMSKYTĖ Viktorija
12644,10036578276,LTU,07.07.2000,INACTIVE,ŠUMSKYTĖ Viktorija
12645,10036578276,LTU,07.07.2000,INACTIVE,ŠUMSKYTĖ Viktorija
12646,10036578276,LTU,07.07.2000,INACTIVE,ŠUMSKYTĖ Viktorija
12647,10036578276,LTU,07.07.2000,INACTIVE,ŠUMSKYTĖ Viktorija
12648,10075682010,NZL,14.07.2004,ACTIVE,SYKES Amelia
12649,10075682010,NZL,14.07.2004,ACTIVE,SYKES Amelia
12650,10055137915,HUN,10.08.1993,ACTIVE,SZABO Norbert
12651,10055137915,HUN,10.08.1993,ACTIVE,SZABO Norbert
12652,10055137915,HUN,10.08.1993,ACTIVE,SZABO Norbert
12653,10055137915,HUN,10.08.1993,ACTIVE,SZABO Norbert
12654,10055137915,HUN,10.08.1993,ACTIVE,SZABO Norbert
12655,10055137915,HUN,10.08.1993,ACTIVE,SZABO Norbert
12656,10007073506,HUN,03.07.1990,ACTIVE,SZALONTAY Sándor
12657,10007073506,HUN,03.07.1990,ACTIVE,SZALONTAY Sándor
12658,10007073506,HUN,03.07.1990,ACTIVE,SZALONTAY Sándor
12659,10007073506,HUN,03.07.1990,ACTIVE,SZALONTAY Sándor
12660,10007073506,HUN,03.07.1990,ACTIVE,SZALONTAY Sándor
12661,10007073506,HUN,03.07.1990,ACTIVE,SZALONTAY Sándor
12662,10007073506,HUN,03.07.1990,ACTIVE,SZALONTAY Sándor
12663,10007073506,HUN,03.07.1990,ACTIVE,SZALONTAY Sándor
12664,10007073506,HUN,03.07.1990,ACTIVE,SZALONTAY Sándor
12665,10063033917,VEN,02.10.2001,ACTIVE,TERAN ARIAS Yorbert
12666,10010592279,JPN,04.01.1994,ACTIVE,TERASAKI Kohei
12667,10010592279,JPN,04.01.1994,ACTIVE,TERASAKI Kohei
12668,10010592279,JPN,04.01.1994,ACTIVE,TERASAKI Kohei
12669,10110071439,NZL,28.06.2008,ACTIVE,THOMSON Jesse
12670,10099752962,NZL,09.09.2004,ACTIVE,TINOAI Charlie
12671,10099752962,NZL,09.09.2004,ACTIVE,TINOAI Charlie
12672,10099752962,NZL,09.09.2004,ACTIVE,TINOAI Charlie
12673,10117936018,SUR,19.10.1993,ACTIVE,TJON EN FA Jaïr
12674,10117936018,SUR,19.10.1993,ACTIVE,TJON EN FA Jaïr
12675,10117936018,SUR,19.10.1993,ACTIVE,TJON EN FA Jaïr
12676,10117936018,SUR,19.10.1993,ACTIVE,TJON EN FA Jaïr
12677,10117936018,SUR,19.10.1993,ACTIVE,TJON EN FA Jaïr
12678,10117936018,SUR,19.10.1993,ACTIVE,TJON EN FA Jaïr
12679,10117936018,SUR,19.10.1993,ACTIVE,TJON EN FA Jaïr
12680,10117936018,SUR,19.10.1993,ACTIVE,TJON EN FA Jaïr
12681,10063279447,HKG,17.07.1999,ACTIVE,TO Cheuk Hei
12682,10063279447,HKG,17.07.1999,ACTIVE,TO Cheuk Hei
12683,10010641082,POL,25.08.1998,INACTIVE,TOLOMANOW Aleksandra
12684,10010641082,POL,25.08.1998,INACTIVE,TOLOMANOW Aleksandra
12685,10007535365,CZE,31.07.1993,ACTIVE,TOPINKA Dominik
12686,10007535365,CZE,31.07.1993,ACTIVE,TOPINKA Dominik
12687,10022063844,NZL,07.07.2004,INACTIVE,TOWNSEND Bee
12688,10075185084,AUS,22.05.2001,INACTIVE,TROVAS John
12689,10075185084,AUS,22.05.2001,INACTIVE,TROVAS John
12690,10075185084,AUS,22.05.2001,INACTIVE,TROVAS John
12691,10017950943,GBR,14.02.1997,ACTIVE,TRUMAN Joseph
12692,10017950943,GBR,14.02.1997,ACTIVE,TRUMAN Joseph
12693,10017950943,GBR,14.02.1997,ACTIVE,TRUMAN Joseph
12694,10017950943,GBR,14.02.1997,ACTIVE,TRUMAN Joseph
12695,10017950943,GBR,14.02.1997,ACTIVE,TRUMAN Joseph
12696,10017950943,GBR,14.02.1997,ACTIVE,TRUMAN Joseph
12697,10015483305,GBR,13.07.1999,ACTIVE,TURNBULL Hamish
12698,10015483305,GBR,13.07.1999,ACTIVE,TURNBULL Hamish
12699,10015483305,GBR,13.07.1999,ACTIVE,TURNBULL Hamish
12700,10015483305,GBR,13.07.1999,ACTIVE,TURNBULL Hamish
12701,10015483305,GBR,13.07.1999,ACTIVE,TURNBULL Hamish
12702,10015483305,GBR,13.07.1999,ACTIVE,TURNBULL Hamish
12703,10015483305,GBR,13.07.1999,ACTIVE,TURNBULL Hamish
12704,10097210552,NZL,01.12.2007,ACTIVE,TURNBULL Robert
12705,10015483305,GBR,13.07.1999,ACTIVE,TURNBULL Hamish
12706,10015483305,GBR,13.07.1999,ACTIVE,TURNBULL Hamish
12707,10034919778,RUS,01.08.2000,ACTIVE,BURLAKOVA Yana
12708,10034919778,RUS,01.08.2000,ACTIVE,BURLAKOVA Yana
12709,10034919778,RUS,01.08.2000,ACTIVE,BURLAKOVA Yana
12710,10034919778,RUS,01.08.2000,ACTIVE,BURLAKOVA Yana
12711,10034919778,RUS,01.08.2000,ACTIVE,BURLAKOVA Yana
12712,10034919778,RUS,01.08.2000,ACTIVE,BURLAKOVA Yana
12713,10034919778,RUS,01.08.2000,ACTIVE,BURLAKOVA Yana
12714,10010630271,NZL,10.01.1988,ACTIVE,UIVEL Maxwell
12715,10112266265,NZL,20.05.1996,ACTIVE,UIVEL Bella
12716,10112266265,NZL,20.05.1996,ACTIVE,UIVEL Bella
12717,10020982696,JPN,01.03.1991,ACTIVE,UMEKAWA Fuko
12718,10020982696,JPN,01.03.1991,ACTIVE,UMEKAWA Fuko
12719,10020982696,JPN,01.03.1991,ACTIVE,UMEKAWA Fuko
12720,10108985544,NZL,09.02.2007,INACTIVE,UNDERWOOD Flynn
12721,10010644015,NED,29.05.1998,ACTIVE,VAN DER WOUW Hetty
12722,10014699726,NED,10.09.1999,ACTIVE,VAN DER PEET Steffie
12723,10014699726,NED,10.09.1999,ACTIVE,VAN DER PEET Steffie
12724,10014699726,NED,10.09.1999,ACTIVE,VAN DER PEET Steffie
12725,10014699726,NED,10.09.1999,ACTIVE,VAN DER PEET Steffie
12726,10014699726,NED,10.09.1999,ACTIVE,VAN DER PEET Steffie
12727,10014699726,NED,10.09.1999,ACTIVE,VAN DER PEET Steffie
12728,10014699726,NED,10.09.1999,ACTIVE,VAN DER PEET Steffie
12729,10014699726,NED,10.09.1999,ACTIVE,VAN DER PEET Steffie
12730,10010644015,NED,29.05.1998,ACTIVE,VAN DER WOUW Hetty
12731,10010644015,NED,29.05.1998,ACTIVE,VAN DER WOUW Hetty
12732,10010644015,NED,29.05.1998,ACTIVE,VAN DER WOUW Hetty
12733,10010644015,NED,29.05.1998,ACTIVE,VAN DER WOUW Hetty
12734,10010644015,NED,29.05.1998,ACTIVE,VAN DER WOUW Hetty
12735,10010644015,NED,29.05.1998,ACTIVE,VAN DER WOUW Hetty
12736,10010644015,NED,29.05.1998,ACTIVE,VAN DER WOUW Hetty
12737,10010644015,NED,29.05.1998,ACTIVE,VAN DER WOUW Hetty
12738,10010644015,NED,29.05.1998,ACTIVE,VAN DER WOUW Hetty
12739,10023438921,NED,20.03.2001,ACTIVE,VAN LOON Tijmen
12740,10023438921,NED,20.03.2001,ACTIVE,VAN LOON Tijmen
12741,10023438921,NED,20.03.2001,ACTIVE,VAN LOON Tijmen
12742,10023438921,NED,20.03.2001,ACTIVE,VAN LOON Tijmen
12743,10023438921,NED,20.03.2001,ACTIVE,VAN LOON Tijmen
12744,10023438921,NED,20.03.2001,ACTIVE,VAN LOON Tijmen
12745,10023438921,NED,20.03.2001,ACTIVE,VAN LOON Tijmen
12746,10023438921,NED,20.03.2001,ACTIVE,VAN LOON Tijmen
12747,10023438921,NED,20.03.2001,ACTIVE,VAN LOON Tijmen
12748,10010579448,NED,10.08.1987,INACTIVE,VAN RIESSEN Laurine
12749,10010579448,NED,10.08.1987,INACTIVE,VAN RIESSEN Laurine
12750,10010579448,NED,10.08.1987,INACTIVE,VAN RIESSEN Laurine
12751,10010579448,NED,10.08.1987,INACTIVE,VAN RIESSEN Laurine
12752,10010579448,NED,10.08.1987,INACTIVE,VAN RIESSEN Laurine
12753,10010579448,NED,10.08.1987,INACTIVE,VAN RIESSEN Laurine
12754,10010579448,NED,10.08.1987,INACTIVE,VAN RIESSEN Laurine
12755,10010579448,NED,10.08.1987,INACTIVE,VAN RIESSEN Laurine
12756,10010579448,NED,10.08.1987,INACTIVE,VAN RIESSEN Laurine
12757,10010714137,ITA,16.03.1997,ACTIVE,VECE Miriam
12758,10010714137,ITA,16.03.1997,ACTIVE,VECE Miriam
12759,10010714137,ITA,16.03.1997,ACTIVE,VECE Miriam
12760,10010714137,ITA,16.03.1997,ACTIVE,VECE Miriam
12761,10010714137,ITA,16.03.1997,ACTIVE,VECE Miriam
12762,10010714137,ITA,16.03.1997,ACTIVE,VECE Miriam
12763,10010714137,ITA,16.03.1997,ACTIVE,VECE Miriam
12764,10010714137,ITA,16.03.1997,ACTIVE,VECE Miriam
12765,10010714137,ITA,16.03.1997,ACTIVE,VECE Miriam
12766,10010714137,ITA,16.03.1997,ACTIVE,VECE Miriam
12767,10022075968,NZL,18.09.1979,ACTIVE,VENTER Geertien
12768,10022075968,NZL,18.09.1979,ACTIVE,VENTER Geertien
12769,10022075968,NZL,18.09.1979,ACTIVE,VENTER Geertien
12770,10022075968,NZL,18.09.1979,ACTIVE,VENTER Geertien
12771,10022075968,NZL,18.09.1979,ACTIVE,VENTER Geertien
12772,10016191708,ARG,12.06.1999,ACTIVE,VERA Natalia Andrea
12773,10013460853,BLR,03.09.1995,ACTIVE,VERAMCHUK Yauhen
12774,10013460853,BLR,03.09.1995,ACTIVE,VERAMCHUK Yauhen
12775,10013460853,BLR,03.09.1995,ACTIVE,VERAMCHUK Yauhen
12776,10009727767,MEX,29.06.1997,ACTIVE,VERDUGO OSUNA Yuli
12777,10009727767,MEX,29.06.1997,ACTIVE,VERDUGO OSUNA Yuli
12778,10007890932,MEX,19.06.1994,ACTIVE,VERDUGO OSUNA Edgar
12779,10009727767,MEX,29.06.1997,ACTIVE,VERDUGO OSUNA Yuli
12780,10007890932,MEX,19.06.1994,ACTIVE,VERDUGO OSUNA Edgar
12781,10009727767,MEX,29.06.1997,ACTIVE,VERDUGO OSUNA Yuli
12782,10009727767,MEX,29.06.1997,ACTIVE,VERDUGO OSUNA Yuli
12783,10009727767,MEX,29.06.1997,ACTIVE,VERDUGO OSUNA Yuli
12784,10010678569,FRA,18.04.1997,ACTIVE,VIGIER Sébastien
12785,10010678569,FRA,18.04.1997,ACTIVE,VIGIER Sébastien
12786,10010678569,FRA,18.04.1997,ACTIVE,VIGIER Sébastien
12787,10010678569,FRA,18.04.1997,ACTIVE,VIGIER Sébastien
12788,10010678569,FRA,18.04.1997,ACTIVE,VIGIER Sébastien
12789,10010678569,FRA,18.04.1997,ACTIVE,VIGIER Sébastien
12790,10010678569,FRA,18.04.1997,ACTIVE,VIGIER Sébastien
12791,10010678569,FRA,18.04.1997,ACTIVE,VIGIER Sébastien
12792,10010678569,FRA,18.04.1997,ACTIVE,VIGIER Sébastien
12793,10010678569,FRA,18.04.1997,ACTIVE,VIGIER Sébastien
12794,10010678569,FRA,18.04.1997,ACTIVE,VIGIER Sébastien
12795,10010678569,FRA,18.04.1997,ACTIVE,VIGIER Sébastien
12796,10010678569,FRA,18.04.1997,ACTIVE,VIGIER Sébastien
12797,10010678569,FRA,18.04.1997,ACTIVE,VIGIER Sébastien
12798,10050089669,ARG,26.07.2000,ACTIVE,VILAR Lucas Oscar
12799,10050089669,ARG,26.07.2000,ACTIVE,VILAR Lucas Oscar
12800,10050089669,ARG,26.07.2000,ACTIVE,VILAR Lucas Oscar
12801,10007498484,RUS,05.02.1993,INACTIVE,VOINOVA Anastasiia
12802,10007498484,RUS,05.02.1993,INACTIVE,VOINOVA Anastasiia
12803,10007498484,RUS,05.02.1993,INACTIVE,VOINOVA Anastasiia
12804,10007498484,RUS,05.02.1993,INACTIVE,VOINOVA Anastasiia
12805,10007498484,RUS,05.02.1993,INACTIVE,VOINOVA Anastasiia
12806,10007498484,RUS,05.02.1993,INACTIVE,VOINOVA Anastasiia
12807,10007498484,RUS,05.02.1993,INACTIVE,VOINOVA Anastasiia
12808,10007498484,RUS,05.02.1993,INACTIVE,VOINOVA Anastasiia
12809,10007498484,RUS,05.02.1993,INACTIVE,VOINOVA Anastasiia
12810,10007498484,RUS,05.02.1993,INACTIVE,VOINOVA Anastasiia
12811,10007498484,RUS,05.02.1993,INACTIVE,VOINOVA Anastasiia
12812,10002418415,UKR,14.08.1982,INACTIVE,VYNOKUROV Andrii
12813,10002418415,UKR,14.08.1982,INACTIVE,VYNOKUROV Andrii
12814,10002418415,UKR,14.08.1982,INACTIVE,VYNOKUROV Andrii
12815,10002418415,UKR,14.08.1982,INACTIVE,VYNOKUROV Andrii
12816,10015442481,NZL,21.04.1999,INACTIVE,WAINE Harry
12817,10022095166,NZL,10.03.2004,ACTIVE,WALKER Samantha
12818,10022095166,NZL,10.03.2004,ACTIVE,WALKER Samantha
12819,10016235255,IRL,09.05.1989,ACTIVE,WALSH Orla
12820,10016235255,IRL,09.05.1989,ACTIVE,WALSH Orla
12821,10016235255,IRL,09.05.1989,ACTIVE,WALSH Orla
12822,10016235255,IRL,09.05.1989,ACTIVE,WALSH Orla
12823,10015713273,CAN,21.10.1999,ACTIVE,WAMMES Nick
12824,10015713273,CAN,21.10.1999,ACTIVE,WAMMES Nick
12825,10015713273,CAN,21.10.1999,ACTIVE,WAMMES Nick
12826,10015713273,CAN,21.10.1999,ACTIVE,WAMMES Nick
12827,10011088393,TPE,26.03.1997,ACTIVE,王 WANG 慈均 Tzu Chun
12828,10022028680,NZL,09.09.1976,ACTIVE,WARREN Nicholas
12829,10022027266,NZL,27.07.2001,ACTIVE,WATTS Kiaan
12830,10088306962,NZL,20.03.1992,ACTIVE,WATTS Chris
12831,10088306962,NZL,20.03.1992,ACTIVE,WATTS Chris
12832,10088306962,NZL,20.03.1992,ACTIVE,WATTS Chris
12833,10088306962,NZL,20.03.1992,ACTIVE,WATTS Chris
12834,10088306962,NZL,20.03.1992,ACTIVE,WATTS Chris
12835,10088306962,NZL,20.03.1992,ACTIVE,WATTS Chris
12836,10088306962,NZL,20.03.1992,ACTIVE,WATTS Chris
12837,10006184742,NZL,16.07.1991,INACTIVE,WEBSTER Sam
12838,10022040606,NZL,25.03.2002,ACTIVE,WEBSTER Reuben
12839,10006184742,NZL,16.07.1991,INACTIVE,WEBSTER Sam
12840,10006184742,NZL,16.07.1991,INACTIVE,WEBSTER Sam
12841,10006184742,NZL,16.07.1991,INACTIVE,WEBSTER Sam
12842,10022040606,NZL,25.03.2002,ACTIVE,WEBSTER Reuben
12843,10006184742,NZL,16.07.1991,INACTIVE,WEBSTER Sam
12844,10006184742,NZL,16.07.1991,INACTIVE,WEBSTER Sam
12845,10006184742,NZL,16.07.1991,INACTIVE,WEBSTER Sam
12846,10006184742,NZL,16.07.1991,INACTIVE,WEBSTER Sam
12847,10006184742,NZL,16.07.1991,INACTIVE,WEBSTER Sam
12848,10022040606,NZL,25.03.2002,ACTIVE,WEBSTER Reuben
12849,10022040606,NZL,25.03.2002,ACTIVE,WEBSTER Reuben
12850,10006184742,NZL,16.07.1991,INACTIVE,WEBSTER Sam
12851,10006184742,NZL,16.07.1991,INACTIVE,WEBSTER Sam
12852,10022040606,NZL,25.03.2002,ACTIVE,WEBSTER Reuben
12853,10022040606,NZL,25.03.2002,ACTIVE,WEBSTER Reuben
12854,10022040606,NZL,25.03.2002,ACTIVE,WEBSTER Reuben
12855,10003100950,GER,09.12.1986,INACTIVE,WELTE Miriam
12856,10003100950,GER,09.12.1986,INACTIVE,WELTE Miriam
12857,10136846974,NZL,04.08.2003,ACTIVE,WESTMORELAND Louis
12858,10022021812,NZL,06.01.2004,ACTIVE,WHYTE Jaxson
12859,10008997641,NZL,21.07.1995,ACTIVE,WILLIAMS Zac
12860,10008997641,NZL,21.07.1995,ACTIVE,WILLIAMS Zac
12861,10008997641,NZL,21.07.1995,ACTIVE,WILLIAMS Zac
12862,10008997641,NZL,21.07.1995,ACTIVE,WILLIAMS Zac
12863,10008997641,NZL,21.07.1995,ACTIVE,WILLIAMS Zac
12864,10008997641,NZL,21.07.1995,ACTIVE,WILLIAMS Zac
12865,10008997641,NZL,21.07.1995,ACTIVE,WILLIAMS Zac
12866,10022053437,NZL,17.12.2002,INACTIVE,WILLIS Jacob
12867,10022053437,NZL,17.12.2002,INACTIVE,WILLIS Jacob
12868,10137003689,NZL,24.02.2007,ACTIVE,WOOD Amelie
12869,10109021516,NZL,03.05.2008,ACTIVE,WOOLLETT Zachery
12870,10109021516,NZL,03.05.2008,ACTIVE,WOOLLETT Zachery
12871,10109021516,NZL,03.05.2008,ACTIVE,WOOLLETT Zachery
12872,10007947011,CHN,05.11.1994,ACTIVE,XU Chao
12873,10007947011,CHN,05.11.1994,ACTIVE,XU Chao
12874,10007947011,CHN,05.11.1994,ACTIVE,XU Chao
12875,10129788610,CHN,27.01.2001,INACTIVE,XUE Chenxi
12876,10034964036,ISR,01.09.2000,INACTIVE,YAKOVLEV Mikhail
12877,10034964036,ISR,01.09.2000,INACTIVE,YAKOVLEV Mikhail
12878,10034964036,ISR,01.09.2000,INACTIVE,YAKOVLEV Mikhail
12879,10003100120,,,,
12880,10003100120,,,,
12881,10003100120,,,,
12882,10003100120,,,,
12883,10003100120,,,,
12884,10003100120,,,,
12885,10003100120,,,,
12886,10003100120,,,,
12887,10003100120,,,,
12888,10003100120,,,,
12889,10020900955,JPN,17.12.1992,ACTIVE,YAMASAKI Kento
12890,10020900955,JPN,17.12.1992,ACTIVE,YAMASAKI Kento
12891,10020900955,JPN,17.12.1992,ACTIVE,YAMASAKI Kento
12892,10015323152,CHN,16.03.1998,ACTIVE,YAN Weiming
12893,10045965957,HKG,28.12.2000,ACTIVE,YEUNG Cho Yiu
12894,10045965957,HKG,28.12.2000,ACTIVE,YEUNG Cho Yiu
12895,10045965957,HKG,28.12.2000,ACTIVE,YEUNG Cho Yiu
12896,10045965957,HKG,28.12.2000,ACTIVE,YEUNG Cho Yiu
12897,10129788913,CHN,13.04.2005,ACTIVE,YUAN Liying
12898,10129788913,CHN,13.04.2005,ACTIVE,YUAN Liying
12899,10129788913,CHN,13.04.2005,ACTIVE,YUAN Liying
12900,10009017243,BLR,13.05.1995,ACTIVE,ZAITSAU Artsiom
12901,10009017243,BLR,13.05.1995,ACTIVE,ZAITSAU Artsiom
12902,10009017243,BLR,13.05.1995,ACTIVE,ZAITSAU Artsiom
12903,10009017243,BLR,13.05.1995,ACTIVE,ZAITSAU Artsiom
12904,10009017243,BLR,13.05.1995,ACTIVE,ZAITSAU Artsiom
12905,10095118786,CHN,25.08.2003,ACTIVE,ZHAI Fei
12906,10006899613,CHN,02.02.1991,INACTIVE,ZHONG Tianshi
12907,10052089586,CHN,05.01.1999,ACTIVE,ZHOU Yu
12908,10052089586,CHN,05.01.1999,ACTIVE,ZHOU Yu
12909,10052089586,CHN,05.01.1999,ACTIVE,ZHOU Yu
