Location,Year,Date,Event,Stage,Heat,Round,Athlete,Country,Age,Final_Rank,Rank,200m,AvgSpeed,Initial_CSE,Final_CSE,Mu,Sigma,ExpectedRank,RatingChange,,
Berlin,2018,2/12/2018,NC,R16,1,1,BUCHLI_Matthijs,BCC,,2,1,10.468,68.781047,9,15.054,29.396,7.171,1,6.054,,
Berlin,2018,2/12/2018,NC,R16,1,1,YAKUSHEVSKIY_Pavel,RUS,31.2109589,,2,10.541,68.30471492,9,6.262,20.604,7.171,1,-2.738,,
Berlin,2018,2/12/2018,NC,R16,2,1,PAUL_Nicholas,TTO,20.20547945,,1,10.256,70.20280811,9,15.054,29.396,7.171,1,6.054,,
Berlin,2018,2/12/2018,NC,R16,2,1,SARNECKI_Rafal,POL,28.91780822,,2,10.584,68.02721088,9,6.262,20.604,7.171,1,-2.738,,
Berlin,2018,2/12/2018,NC,R16,3,1,HELAL_Rayan,FRA,19.87671233,3,1,10.282,70.02528691,9,15.054,29.396,7.171,1,6.054,,
Berlin,2018,2/12/2018,NC,R16,3,1,OH_Jeseok,KOR,119.0027397,,2,10.511,68.49966702,9,6.262,20.604,7.171,1,-2.738,,
Berlin,2018,2/12/2018,NC,R16,4,1,XU_Chao,CHN,,,1,10.299,69.90969997,9,15.054,29.396,7.171,1,6.054,,
Berlin,2018,2/12/2018,NC,R16,4,1,TJON_EN_FA_Jair,SUR,25.1369863,,2,10.323,69.74716652,9,6.262,20.604,7.171,1,-2.738,,
Berlin,2018,2/12/2018,NC,R16,5,1,LEVY_Maximilian,GER,,,1,10.38,69.36416185,9,15.054,29.396,7.171,1,6.054,,
Berlin,2018,2/12/2018,NC,R16,5,1,FUKAYA_Tomohiro,JPN,119.0027397,,2,10.39,69.29740135,9,6.262,20.604,7.171,1,-2.738,,
Berlin,2018,2/12/2018,NC,R16,6,1,KENNY_Jason,GBR,,,1,10.341,69.62576153,9,15.054,29.396,7.171,1,6.054,,
Berlin,2018,2/12/2018,NC,R16,6,1,BOTTICHER_Stefan,GER,,,2,10.58,68.05293006,9,6.262,20.604,7.171,1,-2.738,,
Berlin,2018,2/12/2018,NC,R16,7,1,DMITRIEV_Denis,RUS,32.71780822,,1,10.539,68.3176772,9,15.054,29.396,7.171,1,6.054,,
Berlin,2018,2/12/2018,NC,R16,7,1,QUINTERO_CHAVARRO_Kevin_Santiago,COL,20.10958904,,2,10.569,68.12375816,9,6.262,20.604,7.171,1,-2.738,,
Berlin,2018,2/12/2018,NC,R16,8,1,HINDES_Philip,GBR,,,1,10.332,69.68641115,9,15.054,29.396,7.171,1,6.054,,
Berlin,2018,2/12/2018,NC,R16,8,1,VYNOKUROV_Andrii,UKR,,,2,10.44,68.96551724,9,6.262,20.604,7.171,1,-2.738,,
Berlin,2018,2/12/2018,NC,R16,9,1,KELEMEN_Pavel,CZE,119.0027397,,1,10.382,69.35079946,9,15.054,29.396,7.171,1,6.054,,
Berlin,2018,2/12/2018,NC,R16,9,1,WAGNER_Robin,CZE,25.83013699,,2,10.433,69.01178951,9,6.262,20.604,7.171,1,-2.738,,
Berlin,2018,2/12/2018,NC,R16,10,1,LENDEL_Vasilijus,LTU,23.66575342,,1,10.148,70.94994088,9,15.054,29.396,7.171,1,6.054,,
Berlin,2018,2/12/2018,NC,R16,10,1,LIGTLEE_Sam,NED,20.98630137,,2,10.19,70.65750736,9,6.262,20.604,7.171,1,-2.738,,
Berlin,2018,2/12/2018,NC,R16,11,1,TRUMAN_Joseph,TIN,21.8109589,,1,10.258,70.18912069,9,15.054,29.396,7.171,1,6.054,,
Berlin,2018,2/12/2018,NC,R16,11,1,PHILLIP_Njisane,TTO,119.0027397,,2,12.485,57.66920304,9,6.262,20.604,7.171,1,-2.738,,
Berlin,2018,2/12/2018,NC,R16,12,1,PERALTA_GASCON_Juan,ESP,,,1,10.429,69.0382587,9,15.054,29.396,7.171,1,6.054,,
Berlin,2018,2/12/2018,NC,R16,12,1,BARRETTE_Hugo,CAN,27.43287671,,2,REL,,9,6.262,20.604,7.171,1,-2.738,,
Berlin,2018,2/12/2018,NC,R8,1,1,RUDYK_Mateusz,POL,23.38630137,4,1,10.305,69.86899563,9,17.253,30.997,6.872,2,8.253,,
Berlin,2018,2/12/2018,NC,R8,1,1,PERALTA_GASCON_Juan,ESP,,,2,10.484,68.67607783,15.054,12.425,24.955,6.265,1,-2.629,,
Berlin,2018,2/12/2018,NC,R8,2,1,TRUMAN_Joseph,TIN,21.8109589,,1,10.114,71.18845165,15.054,19.031,31.957,6.463,1,3.977,,
Berlin,2018,2/12/2018,NC,R8,2,1,HOOGLAND_Jeffrey,NED,25.73150685,,2,10.151,70.92897252,9,7.142,21.542,7.2,2,-1.858,,
Berlin,2018,2/12/2018,NC,R8,3,1,GLAETZER_Matthew,AUS,26.29041096,1,1,10.293,69.95045176,9,17.253,30.997,6.872,2,8.253,,
Berlin,2018,2/12/2018,NC,R8,3,1,LENDEL_Vasilijus,LTU,23.66575342,,2,10.372,69.41766294,15.054,12.425,24.955,6.265,1,-2.629,,
Berlin,2018,2/12/2018,NC,R8,4,1,KELEMEN_Pavel,CZE,119.0027397,,1,10.248,70.25761124,15.054,19.031,31.957,6.463,1,3.977,,
Berlin,2018,2/12/2018,NC,R8,4,1,CALEYRON_Quentin,FRA,,,2,10.337,69.65270388,9,7.142,21.542,7.2,2,-1.858,,
Berlin,2018,2/12/2018,NC,R8,5,1,BUCHLI_Matthijs,BCC,,2,1,10.122,71.13218731,15.054,20.595,33.073,6.239,1,5.541,,
Berlin,2018,2/12/2018,NC,R8,5,1,HINDES_Philip,GBR,,,2,10.946,65.77745295,15.054,13.241,25.719,6.239,1,-1.813,,
Berlin,2018,2/12/2018,NC,R8,6,1,DMITRIEV_Denis,RUS,32.71780822,,1,10.41,69.16426513,15.054,20.595,33.073,6.239,1,5.541,,
Berlin,2018,2/12/2018,NC,R8,6,1,PAUL_Nicholas,TTO,20.20547945,,2,10.473,68.74820968,15.054,13.241,25.719,6.239,1,-1.813,,
Berlin,2018,2/12/2018,NC,R8,7,1,HELAL_Rayan,FRA,19.87671233,3,1,10.279,70.04572429,15.054,20.595,33.073,6.239,1,5.541,,
Berlin,2018,2/12/2018,NC,R8,7,1,KENNY_Jason,GBR,,,2,10.428,69.04487917,15.054,13.241,25.719,6.239,1,-1.813,,
Berlin,2018,2/12/2018,NC,R8,8,1,LEVY_Maximilian,GER,,,1,10.208,70.53291536,15.054,20.595,33.073,6.239,1,5.541,,
Berlin,2018,2/12/2018,NC,R8,8,1,XU_Chao,CHN,,,2,10.287,69.99125109,15.054,13.241,25.719,6.239,1,-1.813,,
Berlin,2018,2/12/2018,NC,QF,1,1,RUDYK_Mateusz,POL,23.38630137,4,1,10.049,71.64892029,17.253,23.402,35.154,5.876,2,6.149,,
Berlin,2018,2/12/2018,NC,QF,1,1,LEVY_Maximilian,GER,,,2,15.033,47.89463181,20.595,18.638,29.646,5.504,1,-1.957,,
Berlin,2018,2/12/2018,NC,QF,2,1,HELAL_Rayan,FRA,19.87671233,3,1,10.25,70.24390244,20.595,24.808,35.884,5.538,1,4.213,,
Berlin,2018,2/12/2018,NC,QF,2,1,TRUMAN_Joseph,TIN,21.8109589,,2,10.289,69.97764603,19.031,17.58,28.94,5.68,2,-1.451,,
Berlin,2018,2/12/2018,NC,QF,3,1,GLAETZER_Matthew,AUS,26.29041096,1,1,10.22,70.45009785,17.253,23.402,35.154,5.876,2,6.149,,
Berlin,2018,2/12/2018,NC,QF,3,1,DMITRIEV_Denis,RUS,32.71780822,,2,10.269,70.11393514,20.595,18.638,29.646,5.504,1,-1.957,,
Berlin,2018,2/12/2018,NC,QF,4,1,BUCHLI_Matthijs,BCC,,2,1,10.271,70.10028235,20.595,24.808,35.884,5.538,1,4.213,,
Berlin,2018,2/12/2018,NC,QF,4,1,KELEMEN_Pavel,CZE,119.0027397,,2,10.307,69.85543805,19.031,17.58,28.94,5.68,2,-1.451,,
Berlin,2018,2/12/2018,NC,QF,1,2,RUDYK_Mateusz,POL,23.38630137,4,1,10.09,71.35777998,23.402,26.316,36.956,5.32,1,2.914,,
Berlin,2018,2/12/2018,NC,QF,1,2,LEVY_Maximilian,GER,,,2,10.181,70.71996857,18.638,17.965,28.065,5.05,2,-0.673,,
Berlin,2018,2/12/2018,NC,QF,2,2,HELAL_Rayan,FRA,19.87671233,3,1,10.295,69.93686255,24.808,27.058,37.268,5.105,1,2.25,,
Berlin,2018,2/12/2018,NC,QF,2,2,TRUMAN_Joseph,TIN,21.8109589,,2,10.343,69.61229817,17.58,17.06,27.484,5.212,2,-0.52,,
Berlin,2018,2/12/2018,NC,QF,3,2,GLAETZER_Matthew,AUS,26.29041096,1,1,10.16,70.86614173,23.402,26.316,36.956,5.32,1,2.914,,
Berlin,2018,2/12/2018,NC,QF,3,2,DMITRIEV_Denis,RUS,32.71780822,,2,10.608,67.87330317,18.638,17.965,28.065,5.05,2,-0.673,,
Berlin,2018,2/12/2018,NC,QF,4,2,BUCHLI_Matthijs,BCC,,2,1,10.178,70.74081352,24.808,27.058,37.268,5.105,1,2.25,,
Berlin,2018,2/12/2018,NC,QF,4,2,KELEMEN_Pavel,CZE,119.0027397,,2,10.222,70.43631383,17.58,17.06,27.484,5.212,2,-0.52,,
Berlin,2018,2/12/2018,NC,SF,1,1,BUCHLI_Matthijs,BCC,,2,1,10.296,69.93006993,27.058,30.356,39.552,4.598,1,3.298,,
Berlin,2018,2/12/2018,NC,SF,1,1,RUDYK_Mateusz,POL,23.38630137,4,2,10.439,68.97212377,26.316,24.99,34.476,4.743,2,-1.326,,
Berlin,2018,2/12/2018,NC,SF,2,1,GLAETZER_Matthew,AUS,26.29041096,1,1,10.22,70.45009785,26.316,30.106,39.566,4.73,2,3.79,,
Berlin,2018,2/12/2018,NC,SF,2,1,HELAL_Rayan,FRA,19.87671233,3,2,10.306,69.86221618,27.058,25.693,34.865,4.586,1,-1.365,,
Berlin,2018,2/12/2018,NC,SF,1,2,BUCHLI_Matthijs,BCC,,2,1,10.446,68.92590465,30.356,33.191,41.363,4.086,1,2.835,,
Berlin,2018,2/12/2018,NC,SF,1,2,RUDYK_Mateusz,POL,23.38630137,4,2,10.664,67.51687922,24.99,27.229,34.947,3.859,2,2.239,,
Berlin,2018,2/12/2018,NC,SF,2,2,GLAETZER_Matthew,AUS,26.29041096,1,2,10.321,69.7606821,30.106,29.473,37.181,3.854,1,-0.633,,
Berlin,2018,2/12/2018,NC,SF,2,2,HELAL_Rayan,FRA,19.87671233,3,1,10.316,69.79449399,25.693,29.096,36.518,3.711,1,3.403,,
Berlin,2018,2/12/2018,NC,SF,2,3,GLAETZER_Matthew,AUS,26.29041096,1,1,10.163,70.84522287,29.473,30.873,37.511,3.319,1,1.4,,
Berlin,2018,2/12/2018,NC,SF,2,3,HELAL_Rayan,FRA,19.87671233,3,2,10.198,70.60207884,29.096,24.712,32.744,4.016,2,-4.384,,
Berlin,2018,2/12/2018,NC,F,G,1,GLAETZER_Matthew,AUS,26.29041096,1,1,10.223,70.42942385,30.873,32.998,39.186,3.094,2,2.125,,
Berlin,2018,2/12/2018,NC,F,G,1,BUCHLI_Matthijs,BCC,,2,2,10.255,70.20965383,33.191,31.511,38.825,3.657,1,-1.68,,
Berlin,2018,2/12/2018,NC,F,B,1,HELAL_Rayan,FRA,19.87671233,3,1,10.419,69.10452059,24.712,27.516,34.818,3.651,2,2.804,,
Berlin,2018,2/12/2018,NC,F,B,1,RUDYK_Mateusz,POL,23.38630137,4,2,10.459,68.84023329,27.229,25.958,33.032,3.537,1,-1.271,,
Berlin,2018,2/12/2018,NC,F,G,2,GLAETZER_Matthew,AUS,26.29041096,1,1,10.433,69.01178951,32.998,34.385,40.233,2.924,1,1.387,,
Berlin,2018,2/12/2018,NC,F,G,2,BUCHLI_Matthijs,BCC,,2,2,10.465,68.80076445,31.511,30.619,37.363,3.372,2,-0.892,,
Berlin,2018,2/12/2018,NC,F,B,2,HELAL_Rayan,FRA,19.87671233,3,1,10.381,69.35748001,27.516,29.244,36.042,3.399,1,1.728,,
Berlin,2018,2/12/2018,NC,F,B,2,RUDYK_Mateusz,POL,23.38630137,4,2,10.614,67.83493499,25.958,25.265,31.883,3.309,2,-0.693,,
London,2018,16/12/2018,NC,R16,1,1,CARLIN_Jack,TIN,21.6630137,4,1,10.236,70.33997655,9,15.054,29.396,7.171,1,6.054,,
London,2018,16/12/2018,NC,R16,1,1,MORENO_SANCHEZ_Jose,ESP,25.09315068,28,2,10.559,68.1882754,9,6.262,20.604,7.171,1,-2.738,,
London,2018,16/12/2018,NC,R16,2,1,TJON_EN_FA_Jair,SUR,25.17534247,6,1,10.444,68.93910379,6.262,12.515,25.045,6.265,2,6.253,,
London,2018,16/12/2018,NC,R16,2,1,ARCHAMBAULT_Joel,PTM,119.0410959,27,2,11.048,65.17016655,9,5.259,19.003,6.872,1,-3.741,,
London,2018,16/12/2018,NC,R16,3,1,OWENS_Ryan,GBR,23.23013699,7,1,10.259,70.18227897,9,15.054,29.396,7.171,1,6.054,,
London,2018,16/12/2018,NC,R16,3,1,TKACHEV_Aleksei,RUS,,26,2,10.738,67.05159248,9,6.262,20.604,7.171,1,-2.738,,
London,2018,16/12/2018,NC,R16,4,1,RUDYK_Mateusz,POL,23.42465753,8,1,10.599,67.93093688,25.265,25.687,32.175,3.244,1,0.422,,
London,2018,16/12/2018,NC,R16,4,1,VYNOKUROV_Andrii,UKR,,25,2,10.673,67.45994566,6.262,6.287,19.233,6.473,2,0.025,,
London,2018,16/12/2018,NC,R16,5,1,KENNY_Jason,GBR,,9,1,10.609,67.86690546,13.241,16.973,28.319,5.673,1,3.732,,
London,2018,16/12/2018,NC,R16,5,1,SAHROM_Muhammad_Shah_Firdaus,MAS,23.07123288,24,2,12.157,59.22513778,9,6.507,20.361,6.927,2,-2.493,,
London,2018,16/12/2018,NC,R16,6,1,OH_Jeseok,KOR,119.0410959,16,1,10.426,69.05812392,6.262,12.515,25.045,6.265,2,6.253,,
London,2018,16/12/2018,NC,R16,6,1,BOS_Theo,BCC,,17,2,10.429,69.0382587,9,5.259,19.003,6.872,1,-3.741,,
London,2018,16/12/2018,NC,R16,7,1,LENDEL_Vasilijus,LTU,23.70410959,10,1,10.239,70.31936713,12.425,16.349,27.709,5.68,1,3.924,,
London,2018,16/12/2018,NC,R16,7,1,SZALONTAY_Sandor,HUN,,23,2,10.52,68.44106464,9,6.334,20.128,6.897,2,-2.666,,
London,2018,16/12/2018,NC,R16,8,1,AWANG_Mohd_Azizulhasni,MAS,119.0410959,15,1,10.216,70.47768207,9,14.058,28.458,7.2,1,5.058,,
London,2018,16/12/2018,NC,R16,8,1,PHILLIP_Njisane,TTO,119.0410959,18,2,10.28,70.03891051,6.262,5.117,18.043,6.463,2,-1.145,,
London,2018,16/12/2018,NC,R16,9,1,QUINTERO_CHAVARRO_Kevin_Santiago,COL,20.14794521,14,1,10.365,69.46454414,6.262,12.515,25.045,6.265,2,6.253,,
London,2018,16/12/2018,NC,R16,9,1,LAFARGUE_Quentin,FRA,28.09863014,19,2,10.369,69.43774713,9,5.259,19.003,6.872,1,-3.741,,
London,2018,16/12/2018,NC,R16,10,1,LANDERNEAU_Melvin,FRA,21.23013699,13,1,10.378,69.37752939,9,14.058,28.458,7.2,1,5.058,,
London,2018,16/12/2018,NC,R16,10,1,BARRETTE_Hugo,CAN,27.47123288,20,2,10.382,69.35079946,6.262,5.117,18.043,6.463,2,-1.145,,
London,2018,16/12/2018,NC,R16,11,1,BOTTICHER_Stefan,GER,,11,1,10.357,69.51820025,6.262,15.305,26.897,5.796,2,9.043,,
London,2018,16/12/2018,NC,R16,11,1,KELEMEN_Pavel,CZE,119.0410959,22,2,10.421,69.09125804,17.06,14.737,24.159,4.711,1,-2.323,,
London,2018,16/12/2018,NC,R16,12,1,DORNBACH_Maximilian,GER,,12,1,10.528,68.38905775,9,16.041,29.843,6.901,2,7.041,,
London,2018,16/12/2018,NC,R16,12,1,PERALTA_GASCON_Juan,ESP,,21,2,10.577,68.0722322,12.425,10.853,22.217,5.682,1,-1.572,,
London,2018,16/12/2018,NC,R8,1,1,LAVREYSEN_Harrie,NED,21.77260274,1,1,10.075,71.46401985,9,17.61,31.24,6.815,2,8.61,,
London,2018,16/12/2018,NC,R8,1,1,DORNBACH_Maximilian,GER,,12,2,10.155,70.90103397,16.041,13.429,25.563,6.067,1,-2.612,,
London,2018,16/12/2018,NC,R8,2,1,HOOGLAND_Jeffrey,NED,25.76986301,3,1,10.107,71.23775601,7.142,15.254,27.134,5.94,2,8.112,,
London,2018,16/12/2018,NC,R8,2,1,BOTTICHER_Stefan,GER,,11,2,10.149,70.94295004,15.305,12.949,23.273,5.162,1,-2.356,,
London,2018,16/12/2018,NC,R8,3,1,GLAETZER_Matthew,AUS,26.32876712,2,1,10.179,70.73386384,34.385,34.683,40.445,2.881,1,0.298,,
London,2018,16/12/2018,NC,R8,3,1,LANDERNEAU_Melvin,FRA,21.23013699,13,2,10.333,69.67966709,14.058,14.138,27.174,6.518,2,0.08,,
London,2018,16/12/2018,NC,R8,4,1,PAUL_Nicholas,TTO,20.24383562,5,1,10.174,70.76862591,13.241,17.635,28.657,5.511,1,4.394,,
London,2018,16/12/2018,NC,R8,4,1,QUINTERO_CHAVARRO_Kevin_Santiago,COL,20.14794521,14,2,10.253,70.22334926,12.515,11.029,22.083,5.527,2,-1.486,,
London,2018,16/12/2018,NC,R8,5,1,CARLIN_Jack,TIN,21.6630137,4,1,10.262,70.16176184,15.054,20.304,32.842,6.269,1,5.25,,
London,2018,16/12/2018,NC,R8,5,1,AWANG_Mohd_Azizulhasni,MAS,119.0410959,15,2,10.275,70.0729927,14.058,12.412,24.984,6.286,2,-1.646,,
London,2018,16/12/2018,NC,R8,6,1,TJON_EN_FA_Jair,SUR,25.17534247,6,1,10.27,70.10710808,12.515,18.143,28.927,5.392,2,5.628,,
London,2018,16/12/2018,NC,R8,6,1,LENDEL_Vasilijus,LTU,23.70410959,10,2,10.272,70.09345794,16.349,14.442,24.518,5.038,1,-1.907,,
London,2018,16/12/2018,NC,R8,7,1,OWENS_Ryan,GBR,23.23013699,7,1,10.344,69.60556845,15.054,19.585,32.173,6.294,1,4.531,,
London,2018,16/12/2018,NC,R8,7,1,OH_Jeseok,KOR,119.0410959,16,2,10.377,69.38421509,12.515,11.548,22.926,5.689,2,-0.967,,
London,2018,16/12/2018,NC,R8,8,1,RUDYK_Mateusz,POL,23.42465753,8,1,10.271,70.10028235,25.687,26.635,32.877,3.121,1,0.948,,
London,2018,16/12/2018,NC,R8,8,1,KENNY_Jason,GBR,,9,2,10.346,69.59211289,16.973,16.212,26.172,4.98,2,-0.761,,
London,2018,16/12/2018,NC,QF,1,1,LAVREYSEN_Harrie,NED,21.77260274,1,1,10.33,69.69990319,17.61,24.952,35.932,5.49,2,7.342,,
London,2018,16/12/2018,NC,QF,1,1,RUDYK_Mateusz,POL,23.42465753,8,2,10.411,69.15762175,26.635,25.882,31.892,3.005,1,-0.753,,
London,2018,16/12/2018,NC,QF,2,1,HOOGLAND_Jeffrey,NED,25.76986301,3,1,9.889,72.80817069,15.254,20.739,31.109,5.185,2,5.485,,
London,2018,16/12/2018,NC,QF,2,1,OWENS_Ryan,GBR,23.23013699,7,2,9.918,72.59528131,19.585,16.934,27.71,5.388,1,-2.651,,
London,2018,16/12/2018,NC,QF,3,1,GLAETZER_Matthew,AUS,26.32876712,2,1,10.266,70.13442431,34.683,34.973,40.639,2.833,1,0.29,,
London,2018,16/12/2018,NC,QF,3,1,TJON_EN_FA_Jair,SUR,25.17534247,6,2,10.42,69.09788868,18.143,18.115,28.247,5.066,2,-0.028,,
London,2018,16/12/2018,NC,QF,4,1,CARLIN_Jack,TIN,21.6630137,4,1,10.669,67.4852376,20.304,23.988,35.136,5.574,1,3.684,,
London,2018,16/12/2018,NC,QF,4,1,PAUL_Nicholas,TTO,20.24383562,5,2,REL,,17.635,16.792,26.884,5.046,2,-0.843,,
London,2018,16/12/2018,NC,QF,1,2,LAVREYSEN_Harrie,NED,21.77260274,1,1,10.33,69.69990319,24.952,28.249,37.933,4.842,2,3.297,,
London,2018,16/12/2018,NC,QF,1,2,RUDYK_Mateusz,POL,23.42465753,8,2,10.411,69.15762175,25.882,25.484,31.292,2.904,1,-0.398,,
London,2018,16/12/2018,NC,QF,2,2,HOOGLAND_Jeffrey,NED,25.76986301,3,1,9.889,72.80817069,20.739,23.434,32.886,4.726,1,2.695,,
London,2018,16/12/2018,NC,QF,2,2,OWENS_Ryan,GBR,23.23013699,7,2,9.918,72.59528131,16.934,16.05,25.792,4.871,2,-0.884,,
London,2018,16/12/2018,NC,QF,3,2,GLAETZER_Matthew,AUS,26.32876712,2,1,10.266,70.13442431,34.973,35.211,40.795,2.792,1,0.238,,
London,2018,16/12/2018,NC,QF,3,2,TJON_EN_FA_Jair,SUR,25.17534247,6,2,10.42,69.09788868,18.115,18.106,27.748,4.821,2,-0.009,,
London,2018,16/12/2018,NC,QF,4,2,CARLIN_Jack,TIN,21.6630137,4,1,10.669,67.4852376,23.988,28.024,37.602,4.789,1,4.036,,
London,2018,16/12/2018,NC,QF,4,2,PAUL_Nicholas,TTO,20.24383562,5,2,REL,,16.792,21.147,29.253,4.053,2,4.355,,
London,2018,16/12/2018,NC,SF,1,1,LAVREYSEN_Harrie,NED,21.77260274,1,2,15.46,46.57179819,28.249,25.971,33.891,3.96,1,-2.278,,
London,2018,16/12/2018,NC,SF,1,1,CARLIN_Jack,TIN,21.6630137,4,1,11.014,65.37134556,28.024,31.583,39.153,3.785,1,3.559,,
London,2018,16/12/2018,NC,SF,2,1,GLAETZER_Matthew,AUS,26.32876712,2,1,10.536,68.33712984,35.211,35.48,40.654,2.587,1,0.269,,
London,2018,16/12/2018,NC,SF,2,1,HOOGLAND_Jeffrey,NED,25.76986301,3,2,10.63,67.73283161,23.434,23.187,31.781,4.297,2,-0.247,,
London,2018,16/12/2018,NC,SF,1,2,LAVREYSEN_Harrie,NED,21.77260274,1,1,10.182,70.71302298,25.971,30.619,37.393,3.387,2,4.648,,
London,2018,16/12/2018,NC,SF,1,2,CARLIN_Jack,TIN,21.6630137,4,2,10.231,70.37435246,31.583,31.827,38.151,3.162,1,0.244,,
London,2018,16/12/2018,NC,SF,2,2,GLAETZER_Matthew,AUS,26.32876712,2,2,10.144,70.97791798,35.48,34.873,39.627,2.377,1,-0.607,,
London,2018,16/12/2018,NC,SF,2,2,HOOGLAND_Jeffrey,NED,25.76986301,3,1,9.986,72.10094132,23.187,27.959,34.901,3.471,1,4.772,,
London,2018,16/12/2018,NC,SF,1,3,LAVREYSEN_Harrie,NED,21.77260274,1,1,10.26,70.1754386,30.619,31.666,37.58,2.957,2,1.047,,
London,2018,16/12/2018,NC,SF,1,3,CARLIN_Jack,TIN,21.6630137,4,2,10.353,69.5450594,31.827,30.544,36.298,2.877,1,-1.283,,
London,2018,16/12/2018,NC,SF,2,3,GLAETZER_Matthew,AUS,26.32876712,2,1,10.412,69.15097964,34.873,35.379,40.005,2.313,1,0.506,,
London,2018,16/12/2018,NC,SF,2,3,HOOGLAND_Jeffrey,NED,25.76986301,3,2,10.724,67.13912719,27.959,27.564,34.096,3.266,2,-0.395,,
London,2018,16/12/2018,NC,F,G,1,LAVREYSEN_Harrie,NED,21.77260274,1,1,10.108,71.23070835,31.666,33.32,38.78,2.73,2,1.654,,
London,2018,16/12/2018,NC,F,G,1,GLAETZER_Matthew,AUS,26.32876712,2,2,10.2,70.58823529,35.379,34.667,38.977,2.155,1,-0.712,,
London,2018,16/12/2018,NC,F,B,1,HOOGLAND_Jeffrey,NED,25.76986301,3,2,10.472,68.75477464,27.564,29.006,34.682,2.838,1,1.442,,
London,2018,16/12/2018,NC,F,B,1,CARLIN_Jack,TIN,21.6630137,4,1,10.451,68.89292891,30.544,32.288,37.424,2.568,1,1.744,,
London,2018,16/12/2018,NC,F,G,2,LAVREYSEN_Harrie,NED,21.77260274,1,1,10.108,71.23070835,33.32,34.163,39.089,2.463,2,0.843,,
London,2018,16/12/2018,NC,F,G,2,GLAETZER_Matthew,AUS,26.32876712,2,2,10.2,70.58823529,34.667,34.048,38.152,2.052,1,-0.619,,
London,2018,16/12/2018,NC,F,B,2,HOOGLAND_Jeffrey,NED,25.76986301,3,1,10.595,67.95658329,29.006,30.657,35.987,2.665,2,1.651,,
London,2018,16/12/2018,NC,F,B,2,CARLIN_Jack,TIN,21.6630137,4,2,10.716,67.18924972,32.288,31.473,36.355,2.441,1,-0.815,,
London,2018,16/12/2018,NC,F,B,3,HOOGLAND_Jeffrey,NED,25.76986301,3,1,10.294,69.9436565,30.657,31.855,36.915,2.53,2,1.198,,
London,2018,16/12/2018,NC,F,B,3,CARLIN_Jack,TIN,21.6630137,4,2,11.473,62.75603591,31.473,30.9,35.576,2.338,1,-0.573,,
Cambridge,2019,20/01/2019,NC,R16,1,1,BAUGE_Gregory,FRA,,9,1,10.626,67.75832863,9,15.054,29.396,7.171,1,6.054,,
Cambridge,2019,20/01/2019,NC,R16,1,1,JONAUSKAS_Svajunas,LTU,,26,2,10.702,67.27714446,9,6.262,20.604,7.171,1,-2.738,,
Cambridge,2019,20/01/2019,NC,R16,2,1,SZALONTAY_Sandor,HUN,,10,1,10.659,67.54855052,6.334,12.282,24.41,6.064,2,5.948,,
Cambridge,2019,20/01/2019,NC,R16,2,1,NOSOV_Alexey,RUS,,25,2,10.815,66.5742025,9,5.121,18.749,6.814,1,-3.879,,
Cambridge,2019,20/01/2019,NC,R16,3,1,XU_Chao,CHN,,7,1,10.23,70.38123167,13.241,16.973,28.319,5.673,1,3.732,,
Cambridge,2019,20/01/2019,NC,R16,3,1,WAMMES_Nick,PTM,19.2630137,24,2,10.445,68.93250359,9,6.507,20.361,6.927,2,-2.493,,
Cambridge,2019,20/01/2019,NC,R16,4,1,FUKAYA_Tomohiro,JPN,119.1369863,8,1,10.501,68.56489858,6.262,12.515,25.045,6.265,2,6.253,,
Cambridge,2019,20/01/2019,NC,R16,4,1,DUBCHENKO_Aleksandr,RUS,,23,2,10.548,68.25938567,9,5.259,19.003,6.872,1,-3.741,,
Cambridge,2019,20/01/2019,NC,R16,5,1,KELEMEN_Pavel,CZE,119.1369863,11,1,10.464,68.80733945,14.737,17.062,25.916,4.427,1,2.325,,
Cambridge,2019,20/01/2019,NC,R16,5,1,VORZHEV_Pavel,KAZ,119.1369863,22,2,10.513,68.48663559,9,6.235,19.505,6.635,2,-2.765,,
Cambridge,2019,20/01/2019,NC,R16,6,1,BARRETTE_Hugo,CAN,27.56712329,12,1,10.463,68.8139157,5.117,10.891,22.341,5.725,2,5.774,,
Cambridge,2019,20/01/2019,NC,R16,6,1,WILLIAMS_Zac,VNZ,,21,2,10.666,67.50421901,9,4.503,17.855,6.676,1,-4.497,,
Cambridge,2019,20/01/2019,NC,R16,7,1,PERALTA_GASCON_Juan,ESP,,13,1,10.421,69.09125804,10.853,14.593,24.979,5.193,1,3.74,,
Cambridge,2019,20/01/2019,NC,R16,7,1,NALYOTOV_Maxim,KAZ,,20,2,10.786,66.75319859,9,5.671,19.059,6.694,2,-3.329,,
Cambridge,2019,20/01/2019,NC,R16,8,1,NITTA_Yudai,JPN,119.1369863,14,1,10.556,68.20765441,9,15.054,29.396,7.171,1,6.054,,
Cambridge,2019,20/01/2019,NC,R16,8,1,WATANABE_Kazunari,JPC,,19,2,10.608,67.87330317,9,6.262,20.604,7.171,1,-2.738,,
Cambridge,2019,20/01/2019,NC,R16,9,1,BIELECKI_Maciej,POL,31.69589041,16,1,10.609,67.86690546,9,14.058,28.458,7.2,1,5.058,,
Cambridge,2019,20/01/2019,NC,R16,9,1,WAGNER_Robin,CZE,25.96438356,17,2,10.667,67.49789069,6.262,5.117,18.043,6.463,2,-1.145,,
Cambridge,2019,20/01/2019,NC,R16,10,1,MORENO_SANCHEZ_Jose,ESP,25.1890411,15,1,10.279,70.04572429,6.262,11.829,24.269,6.22,2,5.567,,
Cambridge,2019,20/01/2019,NC,R16,10,1,SAHROM_Muhammad_Shah_Firdaus,MAS,23.16712329,18,2,10.315,69.8012603,6.507,4.791,16.941,6.075,1,-1.716,,
Cambridge,2019,20/01/2019,NC,R8,1,1,RUDYK_Mateusz,POL,23.52054795,2,1,10.193,70.63671147,25.484,26.007,31.679,2.836,1,0.523,,
Cambridge,2019,20/01/2019,NC,R8,1,1,MORENO_SANCHEZ_Jose,ESP,25.1890411,15,2,10.261,70.16859955,11.829,11.49,22.496,5.503,2,-0.339,,
Cambridge,2019,20/01/2019,NC,R8,2,1,HART_Nathan,AUS,119.1369863,1,1,10.363,69.4779504,9,16.876,30.69,6.907,2,7.876,,
Cambridge,2019,20/01/2019,NC,R8,2,1,BIELECKI_Maciej,POL,31.69589041,16,2,10.865,66.26783249,14.058,11.604,24.21,6.303,1,-2.454,,
Cambridge,2019,20/01/2019,NC,R8,3,1,SCHMID_Jacob,AUS,,5,1,10.605,67.89250354,9,17.253,30.997,6.872,2,8.253,,
Cambridge,2019,20/01/2019,NC,R8,3,1,NITTA_Yudai,JPN,119.1369863,14,2,11.217,64.18828564,15.054,12.425,24.955,6.265,1,-2.629,,
Cambridge,2019,20/01/2019,NC,R8,4,1,WEBSTER_Sam,NZL,27.53424658,6,1,10.4,69.23076923,9,16.588,30.084,6.748,2,7.588,,
Cambridge,2019,20/01/2019,NC,R8,4,1,PERALTA_GASCON_Juan,ESP,,13,2,10.852,66.3472171,14.593,13.336,23.004,4.834,1,-1.257,,
Cambridge,2019,20/01/2019,NC,R8,5,1,MITCHELL_Ethan,NZL,119.1369863,4,1,10.039,71.72029087,9,15.227,29.133,6.953,2,6.227,,
Cambridge,2019,20/01/2019,NC,R8,5,1,BARRETTE_Hugo,CAN,27.56712329,12,2,10.125,71.11111111,10.891,9.792,20.39,5.299,1,-1.099,,
Cambridge,2019,20/01/2019,NC,R8,6,1,VIGIER_Sebastien,FRA,,3,1,10.243,70.29190667,9,17.407,30.587,6.59,2,8.407,,
Cambridge,2019,20/01/2019,NC,R8,6,1,KELEMEN_Pavel,CZE,119.1369863,11,2,10.328,69.71340046,17.062,15.965,24.339,4.187,1,-1.097,,
Cambridge,2019,20/01/2019,NC,R8,7,1,FUKAYA_Tomohiro,JPN,119.1369863,8,1,10.284,70.01166861,12.515,17.909,28.929,5.51,2,5.394,,
Cambridge,2019,20/01/2019,NC,R8,7,1,BAUGE_Gregory,FRA,,9,2,10.375,69.39759036,15.054,12.281,24.307,6.013,1,-2.773,,
Cambridge,2019,20/01/2019,NC,R8,8,1,XU_Chao,CHN,,7,1,10.346,69.59211289,16.973,19.942,30.25,5.154,1,2.969,,
Cambridge,2019,20/01/2019,NC,R8,8,1,SZALONTAY_Sandor,HUN,,10,2,10.37,69.43105111,12.282,11.353,22.203,5.425,2,-0.929,,
Cambridge,2019,20/01/2019,NC,QF,1,1,RUDYK_Mateusz,POL,23.52054795,2,1,10.205,70.55365017,26.007,26.932,32.4,2.734,1,0.925,,
Cambridge,2019,20/01/2019,NC,QF,1,1,XU_Chao,CHN,,7,2,10.427,69.05150091,19.942,18.864,27.87,4.503,2,-1.078,,
Cambridge,2019,20/01/2019,NC,QF,2,1,HART_Nathan,AUS,119.1369863,1,1,10.4,69.23076923,16.876,22.122,34.004,5.941,2,5.246,,
Cambridge,2019,20/01/2019,NC,QF,2,1,FUKAYA_Tomohiro,JPN,119.1369863,8,2,10.776,66.81514477,17.909,16.752,26.82,5.034,1,-1.157,,
Cambridge,2019,20/01/2019,NC,QF,3,1,VIGIER_Sebastien,FRA,,3,1,10.179,70.73386384,17.407,23.2,34.24,5.52,1,5.793,,
Cambridge,2019,20/01/2019,NC,QF,3,1,SCHMID_Jacob,AUS,,5,2,10.319,69.77420293,17.253,18.074,28.316,5.121,2,0.821,,
Cambridge,2019,20/01/2019,NC,QF,4,1,MITCHELL_Ethan,NZL,119.1369863,4,2,10.256,70.20280811,15.227,17.515,27.811,5.148,1,2.288,,
Cambridge,2019,20/01/2019,NC,QF,4,1,WEBSTER_Sam,NZL,27.53424658,6,1,10.052,71.62753681,16.588,23.211,32.235,4.512,1,6.623,,
Cambridge,2019,20/01/2019,NC,QF,1,2,RUDYK_Mateusz,POL,23.52054795,2,1,10.236,70.33997655,26.932,27.474,32.6,2.563,1,0.542,,
Cambridge,2019,20/01/2019,NC,QF,1,2,XU_Chao,CHN,,7,2,10.302,69.88934188,18.864,18.292,26.37,4.039,2,-0.572,,
Cambridge,2019,20/01/2019,NC,QF,2,2,HART_Nathan,AUS,119.1369863,1,1,10.148,70.94994088,22.122,26.206,36.424,5.109,1,4.084,,
Cambridge,2019,20/01/2019,NC,QF,2,2,FUKAYA_Tomohiro,JPN,119.1369863,8,2,10.815,66.5742025,16.752,19.743,27.973,4.115,2,2.991,,
Cambridge,2019,20/01/2019,NC,QF,3,2,VIGIER_Sebastien,FRA,,3,2,10.408,69.17755573,23.2,22.11,30.764,4.327,1,-1.09,,
Cambridge,2019,20/01/2019,NC,QF,3,2,SCHMID_Jacob,AUS,,5,1,10.314,69.80802792,18.074,22.225,30.277,4.026,1,4.151,,
Cambridge,2019,20/01/2019,NC,QF,4,2,MITCHELL_Ethan,NZL,119.1369863,4,1,10.048,71.65605096,17.515,22.023,30.093,4.035,2,4.508,,
Cambridge,2019,20/01/2019,NC,QF,4,2,WEBSTER_Sam,NZL,27.53424658,6,2,10.083,71.40731925,23.211,21.18,28.96,3.89,1,-2.031,,
Cambridge,2019,20/01/2019,NC,QF,3,3,VIGIER_Sebastien,FRA,,3,1,10.421,69.09125804,22.11,24.726,32.598,3.936,2,2.616,,
Cambridge,2019,20/01/2019,NC,QF,3,3,SCHMID_Jacob,AUS,,5,2,10.433,69.01178951,22.225,21.263,28.689,3.713,1,-0.962,,
Cambridge,2019,20/01/2019,NC,QF,4,3,MITCHELL_Ethan,NZL,119.1369863,4,1,10.555,68.21411653,22.023,24.206,31.63,3.712,1,2.183,,
Cambridge,2019,20/01/2019,NC,QF,4,3,WEBSTER_Sam,NZL,27.53424658,6,2,10.935,65.8436214,21.18,20.33,27.532,3.601,2,-0.85,,
Cambridge,2019,20/01/2019,NC,SF,1,1,RUDYK_Mateusz,POL,23.52054795,2,1,10.132,71.06198184,27.474,28.358,33.29,2.466,1,0.884,,
Cambridge,2019,20/01/2019,NC,SF,1,1,MITCHELL_Ethan,NZL,119.1369863,4,2,10.148,70.94994088,24.206,23.368,30.184,3.408,2,-0.838,,
Cambridge,2019,20/01/2019,NC,SF,2,1,HART_Nathan,AUS,119.1369863,1,1,10.361,69.49136184,26.206,28.978,38.18,4.601,1,2.772,,
Cambridge,2019,20/01/2019,NC,SF,2,1,VIGIER_Sebastien,FRA,,3,2,10.408,69.17755573,24.726,24.138,31.556,3.709,2,-0.588,,
Cambridge,2019,20/01/2019,NC,SF,1,2,RUDYK_Mateusz,POL,23.52054795,2,1,10.355,69.53162723,28.358,29.024,33.796,2.386,1,0.666,,
Cambridge,2019,20/01/2019,NC,SF,1,2,MITCHELL_Ethan,NZL,119.1369863,4,2,10.369,69.43774713,23.368,22.835,29.217,3.191,2,-0.533,,
Cambridge,2019,20/01/2019,NC,SF,2,2,HART_Nathan,AUS,119.1369863,1,1,10.078,71.44274658,28.978,30.679,39.219,4.27,1,1.701,,
Cambridge,2019,20/01/2019,NC,SF,2,2,VIGIER_Sebastien,FRA,,3,2,10.975,65.60364465,24.138,23.802,30.88,3.539,2,-0.336,,
Cambridge,2019,20/01/2019,NC,F,G,1,HART_Nathan,AUS,119.1369863,1,1,10.391,69.29073236,30.679,32.425,40.299,3.937,1,1.746,,
Cambridge,2019,20/01/2019,NC,F,G,1,RUDYK_Mateusz,POL,23.52054795,2,2,10.736,67.06408346,29.024,28.796,33.458,2.331,2,-0.228,,
Cambridge,2019,20/01/2019,NC,F,B,1,VIGIER_Sebastien,FRA,,3,1,10.298,69.91648864,23.802,25.482,32.074,3.296,1,1.68,,
Cambridge,2019,20/01/2019,NC,F,B,1,MITCHELL_Ethan,NZL,119.1369863,4,2,10.386,69.32409012,22.835,22.216,28.246,3.015,2,-0.619,,
Cambridge,2019,20/01/2019,NC,F,G,2,HART_Nathan,AUS,119.1369863,1,1,10.115,71.18141374,32.425,33.604,40.964,3.68,1,1.179,,
Cambridge,2019,20/01/2019,NC,F,G,2,RUDYK_Mateusz,POL,23.52054795,2,2,10.222,70.43631383,28.796,28.806,33.182,2.188,2,0.01,,
Cambridge,2019,20/01/2019,NC,F,B,2,VIGIER_Sebastien,FRA,,3,2,10.282,70.02528691,25.482,26.374,32.16,2.893,1,0.892,,
Cambridge,2019,20/01/2019,NC,F,B,2,MITCHELL_Ethan,NZL,119.1369863,4,1,10.259,70.18227897,22.216,24.032,29.406,2.687,1,1.816,,
Cambridge,2019,20/01/2019,NC,F,B,3,VIGIER_Sebastien,FRA,,3,1,10.342,69.6190292,26.374,26.79,31.992,2.601,1,0.416,,
Cambridge,2019,20/01/2019,NC,F,B,3,MITCHELL_Ethan,NZL,119.1369863,4,2,10.476,68.72852234,24.032,21.66,27.268,2.804,2,-2.372,,
Hong_Kong,2019,27/01/2019,NC,R16,1,1,BRISTER_James,AUS,,2,1,10.88,66.17647059,9,15.054,29.396,7.171,1,6.054,,
Hong_Kong,2019,27/01/2019,NC,R16,1,1,RAJKOWSKI_Patryk,POL,22.94520548,28,2,11.025,65.30612245,9,6.262,20.604,7.171,1,-2.738,,
Hong_Kong,2019,27/01/2019,NC,R16,2,1,HELAL_Rayan,FRA,20.03013699,7,1,10.49,68.63679695,29.244,29.452,36.17,3.359,1,0.208,,
Hong_Kong,2019,27/01/2019,NC,R16,2,1,VORZHEV_Pavel,KAZ,119.1561644,27,2,10.533,68.35659356,6.235,6.363,19.017,6.327,2,0.128,,
Hong_Kong,2019,27/01/2019,NC,R16,3,1,CLARKE_Thomas,AUS,,1,1,10.32,69.76744186,9,15.054,29.396,7.171,1,6.054,,
Hong_Kong,2019,27/01/2019,NC,R16,3,1,SHARAPOV_Alexander,RUS,24.91232877,26,2,10.374,69.40427993,9,6.262,20.604,7.171,1,-2.738,,
Hong_Kong,2019,27/01/2019,NC,R16,4,1,XU_Chao,CHN,,3,1,10.226,70.40876198,18.292,19.773,27.503,3.865,1,1.481,,
Hong_Kong,2019,27/01/2019,NC,R16,4,1,KNIPE_Bradly,NZL,119.1561644,25,2,10.326,69.72690296,9,6.843,20.181,6.669,2,-2.157,,
Hong_Kong,2019,27/01/2019,NC,R16,5,1,BARRETTE_Hugo,CAN,27.58630137,10,1,10.403,69.21080458,9.792,12.527,22.263,4.868,1,2.735,,
Hong_Kong,2019,27/01/2019,NC,R16,5,1,WILLIAMS_Zac,NZL,,24,2,10.498,68.58449228,4.503,3.303,14.883,5.79,2,-1.2,,
Hong_Kong,2019,27/01/2019,NC,R16,6,1,FUKAYA_Tomohiro,JPN,119.1561644,11,1,10.689,67.35896716,19.743,20.661,28.583,3.961,1,0.918,,
Hong_Kong,2019,27/01/2019,NC,R16,6,1,NALYOTOV_Maxim,KAZ,,23,2,10.692,67.34006734,5.671,5.432,17.444,6.006,2,-0.239,,
Hong_Kong,2019,27/01/2019,NC,R16,7,1,YAKUSHEVSKIY_Pavel,RUS,31.36438356,12,1,10.563,68.16245385,6.262,12.515,25.045,6.265,2,6.253,,
Hong_Kong,2019,27/01/2019,NC,R16,7,1,BABEK_Tomas,CZE,,22,2,10.66,67.54221388,9,5.259,19.003,6.872,1,-3.741,,
Hong_Kong,2019,27/01/2019,NC,R16,8,1,JURCZYK_Marc,GER,23.03287671,13,1,10.55,68.2464455,9,15.38,29.214,6.917,2,6.38,,
Hong_Kong,2019,27/01/2019,NC,R16,8,1,MORENO_SANCHEZ_Jose,ESP,25.20821918,21,2,10.582,68.04006804,11.49,10.424,20.658,5.117,1,-1.066,,
Hong_Kong,2019,27/01/2019,NC,R16,9,1,BOS_Theo,BCC,,8,1,10.473,68.74820968,5.259,13.297,24.555,5.629,2,8.038,,
Hong_Kong,2019,27/01/2019,NC,R16,9,1,LENDEL_Vasilijus,LTU,23.81917808,17,2,10.566,68.14310051,14.442,12.392,21.534,4.571,1,-2.05,,
Hong_Kong,2019,27/01/2019,NC,R16,10,1,PERALTA_GASCON_Juan,ESP,,14,1,10.704,67.26457399,13.336,15.945,24.987,4.521,1,2.609,,
Hong_Kong,2019,27/01/2019,NC,R16,10,1,KAWABATA_Tomoyuki,JPC,,20,2,10.713,67.20806497,9,5.915,19.107,6.596,2,-3.085,,
Hong_Kong,2019,27/01/2019,NC,R16,11,1,OH_Jeseok,KOR,119.1561644,16,1,10.566,68.14310051,11.548,15.684,25.828,5.072,2,4.136,,
Hong_Kong,2019,27/01/2019,NC,R16,11,1,BIELECKI_Maciej,POL,31.71506849,18,2,11.066,65.06416049,11.604,9.744,20.648,5.452,1,-1.86,,
Hong_Kong,2019,27/01/2019,NC,R16,12,1,NITTA_Yudai,JPN,119.1561644,15,1,10.701,67.28343146,12.425,15.243,26.677,5.717,1,2.818,,
Hong_Kong,2019,27/01/2019,NC,R16,12,1,WAGNER_Robin,CZE,25.98356164,19,2,10.853,66.34110384,5.117,4.49,16.21,5.86,2,-0.627,,
Hong_Kong,2019,27/01/2019,NC,R8,1,1,PHILLIP_Njisane,TTO,119.1561644,5,1,10.849,66.36556365,5.117,13.012,23.814,5.401,2,7.895,,
Hong_Kong,2019,27/01/2019,NC,R8,1,1,NITTA_Yudai,JPN,119.1561644,15,2,10.87,66.23735051,15.243,12.167,22.161,4.997,1,-3.076,,
Hong_Kong,2019,27/01/2019,NC,R8,2,1,PAUL_Nicholas,TTO,20.35890411,6,1,10.147,70.95693308,21.147,22.801,30.403,3.801,1,1.654,,
Hong_Kong,2019,27/01/2019,NC,R8,2,1,OH_Jeseok,KOR,119.1561644,16,2,10.668,67.49156355,15.684,14.891,24.027,4.568,2,-0.793,,
Hong_Kong,2019,27/01/2019,NC,R8,3,1,CALEYRON_Quentin,FRA,,4,1,10.294,69.9436565,7.142,15.275,26.915,5.82,2,8.133,,
Hong_Kong,2019,27/01/2019,NC,R8,3,1,PERALTA_GASCON_Juan,ESP,,14,2,10.373,69.41097079,15.945,14.466,22.868,4.201,1,-1.479,,
Hong_Kong,2019,27/01/2019,NC,R8,4,1,BOS_Theo,BCC,,8,1,10.562,68.1689074,13.297,16.726,26.808,5.041,1,3.429,,
Hong_Kong,2019,27/01/2019,NC,R8,4,1,SZALONTAY_Sandor,HUN,,9,2,10.608,67.87330317,11.353,10.308,20.11,4.901,2,-1.045,,
Hong_Kong,2019,27/01/2019,NC,R8,5,1,BRISTER_James,AUS,,2,1,10.622,67.78384485,15.054,20.642,33.078,6.218,2,5.588,,
Hong_Kong,2019,27/01/2019,NC,R8,5,1,JURCZYK_Marc,GER,23.03287671,13,2,10.675,67.44730679,15.38,13.656,25.788,6.066,1,-1.724,,
Hong_Kong,2019,27/01/2019,NC,R8,6,1,HELAL_Rayan,FRA,20.03013699,7,1,10.344,69.60556845,29.452,29.898,36.468,3.285,1,0.446,,
Hong_Kong,2019,27/01/2019,NC,R8,6,1,YAKUSHEVSKIY_Pavel,RUS,31.36438356,12,2,10.371,69.42435638,12.515,12.481,24.009,5.764,2,-0.034,,
Hong_Kong,2019,27/01/2019,NC,R8,7,1,CLARKE_Thomas,AUS,,1,1,10.118,71.16030836,15.054,21.617,33.439,5.911,2,6.563,,
Hong_Kong,2019,27/01/2019,NC,R8,7,1,FUKAYA_Tomohiro,JPN,119.1561644,11,2,10.119,71.15327602,20.661,19.823,27.349,3.763,1,-0.838,,
Hong_Kong,2019,27/01/2019,NC,R8,8,1,XU_Chao,CHN,,3,1,10.368,69.44444444,19.773,21.047,28.369,3.661,1,1.274,,
Hong_Kong,2019,27/01/2019,NC,R8,8,1,BARRETTE_Hugo,CAN,27.58630137,10,2,10.397,69.25074541,12.527,11.986,20.89,4.452,2,-0.541,,
Hong_Kong,2019,27/01/2019,NC,QF,1,1,XU_Chao,CHN,,3,1,10.348,69.57866254,21.047,22.22,29.198,3.489,1,1.173,,
Hong_Kong,2019,27/01/2019,NC,QF,1,1,PHILLIP_Njisane,TTO,119.1561644,5,2,10.474,68.74164598,13.012,12.35,22.01,4.83,2,-0.662,,
Hong_Kong,2019,27/01/2019,NC,QF,2,1,CLARKE_Thomas,AUS,,1,1,11.051,65.15247489,21.617,25.593,35.899,5.153,2,3.976,,
Hong_Kong,2019,27/01/2019,NC,QF,2,1,PAUL_Nicholas,TTO,20.35890411,6,2,11.309,63.66610664,22.801,22.169,29.385,3.608,1,-0.632,,
Hong_Kong,2019,27/01/2019,NC,QF,3,1,CALEYRON_Quentin,FRA,,4,1,10.239,70.31936713,15.275,23.799,33.191,4.696,2,8.524,,
Hong_Kong,2019,27/01/2019,NC,QF,3,1,HELAL_Rayan,FRA,20.03013699,7,2,10.301,69.89612659,29.898,28.272,34.468,3.098,1,-1.626,,
Hong_Kong,2019,27/01/2019,NC,QF,4,1,BRISTER_James,AUS,,2,1,10.551,68.23997725,20.642,23.79,34.948,5.579,1,3.148,,
Hong_Kong,2019,27/01/2019,NC,QF,4,1,BOS_Theo,BCC,,8,2,10.964,65.6694637,16.726,16.165,25.579,4.707,2,-0.561,,
Hong_Kong,2019,27/01/2019,NC,QF,1,2,XU_Chao,CHN,,3,1,10.373,69.41097079,22.22,23.042,29.752,3.355,1,0.822,,
Hong_Kong,2019,27/01/2019,NC,QF,1,2,PHILLIP_Njisane,TTO,119.1561644,5,2,REL,,12.35,12.02,20.95,4.465,2,-0.33,,
Hong_Kong,2019,27/01/2019,NC,QF,2,2,CLARKE_Thomas,AUS,,1,1,10.201,70.58131556,25.593,28.48,37.582,4.551,1,2.887,,
Hong_Kong,2019,27/01/2019,NC,QF,2,2,PAUL_Nicholas,TTO,20.35890411,6,2,10.205,70.55365017,22.169,23.254,29.626,3.186,2,1.085,,
Hong_Kong,2019,27/01/2019,NC,QF,3,2,CALEYRON_Quentin,FRA,,4,2,10.29,69.97084548,23.799,23.809,31.385,3.788,1,0.01,,
Hong_Kong,2019,27/01/2019,NC,QF,3,2,HELAL_Rayan,FRA,20.03013699,7,1,10.288,69.9844479,28.272,29.022,34.734,2.856,1,0.75,,
Hong_Kong,2019,27/01/2019,NC,QF,4,2,BRISTER_James,AUS,,2,1,10.656,67.56756757,23.79,26.738,35.122,4.192,1,2.948,,
Hong_Kong,2019,27/01/2019,NC,QF,4,2,BOS_Theo,BCC,,8,2,10.705,67.25829052,16.165,16.071,24.841,4.385,2,-0.094,,
Hong_Kong,2019,27/01/2019,NC,QF,3,3,CALEYRON_Quentin,FRA,,4,1,10.392,69.28406467,23.809,26.767,33.607,3.42,2,2.958,,
Hong_Kong,2019,27/01/2019,NC,QF,3,3,HELAL_Rayan,FRA,20.03013699,7,2,11.944,60.28131279,29.022,28.065,33.471,2.703,1,-0.957,,
Hong_Kong,2019,27/01/2019,NC,SF,1,1,BRISTER_James,AUS,,2,1,10.473,68.74820968,26.738,28.361,36.155,3.897,1,1.623,,
Hong_Kong,2019,27/01/2019,NC,SF,1,1,XU_Chao,CHN,,3,2,10.59,67.98866856,23.042,22.676,29.09,3.207,2,-0.366,,
Hong_Kong,2019,27/01/2019,NC,SF,2,1,CLARKE_Thomas,AUS,,1,1,10.487,68.65643177,28.48,30.702,39.01,4.154,1,2.222,,
Hong_Kong,2019,27/01/2019,NC,SF,2,1,CALEYRON_Quentin,FRA,,4,2,10.502,68.55836983,26.767,26.29,32.8,3.255,2,-0.477,,
Hong_Kong,2019,27/01/2019,NC,SF,1,2,BRISTER_James,AUS,,2,1,10.429,69.0382587,28.361,29.496,36.862,3.683,1,1.135,,
Hong_Kong,2019,27/01/2019,NC,SF,1,2,XU_Chao,CHN,,3,2,10.481,68.69573514,22.676,22.433,28.611,3.089,2,-0.243,,
Hong_Kong,2019,27/01/2019,NC,SF,2,2,CLARKE_Thomas,AUS,,1,1,11.627,61.92483014,30.702,32.153,39.917,3.882,1,1.451,,
Hong_Kong,2019,27/01/2019,NC,SF,2,2,CALEYRON_Quentin,FRA,,4,2,12.177,59.12786401,26.29,25.991,32.243,3.126,2,-0.299,,
Hong_Kong,2019,27/01/2019,NC,F,G,1,CLARKE_Thomas,AUS,,1,1,10.823,66.52499307,32.153,33.874,41.096,3.611,1,1.721,,
Hong_Kong,2019,27/01/2019,NC,F,G,1,BRISTER_James,AUS,,2,2,10.838,66.4329212,29.496,28.897,35.801,3.452,2,-0.599,,
Hong_Kong,2019,27/01/2019,NC,F,B,1,XU_Chao,CHN,,3,1,10.258,70.18912069,22.433,24.426,30.184,2.879,2,1.993,,
Hong_Kong,2019,27/01/2019,NC,F,B,1,CALEYRON_Quentin,FRA,,4,2,10.28,70.03891051,25.991,24.816,30.632,2.908,1,-1.175,,
Hong_Kong,2019,27/01/2019,NC,F,G,2,CLARKE_Thomas,AUS,,1,1,10.418,69.11115377,33.874,35.054,41.88,3.413,1,1.18,,
Hong_Kong,2019,27/01/2019,NC,F,G,2,BRISTER_James,AUS,,2,2,10.495,68.60409719,28.897,28.525,35.085,3.28,2,-0.372,,
Hong_Kong,2019,27/01/2019,NC,F,B,2,XU_Chao,CHN,,3,1,10.319,69.77420293,24.426,25.792,31.232,2.72,2,1.366,,
Hong_Kong,2019,27/01/2019,NC,F,B,2,CALEYRON_Quentin,FRA,,4,2,10.49,68.63679695,24.816,24.075,29.563,2.744,1,-0.741,,
Pruszkow,2019,2/03/2019,WCH,R16,1,1,GLAETZER_Matthew,AUS,26.5369863,4,1,10.3,69.90291262,34.048,34.1,38.19,2.045,1,0.052,,
Pruszkow,2019,2/03/2019,WCH,R16,1,1,QUINTERO_CHAVARRO_Kevin_Santiago,COL,20.35616438,28,2,10.391,69.29073236,11.029,11.108,21.804,5.348,2,0.079,,
Pruszkow,2019,2/03/2019,WCH,R16,2,1,DMITRIEV_Denis,RUS,32.96438356,5,1,10.035,71.74887892,17.965,19.989,29.307,4.659,1,2.024,,
Pruszkow,2019,2/03/2019,WCH,R16,2,1,LENDEL_Vasilijus,LTU,23.91232877,27,2,10.174,70.76862591,12.392,11.95,20.516,4.283,2,-0.442,,
Pruszkow,2019,2/03/2019,WCH,R16,3,1,HART_Nathan,AUS,119.2493151,6,1,10.108,71.23070835,33.604,33.739,41.033,3.647,1,0.135,,
Pruszkow,2019,2/03/2019,WCH,R16,3,1,PERALTA_GASCON_Juan,ESP,,26,2,10.345,69.59884002,14.466,14.476,22.778,4.151,2,0.01,,
Pruszkow,2019,2/03/2019,WCH,R16,4,1,PAUL_Nicholas,TTO,20.45205479,7,1,10.374,69.40427993,23.254,23.963,30.179,3.108,1,0.709,,
Pruszkow,2019,2/03/2019,WCH,R16,4,1,WAKIMOTO_Yuta,JPN,119.2493151,25,2,10.472,68.75477464,9,7.621,21.221,6.8,2,-1.379,,
Pruszkow,2019,2/03/2019,WCH,R16,5,1,BOTTICHER_Stefan,GER,,10,1,10.159,70.87311743,12.949,19.739,28.301,4.281,2,6.79,,
Pruszkow,2019,2/03/2019,WCH,R16,5,1,XU_Chao,CHN,,24,2,10.197,70.60900265,25.792,24.635,29.835,2.6,1,-1.157,,
Pruszkow,2019,2/03/2019,WCH,R16,6,1,TRUMAN_Joseph,GBR,22.05753425,11,1,10.144,70.97791798,17.06,19.697,29.235,4.769,1,2.637,,
Pruszkow,2019,2/03/2019,WCH,R16,6,1,YAKUSHEVSKIY_Pavel,RUS,31.45753425,23,2,10.278,70.0525394,12.481,11.552,21.868,5.158,2,-0.929,,
Pruszkow,2019,2/03/2019,WCH,R16,7,1,CARLIN_Jack,GBR,21.87123288,12,1,10.173,70.77558242,30.9,31.123,35.743,2.31,1,0.223,,
Pruszkow,2019,2/03/2019,WCH,R16,7,1,DORNBACH_Maximilian,GER,,22,2,10.231,70.37435246,13.429,13.38,24.442,5.531,2,-0.049,,
Pruszkow,2019,2/03/2019,WCH,R16,8,1,FUKAYA_Tomohiro,JPN,119.2493151,16,1,10.335,69.66618287,19.823,21.806,28.826,3.51,1,1.983,,
Pruszkow,2019,2/03/2019,WCH,R16,8,1,TJON_EN_FA_Jair,SUR,25.38356164,17,2,10.369,69.43774713,18.106,16.777,25.325,4.274,2,-1.329,,
Pruszkow,2019,2/03/2019,WCH,R16,9,1,MITCHELL_Ethan,NZL,119.2493151,8,1,10.151,70.92897252,21.66,22.23,27.676,2.723,1,0.57,,
Pruszkow,2019,2/03/2019,WCH,R16,9,1,PHILLIP_Njisane,TTO,119.2493151,18,2,REL,,12.02,11.661,19.917,4.128,2,-0.359,,
Pruszkow,2019,2/03/2019,WCH,R16,10,1,BARRETTE_Hugo,CAN,27.67945205,15,1,10.362,69.48465547,11.986,17.477,25.125,3.824,2,5.491,,
Pruszkow,2019,2/03/2019,WCH,R16,10,1,CALEYRON_Quentin,FRA,,19,2,10.481,68.69573514,24.075,22.743,27.953,2.605,1,-1.332,,
Pruszkow,2019,2/03/2019,WCH,R16,11,1,WEBSTER_Sam,NZL,27.64657534,14,1,10.266,70.13442431,20.33,24.121,30.627,3.253,2,3.791,,
Pruszkow,2019,2/03/2019,WCH,R16,11,1,BUCHLI_Matthijs,NED,,20,2,10.319,69.77420293,30.619,28.473,34.649,3.088,1,-2.146,,
Pruszkow,2019,2/03/2019,WCH,R16,12,1,KELEMEN_Pavel,CZE,119.2493151,13,1,10.55,68.2464455,15.965,17.63,25.468,3.919,1,1.665,,
Pruszkow,2019,2/03/2019,WCH,R16,12,1,SZALONTAY_Sandor,HUN,,21,2,10.587,68.00793426,10.308,9.633,18.563,4.465,2,-0.675,,
Pruszkow,2019,2/03/2019,WCH,R8,1,1,HOOGLAND_Jeffrey,NED,25.97808219,2,1,10.072,71.4853058,31.855,32.057,37.049,2.496,1,0.202,,
Pruszkow,2019,2/03/2019,WCH,R8,1,1,KELEMEN_Pavel,CZE,119.2493151,13,2,10.145,70.97092164,17.63,17.578,25.148,3.785,2,-0.052,,
Pruszkow,2019,2/03/2019,WCH,R8,2,1,LAVREYSEN_Harrie,NED,21.98082192,1,1,10.023,71.83478001,34.163,34.483,39.309,2.413,1,0.32,,
Pruszkow,2019,2/03/2019,WCH,R8,2,1,WEBSTER_Sam,NZL,27.64657534,14,2,11.468,62.78339728,24.121,23.973,30.243,3.135,2,-0.148,,
Pruszkow,2019,2/03/2019,WCH,R8,3,1,RUDYK_Mateusz,POL,23.63287671,3,1,10.26,70.1754386,28.806,29.065,33.371,2.153,1,0.259,,
Pruszkow,2019,2/03/2019,WCH,R8,3,1,BARRETTE_Hugo,CAN,27.67945205,15,2,10.359,69.50477845,17.477,17.293,24.549,3.628,2,-0.184,,
Pruszkow,2019,2/03/2019,WCH,R8,4,1,MITCHELL_Ethan,NZL,119.2493151,8,1,10.286,69.99805561,22.23,23.942,29.064,2.561,2,1.712,,
Pruszkow,2019,2/03/2019,WCH,R8,4,1,VIGIER_Sebastien,FRA,,9,2,10.293,69.95045176,26.79,25.803,30.725,2.461,1,-0.987,,
Pruszkow,2019,2/03/2019,WCH,R8,5,1,GLAETZER_Matthew,AUS,26.5369863,4,1,10.25,70.24390244,34.1,34.276,38.318,2.021,1,0.176,,
Pruszkow,2019,2/03/2019,WCH,R8,5,1,FUKAYA_Tomohiro,JPN,119.2493151,16,2,10.34,69.63249516,21.806,21.697,28.451,3.377,2,-0.109,,
Pruszkow,2019,2/03/2019,WCH,R8,6,1,DMITRIEV_Denis,RUS,32.96438356,5,1,10.17,70.79646018,19.989,25.409,33.329,3.96,2,5.42,,
Pruszkow,2019,2/03/2019,WCH,R8,6,1,CARLIN_Jack,GBR,21.87123288,12,2,10.188,70.67137809,31.123,30.291,34.753,2.231,1,-0.832,,
Pruszkow,2019,2/03/2019,WCH,R8,7,1,HART_Nathan,AUS,119.2493151,6,1,10.184,70.6991359,33.739,34.225,41.327,3.551,1,0.486,,
Pruszkow,2019,2/03/2019,WCH,R8,7,1,TRUMAN_Joseph,GBR,22.05753425,11,2,REL,,19.697,19.631,28.733,4.551,2,-0.066,,
Pruszkow,2019,2/03/2019,WCH,R8,8,1,PAUL_Nicholas,TTO,20.45205479,7,1,10.206,70.54673721,23.963,25.122,31.044,2.961,1,1.159,,
Pruszkow,2019,2/03/2019,WCH,R8,8,1,BOTTICHER_Stefan,GER,,10,2,10.21,70.51909892,19.739,18.89,26.66,3.885,2,-0.849,,
Pruszkow,2019,2/03/2019,WCH,QF,1,1,HOOGLAND_Jeffrey,NED,25.97808219,2,1,9.983,72.12260843,32.057,32.541,37.395,2.427,1,0.484,,
Pruszkow,2019,2/03/2019,WCH,QF,1,1,PAUL_Nicholas,TTO,20.45205479,7,2,10.226,70.40876198,25.122,24.87,30.558,2.844,2,-0.252,,
Pruszkow,2019,2/03/2019,WCH,QF,2,1,LAVREYSEN_Harrie,NED,21.98082192,1,1,13.709,52.52024218,34.483,35.515,40.151,2.318,1,1.032,,
Pruszkow,2019,2/03/2019,WCH,QF,2,1,HART_Nathan,AUS,119.2493151,6,2,13.851,51.98180637,34.225,33.027,39.505,3.239,2,-1.198,,
Pruszkow,2019,2/03/2019,WCH,QF,3,1,RUDYK_Mateusz,POL,23.63287671,3,1,10.239,70.31936713,29.065,29.72,33.908,2.094,1,0.655,,
Pruszkow,2019,2/03/2019,WCH,QF,3,1,DMITRIEV_Denis,RUS,32.96438356,5,2,10.499,68.57795981,25.409,24.371,31.513,3.571,2,-1.038,,
Pruszkow,2019,2/03/2019,WCH,QF,4,1,GLAETZER_Matthew,AUS,26.5369863,4,1,10.775,66.82134571,34.276,34.448,38.44,1.996,1,0.172,,
Pruszkow,2019,2/03/2019,WCH,QF,4,1,MITCHELL_Ethan,NZL,119.2493151,8,2,10.799,66.67284008,23.942,23.855,28.869,2.507,2,-0.087,,
Pruszkow,2019,2/03/2019,WCH,QF,1,2,HOOGLAND_Jeffrey,NED,25.97808219,2,1,9.991,72.06485837,32.541,32.944,37.68,2.368,1,0.403,,
Pruszkow,2019,2/03/2019,WCH,QF,1,2,PAUL_Nicholas,TTO,20.45205479,7,2,11.171,64.45260048,24.87,24.673,30.167,2.747,2,-0.197,,
Pruszkow,2019,2/03/2019,WCH,QF,2,2,LAVREYSEN_Harrie,NED,21.98082192,1,1,10.042,71.69886477,35.515,36.283,40.761,2.239,1,0.768,,
Pruszkow,2019,2/03/2019,WCH,QF,2,2,HART_Nathan,AUS,119.2493151,6,2,10.196,70.61592781,33.027,32.281,38.315,3.017,2,-0.746,,
Pruszkow,2019,2/03/2019,WCH,QF,3,2,RUDYK_Mateusz,POL,23.63287671,3,1,9.933,72.48565388,29.72,30.223,34.309,2.043,1,0.503,,
Pruszkow,2019,2/03/2019,WCH,QF,3,2,DMITRIEV_Denis,RUS,32.96438356,5,2,11.101,64.85902171,24.371,23.736,30.348,3.306,2,-0.635,,
Pruszkow,2019,2/03/2019,WCH,QF,4,2,GLAETZER_Matthew,AUS,26.5369863,4,1,10.183,70.70607876,34.448,34.604,38.55,1.973,1,0.156,,
Pruszkow,2019,2/03/2019,WCH,QF,4,2,MITCHELL_Ethan,NZL,119.2493151,8,2,10.251,70.23705004,23.855,23.777,28.695,2.459,2,-0.078,,
Pruszkow,2019,2/03/2019,WCH,SF,1,1,HOOGLAND_Jeffrey,NED,25.97808219,2,1,10.012,71.91370356,32.944,34.306,38.752,2.223,2,1.362,,
Pruszkow,2019,2/03/2019,WCH,SF,1,1,GLAETZER_Matthew,AUS,26.5369863,4,2,10.028,71.7989629,34.604,34.639,38.363,1.862,1,0.035,,
Pruszkow,2019,2/03/2019,WCH,SF,2,1,LAVREYSEN_Harrie,NED,21.98082192,1,2,10.081,71.42148596,36.283,35.887,40.043,2.078,1,-0.396,,
Pruszkow,2019,2/03/2019,WCH,SF,2,1,RUDYK_Mateusz,POL,23.63287671,3,1,10.075,71.46401985,30.223,31.311,35.149,1.919,1,1.088,,
Pruszkow,2019,2/03/2019,WCH,SF,1,2,HOOGLAND_Jeffrey,NED,25.97808219,2,1,10.004,71.97121152,34.306,34.608,38.734,2.063,2,0.302,,
Pruszkow,2019,2/03/2019,WCH,SF,1,2,GLAETZER_Matthew,AUS,26.5369863,4,2,10.13,71.07601185,34.639,34.1,37.678,1.789,1,-0.539,,
Pruszkow,2019,2/03/2019,WCH,SF,2,2,LAVREYSEN_Harrie,NED,21.98082192,1,1,10.17,70.79646018,35.887,36.278,40.336,2.029,1,0.391,,
Pruszkow,2019,2/03/2019,WCH,SF,2,2,RUDYK_Mateusz,POL,23.63287671,3,2,10.21,70.51909892,31.311,31.137,34.899,1.881,2,-0.174,,
Pruszkow,2019,2/03/2019,WCH,SF,2,3,LAVREYSEN_Harrie,NED,21.98082192,1,1,9.952,72.34726688,36.278,36.619,40.591,1.986,1,0.341,,
Pruszkow,2019,2/03/2019,WCH,SF,2,3,RUDYK_Mateusz,POL,23.63287671,3,2,10.505,68.53879105,31.137,30.986,34.68,1.847,2,-0.151,,
Pruszkow,2019,2/03/2019,WCH,F,G,1,LAVREYSEN_Harrie,NED,21.98082192,1,1,9.99,72.07207207,36.619,37.145,41.009,1.932,1,0.526,,
Pruszkow,2019,2/03/2019,WCH,F,G,1,HOOGLAND_Jeffrey,NED,25.97808219,2,2,10.156,70.89405278,34.608,34.279,38.283,2.002,2,-0.329,,
Pruszkow,2019,2/03/2019,WCH,F,B,1,RUDYK_Mateusz,POL,23.63287671,3,1,10.412,69.15097964,30.986,31.737,35.319,1.791,2,0.751,,
Pruszkow,2019,2/03/2019,WCH,F,B,1,GLAETZER_Matthew,AUS,26.5369863,4,2,REL,,34.1,33.603,37.079,1.738,1,-0.497,,
Pruszkow,2019,2/03/2019,WCH,F,G,2,LAVREYSEN_Harrie,NED,21.98082192,1,1,9.932,72.49295207,37.145,37.592,41.362,1.885,1,0.447,,
Pruszkow,2019,2/03/2019,WCH,F,G,2,HOOGLAND_Jeffrey,NED,25.97808219,2,2,9.964,72.26013649,34.279,34.006,37.904,1.949,2,-0.273,,
Pruszkow,2019,2/03/2019,WCH,F,B,2,RUDYK_Mateusz,POL,23.63287671,3,1,10.121,71.13921549,31.737,32.368,35.852,1.742,2,0.631,,
Pruszkow,2019,2/03/2019,WCH,F,B,2,GLAETZER_Matthew,AUS,26.5369863,4,2,10.162,70.85219445,33.603,33.189,36.577,1.694,1,-0.414,,
Minsk,2019,3/11/2019,NC,R16,1,1,BUCHLI_Matthijs,BCC,,3,1,10.904,66.03081438,28.473,28.896,34.964,3.034,1,0.423,,
Minsk,2019,3/11/2019,NC,R16,1,1,ZAITSAU_Artsiom,MCC,24.49315068,28,2,11.404,63.13574184,9,8.326,22.704,7.189,2,-0.674,,
Minsk,2019,3/11/2019,NC,R16,2,1,DMITRIEV_Denis,RUS,33.63835616,6,1,10.865,66.26783249,23.736,24.461,30.905,3.222,1,0.725,,
Minsk,2019,3/11/2019,NC,R16,2,1,GUO_Shuai,CHN,24.5260274,27,2,10.963,65.6754538,9,7.735,21.465,6.865,2,-1.265,,
Minsk,2019,3/11/2019,NC,R16,3,1,CARLIN_Jack,GBR,22.54520548,7,1,10.301,69.89612659,30.291,30.492,34.916,2.212,1,0.201,,
Minsk,2019,3/11/2019,NC,R16,3,1,RAMIREZ_MORALES_Santiago,COL,25.30684932,26,2,10.44,68.96551724,9,8.408,22.732,7.162,2,-0.592,,
Minsk,2019,3/11/2019,NC,R16,4,1,KENNY_Jason,GBR,,8,1,10.279,70.04572429,16.212,18.522,27.862,4.67,1,2.31,,
Minsk,2019,3/11/2019,NC,R16,4,1,ROSTOV_Pavel,MCT,,25,2,10.453,68.87974744,9,6.71,20.268,6.779,2,-2.29,,
Minsk,2019,3/11/2019,NC,R16,5,1,LENDEL_Vasilijus,LTU,24.58630137,9,1,10.181,70.71996857,11.95,14.972,22.82,3.924,2,3.022,,
Minsk,2019,3/11/2019,NC,R16,5,1,DORNBACH_Maximilian,ERD,,24,2,10.615,67.82854451,13.38,11.136,20.6,4.732,1,-2.244,,
Minsk,2019,3/11/2019,NC,R16,6,1,BOTTICHER_Stefan,GER,,10,1,10.339,69.6392301,18.89,20.228,27.69,3.731,1,1.338,,
Minsk,2019,3/11/2019,NC,R16,6,1,CHUGAY_Andrey,KAZ,19.80821918,23,2,10.419,69.10452059,9,6.926,20.262,6.668,2,-2.074,,
Minsk,2019,3/11/2019,NC,R16,7,1,YAKUSHEVSKIY_Pavel,RUS,32.13150685,11,1,10.477,68.72196239,11.552,14.704,24.254,4.775,1,3.152,,
Minsk,2019,3/11/2019,NC,R16,7,1,LAW_Tsz_Chun,HKG,,22,2,11.12,64.74820144,9,5.584,18.774,6.595,2,-3.416,,
Minsk,2019,3/11/2019,NC,R16,8,1,LANDERNEAU_Melvin,FRA,22.11232877,12,1,10.327,69.72015106,14.138,17.885,29.715,5.915,1,3.747,,
Minsk,2019,3/11/2019,NC,R16,8,1,ZHOU_Yu,CHN,20.84109589,21,2,10.397,69.25074541,9,6.792,20.848,7.028,2,-2.208,,
Minsk,2019,3/11/2019,NC,R16,9,1,PERALTA_GASCON_Juan,ESP,,13,1,10.136,71.03393844,14.476,16.411,24.145,3.867,1,1.935,,
Minsk,2019,3/11/2019,NC,R16,9,1,MORENO_SANCHEZ_Jose,ESP,25.97534247,20,2,11.043,65.199674,10.424,9.434,18.58,4.573,2,-0.99,,
Minsk,2019,3/11/2019,NC,R16,10,1,KELEMEN_Pavel,CZE,119.9232877,14,1,10.343,69.61229817,17.578,18.652,25.856,3.602,1,1.074,,
Minsk,2019,3/11/2019,NC,R16,10,1,SZALONTAY_Sandor,HUN,,19,2,10.431,69.02502157,9.633,9.258,17.578,4.16,2,-0.375,,
Minsk,2019,3/11/2019,NC,R16,11,1,SAHROM_Muhammad_Shah_Firdaus,SDF,23.95342466,16,1,10.172,70.78254031,4.791,10.187,21.049,5.431,2,5.396,,
Minsk,2019,3/11/2019,NC,R16,11,1,CECHMAN_Martin,CZE,,17,2,10.213,70.49838441,9,4.126,17.272,6.573,1,-4.874,,
Minsk,2019,3/11/2019,NC,R16,12,1,OBARA_Yuta,JPN,23.69315068,15,1,10.211,70.51219273,9,15.15,29.022,6.936,2,6.15,,
Minsk,2019,3/11/2019,NC,R16,12,1,QUINTERO_CHAVARRO_Kevin_Santiago,COL,21.03013699,18,2,10.269,70.11393514,11.108,10.149,20.147,4.999,1,-0.959,,
Minsk,2019,3/11/2019,NC,R8,1,1,LAVREYSEN_Harrie,NED,22.65479452,1,1,10.157,70.88707295,37.592,37.69,41.44,1.875,1,0.098,,
Minsk,2019,3/11/2019,NC,R8,1,1,OBARA_Yuta,JPN,23.69315068,15,2,10.336,69.65944272,15.15,15.29,27.962,6.336,2,0.14,,
Minsk,2019,3/11/2019,NC,R8,2,1,HOOGLAND_Jeffrey,NED,26.65205479,2,1,9.889,72.80817069,34.006,34.044,37.932,1.944,1,0.038,,
Minsk,2019,3/11/2019,NC,R8,2,1,SAHROM_Muhammad_Shah_Firdaus,SDF,23.95342466,16,2,9.897,72.74931798,10.187,10.26,20.832,5.286,2,0.073,,
Minsk,2019,3/11/2019,NC,R8,3,1,VIGIER_Sebastien,FRA,,4,1,10.017,71.87780773,25.803,26.336,31.12,2.392,1,0.533,,
Minsk,2019,3/11/2019,NC,R8,3,1,KELEMEN_Pavel,CZE,119.9232877,14,2,10.065,71.53502235,18.652,18.251,25.011,3.38,2,-0.401,,
Minsk,2019,3/11/2019,NC,R8,4,1,RUDYK_Mateusz,POL,24.30684932,5,1,10.069,71.50660443,32.368,32.443,35.909,1.733,1,0.075,,
Minsk,2019,3/11/2019,NC,R8,4,1,PERALTA_GASCON_Juan,ESP,,13,2,10.31,69.83511154,16.411,16.378,23.864,3.743,2,-0.033,,
Minsk,2019,3/11/2019,NC,R8,5,1,BUCHLI_Matthijs,BCC,,3,1,10.248,70.25761124,28.896,29.602,35.488,2.943,1,0.706,,
Minsk,2019,3/11/2019,NC,R8,5,1,LANDERNEAU_Melvin,FRA,22.11232877,12,2,10.251,70.23705004,17.885,17.323,27.725,5.201,2,-0.562,,
Minsk,2019,3/11/2019,NC,R8,6,1,DMITRIEV_Denis,RUS,33.63835616,6,1,10.246,70.2713254,24.461,25.196,31.414,3.109,1,0.735,,
Minsk,2019,3/11/2019,NC,R8,6,1,YAKUSHEVSKIY_Pavel,RUS,32.13150685,11,2,10.435,68.99856253,14.704,14.342,23.136,4.397,2,-0.362,,
Minsk,2019,3/11/2019,NC,R8,7,1,CARLIN_Jack,GBR,22.54520548,7,1,10.172,70.78254031,30.492,30.794,35.138,2.172,1,0.302,,
Minsk,2019,3/11/2019,NC,R8,7,1,BOTTICHER_Stefan,GER,,10,2,10.2,70.58823529,20.228,19.999,27.059,3.53,2,-0.229,,
Minsk,2019,3/11/2019,NC,R8,8,1,KENNY_Jason,GBR,,8,1,10.246,70.2713254,18.522,20.576,29.162,4.293,1,2.054,,
Minsk,2019,3/11/2019,NC,R8,8,1,LENDEL_Vasilijus,LTU,24.58630137,9,2,10.286,69.99805561,14.972,14.494,21.902,3.704,2,-0.478,,
Minsk,2019,3/11/2019,NC,QF,1,1,LAVREYSEN_Harrie,NED,22.65479452,1,1,10.075,71.46401985,37.69,37.774,41.502,1.864,1,0.084,,
Minsk,2019,3/11/2019,NC,QF,1,1,KENNY_Jason,GBR,,8,2,10.223,70.42942385,20.576,20.564,28.84,4.138,2,-0.012,,
Minsk,2019,3/11/2019,NC,QF,2,1,HOOGLAND_Jeffrey,NED,26.65205479,2,1,9.726,74.02837754,34.044,34.489,38.283,1.897,1,0.445,,
Minsk,2019,3/11/2019,NC,QF,2,1,CARLIN_Jack,GBR,22.54520548,7,2,9.778,73.63469012,30.794,30.487,34.699,2.106,2,-0.307,,
Minsk,2019,3/11/2019,NC,QF,3,1,VIGIER_Sebastien,FRA,,4,1,10.053,71.62041182,26.336,27.243,31.843,2.3,1,0.907,,
Minsk,2019,3/11/2019,NC,QF,3,1,DMITRIEV_Denis,RUS,33.63835616,6,2,10.065,71.53502235,25.196,24.388,30.194,2.903,2,-0.808,,
Minsk,2019,3/11/2019,NC,QF,4,1,BUCHLI_Matthijs,BCC,,3,1,10.191,70.65057404,29.602,31.139,36.645,2.753,2,1.537,,
Minsk,2019,3/11/2019,NC,QF,4,1,RUDYK_Mateusz,POL,24.30684932,5,2,10.256,70.20280811,32.443,32.113,35.507,1.697,1,-0.33,,
Minsk,2019,3/11/2019,NC,QF,1,2,LAVREYSEN_Harrie,NED,22.65479452,1,1,10.081,71.42148596,37.774,37.849,41.557,1.854,1,0.075,,
Minsk,2019,3/11/2019,NC,QF,1,2,KENNY_Jason,GBR,,8,2,10.732,67.08907939,20.564,20.555,28.571,4.008,2,-0.009,,
Minsk,2019,3/11/2019,NC,QF,2,2,HOOGLAND_Jeffrey,NED,26.65205479,2,1,9.803,73.44690401,34.489,34.87,38.582,1.856,1,0.381,,
Minsk,2019,3/11/2019,NC,QF,2,2,CARLIN_Jack,GBR,22.54520548,7,2,10.041,71.70600538,30.487,30.232,34.33,2.049,2,-0.255,,
Minsk,2019,3/11/2019,NC,QF,3,2,VIGIER_Sebastien,FRA,,4,1,9.982,72.1298337,27.243,27.94,32.388,2.224,1,0.697,,
Minsk,2019,3/11/2019,NC,QF,3,2,DMITRIEV_Denis,RUS,33.63835616,6,2,9.991,72.06485837,24.388,23.834,29.326,2.746,2,-0.554,,
Minsk,2019,3/11/2019,NC,QF,4,2,BUCHLI_Matthijs,BCC,,3,1,9.997,72.02160648,31.139,32.291,37.503,2.606,2,1.152,,
Minsk,2019,3/11/2019,NC,QF,4,2,RUDYK_Mateusz,POL,24.30684932,5,2,10.089,71.36485281,32.113,31.85,35.18,1.665,1,-0.263,,
Minsk,2019,3/11/2019,NC,SF,1,1,LAVREYSEN_Harrie,NED,22.65479452,1,1,10.069,71.50660443,37.849,38.182,41.82,1.819,1,0.333,,
Minsk,2019,3/11/2019,NC,SF,1,1,BUCHLI_Matthijs,BCC,,3,2,10.162,70.85219445,32.291,31.976,36.984,2.504,2,-0.315,,
Minsk,2019,3/11/2019,NC,SF,2,1,HOOGLAND_Jeffrey,NED,26.65205479,2,1,9.79,73.54443309,34.87,35.116,38.768,1.826,1,0.246,,
Minsk,2019,3/11/2019,NC,SF,2,1,VIGIER_Sebastien,FRA,,4,2,9.887,72.82289876,27.94,27.779,32.121,2.171,2,-0.161,,
Minsk,2019,3/11/2019,NC,SF,1,2,LAVREYSEN_Harrie,NED,22.65479452,1,1,10.05,71.64179104,38.182,38.469,42.045,1.788,1,0.287,,
Minsk,2019,3/11/2019,NC,SF,1,2,BUCHLI_Matthijs,BCC,,3,2,10.129,71.08302893,31.976,31.722,36.558,2.418,2,-0.254,,
Minsk,2019,3/11/2019,NC,SF,2,2,HOOGLAND_Jeffrey,NED,26.65205479,2,1,9.957,72.31093703,35.116,35.656,39.192,1.768,1,0.54,,
Minsk,2019,3/11/2019,NC,SF,2,2,VIGIER_Sebastien,FRA,,4,2,16.312,44.13928396,27.779,28.875,32.925,2.025,2,1.096,,
Minsk,2019,3/11/2019,NC,F,G,1,LAVREYSEN_Harrie,NED,22.65479452,1,2,9.882,72.85974499,38.469,37.681,41.093,1.706,1,-0.788,,
Minsk,2019,3/11/2019,NC,F,G,1,HOOGLAND_Jeffrey,NED,26.65205479,2,1,9.874,72.91877658,35.656,35.727,39.117,1.695,1,0.071,,
Minsk,2019,3/11/2019,NC,F,B,1,BUCHLI_Matthijs,BCC,,3,1,10.239,70.31936713,31.722,32.639,37.097,2.229,1,0.917,,
Minsk,2019,3/11/2019,NC,F,B,1,VIGIER_Sebastien,FRA,,4,2,10.263,70.15492546,28.875,28.707,32.645,1.969,2,-0.168,,
Minsk,2019,3/11/2019,NC,F,G,2,LAVREYSEN_Harrie,NED,22.65479452,1,1,9.97,72.21664995,37.681,38.061,41.389,1.664,1,0.38,,
Minsk,2019,3/11/2019,NC,F,G,2,HOOGLAND_Jeffrey,NED,26.65205479,2,2,10.112,71.20253165,35.727,35.573,38.827,1.627,2,-0.154,,
Minsk,2019,3/11/2019,NC,F,B,2,BUCHLI_Matthijs,BCC,,3,2,REL,,32.639,32.947,37.093,2.073,1,0.308,,
Minsk,2019,3/11/2019,NC,F,B,2,VIGIER_Sebastien,FRA,,4,1,,,28.707,30.128,33.836,1.854,1,1.421,,
Minsk,2019,3/11/2019,NC,F,G,3,LAVREYSEN_Harrie,NED,22.65479452,1,1,9.857,73.04453688,38.061,37.902,41.09,1.594,1,-0.159,,
Minsk,2019,3/11/2019,NC,F,G,3,HOOGLAND_Jeffrey,NED,26.65205479,2,2,9.942,72.42003621,35.573,35.145,38.299,1.577,2,-0.428,,
Minsk,2019,3/11/2019,NC,F,B,3,BUCHLI_Matthijs,BCC,,3,1,10.21,70.51909892,32.947,33.435,37.469,2.017,1,0.488,,
Minsk,2019,3/11/2019,NC,F,B,3,VIGIER_Sebastien,FRA,,4,2,10.25,70.24390244,30.128,29.907,33.535,1.814,2,-0.221,,
Glasgow,2019,9/11/2019,NC,R16,1,1,BOTTICHER_Stefan,GER,,9,1,10.263,70.15492546,19.999,20.72,27.56,3.42,1,0.721,,
Glasgow,2019,9/11/2019,NC,R16,1,1,VORZHEV_Pavel,KAZ,119.939726,28,2,10.326,69.72690296,6.363,6.084,17.408,5.662,2,-0.279,,
Glasgow,2019,9/11/2019,NC,R16,2,1,DMITRIEV_Denis,RUS,33.65479452,5,1,10.413,69.14433881,23.834,24.215,29.613,2.699,1,0.381,,
Glasgow,2019,9/11/2019,NC,R16,2,1,ZHOU_Yu,CHN,20.85753425,27,2,10.444,68.93910379,6.792,6.634,18.97,6.168,2,-0.158,,
Glasgow,2019,9/11/2019,NC,R16,3,1,LENDEL_Vasilijus,LTU,24.60273973,6,1,11.305,63.68863335,14.494,16.185,23.135,3.475,1,1.691,,
Glasgow,2019,9/11/2019,NC,R16,3,1,DORNBACH_Maximilian,ERD,,26,2,13.731,52.43609351,11.136,10.104,18.588,4.242,2,-1.032,,
Glasgow,2019,9/11/2019,NC,R16,4,1,SAHROM_Muhammad_Shah_Firdaus,SDF,23.96986301,16,1,10.175,70.76167076,10.26,15.846,25.016,4.585,2,5.586,,
Glasgow,2019,9/11/2019,NC,R16,4,1,LEVY_Maximilian,ERD,,17,2,10.179,70.73386384,17.965,15.36,24.246,4.443,1,-2.605,,
Glasgow,2019,9/11/2019,NC,R16,5,1,KENNY_Jason,GBR,,7,1,10.04,71.71314741,20.555,22.378,29.93,3.776,1,1.823,,
Glasgow,2019,9/11/2019,NC,R16,5,1,OBARA_Yuta,JPN,23.70958904,25,2,13.315,54.07435223,15.29,13.83,24.566,5.368,2,-1.46,,
Glasgow,2019,9/11/2019,NC,R16,6,1,BUCHLI_Matthijs,BCC,,10,1,10.396,69.25740669,33.435,33.552,37.564,2.006,1,0.117,,
Glasgow,2019,9/11/2019,NC,R16,6,1,HSIEH_Nien_Hsing,TPE,20.89041096,24,2,10.448,68.91271057,9,8.597,23.379,7.391,2,-0.403,,
Glasgow,2019,9/11/2019,NC,R16,7,1,RICHARDSON_Matthew,AUS,20.57808219,11,1,10.452,68.88633754,9,14.574,28.56,6.993,2,5.574,,
Glasgow,2019,9/11/2019,NC,R16,7,1,QUINTERO_CHAVARRO_Kevin_Santiago,COL,21.04657534,23,2,10.459,68.84023329,10.149,9.413,18.865,4.726,1,-0.736,,
Glasgow,2019,9/11/2019,NC,R16,8,1,TJON_EN_FA_Jair,SUR,26.0739726,8,1,10.404,69.20415225,16.777,23.634,31.024,3.695,2,6.857,,
Glasgow,2019,9/11/2019,NC,R16,8,1,CLARKE_Thomas,AUS,,22,2,10.419,69.10452059,35.054,31.991,38.245,3.127,1,-3.063,,
Glasgow,2019,9/11/2019,NC,R16,9,1,YAKUSHEVSKIY_Pavel,RUS,32.14794521,12,1,10.259,70.18227897,14.342,15.775,24.115,4.17,1,1.433,,
Glasgow,2019,9/11/2019,NC,R16,9,1,CECHMAN_Martin,CZE,,21,2,10.32,69.76744186,4.126,3.517,15.085,5.784,2,-0.609,,
Glasgow,2019,9/11/2019,NC,R16,10,1,PERALTA_GASCON_Juan,ESP,,13,1,10.338,69.64596634,16.378,18.559,25.523,3.482,1,2.181,,
Glasgow,2019,9/11/2019,NC,R16,10,1,OWENS_Ryan,GBR,24.12876712,20,2,10.439,68.97212377,16.05,14.427,22.983,4.278,2,-1.623,,
Glasgow,2019,9/11/2019,NC,R16,11,1,KELEMEN_Pavel,CZE,119.939726,14,1,10.415,69.13106097,18.251,20.607,26.811,3.102,2,2.356,,
Glasgow,2019,9/11/2019,NC,R16,11,1,CALEYRON_Quentin,FRA,,19,2,10.514,68.48012174,22.743,21.922,26.884,2.481,1,-0.821,,
Glasgow,2019,9/11/2019,NC,R16,12,1,LANDERNEAU_Melvin,FRA,22.12876712,15,1,10.177,70.74776457,17.323,18.782,28.536,4.877,1,1.459,,
Glasgow,2019,9/11/2019,NC,R16,12,1,SZALONTAY_Sandor,HUN,,18,2,10.323,69.74716652,9.258,9.065,17.059,3.997,2,-0.193,,
Glasgow,2019,9/11/2019,NC,R8,1,1,LAVREYSEN_Harrie,NED,22.67123288,1,1,9.924,72.55139057,37.902,37.956,41.134,1.589,1,0.054,,
Glasgow,2019,9/11/2019,NC,R8,1,1,LANDERNEAU_Melvin,FRA,22.12876712,15,2,9.948,72.37635706,18.782,18.802,28.122,4.66,2,0.02,,
Glasgow,2019,9/11/2019,NC,R8,2,1,RUDYK_Mateusz,POL,24.32328767,4,1,10.115,71.18141374,31.85,31.98,35.28,1.65,1,0.13,,
Glasgow,2019,9/11/2019,NC,R8,2,1,KELEMEN_Pavel,CZE,119.939726,14,2,10.141,70.99891529,20.607,20.475,26.463,2.994,2,-0.132,,
Glasgow,2019,9/11/2019,NC,R8,3,1,HOOGLAND_Jeffrey,NED,26.66849315,2,1,10.017,71.87780773,35.145,35.189,38.333,1.572,1,0.044,,
Glasgow,2019,9/11/2019,NC,R8,3,1,PERALTA_GASCON_Juan,ESP,,13,2,13.921,51.72042238,18.559,18.541,25.357,3.408,2,-0.018,,
Glasgow,2019,9/11/2019,NC,R8,4,1,FUKAYA_Tomohiro,JPN,119.939726,3,1,10.258,70.18912069,21.697,22.788,29.216,3.214,1,1.091,,
Glasgow,2019,9/11/2019,NC,R8,4,1,YAKUSHEVSKIY_Pavel,RUS,32.14794521,12,2,10.33,69.69990319,15.775,15.232,22.948,3.858,2,-0.543,,
Glasgow,2019,9/11/2019,NC,R8,5,1,TJON_EN_FA_Jair,SUR,26.0739726,8,1,10.169,70.80342217,23.634,25.149,32.061,3.456,1,1.515,,
Glasgow,2019,9/11/2019,NC,R8,5,1,BOTTICHER_Stefan,GER,,9,2,10.183,70.70607876,20.72,20.21,26.672,3.231,2,-0.51,,
Glasgow,2019,9/11/2019,NC,R8,6,1,DMITRIEV_Denis,RUS,33.65479452,5,1,10.358,69.5114887,24.215,24.945,30.207,2.631,1,0.73,,
Glasgow,2019,9/11/2019,NC,R8,6,1,RICHARDSON_Matthew,AUS,20.57808219,11,2,10.358,69.5114887,14.574,13.198,24.574,5.688,2,-1.376,,
Glasgow,2019,9/11/2019,NC,R8,7,1,LENDEL_Vasilijus,LTU,24.60273973,6,1,10.268,70.12076354,16.185,21.179,27.349,3.085,2,4.994,,
Glasgow,2019,9/11/2019,NC,R8,7,1,BUCHLI_Matthijs,BCC,,10,2,10.348,69.57866254,33.552,32.288,36.158,1.935,1,-1.264,,
Glasgow,2019,9/11/2019,NC,R8,8,1,KENNY_Jason,GBR,,7,1,10.235,70.34684905,22.378,23.651,30.799,3.574,1,1.273,,
Glasgow,2019,9/11/2019,NC,R8,8,1,SAHROM_Muhammad_Shah_Firdaus,SDF,23.96986301,16,2,10.247,70.26446765,15.846,15.301,23.735,4.217,2,-0.545,,
Glasgow,2019,9/11/2019,NC,QF,1,1,LAVREYSEN_Harrie,NED,22.67123288,1,1,10.497,68.59102601,37.956,38.036,41.196,1.58,1,0.08,,
Glasgow,2019,9/11/2019,NC,QF,1,1,KENNY_Jason,GBR,,7,2,10.583,68.03363885,23.651,23.582,30.484,3.451,2,-0.069,,
Glasgow,2019,9/11/2019,NC,QF,2,1,RUDYK_Mateusz,POL,24.32328767,4,1,10.072,71.4853058,31.98,32.117,35.387,1.635,1,0.137,,
Glasgow,2019,9/11/2019,NC,QF,2,1,LENDEL_Vasilijus,LTU,24.60273973,6,2,10.096,71.31537242,21.179,21.028,26.974,2.973,2,-0.151,,
Glasgow,2019,9/11/2019,NC,QF,3,1,HOOGLAND_Jeffrey,NED,26.66849315,2,1,9.838,73.18560683,35.189,35.308,38.426,1.559,1,0.119,,
Glasgow,2019,9/11/2019,NC,QF,3,1,DMITRIEV_Denis,RUS,33.65479452,5,2,12.489,57.65073264,24.945,24.824,29.948,2.562,2,-0.121,,
Glasgow,2019,9/11/2019,NC,QF,4,1,FUKAYA_Tomohiro,JPN,119.939726,3,1,10.114,71.18845165,22.788,24.761,30.753,2.996,2,1.973,,
Glasgow,2019,9/11/2019,NC,QF,4,1,TJON_EN_FA_Jair,SUR,26.0739726,8,2,10.42,69.09788868,25.149,23.918,30.284,3.183,1,-1.231,,
Glasgow,2019,9/11/2019,NC,QF,1,2,LAVREYSEN_Harrie,NED,22.67123288,1,1,10.077,71.44983626,38.036,38.108,41.252,1.572,1,0.072,,
Glasgow,2019,9/11/2019,NC,QF,1,2,KENNY_Jason,GBR,,7,2,10.22,70.45009785,23.582,23.525,30.217,3.346,2,-0.057,,
Glasgow,2019,9/11/2019,NC,QF,2,2,RUDYK_Mateusz,POL,24.32328767,4,1,10.16,70.86614173,32.117,32.241,35.483,1.621,1,0.124,,
Glasgow,2019,9/11/2019,NC,QF,2,2,LENDEL_Vasilijus,LTU,24.60273973,6,2,10.313,69.81479686,21.028,20.903,26.659,2.878,2,-0.125,,
Glasgow,2019,9/11/2019,NC,QF,3,2,HOOGLAND_Jeffrey,NED,26.66849315,2,1,10.089,71.36485281,35.308,35.416,38.51,1.547,1,0.108,,
Glasgow,2019,9/11/2019,NC,QF,3,2,DMITRIEV_Denis,RUS,33.65479452,5,2,10.103,71.26596061,24.824,24.719,29.721,2.501,2,-0.105,,
Glasgow,2019,9/11/2019,NC,QF,4,2,FUKAYA_Tomohiro,JPN,119.939726,3,1,10.005,71.96401799,24.761,26.097,31.759,2.831,1,1.336,,
Glasgow,2019,9/11/2019,NC,QF,4,2,TJON_EN_FA_Jair,SUR,26.0739726,8,2,10.567,68.13665184,23.918,23.179,29.149,2.985,2,-0.739,,
Glasgow,2019,9/11/2019,NC,SF,1,1,LAVREYSEN_Harrie,NED,22.67123288,1,1,9.995,72.03601801,38.108,38.198,41.322,1.562,1,0.09,,
Glasgow,2019,9/11/2019,NC,SF,1,1,FUKAYA_Tomohiro,JPN,119.939726,3,2,10.268,70.12076354,26.097,26.013,31.533,2.76,2,-0.084,,
Glasgow,2019,9/11/2019,NC,SF,2,1,HOOGLAND_Jeffrey,NED,26.66849315,2,1,9.856,73.05194805,35.416,35.686,38.732,1.523,1,0.27,,
Glasgow,2019,9/11/2019,NC,SF,2,1,RUDYK_Mateusz,POL,24.32328767,4,2,10.061,71.56346288,32.241,32.054,35.24,1.593,2,-0.187,,
Glasgow,2019,9/11/2019,NC,SF,1,2,LAVREYSEN_Harrie,NED,22.67123288,1,1,9.97,72.21664995,38.198,38.28,41.386,1.553,1,0.082,,
Glasgow,2019,9/11/2019,NC,SF,1,2,FUKAYA_Tomohiro,JPN,119.939726,3,2,9.995,72.03601801,26.013,25.937,31.333,2.698,2,-0.076,,
Glasgow,2019,9/11/2019,NC,SF,2,2,HOOGLAND_Jeffrey,NED,26.66849315,2,1,10.055,71.60616609,35.686,35.93,38.932,1.501,1,0.244,,
Glasgow,2019,9/11/2019,NC,SF,2,2,RUDYK_Mateusz,POL,24.32328767,4,2,11.224,64.14825374,32.054,31.885,35.021,1.568,2,-0.169,,
Glasgow,2019,9/11/2019,NC,F,G,1,LAVREYSEN_Harrie,NED,22.67123288,1,1,9.917,72.60260159,38.28,38.574,41.63,1.528,1,0.294,,
Glasgow,2019,9/11/2019,NC,F,G,1,HOOGLAND_Jeffrey,NED,26.66849315,2,2,10.075,71.46401985,35.93,35.748,38.704,1.478,2,-0.182,,
Glasgow,2019,9/11/2019,NC,F,B,1,FUKAYA_Tomohiro,JPN,119.939726,3,1,10.145,70.97092164,25.937,27.661,32.713,2.526,2,1.724,,
Glasgow,2019,9/11/2019,NC,F,B,1,RUDYK_Mateusz,POL,24.32328767,4,2,10.148,70.94994088,31.885,31.48,34.554,1.537,1,-0.405,,
Glasgow,2019,9/11/2019,NC,F,G,2,LAVREYSEN_Harrie,NED,22.67123288,1,1,9.906,72.68322229,38.574,38.84,41.85,1.505,1,0.266,,
Glasgow,2019,9/11/2019,NC,F,G,2,HOOGLAND_Jeffrey,NED,26.66849315,2,2,9.952,72.34726688,35.748,35.584,38.498,1.457,2,-0.164,,
Glasgow,2019,9/11/2019,NC,F,B,2,FUKAYA_Tomohiro,JPN,119.939726,3,1,10.141,70.99891529,27.661,28.96,33.742,2.391,2,1.299,,
Glasgow,2019,9/11/2019,NC,F,B,2,RUDYK_Mateusz,POL,24.32328767,4,2,10.33,69.69990319,31.48,31.154,34.172,1.509,1,-0.326,,
Hong_Kong,2019,1/12/2019,NC,R16,1,1,PAUL_Nicholas,TTO,21.20273973,9,1,10.671,67.47258926,24.673,25.165,30.561,2.698,1,0.492,,
Hong_Kong,2019,1/12/2019,NC,R16,1,1,SAUNDERS_Callum,NZL,120,28,2,10.756,66.93938267,9,7.763,21.375,6.806,2,-1.237,,
Hong_Kong,2019,1/12/2019,NC,R16,2,1,KENNY_Jason,GBR,,10,1,10.494,68.61063465,23.525,24.037,30.575,3.269,1,0.512,,
Hong_Kong,2019,1/12/2019,NC,R16,2,1,WAMMES_Nick,PTM,20.1260274,27,2,10.506,68.53226728,6.507,6.419,18.825,6.203,2,-0.088,,
Hong_Kong,2019,1/12/2019,NC,R16,3,1,NITTA_Yudai,JPN,120,5,1,10.378,69.37752939,12.167,15.084,24.378,4.647,1,2.917,,
Hong_Kong,2019,1/12/2019,NC,R16,3,1,D'ALMEIDA_Michael,FRA,,26,2,10.514,68.48012174,9,5.672,18.836,6.582,2,-3.328,,
Hong_Kong,2019,1/12/2019,NC,R16,4,1,TJON_EN_FA_Jair,SUR,26.13424658,6,1,10.486,68.66297921,23.179,23.392,29.286,2.947,1,0.213,,
Hong_Kong,2019,1/12/2019,NC,R16,4,1,CECHMAN_Martin,CZE,,25,2,10.598,67.93734667,3.517,3.575,14.571,5.498,2,0.058,,
Hong_Kong,2019,1/12/2019,NC,R16,5,1,BUCHLI_Matthijs,BCC,,11,1,10.349,69.57193932,32.288,32.31,36.174,1.932,1,0.022,,
Hong_Kong,2019,1/12/2019,NC,R16,5,1,DORNBACH_Maximilian,ERD,,24,2,10.437,68.98534062,10.104,10.125,18.509,4.192,2,0.021,,
Hong_Kong,2019,1/12/2019,NC,R16,6,1,BOTTICHER_Stefan,GER,,12,1,10.342,69.6190292,20.21,20.831,27.089,3.129,1,0.621,,
Hong_Kong,2019,1/12/2019,NC,R16,6,1,MORENO_SANCHEZ_Jose,ESP,26.05205479,23,2,10.809,66.61115737,9.434,9.193,17.745,4.276,2,-0.241,,
Hong_Kong,2019,1/12/2019,NC,R16,7,1,BAUGE_Gregory,FRA,,7,1,10.354,69.53834267,12.281,15.142,26.12,5.489,1,2.861,,
Hong_Kong,2019,1/12/2019,NC,R16,7,1,LAW_Tsz_Chun,HKG,,22,2,10.458,68.84681583,5.584,4.799,16.593,5.897,2,-0.785,,
Hong_Kong,2019,1/12/2019,NC,R16,8,1,KAWABATA_Tomoyuki,JPC,,8,1,10.255,70.20965383,5.915,15.43,25.722,5.146,2,9.515,,
Hong_Kong,2019,1/12/2019,NC,R16,8,1,KELEMEN_Pavel,CZE,120,21,2,10.345,69.59884002,20.475,19.355,25.099,2.872,1,-1.12,,
Hong_Kong,2019,1/12/2019,NC,R16,9,1,AWANG_Mohd_Azizulhasni,MAS,120,13,1,10.225,70.41564792,12.412,16.354,27.748,5.697,1,3.942,,
Hong_Kong,2019,1/12/2019,NC,R16,9,1,MELLEN_James,USA,,20,2,10.321,69.7606821,9,6.34,20.142,6.901,2,-2.66,,
Hong_Kong,2019,1/12/2019,NC,R16,10,1,LENDEL_Vasilijus,LTU,24.6630137,14,1,10.452,68.88633754,20.903,21.917,27.417,2.75,1,1.014,,
Hong_Kong,2019,1/12/2019,NC,R16,10,1,BARRETTE_Hugo,CAN,28.43013699,19,2,12.04,59.80066445,17.293,16.613,23.345,3.366,2,-0.68,,
Hong_Kong,2019,1/12/2019,NC,R16,11,1,SZALONTAY_Sandor,HUN,,15,1,10.323,69.74716652,9.065,11.534,19.054,3.76,1,2.469,,
Hong_Kong,2019,1/12/2019,NC,R16,11,1,HSIEH_Nien_Hsing,TPE,20.95068493,18,2,10.463,68.8139157,8.597,5.054,16.558,5.752,2,-3.543,,
Hong_Kong,2019,1/12/2019,NC,R16,12,1,LEVY_Maximilian,ERD,,16,1,10.26,70.1754386,15.36,18.621,26.549,3.964,2,3.261,,
Hong_Kong,2019,1/12/2019,NC,R16,12,1,PERALTA_GASCON_Juan,ESP,,17,2,10.332,69.68641115,18.541,17.605,24.001,3.198,1,-0.936,,
Hong_Kong,2019,1/12/2019,NC,R8,1,1,HOOGLAND_Jeffrey,NED,26.72876712,2,1,9.961,72.28189941,35.584,35.63,38.536,1.453,1,0.046,,
Hong_Kong,2019,1/12/2019,NC,R8,1,1,LEVY_Maximilian,ERD,,16,2,10.111,71.20957373,18.621,18.6,26.27,3.835,2,-0.021,,
Hong_Kong,2019,1/12/2019,NC,R8,2,1,LAVREYSEN_Harrie,NED,22.73150685,1,1,10.243,70.29190667,38.84,38.837,41.851,1.507,1,-0.003,,
Hong_Kong,2019,1/12/2019,NC,R8,2,1,SZALONTAY_Sandor,HUN,,15,2,10.361,69.49136184,11.534,11.537,19.047,3.755,2,0.003,,
Hong_Kong,2019,1/12/2019,NC,R8,3,1,RUDYK_Mateusz,POL,24.38356164,4,1,11.22,64.17112299,31.154,31.291,34.283,1.496,1,0.137,,
Hong_Kong,2019,1/12/2019,NC,R8,3,1,LENDEL_Vasilijus,LTU,24.6630137,14,2,REL,,21.917,21.736,27.048,2.656,2,-0.181,,
Hong_Kong,2019,1/12/2019,NC,R8,4,1,FUKAYA_Tomohiro,JPN,120,3,1,9.939,72.44189556,28.96,29.351,34.045,2.347,1,0.391,,
Hong_Kong,2019,1/12/2019,NC,R8,4,1,AWANG_Mohd_Azizulhasni,MAS,120,13,2,10.855,66.3288807,16.354,15.932,26.03,5.049,2,-0.422,,
Hong_Kong,2019,1/12/2019,NC,R8,5,1,KAWABATA_Tomoyuki,JPC,,8,1,10.124,71.11813512,15.43,21.135,29.789,4.327,2,5.705,,
Hong_Kong,2019,1/12/2019,NC,R8,5,1,PAUL_Nicholas,TTO,21.20273973,9,2,10.257,70.19596373,25.165,24.266,29.442,2.588,1,-0.899,,
Hong_Kong,2019,1/12/2019,NC,R8,6,1,BAUGE_Gregory,FRA,,7,1,10.042,71.69886477,15.142,21.127,30.327,4.6,2,5.985,,
Hong_Kong,2019,1/12/2019,NC,R8,6,1,KENNY_Jason,GBR,,10,2,10.219,70.45699188,24.037,22.898,29.082,3.092,1,-1.139,,
Hong_Kong,2019,1/12/2019,NC,R8,7,1,NITTA_Yudai,JPN,120,5,1,10.208,70.53291536,15.084,19.134,27.264,4.065,2,4.05,,
Hong_Kong,2019,1/12/2019,NC,R8,7,1,BOTTICHER_Stefan,GER,,12,2,10.234,70.35372288,20.831,19.862,25.78,2.959,1,-0.969,,
Hong_Kong,2019,1/12/2019,NC,R8,8,1,TJON_EN_FA_Jair,SUR,26.13424658,6,1,10.236,70.33997655,23.392,25.894,31.33,2.718,2,2.502,,
Hong_Kong,2019,1/12/2019,NC,R8,8,1,BUCHLI_Matthijs,BCC,,11,2,10.265,70.1412567,32.31,31.555,35.295,1.87,1,-0.755,,
Hong_Kong,2019,1/12/2019,NC,QF,1,1,HOOGLAND_Jeffrey,NED,26.72876712,2,1,10.149,70.94295004,35.63,35.747,38.631,1.442,1,0.117,,
Hong_Kong,2019,1/12/2019,NC,QF,1,1,TJON_EN_FA_Jair,SUR,26.13424658,6,2,10.235,70.34684905,25.894,25.735,30.999,2.632,2,-0.159,,
Hong_Kong,2019,1/12/2019,NC,QF,2,1,LAVREYSEN_Harrie,NED,22.73150685,1,1,10.107,71.23775601,38.837,38.862,41.872,1.505,1,0.025,,
Hong_Kong,2019,1/12/2019,NC,QF,2,1,NITTA_Yudai,JPN,120,5,2,10.144,70.97791798,19.134,19.147,27.109,3.981,2,0.013,,
Hong_Kong,2019,1/12/2019,NC,QF,3,1,RUDYK_Mateusz,POL,24.38356164,4,1,10.115,71.18141374,31.291,31.479,34.445,1.483,1,0.188,,
Hong_Kong,2019,1/12/2019,NC,QF,3,1,BAUGE_Gregory,FRA,,7,2,10.126,71.10408849,21.127,20.542,28.8,4.129,2,-0.585,,
Hong_Kong,2019,1/12/2019,NC,QF,4,1,FUKAYA_Tomohiro,JPN,120,3,1,10.121,71.13921549,29.351,29.846,34.426,2.29,1,0.495,,
Hong_Kong,2019,1/12/2019,NC,QF,4,1,KAWABATA_Tomoyuki,JPC,,8,2,11.049,65.16426826,21.135,20.594,28.494,3.95,2,-0.541,,
Hong_Kong,2019,1/12/2019,NC,QF,1,2,HOOGLAND_Jeffrey,NED,26.72876712,2,1,10.151,70.92897252,35.747,35.853,38.717,1.432,1,0.106,,
Hong_Kong,2019,1/12/2019,NC,QF,1,2,TJON_EN_FA_Jair,SUR,26.13424658,6,2,12.762,56.41748942,25.735,25.597,30.713,2.558,2,-0.138,,
Hong_Kong,2019,1/12/2019,NC,QF,2,2,LAVREYSEN_Harrie,NED,22.73150685,1,1,10.298,69.91648864,38.862,38.886,41.892,1.503,1,0.024,,
Hong_Kong,2019,1/12/2019,NC,QF,2,2,NITTA_Yudai,JPN,120,5,2,10.498,68.58449228,19.147,19.16,26.97,3.905,2,0.013,,
Hong_Kong,2019,1/12/2019,NC,QF,3,2,RUDYK_Mateusz,POL,24.38356164,4,1,10.556,68.20765441,31.479,31.631,34.573,1.471,1,0.152,,
Hong_Kong,2019,1/12/2019,NC,QF,3,2,BAUGE_Gregory,FRA,,7,2,11.088,64.93506494,20.542,20.183,27.809,3.813,2,-0.359,,
Hong_Kong,2019,1/12/2019,NC,QF,4,2,FUKAYA_Tomohiro,JPN,120,3,1,10.231,70.37435246,29.846,30.235,34.717,2.241,1,0.389,,
Hong_Kong,2019,1/12/2019,NC,QF,4,2,KAWABATA_Tomoyuki,JPC,,8,2,10.262,70.16176184,20.594,20.254,27.628,3.687,2,-0.34,,
Hong_Kong,2019,1/12/2019,NC,SF,1,1,HOOGLAND_Jeffrey,NED,26.72876712,2,1,9.898,72.74196807,35.853,36.046,38.878,1.416,1,0.193,,
Hong_Kong,2019,1/12/2019,NC,SF,1,1,FUKAYA_Tomohiro,JPN,120,3,2,10.003,71.97840648,30.235,29.979,34.323,2.172,2,-0.256,,
Hong_Kong,2019,1/12/2019,NC,SF,2,1,LAVREYSEN_Harrie,NED,22.73150685,1,1,10.114,71.18845165,38.886,39.009,41.989,1.49,1,0.123,,
Hong_Kong,2019,1/12/2019,NC,SF,2,1,RUDYK_Mateusz,POL,24.38356164,4,2,10.204,70.56056448,31.631,31.562,34.48,1.459,2,-0.069,,
Hong_Kong,2019,1/12/2019,NC,SF,1,2,HOOGLAND_Jeffrey,NED,26.72876712,2,1,10.258,70.18912069,36.046,36.219,39.023,1.402,1,0.173,,
Hong_Kong,2019,1/12/2019,NC,SF,1,2,FUKAYA_Tomohiro,JPN,120,3,2,10.519,68.44757106,29.979,29.759,33.983,2.112,2,-0.22,,
Hong_Kong,2019,1/12/2019,NC,SF,2,2,LAVREYSEN_Harrie,NED,22.73150685,1,1,10.234,70.35372288,39.009,39.125,42.081,1.478,1,0.116,,
Hong_Kong,2019,1/12/2019,NC,SF,2,2,RUDYK_Mateusz,POL,24.38356164,4,2,10.32,69.76744186,31.562,31.496,34.392,1.448,2,-0.066,,
Hong_Kong,2019,1/12/2019,NC,F,G,1,LAVREYSEN_Harrie,NED,22.73150685,1,1,9.926,72.53677211,39.125,39.37,42.284,1.457,1,0.245,,
Hong_Kong,2019,1/12/2019,NC,F,G,1,HOOGLAND_Jeffrey,NED,26.72876712,2,2,9.939,72.44189556,36.219,36.07,38.84,1.385,2,-0.149,,
Hong_Kong,2019,1/12/2019,NC,F,B,1,FUKAYA_Tomohiro,JPN,120,3,1,10.144,70.97791798,29.759,30.549,34.619,2.035,2,0.79,,
Hong_Kong,2019,1/12/2019,NC,F,B,1,RUDYK_Mateusz,POL,24.38356164,4,2,10.147,70.95693308,31.496,31.242,34.092,1.425,1,-0.254,,
Hong_Kong,2019,1/12/2019,NC,F,G,2,LAVREYSEN_Harrie,NED,22.73150685,1,1,10.156,70.89405278,39.37,39.594,42.47,1.438,1,0.224,,
Hong_Kong,2019,1/12/2019,NC,F,G,2,HOOGLAND_Jeffrey,NED,26.72876712,2,2,10.273,70.08663487,36.07,35.934,38.672,1.369,2,-0.136,,
Hong_Kong,2019,1/12/2019,NC,F,B,2,FUKAYA_Tomohiro,JPN,120,3,1,9.948,72.37635706,30.549,31.212,35.15,1.969,2,0.663,,
Hong_Kong,2019,1/12/2019,NC,F,B,2,RUDYK_Mateusz,POL,24.38356164,4,2,10.043,71.69172558,31.242,31.023,33.831,1.404,1,-0.219,,
Cambridge,2019,8/12/2019,NC,R16,1,1,SZALONTAY_Sandor,HUN,,5,1,10.451,68.89292891,11.537,13.102,20.2,3.549,1,1.565,,
Cambridge,2019,8/12/2019,NC,R16,1,1,VORZHEV_Pavel,KAZ,120.0191781,28,2,10.527,68.39555429,6.084,4.936,14.786,4.925,2,-1.148,,
Cambridge,2019,8/12/2019,NC,R16,2,1,WEBSTER_Sam,NZL,28.41643836,6,1,10.072,71.4853058,23.973,24.46,30.592,3.066,1,0.487,,
Cambridge,2019,8/12/2019,NC,R16,2,1,WAKIMOTO_Yuta,BGT,120.0191781,27,2,10.133,71.05496891,7.621,7.476,19.578,6.051,2,-0.145,,
Cambridge,2019,8/12/2019,NC,R16,3,1,AWANG_Mohd_Azizulhasni,MAS,120.0191781,7,1,10.497,68.59102601,15.932,17.866,27.31,4.722,1,1.934,,
Cambridge,2019,8/12/2019,NC,R16,3,1,CHUGAY_Andrey,KAZ,19.90410959,26,2,10.52,68.44106464,6.926,6.246,18.03,5.892,2,-0.68,,
Cambridge,2019,8/12/2019,NC,R16,4,1,TJON_EN_FA_Jair,SUR,26.15342466,9,1,10.927,65.89182758,25.597,25.755,30.815,2.53,1,0.158,,
Cambridge,2019,8/12/2019,NC,R16,4,1,MORENO_SANCHEZ_Jose,ESP,26.07123288,25,2,10.929,65.87976942,9.193,9.179,17.459,4.14,2,-0.014,,
Cambridge,2019,8/12/2019,NC,R16,5,1,PAUL_Nicholas,TTO,21.22191781,8,1,10.433,69.01178951,24.266,24.447,29.567,2.56,1,0.181,,
Cambridge,2019,8/12/2019,NC,R16,5,1,HSIEH_Nien_Hsing,TPE,20.96986301,24,2,10.457,68.85339964,5.054,5.1,15.94,5.42,2,0.046,,
Cambridge,2019,8/12/2019,NC,R16,6,1,YAKUSHEVSKIY_Pavel,RUS,32.22739726,10,1,10.623,67.77746399,15.232,16.543,23.889,3.673,1,1.311,,
Cambridge,2019,8/12/2019,NC,R16,6,1,ZHOU_Yu,CHN,20.9369863,23,2,10.707,67.24572709,6.634,5.816,16.566,5.375,2,-0.818,,
Cambridge,2019,8/12/2019,NC,R16,7,1,MITCHELL_Ethan,NZL,120.0191781,11,1,10.213,70.49838441,23.777,24.423,29.177,2.377,1,0.646,,
Cambridge,2019,8/12/2019,NC,R16,7,1,KELEMEN_Pavel,CZE,120.0191781,22,2,10.287,69.99125109,19.355,18.962,24.442,2.74,2,-0.393,,
Cambridge,2019,8/12/2019,NC,R16,8,1,GLAETZER_Matthew,AUS,27.30684932,12,1,10.278,70.0525394,33.189,33.497,36.829,1.666,1,0.308,,
Cambridge,2019,8/12/2019,NC,R16,8,1,HELAL_Rayan,FRA,20.89315068,21,2,10.278,70.0525394,28.065,27.67,32.83,2.58,2,-0.395,,
Cambridge,2019,8/12/2019,NC,R16,9,1,QUINTERO_CHAVARRO_Kevin_Santiago,COL,21.1260274,13,1,10.328,69.71340046,9.413,11.966,20.732,4.383,1,2.553,,
Cambridge,2019,8/12/2019,NC,R16,9,1,ARCHAMBAULT_Joel,PTM,120.0191781,20,2,10.427,69.05150091,5.259,3.528,15.056,5.764,2,-1.731,,
Cambridge,2019,8/12/2019,NC,R16,10,1,PERALTA_GASCON_Juan,ESP,,14,1,10.344,69.60556845,17.605,18.616,24.798,3.091,1,1.011,,
Cambridge,2019,8/12/2019,NC,R16,10,1,RAMIREZ_MORALES_Santiago,COL,25.40273973,19,2,10.363,69.4779504,8.408,7.038,18.738,5.85,2,-1.37,,
Cambridge,2019,8/12/2019,NC,R16,11,1,SHARAPOV_Alexander,RUS,25.77534247,15,1,10.098,71.30124777,6.262,14.376,25.922,5.773,2,8.114,,
Cambridge,2019,8/12/2019,NC,R16,11,1,SAHROM_Muhammad_Shah_Firdaus,SDF,24.04931507,18,2,10.272,70.09345794,15.301,13.989,21.895,3.953,1,-1.312,,
Cambridge,2019,8/12/2019,NC,R16,12,1,BARRETTE_Hugo,CAN,28.44931507,16,1,10.512,68.49315068,16.613,17.224,23.758,3.267,1,0.611,,
Cambridge,2019,8/12/2019,NC,R16,12,1,CECHMAN_Martin,CZE,,17,2,10.528,68.38905775,3.575,3.367,13.469,5.051,2,-0.208,,
Cambridge,2019,8/12/2019,NC,R8,1,1,RUDYK_Mateusz,POL,24.40273973,1,1,10.317,69.78772899,31.023,31.083,33.881,1.399,1,0.06,,
Cambridge,2019,8/12/2019,NC,R8,1,1,BARRETTE_Hugo,CAN,28.44931507,16,2,10.418,69.11115377,17.224,17.151,23.487,3.168,2,-0.073,,
Cambridge,2019,8/12/2019,NC,R8,2,1,FUKAYA_Tomohiro,JPN,120.0191781,2,1,10.125,71.11111111,31.212,31.38,35.282,1.951,1,0.168,,
Cambridge,2019,8/12/2019,NC,R8,2,1,SHARAPOV_Alexander,RUS,25.77534247,15,2,10.207,70.53982561,14.376,14.283,24.793,5.255,2,-0.093,,
Cambridge,2019,8/12/2019,NC,R8,3,1,HART_Nathan,AUS,120.0191781,4,1,10.181,70.71996857,32.281,32.477,38.427,2.975,1,0.196,,
Cambridge,2019,8/12/2019,NC,R8,3,1,PERALTA_GASCON_Juan,ESP,,14,2,10.507,68.52574474,18.616,18.588,24.68,3.046,2,-0.028,,
Cambridge,2019,8/12/2019,NC,R8,4,1,NITTA_Yudai,JPN,120.0191781,3,1,10.199,70.59515639,19.16,20.363,27.759,3.698,1,1.203,,
Cambridge,2019,8/12/2019,NC,R8,4,1,QUINTERO_CHAVARRO_Kevin_Santiago,COL,21.1260274,13,2,10.304,69.8757764,11.966,11.562,19.738,4.088,2,-0.404,,
Cambridge,2019,8/12/2019,NC,R8,5,1,SZALONTAY_Sandor,HUN,,5,1,10.524,68.41505131,13.102,18.915,25.151,3.118,2,5.813,,
Cambridge,2019,8/12/2019,NC,R8,5,1,GLAETZER_Matthew,AUS,27.30684932,12,2,10.54,68.31119545,33.497,32.486,35.736,1.625,1,-1.011,,
Cambridge,2019,8/12/2019,NC,R8,6,1,WEBSTER_Sam,NZL,28.41643836,6,1,10.109,71.22366208,24.46,25.81,31.576,2.883,1,1.35,,
Cambridge,2019,8/12/2019,NC,R8,6,1,MITCHELL_Ethan,NZL,120.0191781,11,2,10.6,67.9245283,24.423,23.997,28.585,2.294,2,-0.426,,
Cambridge,2019,8/12/2019,NC,R8,7,1,AWANG_Mohd_Azizulhasni,MAS,120.0191781,7,1,10.201,70.58131556,17.866,20.355,28.921,4.283,1,2.489,,
Cambridge,2019,8/12/2019,NC,R8,7,1,YAKUSHEVSKIY_Pavel,RUS,32.22739726,10,2,10.28,70.03891051,16.543,15.972,22.914,3.471,2,-0.571,,
Cambridge,2019,8/12/2019,NC,R8,8,1,PAUL_Nicholas,TTO,21.22191781,8,1,11.066,65.06416049,24.447,25.635,30.507,2.436,2,1.188,,
Cambridge,2019,8/12/2019,NC,R8,8,1,TJON_EN_FA_Jair,SUR,26.15342466,9,2,11.163,64.49879065,25.755,25.077,29.897,2.41,1,-0.678,,
Cambridge,2019,8/12/2019,NC,QF,1,1,RUDYK_Mateusz,POL,24.40273973,1,1,10.369,69.43774713,31.083,31.281,34.049,1.384,1,0.198,,
Cambridge,2019,8/12/2019,NC,QF,1,1,PAUL_Nicholas,TTO,21.22191781,8,2,11.438,62.94806784,25.635,25.309,29.997,2.344,2,-0.326,,
Cambridge,2019,8/12/2019,NC,QF,2,1,FUKAYA_Tomohiro,JPN,120.0191781,2,1,10.202,70.57439718,31.38,31.634,35.48,1.923,1,0.254,,
Cambridge,2019,8/12/2019,NC,QF,2,1,AWANG_Mohd_Azizulhasni,MAS,120.0191781,7,2,10.231,70.37435246,20.355,20.04,27.968,3.964,2,-0.315,,
Cambridge,2019,8/12/2019,NC,QF,3,1,HART_Nathan,AUS,120.0191781,4,1,10.045,71.67745147,32.477,33.116,38.854,2.869,1,0.639,,
Cambridge,2019,8/12/2019,NC,QF,3,1,WEBSTER_Sam,NZL,28.41643836,6,2,11.158,64.52769313,25.81,25.601,31.175,2.787,2,-0.209,,
Cambridge,2019,8/12/2019,NC,QF,4,1,NITTA_Yudai,JPN,120.0191781,3,1,10.154,70.90801655,20.363,22.049,28.923,3.437,1,1.686,,
Cambridge,2019,8/12/2019,NC,QF,4,1,SZALONTAY_Sandor,HUN,,5,2,10.241,70.30563422,18.915,18.395,24.323,2.964,2,-0.52,,
Cambridge,2019,8/12/2019,NC,QF,1,2,RUDYK_Mateusz,POL,24.40273973,1,1,10.222,70.43631383,31.281,31.458,34.198,1.37,1,0.177,,
Cambridge,2019,8/12/2019,NC,QF,1,2,PAUL_Nicholas,TTO,21.22191781,8,2,10.363,69.4779504,25.309,25.038,29.57,2.266,2,-0.271,,
Cambridge,2019,8/12/2019,NC,QF,2,2,FUKAYA_Tomohiro,JPN,120.0191781,2,1,10.295,69.93686255,31.634,31.842,35.64,1.899,1,0.208,,
Cambridge,2019,8/12/2019,NC,QF,2,2,AWANG_Mohd_Azizulhasni,MAS,120.0191781,7,2,10.823,66.52499307,20.04,19.826,27.288,3.731,2,-0.214,,
Cambridge,2019,8/12/2019,NC,QF,3,2,HART_Nathan,AUS,120.0191781,4,1,10.273,70.08663487,33.116,33.636,39.198,2.781,1,0.52,,
Cambridge,2019,8/12/2019,NC,QF,3,2,WEBSTER_Sam,NZL,28.41643836,6,2,10.974,65.60962274,25.601,25.439,30.851,2.706,2,-0.162,,
Cambridge,2019,8/12/2019,NC,QF,4,2,NITTA_Yudai,JPN,120.0191781,3,1,10.238,70.32623559,22.049,23.225,29.717,3.246,1,1.176,,
Cambridge,2019,8/12/2019,NC,QF,4,2,SZALONTAY_Sandor,HUN,,5,2,10.338,69.64596634,18.395,18.047,23.733,2.843,2,-0.348,,
Cambridge,2019,8/12/2019,NC,SF,1,1,RUDYK_Mateusz,POL,24.40273973,1,1,10.159,70.87311743,31.458,31.613,34.331,1.359,1,0.155,,
Cambridge,2019,8/12/2019,NC,SF,1,1,NITTA_Yudai,JPN,120.0191781,3,2,10.166,70.82431635,23.225,22.85,28.97,3.06,2,-0.375,,
Cambridge,2019,8/12/2019,NC,SF,2,1,FUKAYA_Tomohiro,JPN,120.0191781,2,1,10.287,69.99125109,31.842,32.612,36.3,1.844,2,0.77,,
Cambridge,2019,8/12/2019,NC,SF,2,1,HART_Nathan,AUS,120.0191781,4,2,10.294,69.9436565,33.636,32.584,37.784,2.6,1,-1.052,,
Cambridge,2019,8/12/2019,NC,SF,1,2,RUDYK_Mateusz,POL,24.40273973,1,1,9.748,73.86130488,31.613,31.748,34.446,1.349,1,0.135,,
Cambridge,2019,8/12/2019,NC,SF,1,2,NITTA_Yudai,JPN,120.0191781,3,2,10.24,70.3125,22.85,22.563,28.389,2.913,2,-0.287,,
Cambridge,2019,8/12/2019,NC,SF,2,2,FUKAYA_Tomohiro,JPN,120.0191781,2,1,10.009,71.93525827,32.612,33.227,36.819,1.796,1,0.615,,
Cambridge,2019,8/12/2019,NC,SF,2,2,HART_Nathan,AUS,120.0191781,4,2,10.534,68.35010442,32.584,31.833,36.753,2.46,2,-0.751,,
Cambridge,2019,8/12/2019,NC,F,G,1,RUDYK_Mateusz,POL,24.40273973,1,1,10.039,71.72029087,31.748,32.117,34.775,1.329,2,0.369,,
Cambridge,2019,8/12/2019,NC,F,G,1,FUKAYA_Tomohiro,JPN,120.0191781,2,2,10.134,71.04795737,33.227,32.749,36.237,1.744,1,-0.478,,
Cambridge,2019,8/12/2019,NC,F,B,1,NITTA_Yudai,JPN,120.0191781,3,1,10.068,71.51370679,22.563,25.134,30.528,2.697,2,2.571,,
Cambridge,2019,8/12/2019,NC,F,B,1,HART_Nathan,AUS,120.0191781,4,2,10.089,71.36485281,31.833,30.563,35.227,2.332,1,-1.27,,
Cambridge,2019,8/12/2019,NC,F,G,2,RUDYK_Mateusz,POL,24.40273973,1,1,10.12,71.14624506,32.117,32.446,35.066,1.31,2,0.329,,
Cambridge,2019,8/12/2019,NC,F,G,2,FUKAYA_Tomohiro,JPN,120.0191781,2,2,10.188,70.67137809,32.749,32.34,35.736,1.698,1,-0.409,,
Cambridge,2019,8/12/2019,NC,F,B,2,NITTA_Yudai,JPN,120.0191781,3,1,10.37,69.43105111,25.134,26.899,31.965,2.533,2,1.765,,
Cambridge,2019,8/12/2019,NC,F,B,2,HART_Nathan,AUS,120.0191781,4,2,10.554,68.22057987,30.563,29.698,34.152,2.227,1,-0.865,,
Brisbane,2019,15/12/2019,NC,R16,1,1,TJON_EN_FA_Jair,SUR,26.17260274,4,1,10.303,69.88255848,25.077,25.456,30.21,2.377,1,0.379,,
Brisbane,2019,15/12/2019,NC,R16,1,1,SHURSHIN_Nikita,RUS,120.0383562,28,2,10.326,69.72690296,9,7.744,21.266,6.761,2,-1.256,,
Brisbane,2019,15/12/2019,NC,R16,2,1,HART_Nathan,AUS,120.0383562,11,1,10.168,70.81038552,29.698,29.912,34.326,2.207,1,0.214,,
Brisbane,2019,15/12/2019,NC,R16,2,1,ZHANG_Cheng,CYT,,27,2,10.355,69.53162723,9,8.351,22.571,7.11,2,-0.649,,
Brisbane,2019,15/12/2019,NC,R16,3,1,WEBSTER_Sam,NZL,28.43561644,2,1,10.319,69.77420293,25.439,25.888,31.21,2.661,1,0.449,,
Brisbane,2019,15/12/2019,NC,R16,3,1,CANELON_VERA_Hersony,VEN,,26,2,10.4,69.23076923,9,7.881,21.597,6.858,2,-1.119,,
Brisbane,2019,15/12/2019,NC,R16,4,1,CHUGAY_Andrey,KAZ,19.92328767,16,1,10.21,70.51909892,6.246,10.249,20.663,5.207,1,4.003,,
Brisbane,2019,15/12/2019,NC,R16,4,1,ZHOU_Yu,CHN,20.95616438,17,2,10.236,70.33997655,5.816,4.653,14.375,4.861,2,-1.163,,
Brisbane,2019,15/12/2019,NC,R16,5,1,TRUMAN_Joseph,GBR,22.84657534,5,1,10.107,71.23775601,19.631,20.536,29.24,4.352,1,0.905,,
Brisbane,2019,15/12/2019,NC,R16,5,1,MORENO_SANCHEZ_Jose,ESP,26.09041096,25,2,10.233,70.36059807,9.179,9.058,17.04,3.991,2,-0.121,,
Brisbane,2019,15/12/2019,NC,R16,6,1,CECHMAN_Martin,CZE,,12,1,10.474,68.74164598,3.367,6.888,15.996,4.554,2,3.521,,
Brisbane,2019,15/12/2019,NC,R16,6,1,ARCHAMBAULT_Joel,PTM,120.0383562,24,2,10.556,68.20765441,3.528,1.74,11.766,5.013,1,-1.788,,
Brisbane,2019,15/12/2019,NC,R16,7,1,WAKIMOTO_Yuta,JPN,120.0383562,6,1,10.374,69.40427993,7.476,11.13,21.94,5.405,1,3.654,,
Brisbane,2019,15/12/2019,NC,R16,7,1,LAW_Tsz_Chun,HKG,,23,2,10.471,68.76134085,4.799,3.747,14.349,5.301,2,-1.052,,
Brisbane,2019,15/12/2019,NC,R16,8,1,KAWABATA_Tomoyuki,JPC,,13,1,10.16,70.86614173,20.254,20.99,28.118,3.564,1,0.736,,
Brisbane,2019,15/12/2019,NC,R16,8,1,RAMIREZ_MORALES_Santiago,COL,25.42191781,22,2,10.355,69.53162723,7.038,6.821,17.505,5.342,2,-0.217,,
Brisbane,2019,15/12/2019,NC,R16,9,1,MITCHELL_Ethan,NZL,120.0383562,7,1,10.234,70.35372288,23.997,24.251,28.767,2.258,1,0.254,,
Brisbane,2019,15/12/2019,NC,R16,9,1,QUINTERO_CHAVARRO_Kevin_Santiago,COL,21.14520548,21,2,10.257,70.19596373,11.562,11.412,19.16,3.874,2,-0.15,,
Brisbane,2019,15/12/2019,NC,R16,10,1,PERALTA_GASCON_Juan,ESP,,14,1,10.513,68.48663559,18.588,19.881,25.639,2.879,1,1.293,,
Brisbane,2019,15/12/2019,NC,R16,10,1,BARRETTE_Hugo,CAN,28.46849315,20,2,10.601,67.91812093,17.151,16.49,22.45,2.98,2,-0.661,,
Brisbane,2019,15/12/2019,NC,R16,11,1,YAKUSHEVSKIY_Pavel,RUS,32.24657534,8,1,10.261,70.16859955,15.972,17.589,24.097,3.254,1,1.617,,
Brisbane,2019,15/12/2019,NC,R16,11,1,SAHROM_Muhammad_Shah_Firdaus,SDF,24.06849315,19,2,10.266,70.13442431,13.989,13.102,20.36,3.629,2,-0.887,,
Brisbane,2019,15/12/2019,NC,R16,12,1,CARLIN_Jack,GBR,22.66027397,15,1,10.422,69.08462867,30.232,30.39,34.44,2.025,1,0.158,,
Brisbane,2019,15/12/2019,NC,R16,12,1,KELEMEN_Pavel,CZE,120.0383562,18,2,10.436,68.99195094,18.962,18.884,24.246,2.681,2,-0.078,,
Brisbane,2019,15/12/2019,NC,R8,1,1,RUDYK_Mateusz,POL,24.42191781,1,1,10.191,70.65057404,32.446,32.695,35.285,1.295,1,0.249,,
Brisbane,2019,15/12/2019,NC,R8,1,1,CARLIN_Jack,GBR,22.66027397,15,2,10.27,70.10710808,30.39,29.998,33.918,1.96,2,-0.392,,
Brisbane,2019,15/12/2019,NC,R8,2,1,YAKUSHEVSKIY_Pavel,RUS,32.24657534,8,1,10.342,69.6190292,17.589,19.224,25.302,3.039,2,1.635,,
Brisbane,2019,15/12/2019,NC,R8,2,1,SZALONTAY_Sandor,HUN,,9,2,10.37,69.43105111,18.047,17.411,22.813,2.701,1,-0.636,,
Brisbane,2019,15/12/2019,NC,R8,3,1,GLAETZER_Matthew,AUS,27.3260274,3,1,10.204,70.56056448,32.486,32.571,35.801,1.615,1,0.085,,
Brisbane,2019,15/12/2019,NC,R8,3,1,PERALTA_GASCON_Juan,ESP,,14,2,10.276,70.06617361,19.881,19.81,25.434,2.812,2,-0.071,,
Brisbane,2019,15/12/2019,NC,R8,4,1,MITCHELL_Ethan,NZL,120.0383562,7,1,10.165,70.83128382,24.251,25.15,29.49,2.17,2,0.899,,
Brisbane,2019,15/12/2019,NC,R8,4,1,PAUL_Nicholas,TTO,21.24109589,10,2,11.69,61.59110351,25.038,24.488,28.842,2.177,1,-0.55,,
Brisbane,2019,15/12/2019,NC,R8,5,1,TJON_EN_FA_Jair,SUR,26.17260274,4,1,9.988,72.0865038,25.456,26.137,30.741,2.302,1,0.681,,
Brisbane,2019,15/12/2019,NC,R8,5,1,KAWABATA_Tomoyuki,JPC,,13,2,10.062,71.55635063,20.99,20.321,26.925,3.302,2,-0.669,,
Brisbane,2019,15/12/2019,NC,R8,6,1,WAKIMOTO_Yuta,JPN,120.0383562,6,1,10.165,70.83128382,11.13,20.394,29.016,4.311,2,9.264,,
Brisbane,2019,15/12/2019,NC,R8,6,1,HART_Nathan,AUS,120.0383562,11,2,10.178,70.74081352,29.912,28.865,33.145,2.14,1,-1.047,,
Brisbane,2019,15/12/2019,NC,R8,7,1,WEBSTER_Sam,NZL,28.43561644,2,1,10.148,70.94994088,25.888,25.999,31.279,2.64,1,0.111,,
Brisbane,2019,15/12/2019,NC,R8,7,1,CECHMAN_Martin,CZE,,12,2,10.231,70.37435246,6.888,6.909,15.793,4.442,2,0.021,,
Brisbane,2019,15/12/2019,NC,R8,8,1,TRUMAN_Joseph,GBR,22.84657534,5,1,10.198,70.60207884,20.536,21.673,29.951,4.139,1,1.137,,
Brisbane,2019,15/12/2019,NC,R8,8,1,CHUGAY_Andrey,KAZ,19.92328767,16,2,10.23,70.38123167,10.249,9.969,19.645,4.838,2,-0.28,,
Brisbane,2019,15/12/2019,NC,QF,1,1,RUDYK_Mateusz,POL,24.42191781,1,1,10.224,70.42253521,32.695,32.812,35.388,1.288,1,0.117,,
Brisbane,2019,15/12/2019,NC,QF,1,1,TRUMAN_Joseph,GBR,22.84657534,5,2,10.416,69.12442396,21.673,21.287,28.907,3.81,2,-0.386,,
Brisbane,2019,15/12/2019,NC,QF,2,1,WEBSTER_Sam,NZL,28.43561644,2,1,10.437,68.98534062,25.999,26.549,31.667,2.559,1,0.55,,
Brisbane,2019,15/12/2019,NC,QF,2,1,YAKUSHEVSKIY_Pavel,RUS,32.24657534,8,2,10.57,68.11731315,19.224,18.96,24.788,2.914,2,-0.264,,
Brisbane,2019,15/12/2019,NC,QF,3,1,GLAETZER_Matthew,AUS,27.3260274,3,1,10.004,71.97121152,32.571,32.726,35.928,1.601,1,0.155,,
Brisbane,2019,15/12/2019,NC,QF,3,1,WAKIMOTO_Yuta,JPN,120.0383562,6,2,10.053,71.62041182,20.394,20.123,28.111,3.994,2,-0.271,,
Brisbane,2019,15/12/2019,NC,QF,4,1,TJON_EN_FA_Jair,SUR,26.17260274,4,1,10.296,69.93006993,26.137,26.902,31.336,2.217,1,0.765,,
Brisbane,2019,15/12/2019,NC,QF,4,1,MITCHELL_Ethan,NZL,120.0383562,7,2,10.799,66.67284008,25.15,24.763,28.961,2.099,2,-0.387,,
Brisbane,2019,15/12/2019,NC,QF,1,2,RUDYK_Mateusz,POL,24.42191781,1,1,10.199,70.59515639,32.812,32.909,35.473,1.282,1,0.097,,
Brisbane,2019,15/12/2019,NC,QF,1,2,TRUMAN_Joseph,GBR,22.84657534,5,2,10.561,68.17536218,21.287,21.021,28.163,3.571,2,-0.266,,
Brisbane,2019,15/12/2019,NC,QF,2,2,WEBSTER_Sam,NZL,28.43561644,2,1,10.16,70.86614173,26.549,26.999,31.981,2.491,1,0.45,,
Brisbane,2019,15/12/2019,NC,QF,2,2,YAKUSHEVSKIY_Pavel,RUS,32.24657534,8,2,10.186,70.68525427,18.96,18.757,24.381,2.812,2,-0.203,,
Brisbane,2019,15/12/2019,NC,QF,3,2,GLAETZER_Matthew,AUS,27.3260274,3,1,9.949,72.36908232,32.726,32.857,36.033,1.588,1,0.131,,
Brisbane,2019,15/12/2019,NC,QF,3,2,WAKIMOTO_Yuta,JPN,120.0383562,6,2,10.492,68.62371331,20.123,19.935,27.457,3.761,2,-0.188,,
Brisbane,2019,15/12/2019,NC,QF,4,2,TJON_EN_FA_Jair,SUR,26.17260274,4,1,10.311,69.82833867,26.902,27.525,31.817,2.146,1,0.623,,
Brisbane,2019,15/12/2019,NC,QF,4,2,MITCHELL_Ethan,NZL,120.0383562,7,2,10.354,69.53834267,24.763,24.452,28.53,2.039,2,-0.311,,
Brisbane,2019,15/12/2019,NC,SF,1,1,RUDYK_Mateusz,POL,24.42191781,1,1,10.151,70.92897252,32.909,33.068,35.61,1.271,1,0.159,,
Brisbane,2019,15/12/2019,NC,SF,1,1,TJON_EN_FA_Jair,SUR,26.17260274,4,2,10.216,70.47768207,27.525,27.267,31.433,2.083,2,-0.258,,
Brisbane,2019,15/12/2019,NC,SF,2,1,WEBSTER_Sam,NZL,28.43561644,2,1,10.324,69.74041069,26.999,28.512,33.216,2.352,2,1.513,,
Brisbane,2019,15/12/2019,NC,SF,2,1,GLAETZER_Matthew,AUS,27.3260274,3,2,10.358,69.5114887,32.857,32.422,35.53,1.554,1,-0.435,,
Brisbane,2019,15/12/2019,NC,SF,1,2,RUDYK_Mateusz,POL,24.42191781,1,1,10.353,69.5450594,33.068,33.212,35.734,1.261,1,0.144,,
Brisbane,2019,15/12/2019,NC,SF,1,2,TJON_EN_FA_Jair,SUR,26.17260274,4,2,10.426,69.05812392,27.267,27.044,31.1,2.028,2,-0.223,,
Brisbane,2019,15/12/2019,NC,SF,2,2,WEBSTER_Sam,NZL,28.43561644,2,1,9.831,73.23771742,28.512,29.683,34.163,2.24,2,1.171,,
Brisbane,2019,15/12/2019,NC,SF,2,2,GLAETZER_Matthew,AUS,27.3260274,3,2,9.857,73.04453688,32.422,32.068,35.116,1.524,1,-0.354,,
Brisbane,2019,15/12/2019,NC,F,G,1,RUDYK_Mateusz,POL,24.42191781,1,1,10.163,70.84522287,33.212,33.414,35.912,1.249,1,0.202,,
Brisbane,2019,15/12/2019,NC,F,G,1,WEBSTER_Sam,NZL,28.43561644,2,2,10.195,70.62285434,29.683,29.288,33.602,2.157,2,-0.395,,
Brisbane,2019,15/12/2019,NC,F,B,1,GLAETZER_Matthew,AUS,27.3260274,3,1,10.407,69.18420294,32.068,32.291,35.299,1.504,1,0.223,,
Brisbane,2019,15/12/2019,NC,F,B,1,TJON_EN_FA_Jair,SUR,26.17260274,4,2,10.409,69.17090979,27.044,26.823,30.777,1.977,2,-0.221,,
Brisbane,2019,15/12/2019,NC,F,G,2,RUDYK_Mateusz,POL,24.42191781,1,1,10.17,70.79646018,33.414,33.595,36.071,1.238,1,0.181,,
Brisbane,2019,15/12/2019,NC,F,G,2,WEBSTER_Sam,NZL,28.43561644,2,2,10.749,66.98297516,29.288,28.958,33.13,2.086,2,-0.33,,
Brisbane,2019,15/12/2019,NC,F,B,2,GLAETZER_Matthew,AUS,27.3260274,3,1,10.16,70.86614173,32.291,32.491,35.463,1.486,1,0.2,,
Brisbane,2019,15/12/2019,NC,F,B,2,TJON_EN_FA_Jair,SUR,26.17260274,4,2,10.605,67.89250354,26.823,26.629,30.493,1.932,2,-0.194,,
Milton,2020,26/01/2020,NC,R16,1,1,HELAL_Rayan,FRA,21.02739726,3,1,10.465,68.80076445,27.67,27.83,32.936,2.553,1,0.16,,
Milton,2020,26/01/2020,NC,R16,1,1,CHUGAY_Andrey,KAZ,20.03835616,28,2,10.789,66.73463713,9.969,9.977,19.271,4.647,2,0.008,,
Milton,2020,26/01/2020,NC,R16,2,1,ALEXANDER_Quincy,TTO,,16,1,10.511,68.49966702,9,21.115,33.123,6.004,2,12.115,,
Milton,2020,26/01/2020,NC,R16,2,1,TJON_EN_FA_Jair,SUR,26.28767123,17,2,10.555,68.21411653,26.629,26.238,30.056,1.909,1,-0.391,,
Milton,2020,26/01/2020,NC,R16,3,1,BRISTER_James,AUS,,5,1,10.489,68.64334064,28.525,28.775,35.247,3.236,1,0.25,,
Milton,2020,26/01/2020,NC,R16,3,1,MELLEN_James,USA,,27,2,10.542,68.29823563,6.34,6.479,19.425,6.473,2,0.139,,
Milton,2020,26/01/2020,NC,R16,4,1,SZALONTAY_Sandor,HUN,,11,1,10.48,68.70229008,17.411,18.212,23.492,2.64,1,0.801,,
Milton,2020,26/01/2020,NC,R16,4,1,HINZE_Carl,GER,,26,2,10.689,67.35896716,9,5.972,18.538,6.283,2,-3.028,,
Milton,2020,26/01/2020,NC,R16,5,1,XU_Chao,CHN,,6,1,10.392,69.28406467,24.635,25.084,30.2,2.558,1,0.449,,
Milton,2020,26/01/2020,NC,R16,5,1,JAGER_Julien,GER,,25,2,12.516,57.52636625,9,7.717,21.255,6.769,2,-1.283,,
Milton,2020,26/01/2020,NC,R16,6,1,PERALTA_Juan,ESP,29.71506849,12,1,10.308,69.84866123,9,13.436,27.808,7.186,1,4.436,,
Milton,2020,26/01/2020,NC,R16,6,1,RAMIREZ_MORALES_Santiago,COL,25.5369863,24,2,10.516,68.46709776,6.821,6.245,16.351,5.053,2,-0.576,,
Milton,2020,26/01/2020,NC,R16,7,1,LENDEL_Vasilijus,LTU,24.81643836,7,1,10.461,68.82707198,21.736,22.477,27.629,2.576,1,0.741,,
Milton,2020,26/01/2020,NC,R16,7,1,SHARAPOV_Alexander,RUS,25.90958904,23,2,10.486,68.66297921,14.283,13.337,22.519,4.591,2,-0.946,,
Milton,2020,26/01/2020,NC,R16,8,1,QUINTERO_CHAVARRO_Kevin_Santiago,COL,21.26027397,15,1,10.378,69.37752939,11.412,14.454,21.436,3.491,2,3.042,,
Milton,2020,26/01/2020,NC,R16,8,1,BARRETTE_Hugo,CAN,28.58356164,18,2,10.384,69.33744222,16.49,15.483,21.103,2.81,1,-1.007,,
Milton,2020,26/01/2020,NC,R16,9,1,AMAGAI_Kazuki,JPN,120.1534247,8,1,10.465,68.80076445,9,17.301,30.245,6.472,2,8.301,,
Milton,2020,26/01/2020,NC,R16,9,1,KELEMEN_Pavel,CZE,120.1534247,22,2,10.695,67.32117812,18.884,18.449,23.703,2.627,1,-0.435,,
Milton,2020,26/01/2020,NC,R16,10,1,LAW_Tsz_Chun,HKG,,4,1,10.492,68.62371331,3.747,8.411,17.903,4.746,2,4.664,,
Milton,2020,26/01/2020,NC,R16,10,1,SHURSHIN_Nikita,RUS,120.1534247,21,2,10.516,68.46709776,7.744,4.36,15.486,5.563,1,-3.384,,
Milton,2020,26/01/2020,NC,R16,11,1,ZHOU_Yu,CHN,21.07123288,13,1,10.336,69.65944272,4.653,8.288,16.942,4.327,2,3.635,,
Milton,2020,26/01/2020,NC,R16,11,1,CECHMAN_Martin,CZE,,20,2,10.583,68.03363885,6.909,5.572,13.65,4.039,1,-1.337,,
Milton,2020,26/01/2020,NC,R16,12,1,MORENO_SANCHEZ_Jose,ESP,26.20547945,14,1,10.245,70.27818448,9.058,14.61,21.53,3.46,2,5.552,,
Milton,2020,26/01/2020,NC,R16,12,1,PAUL_Nicholas,TTO,21.35616438,19,2,10.667,67.49789069,24.488,23.313,27.505,2.096,1,-1.175,,
Milton,2020,26/01/2020,NC,R8,1,1,RUDYK_Mateusz,POL,24.5369863,1,1,9.967,72.23838668,33.595,33.606,36.084,1.239,1,0.011,,
Milton,2020,26/01/2020,NC,R8,1,1,MORENO_SANCHEZ_Jose,ESP,26.20547945,14,2,10.635,67.70098731,14.61,14.61,21.432,3.411,2,0,,
Milton,2020,26/01/2020,NC,R8,2,1,CALEYRON_Quentin,FRA,,2,1,10.257,70.19596373,21.922,22.177,27.061,2.442,1,0.255,,
Milton,2020,26/01/2020,NC,R8,2,1,ZHOU_Yu,CHN,21.07123288,13,2,10.704,67.26457399,8.288,8.185,16.403,4.109,2,-0.103,,
Milton,2020,26/01/2020,NC,R8,3,1,LAW_Tsz_Chun,HKG,,4,1,10.392,69.28406467,8.411,11.286,19.996,4.355,1,2.875,,
Milton,2020,26/01/2020,NC,R8,3,1,WAMMES_Nick,PTM,20.27945205,9,2,10.437,68.98534062,6.419,4.649,15.249,5.3,2,-1.77,,
Milton,2020,26/01/2020,NC,R8,4,1,AMAGAI_Kazuki,JPN,120.1534247,8,1,10.437,68.98534062,17.301,20.828,32.362,5.767,1,3.527,,
Milton,2020,26/01/2020,NC,R8,4,1,OBARA_Yuta,JPN,23.92328767,10,2,10.454,68.8731586,13.83,13.163,23.109,4.973,2,-0.667,,
Milton,2020,26/01/2020,NC,R8,5,1,HELAL_Rayan,FRA,21.02739726,3,1,10.23,70.38123167,27.83,28.032,33.066,2.517,1,0.202,,
Milton,2020,26/01/2020,NC,R8,5,1,QUINTERO_CHAVARRO_Kevin_Santiago,COL,21.26027397,15,2,10.268,70.12076354,14.454,14.4,21.194,3.397,2,-0.054,,
Milton,2020,26/01/2020,NC,R8,6,1,LENDEL_Vasilijus,LTU,24.81643836,7,1,10.409,69.17090979,22.477,23.624,28.608,2.492,1,1.147,,
Milton,2020,26/01/2020,NC,R8,6,1,ALEXANDER_Quincy,TTO,,16,2,10.553,68.22704444,21.115,18.166,27.808,4.821,2,-2.949,,
Milton,2020,26/01/2020,NC,R8,7,1,BRISTER_James,AUS,,5,1,10.036,71.74172977,28.775,29.385,35.695,3.155,1,0.61,,
Milton,2020,26/01/2020,NC,R8,7,1,PERALTA_Juan,ESP,29.71506849,12,2,10.09,71.35777998,13.436,13.129,25.599,6.235,2,-0.307,,
Milton,2020,26/01/2020,NC,R8,8,1,XU_Chao,CHN,,6,1,10.327,69.72015106,25.084,25.549,30.523,2.487,1,0.465,,
Milton,2020,26/01/2020,NC,R8,8,1,SZALONTAY_Sandor,HUN,,11,2,10.357,69.51820025,18.212,18.026,23.148,2.561,2,-0.186,,
Milton,2020,26/01/2020,NC,QF,1,1,RUDYK_Mateusz,POL,24.5369863,1,1,10.335,69.66618287,33.606,33.713,36.177,1.232,1,0.107,,
Milton,2020,26/01/2020,NC,QF,1,1,XU_Chao,CHN,,6,2,10.448,68.91271057,25.549,25.337,30.149,2.406,2,-0.212,,
Milton,2020,26/01/2020,NC,QF,2,1,CALEYRON_Quentin,FRA,,2,1,10.297,69.92327862,22.177,23.918,28.558,2.32,2,1.741,,
Milton,2020,26/01/2020,NC,QF,2,1,BRISTER_James,AUS,,5,2,10.359,69.50477845,29.385,27.425,33.197,2.886,1,-1.96,,
Milton,2020,26/01/2020,NC,QF,3,1,LAW_Tsz_Chun,HKG,,4,1,10.464,68.80733945,11.286,18.605,25.683,3.539,2,7.319,,
Milton,2020,26/01/2020,NC,QF,3,1,LENDEL_Vasilijus,LTU,24.81643836,7,2,10.544,68.28528073,23.624,23.682,28.254,2.286,1,0.058,,
Milton,2020,26/01/2020,NC,QF,4,1,HELAL_Rayan,FRA,21.02739726,3,2,10.821,66.53728861,28.032,26.914,31.526,2.306,1,-1.118,,
Milton,2020,26/01/2020,NC,QF,4,1,AMAGAI_Kazuki,JPN,120.1534247,8,1,10.25,70.24390244,20.828,26.7,34.794,4.047,1,5.872,,
Milton,2020,26/01/2020,NC,QF,1,2,RUDYK_Mateusz,POL,24.5369863,1,1,10.797,66.68519033,33.713,33.739,36.169,1.215,1,0.026,,
Milton,2020,26/01/2020,NC,QF,1,2,XU_Chao,CHN,,6,2,13.496,53.34914049,25.337,25.118,29.756,2.319,2,-0.219,,
Milton,2020,26/01/2020,NC,QF,2,2,CALEYRON_Quentin,FRA,,2,1,10.038,71.72743574,23.918,25.16,29.6,2.22,2,1.242,,
Milton,2020,26/01/2020,NC,QF,2,2,BRISTER_James,AUS,,5,2,11.636,61.87693365,27.425,26.207,31.585,2.689,1,-1.218,,
Milton,2020,26/01/2020,NC,QF,3,2,LAW_Tsz_Chun,HKG,,4,1,10.641,67.66281365,18.605,21.165,27.603,3.219,2,2.56,,
Milton,2020,26/01/2020,NC,QF,3,2,LENDEL_Vasilijus,LTU,24.81643836,7,2,10.69,67.35266604,23.682,23.046,27.452,2.203,1,-0.636,,
Milton,2020,26/01/2020,NC,QF,4,2,HELAL_Rayan,FRA,21.02739726,3,1,10.325,69.73365617,26.914,27.9,32.352,2.226,1,0.986,,
Milton,2020,26/01/2020,NC,QF,4,2,AMAGAI_Kazuki,JPN,120.1534247,8,2,10.766,66.87720602,26.7,25.073,32.251,3.589,2,-1.627,,
Milton,2020,26/01/2020,NC,QF,4,3,HELAL_Rayan,FRA,21.02739726,3,1,10.496,68.59756098,27.9,29.127,33.337,2.105,1,1.227,,
Milton,2020,26/01/2020,NC,QF,4,3,AMAGAI_Kazuki,JPN,120.1534247,8,2,10.598,67.93734667,25.073,26.294,32.288,2.997,2,1.221,,
Milton,2020,26/01/2020,NC,SF,1,1,RUDYK_Mateusz,POL,24.5369863,1,2,10.239,70.31936713,33.739,33.486,35.87,1.192,1,-0.253,,
Milton,2020,26/01/2020,NC,SF,1,1,HELAL_Rayan,FRA,21.02739726,3,1,10.219,70.45699188,29.127,29.18,33.144,1.982,1,0.053,,
Milton,2020,26/01/2020,NC,SF,2,1,CALEYRON_Quentin,FRA,,2,1,10.185,70.6921944,25.16,26.066,30.216,2.075,1,0.906,,
Milton,2020,26/01/2020,NC,SF,2,1,LAW_Tsz_Chun,HKG,,4,2,11.067,65.05828138,21.165,20.777,26.759,2.991,2,-0.388,,
Milton,2020,26/01/2020,NC,SF,1,2,RUDYK_Mateusz,POL,24.5369863,1,1,10.312,69.82156711,33.486,33.625,35.987,1.181,1,0.139,,
Milton,2020,26/01/2020,NC,SF,1,2,HELAL_Rayan,FRA,21.02739726,3,2,REL,,29.18,28.966,32.714,1.874,2,-0.214,,
Milton,2020,26/01/2020,NC,SF,2,2,CALEYRON_Quentin,FRA,,2,2,10.32,69.76744186,26.066,26.431,30.335,1.952,1,0.365,,
Milton,2020,26/01/2020,NC,SF,2,2,LAW_Tsz_Chun,HKG,,4,1,10.293,69.95045176,20.777,23.961,29.209,2.624,1,3.184,,
Milton,2020,26/01/2020,NC,SF,1,3,RUDYK_Mateusz,POL,24.5369863,1,1,10.206,70.54673721,33.625,33.521,35.839,1.159,1,-0.104,,
Milton,2020,26/01/2020,NC,SF,1,3,HELAL_Rayan,FRA,21.02739726,3,2,10.221,70.44320517,28.966,28.514,32.122,1.804,2,-0.452,,
Milton,2020,26/01/2020,NC,SF,2,3,CALEYRON_Quentin,FRA,,2,1,10.308,69.84866123,26.431,26.962,30.766,1.902,1,0.531,,
Milton,2020,26/01/2020,NC,SF,2,3,LAW_Tsz_Chun,HKG,,4,2,12.875,55.9223301,23.961,23.434,28.43,2.498,2,-0.527,,
Milton,2020,26/01/2020,NC,F,G,1,RUDYK_Mateusz,POL,24.5369863,1,1,10.388,69.31074317,33.521,33.622,35.928,1.153,1,0.101,,
Milton,2020,26/01/2020,NC,F,G,1,CALEYRON_Quentin,FRA,,2,2,10.469,68.77447703,26.962,26.8,30.526,1.863,2,-0.162,,
Milton,2020,26/01/2020,NC,F,B,1,HELAL_Rayan,FRA,21.02739726,3,1,10.581,68.04649844,28.514,28.846,32.386,1.77,1,0.332,,
Milton,2020,26/01/2020,NC,F,B,1,LAW_Tsz_Chun,HKG,,4,2,10.619,67.80299463,23.434,23.116,27.924,2.404,2,-0.318,,
Milton,2020,26/01/2020,NC,F,G,2,RUDYK_Mateusz,POL,24.5369863,1,1,10.29,69.97084548,33.622,33.718,36.012,1.147,1,0.096,,
Milton,2020,26/01/2020,NC,F,G,2,CALEYRON_Quentin,FRA,,2,2,10.413,69.14433881,26.8,26.653,30.309,1.828,2,-0.147,,
Milton,2020,26/01/2020,NC,F,B,2,HELAL_Rayan,FRA,21.02739726,3,1,10.343,69.61229817,28.846,29.133,32.613,1.74,1,0.287,,
Milton,2020,26/01/2020,NC,F,B,2,LAW_Tsz_Chun,HKG,,4,2,11.233,64.09685747,23.116,22.856,27.506,2.325,2,-0.26,,
Berlin,2020,29/02/2020,WCH,R16,1,1,AWANG_Mohd_Azizulhasni,MAS,120.2465753,3,1,9.976,72.17321572,19.826,22.17,28.96,3.395,2,2.344,,
Berlin,2020,29/02/2020,WCH,R16,1,1,LENDEL_Vasilijus,LTU,24.90958904,28,2,10.255,70.20965383,23.046,22.594,26.868,2.137,1,-0.452,,
Berlin,2020,29/02/2020,WCH,R16,2,1,PAUL_Nicholas,TTO,21.44931507,10,1,10.088,71.37192704,23.313,23.447,27.605,2.079,1,0.134,,
Berlin,2020,29/02/2020,WCH,R16,2,1,HSIEH_Nien_Hsing,TPE,21.19726027,27,2,10.181,70.71996857,5.1,5.106,15.274,5.084,2,0.006,,
Berlin,2020,29/02/2020,WCH,R16,3,1,KENNY_Jason,GBR,,11,1,10.234,70.35372288,22.898,24.422,30.202,2.89,2,1.524,,
Berlin,2020,29/02/2020,WCH,R16,3,1,MITCHELL_Ethan,NZL,120.2465753,26,2,11.493,62.6468285,24.452,24.074,28.042,1.984,1,-0.378,,
Berlin,2020,29/02/2020,WCH,R16,4,1,NITTA_Yudai,JPN,120.2465753,5,1,9.983,72.12260843,26.899,27.124,32.132,2.504,1,0.225,,
Berlin,2020,29/02/2020,WCH,R16,4,1,LIGTLEE_Sam,NED,22.23013699,25,2,10.033,71.7631815,6.262,6.344,19.264,6.46,2,0.082,,
Berlin,2020,29/02/2020,WCH,R16,5,1,CALEYRON_Quentin,FRA,,12,1,10.218,70.46388726,26.653,27.156,30.724,1.784,1,0.503,,
Berlin,2020,29/02/2020,WCH,R16,5,1,XU_Chao,CHN,,24,2,10.383,69.3441202,25.118,24.637,29.089,2.226,2,-0.481,,
Berlin,2020,29/02/2020,WCH,R16,6,1,BOTTICHER_Stefan,GER,,6,1,10.135,71.04094721,19.862,20.694,26.37,2.838,1,0.832,,
Berlin,2020,29/02/2020,WCH,R16,6,1,QUINTERO_CHAVARRO_Kevin_Santiago,COL,21.35342466,23,2,10.17,70.79646018,14.4,13.992,20.416,3.212,2,-0.408,,
Berlin,2020,29/02/2020,WCH,R16,7,1,BUCHLI_Matthijs,NED,,7,1,10.3,69.90291262,31.555,31.567,35.305,1.869,1,0.012,,
Berlin,2020,29/02/2020,WCH,R16,7,1,ZHOU_Yu,CHN,21.16438356,22,2,10.341,69.62576153,8.185,8.201,16.357,4.078,2,0.016,,
Berlin,2020,29/02/2020,WCH,R16,8,1,TJON_EN_FA_Jair,SUR,26.38082192,16,1,10.094,71.32950267,26.238,27.072,30.766,1.847,2,0.834,,
Berlin,2020,29/02/2020,WCH,R16,8,1,VIGIER_Sebastien,FRA,,17,2,10.1,71.28712871,29.907,29.372,32.894,1.761,1,-0.535,,
Berlin,2020,29/02/2020,WCH,R16,9,1,FUKAYA_Tomohiro,JPN,120.2465753,8,1,9.998,72.01440288,32.34,32.444,35.822,1.689,1,0.104,,
Berlin,2020,29/02/2020,WCH,R16,9,1,PERALTA_Juan,ESP,29.80821918,21,2,10.092,71.34363853,13.129,13.125,24.439,5.657,2,-0.004,,
Berlin,2020,29/02/2020,WCH,R16,10,1,SAHROM_Muhammad_Shah_Firdaus,MAS,24.27671233,13,1,9.931,72.50025174,13.102,18.297,24.687,3.195,2,5.195,,
Berlin,2020,29/02/2020,WCH,R16,10,1,CARLIN_Jack,GBR,22.86849315,20,2,9.963,72.26738934,29.998,28.862,32.654,1.896,1,-1.136,,
Berlin,2020,29/02/2020,WCH,R16,11,1,WEBSTER_Sam,NZL,28.64383562,14,1,9.993,72.0504353,28.958,29.118,33.24,2.061,1,0.16,,
Berlin,2020,29/02/2020,WCH,R16,11,1,SZALONTAY_Sandor,HUN,,19,2,10.089,71.36485281,18.026,17.956,22.982,2.513,2,-0.07,,
Berlin,2020,29/02/2020,WCH,R16,12,1,HART_Nathan,AUS,120.2465753,15,1,10.005,71.96401799,28.865,29.086,33.316,2.115,1,0.221,,
Berlin,2020,29/02/2020,WCH,R16,12,1,RICHARDSON_Matthew,AUS,20.88493151,18,2,10.077,71.44983626,13.198,13.045,23.365,5.16,2,-0.153,,
Berlin,2020,29/02/2020,WCH,R8,1,1,LAVREYSEN_Harrie,NED,22.97808219,1,1,9.948,72.37635706,39.594,39.67,42.53,1.43,1,0.076,,
Berlin,2020,29/02/2020,WCH,R8,1,1,HART_Nathan,AUS,120.2465753,15,2,10.295,69.93686255,29.086,29.018,33.186,2.084,2,-0.068,,
Berlin,2020,29/02/2020,WCH,R8,2,1,HOOGLAND_Jeffrey,NED,26.97534247,2,1,9.808,73.40946166,35.934,36.075,38.789,1.357,1,0.141,,
Berlin,2020,29/02/2020,WCH,R8,2,1,WEBSTER_Sam,NZL,28.64383562,14,2,9.857,73.04453688,29.118,28.948,32.976,2.014,2,-0.17,,
Berlin,2020,29/02/2020,WCH,R8,3,1,RUDYK_Mateusz,POL,24.63013699,4,1,9.945,72.39819005,33.718,33.743,36.037,1.147,1,0.025,,
Berlin,2020,29/02/2020,WCH,R8,3,1,SAHROM_Muhammad_Shah_Firdaus,MAS,24.27671233,13,2,9.946,72.39091092,18.297,18.257,24.497,3.12,2,-0.04,,
Berlin,2020,29/02/2020,WCH,R8,4,1,FUKAYA_Tomohiro,JPN,120.2465753,8,1,9.782,73.60457984,32.444,32.645,35.979,1.667,1,0.201,,
Berlin,2020,29/02/2020,WCH,R8,4,1,DMITRIEV_Denis,RUS,33.96164384,9,2,10.178,70.74081352,24.719,24.527,29.377,2.425,2,-0.192,,
Berlin,2020,29/02/2020,WCH,R8,5,1,AWANG_Mohd_Azizulhasni,MAS,120.2465753,3,1,10.145,70.97092164,22.17,24.456,30.664,3.104,2,2.286,,
Berlin,2020,29/02/2020,WCH,R8,5,1,TJON_EN_FA_Jair,SUR,26.38082192,16,2,10.265,70.1412567,27.072,26.655,30.261,1.803,1,-0.417,,
Berlin,2020,29/02/2020,WCH,R8,6,1,BUCHLI_Matthijs,NED,,7,1,10.191,70.65057404,31.567,31.758,35.446,1.844,1,0.191,,
Berlin,2020,29/02/2020,WCH,R8,6,1,PAUL_Nicholas,TTO,21.44931507,10,2,10.239,70.31936713,23.447,23.344,27.43,2.043,2,-0.103,,
Berlin,2020,29/02/2020,WCH,R8,7,1,BOTTICHER_Stefan,GER,,6,1,10.053,71.62041182,20.694,22.443,27.773,2.665,2,1.749,,
Berlin,2020,29/02/2020,WCH,R8,7,1,KENNY_Jason,GBR,,11,2,10.1,71.28712871,24.422,23.333,28.747,2.707,1,-1.089,,
Berlin,2020,29/02/2020,WCH,R8,8,1,NITTA_Yudai,JPN,120.2465753,5,1,10.003,71.97840648,27.124,28.038,32.826,2.394,2,0.914,,
Berlin,2020,29/02/2020,WCH,R8,8,1,CALEYRON_Quentin,FRA,,12,2,10.074,71.47111376,27.156,26.879,30.371,1.746,1,-0.277,,
Berlin,2020,29/02/2020,WCH,QF,1,1,LAVREYSEN_Harrie,NED,22.97808219,1,1,9.974,72.18768799,39.67,39.737,42.583,1.423,1,0.067,,
Berlin,2020,29/02/2020,WCH,QF,1,1,NITTA_Yudai,JPN,120.2465753,5,2,10.08,71.42857143,28.038,27.971,32.677,2.353,2,-0.067,,
Berlin,2020,29/02/2020,WCH,QF,2,1,HOOGLAND_Jeffrey,NED,26.97534247,2,1,9.89,72.8008089,36.075,36.118,38.824,1.353,1,0.043,,
Berlin,2020,29/02/2020,WCH,QF,2,1,BOTTICHER_Stefan,GER,,6,2,10.016,71.88498403,22.443,22.397,27.637,2.62,2,-0.046,,
Berlin,2020,29/02/2020,WCH,QF,3,1,RUDYK_Mateusz,POL,24.63013699,4,1,10.085,71.39315816,33.743,33.932,36.208,1.138,1,0.189,,
Berlin,2020,29/02/2020,WCH,QF,3,1,BUCHLI_Matthijs,NED,,7,2,10.216,70.47768207,31.758,31.417,35.005,1.794,2,-0.341,,
Berlin,2020,29/02/2020,WCH,QF,4,1,AWANG_Mohd_Azizulhasni,MAS,120.2465753,3,1,9.998,72.01440288,24.456,26.986,32.674,2.844,2,2.53,,
Berlin,2020,29/02/2020,WCH,QF,4,1,FUKAYA_Tomohiro,JPN,120.2465753,8,2,10.081,71.42148596,32.645,32.138,35.398,1.63,1,-0.507,,
Berlin,2020,29/02/2020,WCH,QF,1,2,LAVREYSEN_Harrie,NED,22.97808219,1,1,9.783,73.59705612,39.737,39.799,42.633,1.417,1,0.062,,
Berlin,2020,29/02/2020,WCH,QF,1,2,NITTA_Yudai,JPN,120.2465753,5,2,9.934,72.47835716,27.971,27.91,32.54,2.315,2,-0.061,,
Berlin,2020,29/02/2020,WCH,QF,2,2,HOOGLAND_Jeffrey,NED,26.97534247,2,1,9.776,73.6497545,36.118,36.158,38.858,1.35,1,0.04,,
Berlin,2020,29/02/2020,WCH,QF,2,2,BOTTICHER_Stefan,GER,,6,2,9.926,72.53677211,22.397,22.355,27.511,2.578,2,-0.042,,
Berlin,2020,29/02/2020,WCH,QF,3,2,RUDYK_Mateusz,POL,24.63013699,4,1,10.073,71.47820907,33.932,34.106,36.364,1.129,1,0.174,,
Berlin,2020,29/02/2020,WCH,QF,3,2,BUCHLI_Matthijs,NED,,7,2,10.258,70.18912069,31.417,31.118,34.618,1.75,2,-0.299,,
Berlin,2020,29/02/2020,WCH,QF,4,2,AWANG_Mohd_Azizulhasni,MAS,120.2465753,3,1,10.071,71.49240393,26.986,28.75,34.056,2.653,2,1.764,,
Berlin,2020,29/02/2020,WCH,QF,4,2,FUKAYA_Tomohiro,JPN,120.2465753,8,2,10.071,71.49240393,32.138,31.749,34.943,1.597,1,-0.389,,
Berlin,2020,29/02/2020,WCH,SF,1,1,LAVREYSEN_Harrie,NED,22.97808219,1,1,9.842,73.15586263,39.799,39.883,42.701,1.409,1,0.084,,
Berlin,2020,29/02/2020,WCH,SF,1,1,AWANG_Mohd_Azizulhasni,MAS,120.2465753,3,2,10.317,69.78772899,28.75,28.645,33.817,2.586,2,-0.105,,
Berlin,2020,29/02/2020,WCH,SF,2,1,HOOGLAND_Jeffrey,NED,26.97534247,2,1,9.761,73.76293413,36.158,36.376,39.044,1.334,1,0.218,,
Berlin,2020,29/02/2020,WCH,SF,2,1,RUDYK_Mateusz,POL,24.63013699,4,2,10.414,69.13769925,34.106,33.992,36.234,1.121,2,-0.114,,
Berlin,2020,29/02/2020,WCH,SF,1,2,LAVREYSEN_Harrie,NED,22.97808219,1,1,9.904,72.69789984,39.883,39.96,42.764,1.402,1,0.077,,
Berlin,2020,29/02/2020,WCH,SF,1,2,AWANG_Mohd_Azizulhasni,MAS,120.2465753,3,2,10.234,70.35372288,28.645,28.551,33.605,2.527,2,-0.094,,
Berlin,2020,29/02/2020,WCH,SF,2,2,HOOGLAND_Jeffrey,NED,26.97534247,2,1,9.808,73.40946166,36.376,36.579,39.217,1.319,1,0.203,,
Berlin,2020,29/02/2020,WCH,SF,2,2,RUDYK_Mateusz,POL,24.63013699,4,2,9.921,72.5733293,33.992,33.883,36.111,1.114,2,-0.109,,
Berlin,2020,29/02/2020,WCH,F,G,1,LAVREYSEN_Harrie,NED,22.97808219,1,1,9.79,73.54443309,39.96,40.164,42.934,1.385,1,0.204,,
Berlin,2020,29/02/2020,WCH,F,G,1,HOOGLAND_Jeffrey,NED,26.97534247,2,2,9.854,73.06677491,36.579,36.455,39.067,1.306,2,-0.124,,
Berlin,2020,29/02/2020,WCH,F,B,1,AWANG_Mohd_Azizulhasni,MAS,120.2465753,3,1,10.145,70.97092164,28.551,29.955,34.725,2.385,2,1.404,,
Berlin,2020,29/02/2020,WCH,F,B,1,RUDYK_Mateusz,POL,24.63013699,4,2,10.145,70.97092164,33.883,33.682,35.892,1.105,1,-0.201,,
Berlin,2020,29/02/2020,WCH,F,G,2,LAVREYSEN_Harrie,NED,22.97808219,1,1,9.691,74.29573831,40.164,40.351,43.091,1.37,1,0.187,,
Berlin,2020,29/02/2020,WCH,F,G,2,HOOGLAND_Jeffrey,NED,26.97534247,2,2,9.886,72.83026502,36.455,36.339,38.927,1.294,2,-0.116,,
Berlin,2020,29/02/2020,WCH,F,B,2,AWANG_Mohd_Azizulhasni,MAS,120.2465753,3,1,10.089,71.36485281,29.955,31.063,35.603,2.27,2,1.108,,
Berlin,2020,29/02/2020,WCH,F,B,2,RUDYK_Mateusz,POL,24.63013699,4,2,10.942,65.80149881,33.682,33.509,35.703,1.097,1,-0.173,,
Hong_Kong,2021,16/05/2021,NC,R16,1,1,MATSUI_Koyu,RKD,28.66027397,4,1,10.5,68.57142857,9,15.054,29.396,7.171,1,6.054,,
Hong_Kong,2021,16/05/2021,NC,R16,1,1,MOHAMED_YUSOFF_Mohamed_Elyas,SIN,24.9260274,21,2,10.646,67.63103513,9,6.262,20.604,7.171,1,-2.738,,
Hong_Kong,2021,16/05/2021,NC,R16,2,1,LAW_Tsz_Chun,HKG,,8,1,10.65,67.6056338,22.856,23.281,27.865,2.292,1,0.425,,
Hong_Kong,2021,16/05/2021,NC,R16,2,1,MASRI_Amar_Danial,MAS,,20,2,10.712,67.21433906,9,7.266,20.398,6.566,2,-1.734,,
Hong_Kong,2021,16/05/2021,NC,R16,3,1,JONAUSKAS_Svajunas,LTU,,14,1,10.78,66.7903525,6.262,12.515,25.045,6.265,2,6.253,,
Hong_Kong,2021,16/05/2021,NC,R16,3,1,DANYLCHUK_Bohdan,UKR,19,19,2,10.879,66.18255354,9,5.259,19.003,6.872,1,-3.741,,
Hong_Kong,2021,16/05/2021,NC,R16,4,1,SAHROM_Muhammad_Ridwan,MAS,20.20821918,16,1,10.74,67.03910615,9,15.054,29.396,7.171,1,6.054,,
Hong_Kong,2021,16/05/2021,NC,R16,4,1,SZABO_Norbert,ROU,27.78356164,17,2,10.85,66.359447,9,6.262,20.604,7.171,1,-2.738,,
Hong_Kong,2021,16/05/2021,NC,R16,5,1,TO_Cheuk_Hei,HKG,21.84657534,15,1,11.031,65.27060103,9,15.054,29.396,7.171,1,6.054,,
Hong_Kong,2021,16/05/2021,NC,R16,5,1,DENYSENKO_Vladyslav,UKR,20.40821918,18,2,11.099,64.87070907,9,6.262,20.604,7.171,1,-2.738,,
Hong_Kong,2021,16/05/2021,NC,R8,1,1,WAKIMOTO_Yuta,JPN,121.4575342,2,1,10.152,70.92198582,19.935,21.688,28.836,3.574,1,1.753,,
Hong_Kong,2021,16/05/2021,NC,R8,1,1,TO_Cheuk_Hei,HKG,21.84657534,15,2,11.175,64.4295302,15.054,12.86,24.386,5.763,2,-2.194,,
Hong_Kong,2021,16/05/2021,NC,R8,2,1,NITTA_Yudai,JPN,121.4575342,1,1,10.328,69.71340046,27.91,28.348,32.902,2.277,1,0.438,,
Hong_Kong,2021,16/05/2021,NC,R8,2,1,SAHROM_Muhammad_Ridwan,MAS,20.20821918,16,2,10.413,69.14433881,15.054,14.144,25.928,5.892,2,-0.91,,
Hong_Kong,2021,16/05/2021,NC,R8,3,1,FUKAYA_Tomohiro,DSR,121.4575342,3,1,10.551,68.23997725,31.749,31.842,35.022,1.59,1,0.093,,
Hong_Kong,2021,16/05/2021,NC,R8,3,1,JONAUSKAS_Svajunas,LTU,,14,2,10.654,67.58025155,12.515,12.503,23.831,5.664,2,-0.012,,
Hong_Kong,2021,16/05/2021,NC,R8,4,1,LAW_Tsz_Chun,HKG,,8,1,10.534,68.35010442,23.281,23.682,28.204,2.261,1,0.401,,
Hong_Kong,2021,16/05/2021,NC,R8,4,1,YAMASAKI_Kento,RKD,28.43013699,9,2,REL,,9,7.349,20.531,6.591,2,-1.651,,
Hong_Kong,2021,16/05/2021,NC,R8,5,1,MATSUI_Koyu,RKD,28.66027397,4,1,10.471,68.76134085,15.054,19.553,32.085,6.266,1,4.499,,
Hong_Kong,2021,16/05/2021,NC,R8,5,1,PERALTA_Juan,ESP,31.01917808,10,2,10.475,68.73508353,13.125,12.317,22.765,5.224,2,-0.808,,
Hong_Kong,2021,16/05/2021,NC,R8,6,1,ANGSUTHASAWIT_Jai,THA,26.2630137,7,1,10.242,70.29876977,9,15.054,29.396,7.171,1,6.054,,
Hong_Kong,2021,16/05/2021,NC,R8,6,1,SHINZAN_Kyohei,BGT,27.55342466,11,2,10.332,69.68641115,9,6.262,20.604,7.171,1,-2.738,,
Hong_Kong,2021,16/05/2021,NC,R8,7,1,NAKANO_Shinji,DSR,21.95342466,5,1,10.389,69.30407161,9,15.054,29.396,7.171,1,6.054,,
Hong_Kong,2021,16/05/2021,NC,R8,7,1,MARTINEZ_CHORRO_Alejandro,ESP,22.98356164,13,2,10.518,68.45407872,9,6.262,20.604,7.171,1,-2.738,,
Hong_Kong,2021,16/05/2021,NC,R8,8,1,MOHD_ZONIS_Muhammad_Fadhil,SDF,23.46575342,6,1,10.262,70.16176184,9,18.936,31.418,6.241,2,9.936,,
Hong_Kong,2021,16/05/2021,NC,R8,8,1,LENDEL_Vasilijus,LTU,26.12054795,12,2,10.441,68.95891198,22.594,22.231,26.445,2.107,1,-0.363,,
Hong_Kong,2021,16/05/2021,NC,QF,1,1,WAKIMOTO_Yuta,JPN,121.4575342,2,1,10.276,70.06617361,21.688,23.497,30.263,3.383,1,1.809,,
Hong_Kong,2021,16/05/2021,NC,QF,1,1,MOHD_ZONIS_Muhammad_Fadhil,SDF,23.46575342,6,2,10.295,69.93686255,18.936,16.763,27.067,5.152,2,-2.173,,
Hong_Kong,2021,16/05/2021,NC,QF,2,1,NITTA_Yudai,JPN,121.4575342,1,1,10.554,68.22057987,28.348,28.759,33.241,2.241,1,0.411,,
Hong_Kong,2021,16/05/2021,NC,QF,2,1,NAKANO_Shinji,DSR,21.95342466,5,2,10.594,67.96299792,15.054,14.216,26.042,5.913,2,-0.838,,
Hong_Kong,2021,16/05/2021,NC,QF,3,1,FUKAYA_Tomohiro,DSR,121.4575342,3,1,10.311,69.82833867,31.842,31.994,35.156,1.581,1,0.152,,
Hong_Kong,2021,16/05/2021,NC,QF,3,1,ANGSUTHASAWIT_Jai,THA,26.2630137,7,2,10.386,69.32409012,15.054,14.626,26.668,6.021,2,-0.428,,
Hong_Kong,2021,16/05/2021,NC,QF,4,1,MATSUI_Koyu,RKD,28.66027397,4,1,10.216,70.47768207,19.553,24.003,34.679,5.338,2,4.45,,
Hong_Kong,2021,16/05/2021,NC,QF,4,1,LAW_Tsz_Chun,HKG,,8,2,11.06,65.0994575,23.682,23.422,27.866,2.222,1,-0.26,,
Hong_Kong,2021,16/05/2021,NC,QF,1,2,WAKIMOTO_Yuta,JPN,121.4575342,2,1,10.264,70.14809041,23.497,24.643,31.101,3.229,1,1.146,,
Hong_Kong,2021,16/05/2021,NC,QF,1,2,MOHD_ZONIS_Muhammad_Fadhil,SDF,23.46575342,6,2,10.466,68.79419071,16.763,15.952,25.124,4.586,2,-0.811,,
Hong_Kong,2021,16/05/2021,NC,QF,2,2,NITTA_Yudai,JPN,121.4575342,1,1,10.344,69.60556845,28.759,29.05,33.468,2.209,1,0.291,,
Hong_Kong,2021,16/05/2021,NC,QF,2,2,NAKANO_Shinji,DSR,21.95342466,5,2,10.641,67.66281365,14.216,13.936,24.462,5.263,2,-0.28,,
Hong_Kong,2021,16/05/2021,NC,QF,3,2,FUKAYA_Tomohiro,DSR,121.4575342,3,1,10.228,70.39499413,31.994,32.107,35.251,1.572,1,0.113,,
Hong_Kong,2021,16/05/2021,NC,QF,3,2,ANGSUTHASAWIT_Jai,THA,26.2630137,7,2,10.327,69.72015106,14.626,14.501,25.295,5.397,2,-0.125,,
Hong_Kong,2021,16/05/2021,NC,QF,4,2,MATSUI_Koyu,RKD,28.66027397,4,1,10.43,69.0316395,24.003,26.419,36.045,4.813,1,2.416,,
Hong_Kong,2021,16/05/2021,NC,QF,4,2,LAW_Tsz_Chun,HKG,,8,2,10.568,68.13020439,23.422,23.255,27.629,2.187,2,-0.167,,
Hong_Kong,2021,16/05/2021,NC,SF,1,1,WAKIMOTO_Yuta,JPN,121.4575342,2,1,10.11,71.21661721,24.643,26.644,32.718,3.037,2,2.001,,
Hong_Kong,2021,16/05/2021,NC,SF,1,1,MATSUI_Koyu,RKD,28.66027397,4,2,10.293,69.95045176,26.419,24.16,32.454,4.147,1,-2.259,,
Hong_Kong,2021,16/05/2021,NC,SF,2,1,NITTA_Yudai,JPN,121.4575342,1,1,10.178,70.74081352,29.05,30.033,34.267,2.117,2,0.983,,
Hong_Kong,2021,16/05/2021,NC,SF,2,1,FUKAYA_Tomohiro,DSR,121.4575342,3,2,10.455,68.86657102,32.107,31.764,34.846,1.541,1,-0.343,,
Hong_Kong,2021,16/05/2021,NC,SF,1,2,WAKIMOTO_Yuta,JPN,121.4575342,2,1,10.262,70.16176184,26.644,27.936,33.706,2.885,1,1.292,,
Hong_Kong,2021,16/05/2021,NC,SF,1,2,MATSUI_Koyu,RKD,28.66027397,4,2,10.428,69.04487917,24.16,23.112,30.612,3.75,2,-1.048,,
Hong_Kong,2021,16/05/2021,NC,SF,2,2,NITTA_Yudai,JPN,121.4575342,1,1,10.304,69.8757764,30.033,30.836,34.916,2.04,2,0.803,,
Hong_Kong,2021,16/05/2021,NC,SF,2,2,FUKAYA_Tomohiro,DSR,121.4575342,3,2,11.191,64.33741399,31.764,31.476,34.502,1.513,1,-0.288,,
Hong_Kong,2021,16/05/2021,NC,F,G,1,NITTA_Yudai,JPN,121.4575342,1,1,10.291,69.96404625,30.836,31.404,35.374,1.985,1,0.568,,
Hong_Kong,2021,16/05/2021,NC,F,G,1,WAKIMOTO_Yuta,JPN,121.4575342,2,2,10.325,69.73365617,27.936,27.345,32.791,2.723,2,-0.591,,
Hong_Kong,2021,16/05/2021,NC,F,B,1,FUKAYA_Tomohiro,DSR,121.4575342,3,1,10.414,69.13769925,31.476,31.682,34.676,1.497,1,0.206,,
Hong_Kong,2021,16/05/2021,NC,F,B,1,MATSUI_Koyu,RKD,28.66027397,4,2,10.598,67.93734667,23.112,22.615,29.549,3.467,2,-0.497,,
Hong_Kong,2021,16/05/2021,NC,F,G,2,NITTA_Yudai,JPN,121.4575342,1,1,10.289,69.97764603,31.404,31.868,35.742,1.937,1,0.464,,
Hong_Kong,2021,16/05/2021,NC,F,G,2,WAKIMOTO_Yuta,JPN,121.4575342,2,2,10.314,69.80802792,27.345,26.908,32.098,2.595,2,-0.437,,
Hong_Kong,2021,16/05/2021,NC,F,B,2,FUKAYA_Tomohiro,DSR,121.4575342,3,1,10.307,69.85543805,31.682,31.853,34.819,1.483,1,0.171,,
Hong_Kong,2021,16/05/2021,NC,F,B,2,MATSUI_Koyu,RKD,28.66027397,4,2,10.587,68.00793426,22.615,22.266,28.782,3.258,2,-0.349,,
St_Petersburg,2021,11/07/2021,NC,R16,1,1,ROSTOV_Pavel,MCT,,11,1,10.501,68.56489858,6.71,12.437,24.403,5.983,2,5.727,,
St_Petersburg,2021,11/07/2021,NC,R16,1,1,SAFAROV_Alexandr,NCT,,23,2,10.583,68.03363885,9,5.155,18.753,6.799,1,-3.845,,
St_Petersburg,2021,11/07/2021,NC,R16,2,1,JAGER_Julien,GER,,12,1,10.507,68.52574474,7.717,13.18,25.164,5.992,2,5.463,,
St_Petersburg,2021,11/07/2021,NC,R16,2,1,ESOW_Esow,IND,20.35068493,22,2,10.598,67.93734667,9,5.416,19.076,6.83,1,-3.584,,
St_Petersburg,2021,11/07/2021,NC,R16,3,1,CHUGAY_Andrey,KAZ,21.49589041,13,1,10.414,69.13769925,9.977,12.382,21.028,4.323,1,2.405,,
St_Petersburg,2021,11/07/2021,NC,R16,3,1,DANYLCHUK_Bohdan,UKR,19.15342466,21,2,10.464,68.80733945,5.259,3.619,15.161,5.771,2,-1.64,,
St_Petersburg,2021,11/07/2021,NC,R16,4,1,LOVASSY_Patrik_Romeo,HUN,,14,1,10.46,68.83365201,9,15.054,29.396,7.171,1,6.054,,
St_Petersburg,2021,11/07/2021,NC,R16,4,1,HLOVA_Aliaksandr,BLR,21.0630137,20,2,10.593,67.96941376,9,6.262,20.604,7.171,1,-2.738,,
St_Petersburg,2021,11/07/2021,NC,R16,5,1,ZAITSAU_Artsiom,BLR,26.18082192,15,1,10.371,69.42435638,8.326,14.036,26.674,6.319,2,5.71,,
St_Petersburg,2021,11/07/2021,NC,R16,5,1,LAITONJAM_Ronaldo,IND,19.06575342,19,2,11.252,63.98862424,9,5.78,19.666,6.943,1,-3.22,,
St_Petersburg,2021,11/07/2021,NC,R16,6,1,NESTEROV_Dmitry,MCT,,8,1,10.704,67.26457399,9,15.054,29.396,7.171,1,6.054,,
St_Petersburg,2021,11/07/2021,NC,R16,6,1,STOVBETSKYI_Dmytro,UKR,121.6109589,17,2,11.645,61.82911121,9,6.262,20.604,7.171,1,-2.738,,
St_Petersburg,2021,11/07/2021,NC,R16,7,1,JONAUSKAS_Svajunas,LTU,,16,1,10.467,68.78761823,12.503,15.922,26.318,5.198,1,3.419,,
St_Petersburg,2021,11/07/2021,NC,R16,7,1,BIANCHI_Matteo,ITA,19.73424658,18,2,10.524,68.41505131,9,6.095,19.617,6.761,2,-2.905,,
St_Petersburg,2021,11/07/2021,NC,R8,1,1,IAKOVLEV_Mikhail,RUS,20.87123288,2,1,10.396,69.25740669,9,17.184,30.552,6.684,2,8.184,,
St_Petersburg,2021,11/07/2021,NC,R8,1,1,JONAUSKAS_Svajunas,LTU,,16,2,10.547,68.26585759,15.922,14.509,24.157,4.824,1,-1.413,,
St_Petersburg,2021,11/07/2021,NC,R8,2,1,NESTEROV_Dmitry,MCT,,8,1,10.288,69.9844479,15.054,23.175,34.389,5.607,2,8.121,,
St_Petersburg,2021,11/07/2021,NC,R8,2,1,CALEYRON_Quentin,FRA,,9,2,REL,,26.879,26.618,30.074,1.728,1,-0.261,,
St_Petersburg,2021,11/07/2021,NC,R8,3,1,QUINTERO_CHAVARRO_Kevin_Santiago,COL,22.71780822,1,1,10.113,71.19549095,13.992,15.794,21.912,3.059,2,1.802,,
St_Petersburg,2021,11/07/2021,NC,R8,3,1,ZAITSAU_Artsiom,BLR,26.18082192,15,2,10.357,69.51820025,14.036,10.791,20.887,5.048,1,-3.245,,
St_Petersburg,2021,11/07/2021,NC,R8,4,1,DERACHE_Tom,FRA,22.4630137,3,1,10.494,68.61063465,9,17.253,30.997,6.872,2,8.253,,
St_Petersburg,2021,11/07/2021,NC,R8,4,1,LOVASSY_Patrik_Romeo,HUN,,14,2,10.644,67.64374295,15.054,12.425,24.955,6.265,1,-2.629,,
St_Petersburg,2021,11/07/2021,NC,R8,5,1,HOHNE_Anton,GER,,5,1,10.17,70.79646018,9,15.165,28.897,6.866,2,6.165,,
St_Petersburg,2021,11/07/2021,NC,R8,5,1,CHUGAY_Andrey,KAZ,21.49589041,13,2,10.258,70.18912069,12.382,11.713,19.979,4.133,1,-0.669,,
St_Petersburg,2021,11/07/2021,NC,R8,6,1,LENDEL_Vasilijus,LTU,26.2739726,6,1,10.563,68.16245385,22.231,22.696,26.834,2.069,1,0.465,,
St_Petersburg,2021,11/07/2021,NC,R8,6,1,JAGER_Julien,GER,,12,2,10.631,67.72646035,13.18,11.978,22.02,5.021,2,-1.202,,
St_Petersburg,2021,11/07/2021,NC,R8,7,1,SZALONTAY_Sandor,HUN,,4,1,10.236,70.33997655,17.956,18.791,23.675,2.442,1,0.835,,
St_Petersburg,2021,11/07/2021,NC,R8,7,1,ROSTOV_Pavel,MCT,,11,2,10.324,69.74041069,12.437,10.609,20.477,4.934,2,-1.828,,
St_Petersburg,2021,11/07/2021,NC,R8,8,1,RAMIREZ_MORALES_Santiago,COL,26.99452055,7,1,10.308,69.84866123,6.245,10.16,19.46,4.65,2,3.915,,
St_Petersburg,2021,11/07/2021,NC,R8,8,1,BURLAKOV_Danila,RUS,,10,2,10.333,69.67966709,9,3.822,16.546,6.362,1,-5.178,,
St_Petersburg,2021,11/07/2021,NC,QF,1,1,IAKOVLEV_Mikhail,RUS,20.87123288,2,1,10.24,70.3125,17.184,20.567,32.253,5.843,1,3.383,,
St_Petersburg,2021,11/07/2021,NC,QF,1,1,RAMIREZ_MORALES_Santiago,COL,26.99452055,7,2,11.697,61.55424468,10.16,13.181,20.609,3.714,2,3.021,,
St_Petersburg,2021,11/07/2021,NC,QF,2,1,SZALONTAY_Sandor,HUN,,4,2,10.589,67.99508924,18.791,18.515,23.131,2.308,1,-0.276,,
St_Petersburg,2021,11/07/2021,NC,QF,2,1,NESTEROV_Dmitry,MCT,,8,1,10.586,68.01435859,23.175,22.802,30.862,4.03,1,-0.373,,
St_Petersburg,2021,11/07/2021,NC,QF,3,1,QUINTERO_CHAVARRO_Kevin_Santiago,COL,22.71780822,1,1,10.105,71.25185552,15.794,18.857,24.359,2.751,2,3.063,,
St_Petersburg,2021,11/07/2021,NC,QF,3,1,LENDEL_Vasilijus,LTU,26.2739726,6,2,10.246,70.2713254,22.696,22.211,26.195,1.992,1,-0.485,,
St_Petersburg,2021,11/07/2021,NC,QF,4,1,DERACHE_Tom,FRA,22.4630137,3,1,10.127,71.09706725,17.253,21.888,34.004,6.058,1,4.635,,
St_Petersburg,2021,11/07/2021,NC,QF,4,1,HOHNE_Anton,GER,,5,2,10.157,70.88707295,15.165,13.788,25.896,6.054,2,-1.377,,
St_Petersburg,2021,11/07/2021,NC,QF,1,2,IAKOVLEV_Mikhail,RUS,20.87123288,2,1,10.105,71.25185552,20.567,22.17,33.078,5.454,1,1.603,,
St_Petersburg,2021,11/07/2021,NC,QF,1,2,RAMIREZ_MORALES_Santiago,COL,26.99452055,7,2,10.315,69.8012603,13.181,13.042,20.276,3.617,2,-0.139,,
St_Petersburg,2021,11/07/2021,NC,QF,2,2,SZALONTAY_Sandor,HUN,,4,1,10.956,65.71741512,18.515,19.851,24.289,2.219,2,1.336,,
St_Petersburg,2021,11/07/2021,NC,QF,2,2,NESTEROV_Dmitry,MCT,,8,2,10.96,65.69343066,22.802,20.284,27.334,3.525,1,-2.518,,
St_Petersburg,2021,11/07/2021,NC,QF,3,2,QUINTERO_CHAVARRO_Kevin_Santiago,COL,22.71780822,1,1,10.4,69.23076923,18.857,20.358,25.532,2.587,2,1.501,,
St_Petersburg,2021,11/07/2021,NC,QF,3,2,LENDEL_Vasilijus,LTU,26.2739726,6,2,10.776,66.81514477,22.211,21.715,25.579,1.932,1,-0.496,,
St_Petersburg,2021,11/07/2021,NC,QF,4,2,DERACHE_Tom,FRA,22.4630137,3,1,10.498,68.58449228,21.888,24.304,35.444,5.57,1,2.416,,
St_Petersburg,2021,11/07/2021,NC,QF,4,2,HOHNE_Anton,GER,,5,2,10.506,68.53226728,13.788,13.324,24.458,5.567,2,-0.464,,
St_Petersburg,2021,11/07/2021,NC,QF,2,3,SZALONTAY_Sandor,HUN,,4,1,10.554,68.22057987,19.851,20.797,25.081,2.142,2,0.946,,
St_Petersburg,2021,11/07/2021,NC,QF,2,3,NESTEROV_Dmitry,MCT,,8,2,10.658,67.55488835,20.284,18.933,25.337,3.202,1,-1.351,,
St_Petersburg,2021,11/07/2021,NC,SF,1,1,IAKOVLEV_Mikhail,RUS,20.87123288,2,1,10.112,71.20253165,22.17,26.509,36.155,4.823,2,4.339,,
St_Petersburg,2021,11/07/2021,NC,SF,1,1,DERACHE_Tom,FRA,22.4630137,3,2,10.162,70.85219445,24.304,22.443,32.235,4.896,1,-1.861,,
St_Petersburg,2021,11/07/2021,NC,SF,2,1,QUINTERO_CHAVARRO_Kevin_Santiago,COL,22.71780822,1,1,10.195,70.62285434,20.358,21.419,26.347,2.464,2,1.061,,
St_Petersburg,2021,11/07/2021,NC,SF,2,1,SZALONTAY_Sandor,HUN,,4,2,10.742,67.02662446,20.797,20.376,24.522,2.073,1,-0.421,,
St_Petersburg,2021,11/07/2021,NC,SF,1,2,IAKOVLEV_Mikhail,RUS,20.87123288,2,1,9.946,72.39091092,26.509,28.81,37.668,4.429,1,2.301,,
St_Petersburg,2021,11/07/2021,NC,SF,1,2,DERACHE_Tom,FRA,22.4630137,3,2,10.209,70.52600646,22.443,21.71,30.676,4.483,2,-0.733,,
St_Petersburg,2021,11/07/2021,NC,SF,2,2,QUINTERO_CHAVARRO_Kevin_Santiago,COL,22.71780822,1,1,10.396,69.25740669,21.419,22.494,27.146,2.326,1,1.075,,
St_Petersburg,2021,11/07/2021,NC,SF,2,2,SZALONTAY_Sandor,HUN,,4,2,11.078,64.99368117,20.376,20.5,24.4,1.95,2,0.124,,
St_Petersburg,2021,11/07/2021,NC,F,G,1,QUINTERO_CHAVARRO_Kevin_Santiago,COL,22.71780822,1,2,10.151,70.92897252,22.494,21.2,25.72,2.26,1,-1.294,,
St_Petersburg,2021,11/07/2021,NC,F,G,1,IAKOVLEV_Mikhail,RUS,20.87123288,2,1,10.144,70.97791798,28.81,28.623,36.071,3.724,1,-0.187,,
St_Petersburg,2021,11/07/2021,NC,F,B,1,DERACHE_Tom,FRA,22.4630137,3,1,10.211,70.51219273,21.71,25.303,32.805,3.751,1,3.593,,
St_Petersburg,2021,11/07/2021,NC,F,B,1,SZALONTAY_Sandor,HUN,,4,2,10.297,69.92327862,20.5,20.449,24.307,1.929,2,-0.051,,
St_Petersburg,2021,11/07/2021,NC,F,G,2,QUINTERO_CHAVARRO_Kevin_Santiago,COL,22.71780822,1,1,10.201,70.58131556,21.2,22.745,27.081,2.168,2,1.545,,
St_Petersburg,2021,11/07/2021,NC,F,G,2,IAKOVLEV_Mikhail,RUS,20.87123288,2,2,10.294,69.9436565,28.623,25.799,32.379,3.29,1,-2.824,,
St_Petersburg,2021,11/07/2021,NC,F,B,2,DERACHE_Tom,FRA,22.4630137,3,1,10.253,70.22334926,25.303,26.17,33.314,3.572,1,0.867,,
St_Petersburg,2021,11/07/2021,NC,F,B,2,SZALONTAY_Sandor,HUN,,4,2,10.419,69.10452059,20.449,20.358,24.172,1.907,2,-0.091,,
St_Petersburg,2021,11/07/2021,NC,F,G,3,QUINTERO_CHAVARRO_Kevin_Santiago,COL,22.71780822,1,1,10.122,71.13218731,22.745,23.838,28.016,2.089,2,1.093,,
St_Petersburg,2021,11/07/2021,NC,F,G,3,IAKOVLEV_Mikhail,RUS,20.87123288,2,2,10.209,70.52600646,25.799,24.226,30.228,3.001,1,-1.573,,
Tokyo,2021,4/08/2021,OLY,R32,1,1,HOOGLAND_Jeffrey,NED,28.40547945,2,1,9.821,73.31228999,36.339,36.376,38.958,1.291,1,0.037,0,0
Tokyo,2021,4/08/2021,OLY,R32,1,1,MITCHELL_Ethan,NZL,121.6767123,24,2,10.054,71.61328824,24.074,24.037,27.969,1.966,2,-0.037,0,0
Tokyo,2021,4/08/2021,OLY,R32,2,1,LAVREYSEN_Harrie,NED,24.40821918,1,1,10.005,71.96401799,40.351,40.351,43.095,1.372,1,0,0,0
Tokyo,2021,4/08/2021,OLY,R32,2,1,SAHROM_Muhammad_Shah_Firdaus,MAS,25.70684932,12,2,10.068,71.51370679,18.257,18.259,24.479,3.11,2,0.002,0,0
Tokyo,2021,4/08/2021,OLY,R32,3,1,CARLIN_Jack,GBR,24.29863014,3,1,9.829,73.2526198,28.862,29.478,33.164,1.843,2,0.616,1,1
Tokyo,2021,4/08/2021,OLY,R32,3,1,HART_Nathan,AUS,121.6767123,23,2,10.135,71.04094721,29.018,28.545,32.569,2.012,1,-0.473,-1,1
Tokyo,2021,4/08/2021,OLY,R32,4,1,PAUL_Nicholas,TTO,22.87945205,6,1,9.824,73.28990228,23.344,23.699,27.717,2.009,1,0.355,0,0
Tokyo,2021,4/08/2021,OLY,R32,4,1,RICHARDSON_Matthew,AUS,22.31506849,22,2,10.442,68.95230799,13.045,12.411,21.535,4.562,2,-0.634,0,0
Tokyo,2021,4/08/2021,OLY,R32,5,1,DMITRIEV_Denis,ROC,35.39178082,4,1,9.859,73.02971904,24.527,25.859,30.461,2.301,2,1.332,1,1
Tokyo,2021,4/08/2021,OLY,R32,5,1,HELAL_Rayan,FRA,22.55068493,21,2,10.338,69.64596634,29.133,28.662,32.054,1.696,1,-0.471,-1,1
Tokyo,2021,4/08/2021,OLY,R32,6,1,LEVY_Maximilian,GER,,5,1,9.922,72.56601492,18.6,21.996,28.812,3.408,2,3.396,1,1
Tokyo,2021,4/08/2021,OLY,R32,6,1,TJON_EN_FA_Jair,SUR,27.8109589,13,2,9.924,72.55139057,26.655,26.174,29.698,1.762,1,-0.481,-1,1
Tokyo,2021,4/08/2021,OLY,R32,7,1,WEBSTER_Sam,NZL,30.0739726,11,1,10.099,71.29418754,28.948,29.854,33.732,1.939,2,0.906,1,1
Tokyo,2021,4/08/2021,OLY,R32,7,1,RUDYK_Mateusz,POL,26.06027397,17,2,10.279,70.04572429,33.509,33.302,35.478,1.088,1,-0.207,-1,1
Tokyo,2021,4/08/2021,OLY,R32,8,1,KENNY_Jason,GBR,,8,1,9.791,73.53692166,23.333,25.402,30.466,2.532,2,2.069,1,1
Tokyo,2021,4/08/2021,OLY,R32,8,1,AWANG_Mohd_Azizulhasni,MAS,121.6767123,10,2,9.823,73.29736333,31.063,30.058,34.394,2.168,1,-1.005,-1,1
Tokyo,2021,4/08/2021,OLY,R32,9,1,WAKIMOTO_Yuta,JPN,121.6767123,9,1,9.997,72.02160648,26.908,27.616,32.608,2.496,1,0.708,0,0
Tokyo,2021,4/08/2021,OLY,R32,9,1,QUINTERO_CHAVARRO_Kevin_Santiago,COL,22.78356164,20,2,10.081,71.42148596,23.838,23.607,27.685,2.039,2,-0.231,0,0
Tokyo,2021,4/08/2021,OLY,R32,10,1,VIGIER_Sebastien,FRA,,7,1,10.182,70.71302298,29.372,29.443,32.945,1.751,1,0.071,0,0
Tokyo,2021,4/08/2021,OLY,R32,10,1,BARRETTE_Hugo,CAN,30.10684932,19,2,10.202,70.57439718,15.483,15.446,20.974,2.764,2,-0.037,0,0
Tokyo,2021,4/08/2021,OLY,R32,11,1,RAJKOWSKI_Patryk,POL,25.46575342,16,1,10.465,68.80076445,6.262,18.039,28.677,5.319,2,11.777,1,1
Tokyo,2021,4/08/2021,OLY,R32,11,1,XU_Chao,CHN,,18,2,10.756,66.93938267,24.637,23.952,28.31,2.179,1,-0.685,-1,1
Tokyo,2021,4/08/2021,OLY,R32,12,1,WAMMES_Nick,CAN,21.80273973,14,1,10.228,70.39499413,4.649,9.134,18.804,4.835,2,4.485,1,1
Tokyo,2021,4/08/2021,OLY,R32,12,1,BOETTICHER_Stefan,GER,,15,2,10.243,70.29190667,9,3.464,16.212,6.374,1,-5.536,-1,1
Tokyo,2021,4/08/2021,OLY,Rep32,1,1,AWANG_Mohd_Azizulhasni,MAS,121.6767123,10,1,10.056,71.59904535,30.058,30.599,34.789,2.095,1,0.541,0,0
Tokyo,2021,4/08/2021,OLY,Rep32,1,1,QUINTERO_CHAVARRO_Kevin_Santiago,COL,22.78356164,20,2,10.26,70.1754386,23.607,24.139,28.023,1.942,3,0.532,1,1
Tokyo,2021,4/08/2021,OLY,Rep32,1,1,MITCHELL_Ethan,NZL,121.6767123,24,3,10.605,67.89250354,24.037,23.542,27.33,1.894,2,-0.495,-1,1
Tokyo,2021,4/08/2021,OLY,Rep32,2,1,SAHROM_Muhammad_Shah_Firdaus,MAS,25.70684932,12,1,9.667,74.48019034,18.259,21.511,27.057,2.773,2,3.252,1,1
Tokyo,2021,4/08/2021,OLY,Rep32,2,1,BARRETTE_Hugo,CAN,30.10684932,19,2,10.286,69.99805561,15.446,18.134,23.082,2.474,3,2.688,1,1
Tokyo,2021,4/08/2021,OLY,Rep32,2,1,RUDYK_Mateusz,POL,26.06027397,17,3,10.335,69.66618287,33.302,32.687,34.833,1.073,1,-0.615,-2,2
Tokyo,2021,4/08/2021,OLY,Rep32,3,1,TJON_EN_FA_Jair,SUR,27.8109589,13,1,10.016,71.88498403,26.174,26.973,30.373,1.7,2,0.799,1,1
Tokyo,2021,4/08/2021,OLY,Rep32,3,1,XU_Chao,CHN,,18,2,10.078,71.44274658,23.952,24.586,28.658,2.036,3,0.634,1,1
Tokyo,2021,4/08/2021,OLY,Rep32,3,1,HART_Nathan,AUS,121.6767123,23,3,10.201,70.58131556,28.545,27.566,31.392,1.913,1,-0.979,-2,2
Tokyo,2021,4/08/2021,OLY,Rep32,4,1,BOETTICHER_Stefan,GER,,15,1,10.03,71.78464606,3.464,17.97,27.164,4.597,3,14.506,2,2
Tokyo,2021,4/08/2021,OLY,Rep32,4,1,HELAL_Rayan,FRA,22.55068493,21,2,10.062,71.55635063,28.662,28.138,31.452,1.657,1,-0.524,-1,1
Tokyo,2021,4/08/2021,OLY,Rep32,4,1,RICHARDSON_Matthew,AUS,22.31506849,22,3,10.451,68.89292891,12.411,12.032,20.27,4.119,2,-0.379,-1,1
Tokyo,2021,4/08/2021,OLY,R16,1,1,HOOGLAND_Jeffrey,NED,28.40547945,2,1,10.034,71.7560295,36.376,36.413,38.991,1.289,1,0.037,0,0
Tokyo,2021,4/08/2021,OLY,R16,1,1,BOETTICHER_Stefan,GER,,15,2,10.145,70.97092164,17.97,17.967,26.749,4.391,2,-0.003,0,0
Tokyo,2021,4/08/2021,OLY,R16,2,1,LAVREYSEN_Harrie,NED,24.40821918,1,1,9.766,73.72516895,40.351,40.375,43.115,1.37,1,0.024,0,0
Tokyo,2021,4/08/2021,OLY,R16,2,1,TJON_EN_FA_Jair,SUR,27.8109589,13,2,10.025,71.82044888,26.973,26.954,30.342,1.694,2,-0.019,0,0
Tokyo,2021,4/08/2021,OLY,R16,3,1,CARLIN_Jack,GBR,24.29863014,3,1,9.884,72.84500202,29.478,29.72,33.35,1.815,1,0.242,0,0
Tokyo,2021,4/08/2021,OLY,R16,3,1,SAHROM_Muhammad_Shah_Firdaus,MAS,25.70684932,12,2,10.016,71.88498403,21.511,21.292,26.636,2.672,2,-0.219,0,0
Tokyo,2021,4/08/2021,OLY,R16,4,1,PAUL_Nicholas,TTO,22.87945205,6,1,9.798,73.48438457,23.699,24.886,28.75,1.932,2,1.187,1,1
Tokyo,2021,4/08/2021,OLY,R16,4,1,AWANG_Mohd_Azizulhasni,MAS,121.6767123,10,2,9.824,73.28990228,30.599,29.652,33.666,2.007,1,-0.947,-1,1
Tokyo,2021,4/08/2021,OLY,R16,5,1,DMITRIEV_Denis,ROC,35.39178082,4,1,10.127,71.09706725,25.859,26.02,30.574,2.277,1,0.161,0,0
Tokyo,2021,4/08/2021,OLY,R16,5,1,WAMMES_Nick,CAN,21.80273973,14,2,10.234,70.35372288,9.134,9.112,18.304,4.596,2,-0.022,0,0
Tokyo,2021,4/08/2021,OLY,R16,6,1,LEVY_Maximilian,GER,,5,1,10.247,70.26446765,21.996,23.484,29.946,3.231,1,1.488,0,0
Tokyo,2021,4/08/2021,OLY,R16,6,1,RAJKOWSKI_Patryk,POL,25.46575342,16,2,10.396,69.25740669,18.039,16.684,25.916,4.616,2,-1.355,0,0
Tokyo,2021,4/08/2021,OLY,R16,7,1,WEBSTER_Sam,NZL,30.0739726,11,1,9.845,73.13357034,29.854,30.427,34.195,1.884,1,0.573,0,0
Tokyo,2021,4/08/2021,OLY,R16,7,1,VIGIER_Sebastien,FRA,,7,2,9.883,72.85237276,29.443,29.145,32.567,1.711,2,-0.298,0,0
Tokyo,2021,4/08/2021,OLY,R16,8,1,KENNY_Jason,GBR,,8,1,9.916,72.60992336,25.402,26.661,31.475,2.407,2,1.259,1,1
Tokyo,2021,4/08/2021,OLY,R16,8,1,WAKIMOTO_Yuta,JPN,121.6767123,9,2,9.937,72.4564758,27.616,26.875,31.627,2.376,1,-0.741,-1,1
Tokyo,2021,4/08/2021,OLY,Rep16,1,1,WAKIMOTO_Yuta,JPN,121.6767123,9,1,10.323,69.74716652,26.875,27.346,31.986,2.32,1,0.471,0,0
Tokyo,2021,4/08/2021,OLY,Rep16,1,1,BOETTICHER_Stefan,GER,,15,2,10.499,68.57795981,17.967,17.487,25.523,4.018,2,-0.48,0,0
Tokyo,2021,4/08/2021,OLY,Rep16,2,1,VIGIER_Sebastien,FRA,,7,1,9.9,72.72727273,29.145,29.515,32.869,1.677,1,0.37,0,0
Tokyo,2021,4/08/2021,OLY,Rep16,2,1,TJON_EN_FA_Jair,SUR,27.8109589,13,2,9.985,72.10816224,26.954,26.724,30.046,1.661,2,-0.23,0,0
Tokyo,2021,4/08/2021,OLY,Rep16,3,1,SAHROM_Muhammad_Shah_Firdaus,MAS,25.70684932,12,1,10.317,69.78772899,21.292,22.205,27.355,2.575,1,0.913,0,0
Tokyo,2021,4/08/2021,OLY,Rep16,3,1,RAJKOWSKI_Patryk,POL,25.46575342,16,2,10.577,68.0722322,16.684,15.59,23.772,4.091,2,-1.094,0,0
Tokyo,2021,4/08/2021,OLY,Rep16,4,1,AWANG_Mohd_Azizulhasni,MAS,121.6767123,10,1,10.131,71.06899615,29.652,29.702,33.702,2,1,0.05,0,0
Tokyo,2021,4/08/2021,OLY,Rep16,4,1,WAMMES_Nick,CAN,21.80273973,14,2,10.235,70.34684905,9.112,9.144,18.116,4.486,2,0.032,0,0
Tokyo,2021,4/08/2021,OLY,R8,1,1,HOOGLAND_Jeffrey,NED,28.40547945,2,1,9.831,73.23771742,36.413,36.537,39.097,1.28,1,0.124,0,0
Tokyo,2021,4/08/2021,OLY,R8,1,1,AWANG_Mohd_Azizulhasni,MAS,121.6767123,10,2,9.871,72.9409381,29.702,29.535,33.447,1.956,2,-0.167,0,0
Tokyo,2021,4/08/2021,OLY,R8,2,1,LAVREYSEN_Harrie,NED,24.40821918,1,1,9.635,74.72755579,40.375,40.384,43.124,1.37,1,0.009,0,0
Tokyo,2021,4/08/2021,OLY,R8,2,1,SAHROM_Muhammad_Shah_Firdaus,MAS,25.70684932,12,2,10.084,71.400238,22.205,22.199,27.325,2.563,2,-0.006,0,0
Tokyo,2021,4/08/2021,OLY,R8,3,1,CARLIN_Jack,GBR,24.29863014,3,1,9.963,72.26738934,29.72,30.238,33.776,1.769,1,0.518,0,0
Tokyo,2021,4/08/2021,OLY,R8,3,1,VIGIER_Sebastien,FRA,,7,2,10.134,71.04795737,29.515,29.224,32.506,1.641,2,-0.291,0,0
Tokyo,2021,4/08/2021,OLY,R8,4,1,PAUL_Nicholas,TTO,22.87945205,6,1,10.091,71.35070855,24.886,25.694,29.436,1.871,2,0.808,1,1
Tokyo,2021,4/08/2021,OLY,R8,4,1,WAKIMOTO_Yuta,JPN,121.6767123,9,2,10.548,68.25938567,27.346,26.573,30.997,2.212,1,-0.773,-1,1
Tokyo,2021,4/08/2021,OLY,R8,5,1,DMITRIEV_Denis,ROC,35.39178082,4,1,9.828,73.26007326,26.02,26.934,31.31,2.188,2,0.914,1,1
Tokyo,2021,4/08/2021,OLY,R8,5,1,KENNY_Jason,GBR,,8,2,9.904,72.69789984,26.661,26.051,30.653,2.301,1,-0.61,-1,1
Tokyo,2021,4/08/2021,OLY,R8,6,1,LEVY_Maximilian,GER,,5,1,10.355,69.53162723,23.484,25.984,31.894,2.955,2,2.5,1,1
Tokyo,2021,4/08/2021,OLY,R8,6,1,WEBSTER_Sam,NZL,30.0739726,11,2,10.487,68.65643177,30.427,29.868,33.532,1.832,1,-0.559,-1,1
Tokyo,2021,4/08/2021,OLY,Rep8,1,1,KENNY_Jason,GBR,,8,1,10.066,71.52791576,26.051,27.586,31.918,2.166,3,1.535,2,2
Tokyo,2021,4/08/2021,OLY,Rep8,1,1,AWANG_Mohd_Azizulhasni,MAS,121.6767123,10,2,10.108,71.23070835,29.535,29.473,33.189,1.858,1,-0.062,-1,1
Tokyo,2021,4/08/2021,OLY,Rep8,1,1,WAKIMOTO_Yuta,JPN,121.6767123,9,3,10.391,69.29073236,26.573,25.954,30.158,2.102,2,-0.619,-1,1
Tokyo,2021,4/08/2021,OLY,Rep8,2,1,VIGIER_Sebastien,FRA,,7,1,10.169,70.80342217,29.224,29.815,33.009,1.597,2,0.591,1,1
Tokyo,2021,4/08/2021,OLY,Rep8,2,1,WEBSTER_Sam,NZL,30.0739726,11,2,10.27,70.10710808,29.868,29.705,33.221,1.758,1,-0.163,-1,1
Tokyo,2021,4/08/2021,OLY,Rep8,2,1,SAHROM_Muhammad_Shah_Firdaus,MAS,25.70684932,12,3,10.302,69.88934188,22.199,21.836,26.708,2.436,3,-0.363,0,0
Tokyo,2021,4/08/2021,OLY,QF,1,1,HOOGLAND_Jeffrey,NED,28.40547945,2,1,10.204,70.56056448,36.537,36.646,39.188,1.271,1,0.109,0,0
Tokyo,2021,4/08/2021,OLY,QF,1,1,VIGIER_Sebastien,FRA,,7,2,12.644,56.94400506,29.815,29.714,32.868,1.577,2,-0.101,0,0
Tokyo,2021,4/08/2021,OLY,QF,2,1,LAVREYSEN_Harrie,NED,24.40821918,1,1,10.243,70.29190667,40.384,40.425,43.157,1.366,1,0.041,0,0
Tokyo,2021,4/08/2021,OLY,QF,2,1,KENNY_Jason,GBR,,8,2,10.29,69.97084548,27.586,27.55,31.836,2.143,2,-0.036,0,0
Tokyo,2021,4/08/2021,OLY,QF,3,1,CARLIN_Jack,GBR,24.29863014,3,1,9.68,74.38016529,30.238,30.687,34.129,1.721,1,0.449,0,0
Tokyo,2021,4/08/2021,OLY,QF,3,1,LEVY_Maximilian,GER,,5,2,12.187,59.07934684,25.984,26.09,31.334,2.622,2,0.106,0,0
Tokyo,2021,4/08/2021,OLY,QF,4,1,DMITRIEV_Denis,ROC,35.39178082,4,2,9.943,72.41275269,26.934,26.977,31.077,2.05,1,0.043,-1,1
Tokyo,2021,4/08/2021,OLY,QF,4,1,PAUL_Nicholas,TTO,22.87945205,6,1,9.648,74.62686567,25.694,26.954,30.5,1.773,1,1.26,0,0
Tokyo,2021,4/08/2021,OLY,QF,1,2,HOOGLAND_Jeffrey,NED,28.40547945,2,1,9.902,72.71258332,36.646,36.417,38.901,1.242,1,-0.229,0,0
Tokyo,2021,4/08/2021,OLY,QF,1,2,VIGIER_Sebastien,FRA,,7,2,9.961,72.28189941,29.714,29.475,32.553,1.539,2,-0.239,0,0
Tokyo,2021,4/08/2021,OLY,QF,2,2,LAVREYSEN_Harrie,NED,24.40821918,1,1,10.551,68.23997725,40.425,40.462,43.188,1.363,1,0.037,0,0
Tokyo,2021,4/08/2021,OLY,QF,2,2,KENNY_Jason,GBR,,8,2,11.493,62.6468285,27.55,27.515,31.759,2.122,2,-0.035,0,0
Tokyo,2021,4/08/2021,OLY,QF,3,2,CARLIN_Jack,GBR,24.29863014,3,1,9.795,73.50689127,30.687,31.022,34.402,1.69,1,0.335,0,0
Tokyo,2021,4/08/2021,OLY,QF,3,2,LEVY_Maximilian,GER,,5,2,10.191,70.65057404,26.09,25.69,30.702,2.506,2,-0.4,0,0
Tokyo,2021,4/08/2021,OLY,QF,4,2,DMITRIEV_Denis,ROC,35.39178082,4,1,9.824,73.28990228,26.977,27.635,31.605,1.985,1,0.658,0,0
Tokyo,2021,4/08/2021,OLY,QF,4,2,PAUL_Nicholas,TTO,22.87945205,6,2,REL,,26.954,26.641,30.105,1.732,2,-0.313,0,0
Tokyo,2021,4/08/2021,OLY,QF,4,3,DMITRIEV_Denis,ROC,35.39178082,4,1,10.381,69.35748001,27.635,28.192,32.048,1.928,1,0.557,0,0
Tokyo,2021,4/08/2021,OLY,QF,4,3,PAUL_Nicholas,TTO,22.87945205,6,2,14.764,48.76727174,26.641,26.378,29.768,1.695,2,-0.263,0,0
Tokyo,2021,4/08/2021,OLY,5to8,1,1,LEVY_Maximilian,GER,,5,1,9.879,72.88187063,25.69,27.655,32.275,2.31,4,1.965,3,3
Tokyo,2021,4/08/2021,OLY,5to8,1,1,PAUL_Nicholas,TTO,22.87945205,6,2,10.031,71.77748978,26.378,26.958,30.19,1.616,3,0.58,1,1
Tokyo,2021,4/08/2021,OLY,5to8,1,1,VIGIER_Sebastien,FRA,,7,3,10.675,67.44730679,29.475,29.268,32.228,1.48,1,-0.207,-2,2
Tokyo,2021,4/08/2021,OLY,5to8,1,1,KENNY_Jason,GBR,,8,4,11.554,62.31608101,27.515,26.591,30.587,1.998,2,-0.924,-2,2
Tokyo,2021,4/08/2021,OLY,SF,1,1,HOOGLAND_Jeffrey,NED,28.40547945,2,1,9.692,74.28807264,36.417,36.503,38.975,1.236,1,0.086,0,0
Tokyo,2021,4/08/2021,OLY,SF,1,1,DMITRIEV_Denis,ROC,35.39178082,4,2,9.799,73.4768854,28.192,28.081,31.871,1.895,2,-0.111,0,0
Tokyo,2021,4/08/2021,OLY,SF,2,1,LAVREYSEN_Harrie,NED,24.40821918,1,1,9.747,73.86888273,40.462,40.534,43.246,1.356,1,0.072,0,0
Tokyo,2021,4/08/2021,OLY,SF,2,1,CARLIN_Jack,GBR,24.29863014,3,2,9.814,73.36458121,31.022,30.965,34.313,1.674,2,-0.057,0,0
Tokyo,2021,4/08/2021,OLY,SF,1,2,HOOGLAND_Jeffrey,NED,28.40547945,2,1,9.786,73.57449418,36.503,36.584,39.044,1.23,1,0.081,0,0
Tokyo,2021,4/08/2021,OLY,SF,1,2,DMITRIEV_Denis,ROC,35.39178082,4,2,9.796,73.49938751,28.081,27.979,31.709,1.865,2,-0.102,0,0
Tokyo,2021,4/08/2021,OLY,SF,2,2,LAVREYSEN_Harrie,NED,24.40821918,1,1,9.784,73.58953393,40.534,40.715,43.391,1.338,1,0.181,0,0
Tokyo,2021,4/08/2021,OLY,SF,2,2,CARLIN_Jack,GBR,24.29863014,3,2,9.826,73.27498473,30.965,31.627,34.839,1.606,2,0.662,0,0
Tokyo,2021,4/08/2021,OLY,F,G,1,LAVREYSEN_Harrie,NED,24.40821918,1,2,9.736,73.95234182,40.715,40.113,42.755,1.321,1,-0.602,-1,1
Tokyo,2021,4/08/2021,OLY,F,G,1,HOOGLAND_Jeffrey,NED,28.40547945,2,1,9.724,74.04360346,36.584,36.521,38.931,1.205,1,-0.063,0,0
Tokyo,2021,4/08/2021,OLY,F,B,1,CARLIN_Jack,GBR,24.29863014,3,1,9.786,73.57449418,31.627,32.106,35.2,1.547,1,0.479,0,0
Tokyo,2021,4/08/2021,OLY,F,B,1,DMITRIEV_Denis,ROC,35.39178082,4,2,10.272,70.09345794,27.979,27.841,31.483,1.821,2,-0.138,0,0
Tokyo,2021,4/08/2021,OLY,F,G,2,LAVREYSEN_Harrie,NED,24.40821918,1,1,9.776,73.6497545,40.113,40.284,42.9,1.308,1,0.171,0,0
Tokyo,2021,4/08/2021,OLY,F,G,2,HOOGLAND_Jeffrey,NED,28.40547945,2,2,9.791,73.53692166,36.521,36.418,38.81,1.196,2,-0.103,0,0
Tokyo,2021,4/08/2021,OLY,F,B,2,CARLIN_Jack,GBR,24.29863014,3,1,9.943,72.41275269,32.106,32.348,35.398,1.525,1,0.242,0,0
Tokyo,2021,4/08/2021,OLY,F,B,2,DMITRIEV_Denis,ROC,35.39178082,4,2,9.958,72.30367544,27.841,27.642,31.208,1.783,2,-0.199,0,0
Tokyo,2021,4/08/2021,OLY,F,G,3,LAVREYSEN_Harrie,NED,24.40821918,1,1,10.681,67.40941859,40.284,40.444,43.036,1.296,1,0.16,0,0
Tokyo,2021,4/08/2021,OLY,F,G,3,HOOGLAND_Jeffrey,NED,28.40547945,2,2,10.889,66.12177427,36.418,36.322,38.696,1.187,2,-0.096,0,0
Cali,2021,12/09/2021,NC,R16,1,1,WAGNER_Robin,CZE,28.6109589,11,1,10.657,67.56122736,4.49,9.691,20.223,5.266,2,5.201,1,1
Cali,2021,12/09/2021,NC,R16,1,1,PACHECO_Pablo,ECU,,22,2,11.356,63.40260655,9,3.865,16.887,6.511,1,-5.135,-1,1
Cali,2021,12/09/2021,NC,R16,2,1,LAITONJAM_Ronaldo,IND,19.23835616,12,1,10.492,68.62371331,5.78,11.922,24.1,6.089,2,6.142,1,1
Cali,2021,12/09/2021,NC,R16,2,1,LEANDRO_MADRIGAL_Nayib,CRC,24.82739726,21,2,10.826,66.50655829,9,4.999,18.613,6.807,1,-4.001,-1,1
Cali,2021,12/09/2021,NC,R16,3,1,VERDUGO_OSUNA_Edgar_Ismael,MEX,,13,1,10.712,67.21433906,9,15.054,29.396,7.171,1,6.054,0,0
Cali,2021,12/09/2021,NC,R16,3,1,BONE_NAZARENO_Francisco_Miguel,ECU,,20,2,10.723,67.14538842,9,6.262,20.604,7.171,1,-2.738,-1,1
Cali,2021,12/09/2021,NC,R16,4,1,BOHUSLAVEK_Matej,CZE,,14,1,10.947,65.77144423,9,12.523,27.239,7.358,1,3.523,0,0
Cali,2021,12/09/2021,NC,R16,4,1,DANYLCHUK_Bohdan,UKR,19.3260274,19,2,10.997,65.47240156,3.619,3.171,14.087,5.458,2,-0.448,0,0
Cali,2021,12/09/2021,NC,R16,5,1,ESOW_Esow,IND,20.52328767,15,1,10.92,65.93406593,5.416,14.778,25.764,5.493,2,9.362,1,1
Cali,2021,12/09/2021,NC,R16,5,1,ALEXANDER_Quincy,TTO,,18,2,10.968,65.64551422,18.166,15.721,24.475,4.377,1,-2.445,-1,1
Cali,2021,12/09/2021,NC,R16,6,1,MASRI_Amar_Danial,MAS,,16,1,10.752,66.96428571,7.266,12.634,24.298,5.832,2,5.368,1,1
Cali,2021,12/09/2021,NC,R16,6,1,RUIZ_TERAN_Juan_Carlos,MEX,,17,2,REL,,9,5.181,18.719,6.769,1,-3.819,-1,1
Cali,2021,12/09/2021,NC,R8,1,1,PAUL_Nicholas,TTO,22.98630137,1,1,10.449,68.90611542,26.958,27.123,30.331,1.604,1,0.165,0,0
Cali,2021,12/09/2021,NC,R8,1,1,MASRI_Amar_Danial,MAS,,16,2,10.748,66.98920729,12.634,12.236,22.468,5.116,2,-0.398,0,0
Cali,2021,12/09/2021,NC,R8,2,1,WAMMES_Nick,CAN,21.90958904,4,1,10.38,69.36416185,9.144,13.199,21.289,4.045,2,4.055,1,1
Cali,2021,12/09/2021,NC,R8,2,1,ESOW_Esow,IND,20.52328767,15,2,13.874,51.89563212,14.778,11.688,21.008,4.66,1,-3.09,-1,1
Cali,2021,12/09/2021,NC,R8,3,1,QUINTERO_CHAVARRO_Kevin_Santiago,COL,22.89041096,2,1,10.587,68.00793426,24.139,24.499,28.335,1.918,1,0.36,0,0
Cali,2021,12/09/2021,NC,R8,3,1,BOHUSLAVEK_Matej,CZE,,14,2,11.029,65.28243721,12.523,11.099,22.767,5.834,2,-1.424,0,0
Cali,2021,12/09/2021,NC,R8,4,1,HELAL_Rayan,FRA,22.65753425,3,1,10.474,68.74164598,28.138,28.374,31.66,1.643,1,0.236,0,0
Cali,2021,12/09/2021,NC,R8,4,1,VERDUGO_OSUNA_Edgar_Ismael,MEX,,13,2,10.545,68.27880512,15.054,13.953,25.517,5.782,2,-1.101,0,0
Cali,2021,12/09/2021,NC,R8,5,1,VIGIER_Sebastien,FRA,,5,1,10.375,69.39759036,29.268,29.37,32.316,1.473,1,0.102,0,0
Cali,2021,12/09/2021,NC,R8,5,1,LAITONJAM_Ronaldo,IND,19.23835616,12,2,10.46,68.83365201,11.922,11.772,22.622,5.425,2,-0.15,0,0
Cali,2021,12/09/2021,NC,R8,6,1,RAMIREZ_MORALES_Santiago,COL,27.16712329,6,1,10.29,69.97084548,13.042,14.74,21.554,3.407,1,1.698,0,0
Cali,2021,12/09/2021,NC,R8,6,1,WAGNER_Robin,CZE,28.6109589,11,2,10.418,69.11115377,9.691,8.33,17.514,4.592,2,-1.361,0,0
Cali,2021,12/09/2021,NC,R8,7,1,RAJKOWSKI_Patryk,POL,25.57260274,7,1,10.391,69.29073236,15.59,17.979,25.587,3.804,1,2.389,0,0
Cali,2021,12/09/2021,NC,R8,7,1,SAHROM_Muhammad_Ridwan,MAS,20.53424658,10,2,10.523,68.42155279,14.144,12.175,22.163,4.994,2,-1.969,0,0
Cali,2021,12/09/2021,NC,R8,8,1,ROCHNA_Daniel,POL,22.05205479,8,1,10.398,69.2440854,9,15.054,29.396,7.171,1,6.054,0,0
Cali,2021,12/09/2021,NC,R8,8,1,DODYK_Ryan,CAN,24.7890411,9,2,10.476,68.72852234,9,6.262,20.604,7.171,1,-2.738,-1,1
Cali,2021,12/09/2021,NC,QF,1,1,PAUL_Nicholas,TTO,22.98630137,1,1,10.745,67.00791066,27.123,27.364,30.546,1.591,1,0.241,0,0
Cali,2021,12/09/2021,NC,QF,1,1,ROCHNA_Daniel,POL,22.05205479,8,2,10.938,65.82556226,15.054,13.693,25.111,5.709,2,-1.361,0,0
Cali,2021,12/09/2021,NC,QF,2,1,WAMMES_Nick,CAN,21.90958904,4,1,10.308,69.84866123,13.199,18.055,24.915,3.43,2,4.856,1,1
Cali,2021,12/09/2021,NC,QF,2,1,RAJKOWSKI_Patryk,POL,25.57260274,7,2,10.458,68.84681583,17.979,18.744,25.054,3.155,1,0.765,-1,1
Cali,2021,12/09/2021,NC,QF,3,1,QUINTERO_CHAVARRO_Kevin_Santiago,COL,22.89041096,2,2,10.364,69.47124662,24.499,23.996,27.654,1.829,1,-0.503,-1,1
Cali,2021,12/09/2021,NC,QF,3,1,RAMIREZ_MORALES_Santiago,COL,27.16712329,6,1,10.245,70.27818448,14.74,19.452,25.216,2.882,1,4.712,0,0
Cali,2021,12/09/2021,NC,QF,4,1,HELAL_Rayan,FRA,22.65753425,3,1,10.155,70.90103397,28.374,28.379,31.537,1.579,2,0.005,1,1
Cali,2021,12/09/2021,NC,QF,4,1,VIGIER_Sebastien,FRA,,5,2,10.357,69.51820025,29.37,28.861,31.729,1.434,1,-0.509,-1,1
Cali,2021,12/09/2021,NC,QF,1,2,PAUL_Nicholas,TTO,22.98630137,1,1,10.93,65.87374199,27.364,27.533,30.691,1.579,1,0.169,0,0
Cali,2021,12/09/2021,NC,QF,1,2,ROCHNA_Daniel,POL,22.05205479,8,2,11.107,64.82398487,13.693,13.239,23.247,5.004,2,-0.454,0,0
Cali,2021,12/09/2021,NC,QF,2,2,WAMMES_Nick,CAN,21.90958904,4,1,10.312,69.82156711,18.055,19.912,26.284,3.186,2,1.857,1,1
Cali,2021,12/09/2021,NC,QF,2,2,RAJKOWSKI_Patryk,POL,25.57260274,7,2,10.357,69.51820025,18.744,17.964,23.896,2.966,1,-0.78,-1,1
Cali,2021,12/09/2021,NC,QF,3,2,QUINTERO_CHAVARRO_Kevin_Santiago,COL,22.89041096,2,1,10.345,69.59884002,23.996,24.388,27.972,1.792,1,0.392,0,0
Cali,2021,12/09/2021,NC,QF,3,2,RAMIREZ_MORALES_Santiago,COL,27.16712329,6,2,10.402,69.21745818,19.452,18.967,24.427,2.73,2,-0.485,0,0
Cali,2021,12/09/2021,NC,QF,4,2,HELAL_Rayan,FRA,22.65753425,3,1,10.416,69.12442396,28.379,28.8,31.894,1.547,2,0.421,1,1
Cali,2021,12/09/2021,NC,QF,4,2,VIGIER_Sebastien,FRA,,5,2,10.532,68.36308393,28.861,28.612,31.434,1.411,1,-0.249,-1,1
Cali,2021,12/09/2021,NC,QF,3,3,QUINTERO_CHAVARRO_Kevin_Santiago,COL,22.89041096,2,1,10.683,67.39679865,24.388,24.716,28.236,1.76,1,0.328,0,0
Cali,2021,12/09/2021,NC,QF,3,3,RAMIREZ_MORALES_Santiago,COL,27.16712329,6,2,12.221,58.91498241,18.967,18.599,23.815,2.608,2,-0.368,0,0
Cali,2021,12/09/2021,NC,SF,1,1,PAUL_Nicholas,TTO,22.98630137,1,1,10.003,71.97840648,27.533,27.988,31.064,1.538,2,0.455,1,1
Cali,2021,12/09/2021,NC,SF,1,1,HELAL_Rayan,FRA,22.65753425,3,2,10.189,70.66444205,28.8,28.51,31.494,1.492,1,-0.29,-1,1
Cali,2021,12/09/2021,NC,SF,2,1,QUINTERO_CHAVARRO_Kevin_Santiago,COL,22.89041096,2,2,10.162,70.85219445,24.716,24.935,28.291,1.678,1,0.219,-1,1
Cali,2021,12/09/2021,NC,SF,2,1,WAMMES_Nick,CAN,21.90958904,4,1,10.115,71.18141374,19.912,22.711,28.209,2.749,1,2.799,0,0
Cali,2021,12/09/2021,NC,SF,1,2,PAUL_Nicholas,TTO,22.98630137,1,1,10.247,70.26446765,27.988,28.148,31.12,1.486,2,0.16,1,1
Cali,2021,12/09/2021,NC,SF,1,2,HELAL_Rayan,FRA,22.65753425,3,2,12.786,56.3115908,28.51,28.11,31.018,1.454,1,-0.4,-1,1
Cali,2021,12/09/2021,NC,SF,2,2,QUINTERO_CHAVARRO_Kevin_Santiago,COL,22.89041096,2,1,10.23,70.38123167,24.935,25.363,28.653,1.645,1,0.428,0,0
Cali,2021,12/09/2021,NC,SF,2,2,WAMMES_Nick,CAN,21.90958904,4,2,10.395,69.26406926,22.711,22.051,27.239,2.594,2,-0.66,0,0
Cali,2021,12/09/2021,NC,SF,2,3,QUINTERO_CHAVARRO_Kevin_Santiago,COL,22.89041096,2,1,10.496,68.59756098,25.363,25.721,28.953,1.616,1,0.358,0,0
Cali,2021,12/09/2021,NC,SF,2,3,WAMMES_Nick,CAN,21.90958904,4,2,10.5,68.57142857,22.051,21.553,26.495,2.471,2,-0.498,0,0
Cali,2021,12/09/2021,NC,F,G,1,PAUL_Nicholas,TTO,22.98630137,1,1,10.196,70.61592781,28.148,28.424,31.352,1.464,1,0.276,0,0
Cali,2021,12/09/2021,NC,F,G,1,QUINTERO_CHAVARRO_Kevin_Santiago,COL,22.89041096,2,2,10.321,69.7606821,25.721,25.505,28.679,1.587,2,-0.216,0,0
Cali,2021,12/09/2021,NC,F,B,1,HELAL_Rayan,FRA,22.65753425,3,1,10.054,71.61328824,28.11,28.292,31.17,1.439,1,0.182,0,0
Cali,2021,12/09/2021,NC,F,B,1,WAMMES_Nick,CAN,21.90958904,4,2,10.097,71.3083094,21.553,21.288,26.056,2.384,2,-0.265,0,0
Cali,2021,12/09/2021,NC,F,G,2,PAUL_Nicholas,TTO,22.98630137,1,1,9.845,73.13357034,28.424,28.674,31.562,1.444,1,0.25,0,0
Cali,2021,12/09/2021,NC,F,G,2,QUINTERO_CHAVARRO_Kevin_Santiago,COL,22.89041096,2,2,10.361,69.49136184,25.505,25.312,28.432,1.56,2,-0.193,0,0
Cali,2021,12/09/2021,NC,F,B,2,HELAL_Rayan,FRA,22.65753425,3,1,10.035,71.74887892,28.292,28.456,31.306,1.425,1,0.164,0,0
Cali,2021,12/09/2021,NC,F,B,2,WAMMES_Nick,CAN,21.90958904,4,2,10.926,65.89785832,21.288,21.065,25.685,2.31,2,-0.223,0,0
Roubaix,2021,23/10/2021,WCH,R16,1,1,RUDYK_Mateusz,POL,26.27945205,7,1,10.787,66.74701029,32.687,32.696,34.846,1.075,1,0.009,0,0
Roubaix,2021,23/10/2021,WCH,R16,1,1,RUIZ_TERAN_Juan_Carlos,MEX,,28,2,10.896,66.07929515,5.181,5.371,18.221,6.425,2,0.19,0,0
Roubaix,2021,23/10/2021,WCH,R16,2,1,HOOGLAND_Jeffrey,NED,28.62465753,2,1,10.801,66.6604944,36.322,36.329,38.707,1.189,1,0.007,0,0
Roubaix,2021,23/10/2021,WCH,R16,2,1,SZABO_Norbert,ROU,28.22191781,27,2,10.885,66.14607258,6.262,6.468,20.198,6.865,2,0.206,0,0
Roubaix,2021,23/10/2021,WCH,R16,3,1,BOETTICHER_Stefan,GER,,4,1,10.179,70.73386384,17.487,19.499,27.017,3.759,1,2.012,0,0
Roubaix,2021,23/10/2021,WCH,R16,3,1,VERDUGO_OSUNA_Edgar_Ismael,MEX,,26,2,10.321,69.7606821,13.953,12.469,22.423,4.977,2,-1.484,0,0
Roubaix,2021,23/10/2021,WCH,R16,4,1,TJON_EN_FA_Jair,SUR,28.03013699,9,1,10.249,70.25075617,26.724,26.89,30.194,1.652,1,0.166,0,0
Roubaix,2021,23/10/2021,WCH,R16,4,1,OCHOA_HENAO_Juan_David,COL,23.83561644,25,2,10.451,68.89292891,9,7.83,21.286,6.728,2,-1.17,0,0
Roubaix,2021,23/10/2021,WCH,R16,5,1,HELAL_Rayan,FRA,22.76986301,8,1,10.316,69.79449399,28.456,28.602,31.426,1.412,1,0.146,0,0
Roubaix,2021,23/10/2021,WCH,R16,5,1,LENDEL_Vasilijus,LTU,26.55890411,24,2,10.554,68.22057987,21.715,21.569,25.359,1.895,2,-0.146,0,0
Roubaix,2021,23/10/2021,WCH,R16,6,1,ROCHNA_Daniel,POL,22.16438356,10,1,10.542,68.29823563,13.239,16.917,25.891,4.487,2,3.678,1,1
Roubaix,2021,23/10/2021,WCH,R16,6,1,ANGSUTHASAWIT_Jai,THA,26.70136986,23,2,10.587,68.00793426,14.501,12.736,22.22,4.742,1,-1.765,-1,1
Roubaix,2021,23/10/2021,WCH,R16,7,1,SAHROM_Muhammad_Shah_Firdaus,MAS,25.9260274,11,1,10.233,70.36059807,21.836,21.969,26.795,2.413,1,0.133,0,0
Roubaix,2021,23/10/2021,WCH,R16,7,1,CECHMAN_Martin,CZE,,22,2,11.393,63.19669973,5.572,5.558,13.41,3.926,2,-0.014,0,0
Roubaix,2021,23/10/2021,WCH,R16,8,1,WAMMES_Nick,CAN,22.02191781,12,1,10.355,69.53162723,21.065,21.584,26.1,2.258,1,0.519,0,0
Roubaix,2021,23/10/2021,WCH,R16,8,1,PERALTA_Juan,ESP,31.45753425,21,2,10.516,68.46709776,12.317,11.495,20.647,4.576,2,-0.822,0,0
Roubaix,2021,23/10/2021,WCH,R16,9,1,HOEHNE_Anton,GER,,13,1,10.375,69.39759036,9,20.03,32.208,6.089,2,11.03,1,1
Roubaix,2021,23/10/2021,WCH,R16,9,1,QUINTERO_CHAVARRO_Kevin_Santiago,COL,23.00273973,20,2,10.435,68.99856253,25.312,25.081,28.179,1.549,1,-0.231,-1,1
Roubaix,2021,23/10/2021,WCH,R16,10,1,YAMASAKI_Kento,JPN,28.86849315,14,1,10.131,71.06899615,7.349,12.723,24.427,5.852,2,5.374,1,1
Roubaix,2021,23/10/2021,WCH,R16,10,1,TERASAKI_Kohei,JPN,27.81917808,19,2,10.178,70.74081352,9,5.219,18.773,6.777,1,-3.781,-1,1
Roubaix,2021,23/10/2021,WCH,R16,11,1,TRUMAN_Joseph,GBR,24.70410959,15,1,10.264,70.14809041,21.021,22.432,29.118,3.343,1,1.411,0,0
Roubaix,2021,23/10/2021,WCH,R16,11,1,YAKUSHEVSKIY_Pavel,RCF,34.10410959,18,2,10.321,69.7606821,18.757,18.382,23.788,2.703,2,-0.375,0,0
Roubaix,2021,23/10/2021,WCH,R16,12,1,TURNBULL_Hamish,GBR,22.29589041,16,1,10.314,69.80802792,9,17.487,30.301,6.407,2,8.487,1,1
Roubaix,2021,23/10/2021,WCH,R16,12,1,SZALONTAY_Sandor,HUN,,17,2,10.386,69.32409012,20.358,20.118,23.894,1.888,1,-0.24,-1,1
Roubaix,2021,23/10/2021,WCH,R8,1,1,LAVREYSEN_Harrie,NED,24.62739726,1,1,9.96,72.28915663,40.444,40.479,43.069,1.295,1,0.035,0,0
Roubaix,2021,23/10/2021,WCH,R8,1,1,TURNBULL_Hamish,GBR,22.29589041,16,2,10.911,65.98845202,17.487,17.614,29.496,5.941,2,0.127,0,0
Roubaix,2021,23/10/2021,WCH,R8,2,1,PAUL_Nicholas,TTO,23.09863014,5,1,9.707,74.17327702,28.674,28.902,31.758,1.428,1,0.228,0,0
Roubaix,2021,23/10/2021,WCH,R8,2,1,TRUMAN_Joseph,GBR,24.70410959,15,2,10.302,69.88934188,22.432,21.852,28.072,3.11,2,-0.58,0,0
Roubaix,2021,23/10/2021,WCH,R8,3,1,IAKOVLEV_Mikhail,RCF,21.15616438,6,1,10.147,70.95693308,24.226,24.88,30.71,2.915,1,0.654,0,0
Roubaix,2021,23/10/2021,WCH,R8,3,1,YAMASAKI_Kento,JPN,28.86849315,14,2,10.168,70.81038552,12.723,12.237,22.595,5.179,2,-0.486,0,0
Roubaix,2021,23/10/2021,WCH,R8,4,1,VIGIER_Sebastien,FRA,,3,1,9.969,72.22389407,28.612,28.844,31.646,1.401,1,0.232,0,0
Roubaix,2021,23/10/2021,WCH,R8,4,1,HOEHNE_Anton,GER,,13,2,10.191,70.65057404,20.03,18.357,28.265,4.954,2,-1.673,0,0
Roubaix,2021,23/10/2021,WCH,R8,5,1,RUDYK_Mateusz,POL,26.27945205,7,1,10.255,70.20965383,32.696,32.735,34.883,1.074,1,0.039,0,0
Roubaix,2021,23/10/2021,WCH,R8,5,1,WAMMES_Nick,CAN,22.02191781,12,2,10.314,69.80802792,21.584,21.503,25.937,2.217,2,-0.081,0,0
Roubaix,2021,23/10/2021,WCH,R8,6,1,HOOGLAND_Jeffrey,NED,28.62465753,2,1,10.509,68.5127034,36.329,36.352,38.728,1.188,1,0.023,0,0
Roubaix,2021,23/10/2021,WCH,R8,6,1,SAHROM_Muhammad_Shah_Firdaus,MAS,25.9260274,11,2,10.614,67.83493499,21.969,21.938,26.71,2.386,2,-0.031,0,0
Roubaix,2021,23/10/2021,WCH,R8,7,1,BOETTICHER_Stefan,GER,,4,1,9.969,72.22389407,19.499,21.305,28.325,3.51,1,1.806,0,0
Roubaix,2021,23/10/2021,WCH,R8,7,1,ROCHNA_Daniel,POL,22.16438356,10,2,10.89,66.11570248,16.917,15.914,24.028,4.057,2,-1.003,0,0
Roubaix,2021,23/10/2021,WCH,R8,8,1,HELAL_Rayan,FRA,22.76986301,8,1,9.985,72.10816224,28.602,28.88,31.664,1.392,1,0.278,0,0
Roubaix,2021,23/10/2021,WCH,R8,8,1,TJON_EN_FA_Jair,SUR,28.03013699,9,2,10.099,71.29418754,26.89,26.632,29.868,1.618,2,-0.258,0,0
Roubaix,2021,23/10/2021,WCH,QF,1,1,LAVREYSEN_Harrie,NED,24.62739726,1,1,10.058,71.58480811,40.479,40.491,43.081,1.295,1,0.012,0,0
Roubaix,2021,23/10/2021,WCH,QF,1,1,HELAL_Rayan,FRA,22.76986301,8,2,10.17,70.79646018,28.88,28.794,31.524,1.365,2,-0.086,0,0
Roubaix,2021,23/10/2021,WCH,QF,2,1,BOETTICHER_Stefan,GER,,4,2,10.58,68.05293006,21.305,23.072,29.128,3.028,1,1.767,-1,1
Roubaix,2021,23/10/2021,WCH,QF,2,1,PAUL_Nicholas,TTO,23.09863014,5,1,9.808,73.40946166,28.902,29.534,32.33,1.398,2,0.632,1,1
Roubaix,2021,23/10/2021,WCH,QF,3,1,HOOGLAND_Jeffrey,NED,28.62465753,2,2,9.88,72.87449393,36.352,35.988,38.332,1.172,1,-0.364,-1,1
Roubaix,2021,23/10/2021,WCH,QF,3,1,IAKOVLEV_Mikhail,RCF,21.15616438,6,1,9.879,72.88187063,24.88,26.672,31.798,2.563,1,1.792,0,0
Roubaix,2021,23/10/2021,WCH,QF,4,1,VIGIER_Sebastien,FRA,,3,1,10.159,70.87311743,28.844,29.17,31.89,1.36,2,0.326,1,1
Roubaix,2021,23/10/2021,WCH,QF,4,1,RUDYK_Mateusz,POL,26.27945205,7,2,10.26,70.1754386,32.735,32.469,34.591,1.061,1,-0.266,-1,1
Roubaix,2021,23/10/2021,WCH,QF,1,2,LAVREYSEN_Harrie,NED,24.62739726,1,1,9.931,72.50025174,40.491,40.52,43.106,1.293,1,0.029,0,0
Roubaix,2021,23/10/2021,WCH,QF,1,2,HELAL_Rayan,FRA,22.76986301,8,2,11.413,63.08595461,28.794,28.773,31.497,1.362,2,-0.021,0,0
Roubaix,2021,23/10/2021,WCH,QF,2,2,BOETTICHER_Stefan,GER,,4,1,10.043,71.69172558,23.072,25.168,30.756,2.794,2,2.096,1,1
Roubaix,2021,23/10/2021,WCH,QF,2,2,PAUL_Nicholas,TTO,23.09863014,5,2,10.052,71.62753681,29.534,29.226,31.982,1.378,1,-0.308,-1,1
Roubaix,2021,23/10/2021,WCH,QF,3,2,HOOGLAND_Jeffrey,NED,28.62465753,2,1,9.991,72.06485837,35.988,36.068,38.402,1.167,1,0.08,0,0
Roubaix,2021,23/10/2021,WCH,QF,3,2,IAKOVLEV_Mikhail,RCF,21.15616438,6,2,10.146,70.96392667,26.672,26.498,31.464,2.483,2,-0.174,0,0
Roubaix,2021,23/10/2021,WCH,QF,4,2,VIGIER_Sebastien,FRA,,3,1,9.983,72.12260843,29.17,29.574,32.248,1.337,2,0.404,1,1
Roubaix,2021,23/10/2021,WCH,QF,4,2,RUDYK_Mateusz,POL,26.27945205,7,2,10.835,66.45131518,32.469,32.268,34.372,1.052,1,-0.201,-1,1
Roubaix,2021,23/10/2021,WCH,QF,2,3,BOETTICHER_Stefan,GER,,4,1,10.002,71.98560288,25.168,26.684,31.922,2.619,2,1.516,1,1
Roubaix,2021,23/10/2021,WCH,QF,2,3,PAUL_Nicholas,TTO,23.09863014,5,2,10.039,71.72029087,29.226,28.978,31.698,1.36,1,-0.248,-1,1
Roubaix,2021,23/10/2021,WCH,QF,3,3,HOOGLAND_Jeffrey,NED,28.62465753,2,1,9.877,72.89662853,36.068,36.14,38.466,1.163,1,0.072,0,0
Roubaix,2021,23/10/2021,WCH,QF,3,3,IAKOVLEV_Mikhail,RCF,21.15616438,6,2,10.223,70.42942385,26.498,26.346,31.174,2.414,2,-0.152,0,0
Roubaix,2021,23/10/2021,WCH,SF,1,1,LAVREYSEN_Harrie,NED,24.62739726,1,1,9.992,72.05764612,40.52,40.595,43.165,1.285,1,0.075,0,0
Roubaix,2021,23/10/2021,WCH,SF,1,1,VIGIER_Sebastien,FRA,,3,2,10.079,71.4356583,29.574,29.9,32.51,1.305,2,0.326,0,0
Roubaix,2021,23/10/2021,WCH,SF,2,1,HOOGLAND_Jeffrey,NED,28.62465753,2,2,12.686,56.75547848,36.14,35.934,38.22,1.143,1,-0.206,-1,1
Roubaix,2021,23/10/2021,WCH,SF,2,1,BOETTICHER_Stefan,GER,,4,1,10.193,70.63671147,26.684,29.118,33.876,2.379,1,2.434,0,0
Roubaix,2021,23/10/2021,WCH,SF,1,2,LAVREYSEN_Harrie,NED,24.62739726,1,1,9.852,73.0816078,40.595,40.274,42.79,1.258,1,-0.321,0,0
Roubaix,2021,23/10/2021,WCH,SF,1,2,VIGIER_Sebastien,FRA,,3,2,10.1,71.28712871,29.9,29.824,32.41,1.293,2,-0.076,0,0
Roubaix,2021,23/10/2021,WCH,SF,2,2,HOOGLAND_Jeffrey,NED,28.62465753,2,1,10.031,71.77748978,35.934,36.044,38.318,1.137,1,0.11,0,0
Roubaix,2021,23/10/2021,WCH,SF,2,2,BOETTICHER_Stefan,GER,,4,2,10.127,71.09706725,29.118,28.857,33.455,2.299,2,-0.261,0,0
Roubaix,2021,23/10/2021,WCH,SF,2,3,HOOGLAND_Jeffrey,NED,28.62465753,2,1,9.883,72.85237276,36.044,36.143,38.407,1.132,1,0.099,0,0
Roubaix,2021,23/10/2021,WCH,SF,2,3,BOETTICHER_Stefan,GER,,4,2,9.968,72.23113965,28.857,28.635,33.093,2.229,2,-0.222,0,0
Roubaix,2021,23/10/2021,WCH,F,G,1,LAVREYSEN_Harrie,NED,24.62739726,1,1,9.881,72.86711871,40.274,40.414,42.91,1.248,1,0.14,0,0
Roubaix,2021,23/10/2021,WCH,F,G,1,HOOGLAND_Jeffrey,NED,28.62465753,2,2,10.033,71.7631815,36.143,36.058,38.31,1.126,2,-0.085,0,0
Roubaix,2021,23/10/2021,WCH,F,B,1,VIGIER_Sebastien,FRA,,3,1,10.235,70.34684905,29.824,30.1,32.656,1.278,1,0.276,0,0
Roubaix,2021,23/10/2021,WCH,F,B,1,BOETTICHER_Stefan,GER,,4,2,REL,,28.635,28.089,32.363,2.137,2,-0.546,0,0
Roubaix,2021,23/10/2021,WCH,F,G,2,LAVREYSEN_Harrie,NED,24.62739726,1,1,9.977,72.16598176,40.414,40.49,42.97,1.24,1,0.076,0,0
Roubaix,2021,23/10/2021,WCH,F,G,2,HOOGLAND_Jeffrey,NED,28.62465753,2,2,10.155,70.90103397,36.058,35.879,38.095,1.108,2,-0.179,0,0
Roubaix,2021,23/10/2021,WCH,F,B,2,VIGIER_Sebastien,FRA,,3,2,10.172,70.78254031,30.1,30.37,32.87,1.25,1,0.27,-1,1
Roubaix,2021,23/10/2021,WCH,F,B,2,BOETTICHER_Stefan,GER,,4,1,10.137,71.02693104,28.089,28.097,32.239,2.071,1,0.008,0,0
Glasgow,2022,24/04/2022,NC,R16,1,1,CORNISH_Thomas,AUS,22.20273973,6,1,10.683,67.39679865,9,20.657,30.411,4.877,2,11.657,1,1
Glasgow,2022,24/04/2022,NC,R16,1,1,HOHNE_Anton,GER,,28,2,10.729,67.10783857,13.324,13.018,22.882,4.932,1,-0.306,-1,1
Glasgow,2022,24/04/2022,NC,R16,2,1,RICHARDSON_Matthew,AUS,23.03561644,2,1,10.403,69.21080458,12.032,13.911,21.571,3.83,1,1.879,0,0
Glasgow,2022,24/04/2022,NC,R16,2,1,WAGNER_Robin,CZE,29.22465753,27,2,10.498,68.58449228,8.33,7.522,15.898,4.188,2,-0.808,0,0
Glasgow,2022,24/04/2022,NC,R16,3,1,TJON_EN_FA_Jair,SUR,28.53150685,7,1,10.508,68.51922345,26.632,26.736,29.958,1.611,1,0.104,0,0
Glasgow,2022,24/04/2022,NC,R16,3,1,MARTINEZ_CHORRO_Alejandro,ESP,23.92328767,26,2,10.609,67.86690546,6.262,6.256,18.834,6.289,2,-0.006,0,0
Glasgow,2022,24/04/2022,NC,R16,4,1,ČECHMAN_Martin,CZE,23.5260274,9,1,10.482,68.68918145,9,19.498,32.03,6.266,2,10.498,1,1
Glasgow,2022,24/04/2022,NC,R16,4,1,MATSUI_Koyu,RKD,29.6,25,2,10.496,68.59756098,22.266,21.409,27.707,3.149,1,-0.857,-1,1
Glasgow,2022,24/04/2022,NC,R16,5,1,WAMMES_Nick,CAN,22.52328767,8,1,10.206,70.54673721,21.503,21.933,26.307,2.187,1,0.43,0,0
Glasgow,2022,24/04/2022,NC,R16,5,1,LIVANOS_Konstantinos,GRE,20.51506849,24,2,10.733,67.08282866,9,6.892,19.774,6.441,2,-2.108,0,0
Glasgow,2022,24/04/2022,NC,R16,6,1,RAMIREZ_MORALES_Santiago,COL,27.78082192,16,1,10.383,69.3441202,18.599,19.528,24.586,2.529,1,0.929,0,0
Glasgow,2022,24/04/2022,NC,R16,6,1,JURCZYK_Marc,GER,26.2739726,17,2,10.391,69.29073236,13.656,11.672,21.618,4.973,2,-1.984,0,0
Glasgow,2022,24/04/2022,NC,R16,7,1,SZALONTAY_Sandor,HUN,,10,1,10.311,69.82833867,20.118,20.471,24.209,1.869,1,0.353,0,0
Glasgow,2022,24/04/2022,NC,R16,7,1,van_LOON_Tijmen,NED,21.10958904,23,2,10.414,69.13769925,9,6.344,18.882,6.269,2,-2.656,0,0
Glasgow,2022,24/04/2022,NC,R16,8,1,LIGTLEE_Sam,BCC,24.38082192,15,1,10.255,70.20965383,6.344,14.602,25.406,5.402,2,8.258,1,1
Glasgow,2022,24/04/2022,NC,R16,8,1,TURNBULL_Hamish,TIN,22.79726027,18,2,10.271,70.10028235,17.614,14.039,24.301,5.131,1,-3.575,-1,1
Glasgow,2022,24/04/2022,NC,R16,9,1,DODYK_Ryan,CAN,25.40273973,14,1,10.321,69.7606821,6.262,11.803,24.281,6.239,1,5.541,0,0
Glasgow,2022,24/04/2022,NC,R16,9,1,SHINZAN_Kyohei,JPN,28.49315068,19,2,10.336,69.65944272,6.262,4.449,16.927,6.239,1,-1.813,-1,1
Glasgow,2022,24/04/2022,NC,R16,10,1,TRUMAN_Joseph,GBR,25.20547945,11,1,10.163,70.84522287,21.852,22.801,28.753,2.976,1,0.949,0,0
Glasgow,2022,24/04/2022,NC,R16,10,1,ROCHNA_Daniel,POL,22.66575342,22,2,10.176,70.75471698,15.914,15.363,22.869,3.753,2,-0.551,0,0
Glasgow,2022,24/04/2022,NC,R16,11,1,SARNECKI_Rafal,POL,32.31232877,13,1,10.182,70.71302298,6.262,17.864,28.434,5.285,2,11.602,1,1
Glasgow,2022,24/04/2022,NC,R16,11,1,QUINTERO_CHAVARRO_Kevin_Santiago,COL,23.50410959,20,2,10.199,70.59515639,25.081,24.743,27.813,1.535,1,-0.338,-1,1
Glasgow,2022,24/04/2022,NC,R16,12,1,SAHROM_Muhammad_Shah_Firdaus,MAS,26.42739726,12,1,10.3,69.90291262,21.938,22.798,27.418,2.31,1,0.86,0,0
Glasgow,2022,24/04/2022,NC,R16,12,1,LANDERNEAU_Melvin,FRA,24.58630137,21,2,10.439,68.97212377,18.802,17.307,25.423,4.058,2,-1.495,0,0
Glasgow,2022,24/04/2022,NC,R8,1,1,LAVREYSEN_Harrie,NED,25.12876712,1,1,10.221,70.44320517,40.49,40.495,42.977,1.241,1,0.005,0,0
Glasgow,2022,24/04/2022,NC,R8,1,1,SAHROM_Muhammad_Shah_Firdaus,MAS,26.42739726,12,2,10.356,69.52491309,22.798,22.79,27.394,2.302,2,-0.008,0,0
Glasgow,2022,24/04/2022,NC,R8,2,1,PAUL_Nicholas,TTO,23.6,4,1,10.189,70.66444205,28.978,29.137,31.839,1.351,1,0.159,0,0
Glasgow,2022,24/04/2022,NC,R8,2,1,SARNECKI_Rafal,POL,32.31232877,13,2,11.21,64.22836753,17.864,17.121,26.315,4.597,2,-0.743,0,0
Glasgow,2022,24/04/2022,NC,R8,3,1,CARLIN_Jack,GBR,25.01917808,5,1,10.072,71.4853058,32.348,32.492,35.514,1.511,1,0.144,0,0
Glasgow,2022,24/04/2022,NC,R8,3,1,TRUMAN_Joseph,GBR,25.20547945,11,2,10.846,66.38392034,22.801,22.597,28.311,2.857,2,-0.204,0,0
Glasgow,2022,24/04/2022,NC,R8,4,1,VIGIER_Sebastien,FRA,,3,1,9.276,77.61966365,30.37,30.433,32.929,1.248,1,0.063,0,0
Glasgow,2022,24/04/2022,NC,R8,4,1,DODYK_Ryan,CAN,25.40273973,14,2,9.571,75.22724898,11.803,11.708,22.826,5.559,2,-0.095,0,0
Glasgow,2022,24/04/2022,NC,R8,5,1,CORNISH_Thomas,AUS,22.20273973,6,1,10.388,69.31074317,20.657,22.731,31.763,4.516,1,2.074,0,0
Glasgow,2022,24/04/2022,NC,R8,5,1,LIGTLEE_Sam,BCC,24.38082192,15,2,10.528,68.38905775,14.602,13.933,23.747,4.907,2,-0.669,0,0
Glasgow,2022,24/04/2022,NC,R8,6,1,RICHARDSON_Matthew,AUS,23.03561644,2,1,10.172,70.78254031,13.911,16.973,23.821,3.424,2,3.062,1,1
Glasgow,2022,24/04/2022,NC,R8,6,1,SZALONTAY_Sandor,HUN,,10,2,10.225,70.41564792,20.471,20.022,23.672,1.825,1,-0.449,-1,1
Glasgow,2022,24/04/2022,NC,R8,7,1,TJON_EN_FA_Jair,SUR,28.53150685,7,1,10.309,69.84188573,26.736,26.938,30.12,1.591,1,0.202,0,0
Glasgow,2022,24/04/2022,NC,R8,7,1,RAMIREZ_MORALES_Santiago,COL,27.78082192,16,2,10.413,69.14433881,19.528,19.299,24.187,2.444,2,-0.229,0,0
Glasgow,2022,24/04/2022,NC,R8,8,1,WAMMES_Nick,CAN,22.52328767,8,1,10.109,71.22366208,21.933,22.741,27.015,2.137,1,0.808,0,0
Glasgow,2022,24/04/2022,NC,R8,8,1,ČECHMAN_Martin,CZE,23.5260274,9,2,10.147,70.95693308,19.498,16.371,26.225,4.927,2,-3.127,0,0
Glasgow,2022,24/04/2022,NC,QF,1,1,LAVREYSEN_Harrie,NED,25.12876712,1,1,10.311,69.82833867,40.495,40.499,42.983,1.242,1,0.004,0,0
Glasgow,2022,24/04/2022,NC,QF,1,1,WAMMES_Nick,CAN,22.52328767,8,2,10.404,69.20415225,22.741,22.734,26.998,2.132,2,-0.007,0,0
Glasgow,2022,24/04/2022,NC,QF,2,1,PAUL_Nicholas,TTO,23.6,4,1,10.277,70.05935584,29.137,29.376,32.044,1.334,1,0.239,0,0
Glasgow,2022,24/04/2022,NC,QF,2,1,TJON_EN_FA_Jair,SUR,28.53150685,7,2,10.42,69.09788868,26.938,26.711,29.835,1.562,2,-0.227,0,0
Glasgow,2022,24/04/2022,NC,QF,3,1,RICHARDSON_Matthew,AUS,23.03561644,2,1,11.873,60.6417923,16.973,21.395,27.485,3.045,2,4.422,1,1
Glasgow,2022,24/04/2022,NC,QF,3,1,CARLIN_Jack,GBR,25.01917808,5,2,14.164,50.83309799,32.492,31.835,34.799,1.482,1,-0.657,-1,1
Glasgow,2022,24/04/2022,NC,QF,4,1,VIGIER_Sebastien,FRA,,3,1,10.008,71.94244604,30.433,30.607,33.087,1.24,1,0.174,0,0
Glasgow,2022,24/04/2022,NC,QF,4,1,CORNISH_Thomas,AUS,22.20273973,6,2,10.656,67.56756757,22.731,21.744,29.698,3.977,2,-0.987,0,0
Glasgow,2022,24/04/2022,NC,QF,1,2,LAVREYSEN_Harrie,NED,25.12876712,1,1,10.326,69.72690296,40.499,40.503,42.989,1.243,1,0.004,0,0
Glasgow,2022,24/04/2022,NC,QF,1,2,WAMMES_Nick,CAN,22.52328767,8,2,10.439,68.97212377,22.734,22.727,26.981,2.127,2,-0.007,0,0
Glasgow,2022,24/04/2022,NC,QF,2,2,PAUL_Nicholas,TTO,23.6,4,1,10.367,69.45114305,29.376,29.586,32.218,1.316,1,0.21,0,0
Glasgow,2022,24/04/2022,NC,QF,2,2,TJON_EN_FA_Jair,SUR,28.53150685,7,2,10.418,69.11115377,26.711,26.553,29.575,1.511,2,-0.158,0,0
Glasgow,2022,24/04/2022,NC,QF,3,2,RICHARDSON_Matthew,AUS,23.03561644,2,2,10.131,71.06899615,21.395,22.216,27.57,2.677,1,0.821,-1,1
Glasgow,2022,24/04/2022,NC,QF,3,2,CARLIN_Jack,GBR,25.01917808,5,1,10.051,71.63466322,31.835,31.909,34.783,1.437,1,0.074,0,0
Glasgow,2022,24/04/2022,NC,QF,4,2,VIGIER_Sebastien,FRA,,3,1,10.312,69.82156711,30.607,30.785,33.215,1.215,1,0.178,0,0
Glasgow,2022,24/04/2022,NC,QF,4,2,CORNISH_Thomas,AUS,22.20273973,6,2,10.343,69.61229817,21.744,21.331,28.507,3.588,2,-0.413,0,0
Glasgow,2022,24/04/2022,NC,QF,3,3,RICHARDSON_Matthew,AUS,23.03561644,2,1,10.73,67.10158434,22.216,24.411,29.395,2.492,2,2.195,1,1
Glasgow,2022,24/04/2022,NC,QF,3,3,CARLIN_Jack,GBR,25.01917808,5,2,10.737,67.05783738,31.909,31.434,34.256,1.411,1,-0.475,-1,1
Glasgow,2022,24/04/2022,NC,SF,1,1,LAVREYSEN_Harrie,NED,25.12876712,1,1,10.254,70.21650088,40.503,40.522,43.006,1.242,1,0.019,0,0
Glasgow,2022,24/04/2022,NC,SF,1,1,VIGIER_Sebastien,FRA,,3,2,10.344,69.60556845,30.785,30.683,33.073,1.195,2,-0.102,0,0
Glasgow,2022,24/04/2022,NC,SF,2,1,RICHARDSON_Matthew,AUS,23.03561644,2,2,,,24.411,25.327,29.923,2.298,1,0.916,-1,1
Glasgow,2022,24/04/2022,NC,SF,2,1,PAUL_Nicholas,TTO,23.6,4,1,9.915,72.6172466,29.586,30.206,32.774,1.284,1,0.62,0,0
Glasgow,2022,24/04/2022,NC,SF,1,2,LAVREYSEN_Harrie,NED,25.12876712,1,1,10.106,71.24480507,40.522,40.197,42.627,1.215,1,-0.325,0,0
Glasgow,2022,24/04/2022,NC,SF,1,2,VIGIER_Sebastien,FRA,,3,2,10.17,70.79646018,30.683,30.597,32.965,1.184,2,-0.086,0,0
Glasgow,2022,24/04/2022,NC,SF,2,2,RICHARDSON_Matthew,AUS,23.03561644,2,1,,,25.327,26.514,30.892,2.189,2,1.187,1,1
Glasgow,2022,24/04/2022,NC,SF,2,2,PAUL_Nicholas,TTO,23.6,4,2,DNS,,30.206,29.935,32.471,1.268,1,-0.271,-1,1
Glasgow,2022,24/04/2022,NC,F,G,1,LAVREYSEN_Harrie,NED,25.12876712,1,1,10.083,71.40731925,40.197,40.221,42.649,1.214,1,0.024,0,0
Glasgow,2022,24/04/2022,NC,F,G,1,RICHARDSON_Matthew,AUS,23.03561644,2,2,10.183,70.70607876,26.514,26.484,30.82,2.168,2,-0.03,0,0
Glasgow,2022,24/04/2022,NC,F,B,1,VIGIER_Sebastien,FRA,,3,1,,,30.597,30.808,33.154,1.173,1,0.211,0,0
Glasgow,2022,24/04/2022,NC,F,B,1,PAUL_Nicholas,TTO,23.6,4,2,DNS,,29.935,29.749,32.255,1.253,2,-0.186,0,0
Glasgow,2022,24/04/2022,NC,F,G,2,LAVREYSEN_Harrie,NED,25.12876712,1,1,10.13,71.07601185,40.221,40.244,42.67,1.213,1,0.023,0,0
Glasgow,2022,24/04/2022,NC,F,G,2,RICHARDSON_Matthew,AUS,23.03561644,2,2,10.377,69.38421509,26.484,26.456,30.752,2.148,2,-0.028,0,0
Glasgow,2022,24/04/2022,NC,F,B,2,VIGIER_Sebastien,FRA,,3,1,,,30.808,31.006,33.33,1.162,1,0.198,0,0
Glasgow,2022,24/04/2022,NC,F,B,2,PAUL_Nicholas,TTO,23.6,4,2,,,29.749,29.576,32.054,1.239,2,-0.173,0,0
Milton,2022,15/05/2022,NC,R16,1,1,SZALONTAY_Sándor,HUN,31.88767123,9,1,10.107,71.23775601,9,15.054,29.396,7.171,1,6.054,0,0
Milton,2022,15/05/2022,NC,R16,1,1,SPIES_Jean,RSA,32.48493151,28,2,10.991,65.50814303,9,6.262,20.604,7.171,1,-2.738,-1,1
Milton,2022,15/05/2022,NC,R16,2,1,WAMMES_Nick,CAN,22.58082192,10,1,10.166,70.82431635,22.727,23.094,27.296,2.101,1,0.367,0,0
Milton,2022,15/05/2022,NC,R16,2,1,BROWNE_Kwesi,TTO,28.30410959,27,2,10.819,66.54958869,9,7.157,20.179,6.511,2,-1.843,0,0
Milton,2022,15/05/2022,NC,R16,3,1,DODYK_Ryan,CAN,25.46027397,11,1,10.659,67.54855052,11.708,15.304,25.158,4.927,1,3.596,0,0
Milton,2022,15/05/2022,NC,R16,3,1,PERALTA_Juan,ESP,32.01643836,26,2,10.85,66.359447,11.495,10.604,19.066,4.231,2,-0.891,0,0
Milton,2022,15/05/2022,NC,R16,4,1,TRUMAN_Joseph,TIN,25.2630137,12,1,10.317,69.78772899,22.597,23.218,28.812,2.797,1,0.621,0,0
Milton,2022,15/05/2022,NC,R16,4,1,TOPINKA_Dominik,CZE,28.80821918,25,2,10.456,68.8599847,9,7.394,20.74,6.673,2,-1.606,0,0
Milton,2022,15/05/2022,NC,R16,5,1,LIGTLEE_Sam,BCC,24.43835616,6,1,10.256,70.20280811,13.933,15.934,25.084,4.575,1,2.001,0,0
Milton,2022,15/05/2022,NC,R16,5,1,MARTINEZ_CHORRO_Alejandro,ESP,23.98082192,24,2,10.449,68.90611542,6.256,5.493,16.637,5.572,2,-0.763,0,0
Milton,2022,15/05/2022,NC,R16,6,1,HOOGLAND_Jeffrey,NED,29.18356164,2,1,10.024,71.82761373,35.879,35.887,38.105,1.109,1,0.008,0,0
Milton,2022,15/05/2022,NC,R16,6,1,RAMIREZ_MORALES_Santiago,COL,27.83835616,23,2,10.354,69.53834267,19.299,19.285,24.139,2.427,2,-0.014,0,0
Milton,2022,15/05/2022,NC,R16,7,1,YAMASAKI_Kento,RKD,29.42739726,7,1,10.313,69.81479686,12.237,16.226,25.29,4.532,2,3.989,1,1
Milton,2022,15/05/2022,NC,R16,7,1,ROCHNA_Daniel,POL,22.72328767,22,2,10.325,69.73365617,15.363,14.424,21.454,3.515,1,-0.939,-1,1
Milton,2022,15/05/2022,NC,R16,8,1,OBARA_Yuta,JPN,26.22465753,8,1,10.042,71.69886477,13.163,15.251,24.529,4.639,1,2.088,0,0
Milton,2022,15/05/2022,NC,R16,8,1,TERASAKI_Kohei,RKD,28.37808219,21,2,10.047,71.66318304,5.219,4.329,16.137,5.904,2,-0.89,0,0
Milton,2022,15/05/2022,NC,R16,9,1,YAN_Weiming,CHN,24.18082192,13,1,10.14,71.00591716,9,13.212,27.548,7.168,1,4.212,0,0
Milton,2022,15/05/2022,NC,R16,9,1,ZHOU_Yu,CHN,23.37260274,20,2,10.329,69.70665118,8.201,7.847,15.747,3.95,2,-0.354,0,0
Milton,2022,15/05/2022,NC,R16,10,1,TURNBULL_Hamish,GBR,22.85479452,16,1,10.427,69.05150091,14.039,18.678,27.398,4.36,2,4.639,1,1
Milton,2022,15/05/2022,NC,R16,10,1,LENDEL_Vasilijus,LTU,27.11780822,17,2,10.44,68.96551724,21.569,21.216,24.936,1.86,1,-0.353,-1,1
Milton,2022,15/05/2022,NC,R16,11,1,QUINTERO_CHAVARRO_Kevin_Santiago,COL,23.56164384,14,1,10.336,69.65944272,24.743,24.841,27.897,1.528,1,0.098,0,0
Milton,2022,15/05/2022,NC,R16,11,1,van_LOON_Tijmen,BCC,21.16712329,19,2,10.412,69.15097964,6.344,6.267,17.481,5.607,2,-0.077,0,0
Milton,2022,15/05/2022,NC,R16,12,1,ČECHMAN_Martin,CZE,23.58356164,15,1,10.422,69.08462867,16.371,18.625,27.877,4.626,1,2.254,0,0
Milton,2022,15/05/2022,NC,R16,12,1,BÖTTICHER_Stefan,GER,30.30410959,18,2,10.523,68.42155279,9,6.727,20.277,6.775,2,-2.273,0,0
Milton,2022,15/05/2022,NC,R8,1,1,RICHARDSON_Matthew,AUS,23.09315068,1,1,10.494,68.61063465,26.456,26.923,31.127,2.102,1,0.467,0,0
Milton,2022,15/05/2022,NC,R8,1,1,ČECHMAN_Martin,CZE,23.58356164,15,2,12.221,58.91498241,18.625,17.873,26.141,4.134,2,-0.752,0,0
Milton,2022,15/05/2022,NC,R8,2,1,GLAETZER_Matthew,AUS,29.74246575,5,1,9.994,72.04322594,32.491,32.605,35.553,1.474,1,0.114,0,0
Milton,2022,15/05/2022,NC,R8,2,1,QUINTERO_CHAVARRO_Kevin_Santiago,COL,23.56164384,14,2,10.188,70.67137809,24.841,24.773,27.801,1.514,2,-0.068,0,0
Milton,2022,15/05/2022,NC,R8,3,1,RUDYK_Mateusz,POL,26.83835616,4,1,10.147,70.95693308,32.268,32.323,34.425,1.051,1,0.055,0,0
Milton,2022,15/05/2022,NC,R8,3,1,TURNBULL_Hamish,GBR,22.85479452,16,2,10.196,70.61592781,18.678,18.433,26.499,4.033,2,-0.245,0,0
Milton,2022,15/05/2022,NC,R8,4,1,CARLIN_Jack,TIN,25.07671233,3,1,10.172,70.78254031,31.434,31.538,34.35,1.406,1,0.104,0,0
Milton,2022,15/05/2022,NC,R8,4,1,YAN_Weiming,CHN,24.18082192,13,2,10.215,70.4845815,13.212,12.945,25.129,6.092,2,-0.267,0,0
Milton,2022,15/05/2022,NC,R8,5,1,OBARA_Yuta,JPN,26.22465753,8,1,10.121,71.13921549,15.251,18.39,26.958,4.284,1,3.139,0,0
Milton,2022,15/05/2022,NC,R8,5,1,SZALONTAY_Sándor,HUN,31.88767123,9,2,10.232,70.36747459,15.054,12.052,23.594,5.771,2,-3.002,0,0
Milton,2022,15/05/2022,NC,R8,6,1,YAMASAKI_Kento,RKD,29.42739726,7,1,10.147,70.95693308,16.226,20.162,28.048,3.943,2,3.936,1,1
Milton,2022,15/05/2022,NC,R8,6,1,WAMMES_Nick,CAN,22.58082192,10,2,10.296,69.93006993,23.094,22.609,26.703,2.047,1,-0.485,-1,1
Milton,2022,15/05/2022,NC,R8,7,1,HOOGLAND_Jeffrey,NED,29.18356164,2,1,10.884,66.15214994,35.887,35.905,38.125,1.11,1,0.018,0,0
Milton,2022,15/05/2022,NC,R8,7,1,DODYK_Ryan,CAN,25.46027397,11,2,11.295,63.74501992,15.304,15.341,24.773,4.716,2,0.037,0,0
Milton,2022,15/05/2022,NC,R8,8,1,LIGTLEE_Sam,BCC,24.43835616,6,1,10.034,71.7560295,15.934,20.246,28.2,3.977,2,4.312,1,1
Milton,2022,15/05/2022,NC,R8,8,1,TRUMAN_Joseph,TIN,25.2630137,12,2,10.086,71.38607971,23.218,22.313,27.647,2.667,1,-0.905,-1,1
Milton,2022,15/05/2022,NC,QF,1,1,RICHARDSON_Matthew,AUS,23.09315068,1,1,10.629,67.73920406,26.923,28.126,32.118,1.996,1,1.203,0,0
Milton,2022,15/05/2022,NC,QF,1,1,LIGTLEE_Sam,BCC,24.43835616,6,2,11.483,62.70138466,20.246,23.534,29.942,3.204,2,3.288,0,0
Milton,2022,15/05/2022,NC,QF,2,1,HOOGLAND_Jeffrey,NED,29.18356164,2,2,10.046,71.67031654,35.905,35.525,37.711,1.093,1,-0.38,-1,1
Milton,2022,15/05/2022,NC,QF,2,1,GLAETZER_Matthew,AUS,29.74246575,5,1,9.983,72.12260843,32.605,32.678,35.538,1.43,1,0.073,0,0
Milton,2022,15/05/2022,NC,QF,3,1,RUDYK_Mateusz,POL,26.83835616,4,1,10.095,71.32243685,32.323,32.411,34.485,1.037,1,0.088,0,0
Milton,2022,15/05/2022,NC,QF,3,1,YAMASAKI_Kento,RKD,29.42739726,7,2,10.217,70.47078399,20.162,20.005,27.315,3.655,2,-0.157,0,0
Milton,2022,15/05/2022,NC,QF,4,1,CARLIN_Jack,TIN,25.07671233,3,1,10.257,70.19596373,31.538,31.642,34.438,1.398,1,0.104,0,0
Milton,2022,15/05/2022,NC,QF,4,1,OBARA_Yuta,JPN,26.22465753,8,2,10.284,70.01166861,18.39,18.172,26.148,3.988,2,-0.218,0,0
Milton,2022,15/05/2022,NC,QF,1,2,RICHARDSON_Matthew,AUS,23.09315068,1,1,10.114,71.18845165,28.126,28.603,32.501,1.949,1,0.477,0,0
Milton,2022,15/05/2022,NC,QF,1,2,LIGTLEE_Sam,BCC,24.43835616,6,2,10.209,70.52600646,23.534,22.956,28.956,3,2,-0.578,0,0
Milton,2022,15/05/2022,NC,QF,2,2,HOOGLAND_Jeffrey,NED,29.18356164,2,1,9.919,72.5879625,35.525,35.667,37.839,1.086,1,0.142,0,0
Milton,2022,15/05/2022,NC,QF,2,2,GLAETZER_Matthew,AUS,29.74246575,5,2,9.938,72.44918495,32.678,32.5,35.32,1.41,2,-0.178,0,0
Milton,2022,15/05/2022,NC,QF,3,2,RUDYK_Mateusz,POL,26.83835616,4,1,10.26,70.1754386,32.411,32.462,34.534,1.036,1,0.051,0,0
Milton,2022,15/05/2022,NC,QF,3,2,YAMASAKI_Kento,RKD,29.42739726,7,2,10.316,69.79449399,20.005,19.798,26.706,3.454,2,-0.207,0,0
Milton,2022,15/05/2022,NC,QF,4,2,CARLIN_Jack,TIN,25.07671233,3,1,10.284,70.01166861,31.642,31.73,34.512,1.391,1,0.088,0,0
Milton,2022,15/05/2022,NC,QF,4,2,OBARA_Yuta,JPN,26.22465753,8,2,10.433,69.01178951,18.172,18.016,25.55,3.767,2,-0.156,0,0
Milton,2022,15/05/2022,NC,QF,2,3,HOOGLAND_Jeffrey,NED,29.18356164,2,1,10.135,71.04094721,35.667,35.801,37.959,1.079,1,0.134,0,0
Milton,2022,15/05/2022,NC,QF,2,3,GLAETZER_Matthew,AUS,29.74246575,5,2,11.436,62.9590766,32.5,32.336,35.118,1.391,2,-0.164,0,0
Milton,2022,15/05/2022,NC,SF,1,1,RICHARDSON_Matthew,AUS,23.09315068,1,1,9.869,72.95571993,28.603,29.74,33.448,1.854,2,1.137,1,1
Milton,2022,15/05/2022,NC,SF,1,1,CARLIN_Jack,TIN,25.07671233,3,2,10.155,70.90103397,31.73,31.752,34.45,1.349,1,0.022,-1,1
Milton,2022,15/05/2022,NC,SF,2,1,HOOGLAND_Jeffrey,NED,29.18356164,2,2,10.214,70.49148228,35.801,35.583,37.705,1.061,1,-0.218,-1,1
Milton,2022,15/05/2022,NC,SF,2,1,RUDYK_Mateusz,POL,26.83835616,4,1,10.122,71.13218731,32.462,32.562,34.604,1.021,1,0.1,0,0
Milton,2022,15/05/2022,NC,SF,1,2,RICHARDSON_Matthew,AUS,23.09315068,1,1,9.83,73.24516785,29.74,30.317,33.827,1.755,2,0.577,1,1
Milton,2022,15/05/2022,NC,SF,1,2,CARLIN_Jack,TIN,25.07671233,3,2,10.01,71.92807193,31.752,31.487,34.131,1.322,1,-0.265,-1,1
Milton,2022,15/05/2022,NC,SF,2,2,HOOGLAND_Jeffrey,NED,29.18356164,2,1,10.184,70.6991359,35.583,35.701,37.811,1.055,1,0.118,0,0
Milton,2022,15/05/2022,NC,SF,2,2,RUDYK_Mateusz,POL,26.83835616,4,2,10.199,70.59515639,32.562,32.474,34.506,1.016,2,-0.088,0,0
Milton,2022,15/05/2022,NC,SF,2,3,HOOGLAND_Jeffrey,NED,29.18356164,2,1,10.331,69.69315652,35.701,35.812,37.912,1.05,1,0.111,0,0
Milton,2022,15/05/2022,NC,SF,2,3,RUDYK_Mateusz,POL,26.83835616,4,2,10.695,67.32117812,32.474,32.388,34.412,1.012,2,-0.086,0,0
Milton,2022,15/05/2022,NC,F,G,1,RICHARDSON_Matthew,AUS,23.09315068,1,1,9.956,72.31820008,30.317,31.089,34.493,1.702,2,0.772,1,1
Milton,2022,15/05/2022,NC,F,G,1,HOOGLAND_Jeffrey,NED,29.18356164,2,2,10.162,70.85219445,35.812,35.588,37.672,1.042,1,-0.224,-1,1
Milton,2022,15/05/2022,NC,F,B,1,CARLIN_Jack,TIN,25.07671233,3,1,10.285,70.00486145,31.487,31.783,34.391,1.304,2,0.296,1,1
Milton,2022,15/05/2022,NC,F,B,1,RUDYK_Mateusz,POL,26.83835616,4,2,10.49,68.63679695,32.388,32.247,34.259,1.006,1,-0.141,-1,1
Milton,2022,15/05/2022,NC,F,G,2,RICHARDSON_Matthew,AUS,23.09315068,1,1,9.945,72.39819005,31.089,31.76,35.07,1.655,2,0.671,1,1
Milton,2022,15/05/2022,NC,F,G,2,HOOGLAND_Jeffrey,NED,29.18356164,2,2,15.194,47.3871265,35.588,35.387,37.455,1.034,1,-0.201,-1,1
Milton,2022,15/05/2022,NC,F,B,2,CARLIN_Jack,TIN,25.07671233,3,1,10.315,69.8012603,31.783,32.058,34.632,1.287,2,0.275,1,1
Milton,2022,15/05/2022,NC,F,B,2,RUDYK_Mateusz,POL,26.83835616,4,2,10.458,68.84681583,32.247,32.115,34.115,1,1,-0.132,-1,1
Cali,2022,10/07/2022,NC,R16,1,1,DÖRNBACH_Maximilian,GER,,5,1,10.246,70.2713254,9,15.054,29.396,7.171,1,6.054,0,0
Cali,2022,10/07/2022,NC,R16,1,1,VERDUGO_OSUNA_Edgar,MEX,,28,2,10.397,69.25074541,9,6.262,20.604,7.171,1,-2.738,-1,1
Cali,2022,10/07/2022,NC,R16,2,1,TJON_EN_FA_Jaïr,SUR,,9,1,10.554,68.22057987,9,15.054,29.396,7.171,1,6.054,0,0
Cali,2022,10/07/2022,NC,R16,2,1,JONAUSKAS_Svaj?nas,LTU,27.5369863,27,2,10.63,67.73283161,9,6.262,20.604,7.171,1,-2.738,-1,1
Cali,2022,10/07/2022,NC,R16,3,1,ZHOU_Yu,CHN,23.5260274,6,1,10.512,68.49315068,7.847,10.34,17.824,3.742,2,2.493,1,1
Cali,2022,10/07/2022,NC,R16,3,1,RUIZ_TERAN_Juan,MEX,,26,2,10.753,66.95805822,9,3.495,15.761,6.133,1,-5.505,-1,1
Cali,2022,10/07/2022,NC,R16,4,1,LANDERNEAU_Melvin,FRA,24.79726027,7,1,11.048,65.17016655,17.307,18.893,26.647,3.877,1,1.586,0,0
Cali,2022,10/07/2022,NC,R16,4,1,KALOGEROPOULOS_Ioannis,GRE,28.51232877,25,2,11.275,63.85809313,9,6.61,19.838,6.614,2,-2.39,0,0
Cali,2022,10/07/2022,NC,R16,5,1,XUE_Chenxi,CHN,21.4630137,10,1,10.354,69.53834267,9,15.632,29.12,6.744,2,6.632,1,1
Cali,2022,10/07/2022,NC,R16,5,1,MORENO_SANCHEZ_Jose,ESP,28.66027397,24,2,10.604,67.89890607,14.61,14.117,20.741,3.312,1,-0.493,-1,1
Cali,2022,10/07/2022,NC,R16,6,1,WEBSTER_Sam,NZL,,11,1,10.383,69.3441202,29.705,29.845,33.341,1.748,1,0.14,0,0
Cali,2022,10/07/2022,NC,R16,6,1,BOTTASSO_Leandro,ARG,,23,2,10.576,68.07866868,9,8.286,22.306,7.01,2,-0.714,0,0
Cali,2022,10/07/2022,NC,R16,7,1,RAMIREZ_MORALES_Santiago,COL,27.99178082,8,1,10.156,70.89405278,19.285,19.572,24.348,2.388,1,0.287,0,0
Cali,2022,10/07/2022,NC,R16,7,1,HSIEH_Nien_Hsing,TPE,,22,2,10.517,68.46058762,5.106,4.952,14.358,4.703,2,-0.154,0,0
Cali,2022,10/07/2022,NC,R16,8,1,PONOMARYOV_Sergey,KAZ,24.25205479,16,1,10.369,69.43774713,9,15.554,29.234,6.84,2,6.554,1,1
Cali,2022,10/07/2022,NC,R16,8,1,ANGSUTHASAWIT_Jai,THA,27.41369863,17,2,10.431,69.02502157,12.736,11.879,20.849,4.485,1,-0.857,-1,1
Cali,2022,10/07/2022,NC,R16,9,1,VILAR_Lucas_Oscar,ARG,,15,1,10.686,67.3778776,9,14.75,28.582,6.916,2,5.75,1,1
Cali,2022,10/07/2022,NC,R16,9,1,CHUGAY_Andrey,KAZ,22.49315068,18,2,10.713,67.20806497,11.713,11.154,19.098,3.972,1,-0.559,-1,1
Cali,2022,10/07/2022,NC,R16,10,1,LIU_Qi,BDR,21.62465753,12,1,10.409,69.17090979,9,17.926,30.622,6.348,2,8.926,1,1
Cali,2022,10/07/2022,NC,R16,10,1,LENDEL_Vasilijus,LTU,27.27123288,21,2,10.429,69.0382587,21.216,20.971,24.655,1.842,1,-0.245,-1,1
Cali,2022,10/07/2022,NC,R16,11,1,DAKIN_Sam,NZL,,13,1,10.418,69.11115377,9,13.069,27.583,7.257,1,4.069,0,0
Cali,2022,10/07/2022,NC,R16,11,1,MARTINEZ_CHORRO_Alejandro,ESP,24.13424658,20,2,10.536,68.33712984,5.493,4.956,15.482,5.263,2,-0.537,0,0
Cali,2022,10/07/2022,NC,R16,12,1,BROWNE_Kwesi,TTO,,14,1,10.416,69.12442396,7.157,12.494,24.072,5.789,2,5.337,1,1
Cali,2022,10/07/2022,NC,R16,12,1,HEDGCOCK_James,CAN,20.6630137,19,2,10.452,68.88633754,9,5.12,18.624,6.752,1,-3.88,-1,1
Cali,2022,10/07/2022,NC,R8,1,1,LAVREYSEN_Harrie,NED,25.33972603,2,1,10.231,70.37435246,40.244,40.247,42.677,1.215,1,0.003,0,0
Cali,2022,10/07/2022,NC,R8,1,1,BROWNE_Kwesi,TTO,,14,2,10.599,67.93093688,12.494,12.581,23.907,5.663,2,0.087,0,0
Cali,2022,10/07/2022,NC,R8,2,1,PAUL_Nicholas,TTO,23.8109589,1,1,10.082,71.4144019,29.576,29.674,32.146,1.236,1,0.098,0,0
Cali,2022,10/07/2022,NC,R8,2,1,DAKIN_Sam,NZL,,13,2,10.226,70.40876198,13.069,12.469,24.431,5.981,2,-0.6,0,0
Cali,2022,10/07/2022,NC,R8,3,1,HOOGLAND_Jeffrey,NED,29.3369863,3,1,10.192,70.64364207,35.387,35.438,37.506,1.034,1,0.051,0,0
Cali,2022,10/07/2022,NC,R8,3,1,LIU_Qi,BDR,21.62465753,12,2,10.416,69.12442396,17.926,17.667,28.715,5.524,2,-0.259,0,0
Cali,2022,10/07/2022,NC,R8,4,1,ORTEGA_FONTALVO_Cristian_David,COL,21.79178082,4,1,10.177,70.74776457,9,17.104,30.822,6.859,2,8.104,1,1
Cali,2022,10/07/2022,NC,R8,4,1,VILAR_Lucas_Oscar,ARG,,15,2,10.221,70.44320517,14.75,12.371,24.571,6.1,1,-2.379,-1,1
Cali,2022,10/07/2022,NC,R8,5,1,DÖRNBACH_Maximilian,GER,,5,1,10.205,70.55365017,15.054,20.681,33.099,6.209,2,5.627,1,1
Cali,2022,10/07/2022,NC,R8,5,1,PONOMARYOV_Sergey,KAZ,24.25205479,16,2,10.245,70.27818448,15.554,13.843,25.865,6.011,1,-1.711,-1,1
Cali,2022,10/07/2022,NC,R8,6,1,RAMIREZ_MORALES_Santiago,COL,27.99178082,8,1,10.078,71.44274658,19.572,20.408,25.074,2.333,1,0.836,0,0
Cali,2022,10/07/2022,NC,R8,6,1,TJON_EN_FA_Jaïr,SUR,,9,2,10.15,70.93596059,15.054,11.924,22.86,5.468,2,-3.13,0,0
Cali,2022,10/07/2022,NC,R8,7,1,ZHOU_Yu,CHN,23.5260274,6,1,10.09,71.35777998,10.34,16.382,22.894,3.256,2,6.042,1,1
Cali,2022,10/07/2022,NC,R8,7,1,WEBSTER_Sam,NZL,,11,2,10.134,71.04795737,29.845,28.827,32.233,1.703,1,-1.018,-1,1
Cali,2022,10/07/2022,NC,R8,8,1,LANDERNEAU_Melvin,FRA,24.79726027,7,1,10.283,70.0184771,18.893,20.903,28.217,3.657,1,2.01,0,0
Cali,2022,10/07/2022,NC,R8,8,1,XUE_Chenxi,CHN,21.4630137,10,2,10.299,69.90969997,15.632,13.376,24.372,5.498,2,-2.256,0,0
Cali,2022,10/07/2022,NC,QF,1,1,LAVREYSEN_Harrie,NED,25.33972603,2,1,10.259,70.18227897,40.247,40.258,42.69,1.216,1,0.011,0,0
Cali,2022,10/07/2022,NC,QF,1,1,LANDERNEAU_Melvin,FRA,24.79726027,7,2,10.448,68.91271057,20.903,20.906,28.1,3.597,2,0.003,0,0
Cali,2022,10/07/2022,NC,QF,2,1,PAUL_Nicholas,TTO,23.8109589,1,1,10.069,71.50660443,29.674,29.726,32.192,1.233,1,0.052,0,0
Cali,2022,10/07/2022,NC,QF,2,1,ZHOU_Yu,CHN,23.5260274,6,2,10.719,67.170445,16.382,16.284,22.574,3.145,2,-0.098,0,0
Cali,2022,10/07/2022,NC,QF,3,1,HOOGLAND_Jeffrey,NED,29.3369863,3,1,9.883,72.85237276,35.438,35.449,37.519,1.035,1,0.011,0,0
Cali,2022,10/07/2022,NC,QF,3,1,RAMIREZ_MORALES_Santiago,COL,27.99178082,8,2,10.026,71.81328546,20.408,20.385,25.007,2.311,2,-0.023,0,0
Cali,2022,10/07/2022,NC,QF,4,1,ORTEGA_FONTALVO_Cristian_David,COL,21.79178082,4,1,10.086,71.38607971,17.104,23.313,35.029,5.858,2,6.209,1,1
Cali,2022,10/07/2022,NC,QF,4,1,DÖRNBACH_Maximilian,GER,,5,2,10.164,70.83825266,20.681,18.695,29.651,5.478,1,-1.986,-1,1
Cali,2022,10/07/2022,NC,QF,1,2,LAVREYSEN_Harrie,NED,25.33972603,2,1,10.206,70.54673721,40.258,40.268,42.702,1.217,1,0.01,0,0
Cali,2022,10/07/2022,NC,QF,1,2,LANDERNEAU_Melvin,FRA,24.79726027,7,2,10.306,69.86221618,20.906,20.909,27.993,3.542,2,0.003,0,0
Cali,2022,10/07/2022,NC,QF,2,2,PAUL_Nicholas,TTO,23.8109589,1,1,10.338,69.64596634,29.726,29.774,32.234,1.23,1,0.048,0,0
Cali,2022,10/07/2022,NC,QF,2,2,ZHOU_Yu,CHN,23.5260274,6,2,11.052,65.1465798,16.284,16.2,22.3,3.05,2,-0.084,0,0
Cali,2022,10/07/2022,NC,QF,3,2,HOOGLAND_Jeffrey,NED,29.3369863,3,1,10.009,71.93525827,35.449,35.46,37.532,1.036,1,0.011,0,0
Cali,2022,10/07/2022,NC,QF,3,2,RAMIREZ_MORALES_Santiago,COL,27.99178082,8,2,10.297,69.92327862,20.385,20.363,24.943,2.29,2,-0.022,0,0
Cali,2022,10/07/2022,NC,QF,4,2,ORTEGA_FONTALVO_Cristian_David,COL,21.79178082,4,1,10.215,70.4845815,23.313,26.244,36.846,5.301,1,2.931,0,0
Cali,2022,10/07/2022,NC,QF,4,2,DÖRNBACH_Maximilian,GER,,5,2,10.248,70.25761124,18.695,18.01,28.062,5.026,2,-0.685,0,0
Cali,2022,10/07/2022,NC,SF,1,1,LAVREYSEN_Harrie,NED,25.33972603,2,1,9.935,72.4710619,40.268,40.358,42.784,1.213,1,0.09,0,0
Cali,2022,10/07/2022,NC,SF,1,1,ORTEGA_FONTALVO_Cristian_David,COL,21.79178082,4,2,10.026,71.81328546,26.244,25.863,35.301,4.719,2,-0.381,0,0
Cali,2022,10/07/2022,NC,SF,2,1,PAUL_Nicholas,TTO,23.8109589,1,1,10.125,71.11111111,29.774,30.185,32.611,1.213,2,0.411,1,1
Cali,2022,10/07/2022,NC,SF,2,1,HOOGLAND_Jeffrey,NED,29.3369863,3,2,10.567,68.13665184,35.46,35.21,37.264,1.027,1,-0.25,-1,1
Cali,2022,10/07/2022,NC,SF,1,2,LAVREYSEN_Harrie,NED,25.33972603,2,1,10.15,70.93596059,40.358,40.428,42.848,1.21,1,0.07,0,0
Cali,2022,10/07/2022,NC,SF,1,2,ORTEGA_FONTALVO_Cristian_David,COL,21.79178082,4,2,10.353,69.5450594,25.863,25.65,34.33,4.34,2,-0.213,0,0
Cali,2022,10/07/2022,NC,SF,2,2,PAUL_Nicholas,TTO,23.8109589,1,1,9.825,73.28244275,30.185,30.564,32.958,1.197,2,0.379,1,1
Cali,2022,10/07/2022,NC,SF,2,2,HOOGLAND_Jeffrey,NED,29.3369863,3,2,10.087,71.37900268,35.21,34.977,37.015,1.019,1,-0.233,-1,1
Cali,2022,10/07/2022,NC,F,G,1,PAUL_Nicholas,TTO,23.8109589,1,1,9.802,73.45439706,30.564,31.1,33.46,1.18,2,0.536,1,1
Cali,2022,10/07/2022,NC,F,G,1,LAVREYSEN_Harrie,NED,25.33972603,2,2,9.915,72.6172466,40.428,39.951,42.335,1.192,1,-0.477,-1,1
Cali,2022,10/07/2022,NC,F,B,1,HOOGLAND_Jeffrey,NED,29.3369863,3,1,10.245,70.27818448,34.977,35.071,37.105,1.017,1,0.094,0,0
Cali,2022,10/07/2022,NC,F,B,1,ORTEGA_FONTALVO_Cristian_David,COL,21.79178082,4,2,10.37,69.43105111,25.65,24.931,32.703,3.886,2,-0.719,0,0
Cali,2022,10/07/2022,NC,F,G,2,PAUL_Nicholas,TTO,23.8109589,1,1,9.814,73.36458121,31.1,31.588,33.916,1.164,2,0.488,1,1
Cali,2022,10/07/2022,NC,F,G,2,LAVREYSEN_Harrie,NED,25.33972603,2,2,9.826,73.27498473,39.951,39.52,41.87,1.175,1,-0.431,-1,1
Cali,2022,10/07/2022,NC,F,B,2,HOOGLAND_Jeffrey,NED,29.3369863,3,1,10.78,66.7903525,35.071,35.148,37.178,1.015,1,0.077,0,0
Cali,2022,10/07/2022,NC,F,B,2,ORTEGA_FONTALVO_Cristian_David,COL,21.79178082,4,2,24.752,29.0885585,24.931,24.479,31.639,3.58,2,-0.452,0,0
Paris,2022,15/10/2022,WCH,R16,1,1,CORNISH_Thomas,AUS,,9,1,10.263,70.15492546,21.331,21.721,28.743,3.511,1,0.39,0,0
Paris,2022,15/10/2022,WCH,R16,1,1,MARTINEZ_CHORRO_Alejandro,ESP,24.4,28,2,10.449,68.90611542,4.956,4.945,14.975,5.015,2,-0.011,0,0
Paris,2022,15/10/2022,WCH,R16,2,1,OTA_Kaiya,JPN,,10,1,10.272,70.09345794,9,19.173,31.623,6.225,2,10.173,1,1
Paris,2022,15/10/2022,WCH,R16,2,1,SAHROM_Muhammad_Shah_Firdaus,MAS,26.90410959,27,2,10.345,69.59884002,22.79,22.36,26.888,2.264,1,-0.43,-1,1
Paris,2022,15/10/2022,WCH,R16,3,1,SARNECKI_Rafal,POL,32.7890411,16,1,10.082,71.4144019,17.121,22.079,30.073,3.997,2,4.958,1,1
Paris,2022,15/10/2022,WCH,R16,3,1,DERACHE_Tom,FRA,23.7260274,17,2,REL,,26.17,24.446,31.044,3.299,1,-1.724,-1,1
Paris,2022,15/10/2022,WCH,R16,4,1,VIGIER_Sébastien,FRA,25.50958904,11,1,10.361,69.49136184,9,18.067,31.327,6.63,2,9.067,1,1
Paris,2022,15/10/2022,WCH,R16,4,1,LIU_Qi,CHN,,26,2,10.408,69.17755573,17.667,15.816,25.934,5.059,1,-1.851,-1,1
Paris,2022,15/10/2022,WCH,R16,5,1,TURNBULL_Hamish,GBR,23.2739726,5,1,10.206,70.54673721,18.433,20.379,27.879,3.75,1,1.946,0,0
Paris,2022,15/10/2022,WCH,R16,5,1,DODYK_Ryan,CAN,25.87945205,25,2,10.365,69.46454414,15.341,14.372,22.886,4.257,2,-0.969,0,0
Paris,2022,15/10/2022,WCH,R16,6,1,CARLIN_Jack,GBR,,6,1,10.282,70.02528691,32.058,32.151,34.715,1.282,1,0.093,0,0
Paris,2022,15/10/2022,WCH,R16,6,1,DÖRNBACH_Maximilian,GER,,24,2,10.371,69.42435638,18.01,17.71,26.798,4.544,2,-0.3,0,0
Paris,2022,15/10/2022,WCH,R16,7,1,HELAL_Rayan,FRA,23.74794521,7,1,10.028,71.7989629,28.773,28.918,31.622,1.352,1,0.145,0,0
Paris,2022,15/10/2022,WCH,R16,7,1,YAMASAKI_Kento,JPN,29.84657534,23,2,10.052,71.62753681,19.798,19.426,25.904,3.239,2,-0.372,0,0
Paris,2022,15/10/2022,WCH,R16,8,1,TJON_EN_FA_Jaïr,SUR,,8,1,10.078,71.44274658,11.924,18.103,27.113,4.505,2,6.179,1,1
Paris,2022,15/10/2022,WCH,R16,8,1,WAMMES_Nick,CAN,23,18,2,10.211,70.51219273,22.609,22.102,26.106,2.002,1,-0.507,-1,1
Paris,2022,15/10/2022,WCH,R16,9,1,BÖTTICHER_Stefan,GER,,12,1,10.02,71.85628743,6.727,11.425,23.219,5.897,1,4.698,0,0
Paris,2022,15/10/2022,WCH,R16,9,1,van_LOON_Tijmen,NED,,22,2,10.098,71.30124777,6.267,5.224,15.466,5.121,2,-1.043,0,0
Paris,2022,15/10/2022,WCH,R16,10,1,ČECHMAN_Martin,CZE,24.00273973,15,1,10.232,70.36747459,17.873,19.635,27.397,3.881,1,1.762,0,0
Paris,2022,15/10/2022,WCH,R16,10,1,SZALONTAY_Sándor,HUN,32.30684932,19,2,10.332,69.68641115,12.052,11.03,21.148,5.059,2,-1.022,0,0
Paris,2022,15/10/2022,WCH,R16,11,1,ORTEGA_FONTALVO_Cristian_David,COL,,13,1,9.942,72.42003621,24.479,26.054,32.732,3.339,1,1.575,0,0
Paris,2022,15/10/2022,WCH,R16,11,1,LIGTLEE_Sam,NED,24.85753425,21,2,10.281,70.03209804,22.956,22.468,28.188,2.86,2,-0.488,0,0
Paris,2022,15/10/2022,WCH,R16,12,1,QUINTERO_CHAVARRO_Kevin_Santiago,COL,23.98082192,14,1,10.112,71.20253165,24.773,24.835,27.853,1.509,1,0.062,0,0
Paris,2022,15/10/2022,WCH,R16,12,1,TERASAKI_Kohei,JPN,28.79726027,20,2,10.148,70.94994088,4.329,4.383,15.343,5.48,2,0.054,0,0
Paris,2022,15/10/2022,WCH,R8,1,1,LAVREYSEN_Harrie,NED,25.60547945,1,1,9.889,72.80817069,39.52,39.527,41.879,1.176,1,0.007,0,0
Paris,2022,15/10/2022,WCH,R8,1,1,QUINTERO_CHAVARRO_Kevin_Santiago,COL,23.98082192,14,2,10.363,69.4779504,24.835,24.824,27.838,1.507,2,-0.011,0,0
Paris,2022,15/10/2022,WCH,R8,2,1,RICHARDSON_Matthew,AUS,,2,1,9.857,73.04453688,31.76,32.069,35.329,1.63,1,0.309,0,0
Paris,2022,15/10/2022,WCH,R8,2,1,ORTEGA_FONTALVO_Cristian_David,COL,,13,2,10.033,71.7631815,26.054,25.463,31.679,3.108,2,-0.591,0,0
Paris,2022,15/10/2022,WCH,R8,3,1,GLAETZER_Matthew,AUS,,3,1,9.962,72.27464365,32.336,32.431,35.199,1.384,1,0.095,0,0
Paris,2022,15/10/2022,WCH,R8,3,1,ČECHMAN_Martin,CZE,24.00273973,15,2,10.056,71.59904535,19.635,19.449,26.771,3.661,2,-0.186,0,0
Paris,2022,15/10/2022,WCH,R8,4,1,RUDYK_Mateusz,POL,27.25753425,4,1,10.108,71.23070835,32.115,32.139,34.141,1.001,1,0.024,0,0
Paris,2022,15/10/2022,WCH,R8,4,1,BÖTTICHER_Stefan,GER,,12,2,10.162,70.85219445,11.425,11.462,22.322,5.43,2,0.037,0,0
Paris,2022,15/10/2022,WCH,R8,5,1,TJON_EN_FA_Jaïr,SUR,,8,1,10.117,71.1673421,18.103,21.551,29.563,4.006,2,3.448,1,1
Paris,2022,15/10/2022,WCH,R8,5,1,CORNISH_Thomas,AUS,,9,2,10.648,67.61833208,21.721,20.693,27.255,3.281,1,-1.028,-1,1
Paris,2022,15/10/2022,WCH,R8,6,1,HELAL_Rayan,FRA,23.74794521,7,1,9.854,73.06677491,28.918,29.114,31.802,1.344,1,0.196,0,0
Paris,2022,15/10/2022,WCH,R8,6,1,OTA_Kaiya,JPN,,10,2,9.881,72.86711871,19.173,17.675,27.813,5.069,2,-1.498,0,0
Paris,2022,15/10/2022,WCH,R8,7,1,CARLIN_Jack,GBR,,6,1,10.283,70.0184771,32.151,32.279,34.827,1.274,1,0.128,0,0
Paris,2022,15/10/2022,WCH,R8,7,1,SARNECKI_Rafal,POL,32.7890411,16,2,10.339,69.6392301,22.079,21.636,28.992,3.678,2,-0.443,0,0
Paris,2022,15/10/2022,WCH,R8,8,1,TURNBULL_Hamish,GBR,23.2739726,5,1,9.99,72.07207207,20.379,22.397,29.477,3.54,1,2.018,0,0
Paris,2022,15/10/2022,WCH,R8,8,1,VIGIER_Sébastien,FRA,25.50958904,11,2,9.991,72.06485837,18.067,15.574,26.334,5.38,2,-2.493,0,0
Paris,2022,15/10/2022,WCH,QF,1,1,LAVREYSEN_Harrie,NED,25.60547945,1,1,10.04,71.71314741,39.527,39.548,41.9,1.176,1,0.021,0,0
Paris,2022,15/10/2022,WCH,QF,1,1,TURNBULL_Hamish,GBR,23.2739726,5,2,10.134,71.04795737,22.397,22.379,29.291,3.456,2,-0.018,0,0
Paris,2022,15/10/2022,WCH,QF,2,1,RICHARDSON_Matthew,AUS,,2,1,9.872,72.93354943,32.069,32.488,35.68,1.596,2,0.419,1,1
Paris,2022,15/10/2022,WCH,QF,2,1,CARLIN_Jack,GBR,,6,2,12.139,59.31295823,32.279,32.094,34.612,1.259,1,-0.185,-1,1
Paris,2022,15/10/2022,WCH,QF,3,1,GLAETZER_Matthew,AUS,,3,1,9.765,73.73271889,32.431,32.632,35.368,1.368,1,0.201,0,0
Paris,2022,15/10/2022,WCH,QF,3,1,HELAL_Rayan,FRA,23.74794521,7,2,10.338,69.64596634,29.114,28.982,31.642,1.33,2,-0.132,0,0
Paris,2022,15/10/2022,WCH,QF,4,1,RUDYK_Mateusz,POL,27.25753425,4,1,10.007,71.94963526,32.139,32.21,34.21,1,1,0.071,0,0
Paris,2022,15/10/2022,WCH,QF,4,1,TJON_EN_FA_Jaïr,SUR,,8,2,10.048,71.65605096,21.551,21.105,28.465,3.68,2,-0.446,0,0
Paris,2022,15/10/2022,WCH,SF,1,1,LAVREYSEN_Harrie,NED,25.60547945,1,1,9.934,72.47835716,39.548,39.61,41.954,1.172,1,0.062,0,0
Paris,2022,15/10/2022,WCH,SF,1,1,RUDYK_Mateusz,POL,27.25753425,4,2,10.333,69.67966709,32.21,32.173,34.171,0.999,2,-0.037,0,0
Paris,2022,15/10/2022,WCH,SF,2,1,RICHARDSON_Matthew,AUS,,2,1,9.79,73.54443309,32.488,32.896,36.024,1.564,2,0.408,1,1
Paris,2022,15/10/2022,WCH,SF,2,1,GLAETZER_Matthew,AUS,,3,2,9.805,73.43192249,32.632,32.417,35.115,1.349,1,-0.215,-1,1
Paris,2022,15/10/2022,WCH,SF,1,2,LAVREYSEN_Harrie,NED,25.60547945,1,1,9.699,74.23445716,39.61,39.671,42.007,1.168,1,0.061,0,0
Paris,2022,15/10/2022,WCH,SF,1,2,RUDYK_Mateusz,POL,27.25753425,4,2,9.845,73.13357034,32.173,32.136,34.132,0.998,2,-0.037,0,0
Paris,2022,15/10/2022,WCH,SF,2,2,RICHARDSON_Matthew,AUS,,2,1,9.684,74.34944238,32.896,33.261,36.331,1.535,1,0.365,0,0
Paris,2022,15/10/2022,WCH,SF,2,2,GLAETZER_Matthew,AUS,,3,2,9.722,74.05883563,32.417,32.225,34.887,1.331,2,-0.192,0,0
Paris,2022,15/10/2022,WCH,F,G,1,LAVREYSEN_Harrie,NED,25.60547945,1,1,9.686,74.33409044,39.671,39.765,42.089,1.162,1,0.094,0,0
Paris,2022,15/10/2022,WCH,F,G,1,RICHARDSON_Matthew,AUS,,2,2,9.841,73.16329641,33.261,33.156,36.19,1.517,2,-0.105,0,0
Paris,2022,15/10/2022,WCH,F,B,1,GLAETZER_Matthew,AUS,,3,1,9.838,73.18560683,32.225,32.492,35.118,1.313,1,0.267,0,0
Paris,2022,15/10/2022,WCH,F,B,1,RUDYK_Mateusz,POL,27.25753425,4,2,10.061,71.56346288,32.136,32.016,34.002,0.993,2,-0.12,0,0
Paris,2022,15/10/2022,WCH,F,G,2,LAVREYSEN_Harrie,NED,25.60547945,1,1,9.773,73.67236263,39.765,39.854,42.166,1.156,1,0.089,0,0
Paris,2022,15/10/2022,WCH,F,G,2,RICHARDSON_Matthew,AUS,,2,2,9.856,73.05194805,33.156,33.058,36.058,1.5,2,-0.098,0,0
Paris,2022,15/10/2022,WCH,F,B,2,GLAETZER_Matthew,AUS,,3,1,9.964,72.26013649,32.492,32.739,35.333,1.297,1,0.247,0,0
Paris,2022,15/10/2022,WCH,F,B,2,RUDYK_Mateusz,POL,27.25753425,4,2,10.223,70.42942385,32.016,31.903,33.879,0.988,2,-0.113,0,0
Jakarta,2023,26/02/2023,NC,R16,1,1,ZHOU_Yu,CHN,,4,1,10.035,71.74887892,16.2,18.457,24.151,2.847,2,2.257,1,1
Jakarta,2023,26/02/2023,NC,R16,1,1,SARNECKI_Rafal,POL,33.15616438,28,2,10.135,71.04094721,21.636,19.668,26.3,3.316,1,-1.968,-1,1
Jakarta,2023,26/02/2023,NC,R16,2,1,OTA_Kaiya,JPN,,2,1,9.979,72.15151819,17.675,21.305,30.127,4.411,2,3.63,1,1
Jakarta,2023,26/02/2023,NC,R16,2,1,WAMMES_Nick,CAN,23.36712329,27,2,10.52,68.44106464,22.102,21.814,25.744,1.965,1,-0.288,-1,1
Jakarta,2023,26/02/2023,NC,R16,3,1,AWANG_Mohd_Azizulhasni,MAS,,7,1,10.485,68.6695279,29.473,29.499,33.209,1.855,1,0.026,0,0
Jakarta,2023,26/02/2023,NC,R16,3,1,TERASAKI_Kohei,RKD,29.16438356,26,2,10.498,68.58449228,4.383,4.456,15.17,5.357,2,0.073,0,0
Jakarta,2023,26/02/2023,NC,R16,4,1,LENDEL_Vasilijus,LTU,27.90410959,9,1,10.103,71.26596061,20.971,21.275,24.905,1.815,1,0.304,0,0
Jakarta,2023,26/02/2023,NC,R16,4,1,ANGSUTHASAWIT_Jai,THA,28.04657534,25,2,10.175,70.76167076,11.879,11.278,19.37,4.046,2,-0.601,0,0
Jakarta,2023,26/02/2023,NC,R16,5,1,RICHARDSON_Matthew,AUS,,8,1,10.153,70.91500049,33.058,33.128,36.114,1.493,1,0.07,0,0
Jakarta,2023,26/02/2023,NC,R16,5,1,YAMASAKI_Kento,RKD,30.21369863,24,2,10.253,70.22334926,19.426,19.354,25.642,3.144,2,-0.072,0,0
Jakarta,2023,26/02/2023,NC,R16,6,1,RUDYK_Mateusz,POL,27.62465753,10,1,10.232,70.36747459,31.903,31.901,33.883,0.991,1,-0.002,0,0
Jakarta,2023,26/02/2023,NC,R16,6,1,van_LOON_Tijmen,BCC,,23,2,10.409,69.17090979,5.224,5.276,15.358,5.041,2,0.052,0,0
Jakarta,2023,26/02/2023,NC,R16,7,1,QUINTERO_CHAVARRO_Kevin_Santiago,COL,24.34794521,16,1,10.106,71.24480507,24.824,25.269,28.225,1.478,2,0.445,1,1
Jakarta,2023,26/02/2023,NC,R16,7,1,TJON_EN_FA_Jair,SUR,29.37534247,17,2,10.151,70.92897252,26.553,26.224,29.186,1.481,1,-0.329,-1,1
Jakarta,2023,26/02/2023,NC,R16,8,1,HELAL_Rayan,FRA,24.11506849,11,1,10.076,71.45692735,28.982,29.117,31.759,1.321,1,0.135,0,0
Jakarta,2023,26/02/2023,NC,R16,8,1,ČECHMAN_Martin,CZE,24.36986301,22,2,10.113,71.19549095,19.449,19.061,25.885,3.412,2,-0.388,0,0
Jakarta,2023,26/02/2023,NC,R16,9,1,CARLIN_Jack,GBR,,12,1,10.292,69.95724835,32.094,32.149,34.665,1.258,1,0.055,0,0
Jakarta,2023,26/02/2023,NC,R16,9,1,RORKE_Tyler,CAN,,21,2,10.386,69.32409012,9,8.454,22.696,7.121,2,-0.546,0,0
Jakarta,2023,26/02/2023,NC,R16,10,1,BOTTICHER_Stefan,GER,,13,1,10.048,71.65605096,22.355,23.433,28.351,2.459,1,1.078,0,0
Jakarta,2023,26/02/2023,NC,R16,10,1,TRUMAN_Joseph,TIN,26.04931507,20,2,10.048,71.65605096,22.313,21.678,26.748,2.535,2,-0.635,0,0
Jakarta,2023,26/02/2023,NC,R16,11,1,CORNISH_Thomas,AUS,,14,1,10.301,69.89612659,20.693,21.287,27.641,3.177,1,0.594,0,0
Jakarta,2023,26/02/2023,NC,R16,11,1,DORNBACH_Maximilian,GER,,19,2,10.373,69.41097079,10.125,9.935,17.879,3.972,2,-0.19,0,0
Jakarta,2023,26/02/2023,NC,R16,12,1,NAKANO_Shinji,JPN,,15,1,10.271,70.10028235,13.936,19.548,28.476,4.464,2,5.612,1,1
Jakarta,2023,26/02/2023,NC,R16,12,1,TURNBULL_Hamish,GBR,23.64109589,18,2,10.295,69.93686255,22.379,21.078,27.56,3.241,1,-1.301,-1,1
Jakarta,2023,26/02/2023,NC,R8,1,1,LAVREYSEN_Harrie,NED,25.97260274,1,1,10.084,71.400238,39.854,39.869,42.183,1.157,1,0.015,0,0
Jakarta,2023,26/02/2023,NC,R8,1,1,NAKANO_Shinji,JPN,,15,2,10.188,70.67137809,19.548,19.572,28.228,4.328,2,0.024,0,0
Jakarta,2023,26/02/2023,NC,R8,2,1,YAKOVLEV_Mikhail,ISR,,3,1,10.027,71.80612347,9,18.925,31.559,6.317,2,9.925,1,1
Jakarta,2023,26/02/2023,NC,R8,2,1,CORNISH_Thomas,AUS,,14,2,10.039,71.72029087,21.287,20.531,26.687,3.078,1,-0.756,-1,1
Jakarta,2023,26/02/2023,NC,R8,3,1,HOOGLAND_Jeffrey,NED,29.96986301,5,1,10.012,71.91370356,35.148,35.181,37.211,1.015,1,0.033,0,0
Jakarta,2023,26/02/2023,NC,R8,3,1,BOTTICHER_Stefan,GER,,13,2,10.36,69.4980695,23.433,23.346,28.16,2.407,2,-0.087,0,0
Jakarta,2023,26/02/2023,NC,R8,4,1,VIGIER_Sebastien,FRA,,6,1,10.312,69.82156711,31.006,31.257,33.557,1.15,2,0.251,1,1
Jakarta,2023,26/02/2023,NC,R8,4,1,CARLIN_Jack,GBR,,12,2,10.381,69.35748001,32.149,31.916,34.4,1.242,1,-0.233,-1,1
Jakarta,2023,26/02/2023,NC,R8,5,1,ZHOU_Yu,CHN,,4,1,9.932,72.49295207,18.457,21.002,26.252,2.625,2,2.545,1,1
Jakarta,2023,26/02/2023,NC,R8,5,1,HELAL_Rayan,FRA,24.11506849,11,2,9.967,72.23838668,29.117,28.701,31.305,1.302,1,-0.416,-1,1
Jakarta,2023,26/02/2023,NC,R8,6,1,OTA_Kaiya,JPN,,2,1,9.844,73.14099959,21.305,24.093,31.947,3.927,2,2.788,1,1
Jakarta,2023,26/02/2023,NC,R8,6,1,QUINTERO_CHAVARRO_Kevin_Santiago,COL,24.34794521,16,2,10.565,68.1495504,25.269,25.094,28.02,1.463,1,-0.175,-1,1
Jakarta,2023,26/02/2023,NC,R8,7,1,AWANG_Mohd_Azizulhasni,MAS,,7,1,9.995,72.03601801,29.499,30.131,33.731,1.8,2,0.632,1,1
Jakarta,2023,26/02/2023,NC,R8,7,1,RUDYK_Mateusz,POL,27.62465753,10,2,10.339,69.6392301,31.901,31.761,33.733,0.986,1,-0.14,-1,1
Jakarta,2023,26/02/2023,NC,R8,8,1,RICHARDSON_Matthew,AUS,,8,1,10.071,71.49240393,33.128,33.178,36.152,1.487,1,0.05,0,0
Jakarta,2023,26/02/2023,NC,R8,8,1,LENDEL_Vasilijus,LTU,27.90410959,9,2,10.173,70.77558242,21.275,21.243,24.849,1.803,2,-0.032,0,0
Jakarta,2023,26/02/2023,NC,QF,1,1,LAVREYSEN_Harrie,NED,25.97260274,1,1,9.889,72.80817069,39.869,39.936,42.24,1.152,1,0.067,0,0
Jakarta,2023,26/02/2023,NC,QF,1,1,RICHARDSON_Matthew,AUS,,8,2,9.942,72.42003621,33.178,33.033,35.949,1.458,2,-0.145,0,0
Jakarta,2023,26/02/2023,NC,QF,2,1,YAKOVLEV_Mikhail,ISR,,3,2,10.125,71.11111111,18.925,24.975,33.507,4.266,1,6.05,-1,1
Jakarta,2023,26/02/2023,NC,QF,2,1,AWANG_Mohd_Azizulhasni,MAS,,7,1,10.063,71.54923979,30.131,30.533,33.963,1.715,1,0.402,0,0
Jakarta,2023,26/02/2023,NC,QF,3,1,OTA_Kaiya,JPN,,2,1,9.762,73.755378,24.093,27.164,33.486,3.161,2,3.071,1,1
Jakarta,2023,26/02/2023,NC,QF,3,1,HOOGLAND_Jeffrey,NED,29.96986301,5,2,9.784,73.58953393,35.181,34.842,36.844,1.001,1,-0.339,-1,1
Jakarta,2023,26/02/2023,NC,QF,4,1,ZHOU_Yu,CHN,,4,2,10.413,69.14433881,21.002,22.801,27.509,2.354,1,1.799,-1,1
Jakarta,2023,26/02/2023,NC,QF,4,1,VIGIER_Sebastien,FRA,,6,1,10.385,69.33076553,31.257,31.687,33.945,1.129,1,0.43,0,0
Jakarta,2023,26/02/2023,NC,QF,1,2,LAVREYSEN_Harrie,NED,25.97260274,1,1,10.017,71.87780773,39.936,39.754,42.014,1.13,1,-0.182,0,0
Jakarta,2023,26/02/2023,NC,QF,1,2,RICHARDSON_Matthew,AUS,,8,2,10.017,71.87780773,33.033,32.83,35.688,1.429,2,-0.203,0,0
Jakarta,2023,26/02/2023,NC,QF,2,2,YAKOVLEV_Mikhail,ISR,,3,1,9.812,73.37953526,24.975,28.161,35.705,3.772,2,3.186,1,1
Jakarta,2023,26/02/2023,NC,QF,2,2,AWANG_Mohd_Azizulhasni,MAS,,7,2,10.009,71.93525827,30.533,30.235,33.607,1.686,1,-0.298,-1,1
Jakarta,2023,26/02/2023,NC,QF,3,2,OTA_Kaiya,JPN,,2,1,9.804,73.43941248,27.164,29.505,35.289,2.892,2,2.341,1,1
Jakarta,2023,26/02/2023,NC,QF,3,2,HOOGLAND_Jeffrey,NED,29.96986301,5,2,13.823,52.08710121,34.842,34.67,36.662,0.996,1,-0.172,-1,1
Jakarta,2023,26/02/2023,NC,QF,4,2,ZHOU_Yu,CHN,,4,1,10.184,70.6991359,22.801,24.452,28.9,2.224,2,1.651,1,1
Jakarta,2023,26/02/2023,NC,QF,4,2,VIGIER_Sebastien,FRA,,6,2,10.238,70.32623559,31.687,31.388,33.624,1.118,1,-0.299,-1,1
Jakarta,2023,26/02/2023,NC,QF,2,3,YAKOVLEV_Mikhail,ISR,,3,1,9.845,73.13357034,28.161,30.149,37.053,3.452,2,1.988,1,1
Jakarta,2023,26/02/2023,NC,QF,2,3,AWANG_Mohd_Azizulhasni,MAS,,7,2,10.352,69.55177743,30.235,30.017,33.337,1.66,1,-0.218,-1,1
Jakarta,2023,26/02/2023,NC,QF,4,3,ZHOU_Yu,CHN,,4,1,10.11,71.21661721,24.452,25.755,29.991,2.118,2,1.303,1,1
Jakarta,2023,26/02/2023,NC,QF,4,3,VIGIER_Sebastien,FRA,,6,2,10.11,71.21661721,31.388,31.131,33.347,1.108,1,-0.257,-1,1
Jakarta,2023,26/02/2023,NC,SF,1,1,LAVREYSEN_Harrie,NED,25.97260274,1,1,10.098,71.30124777,39.754,39.771,42.031,1.13,1,0.017,0,0
Jakarta,2023,26/02/2023,NC,SF,1,1,ZHOU_Yu,CHN,,4,2,11.193,64.32591798,25.755,25.728,29.93,2.101,2,-0.027,0,0
Jakarta,2023,26/02/2023,NC,SF,2,1,OTA_Kaiya,JPN,,2,1,9.864,72.99270073,29.505,30.977,36.445,2.734,2,1.472,1,1
Jakarta,2023,26/02/2023,NC,SF,2,1,YAKOVLEV_Mikhail,ISR,,3,2,9.882,72.85974499,30.149,29.048,35.406,3.179,1,-1.101,-1,1
Jakarta,2023,26/02/2023,NC,SF,1,2,LAVREYSEN_Harrie,NED,25.97260274,1,1,10.109,71.22366208,39.771,39.788,42.048,1.13,1,0.017,0,0
Jakarta,2023,26/02/2023,NC,SF,1,2,ZHOU_Yu,CHN,,4,2,11.622,61.95147135,25.728,25.702,29.872,2.085,2,-0.026,0,0
Jakarta,2023,26/02/2023,NC,SF,2,2,OTA_Kaiya,JPN,,2,1,9.895,72.76402223,30.977,32.023,37.243,2.61,1,1.046,0,0
Jakarta,2023,26/02/2023,NC,SF,2,2,YAKOVLEV_Mikhail,ISR,,3,2,16.26,44.2804428,29.048,28.365,34.327,2.981,2,-0.683,0,0
Jakarta,2023,26/02/2023,NC,F,G,1,LAVREYSEN_Harrie,NED,25.97260274,1,1,10.006,71.9568259,39.788,39.886,42.136,1.125,1,0.098,0,0
Jakarta,2023,26/02/2023,NC,F,G,1,OTA_Kaiya,JPN,,2,2,10.024,71.82761373,32.023,31.757,36.775,2.509,2,-0.266,0,0
Jakarta,2023,26/02/2023,NC,F,B,1,YAKOVLEV_Mikhail,ISR,,3,1,10.262,70.16176184,28.365,29.279,34.957,2.839,1,0.914,0,0
Jakarta,2023,26/02/2023,NC,F,B,1,ZHOU_Yu,CHN,,4,2,10.727,67.12035052,25.702,25.488,29.564,2.038,2,-0.214,0,0
Jakarta,2023,26/02/2023,NC,F,G,2,LAVREYSEN_Harrie,NED,25.97260274,1,1,9.563,75.29018091,39.886,39.976,42.216,1.12,1,0.09,0,0
Jakarta,2023,26/02/2023,NC,F,G,2,OTA_Kaiya,JPN,,2,2,9.653,74.58821092,31.757,31.532,36.38,2.424,2,-0.225,0,0
Jakarta,2023,26/02/2023,NC,F,B,2,YAKOVLEV_Mikhail,ISR,,3,1,9.875,72.91139241,29.279,30.003,35.453,2.725,1,0.724,0,0
Jakarta,2023,26/02/2023,NC,F,B,2,ZHOU_Yu,CHN,,4,2,9.965,72.2528851,25.488,25.314,29.308,1.997,2,-0.174,0,0
Cairo,2023,17/03/2023,NC,R16,1,1,OTA_Kaiya,JPN,,3,1,10.775,66.82134571,31.532,31.747,36.523,2.388,1,0.215,0,0
Cairo,2023,17/03/2023,NC,R16,1,1,ČECHMAN_Martin,CZE,24.42191781,28,2,11.065,65.07004067,19.061,18.983,25.601,3.309,2,-0.078,0,0
Cairo,2023,17/03/2023,NC,R16,2,1,PAUL_Nicholas,TTO,24.49589041,10,1,10.505,68.53879105,31.588,31.599,33.929,1.165,1,0.011,0,0
Cairo,2023,17/03/2023,NC,R16,2,1,ANGSUTHASAWIT_Jai,THA,28.09863014,27,2,10.574,68.0915453,11.278,11.293,19.219,3.963,2,0.015,0,0
Cairo,2023,17/03/2023,NC,R16,3,1,BROWNE_Kwesi,TTO,,16,1,10.248,70.25761124,12.581,19.762,28.914,4.576,2,7.181,1,1
Cairo,2023,17/03/2023,NC,R16,3,1,ZHOU_Yu,CHN,,17,2,REL,,25.314,24.774,28.684,1.955,1,-0.54,-1,1
Cairo,2023,17/03/2023,NC,R16,4,1,TJON_EN_FA_Jair,SUR,29.42739726,5,1,10.007,71.94963526,26.224,26.327,29.277,1.475,1,0.103,0,0
Cairo,2023,17/03/2023,NC,R16,4,1,SAUNDERS_Callum,NZL,,26,2,10.203,70.56748015,7.763,7.608,19.454,5.923,2,-0.155,0,0
Cairo,2023,17/03/2023,NC,R16,5,1,QUINTERO_CHAVARRO_Kevin_Santiago,COL,24.4,11,1,10.699,67.29600897,25.094,25.182,28.092,1.455,1,0.088,0,0
Cairo,2023,17/03/2023,NC,R16,5,1,CHUGAY_Andrey,KAZ,23.17808219,25,2,10.807,66.62348478,11.154,11.03,18.57,3.77,2,-0.124,0,0
Cairo,2023,17/03/2023,NC,R16,6,1,TRUMAN_Joseph,TIN,26.10136986,6,1,10.273,70.08663487,21.678,22.189,27.135,2.473,1,0.511,0,0
Cairo,2023,17/03/2023,NC,R16,6,1,JURCZYK_Marc,GER,27.16986301,24,2,10.485,68.6695279,11.672,11.169,20.129,4.48,2,-0.503,0,0
Cairo,2023,17/03/2023,NC,R16,7,1,VIGIER_Sebastien,FRA,,7,1,10.373,69.41097079,31.131,31.202,33.41,1.104,1,0.071,0,0
Cairo,2023,17/03/2023,NC,R16,7,1,SAHROM_Muhammad_Shah_Firdaus,MAS,27.32328767,23,2,10.61,67.86050895,22.36,22.208,26.624,2.208,2,-0.152,0,0
Cairo,2023,17/03/2023,NC,R16,8,1,SZALONTAY_Sandor,HUN,,15,1,10.447,68.91930698,20.022,20.184,23.8,1.808,1,0.162,0,0
Cairo,2023,17/03/2023,NC,R16,8,1,van_LOON_Tijmen,BCC,,18,2,10.448,68.91271057,5.276,5.107,14.381,4.637,2,-0.169,0,0
Cairo,2023,17/03/2023,NC,R16,9,1,TERASAKI_Kohei,RKD,29.21643836,8,1,10.384,69.33744222,4.456,14.54,23.19,4.325,2,10.084,1,1
Cairo,2023,17/03/2023,NC,R16,9,1,ORTEGA_FONTALVO_Cristian_David,COL,,19,2,10.47,68.76790831,25.463,23.136,28.978,2.921,1,-2.327,-1,1
Cairo,2023,17/03/2023,NC,R16,10,1,TURNBULL_Hamish,GBR,23.69315068,14,1,10.353,69.5450594,21.078,21.398,27.76,3.181,1,0.32,0,0
Cairo,2023,17/03/2023,NC,R16,10,1,MARTINEZ_CHORRO_Alejandro,ESP,24.81917808,20,2,10.423,69.07800058,4.945,4.926,14.496,4.785,2,-0.019,0,0
Cairo,2023,17/03/2023,NC,R16,11,1,CARLIN_Jack,GBR,,13,1,10.243,70.29190667,31.916,31.975,34.451,1.238,1,0.059,0,0
Cairo,2023,17/03/2023,NC,R16,11,1,YAMASAKI_Kento,RKD,30.26575342,21,2,10.292,69.95724835,19.354,19.241,25.313,3.036,2,-0.113,0,0
Cairo,2023,17/03/2023,NC,R16,12,1,OBARA_Yuta,JPN,27.0630137,12,1,10.117,71.1673421,18.016,20.275,27.125,3.425,2,2.259,1,1
Cairo,2023,17/03/2023,NC,R16,12,1,LENDEL_Vasilijus,LTU,27.95616438,22,2,10.155,70.90103397,21.243,20.95,24.488,1.769,1,-0.293,-1,1
Cairo,2023,17/03/2023,NC,R8,1,1,LAVREYSEN_Harrie,NED,26.02465753,1,1,10.106,71.24480507,39.976,39.981,42.225,1.122,1,0.005,0,0
Cairo,2023,17/03/2023,NC,R8,1,1,OBARA_Yuta,JPN,27.0630137,12,2,10.555,68.21411653,20.275,20.277,27.045,3.384,2,0.002,0,0
Cairo,2023,17/03/2023,NC,R8,2,1,YAKOVLEV_Mikhail,ISR,,2,1,9.964,72.26013649,30.003,31.168,36.322,2.577,2,1.165,1,1
Cairo,2023,17/03/2023,NC,R8,2,1,CARLIN_Jack,GBR,,13,2,9.988,72.0865038,31.975,31.817,34.271,1.227,1,-0.158,-1,1
Cairo,2023,17/03/2023,NC,R8,3,1,RUDYK_Mateusz,POL,27.67671233,4,1,10.443,68.94570526,31.761,31.818,33.788,0.985,1,0.057,0,0
Cairo,2023,17/03/2023,NC,R8,3,1,TURNBULL_Hamish,GBR,23.69315068,14,2,10.478,68.7154037,21.398,21.143,27.193,3.025,2,-0.255,0,0
Cairo,2023,17/03/2023,NC,R8,4,1,TERASAKI_Kohei,RKD,29.21643836,8,1,10.292,69.95724835,14.54,17.12,25.128,4.004,1,2.58,0,0
Cairo,2023,17/03/2023,NC,R8,4,1,YAN_Weiming,CHN,,9,2,10.379,69.37084498,12.945,10.977,21.285,5.154,2,-1.968,0,0
Cairo,2023,17/03/2023,NC,R8,5,1,OTA_Kaiya,JPN,,3,1,10.127,71.09706725,31.747,31.86,36.592,2.366,1,0.113,0,0
Cairo,2023,17/03/2023,NC,R8,5,1,SZALONTAY_Sandor,HUN,,15,2,10.345,69.59884002,20.184,20.16,23.76,1.8,2,-0.024,0,0
Cairo,2023,17/03/2023,NC,R8,6,1,VIGIER_Sebastien,FRA,,7,1,10.016,71.88498403,31.202,31.407,33.597,1.095,2,0.205,1,1
Cairo,2023,17/03/2023,NC,R8,6,1,PAUL_Nicholas,TTO,24.49589041,10,2,10.096,71.31537242,31.599,31.414,33.72,1.153,1,-0.185,-1,1
Cairo,2023,17/03/2023,NC,R8,7,1,TRUMAN_Joseph,TIN,26.10136986,6,1,10.303,69.88255848,22.189,23.15,27.924,2.387,1,0.961,0,0
Cairo,2023,17/03/2023,NC,R8,7,1,BROWNE_Kwesi,TTO,,16,2,10.529,68.38256245,19.762,18.224,26.216,3.996,2,-1.538,0,0
Cairo,2023,17/03/2023,NC,R8,8,1,TJON_EN_FA_Jair,SUR,29.42739726,5,1,10.283,70.0184771,26.327,26.638,29.54,1.451,1,0.311,0,0
Cairo,2023,17/03/2023,NC,R8,8,1,QUINTERO_CHAVARRO_Kevin_Santiago,COL,24.4,11,2,10.303,69.88255848,25.182,24.97,27.836,1.433,2,-0.212,0,0
Cairo,2023,17/03/2023,NC,QF,1,1,LAVREYSEN_Harrie,NED,26.02465753,1,1,9.881,72.86711871,39.981,39.992,42.238,1.123,1,0.011,0,0
Cairo,2023,17/03/2023,NC,QF,1,1,TJON_EN_FA_Jair,SUR,29.42739726,5,2,9.913,72.63189751,26.638,26.622,29.518,1.448,2,-0.016,0,0
Cairo,2023,17/03/2023,NC,QF,2,1,YAKOVLEV_Mikhail,ISR,,2,1,10.096,71.31537242,31.168,31.529,36.561,2.516,1,0.361,0,0
Cairo,2023,17/03/2023,NC,QF,2,1,TRUMAN_Joseph,TIN,26.10136986,6,2,10.182,70.71302298,23.15,23.041,27.719,2.339,2,-0.109,0,0
Cairo,2023,17/03/2023,NC,QF,3,1,RUDYK_Mateusz,POL,27.67671233,4,1,10.28,70.03891051,31.818,31.966,33.926,0.98,1,0.148,0,0
Cairo,2023,17/03/2023,NC,QF,3,1,VIGIER_Sebastien,FRA,,7,2,10.428,69.04487917,31.407,31.255,33.427,1.086,2,-0.152,0,0
Cairo,2023,17/03/2023,NC,QF,4,1,OTA_Kaiya,JPN,,3,1,10.11,71.21661721,31.86,32.032,36.708,2.338,1,0.172,0,0
Cairo,2023,17/03/2023,NC,QF,4,1,TERASAKI_Kohei,RKD,29.21643836,8,2,10.189,70.66444205,17.12,17.071,24.795,3.862,2,-0.049,0,0
Cairo,2023,17/03/2023,NC,QF,1,2,LAVREYSEN_Harrie,NED,26.02465753,1,1,10.265,70.1412567,39.992,40.003,42.251,1.124,1,0.011,0,0
Cairo,2023,17/03/2023,NC,QF,1,2,TJON_EN_FA_Jair,SUR,29.42739726,5,2,10.395,69.26406926,26.622,26.607,29.497,1.445,2,-0.015,0,0
Cairo,2023,17/03/2023,NC,QF,2,2,YAKOVLEV_Mikhail,ISR,,2,1,10.061,71.56346288,31.529,31.842,36.768,2.463,1,0.313,0,0
Cairo,2023,17/03/2023,NC,QF,2,2,TRUMAN_Joseph,TIN,26.10136986,6,2,10.125,71.11111111,23.041,22.946,27.54,2.297,2,-0.095,0,0
Cairo,2023,17/03/2023,NC,QF,3,2,RUDYK_Mateusz,POL,27.67671233,4,1,10.361,69.49136184,31.966,32.107,34.057,0.975,1,0.141,0,0
Cairo,2023,17/03/2023,NC,QF,3,2,VIGIER_Sebastien,FRA,,7,2,10.397,69.25074541,31.255,31.11,33.266,1.078,2,-0.145,0,0
Cairo,2023,17/03/2023,NC,QF,4,2,OTA_Kaiya,JPN,,3,1,10.061,71.56346288,32.032,32.995,37.435,2.22,1,0.963,0,0
Cairo,2023,17/03/2023,NC,QF,4,2,TERASAKI_Kohei,RKD,29.21643836,8,2,10.12,71.14624506,17.071,22.833,29.163,3.165,2,5.762,0,0
Cairo,2023,17/03/2023,NC,SF,1,1,LAVREYSEN_Harrie,NED,26.02465753,1,2,10.192,70.64364207,40.003,39.494,41.71,1.108,1,-0.509,-1,1
Cairo,2023,17/03/2023,NC,SF,1,1,OTA_Kaiya,JPN,,3,1,10.181,70.71996857,32.995,33.475,37.617,2.071,1,0.48,0,0
Cairo,2023,17/03/2023,NC,SF,2,1,YAKOVLEV_Mikhail,ISR,,2,1,10.119,71.15327602,31.842,32.633,37.155,2.261,2,0.791,1,1
Cairo,2023,17/03/2023,NC,SF,2,1,RUDYK_Mateusz,POL,27.67671233,4,2,11.035,65.24694155,32.107,32.021,33.961,0.97,1,-0.086,-1,1
Cairo,2023,17/03/2023,NC,SF,1,2,LAVREYSEN_Harrie,NED,26.02465753,1,1,10.071,71.49240393,39.494,39.602,41.806,1.102,1,0.108,0,0
Cairo,2023,17/03/2023,NC,SF,1,2,OTA_Kaiya,JPN,,3,2,10.278,70.0525394,33.475,33.25,37.282,2.016,2,-0.225,0,0
Cairo,2023,17/03/2023,NC,SF,2,2,YAKOVLEV_Mikhail,ISR,,2,1,10.468,68.781047,32.633,33.244,37.612,2.184,1,0.611,0,0
Cairo,2023,17/03/2023,NC,SF,2,2,RUDYK_Mateusz,POL,27.67671233,4,2,10.492,68.62371331,32.021,31.942,33.876,0.967,2,-0.079,0,0
Cairo,2023,17/03/2023,NC,SF,1,3,LAVREYSEN_Harrie,NED,26.02465753,1,1,10.32,69.76744186,39.602,39.701,41.895,1.097,1,0.099,0,0
Cairo,2023,17/03/2023,NC,SF,1,3,OTA_Kaiya,JPN,,3,2,10.459,68.84023329,33.25,33.052,36.986,1.967,2,-0.198,0,0
Cairo,2023,17/03/2023,NC,F,G,1,LAVREYSEN_Harrie,NED,26.02465753,1,1,9.948,72.37635706,39.701,39.802,41.986,1.092,1,0.101,0,0
Cairo,2023,17/03/2023,NC,F,G,1,YAKOVLEV_Mikhail,ISR,,2,2,10.013,71.90652152,33.244,33.01,37.252,2.121,2,-0.234,0,0
Cairo,2023,17/03/2023,NC,F,B,1,OTA_Kaiya,JPN,,3,1,10.185,70.6921944,33.052,33.51,37.34,1.915,1,0.458,0,0
Cairo,2023,17/03/2023,NC,F,B,1,RUDYK_Mateusz,POL,27.67671233,4,2,10.363,69.4779504,31.942,31.862,33.79,0.964,2,-0.08,0,0
Cairo,2023,17/03/2023,NC,F,G,2,LAVREYSEN_Harrie,NED,26.02465753,1,1,10.019,71.86345943,39.802,39.896,42.07,1.087,1,0.094,0,0
Cairo,2023,17/03/2023,NC,F,G,2,YAKOVLEV_Mikhail,ISR,,2,2,11.862,60.69802731,33.01,32.806,36.936,2.065,2,-0.204,0,0
Cairo,2023,17/03/2023,NC,F,B,2,OTA_Kaiya,JPN,,3,1,10.364,69.47124662,33.51,33.916,37.654,1.869,1,0.406,0,0
Cairo,2023,17/03/2023,NC,F,B,2,RUDYK_Mateusz,POL,27.67671233,4,2,10.481,68.69573514,31.862,31.788,33.71,0.961,2,-0.074,0,0
Cairo,2023,17/03/2023,NC,F,G,2,Bremer,NED,,1,1,10.019,71.86345943,9,,,,,-9,-1,
,,,,,,,,,,,,,,,,,,,,,0.336206897
