,Location,Year,Date,Event,Round,Heat,Rank,Athlete,Country,UCI_ID,Age,Initial_CSE,Final_CSE,Mu,Sigma,ExpectedRank,RatingChange
0,Astana,2012,5/11/2011,WC,R1,1,1,BÖTTICHER_Stefan,GER,10048325582,19.8,9,22.091,34.363,6.136,1,
1,Astana,2012,5/11/2011,WC,R1,1,2,ZHANG_Miao,CHN_,10006737945,23.2,9,17.986,29.058,5.536,1,
2,Astana,2012,5/11/2011,WC,R1,1,3,PHILLIP_Njisane,TTO,10006898401,20.4,9,14.16,25,5.42,1,
3,Astana,2012,5/11/2011,WC,R1,1,4,D'ALMEIDA_Michael,FRA,10004618796,24.2,9,9.87,20.942,5.536,1,
4,Astana,2012,5/11/2011,WC,R1,1,5,TEKLINSKI_Adrian,POL,10005364585,22,9,3.365,15.637,6.136,1,
5,Astana,2012,5/11/2011,WC,R1,2,1,HOY_Chris,SKY_,10001564310,35.6,9,22.091,34.363,6.136,1,
6,Astana,2012,5/11/2011,WC,R1,2,2,POLYNSKIY_Sergey,PHL_,10003291718,30.1,9,17.986,29.058,5.536,1,
7,Astana,2012,5/11/2011,WC,R1,2,3,VELOCE_Joseph,CAN_,10006105930,22.5,9,14.16,25,5.42,1,
8,Astana,2012,5/11/2011,WC,R1,2,4,NAKAGAWA_Seiichiro,JPN_,10002830360,32.4,9,9.87,20.942,5.536,1,
9,Astana,2012,5/11/2011,WC,R1,2,5,MASSIE_Giddeon,USA,10002260484,30.2,9,3.365,15.637,6.136,1,
10,Astana,2012,5/11/2011,WC,R1,3,1,VOLIKAKIS_Christos,GRE,10004633247,23.6,9,22.091,34.363,6.136,1,
11,Astana,2012,5/11/2011,WC,R1,3,2,MAZQUIARAN_URIA_Hodei,ESP_,10004613039,22.9,9,17.986,29.058,5.536,1,
12,Astana,2012,5/11/2011,WC,R1,3,3,HAAK_Hugo,NED_,10006900320,20,9,14.16,25,5.42,1,
13,Astana,2012,5/11/2011,WC,R1,3,4,ASKARI_Ali,IRI,10006115327,21.6,9,9.87,20.942,5.536,1,
14,Astana,2012,5/11/2011,WC,R1,3,5,CECI_Luca,ITA,10006108051,22.8,9,3.365,15.637,6.136,1,
15,Astana,2012,5/11/2011,WC,R1,4,1,PERKINS_Shane_Alan,RUS,10051694112,24.8,9,22.091,34.363,6.136,1,
16,Astana,2012,5/11/2011,WC,R1,4,2,WÄCHTER_Tobias,GER,10036244537,23.3,9,17.986,29.058,5.536,1,
17,Astana,2012,5/11/2011,WC,R1,4,3,KUBEEV_Andrey,RUS_,10006173931,,9,14.16,25,5.42,1,
18,Astana,2012,5/11/2011,WC,R1,4,4,NITTA_Yudai,JPN,10005727327,25.8,9,9.87,20.942,5.536,1,
19,Astana,2012,5/11/2011,WC,R1,4,5,VYNOKUROV_Andrii,UKR,10002418415,29.2,9,3.365,15.637,6.136,1,
20,Astana,2012,5/11/2011,WC,R1,5,1,LEVY_Maximilian,GER,10004601723,24.4,9,23.343,35.297,5.977,1,
21,Astana,2012,5/11/2011,WC,R1,5,2,CANELON_VERA_Hersony_Gadiel,VEN,10004717719,22.9,9,19.603,30.329,5.363,1,
22,Astana,2012,5/11/2011,WC,R1,5,3,CECI_Francesco,ITA,10006073493,21.9,9,16.282,26.688,5.203,1,
23,Astana,2012,5/11/2011,WC,R1,5,4,NARVAEZ_ROMERO_Leonardo,COL,10002288069,30.9,9,12.906,23.312,5.203,1,
24,Astana,2012,5/11/2011,WC,R1,5,5,"NG_Onn_Lam,_Josiah",MAS_,10055651813,,9,8.945,19.671,5.363,1,
25,Astana,2012,5/11/2011,WC,R1,5,6,CIPRIANO_Flavio_Vagner,BRA,10007165755,21.8,9,2.749,14.703,5.977,1,
26,Astana,2012,5/11/2011,WC,R1,6,1,BORISOV_Sergei,RUS,10002558558,28.8,9,23.343,35.297,5.977,1,
27,Astana,2012,5/11/2011,WC,R1,6,2,AWANG_Mohd_Azizulhasni,MAS,10004868370,23.8,9,19.603,30.329,5.363,1,
28,Astana,2012,5/11/2011,WC,R1,6,3,ESTERHUIZEN_Bernard,RSA_,10006893852,19.1,9,16.282,26.688,5.203,1,
29,Astana,2012,5/11/2011,WC,R1,6,4,ŠPIČKA_Denis,CZE_,10004723476,23.2,9,12.906,23.312,5.203,1,
30,Astana,2012,5/11/2011,WC,R1,6,5,KENNY_Jason,GBR,10004599194,23.6,9,8.945,19.671,5.363,1,
31,Astana,2012,5/11/2011,WC,R1,6,6,AUDI_Raja,LIB,10006107748,32,9,2.749,14.703,5.977,1,
32,Astana,2012,5/11/2011,WC,Rep,1,1,ZHANG_Miao,CHN_,10006737945,23.2,17.986,21.722,31.354,4.816,1,
33,Astana,2012,5/11/2011,WC,Rep,1,2,VYNOKUROV_Andrii,UKR,10002418415,29.2,3.365,12.339,21.523,4.592,3,
34,Astana,2012,5/11/2011,WC,Rep,1,3,ESTERHUIZEN_Bernard,RSA_,10006893852,19.1,16.282,14.113,22.513,4.2,2,
35,Astana,2012,5/11/2011,WC,Rep,1,4,CECI_Luca,ITA,10006108051,22.8,3.365,2.366,12.736,5.185,3,
36,Astana,2012,5/11/2011,WC,Rep,2,1,NITTA_Yudai,JPN,10005727327,25.8,9.87,19.402,28.162,4.38,4,
37,Astana,2012,5/11/2011,WC,Rep,2,2,POLYNSKIY_Sergey,PHL_,10003291718,30.1,17.986,19.914,28.31,4.198,1,
38,Astana,2012,5/11/2011,WC,Rep,2,3,CECI_Francesco,ITA,10006073493,21.9,16.282,16.506,24.646,4.07,2,
39,Astana,2012,5/11/2011,WC,Rep,2,4,NARVAEZ_ROMERO_Leonardo,COL,10002288069,30.9,12.906,10.92,19.636,4.358,3,
40,Astana,2012,5/11/2011,WC,Rep,3,1,MAZQUIARAN_URIA_Hodei,ESP_,10004613039,22.9,17.986,22.204,31.766,4.781,1,
41,Astana,2012,5/11/2011,WC,Rep,3,2,KUBEEV_Andrey,RUS_,10006173931,,14.16,16.516,25.298,4.391,2,
42,Astana,2012,5/11/2011,WC,Rep,3,3,CIPRIANO_Flavio_Vagner,BRA,10007165755,21.8,2.749,7.994,17.172,4.589,4,
43,Astana,2012,5/11/2011,WC,Rep,3,4,ASKARI_Ali,IRI,10006115327,21.6,9.87,6.627,15.805,4.589,3,
44,Astana,2012,5/11/2011,WC,Rep,4,1,HAAK_Hugo,NED_,10006900320,20,14.16,20.091,29.031,4.47,2,
45,Astana,2012,5/11/2011,WC,Rep,4,2,NAKAGAWA_Seiichiro,JPN_,10002830360,32.4,9.87,15.414,23.77,4.178,3,
46,Astana,2012,5/11/2011,WC,Rep,4,3,TEKLINSKI_Adrian,POL,10005364585,22,3.365,10.706,19.354,4.324,4,
47,Astana,2012,5/11/2011,WC,Rep,4,4,WÄCHTER_Tobias,GER,10036244537,23.3,17.986,13.408,21.752,4.172,1,
48,Astana,2012,5/11/2011,WC,Rep,4,5,AUDI_Raja,LIB,10006107748,32,2.749,1.572,11.494,4.961,5,
49,Astana,2012,5/11/2011,WC,Rep,5,1,D'ALMEIDA_Michael,FRA,10004618796,24.2,9.87,18.861,27.709,4.424,3,
50,Astana,2012,5/11/2011,WC,Rep,5,2,CANELON_VERA_Hersony_Gadiel,VEN,10004717719,22.9,19.603,19.893,28.241,4.174,1,
51,Astana,2012,5/11/2011,WC,Rep,5,3,KENNY_Jason,GBR,10004599194,23.6,8.945,12.389,20.749,4.18,4,
52,Astana,2012,5/11/2011,WC,Rep,5,4,VELOCE_Joseph,CAN_,10006105930,22.5,14.16,10.721,19.545,4.412,2,
53,Astana,2012,5/11/2011,WC,Rep,6,1,"NG_Onn_Lam,_Josiah",MAS_,10055651813,,8.945,18.161,26.647,4.243,4,
54,Astana,2012,5/11/2011,WC,Rep,6,2,ŠPIČKA_Denis,CZE_,10004723476,23.2,12.906,17.323,25.315,3.996,3,
55,Astana,2012,5/11/2011,WC,Rep,6,3,AWANG_Mohd_Azizulhasni,MAS,10004868370,23.8,19.603,17.663,25.807,4.072,1,
56,Astana,2012,5/11/2011,WC,Rep,6,4,PHILLIP_Njisane,TTO,10006898401,20.4,14.16,11.517,20.319,4.401,2,
57,Astana,2012,5/11/2011,WC,R2,1,1,"NG_Onn_Lam,_Josiah",MAS_,10055651813,,18.161,25.842,32.836,3.497,6,
58,Astana,2012,5/11/2011,WC,R2,1,2,BORISOV_Sergei,RUS,10002558558,28.8,23.343,27.28,35.416,4.068,1,
59,Astana,2012,5/11/2011,WC,R2,1,3,HAAK_Hugo,NED_,10006900320,20,20.091,23.811,30.745,3.467,5,
60,Astana,2012,5/11/2011,WC,R2,1,4,MAZQUIARAN_URIA_Hodei,ESP_,10004613039,22.9,22.204,23.211,30.431,3.61,2,
61,Astana,2012,5/11/2011,WC,R2,1,5,BÖTTICHER_Stefan,GER,10048325582,19.8,22.091,20.516,28.84,4.162,3,
62,Astana,2012,5/11/2011,WC,R2,1,6,PERKINS_Shane_Alan,RUS,10051694112,24.8,22.091,16.782,25.79,4.504,3,
63,Astana,2012,5/11/2011,WC,R2,2,1,LEVY_Maximilian,GER,10004601723,24.4,23.343,31.757,41.123,4.683,1,
64,Astana,2012,5/11/2011,WC,R2,2,2,HOY_Chris,SKY_,10001564310,35.6,22.091,28.445,37.151,4.353,2,
65,Astana,2012,5/11/2011,WC,R2,2,3,VOLIKAKIS_Christos,GRE,10004633247,23.6,22.091,25.831,34.275,4.222,2,
66,Astana,2012,5/11/2011,WC,R2,2,4,D'ALMEIDA_Michael,FRA,10004618796,24.2,18.861,21.949,28.977,3.514,6,
67,Astana,2012,5/11/2011,WC,R2,2,5,ZHANG_Miao,CHN_,10006737945,23.2,21.722,21.154,28.596,3.721,4,
68,Astana,2012,5/11/2011,WC,R2,2,6,NITTA_Yudai,JPN,10005727327,25.8,19.402,17.269,24.695,3.713,5,
69,Astana,2012,5/11/2011,WC,Final,1,1,VOLIKAKIS_Christos,GRE,10004633247,23.6,25.831,32.145,39.109,3.482,5,
70,Astana,2012,5/11/2011,WC,Final,1,2,HOY_Chris,SKY_,10001564310,35.6,28.445,31.815,38.621,3.403,2,
71,Astana,2012,5/11/2011,WC,Final,1,3,BORISOV_Sergei,RUS,10002558558,28.8,27.28,29.634,36.082,3.224,3,
72,Astana,2012,5/11/2011,WC,Final,1,4,"NG_Onn_Lam,_Josiah",MAS_,10055651813,,25.842,27.401,33.245,2.922,4,
73,Astana,2012,5/11/2011,WC,Final,1,5,LEVY_Maximilian,GER,10004601723,24.4,31.757,28.389,35.461,3.536,1,
74,Astana,2012,5/11/2011,WC,Final,1,6,HAAK_Hugo,NED_,10006900320,20,23.811,22.606,28.77,3.082,6,
75,Astana,2012,5/11/2011,WC,Final,2,1,BÖTTICHER_Stefan,GER,10048325582,19.8,20.516,25.981,32.919,3.469,4,
76,Astana,2012,5/11/2011,WC,Final,2,2,MAZQUIARAN_URIA_Hodei,ESP_,10004613039,22.9,23.211,25.418,31.456,3.019,1,
77,Astana,2012,5/11/2011,WC,Final,2,3,PERKINS_Shane_Alan,RUS,10051694112,24.8,16.782,20.931,27.761,3.415,6,
78,Astana,2012,5/11/2011,WC,Final,2,4,ZHANG_Miao,CHN_,10006737945,23.2,21.154,21.631,27.705,3.037,3,
79,Astana,2012,5/11/2011,WC,Final,2,5,NITTA_Yudai,JPN,10005727327,25.8,17.269,18.012,24.13,3.059,5,
80,Astana,2012,5/11/2011,WC,Final,2,6,D'ALMEIDA_Michael,FRA,10004618796,24.2,21.949,19.144,25.2,3.028,2,
81,Beijing,2012,14/01/2012,WC,R1,1,1,TAYLOR_Andrew,AUS_,10003030424,26.5,9,24.406,35.966,5.78,3,
82,Beijing,2012,14/01/2012,WC,R1,1,2,GAO_Song,GPC_,10006148467,28.7,9,21.04,31.228,5.094,3,
83,Beijing,2012,14/01/2012,WC,R1,1,3,PERALTA_Juan,ESP,10006552534,21.7,9,18.188,27.854,4.833,3,
84,Beijing,2012,14/01/2012,WC,R1,1,4,NAKAGAWA_Seiichiro,JPN_,10002830360,32.6,15.414,17.431,24.303,3.436,2,
85,Beijing,2012,14/01/2012,WC,R1,1,5,CANELON_VERA_Hersony_Gadiel,VEN,10004717719,23.1,19.893,17.855,24.795,3.47,1,
86,Beijing,2012,14/01/2012,WC,R1,1,6,JUN_Wongu,KOR_,10006643066,,9,4.913,16.563,5.825,3,
87,Beijing,2012,14/01/2012,WC,R1,2,1,PERVIS_Francois,FRA,10003011125,27.2,9,19.882,32.104,6.111,1,
88,Beijing,2012,14/01/2012,WC,R1,2,2,MASSIE_Giddeon,USA,10002260484,30.4,3.365,13.894,22.852,4.479,6,
89,Beijing,2012,14/01/2012,WC,R1,2,3,VOLIKAKIS_Zafeiris,GRE,10005505439,22.6,9,13.167,22.949,4.891,1,
90,Beijing,2012,14/01/2012,WC,R1,2,4,CIPRIANO_Flavio_Vagner,BRA,10007165755,22,7.994,10.438,17.89,3.726,5,
91,Beijing,2012,14/01/2012,WC,R1,2,5,CHEUNG_Joy_Lai,HKG_,10006278914,19.5,9,6.773,16.805,5.016,1,
92,Beijing,2012,14/01/2012,WC,R1,2,6,SZILSKII_Sergei,PHL_,10005748545,,9,1.207,12.471,5.632,1,
93,Beijing,2012,14/01/2012,WC,R1,3,1,PUERTA_ZAPATA_Fabian_Hernando,COL,10006904360,20.5,9,20.752,32.714,5.981,2,
94,Beijing,2012,14/01/2012,WC,R1,3,2,TEKLINSKI_Adrian,POL,10005364585,22.2,10.706,16.225,23.489,3.632,1,
95,Beijing,2012,14/01/2012,WC,R1,3,3,SKINNER_Callum,GBR,10006898296,19.4,9,14.343,24.117,4.887,2,
96,Beijing,2012,14/01/2012,WC,R1,3,4,DAWKINS_Edward,NZL,10005782695,22.5,9,11.373,21.291,4.959,2,
97,Beijing,2012,14/01/2012,WC,R1,3,5,SMITH_Travis,CAN_,10003302327,31.9,9,7.754,18.06,5.153,2,
98,Beijing,2012,14/01/2012,WC,R1,3,6,WANG_Qiming,HKP_,10004792588,24.6,9,1.916,13.468,5.776,2,
99,Beijing,2012,14/01/2012,WC,R1,4,1,ZHANG_Miao,CHN_,10006737945,23.4,21.631,23.834,29.494,2.83,1,
100,Beijing,2012,14/01/2012,WC,R1,4,2,BÜCHLI_Matthijs,NED,10006900421,19.1,9,17.521,27.447,4.963,2,
101,Beijing,2012,14/01/2012,WC,R1,4,3,KHOZOV_Vladimir,RUS_,10005510085,23.8,9,13.99,23.958,4.984,2,
102,Beijing,2012,14/01/2012,WC,R1,4,4,MD_YUNOS_Muhammad_Edrus,MAS,10004868269,24.5,9,10.22,20.306,5.043,2,
103,Beijing,2012,14/01/2012,WC,R1,4,5,AUDI_Raja,LIB,10006107748,32.2,1.572,4.487,12.637,4.075,6,
104,Beijing,2012,14/01/2012,WC,R1,4,6,MASOTTI_Fabio,ITA,10002209661,37.6,9,0.349,11.603,5.627,2,
105,Beijing,2012,14/01/2012,WC,R1,5,1,VYNOKUROV_Andrii,UKR,10002418415,29.4,12.339,22.012,29.346,3.667,3,
106,Beijing,2012,14/01/2012,WC,R1,5,2,BORISOV_Sergei,RUS,10002558558,29,29.634,29.12,34.78,2.83,1,
107,Beijing,2012,14/01/2012,WC,R1,5,3,MAZQUIARAN_URIA_Hodei,ESP_,10004613039,23.1,25.418,25.072,30.482,2.705,2,
108,Beijing,2012,14/01/2012,WC,R1,5,4,FENG_Yong,HBC_,10004792184,26.1,9,12.583,23.127,5.272,4,
109,Beijing,2012,14/01/2012,WC,R1,5,5,FEIFERLÍK_Martin,CZE_,10006600933,21.5,9,4.934,17.23,6.148,4,
110,Beijing,2012,14/01/2012,WC,R1,6,1,WATANABE_Kazunari,JPN,10003349716,26.7,9,22.773,34.193,5.71,4,
111,Beijing,2012,14/01/2012,WC,R1,6,2,PHILLIP_Njisane,TTO,10006898401,20.6,11.517,18.294,25.394,3.55,3,
112,Beijing,2012,14/01/2012,WC,R1,6,3,HSIAO_Shih_Hsin,TPE,10006137252,21.8,9,17.332,26.53,4.599,4,
113,Beijing,2012,14/01/2012,WC,R1,6,4,TANG_Qi,MSP_,10005763400,25.2,9,15.094,24.202,4.554,4,
114,Beijing,2012,14/01/2012,WC,R1,6,5,CECI_Francesco,ITA,10006073493,22.1,16.506,16.281,22.891,3.305,1,
115,Beijing,2012,14/01/2012,WC,R1,6,6,ESTERHUIZEN_Bernard,RSA_,10006893852,19.3,14.113,13.099,19.973,3.437,2,
116,Beijing,2012,14/01/2012,WC,R1,6,7,ZAID_Mohd_Fattah_Amri,MAS_,10007210417,19.8,9,3.141,14.233,5.546,4,
117,Beijing,2012,14/01/2012,WC,Rep,1,1,FENG_Yong,HBC_,10004792184,26.1,12.583,20.212,28.788,4.288,3,
118,Beijing,2012,14/01/2012,WC,Rep,1,2,GAO_Song,GPC_,10006148467,28.7,21.04,20.969,29.025,4.028,1,
119,Beijing,2012,14/01/2012,WC,Rep,1,3,SZILSKII_Sergei,PHL_,10005748545,,1.207,9.979,18.275,4.148,5,
120,Beijing,2012,14/01/2012,WC,Rep,1,4,HSIAO_Shih_Hsin,TPE,10006137252,21.8,17.332,14.294,21.75,3.728,2,
121,Beijing,2012,14/01/2012,WC,Rep,1,5,AUDI_Raja,LIB,10006107748,32.2,4.487,3.957,11.379,3.711,4,
122,Beijing,2012,14/01/2012,WC,Rep,2,1,MAZQUIARAN_URIA_Hodei,ESP_,10004613039,23.1,25.072,25.982,31.136,2.577,1,
123,Beijing,2012,14/01/2012,WC,Rep,2,2,MASSIE_Giddeon,USA,10002260484,30.4,13.894,17.073,24.403,3.665,2,
124,Beijing,2012,14/01/2012,WC,Rep,2,3,JUN_Wongu,KOR_,10006643066,,4.913,10.901,19.273,4.186,5,
125,Beijing,2012,14/01/2012,WC,Rep,2,4,MD_YUNOS_Muhammad_Edrus,MAS,10004868269,24.5,10.22,10.238,18.084,3.923,3,
126,Beijing,2012,14/01/2012,WC,Rep,2,5,SMITH_Travis,CAN_,10003302327,31.9,7.754,5.347,13.837,4.245,4,
127,Beijing,2012,14/01/2012,WC,Rep,3,1,DAWKINS_Edward,NZL,10005782695,22.5,11.373,18.501,26.507,4.003,4,
128,Beijing,2012,14/01/2012,WC,Rep,3,2,KHOZOV_Vladimir,RUS_,10005510085,23.8,13.99,17.35,24.936,3.793,2,
129,Beijing,2012,14/01/2012,WC,Rep,3,3,CHEUNG_Joy_Lai,HKG_,10006278914,19.5,6.773,12.233,19.683,3.725,5,
130,Beijing,2012,14/01/2012,WC,Rep,3,4,TEKLINSKI_Adrian,POL,10005364585,22.2,16.225,15.222,21.352,3.065,1,
131,Beijing,2012,14/01/2012,WC,Rep,3,5,ESTERHUIZEN_Bernard,RSA_,10006893852,19.3,13.099,11.466,17.564,3.049,3,
132,Beijing,2012,14/01/2012,WC,Rep,4,1,BÜCHLI_Matthijs,NED,10006900421,19.1,17.521,21.646,30.054,4.204,2,
133,Beijing,2012,14/01/2012,WC,Rep,4,2,CIPRIANO_Flavio_Vagner,BRA,10007165755,22,10.438,14.827,21.127,3.15,4,
134,Beijing,2012,14/01/2012,WC,Rep,4,3,CANELON_VERA_Hersony_Gadiel,VEN,10004717719,23.1,17.855,17.644,23.6,2.978,1,
135,Beijing,2012,14/01/2012,WC,Rep,4,4,SKINNER_Callum,GBR,10006898296,19.4,14.343,12.831,20.441,3.805,3,
136,Beijing,2012,14/01/2012,WC,Rep,4,5,ZAID_Mohd_Fattah_Amri,MAS_,10007210417,19.8,3.141,2.231,11.593,4.681,5,
137,Beijing,2012,14/01/2012,WC,Rep,5,1,BORISOV_Sergei,RUS,10002558558,29,29.12,29.827,35.245,2.709,1,
138,Beijing,2012,14/01/2012,WC,Rep,5,2,NAKAGAWA_Seiichiro,JPN_,10002830360,32.6,17.431,19.774,25.828,3.027,2,
139,Beijing,2012,14/01/2012,WC,Rep,5,3,VOLIKAKIS_Zafeiris,GRE,10005505439,22.6,13.167,15.633,23.187,3.777,4,
140,Beijing,2012,14/01/2012,WC,Rep,5,4,CECI_Francesco,ITA,10006073493,22.1,16.281,15.39,21.296,2.953,3,
141,Beijing,2012,14/01/2012,WC,Rep,5,5,MASOTTI_Fabio,ITA,10002209661,37.6,0.349,0.077,9.983,4.953,5,
142,Beijing,2012,14/01/2012,WC,Rep,6,1,PERALTA_Juan,ESP,10006552534,21.7,18.188,22.476,30.728,4.126,2,
143,Beijing,2012,14/01/2012,WC,Rep,6,2,TANG_Qi,MSP_,10005763400,25.2,15.094,18.106,25.498,3.696,3,
144,Beijing,2012,14/01/2012,WC,Rep,6,3,FEIFERLÍK_Martin,CZE_,10006600933,21.5,4.934,11.883,20.361,4.239,4,
145,Beijing,2012,14/01/2012,WC,Rep,6,4,WANG_Qiming,HKP_,10004792588,24.6,1.916,8.2,16.418,4.109,5,
146,Beijing,2012,14/01/2012,WC,Rep,6,5,PHILLIP_Njisane,TTO,10006898401,20.6,18.294,14.657,20.897,3.12,1,
147,Beijing,2012,14/01/2012,WC,R2,1,1,ZHANG_Miao,CHN_,10006737945,23.4,23.834,27.528,32.602,2.537,4,
148,Beijing,2012,14/01/2012,WC,R2,1,2,BORISOV_Sergei,RUS,10002558558,29,29.827,30.726,35.564,2.419,1,
149,Beijing,2012,14/01/2012,WC,R2,1,3,TAYLOR_Andrew,AUS_,10003030424,26.5,24.406,26.66,34.368,3.854,3,
150,Beijing,2012,14/01/2012,WC,R2,1,4,WATANABE_Kazunari,JPN,10003349716,26.7,22.773,24.104,31.816,3.856,5,
151,Beijing,2012,14/01/2012,WC,R2,1,5,MAZQUIARAN_URIA_Hodei,ESP_,10004613039,23.1,25.982,25.347,30.035,2.344,2,
152,Beijing,2012,14/01/2012,WC,R2,1,6,DAWKINS_Edward,NZL,10005782695,22.5,18.501,17.25,24.186,3.468,6,
153,Beijing,2012,14/01/2012,WC,R2,2,1,PERVIS_Francois,FRA,10003011125,27.2,19.882,29.267,38.487,4.61,6,
154,Beijing,2012,14/01/2012,WC,R2,2,2,PERALTA_Juan,ESP,10006552534,21.7,22.476,26.673,33.405,3.366,1,
155,Beijing,2012,14/01/2012,WC,R2,2,3,PUERTA_ZAPATA_Fabian_Hernando,COL,10006904360,20.5,20.752,24.705,32.755,4.025,4,
156,Beijing,2012,14/01/2012,WC,R2,2,4,BÜCHLI_Matthijs,NED,10006900421,19.1,21.646,23.083,29.753,3.335,3,
157,Beijing,2012,14/01/2012,WC,R2,2,5,VYNOKUROV_Andrii,UKR,10002418415,29.4,22.012,21.741,27.901,3.08,2,
158,Beijing,2012,14/01/2012,WC,R2,2,6,FENG_Yong,HBC_,10004792184,26.1,20.212,17.838,25.02,3.591,5,
159,Beijing,2012,14/01/2012,WC,Final,1,1,PERVIS_Francois,FRA,10003011125,27.2,29.267,34.204,41.83,3.813,2,
160,Beijing,2012,14/01/2012,WC,Final,1,2,BORISOV_Sergei,RUS,10002558558,29,30.726,32.054,36.49,2.218,1,
161,Beijing,2012,14/01/2012,WC,Final,1,3,TAYLOR_Andrew,AUS_,10003030424,26.5,26.66,28.879,35.073,3.097,5,
162,Beijing,2012,14/01/2012,WC,Final,1,4,PERALTA_Juan,ESP,10006552534,21.7,26.673,27.53,33.184,2.827,4,
163,Beijing,2012,14/01/2012,WC,Final,1,5,ZHANG_Miao,CHN_,10006737945,23.4,27.528,27.212,31.81,2.299,3,
164,Beijing,2012,14/01/2012,WC,Final,1,6,PUERTA_ZAPATA_Fabian_Hernando,COL,10006904360,20.5,24.705,22.424,29.182,3.379,6,
165,Beijing,2012,14/01/2012,WC,Final,2,1,VYNOKUROV_Andrii,UKR,10002418415,29.4,21.741,25.429,30.887,2.729,4,
166,Beijing,2012,14/01/2012,WC,Final,2,2,WATANABE_Kazunari,JPN,10003349716,26.7,24.104,26.086,32.32,3.117,2,
167,Beijing,2012,14/01/2012,WC,Final,2,3,BÜCHLI_Matthijs,NED,10006900421,19.1,23.083,24.155,29.759,2.802,3,
168,Beijing,2012,14/01/2012,WC,Final,2,4,DAWKINS_Edward,NZL,10005782695,22.5,17.25,19.458,25.202,2.872,6,
169,Beijing,2012,14/01/2012,WC,Final,2,5,FENG_Yong,HBC_,10004792184,26.1,17.838,18.643,24.549,2.953,5,
170,Beijing,2012,14/01/2012,WC,Final,2,6,MAZQUIARAN_URIA_Hodei,ESP_,10004613039,23.1,25.347,23.522,27.852,2.165,1,
171,London,2012,18/02/2012,WC,R1,1,1,VOLIKAKIS_Christos,GRE,10004633247,23.9,32.145,32.939,39.627,3.344,1,
172,London,2012,18/02/2012,WC,R1,1,2,CRAMPTON_Matthew,SKY_,10003292122,25.7,9,17.915,29.021,5.553,3,
173,London,2012,18/02/2012,WC,R1,1,3,CECI_Francesco,ITA,10006073493,22.2,15.39,16.331,21.811,2.74,2,
174,London,2012,18/02/2012,WC,R1,1,4,ALIAGA_CHIVITE_Sergio,ESP,10006553039,20.3,9,8.475,18.883,5.204,3,
175,London,2012,18/02/2012,WC,R1,1,5,AUDI_Raja,LIB,10006107748,32.3,3.957,3.452,10.394,3.471,5,
176,London,2012,18/02/2012,WC,R1,2,1,VAN_VELTHOOVEN_Simon,NZL_,10005506954,23.2,9,25.76,36.852,5.546,3,
177,London,2012,18/02/2012,WC,R1,2,2,BORISOV_Sergei,RUS,10002558558,29.1,32.054,31.728,35.988,2.13,1,
178,London,2012,18/02/2012,WC,R1,2,3,NITTA_Yudai,JPN,10005727327,26.1,18.012,19.418,25.038,2.81,2,
179,London,2012,18/02/2012,WC,R1,2,4,ESTEBAN_HERRAIZ_Itmar,ESP,10004737119,28.2,9,11.47,22.03,5.28,3,
180,London,2012,18/02/2012,WC,R1,2,5,ARAUJO_Jhonny,VEN_,10007257095,,9,4.31,16.458,6.074,3,
181,London,2012,18/02/2012,WC,R1,3,1,WATANABE_Kazunari,JPN,10003349716,26.8,26.086,27.868,33.574,2.853,1,
182,London,2012,18/02/2012,WC,R1,3,2,KHOZOV_Vladimir,RUS_,10005510085,23.9,17.35,21.066,27.296,3.115,3,
183,London,2012,18/02/2012,WC,R1,3,3,PHILLIP_Njisane,TTO,10006898401,20.7,14.657,17.613,22.963,2.675,6,
184,London,2012,18/02/2012,WC,R1,3,4,ŠPIČKA_Denis,CZE_,10004723476,23.5,17.323,18.444,24.746,3.151,4,
185,London,2012,18/02/2012,WC,R1,3,5,MASSIE_Giddeon,USA,10002260484,30.5,17.073,17.126,23.132,3.003,5,
186,London,2012,18/02/2012,WC,R1,3,6,PUERTA_ZAPATA_Fabian_Hernando,COL,10006904360,20.6,22.424,19.093,24.901,2.904,2,
187,London,2012,18/02/2012,WC,R1,4,1,HOY_Chris,GBR_,10001564310,35.9,31.815,33.706,39.978,3.136,1,
188,London,2012,18/02/2012,WC,R1,4,2,ENDERS_Rene,GER,10004601824,25,9,23.917,33.611,4.847,4,
189,London,2012,18/02/2012,WC,R1,4,3,PERALTA_Juan,ESP,10006552534,21.8,27.53,27.522,32.684,2.581,2,
190,London,2012,18/02/2012,WC,R1,4,4,OKUNEV_Ilya,PHL_,10005748747,22.8,9,16.627,26.351,4.862,4,
191,London,2012,18/02/2012,WC,R1,4,5,MULLEN_Eoin,IRL,10007782616,18.5,9,12.663,22.573,4.955,4,
192,London,2012,18/02/2012,WC,R1,4,6,CIPRIANO_Flavio_Vagner,BRA,10007165755,22.1,14.827,13.655,19.507,2.926,3,
193,London,2012,18/02/2012,WC,R1,5,1,MULDER_Teun,NED_,10000959674,30.7,9,22.655,34.285,5.815,2,
194,London,2012,18/02/2012,WC,R1,5,2,AWANG_Mohd_Azizulhasni,MAS,10004868370,24.1,17.663,20.882,27.884,3.501,1,
195,London,2012,18/02/2012,WC,R1,5,3,BARRETTE_Hugo,CAN,10007212639,20.6,9,15.96,25.826,4.933,2,
196,London,2012,18/02/2012,WC,R1,5,4,ZAITSAU_Artsiom,BLR,10009017243,16.8,9,12.631,22.673,5.021,2,
197,London,2012,18/02/2012,WC,R1,5,5,EILERS_Joachim,GER,10006379247,21.9,9,8.719,19.181,5.231,2,
198,London,2012,18/02/2012,WC,R1,5,6,KUCZYNSKI_Kamil,POL,10003095795,26.9,9,2.582,14.34,5.879,2,
199,London,2012,18/02/2012,WC,R1,6,1,BOURGAIN_Mickaël,FRA_,10002269073,31.7,9,26.479,37.465,5.493,5,
200,London,2012,18/02/2012,WC,R1,6,2,GLAETZER_Matthew,AUS,10006894559,19.5,9,23.575,33.137,4.781,5,
201,London,2012,18/02/2012,WC,R1,6,3,"NG_Onn_Lam,_Josiah",MAS_,10055651813,,27.401,27.452,32.658,2.603,1,
202,London,2012,18/02/2012,WC,R1,6,4,MAZQUIARAN_URIA_Hodei,EUS_,10004613039,23.2,23.522,23.73,27.762,2.016,3,
203,London,2012,18/02/2012,WC,R1,6,5,ESTERHUIZEN_Bernard,RSA_,10006893852,19.4,11.466,14.222,19.554,2.666,4,
204,London,2012,18/02/2012,WC,R1,6,6,VYNOKUROV_Andrii,UKR,10002418415,29.5,25.429,22.795,27.737,2.471,2,
205,London,2012,18/02/2012,WC,Rep,1,1,CRAMPTON_Matthew,SKY_,10003292122,25.7,17.915,24.928,33.702,4.387,3,
206,London,2012,18/02/2012,WC,Rep,1,2,ZAITSAU_Artsiom,BLR,10009017243,16.8,12.631,19.951,27.437,3.743,5,
207,London,2012,18/02/2012,WC,Rep,1,3,PUERTA_ZAPATA_Fabian_Hernando,COL,10006904360,20.6,19.093,20.588,25.73,2.571,2,
208,London,2012,18/02/2012,WC,Rep,1,4,"NG_Onn_Lam,_Josiah",MAS_,10055651813,,27.452,25.681,30.411,2.365,1,
209,London,2012,18/02/2012,WC,Rep,1,5,MULLEN_Eoin,IRL,10007782616,18.5,12.663,11.613,19.931,4.159,4,
210,London,2012,18/02/2012,WC,Rep,2,1,OKUNEV_Ilya,PHL_,10005748747,22.8,16.627,24.311,32.151,3.92,3,
211,London,2012,18/02/2012,WC,Rep,2,2,BORISOV_Sergei,RUS,10002558558,29.1,31.728,31.15,35.21,2.03,1,
212,London,2012,18/02/2012,WC,Rep,2,3,MASSIE_Giddeon,USA,10002260484,30.5,17.126,18.328,23.824,2.748,2,
213,London,2012,18/02/2012,WC,Rep,2,4,BARRETTE_Hugo,CAN,10007212639,20.6,15.96,13.908,22.154,4.123,4,
214,London,2012,18/02/2012,WC,Rep,3,1,PHILLIP_Njisane,TTO,10006898401,20.7,17.613,20.465,25.381,2.458,3,
215,London,2012,18/02/2012,WC,Rep,3,2,PERALTA_Juan,ESP,10006552534,21.8,27.522,26.631,31.365,2.367,1,
216,London,2012,18/02/2012,WC,Rep,3,3,ŠPIČKA_Denis,CZE_,10004723476,23.5,18.444,18.26,23.944,2.842,2,
217,London,2012,18/02/2012,WC,Rep,3,4,ARAUJO_Jhonny,VEN_,10007257095,,4.31,3.894,14.282,5.194,4,
218,London,2012,18/02/2012,WC,Rep,4,1,ENDERS_Rene,GER,10004601824,25,23.917,27.379,35.761,4.191,1,
219,London,2012,18/02/2012,WC,Rep,4,2,KHOZOV_Vladimir,RUS_,10005510085,23.9,21.066,22.738,28.314,2.788,3,
220,London,2012,18/02/2012,WC,Rep,4,3,VYNOKUROV_Andrii,UKR,10002418415,29.5,22.795,22.584,27.182,2.299,2,
221,London,2012,18/02/2012,WC,Rep,4,4,ESTEBAN_HERRAIZ_Itmar,ESP,10004737119,28.2,11.47,11.797,20.229,4.216,4,
222,London,2012,18/02/2012,WC,Rep,4,5,AUDI_Raja,LIB,10006107748,32.3,3.452,3.269,9.901,3.316,5,
223,London,2012,18/02/2012,WC,Rep,5,1,AWANG_Mohd_Azizulhasni,MAS,10004868370,24.1,20.882,23.044,29.402,3.179,1,
224,London,2012,18/02/2012,WC,Rep,5,2,NITTA_Yudai,JPN,10005727327,26.1,19.418,20.064,25.206,2.571,2,
225,London,2012,18/02/2012,WC,Rep,5,3,ALIAGA_CHIVITE_Sergio,ESP,10006553039,20.3,8.475,11.814,19.698,3.942,4,
226,London,2012,18/02/2012,WC,Rep,5,4,ESTERHUIZEN_Bernard,RSA_,10006893852,19.4,14.222,13.299,18.309,2.505,3,
227,London,2012,18/02/2012,WC,Rep,6,1,EILERS_Joachim,GER,10006379247,21.9,8.719,19.458,27.494,4.018,5,
228,London,2012,18/02/2012,WC,Rep,6,2,GLAETZER_Matthew,AUS,10006894559,19.5,23.575,23.512,30.854,3.671,2,
229,London,2012,18/02/2012,WC,Rep,6,3,CIPRIANO_Flavio_Vagner,BRA,10007165755,22.1,13.655,16.107,21.243,2.568,4,
230,London,2012,18/02/2012,WC,Rep,6,4,CECI_Francesco,ITA,10006073493,22.2,16.331,16.959,21.833,2.437,3,
231,London,2012,18/02/2012,WC,Rep,6,5,MAZQUIARAN_URIA_Hodei,EUS_,10004613039,23.2,23.73,22.291,26.095,1.902,1,
232,London,2012,18/02/2012,WC,R2,1,1,HOY_Chris,GBR_,10001564310,35.9,33.706,36.139,41.823,2.842,1,
233,London,2012,18/02/2012,WC,R2,1,2,MULDER_Teun,NED_,10000959674,30.7,22.655,30.324,38.306,3.991,6,
234,London,2012,18/02/2012,WC,R2,1,3,ENDERS_Rene,GER,10004601824,25,27.379,29.746,36.334,3.294,3,
235,London,2012,18/02/2012,WC,R2,1,4,AWANG_Mohd_Azizulhasni,MAS,10004868370,24.1,23.044,25.528,30.982,2.727,5,
236,London,2012,18/02/2012,WC,R2,1,5,VOLIKAKIS_Christos,GRE,10004633247,23.9,32.939,30.611,36.295,2.842,2,
237,London,2012,18/02/2012,WC,R2,1,6,CRAMPTON_Matthew,SKY_,10003292122,25.7,24.928,22.661,29.901,3.62,4,
238,London,2012,18/02/2012,WC,R2,2,1,BOURGAIN_Mickaël,FRA_,10002269073,31.7,26.479,33.038,41.924,4.443,2,
239,London,2012,18/02/2012,WC,R2,2,2,VAN_VELTHOOVEN_Simon,NZL_,10005506954,23.2,25.76,29.869,38.051,4.091,3,
240,London,2012,18/02/2012,WC,R2,2,3,WATANABE_Kazunari,JPN,10003349716,26.8,27.868,28.599,33.711,2.556,1,
241,London,2012,18/02/2012,WC,R2,2,4,EILERS_Joachim,GER,10006379247,21.9,19.458,22.092,28.562,3.235,6,
242,London,2012,18/02/2012,WC,R2,2,5,PHILLIP_Njisane,TTO,10006898401,20.7,20.465,21.039,25.549,2.255,5,
243,London,2012,18/02/2012,WC,R2,2,6,OKUNEV_Ilya,PHL_,10005748747,22.8,24.311,21.003,27.579,3.288,4,
244,London,2012,18/02/2012,WC,Final,1,1,HOY_Chris,GBR_,10001564310,35.9,36.139,38.243,43.431,2.594,1,
245,London,2012,18/02/2012,WC,Final,1,2,ENDERS_Rene,GER,10004601824,25,29.746,33.056,38.672,2.808,5,
246,London,2012,18/02/2012,WC,Final,1,3,BOURGAIN_Mickaël,FRA_,10002269073,31.7,33.038,33.91,40.666,3.378,2,
247,London,2012,18/02/2012,WC,Final,1,4,MULDER_Teun,NED_,10000959674,30.7,30.324,31.065,37.411,3.173,3,
248,London,2012,18/02/2012,WC,Final,1,5,WATANABE_Kazunari,JPN,10003349716,26.8,28.599,28.87,33.508,2.319,6,
249,London,2012,18/02/2012,WC,Final,1,6,VAN_VELTHOOVEN_Simon,NZL_,10005506954,23.2,29.869,26.857,33.643,3.393,4,
250,London,2012,18/02/2012,WC,Final,2,1,EILERS_Joachim,GER,10006379247,21.9,22.092,26.344,31.974,2.815,4,
251,London,2012,18/02/2012,WC,Final,2,2,AWANG_Mohd_Azizulhasni,MAS,10004868370,24.1,25.528,27.132,31.968,2.418,2,
252,London,2012,18/02/2012,WC,Final,2,3,VOLIKAKIS_Christos,GRE,10004633247,23.9,30.611,29.835,34.807,2.486,1,
253,London,2012,18/02/2012,WC,Final,2,4,PHILLIP_Njisane,TTO,10006898401,20.7,21.039,21.991,26.129,2.069,5,
254,London,2012,18/02/2012,WC,Final,2,5,CRAMPTON_Matthew,SKY_,10003292122,25.7,22.661,21.891,27.859,2.984,3,
255,London,2012,18/02/2012,WC,Final,2,6,OKUNEV_Ilya,PHL_,10005748747,22.8,21.003,19.273,25.065,2.896,6,
256,Melbourne-HISENSE,2012,8/04/2012,WCH,R1,1,1,NITTA_Yudai,JPN,10005727327,26.2,20.064,23.42,28.066,2.323,5,
257,Melbourne-HISENSE,2012,8/04/2012,WCH,R1,1,2,"NG_Onn_Lam,_Josiah",MAS_,10055651813,,25.681,26.696,30.986,2.145,3,
258,Melbourne-HISENSE,2012,8/04/2012,WCH,R1,1,3,ZHANG_Miao,CHN_,10006737945,23.7,27.212,27.286,31.47,2.092,2,
259,Melbourne-HISENSE,2012,8/04/2012,WCH,R1,1,4,PERKINS_Shane_Alan,RUS,10051694112,25.3,20.931,22.096,27.758,2.831,4,
260,Melbourne-HISENSE,2012,8/04/2012,WCH,R1,1,5,BORISOV_Sergei,RUS,10002558558,29.2,31.15,29.462,33.268,1.903,1,
261,Melbourne-HISENSE,2012,8/04/2012,WCH,R1,2,1,HOY_Chris,GBR_,10001564310,36,38.243,38.371,43.501,2.565,1,
262,Melbourne-HISENSE,2012,8/04/2012,WCH,R1,2,2,CANELON_VERA_Hersony_Gadiel,VEN,10004717719,23.3,17.644,20.664,26.052,2.694,3,
263,Melbourne-HISENSE,2012,8/04/2012,WCH,R1,2,3,EILERS_Joachim,GER,10006379247,22,26.344,25.367,30.471,2.552,2,
264,Melbourne-HISENSE,2012,8/04/2012,WCH,R1,2,4,CECI_Francesco,ITA,10006073493,22.3,16.959,16.981,21.587,2.303,4,
265,Melbourne-HISENSE,2012,8/04/2012,WCH,R1,2,5,KUCZYNSKI_Kamil,POL,10003095795,27,2.582,2.228,12.41,5.091,5,
266,Melbourne-HISENSE,2012,8/04/2012,WCH,R1,3,1,MAZQUIARAN_URIA_Hodei,ESP_,10004613039,23.3,22.291,24.334,27.936,1.801,4,
267,Melbourne-HISENSE,2012,8/04/2012,WCH,R1,3,2,VAN_VELTHOOVEN_Simon,NZL_,10005506954,23.3,26.857,28.191,33.873,2.841,3,
268,Melbourne-HISENSE,2012,8/04/2012,WCH,R1,3,3,MULDER_Teun,NED_,10000959674,30.8,31.065,29.915,35.337,2.711,1,
269,Melbourne-HISENSE,2012,8/04/2012,WCH,R1,3,4,LEVY_Maximilian,GER,10004601723,24.8,28.389,26.579,32.521,2.971,2,
270,Melbourne-HISENSE,2012,8/04/2012,WCH,R1,3,5,ŠPIČKA_Denis,CZE_,10004723476,23.6,18.26,17.898,23.24,2.671,5,
271,Melbourne-HISENSE,2012,8/04/2012,WCH,R1,4,1,AWANG_Mohd_Azizulhasni,MAS,10004868370,24.3,27.132,28.816,33.314,2.249,1,
272,Melbourne-HISENSE,2012,8/04/2012,WCH,R1,4,2,CRAMPTON_Matthew,GBR_,10003292122,25.9,21.891,24.482,29.68,2.599,4,
273,Melbourne-HISENSE,2012,8/04/2012,WCH,R1,4,3,ALEXANDER_Quincy,TRI,10007501821,18.3,9,20.777,29.377,4.3,6,
274,Melbourne-HISENSE,2012,8/04/2012,WCH,R1,4,4,PERALTA_Juan,ESP,10006552534,21.9,26.631,26.218,30.526,2.154,2,
275,Melbourne-HISENSE,2012,8/04/2012,WCH,R1,4,5,PUERTA_ZAPATA_Fabian_Hernando,COL,10006904360,20.7,20.588,20.846,25.476,2.315,5,
276,Melbourne-HISENSE,2012,8/04/2012,WCH,R1,4,6,GLAETZER_Matthew,AUS,10006894559,19.6,23.512,20.477,26.683,3.103,3,
277,Melbourne-HISENSE,2012,8/04/2012,WCH,R1,5,1,WATANABE_Kazunari,JPN,10003349716,26.9,28.87,30.457,34.781,2.162,3,
278,Melbourne-HISENSE,2012,8/04/2012,WCH,R1,5,2,KENNY_Jason,GBR,10004599194,24,12.389,21.389,27.847,3.229,6,
279,Melbourne-HISENSE,2012,8/04/2012,WCH,R1,5,3,VOLIKAKIS_Christos,GRE,10004633247,24.1,29.835,29.786,34.256,2.235,2,
280,Melbourne-HISENSE,2012,8/04/2012,WCH,R1,5,4,BOURGAIN_Mickaël,FRA_,10002269073,31.9,33.91,30.936,36.566,2.815,1,
281,Melbourne-HISENSE,2012,8/04/2012,WCH,R1,5,5,DAWKINS_Edward,NZL,10005782695,22.7,19.458,20.405,25.489,2.542,5,
282,Melbourne-HISENSE,2012,8/04/2012,WCH,R1,5,6,VYNOKUROV_Andrii,UKR,10002418415,29.7,22.584,21.653,25.969,2.158,4,
283,Melbourne-HISENSE,2012,8/04/2012,WCH,R1,6,1,SUNDERLAND_Scott,AUS_,10004596871,24.1,9,28.716,39.702,5.493,4,
284,Melbourne-HISENSE,2012,8/04/2012,WCH,R1,6,2,PERVIS_Francois,FRA,10003011125,27.5,34.204,33.553,40.319,3.383,1,
285,Melbourne-HISENSE,2012,8/04/2012,WCH,R1,6,3,ARCHIBALD_Matt,NZL_,10006382984,,9,20.55,30.582,5.016,4,
286,Melbourne-HISENSE,2012,8/04/2012,WCH,R1,6,4,MARIN_CERMENO_Jonathan,COL_,10002829653,29.3,9,16.974,26.67,4.848,4,
287,Melbourne-HISENSE,2012,8/04/2012,WCH,R1,6,5,MD_YUNOS_Muhammad_Edrus,MAS,10004868269,24.7,10.238,13.642,20.214,3.286,3,
288,Melbourne-HISENSE,2012,8/04/2012,WCH,R1,6,6,HAAK_Hugo,NED_,10006900320,20.4,22.606,19.869,25.437,2.784,2,
289,Melbourne-HISENSE,2012,8/04/2012,WCH,Rep,1,1,BOURGAIN_Mickaël,FRA_,10002269073,31.9,30.936,31.816,37.148,2.666,1,
290,Melbourne-HISENSE,2012,8/04/2012,WCH,Rep,1,2,PUERTA_ZAPATA_Fabian_Hernando,COL,10006904360,20.7,20.846,22.519,26.823,2.152,3,
291,Melbourne-HISENSE,2012,8/04/2012,WCH,Rep,1,3,"NG_Onn_Lam,_Josiah",MAS_,10055651813,,26.696,26.299,30.327,2.014,2,
292,Melbourne-HISENSE,2012,8/04/2012,WCH,Rep,1,4,ARCHIBALD_Matt,NZL_,10006382984,,20.55,17.989,26.015,4.013,4,
293,Melbourne-HISENSE,2012,8/04/2012,WCH,Rep,2,1,CANELON_VERA_Hersony_Gadiel,VEN,10004717719,23.3,20.664,23.579,28.487,2.454,3,
294,Melbourne-HISENSE,2012,8/04/2012,WCH,Rep,2,2,VOLIKAKIS_Christos,GRE,10004633247,24.1,29.786,29.376,33.528,2.076,1,
295,Melbourne-HISENSE,2012,8/04/2012,WCH,Rep,2,3,ŠPIČKA_Denis,CZE_,10004723476,23.6,17.898,19.417,24.229,2.406,4,
296,Melbourne-HISENSE,2012,8/04/2012,WCH,Rep,2,4,PERALTA_Juan,ESP,10006552534,21.9,26.218,24.945,29.001,2.028,2,
297,Melbourne-HISENSE,2012,8/04/2012,WCH,Rep,3,1,VAN_VELTHOOVEN_Simon,NZL_,10005506954,23.3,28.191,29.035,34.469,2.717,1,
298,Melbourne-HISENSE,2012,8/04/2012,WCH,Rep,3,2,MARIN_CERMENO_Jonathan,COL_,10002829653,29.3,16.974,19.529,27.449,3.96,3,
299,Melbourne-HISENSE,2012,8/04/2012,WCH,Rep,3,3,KUCZYNSKI_Kamil,POL,10003095795,27,2.228,9.878,17.874,3.998,4,
300,Melbourne-HISENSE,2012,8/04/2012,WCH,Rep,3,4,ALEXANDER_Quincy,TRI,10007501821,18.3,20.777,16.171,23.501,3.665,2,
301,Melbourne-HISENSE,2012,8/04/2012,WCH,Rep,4,1,CRAMPTON_Matthew,GBR_,10003292122,25.9,24.482,26.527,31.281,2.377,3,
302,Melbourne-HISENSE,2012,8/04/2012,WCH,Rep,4,2,CECI_Francesco,ITA,10006073493,22.3,16.981,19.688,23.886,2.099,5,
303,Melbourne-HISENSE,2012,8/04/2012,WCH,Rep,4,3,MULDER_Teun,NED_,10000959674,30.8,29.915,28.766,33.534,2.384,1,
304,Melbourne-HISENSE,2012,8/04/2012,WCH,Rep,4,4,VYNOKUROV_Andrii,UKR,10002418415,29.7,21.653,22.112,26.088,1.988,4,
305,Melbourne-HISENSE,2012,8/04/2012,WCH,Rep,4,5,BORISOV_Sergei,RUS,10002558558,29.2,29.462,28.04,31.634,1.797,2,
306,Melbourne-HISENSE,2012,8/04/2012,WCH,Rep,5,1,KENNY_Jason,GBR,10004599194,24,21.389,24.6,30.318,2.859,3,
307,Melbourne-HISENSE,2012,8/04/2012,WCH,Rep,5,2,GLAETZER_Matthew,AUS,10006894559,19.6,20.477,22.616,27.992,2.688,4,
308,Melbourne-HISENSE,2012,8/04/2012,WCH,Rep,5,3,PERKINS_Shane_Alan,RUS,10051694112,25.3,22.096,22.626,27.62,2.497,2,
309,Melbourne-HISENSE,2012,8/04/2012,WCH,Rep,5,4,EILERS_Joachim,GER,10006379247,22,25.367,24.127,28.759,2.316,1,
310,Melbourne-HISENSE,2012,8/04/2012,WCH,Rep,5,5,MD_YUNOS_Muhammad_Edrus,MAS,10004868269,24.7,13.642,13.167,19.209,3.021,5,
311,Melbourne-HISENSE,2012,8/04/2012,WCH,Rep,6,1,LEVY_Maximilian,GER,10004601723,24.8,26.579,29.104,34.452,2.674,3,
312,Melbourne-HISENSE,2012,8/04/2012,WCH,Rep,6,2,DAWKINS_Edward,NZL,10005782695,22.7,20.405,23.219,27.803,2.292,4,
313,Melbourne-HISENSE,2012,8/04/2012,WCH,Rep,6,3,PERVIS_Francois,FRA,10003011125,27.5,33.553,31.214,36.884,2.835,1,
314,Melbourne-HISENSE,2012,8/04/2012,WCH,Rep,6,4,ZHANG_Miao,CHN_,10006737945,23.7,27.286,26.879,30.793,1.957,2,
315,Melbourne-HISENSE,2012,8/04/2012,WCH,Rep,6,5,HAAK_Hugo,NED_,10006900320,20.4,19.869,19.312,24.492,2.59,5,
316,Melbourne-HISENSE,2012,8/04/2012,WCH,R2,1,1,LEVY_Maximilian,GER,10004601723,24.8,29.104,31.419,36.289,2.435,2,
317,Melbourne-HISENSE,2012,8/04/2012,WCH,R2,1,2,WATANABE_Kazunari,JPN,10003349716,26.9,30.457,31.235,35.233,1.999,1,
318,Melbourne-HISENSE,2012,8/04/2012,WCH,R2,1,3,VAN_VELTHOOVEN_Simon,NZL_,10005506954,23.3,29.035,29.495,34.283,2.394,3,
319,Melbourne-HISENSE,2012,8/04/2012,WCH,R2,1,4,NITTA_Yudai,JPN,10005727327,26.2,23.42,24.464,28.688,2.112,6,
320,Melbourne-HISENSE,2012,8/04/2012,WCH,R2,1,5,AWANG_Mohd_Azizulhasni,MAS,10004868370,24.3,28.816,27.983,32.111,2.064,4,
321,Melbourne-HISENSE,2012,8/04/2012,WCH,R2,1,6,CANELON_VERA_Hersony_Gadiel,VEN,10004717719,23.3,23.579,22.693,27.247,2.277,5,
322,Melbourne-HISENSE,2012,8/04/2012,WCH,R2,2,1,HOY_Chris,GBR_,10001564310,36,38.371,39.324,44.18,2.428,1,
323,Melbourne-HISENSE,2012,8/04/2012,WCH,R2,2,2,BOURGAIN_Mickaël,FRA_,10002269073,31.9,31.816,33.073,37.905,2.416,2,
324,Melbourne-HISENSE,2012,8/04/2012,WCH,R2,2,3,KENNY_Jason,GBR,10004599194,24,24.6,26.958,32,2.521,5,
325,Melbourne-HISENSE,2012,8/04/2012,WCH,R2,2,4,SUNDERLAND_Scott,AUS_,10004596871,24.1,28.716,27.73,35.274,3.772,3,
326,Melbourne-HISENSE,2012,8/04/2012,WCH,R2,2,5,CRAMPTON_Matthew,GBR_,10003292122,25.9,26.527,26.378,30.742,2.182,4,
327,Melbourne-HISENSE,2012,8/04/2012,WCH,R2,2,6,MAZQUIARAN_URIA_Hodei,ESP_,10004613039,23.3,24.334,23.899,27.373,1.737,6,
328,Melbourne-HISENSE,2012,8/04/2012,WCH,Final,1,1,HOY_Chris,GBR_,10001564310,36,39.324,40.222,44.822,2.3,1,
329,Melbourne-HISENSE,2012,8/04/2012,WCH,Final,1,2,LEVY_Maximilian,GER,10004601723,24.8,31.419,32.998,37.43,2.216,3,
330,Melbourne-HISENSE,2012,8/04/2012,WCH,Final,1,3,KENNY_Jason,GBR,10004599194,24,26.958,28.939,33.447,2.254,6,
331,Melbourne-HISENSE,2012,8/04/2012,WCH,Final,1,4,BOURGAIN_Mickaël,FRA_,10002269073,31.9,33.073,32.815,37.167,2.176,2,
332,Melbourne-HISENSE,2012,8/04/2012,WCH,Final,1,5,WATANABE_Kazunari,JPN,10003349716,26.9,31.235,30.923,34.653,1.865,4,
333,Melbourne-HISENSE,2012,8/04/2012,WCH,Final,1,6,VAN_VELTHOOVEN_Simon,NZL_,10005506954,23.3,29.495,28.376,32.806,2.215,5,
334,Melbourne-HISENSE,2012,8/04/2012,WCH,Final,2,1,SUNDERLAND_Scott,AUS_,10004596871,24.1,27.73,30.726,37.296,3.285,2,
335,Melbourne-HISENSE,2012,8/04/2012,WCH,Final,2,2,CANELON_VERA_Hersony_Gadiel,VEN,10004717719,23.3,22.693,24.708,28.878,2.085,6,
336,Melbourne-HISENSE,2012,8/04/2012,WCH,Final,2,3,AWANG_Mohd_Azizulhasni,MAS,10004868370,24.3,27.983,28.205,32.025,1.91,1,
337,Melbourne-HISENSE,2012,8/04/2012,WCH,Final,2,4,CRAMPTON_Matthew,GBR_,10003292122,25.9,26.378,26.363,30.363,2,3,
338,Melbourne-HISENSE,2012,8/04/2012,WCH,Final,2,5,MAZQUIARAN_URIA_Hodei,ESP_,10004613039,23.3,23.899,23.87,27.164,1.647,5,
339,Melbourne-HISENSE,2012,8/04/2012,WCH,Final,2,6,NITTA_Yudai,JPN,10005727327,26.2,24.464,23.44,27.404,1.982,4,
340,Cali,2013,13/10/2012,WC,R1,1,1,SCHRODER_Marc,GER_,10006485139,,9,22.091,34.363,6.136,1,
341,Cali,2013,13/10/2012,WC,R1,1,2,BOTTASSO_Leandro,ARG_,10010894696,,9,17.986,29.058,5.536,1,
342,Cali,2013,13/10/2012,WC,R1,1,3,WAGNER_Robin,CZE,10007294683,19.7,9,14.16,25,5.42,1,
343,Cali,2013,13/10/2012,WC,R1,1,4,EMADI_Kian,GBR,10006898502,20.2,9,9.87,20.942,5.536,1,
344,Cali,2013,13/10/2012,WC,R1,1,5,CECI_Davide,ITA,10007508083,19.1,9,3.365,15.637,6.136,1,
345,Cali,2013,13/10/2012,WC,R1,2,1,PUERTA_ZAPATA_Fabian_Hernando,COL,10006904360,21.3,22.519,23.888,28.018,2.065,1,
346,Cali,2013,13/10/2012,WC,R1,2,2,PULGAR_Angel,VEN,10005511301,23.7,9,18.227,27.813,4.793,2,
347,Cali,2013,13/10/2012,WC,R1,2,3,LAFARGUE_Quentin,FRA,10005930724,21.9,9,15.203,24.889,4.843,2,
348,Cali,2013,13/10/2012,WC,R1,2,4,GENYS_Gennadiy,UKR_,10006319330,22.7,9,12.043,21.929,4.943,2,
349,Cali,2013,13/10/2012,WC,R1,2,5,MCCRONE_Marcus,MAS,10008999257,18.1,9,8.266,18.586,5.16,2,
350,Cali,2013,13/10/2012,WC,R1,2,6,BAO_Saifei,CHN_,10006724912,23,9,2.269,13.883,5.807,2,
351,Cali,2013,13/10/2012,WC,R1,3,1,OKUNEV_Ilya,RUS_,10005748747,23.4,19.273,21.663,26.947,2.642,2,
352,Cali,2013,13/10/2012,WC,R1,3,2,CECI_Francesco,ITA,10006073493,22.8,19.688,20.481,24.439,1.979,1,
353,Cali,2013,13/10/2012,WC,R1,3,3,KAWABATA_Tomoyuki,JPN,10008098470,27.7,9,14.473,23.691,4.609,3,
354,Cali,2013,13/10/2012,WC,R1,3,4,MORENO_SANCHEZ_Jose,ESP,10007502427,18.9,9,11.446,20.96,4.757,3,
355,Cali,2013,13/10/2012,WC,R1,3,5,MCLEAN_Haseem,TTO,10004613241,25.2,9,7.786,17.8,5.007,3,
356,Cali,2013,13/10/2012,WC,R1,3,6,CARRASCO_Carlos,MEX_,10004709130,24.8,9,1.919,13.273,5.677,3,
357,Cali,2013,13/10/2012,WC,Rep,1,1,GENYS_Gennadiy,UKR_,10006319330,22.7,12.043,17.995,26.155,4.08,2,
358,Cali,2013,13/10/2012,WC,Rep,1,2,MORENO_SANCHEZ_Jose,ESP,10007502427,18.9,11.446,15.157,22.663,3.753,3,
359,Cali,2013,13/10/2012,WC,Rep,1,3,MCLEAN_Haseem,TTO,10004613241,25.2,7.786,11.403,19.061,3.829,4,
360,Cali,2013,13/10/2012,WC,Rep,1,4,WAGNER_Robin,CZE,10007294683,19.7,14.16,11.399,19.529,4.065,1,
361,Cali,2013,13/10/2012,WC,Rep,1,5,CECI_Davide,ITA,10007508083,19.1,3.365,1.577,11.409,4.916,5,
362,Cali,2013,13/10/2012,WC,Rep,2,1,KAWABATA_Tomoyuki,JPN,10008098470,27.7,14.473,19.512,27.31,3.899,2,
363,Cali,2013,13/10/2012,WC,Rep,2,2,LAFARGUE_Quentin,FRA,10005930724,21.9,15.203,17.365,24.987,3.811,1,
364,Cali,2013,13/10/2012,WC,Rep,2,3,BAO_Saifei,CHN_,10006724912,23,2.269,9.847,18.023,4.088,5,
365,Cali,2013,13/10/2012,WC,Rep,2,4,CARRASCO_Carlos,MEX_,10004709130,24.8,1.919,7.37,15.412,4.021,6,
366,Cali,2013,13/10/2012,WC,Rep,2,5,MCCRONE_Marcus,MAS,10008999257,18.1,8.266,7.683,15.435,3.876,4,
367,Cali,2013,13/10/2012,WC,Rep,2,6,EMADI_Kian,GBR,10006898502,20.2,9.87,4.924,13.424,4.25,3,
368,Cali,2013,13/10/2012,WC,R2,1,1,SCHRODER_Marc,GER_,10006485139,,22.091,27.365,37.405,5.02,1,
369,Cali,2013,13/10/2012,WC,R2,1,2,OKUNEV_Ilya,RUS_,10005748747,23.4,21.663,23.234,28.064,2.415,2,
370,Cali,2013,13/10/2012,WC,R2,1,3,LAFARGUE_Quentin,FRA,10005930724,21.9,17.365,19.614,25.848,3.117,5,
371,Cali,2013,13/10/2012,WC,R2,1,4,MCLEAN_Haseem,TTO,10004613241,25.2,11.403,14.825,21.059,3.117,6,
372,Cali,2013,13/10/2012,WC,R2,1,5,GENYS_Gennadiy,UKR_,10006319330,22.7,17.995,16.909,23.451,3.271,4,
373,Cali,2013,13/10/2012,WC,R2,1,6,PULGAR_Angel,VEN,10005511301,23.7,18.227,13.975,21.525,3.775,3,
374,Cali,2013,13/10/2012,WC,R2,2,1,PUERTA_ZAPATA_Fabian_Hernando,COL,10006904360,21.3,23.888,25.158,29.076,1.959,1,
375,Cali,2013,13/10/2012,WC,R2,2,2,KAWABATA_Tomoyuki,JPN,10008098470,27.7,19.512,22.013,28.317,3.152,3,
376,Cali,2013,13/10/2012,WC,R2,2,3,MORENO_SANCHEZ_Jose,ESP,10007502427,18.9,15.157,18.109,24.213,3.052,5,
377,Cali,2013,13/10/2012,WC,R2,2,4,BOTTASSO_Leandro,ARG_,10010894696,,17.986,17.833,25.393,3.78,4,
378,Cali,2013,13/10/2012,WC,R2,2,5,BAO_Saifei,CHN_,10006724912,23,9.847,12.463,18.951,3.244,6,
379,Cali,2013,13/10/2012,WC,R2,2,6,CECI_Francesco,ITA,10006073493,22.8,20.481,19.27,23.026,1.878,2,
380,Cali,2013,13/10/2012,WC,Final,1,1,PUERTA_ZAPATA_Fabian_Hernando,COL,10006904360,21.3,25.158,26.608,30.32,1.856,2,
381,Cali,2013,13/10/2012,WC,Final,1,2,KAWABATA_Tomoyuki,JPN,10008098470,27.7,22.013,24.487,29.881,2.697,4,
382,Cali,2013,13/10/2012,WC,Final,1,3,SCHRODER_Marc,GER_,10006485139,,27.365,25.893,33.033,3.57,1,
383,Cali,2013,13/10/2012,WC,Final,1,4,MORENO_SANCHEZ_Jose,ESP,10007502427,18.9,18.109,19.833,25.083,2.625,6,
384,Cali,2013,13/10/2012,WC,Final,1,5,LAFARGUE_Quentin,FRA,10005930724,21.9,19.614,19.768,25.122,2.677,5,
385,Cali,2013,13/10/2012,WC,Final,1,6,OKUNEV_Ilya,RUS_,10005748747,23.4,23.234,21.704,26.16,2.228,3,
386,Cali,2013,13/10/2012,WC,Final,2,1,PULGAR_Angel,VEN,10005511301,23.7,13.975,18.985,25.327,3.171,5,
387,Cali,2013,13/10/2012,WC,Final,2,2,CECI_Francesco,ITA,10006073493,22.8,19.27,20.014,23.552,1.769,1,
388,Cali,2013,13/10/2012,WC,Final,2,3,BAO_Saifei,CHN_,10006724912,23,12.463,15.151,20.605,2.727,6,
389,Cali,2013,13/10/2012,WC,Final,2,4,BOTTASSO_Leandro,ARG_,10010894696,,17.833,17.37,23.412,3.021,2,
390,Cali,2013,13/10/2012,WC,Final,2,5,GENYS_Gennadiy,UKR_,10006319330,22.7,16.909,15.934,21.47,2.768,3,
391,Cali,2013,13/10/2012,WC,Final,2,6,MCLEAN_Haseem,TTO,10004613241,25.2,14.825,13.115,18.639,2.762,4,
392,Glasgow,2013,18/11/2012,WC,R1,1,1,BÖTTICHER_Stefan,GER,10048325582,20.8,25.981,27.651,34.039,3.194,1,
393,Glasgow,2013,18/11/2012,WC,R1,1,2,OKUNEV_Ilya,PHL_,10005748747,23.5,21.704,22.514,26.748,2.117,2,
394,Glasgow,2013,18/11/2012,WC,R1,1,3,MULDER_Scott,CAN,10006899209,20.4,9,14.519,24.403,4.942,3,
395,Glasgow,2013,18/11/2012,WC,R1,1,4,SAKAMOTO_Takashi,JPN_,10005505843,23.8,9,10.06,20.548,5.244,3,
396,Glasgow,2013,18/11/2012,WC,R1,1,5,TJON_EN_FA_Jaïr,SUR,10117936018,19.1,9,3.452,15.378,5.963,3,
397,Glasgow,2013,18/11/2012,WC,R1,2,1,LAFARGUE_Quentin,FRA,10005930724,22,19.768,21.862,26.888,2.513,1,
398,Glasgow,2013,18/11/2012,WC,R1,2,2,OLIVA_Lewis,GBR,10006898300,20.2,9,17.004,26.646,4.821,3,
399,Glasgow,2013,18/11/2012,WC,R1,2,3,TSERENTZOULIAS_Christos,GRE_,10002687385,28.4,9,13.861,23.535,4.837,3,
400,Glasgow,2013,18/11/2012,WC,R1,2,4,DOEHRER_Sebastian,PTF_,10003095492,27.5,9,10.508,20.256,4.874,3,
401,Glasgow,2013,18/11/2012,WC,R1,2,5,MCLEAN_Haseem,TTO,10004613241,25.3,13.115,12.067,17.261,2.597,2,
402,Glasgow,2013,18/11/2012,WC,R1,3,1,PTÁČNÍK_Adam,CZE_,10004722668,27,9,19.568,31.82,6.126,2,
403,Glasgow,2013,18/11/2012,WC,R1,3,2,ALIAGA_CHIVITE_Sergio,ESP,10006553039,21.1,11.814,15.613,22.513,3.45,1,
404,Glasgow,2013,18/11/2012,WC,R1,3,3,VAN_KLOOSTER_Rigard,NED,10008885685,23.6,9,12.381,22.431,5.025,2,
405,Glasgow,2013,18/11/2012,WC,R1,3,4,OMELCHENKO_Sergii,AZE,10006319633,23,9,8.533,18.987,5.227,2,
406,Glasgow,2013,18/11/2012,WC,R1,3,5,MIKKONEN_Jani,FIN,10008987436,26,9,2.457,14.189,5.866,2,
407,Glasgow,2013,18/11/2012,WC,R1,4,1,DMITRIEV_Denis,RUS,10003100142,26.7,9,17.824,30.472,6.324,2,
408,Glasgow,2013,18/11/2012,WC,R1,4,2,MULLEN_Eoin,IRL,10007782616,19.3,11.613,14.343,21.455,3.556,1,
409,Glasgow,2013,18/11/2012,WC,R1,4,3,MCCRONE_Marcus,MAS,10008999257,18.2,7.683,9.912,16.552,3.32,4,
410,Glasgow,2013,18/11/2012,WC,R1,4,4,JEANNE_Nell,INT_,10008623583,,9,5.919,15.889,4.985,2,
411,Glasgow,2013,18/11/2012,WC,R1,4,5,CECI_Davide,ITA,10007508083,19.2,1.577,0.241,8.751,4.255,5,
412,Glasgow,2013,18/11/2012,WC,R1,5,1,TAYLOR_Andrew,AUS_,10003030424,27.3,28.879,30.212,35.982,2.885,1,
413,Glasgow,2013,18/11/2012,WC,R1,5,2,PERALTA_Juan,ESP,10006552534,22.5,24.945,25.517,29.381,1.932,2,
414,Glasgow,2013,18/11/2012,WC,R1,5,3,LEWIS_Peter,JAY_,10006182924,22.8,9,16.662,26.05,4.694,4,
415,Glasgow,2013,18/11/2012,WC,R1,5,4,CECI_Francesco,ITA,10006073493,22.9,20.014,19.865,23.287,1.711,3,
416,Glasgow,2013,18/11/2012,WC,R1,5,5,LAWINO_Patrick,UGA,10008028449,37,9,5.224,16.836,5.806,4,
417,Glasgow,2013,18/11/2012,WC,R1,6,1,KENNY_Jason,GBR,10004599194,24.7,28.939,29.946,34.256,2.155,1,
418,Glasgow,2013,18/11/2012,WC,R1,6,2,SARNECKI_Rafal,POL,10005953154,22.9,9,21.11,30.486,4.688,5,
419,Glasgow,2013,18/11/2012,WC,R1,6,3,KUBEEV_Andrey,RUS_,10006173931,,16.516,19.704,26.592,3.444,4,
420,Glasgow,2013,18/11/2012,WC,R1,6,4,NITTA_Yudai,JPN,10005727327,26.8,23.44,23.077,26.829,1.876,2,
421,Glasgow,2013,18/11/2012,WC,R1,6,5,BOTTASSO_Leandro,ARG_,10010894696,,17.37,16.44,21.96,2.76,3,
422,Glasgow,2013,18/11/2012,WC,Rep,1,1,OKUNEV_Ilya,PHL_,10005748747,23.5,22.514,22.843,26.981,2.069,1,
423,Glasgow,2013,18/11/2012,WC,Rep,1,2,CECI_Davide,ITA,10007508083,19.2,0.241,7.198,14.244,3.523,4,
424,Glasgow,2013,18/11/2012,WC,Rep,1,3,TSERENTZOULIAS_Christos,GRE_,10002687385,28.4,13.861,11.751,19.355,3.802,2,
425,Glasgow,2013,18/11/2012,WC,Rep,1,4,OMELCHENKO_Sergii,AZE,10006319633,23,8.533,5.688,14.162,4.237,3,
426,Glasgow,2013,18/11/2012,WC,Rep,2,1,OLIVA_Lewis,GBR,10006898300,20.2,17.004,19.981,28.515,4.267,1,
427,Glasgow,2013,18/11/2012,WC,Rep,2,2,JEANNE_Nell,INT_,10008623583,,5.919,11.529,19.525,3.998,3,
428,Glasgow,2013,18/11/2012,WC,Rep,2,3,VAN_KLOOSTER_Rigard,NED,10008885685,23.6,12.381,11.588,19.618,4.015,2,
429,Glasgow,2013,18/11/2012,WC,Rep,2,4,LAWINO_Patrick,UGA,10008028449,37,5.224,3.405,12.949,4.772,4,
430,Glasgow,2013,18/11/2012,WC,Rep,3,1,CECI_Francesco,ITA,10006073493,22.9,19.865,20.564,23.878,1.657,1,
431,Glasgow,2013,18/11/2012,WC,Rep,3,2,BOTTASSO_Leandro,ARG_,10010894696,,16.44,17.301,22.269,2.484,2,
432,Glasgow,2013,18/11/2012,WC,Rep,3,3,ALIAGA_CHIVITE_Sergio,ESP,10006553039,21.1,15.613,15.157,21.087,2.965,3,
433,Glasgow,2013,18/11/2012,WC,Rep,3,4,MCCRONE_Marcus,MAS,10008999257,18.2,9.912,9.15,15.206,3.028,4,
434,Glasgow,2013,18/11/2012,WC,Rep,4,1,LEWIS_Peter,JAY_,10006182924,22.8,16.662,21.361,29.265,3.952,2,
435,Glasgow,2013,18/11/2012,WC,Rep,4,2,NITTA_Yudai,JPN,10005727327,26.8,23.077,23.098,26.714,1.808,1,
436,Glasgow,2013,18/11/2012,WC,Rep,4,3,TJON_EN_FA_Jaïr,SUR,10117936018,19.1,3.452,9.921,18.527,4.303,4,
437,Glasgow,2013,18/11/2012,WC,Rep,4,4,MULLEN_Eoin,IRL,10007782616,19.3,14.343,12.493,18.901,3.204,3,
438,Glasgow,2013,18/11/2012,WC,Rep,5,1,SAKAMOTO_Takashi,JPN_,10005505843,23.8,10.06,18.286,26.368,4.041,4,
439,Glasgow,2013,18/11/2012,WC,Rep,5,2,MCLEAN_Haseem,TTO,10004613241,25.3,12.067,14.869,19.565,2.348,3,
440,Glasgow,2013,18/11/2012,WC,Rep,5,3,PERALTA_Juan,ESP,10006552534,22.5,25.517,24.615,28.265,1.825,1,
441,Glasgow,2013,18/11/2012,WC,Rep,5,4,KUBEEV_Andrey,RUS_,10006173931,,19.704,17.582,23.572,2.995,2,
442,Glasgow,2013,18/11/2012,WC,Rep,6,1,DOEHRER_Sebastian,PTF_,10003095492,27.5,10.508,17.888,25.894,4.003,3,
443,Glasgow,2013,18/11/2012,WC,Rep,6,2,MULDER_Scott,CAN,10006899209,20.4,14.519,17.384,25.174,3.895,2,
444,Glasgow,2013,18/11/2012,WC,Rep,6,3,SARNECKI_Rafal,POL,10005953154,22.9,21.11,17.99,25.636,3.823,1,
445,Glasgow,2013,18/11/2012,WC,Rep,6,4,MIKKONEN_Jani,FIN,10008987436,26,2.457,2.19,12.53,5.17,4,
446,Glasgow,2013,18/11/2012,WC,R2,1,1,BÖTTICHER_Stefan,GER,10048325582,20.8,27.651,29.341,35.197,2.928,2,
447,Glasgow,2013,18/11/2012,WC,R2,1,2,SAKAMOTO_Takashi,JPN_,10005505843,23.8,18.286,22.184,28.672,3.244,3,
448,Glasgow,2013,18/11/2012,WC,R2,1,9,TAYLOR_Andrew,AUS_,10003030424,27.3,30.212,28.176,33.18,2.502,1,
449,Glasgow,2013,18/11/2012,WC,R2,1,9,OLIVA_Lewis,GBR,10006898300,20.2,19.981,21.438,27.906,3.234,1,
450,Glasgow,2013,18/11/2012,WC,R2,1,9,CECI_Francesco,ITA,10006073493,22.9,20.564,21.191,24.347,1.578,1,
451,Glasgow,2013,18/11/2012,WC,R2,1,9,DMITRIEV_Denis,RUS,10003100142,26.7,17.824,20.496,28.27,3.887,1,
452,Glasgow,2013,18/11/2012,WC,R2,2,1,KENNY_Jason,GBR,10004599194,24.7,29.946,30.98,35.076,2.048,1,
453,Glasgow,2013,18/11/2012,WC,R2,2,2,LEWIS_Peter,JAY_,10006182924,22.8,21.361,24.863,31.233,3.185,4,
454,Glasgow,2013,18/11/2012,WC,R2,2,3,LAFARGUE_Quentin,FRA,10005930724,22,21.862,23.178,27.718,2.27,3,
455,Glasgow,2013,18/11/2012,WC,R2,2,4,PTÁČNÍK_Adam,CZE_,10004722668,27,19.568,20.823,28.685,3.931,5,
456,Glasgow,2013,18/11/2012,WC,R2,2,5,DOEHRER_Sebastian,PTF_,10003095492,27.5,17.888,18.636,25.03,3.197,6,
457,Glasgow,2013,18/11/2012,WC,R2,2,6,OKUNEV_Ilya,PHL_,10005748747,23.5,22.843,21.797,25.711,1.957,2,
458,Glasgow,2013,18/11/2012,WC,Final,1,1,BÖTTICHER_Stefan,GER,10048325582,20.8,29.341,31.404,36.742,2.669,2,
459,Glasgow,2013,18/11/2012,WC,Final,1,2,LEWIS_Peter,JAY_,10006182924,22.8,24.863,27.186,32.674,2.744,3,
460,Glasgow,2013,18/11/2012,WC,Final,1,3,SAKAMOTO_Takashi,JPN_,10005505843,23.8,22.184,24.36,29.87,2.755,5,
461,Glasgow,2013,18/11/2012,WC,Final,1,4,KENNY_Jason,GBR,10004599194,24.7,30.98,30.083,33.911,1.914,1,
462,Glasgow,2013,18/11/2012,WC,Final,1,5,LAFARGUE_Quentin,FRA,10005930724,22,23.178,22.61,26.9,2.145,4,
463,Glasgow,2013,18/11/2012,WC,Final,2,1,DMITRIEV_Denis,RUS,10003100142,26.7,20.496,25.041,31.639,3.299,5,
464,Glasgow,2013,18/11/2012,WC,Final,2,2,PTÁČNÍK_Adam,CZE_,10004722668,27,20.823,23.55,29.88,3.165,4,
465,Glasgow,2013,18/11/2012,WC,Final,2,3,OKUNEV_Ilya,PHL_,10005748747,23.5,21.797,22.428,26.088,1.83,1,
466,Glasgow,2013,18/11/2012,WC,Final,2,4,CECI_Francesco,ITA,10006073493,22.9,21.191,21.405,24.423,1.509,3,
467,Glasgow,2013,18/11/2012,WC,Final,2,5,DOEHRER_Sebastian,PTF_,10003095492,27.5,18.636,18.546,23.978,2.716,6,
468,Glasgow,2013,18/11/2012,WC,Final,2,6,OLIVA_Lewis,GBR,10006898300,20.2,21.438,18.872,24.494,2.811,2,
469,Aguascalientes,2013,18/01/2013,WC,R1,1,1,BÜCHLI_Matthijs,NED,10006900421,20.1,24.155,26.382,31.54,2.579,2,
470,Aguascalientes,2013,18/01/2013,WC,R1,1,2,SCHRODER_Marc,GER_,10006485139,,25.893,26.193,32.281,3.044,1,
471,Aguascalientes,2013,18/01/2013,WC,R1,1,3,NAKAGAWA_Seiichiro,JPN_,10002830360,33.6,19.774,20.655,26.039,2.692,3,
472,Aguascalientes,2013,18/01/2013,WC,R1,1,4,MARCANO_SANCHEZ_Cesar_Mervin,VEN,,25.2,9,13.008,22.444,4.718,5,
473,Aguascalientes,2013,18/01/2013,WC,R1,1,5,CECI_Davide,ITA,10007508083,19.4,7.198,9.147,15.237,3.045,6,
474,Aguascalientes,2013,18/01/2013,WC,R1,1,6,MULLEN_Eoin,IRL,10007782616,19.5,12.493,10.717,16.499,2.891,4,
475,Aguascalientes,2013,18/01/2013,WC,R1,2,1,DAWKINS_Edward,NZL,10005782695,23.5,23.219,24.479,28.775,2.148,2,
476,Aguascalientes,2013,18/01/2013,WC,R1,2,2,ESTERHUIZEN_Bernard,RSA_,10006893852,20.3,13.299,16.25,20.74,2.245,5,
477,Aguascalientes,2013,18/01/2013,WC,R1,2,3,MCLEAN_Haseem,TTO,10004613241,25.5,14.869,16.662,20.908,2.123,4,
478,Aguascalientes,2013,18/01/2013,WC,R1,2,4,DMITRIEV_Denis,RUS,10003100142,26.8,25.041,22.916,28.4,2.742,1,
479,Aguascalientes,2013,18/01/2013,WC,R1,2,5,MAKSEL_Krzysztof,POL,10006902239,21.5,9,13.126,21.612,4.243,6,
480,Aguascalientes,2013,18/01/2013,WC,R1,2,6,CECI_Francesco,ITA,10006073493,23.1,21.405,20.782,23.692,1.455,3,
481,Aguascalientes,2013,18/01/2013,WC,R1,2,7,MAGAÑA_Rene,ESA,10009131623,24,9,3.862,14.67,5.404,6,
482,Aguascalientes,2013,18/01/2013,WC,R1,3,1,WATANABE_Kazunari,JPN,10003349716,27.7,30.923,31.624,35.23,1.803,1,
483,Aguascalientes,2013,18/01/2013,WC,R1,3,2,VERDUGO_OSUNA_Edgar,MEX,10007890932,18.6,9,22.396,31.528,4.566,5,
484,Aguascalientes,2013,18/01/2013,WC,R1,3,3,MORENO_SANCHEZ_Jose,ESP,10007502427,19.2,19.833,21.567,26.287,2.36,3,
485,Aguascalientes,2013,18/01/2013,WC,R1,3,4,KELEMEN_Pavel,CZE,10006422895,21.6,9,17.56,26.242,4.341,5,
486,Aguascalientes,2013,18/01/2013,WC,R1,3,5,FENG_Yong,GPC_,10004792184,27.1,18.643,19.16,24.316,2.578,4,
487,Aguascalientes,2013,18/01/2013,WC,R1,3,6,SHURSHIN_Denis,RUS_,10005747131,23.1,9,13.028,21.826,4.399,5,
488,Aguascalientes,2013,18/01/2013,WC,R1,3,7,VYNOKUROV_Andrii,UKR,10002418415,30.4,22.112,20.812,24.584,1.886,2,
489,Aguascalientes,2013,18/01/2013,WC,R1,4,1,PERVIS_Francois,FRA,10003011125,28.3,31.214,32.788,38.044,2.628,1,
490,Aguascalientes,2013,18/01/2013,WC,R1,4,2,VOLIKAKIS_Christos,GRE,10004633247,24.8,29.376,29.94,33.86,1.96,2,
491,Aguascalientes,2013,18/01/2013,WC,R1,4,3,SAVITSKIY_Valentin,PHL_,10005747434,28.1,9,20.729,29.821,4.546,6,
492,Aguascalientes,2013,18/01/2013,WC,R1,4,4,BULLEN_Mitchell,AUS_,10007051476,21.1,9,17.945,26.949,4.502,6,
493,Aguascalientes,2013,18/01/2013,WC,R1,4,5,BARRETTE_Hugo,CAN,10007212639,21.5,13.908,16.539,23.095,3.278,5,
494,Aguascalientes,2013,18/01/2013,WC,R1,4,6,TANG_Qi,MSP_,10005763400,26.3,18.106,17.393,23.519,3.063,3,
495,Aguascalientes,2013,18/01/2013,WC,R1,4,7,BOTTASSO_Leandro,ARG_,10010894696,,17.301,16.23,20.854,2.312,4,
496,Aguascalientes,2013,18/01/2013,WC,Rep,1,1,BULLEN_Mitchell,AUS_,10007051476,21.1,17.945,22.311,29.867,3.778,4,
497,Aguascalientes,2013,18/01/2013,WC,Rep,1,2,CECI_Francesco,ITA,10006073493,23.1,20.782,21.206,24.03,1.412,1,
498,Aguascalientes,2013,18/01/2013,WC,Rep,1,3,FENG_Yong,GPC_,10004792184,27.1,19.16,19.383,24.053,2.335,3,
499,Aguascalientes,2013,18/01/2013,WC,Rep,1,4,NAKAGAWA_Seiichiro,JPN_,10002830360,33.6,20.655,19.202,24.128,2.463,2,
500,Aguascalientes,2013,18/01/2013,WC,Rep,2,1,KELEMEN_Pavel,CZE,10006422895,21.6,17.56,21.39,28.838,3.724,1,
501,Aguascalientes,2013,18/01/2013,WC,Rep,2,2,MAKSEL_Krzysztof,POL,10006902239,21.5,13.126,16.785,23.589,3.402,4,
502,Aguascalientes,2013,18/01/2013,WC,Rep,2,3,BOTTASSO_Leandro,ARG_,10010894696,,16.23,16.761,21.025,2.132,3,
503,Aguascalientes,2013,18/01/2013,WC,Rep,2,4,MCLEAN_Haseem,TTO,10004613241,25.5,16.662,16.336,20.308,1.986,2,
504,Aguascalientes,2013,18/01/2013,WC,Rep,2,5,MULLEN_Eoin,IRL,10007782616,19.5,10.717,9.949,15.273,2.662,5,
505,Aguascalientes,2013,18/01/2013,WC,Rep,3,1,DMITRIEV_Denis,RUS,10003100142,26.8,22.916,24.62,29.682,2.531,1,
506,Aguascalientes,2013,18/01/2013,WC,Rep,3,2,TANG_Qi,MSP_,10005763400,26.3,17.393,19.678,25.016,2.669,4,
507,Aguascalientes,2013,18/01/2013,WC,Rep,3,3,MORENO_SANCHEZ_Jose,ESP,10007502427,19.2,21.567,21.535,25.859,2.162,2,
508,Aguascalientes,2013,18/01/2013,WC,Rep,3,4,VYNOKUROV_Andrii,UKR,10002418415,30.4,20.812,20.348,23.932,1.792,3,
509,Aguascalientes,2013,18/01/2013,WC,Rep,3,5,CECI_Davide,ITA,10007508083,19.4,9.147,8.864,14.586,2.861,5,
510,Aguascalientes,2013,18/01/2013,WC,Rep,4,1,SAVITSKIY_Valentin,PHL_,10005747434,28.1,20.729,23.893,31.851,3.979,1,
511,Aguascalientes,2013,18/01/2013,WC,Rep,4,2,SHURSHIN_Denis,RUS_,10005747131,23.1,13.028,17.218,24.354,3.568,3,
512,Aguascalientes,2013,18/01/2013,WC,Rep,4,3,BARRETTE_Hugo,CAN,10007212639,21.5,16.539,17.081,22.837,2.878,2,
513,Aguascalientes,2013,18/01/2013,WC,Rep,4,4,MARCANO_SANCHEZ_Cesar_Mervin,VEN,,25.2,13.008,12.379,19.899,3.76,4,
514,Aguascalientes,2013,18/01/2013,WC,Rep,4,5,MAGAÑA_Rene,ESA,10009131623,24,3.862,2.865,12.027,4.581,5,
515,Aguascalientes,2013,18/01/2013,WC,R2,1,1,PERVIS_Francois,FRA,10003011125,28.3,32.788,34.037,38.959,2.461,1,
516,Aguascalientes,2013,18/01/2013,WC,R2,1,2,BÜCHLI_Matthijs,NED,10006900421,20.1,26.382,28.018,32.704,2.343,2,
517,Aguascalientes,2013,18/01/2013,WC,R2,1,3,VERDUGO_OSUNA_Edgar,MEX,10007890932,18.6,22.396,25.04,31.966,3.463,4,
518,Aguascalientes,2013,18/01/2013,WC,R2,1,4,SAVITSKIY_Valentin,PHL_,10005747434,28.1,23.893,24.109,30.515,3.203,3,
519,Aguascalientes,2013,18/01/2013,WC,R2,1,5,BULLEN_Mitchell,AUS_,10007051476,21.1,22.311,21.419,27.723,3.152,5,
520,Aguascalientes,2013,18/01/2013,WC,R2,1,6,ESTERHUIZEN_Bernard,RSA_,10006893852,20.3,16.25,15.951,20.267,2.158,6,
521,Aguascalientes,2013,18/01/2013,WC,R2,2,1,VOLIKAKIS_Christos,GRE,10004633247,24.8,29.94,31.176,34.894,1.859,2,
522,Aguascalientes,2013,18/01/2013,WC,R2,2,2,WATANABE_Kazunari,JPN,10003349716,27.7,31.624,31.918,35.33,1.706,1,
523,Aguascalientes,2013,18/01/2013,WC,R2,2,3,DMITRIEV_Denis,RUS,10003100142,26.8,24.62,25.919,30.449,2.265,4,
524,Aguascalientes,2013,18/01/2013,WC,R2,2,4,KELEMEN_Pavel,CZE,10006422895,21.6,21.39,23.262,29.244,2.991,6,
525,Aguascalientes,2013,18/01/2013,WC,R2,2,5,SCHRODER_Marc,GER_,10006485139,,26.193,25.221,30.465,2.622,3,
526,Aguascalientes,2013,18/01/2013,WC,R2,2,6,DAWKINS_Edward,NZL,10005782695,23.5,24.479,23.569,27.609,2.02,5,
527,Aguascalientes,2013,18/01/2013,WC,Final,1,1,BÜCHLI_Matthijs,NED,10006900421,20.1,28.018,30.445,34.753,2.154,4,
528,Aguascalientes,2013,18/01/2013,WC,Final,1,2,WATANABE_Kazunari,JPN,10003349716,27.7,31.918,32.503,35.739,1.618,2,
529,Aguascalientes,2013,18/01/2013,WC,Final,1,3,PERVIS_Francois,FRA,10003011125,28.3,34.037,33.707,38.119,2.206,1,
530,Aguascalientes,2013,18/01/2013,WC,Final,1,4,VERDUGO_OSUNA_Edgar,MEX,10007890932,18.6,25.04,26.623,32.303,2.84,6,
531,Aguascalientes,2013,18/01/2013,WC,Final,1,5,DMITRIEV_Denis,RUS,10003100142,26.8,25.919,26.196,30.338,2.071,5,
532,Aguascalientes,2013,18/01/2013,WC,Final,1,6,VOLIKAKIS_Christos,GRE,10004633247,24.8,31.176,30.049,33.575,1.763,3,
533,Aguascalientes,2013,18/01/2013,WC,Final,2,1,DAWKINS_Edward,NZL,10005782695,23.5,23.569,25.165,28.971,1.903,3,
534,Aguascalientes,2013,18/01/2013,WC,Final,2,2,BULLEN_Mitchell,AUS_,10007051476,21.1,21.419,23.738,29.098,2.68,5,
535,Aguascalientes,2013,18/01/2013,WC,Final,2,3,KELEMEN_Pavel,CZE,10006422895,21.6,23.262,23.988,29.126,2.569,4,
536,Aguascalientes,2013,18/01/2013,WC,Final,2,4,SAVITSKIY_Valentin,PHL_,10005747434,28.1,24.109,23.536,28.936,2.7,2,
537,Aguascalientes,2013,18/01/2013,WC,Final,2,5,ESTERHUIZEN_Bernard,RSA_,10006893852,20.3,15.951,16.846,20.836,1.995,6,
538,Aguascalientes,2013,18/01/2013,WC,Final,2,6,SCHRODER_Marc,GER_,10006485139,,25.221,22.794,27.53,2.368,1,
539,Minsk,2013,22/02/2013,WCH,R1,1,1,LEVY_Maximilian,GER,10004601723,25.7,32.998,33.878,38.084,2.103,1,
540,Minsk,2013,22/02/2013,WCH,R1,1,2,"NG_Onn_Lam,_Josiah",MAS_,10055651813,,26.299,27.471,31.225,1.877,3,
541,Minsk,2013,22/02/2013,WCH,R1,1,3,DAWKINS_Edward,NZL,10005782695,23.6,25.165,25.948,29.498,1.775,5,
542,Minsk,2013,22/02/2013,WCH,R1,1,4,LAFARGUE_Quentin,FRA,10005930724,22.3,22.61,23.532,27.456,1.962,6,
543,Minsk,2013,22/02/2013,WCH,R1,1,5,DMITRIEV_Denis,RUS,10003100142,26.9,26.196,25.933,29.747,1.907,4,
544,Minsk,2013,22/02/2013,WCH,R1,1,6,VERDUGO_OSUNA_Edgar,MEX,10007890932,18.7,26.623,24.986,29.924,2.469,2,
545,Minsk,2013,22/02/2013,WCH,R1,1,7,CECI_Francesco,ITA,10006073493,23.2,21.206,20.901,23.655,1.377,7,
546,Minsk,2013,22/02/2013,WCH,R1,2,1,WÄCHTER_Tobias,GER,10036244537,24.6,13.408,23.474,30.006,3.266,7,
547,Minsk,2013,22/02/2013,WCH,R1,2,2,BÜCHLI_Matthijs,NED,10006900421,20.2,30.445,30.964,34.922,1.979,1,
548,Minsk,2013,22/02/2013,WCH,R1,2,3,KENNY_Jason,GBR,10004599194,24.9,30.083,30.202,33.766,1.782,2,
549,Minsk,2013,22/02/2013,WCH,R1,2,4,NITTA_Yudai,JPN,10005727327,27.1,23.098,23.936,27.322,1.693,5,
550,Minsk,2013,22/02/2013,WCH,R1,2,5,CRAMPTON_Matthew,GBR_,10003292122,26.8,26.363,26.305,30.001,1.848,4,
551,Minsk,2013,22/02/2013,WCH,R1,2,6,GLAETZER_Matthew,AUS,10006894559,20.5,22.616,22.731,27.441,2.355,6,
552,Minsk,2013,22/02/2013,WCH,R1,2,7,VOLIKAKIS_Christos,GRE,10004633247,24.9,30.049,28.707,32.049,1.671,3,
553,Minsk,2013,22/02/2013,WCH,R1,3,1,PERVIS_Francois,FRA,10003011125,28.4,33.707,35.023,39.173,2.075,1,
554,Minsk,2013,22/02/2013,WCH,R1,3,2,BÖTTICHER_Stefan,GER,10048325582,21.1,31.404,32.569,37.323,2.377,3,
555,Minsk,2013,22/02/2013,WCH,R1,3,3,TAYLOR_Andrew,AUS_,10003030424,27.6,28.176,29.289,33.763,2.237,4,
556,Minsk,2013,22/02/2013,WCH,R1,3,4,KELEMEN_Pavel,CZE,10006422895,21.7,23.988,25.514,30.064,2.275,5,
557,Minsk,2013,22/02/2013,WCH,R1,3,5,SAVITSKIY_Valentin,RUS_,10005747434,28.2,23.536,24.564,29.292,2.364,7,
558,Minsk,2013,22/02/2013,WCH,R1,3,6,WATANABE_Kazunari,JPN,10003349716,27.8,32.503,31.619,34.703,1.542,2,
559,Minsk,2013,22/02/2013,WCH,R1,3,7,MAZQUIARAN_URIA_Hodei,ESP_,10004613039,24.2,23.87,23.475,26.657,1.591,6,
560,Minsk,2013,22/02/2013,WCH,R1,4,1,VAN_VELTHOOVEN_Simon,NZL_,10005506954,24.2,28.376,30.114,34.266,2.076,2,
561,Minsk,2013,22/02/2013,WCH,R1,4,2,SUNDERLAND_Scott,AUS_,10004596871,24.9,30.726,31.176,36.764,2.794,1,
562,Minsk,2013,22/02/2013,WCH,R1,4,3,PUERTA_ZAPATA_Fabian_Hernando,COL,10006904360,21.6,26.608,27.131,30.627,1.748,3,
563,Minsk,2013,22/02/2013,WCH,R1,4,4,PTÁČNÍK_Adam,CZE_,10004722668,27.2,23.55,24.196,29.57,2.687,5,
564,Minsk,2013,22/02/2013,WCH,R1,4,5,PERALTA_Juan,ESP,10006552534,22.8,24.615,24.402,27.854,1.726,4,
565,Minsk,2013,22/02/2013,WCH,R1,4,6,KUCZYNSKI_Kamil,POL,10003095795,27.9,9.878,13.046,19.508,3.231,7,
566,Minsk,2013,22/02/2013,WCH,R1,4,7,HAAK_Hugo,NED_,10006900320,21.3,19.312,17.801,22.579,2.389,6,
567,Minsk,2013,22/02/2013,WCH,Rep,1,1,GLAETZER_Matthew,AUS,10006894559,20.5,22.731,24.756,29.116,2.18,4,
568,Minsk,2013,22/02/2013,WCH,Rep,1,2,SAVITSKIY_Valentin,RUS_,10005747434,28.2,24.564,25.373,29.679,2.153,2,
569,Minsk,2013,22/02/2013,WCH,Rep,1,3,DAWKINS_Edward,NZL,10005782695,23.6,25.948,25.894,29.252,1.679,1,
570,Minsk,2013,22/02/2013,WCH,Rep,1,4,CECI_Francesco,ITA,10006073493,23.2,20.901,21.073,23.741,1.334,5,
571,Minsk,2013,22/02/2013,WCH,Rep,1,5,PTÁČNÍK_Adam,CZE_,10004722668,27.2,24.196,22.274,27.128,2.427,3,
572,Minsk,2013,22/02/2013,WCH,Rep,2,1,KENNY_Jason,GBR,10004599194,24.9,30.202,30.762,34.204,1.721,1,
573,Minsk,2013,22/02/2013,WCH,Rep,2,2,HAAK_Hugo,NED_,10006900320,21.3,17.801,20.429,24.763,2.167,5,
574,Minsk,2013,22/02/2013,WCH,Rep,2,3,CRAMPTON_Matthew,GBR_,10003292122,26.8,26.305,26.35,29.826,1.738,2,
575,Minsk,2013,22/02/2013,WCH,Rep,2,4,VERDUGO_OSUNA_Edgar,MEX,10007890932,18.7,24.986,24.541,28.989,2.224,4,
576,Minsk,2013,22/02/2013,WCH,Rep,2,5,KELEMEN_Pavel,CZE,10006422895,21.7,25.514,24.208,28.43,2.111,3,
577,Minsk,2013,22/02/2013,WCH,Rep,3,1,TAYLOR_Andrew,AUS_,10003030424,27.6,29.289,30.039,34.309,2.135,1,
578,Minsk,2013,22/02/2013,WCH,Rep,3,2,MAZQUIARAN_URIA_Hodei,ESP_,10004613039,24.2,23.475,24.065,27.121,1.528,4,
579,Minsk,2013,22/02/2013,WCH,Rep,3,3,KUCZYNSKI_Kamil,POL,10003095795,27.9,13.046,16.823,22.275,2.726,5,
580,Minsk,2013,22/02/2013,WCH,Rep,3,4,DMITRIEV_Denis,RUS,10003100142,26.9,25.933,25.258,28.838,1.79,2,
581,Minsk,2013,22/02/2013,WCH,Rep,3,5,NITTA_Yudai,JPN,10005727327,27.1,23.936,23.191,26.439,1.624,3,
582,Minsk,2013,22/02/2013,WCH,Rep,4,1,VOLIKAKIS_Christos,GRE,10004633247,24.9,28.707,29.495,32.711,1.608,2,
583,Minsk,2013,22/02/2013,WCH,Rep,4,2,LAFARGUE_Quentin,FRA,10005930724,22.3,23.532,24.785,28.445,1.83,5,
584,Minsk,2013,22/02/2013,WCH,Rep,4,3,PUERTA_ZAPATA_Fabian_Hernando,COL,10006904360,21.6,27.131,27.29,30.59,1.65,3,
585,Minsk,2013,22/02/2013,WCH,Rep,4,4,PERALTA_Juan,ESP,10006552534,22.8,24.402,24.583,27.851,1.634,4,
586,Minsk,2013,22/02/2013,WCH,Rep,4,5,WATANABE_Kazunari,JPN,10003349716,27.8,31.619,30.595,33.559,1.482,1,
587,Minsk,2013,22/02/2013,WCH,R2,1,1,LEVY_Maximilian,GER,10004601723,25.7,33.878,35.105,39.073,1.984,1,
588,Minsk,2013,22/02/2013,WCH,R2,1,2,BÜCHLI_Matthijs,NED,10006900421,20.2,30.964,31.949,35.647,1.849,3,
589,Minsk,2013,22/02/2013,WCH,R2,1,3,BÖTTICHER_Stefan,GER,10048325582,21.1,32.569,32.71,37.008,2.149,2,
590,Minsk,2013,22/02/2013,WCH,R2,1,4,VAN_VELTHOOVEN_Simon,NZL_,10005506954,24.2,30.114,30.175,34.017,1.921,4,
591,Minsk,2013,22/02/2013,WCH,R2,1,5,GLAETZER_Matthew,AUS,10006894559,20.5,24.756,25.213,29.233,2.01,6,
592,Minsk,2013,22/02/2013,WCH,R2,1,6,VOLIKAKIS_Christos,GRE,10004633247,24.9,29.495,28.785,31.883,1.549,5,
593,Minsk,2013,22/02/2013,WCH,R2,2,1,TAYLOR_Andrew,AUS_,10003030424,27.6,30.039,31.83,35.822,1.996,4,
594,Minsk,2013,22/02/2013,WCH,R2,2,2,SUNDERLAND_Scott,AUS_,10004596871,24.9,31.176,32.348,37.242,2.447,2,
595,Minsk,2013,22/02/2013,WCH,R2,2,3,KENNY_Jason,GBR,10004599194,24.9,30.762,31.128,34.384,1.628,3,
596,Minsk,2013,22/02/2013,WCH,R2,2,4,WÄCHTER_Tobias,GER,10036244537,24.6,23.474,25.642,31.076,2.717,6,
597,Minsk,2013,22/02/2013,WCH,R2,2,5,"NG_Onn_Lam,_Josiah",MAS_,10055651813,,27.471,27.579,31.097,1.759,5,
598,Minsk,2013,22/02/2013,WCH,R2,2,6,PERVIS_Francois,FRA,10003011125,28.4,35.023,33.081,36.943,1.931,1,
599,Minsk,2013,22/02/2013,WCH,Final,1,1,KENNY_Jason,GBR,10004599194,24.9,31.128,32.394,35.51,1.558,6,
600,Minsk,2013,22/02/2013,WCH,Final,1,2,LEVY_Maximilian,GER,10004601723,25.7,35.105,35.571,39.257,1.843,1,
601,Minsk,2013,22/02/2013,WCH,Final,1,3,BÜCHLI_Matthijs,NED,10006900421,20.2,31.949,32.493,35.953,1.73,4,
602,Minsk,2013,22/02/2013,WCH,Final,1,4,TAYLOR_Andrew,AUS_,10003030424,27.6,31.83,32.007,35.703,1.848,5,
603,Minsk,2013,22/02/2013,WCH,Final,1,5,SUNDERLAND_Scott,AUS_,10004596871,24.9,32.348,31.705,36.095,2.195,3,
604,Minsk,2013,22/02/2013,WCH,Final,1,6,BÖTTICHER_Stefan,GER,10048325582,21.1,32.71,31.439,35.441,2.001,2,
605,Minsk,2013,22/02/2013,WCH,Final,2,1,PERVIS_Francois,FRA,10003011125,28.4,33.081,33.881,37.571,1.845,1,
606,Minsk,2013,22/02/2013,WCH,Final,2,2,GLAETZER_Matthew,AUS,10006894559,20.5,25.213,26.735,30.471,1.868,6,
607,Minsk,2013,22/02/2013,WCH,Final,2,3,VOLIKAKIS_Christos,GRE,10004633247,24.9,28.785,29.087,32.045,1.479,3,
608,Minsk,2013,22/02/2013,WCH,Final,2,4,WÄCHTER_Tobias,GER,10036244537,24.6,25.642,26.263,31.007,2.372,5,
609,Minsk,2013,22/02/2013,WCH,Final,2,5,"NG_Onn_Lam,_Josiah",MAS_,10055651813,,27.579,27.375,30.695,1.66,4,
610,Minsk,2013,22/02/2013,WCH,Final,2,6,VAN_VELTHOOVEN_Simon,NZL_,10005506954,24.2,30.175,28.912,32.53,1.809,2,
611,Manchester,2014,2/11/2013,WC,R1,1,1,KENNY_Jason,GBR,10004599194,25.6,32.394,32.621,35.691,1.535,1,
612,Manchester,2014,2/11/2013,WC,R1,1,2,"NG_Onn_Lam,_Josiah",MAS_,10055651813,,27.375,27.325,30.569,1.622,2,
613,Manchester,2014,2/11/2013,WC,R1,1,3,MULLEN_Eoin,IRL,10007782616,20.2,9.949,11.832,16.772,2.47,4,
614,Manchester,2014,2/11/2013,WC,R1,1,4,KUCZYNSKI_Kamil,POL,10003095795,28.6,16.823,15.417,20.489,2.536,3,
615,Manchester,2014,2/11/2013,WC,R1,2,1,DAWKINS_Edward,NZL,10005782695,24.3,25.894,26.977,30.197,1.61,3,
616,Manchester,2014,2/11/2013,WC,R1,2,2,OLIVA_Lewis,GBR,10006898300,21.2,18.872,22.164,27.082,2.459,4,
617,Manchester,2014,2/11/2013,WC,R1,2,3,AWANG_Mohd_Azizulhasni,MAS,10004868370,25.8,28.205,28.201,31.781,1.79,2,
618,Manchester,2014,2/11/2013,WC,R1,2,4,LEVY_Maximilian,GER,10004601723,26.4,35.571,33.986,37.466,1.74,1,
619,Manchester,2014,2/11/2013,WC,R1,2,5,XU_Chao,CHN,10007947011,19,9,7.692,20.234,6.271,5,
620,Manchester,2014,2/11/2013,WC,R1,3,1,PHILLIP_Njisane,TTO,10006898401,22.4,21.991,23.679,27.573,1.947,3,
621,Manchester,2014,2/11/2013,WC,R1,3,2,PTÁČNÍK_Adam,CZE_,10004722668,27.9,22.274,23.491,27.899,2.204,2,
622,Manchester,2014,2/11/2013,WC,R1,3,3,ENGLER_Eric,GER,10006665496,22.1,9,18.44,27.028,4.294,5,
623,Manchester,2014,2/11/2013,WC,R1,3,4,ALIAGA_CHIVITE_Sergio,ESP,10006553039,22,15.157,17.253,22.401,2.574,4,
624,Manchester,2014,2/11/2013,WC,R1,3,5,BÜCHLI_Matthijs,NED,10006900421,20.9,32.493,30.715,34.015,1.65,1,
625,Manchester,2014,2/11/2013,WC,R1,4,1,LEWIS_Peter,JAY_,10006182924,23.8,27.186,29.535,34.557,2.511,3,
626,Manchester,2014,2/11/2013,WC,R1,4,2,PERVIS_Francois,FRA,10003011125,29,33.881,33.625,37.141,1.758,1,
627,Manchester,2014,2/11/2013,WC,R1,4,3,VYNOKUROV_Andrii,UKR,10002418415,31.2,20.348,21.433,24.839,1.703,4,
628,Manchester,2014,2/11/2013,WC,R1,4,4,WATANABE_Kazunari,JPN,10003349716,28.5,30.595,29.935,32.803,1.434,2,
629,Manchester,2014,2/11/2013,WC,R1,4,5,ESTERHUIZEN_Bernard,RSA_,10006893852,21.1,16.846,16.703,20.587,1.942,5,
630,Manchester,2014,2/11/2013,WC,R1,5,1,GLAETZER_Matthew,AUS,10006894559,21.2,26.735,27.83,31.392,1.781,2,
631,Manchester,2014,2/11/2013,WC,R1,5,2,SAVITSKIY_Valentin,RVL_,10005747434,28.9,25.373,26.236,30.218,1.991,3,
632,Manchester,2014,2/11/2013,WC,R1,5,3,CANELON_VERA_Hersony_Gadiel,VEN,10004717719,24.9,24.708,25.095,28.961,1.933,4,
633,Manchester,2014,2/11/2013,WC,R1,5,4,VAN_VELTHOOVEN_Simon,HPS_,10005506954,24.9,28.912,28.13,31.558,1.714,1,
634,Manchester,2014,2/11/2013,WC,R1,5,5,BARRETTE_Hugo,CAN,10007212639,22.3,17.081,16.64,21.992,2.676,5,
635,Manchester,2014,2/11/2013,WC,R1,6,1,DMITRIEV_Denis,RUS,10003100142,27.6,25.258,26.13,29.576,1.723,2,
636,Manchester,2014,2/11/2013,WC,R1,6,2,WÄCHTER_Tobias,GER,10036244537,25.2,26.263,26.266,30.636,2.185,1,
637,Manchester,2014,2/11/2013,WC,R1,6,3,BOTTASSO_Leandro,ARG_,10010894696,,16.761,17.832,21.814,1.991,4,
638,Manchester,2014,2/11/2013,WC,R1,6,4,WAKIMOTO_Yuta,JPN,10005964470,24.6,9,13.321,22.253,4.466,5,
639,Manchester,2014,2/11/2013,WC,R1,6,5,CECI_Francesco,ITA,10006073493,23.9,21.073,20.595,23.209,1.307,3,
640,Manchester,2014,2/11/2013,WC,Rep,1,1,LEVY_Maximilian,GER,10004601723,26.4,33.986,34.093,37.539,1.723,1,
641,Manchester,2014,2/11/2013,WC,Rep,1,2,BOTTASSO_Leandro,ARG_,10010894696,,17.832,19.144,22.944,1.9,3,
642,Manchester,2014,2/11/2013,WC,Rep,1,3,"NG_Onn_Lam,_Josiah",MAS_,10055651813,,27.325,26.603,29.755,1.576,2,
643,Manchester,2014,2/11/2013,WC,Rep,2,1,CANELON_VERA_Hersony_Gadiel,VEN,10004717719,24.9,25.095,26.005,29.697,1.846,2,
644,Manchester,2014,2/11/2013,WC,Rep,2,2,KUCZYNSKI_Kamil,POL,10003095795,28.6,15.417,18.152,22.716,2.282,4,
645,Manchester,2014,2/11/2013,WC,Rep,2,3,OLIVA_Lewis,GBR,10006898300,21.2,22.164,22.436,26.882,2.223,3,
646,Manchester,2014,2/11/2013,WC,Rep,2,4,BÜCHLI_Matthijs,NED,10006900421,20.9,30.715,29.461,32.625,1.582,1,
647,Manchester,2014,2/11/2013,WC,Rep,3,1,CECI_Francesco,ITA,10006073493,23.9,20.595,21.41,23.96,1.275,4,
648,Manchester,2014,2/11/2013,WC,Rep,3,2,VAN_VELTHOOVEN_Simon,HPS_,10005506954,24.9,28.13,27.894,31.158,1.632,1,
649,Manchester,2014,2/11/2013,WC,Rep,3,3,PTÁČNÍK_Adam,CZE_,10004722668,27.9,23.491,23.28,27.358,2.039,2,
650,Manchester,2014,2/11/2013,WC,Rep,3,4,VYNOKUROV_Andrii,UKR,10002418415,31.2,21.433,20.995,24.285,1.645,3,
651,Manchester,2014,2/11/2013,WC,Rep,4,1,PERVIS_Francois,FRA,10003011125,29,33.625,33.789,37.265,1.738,1,
652,Manchester,2014,2/11/2013,WC,Rep,4,2,XU_Chao,CHN,10007947011,19,7.692,16.844,25.974,4.565,4,
653,Manchester,2014,2/11/2013,WC,Rep,4,3,WAKIMOTO_Yuta,JPN,10005964470,24.6,13.321,15.585,22.953,3.684,3,
654,Manchester,2014,2/11/2013,WC,Rep,4,4,ENGLER_Eric,GER,10006665496,22.1,18.44,15.576,22.948,3.686,2,
655,Manchester,2014,2/11/2013,WC,Rep,5,1,SAVITSKIY_Valentin,RVL_,10005747434,28.9,26.236,26.91,30.736,1.913,2,
656,Manchester,2014,2/11/2013,WC,Rep,5,2,ESTERHUIZEN_Bernard,RSA_,10006893852,21.1,16.703,18.175,21.837,1.831,4,
657,Manchester,2014,2/11/2013,WC,Rep,5,3,AWANG_Mohd_Azizulhasni,MAS,10004868370,25.8,28.201,27.303,30.709,1.703,1,
658,Manchester,2014,2/11/2013,WC,Rep,5,4,ALIAGA_CHIVITE_Sergio,ESP,10006553039,22,17.253,16.73,21.556,2.413,3,
659,Manchester,2014,2/11/2013,WC,Rep,6,1,WÄCHTER_Tobias,GER,10036244537,25.2,26.266,27.142,31.31,2.084,2,
660,Manchester,2014,2/11/2013,WC,Rep,6,2,BARRETTE_Hugo,CAN,10007212639,22.3,16.64,19.054,23.882,2.414,3,
661,Manchester,2014,2/11/2013,WC,Rep,6,3,WATANABE_Kazunari,JPN,10003349716,28.5,29.935,29.242,32.032,1.395,1,
662,Manchester,2014,2/11/2013,WC,Rep,6,4,MULLEN_Eoin,IRL,10007782616,20.2,11.832,11.765,16.583,2.409,4,
663,Manchester,2014,2/11/2013,WC,R2,1,1,KENNY_Jason,GBR,10004599194,25.6,32.621,33.132,36.114,1.491,1,
664,Manchester,2014,2/11/2013,WC,R2,1,2,CANELON_VERA_Hersony_Gadiel,VEN,10004717719,24.9,26.005,27.043,30.517,1.737,5,
665,Manchester,2014,2/11/2013,WC,R2,1,3,WÄCHTER_Tobias,GER,10036244537,25.2,27.142,27.591,31.433,1.921,4,
666,Manchester,2014,2/11/2013,WC,R2,1,4,GLAETZER_Matthew,AUS,10006894559,21.2,27.83,27.712,31.066,1.677,3,
667,Manchester,2014,2/11/2013,WC,R2,1,5,CECI_Francesco,ITA,10006073493,23.9,21.41,21.678,24.156,1.239,6,
668,Manchester,2014,2/11/2013,WC,R2,1,6,LEWIS_Peter,JAY_,10006182924,23.8,29.535,27.078,31.624,2.273,2,
669,Manchester,2014,2/11/2013,WC,R2,2,1,PERVIS_Francois,FRA,10003011125,29,33.789,34.447,37.797,1.675,2,
670,Manchester,2014,2/11/2013,WC,R2,2,2,DAWKINS_Edward,NZL,10005782695,24.3,26.977,27.912,30.986,1.537,3,
671,Manchester,2014,2/11/2013,WC,R2,2,3,LEVY_Maximilian,GER,10004601723,26.4,34.093,33.714,36.976,1.631,1,
672,Manchester,2014,2/11/2013,WC,R2,2,4,PHILLIP_Njisane,TTO,10006898401,22.4,23.679,24.443,28.075,1.816,6,
673,Manchester,2014,2/11/2013,WC,R2,2,5,SAVITSKIY_Valentin,RVL_,10005747434,28.9,26.91,26.609,30.193,1.792,4,
674,Manchester,2014,2/11/2013,WC,R2,2,6,DMITRIEV_Denis,RUS,10003100142,27.6,26.13,25.458,28.76,1.651,5,
675,Manchester,2014,2/11/2013,WC,Final,1,1,PERVIS_Francois,FRA,10003011125,29,34.447,35.213,38.439,1.613,1,
676,Manchester,2014,2/11/2013,WC,Final,1,2,LEVY_Maximilian,GER,10004601723,26.4,33.714,34.05,37.164,1.557,2,
677,Manchester,2014,2/11/2013,WC,Final,1,3,CANELON_VERA_Hersony_Gadiel,VEN,10004717719,24.9,27.043,27.914,31.194,1.64,6,
678,Manchester,2014,2/11/2013,WC,Final,1,4,KENNY_Jason,GBR,10004599194,25.6,33.132,32.863,35.721,1.429,3,
679,Manchester,2014,2/11/2013,WC,Final,1,5,WÄCHTER_Tobias,GER,10036244537,25.2,27.591,27.514,31.112,1.799,5,
680,Manchester,2014,2/11/2013,WC,Final,1,6,DAWKINS_Edward,NZL,10005782695,24.3,27.912,27.398,30.372,1.487,4,
681,Manchester,2014,2/11/2013,WC,Final,2,1,GLAETZER_Matthew,AUS,10006894559,21.2,27.712,28.591,31.813,1.611,1,
682,Manchester,2014,2/11/2013,WC,Final,2,2,SAVITSKIY_Valentin,RVL_,10005747434,28.9,26.609,27.209,30.589,1.69,3,
683,Manchester,2014,2/11/2013,WC,Final,2,3,DMITRIEV_Denis,RUS,10003100142,27.6,25.458,25.778,28.91,1.566,4,
684,Manchester,2014,2/11/2013,WC,Final,2,4,CECI_Francesco,ITA,10006073493,23.9,21.678,21.999,24.407,1.204,6,
685,Manchester,2014,2/11/2013,WC,Final,2,5,LEWIS_Peter,JAY_,10006182924,23.8,27.078,25.97,30.102,2.066,2,
686,Manchester,2014,2/11/2013,WC,Final,2,6,PHILLIP_Njisane,TTO,10006898401,22.4,24.443,23.594,27.046,1.726,5,
687,Aguascalientes,2014,7/12/2013,WC,R1,1,1,BÜCHLI_Matthijs,NED,10006900421,21,29.461,30.08,33.146,1.533,1,
688,Aguascalientes,2014,7/12/2013,WC,R1,1,2,WATANABE_Kazunari,JPN,10003349716,28.6,29.242,29.38,32.082,1.351,2,
689,Aguascalientes,2014,7/12/2013,WC,R1,1,3,KUCZYNSKI_Kamil,POL,10003095795,28.7,18.152,19.967,24.113,2.073,6,
690,Aguascalientes,2014,7/12/2013,WC,R1,1,4,BARRETTE_Hugo,CAN,10007212639,22.4,19.054,20.154,24.486,2.166,5,
691,Aguascalientes,2014,7/12/2013,WC,R1,1,5,D'ALMEIDA_Michael,FRA,10004618796,26.3,19.144,19.65,24.802,2.576,4,
692,Aguascalientes,2014,7/12/2013,WC,R1,1,6,XU_Chao,CHN,10007947011,19.1,16.844,16.924,23.64,3.358,7,
693,Aguascalientes,2014,7/12/2013,WC,R1,1,9,VERDUGO_OSUNA_Edgar,MEX,10007890932,19.5,24.541,22.651,26.765,2.057,3,
694,Aguascalientes,2014,7/12/2013,WC,R1,2,1,WÄCHTER_Tobias,GER,10036244537,25.3,27.514,28.325,31.769,1.722,1,
695,Aguascalientes,2014,7/12/2013,WC,R1,2,2,ALIAGA_CHIVITE_Sergio,ESP,10006553039,22.1,16.73,19.605,23.939,2.167,7,
696,Aguascalientes,2014,7/12/2013,WC,R1,2,3,AWANG_Mohd_Azizulhasni,MAS,10004868370,25.9,27.303,27.221,30.437,1.608,2,
697,Aguascalientes,2014,7/12/2013,WC,R1,2,4,CECI_Francesco,ITA,10006073493,24,21.999,22.22,24.562,1.171,4,
698,Aguascalientes,2014,7/12/2013,WC,R1,2,5,"NG_Onn_Lam,_Josiah",MAS_,10055651813,,26.603,26.06,29.062,1.501,3,
699,Aguascalientes,2014,7/12/2013,WC,R1,2,6,BOTTASSO_Leandro,ARG_,10010894696,,19.144,19.071,22.637,1.783,5,
700,Aguascalientes,2014,7/12/2013,WC,R1,2,7,ARCHIBALD_Matt,NZL_,10006382984,,17.989,15.212,21.81,3.299,6,
701,Aguascalientes,2014,7/12/2013,WC,R1,3,1,VOLIKAKIS_Christos,GRE,10004633247,25.7,29.087,29.633,32.509,1.438,1,
702,Aguascalientes,2014,7/12/2013,WC,R1,3,2,ENGLER_Eric,GER,10006665496,22.2,15.576,20.987,26.929,2.971,6,
703,Aguascalientes,2014,7/12/2013,WC,R1,3,3,PTÁČNÍK_Adam,CZE_,10004722668,28,23.28,24.001,27.775,1.887,3,
704,Aguascalientes,2014,7/12/2013,WC,R1,3,4,SAMUSENKO_Kirill,RUS,10007271142,21.6,9,18.493,26.821,4.164,7,
705,Aguascalientes,2014,7/12/2013,WC,R1,3,5,OLIVA_Lewis,GBR,10006898300,21.3,22.436,22.431,26.485,2.027,4,
706,Aguascalientes,2014,7/12/2013,WC,R1,3,6,WAKIMOTO_Yuta,JPN,10005964470,24.7,15.585,16.941,22.853,2.956,5,
707,Aguascalientes,2014,7/12/2013,WC,R1,3,7,CANELON_VERA_Hersony_Gadiel,VEN,10004717719,25,27.914,26.594,29.73,1.568,2,
708,Aguascalientes,2014,7/12/2013,WC,R1,4,1,PERKINS_Shane_Alan,RUS,10051694112,26.9,22.626,25.275,29.817,2.271,5,
709,Aguascalientes,2014,7/12/2013,WC,R1,4,2,CRAMPTON_Matthew,GBR_,10003292122,27.5,26.35,26.975,30.263,1.644,3,
710,Aguascalientes,2014,7/12/2013,WC,R1,4,3,SAVITSKIY_Valentin,RVL_,10005747434,29,27.209,27.344,30.544,1.6,2,
711,Aguascalientes,2014,7/12/2013,WC,R1,4,4,VAN_VELTHOOVEN_Simon,HPS_,10005506954,25,27.894,27.597,30.701,1.552,1,
712,Aguascalientes,2014,7/12/2013,WC,R1,4,5,PHILLIP_Njisane,TTO,10006898401,22.5,23.594,23.383,26.665,1.641,4,
713,Aguascalientes,2014,7/12/2013,WC,R1,4,6,BALZER_Erik,ERD_,10006480186,22.4,9,11.353,20.765,4.706,7,
714,Aguascalientes,2014,7/12/2013,WC,R1,4,7,MULLEN_Eoin,IRL,10007782616,20.3,11.765,11.279,15.879,2.3,6,
715,Aguascalientes,2014,7/12/2013,WC,Rep,1,1,AWANG_Mohd_Azizulhasni,MAS,10004868370,25.9,27.221,27.876,30.982,1.553,3,
716,Aguascalientes,2014,7/12/2013,WC,Rep,1,2,OLIVA_Lewis,GBR,10006898300,21.3,22.431,23.488,27.248,1.88,4,
717,Aguascalientes,2014,7/12/2013,WC,Rep,1,3,MULLEN_Eoin,IRL,10007782616,20.3,11.279,14.477,18.627,2.075,7,
718,Aguascalientes,2014,7/12/2013,WC,Rep,1,4,SAVITSKIY_Valentin,RVL_,10005747434,29,27.344,26.901,29.941,1.52,2,
719,Aguascalientes,2014,7/12/2013,WC,Rep,1,5,VAN_VELTHOOVEN_Simon,HPS_,10005506954,25,27.597,26.896,29.856,1.48,1,
720,Aguascalientes,2014,7/12/2013,WC,Rep,1,6,ARCHIBALD_Matt,NZL_,10006382984,,15.212,15.786,21.338,2.776,6,
721,Aguascalientes,2014,7/12/2013,WC,Rep,1,7,SAMUSENKO_Kirill,RUS,10007271142,21.6,18.493,15.102,21.86,3.379,5,
722,Aguascalientes,2014,7/12/2013,WC,Rep,2,1,PHILLIP_Njisane,TTO,10006898401,22.5,23.383,24.388,27.538,1.575,3,
723,Aguascalientes,2014,7/12/2013,WC,Rep,2,2,BALZER_Erik,ERD_,10006480186,22.4,11.353,19.08,25.866,3.393,6,
724,Aguascalientes,2014,7/12/2013,WC,Rep,2,3,PTÁČNÍK_Adam,CZE_,10004722668,28,24.001,24.208,27.728,1.76,2,
725,Aguascalientes,2014,7/12/2013,WC,Rep,2,4,WAKIMOTO_Yuta,JPN,10005964470,24.7,16.941,18.598,23.62,2.511,5,
726,Aguascalientes,2014,7/12/2013,WC,Rep,2,5,BOTTASSO_Leandro,ARG_,10010894696,,19.071,19.346,22.69,1.672,4,
727,Aguascalientes,2014,7/12/2013,WC,Rep,2,9,CANELON_VERA_Hersony_Gadiel,VEN,10004717719,25,26.594,25.639,28.625,1.493,1,
728,Aguascalientes,2014,7/12/2013,WC,Rep,2,9,CECI_Francesco,ITA,10006073493,24,22.22,22.009,24.291,1.141,1,
729,Aguascalientes,2014,7/12/2013,WC,R2,1,1,CRAMPTON_Matthew,GBR_,10003292122,27.5,26.975,27.972,31.132,1.58,3,
730,Aguascalientes,2014,7/12/2013,WC,R2,1,2,BÜCHLI_Matthijs,NED,10006900421,21,30.08,30.231,33.175,1.472,1,
731,Aguascalientes,2014,7/12/2013,WC,R2,1,3,AWANG_Mohd_Azizulhasni,MAS,10004868370,25.9,27.876,27.918,30.892,1.487,2,
732,Aguascalientes,2014,7/12/2013,WC,R2,1,4,BALZER_Erik,ERD_,10006480186,22.4,19.08,20.624,26.274,2.825,6,
733,Aguascalientes,2014,7/12/2013,WC,R2,1,5,ENGLER_Eric,GER,10006665496,22.2,20.987,20.653,25.833,2.59,4,
734,Aguascalientes,2014,7/12/2013,WC,R2,1,6,ALIAGA_CHIVITE_Sergio,ESP,10006553039,22.1,19.605,18.872,22.966,2.047,5,
735,Aguascalientes,2014,7/12/2013,WC,R2,2,1,VOLIKAKIS_Christos,GRE,10004633247,25.7,29.633,30.277,33.069,1.396,1,
736,Aguascalientes,2014,7/12/2013,WC,R2,2,2,WÄCHTER_Tobias,GER,10036244537,25.3,28.325,28.849,32.113,1.632,3,
737,Aguascalientes,2014,7/12/2013,WC,R2,2,3,PERKINS_Shane_Alan,RUS,10051694112,26.9,25.275,26.023,30.145,2.061,4,
738,Aguascalientes,2014,7/12/2013,WC,R2,2,4,OLIVA_Lewis,GBR,10006898300,21.3,23.488,23.97,27.482,1.756,6,
739,Aguascalientes,2014,7/12/2013,WC,R2,2,5,PHILLIP_Njisane,TTO,10006898401,22.5,24.388,24.364,27.37,1.503,5,
740,Aguascalientes,2014,7/12/2013,WC,R2,2,6,WATANABE_Kazunari,JPN,10003349716,28.6,29.38,28.64,31.262,1.311,2,
741,Aguascalientes,2014,7/12/2013,WC,Final,1,1,CRAMPTON_Matthew,GBR_,10003292122,27.5,27.972,29.014,32.048,1.517,4,
742,Aguascalientes,2014,7/12/2013,WC,Final,1,2,WÄCHTER_Tobias,GER,10036244537,25.3,28.849,29.444,32.544,1.55,3,
743,Aguascalientes,2014,7/12/2013,WC,Final,1,3,PERKINS_Shane_Alan,RUS,10051694112,26.9,26.023,26.907,30.697,1.895,6,
744,Aguascalientes,2014,7/12/2013,WC,Final,1,4,BÜCHLI_Matthijs,NED,10006900421,21,30.231,30.095,32.915,1.41,2,
745,Aguascalientes,2014,7/12/2013,WC,Final,1,5,VOLIKAKIS_Christos,GRE,10004633247,25.7,30.277,29.912,32.602,1.345,1,
746,Aguascalientes,2014,7/12/2013,WC,Final,1,6,AWANG_Mohd_Azizulhasni,MAS,10004868370,25.9,27.918,27.355,30.229,1.437,5,
747,Aguascalientes,2014,7/12/2013,WC,Final,2,1,BALZER_Erik,ERD_,10006480186,22.4,20.624,23.668,28.702,2.517,5,
748,Aguascalientes,2014,7/12/2013,WC,Final,2,2,PHILLIP_Njisane,TTO,10006898401,22.5,24.364,24.852,27.734,1.441,2,
749,Aguascalientes,2014,7/12/2013,WC,Final,2,3,ALIAGA_CHIVITE_Sergio,ESP,10006553039,22.1,18.872,20.161,23.933,1.886,6,
750,Aguascalientes,2014,7/12/2013,WC,Final,2,4,OLIVA_Lewis,GBR,10006898300,21.3,23.97,23.935,27.239,1.652,3,
751,Aguascalientes,2014,7/12/2013,WC,Final,2,5,ENGLER_Eric,GER,10006665496,22.2,20.653,20.654,25.23,2.288,4,
752,Aguascalientes,2014,7/12/2013,WC,Final,2,6,WATANABE_Kazunari,JPN,10003349716,28.6,28.64,27.808,30.354,1.273,1,
753,Guadalajara,2014,18/01/2014,WC,R1,1,1,BÜCHLI_Matthijs,NED,10006900421,21.1,30.095,30.3,33.078,1.389,1,
754,Guadalajara,2014,18/01/2014,WC,R1,1,2,CECI_Francesco,ITA,10006073493,24.1,22.009,22.31,24.55,1.12,2,
755,Guadalajara,2014,18/01/2014,WC,R1,1,3,SAMUSENKO_Kirill,RUS,10007271142,21.7,15.102,17.237,22.891,2.827,5,
756,Guadalajara,2014,18/01/2014,WC,R1,1,4,ALIAGA_CHIVITE_Sergio,ESP,10006553039,22.2,20.161,19.954,23.51,1.778,3,
757,Guadalajara,2014,18/01/2014,WC,R1,1,5,BOTTASSO_Leandro,ARG_,10010894696,,19.346,18.764,21.986,1.611,4,
758,Guadalajara,2014,18/01/2014,WC,R1,2,1,DAWKINS_Edward,NZL,10005782695,24.5,27.398,28.046,30.934,1.444,2,
759,Guadalajara,2014,18/01/2014,WC,R1,2,2,EILERS_Joachim,GER,10006379247,23.8,24.127,25.183,29.415,2.116,3,
760,Guadalajara,2014,18/01/2014,WC,R1,2,3,WATANABE_Kazunari,JPN,10003349716,28.7,27.808,27.723,30.201,1.239,1,
761,Guadalajara,2014,18/01/2014,WC,R1,2,4,SARNECKI_Rafal,POL,10005953154,24,17.99,19.226,25.386,3.08,5,
762,Guadalajara,2014,18/01/2014,WC,R1,2,5,VYNOKUROV_Andrii,UKR,10002418415,31.4,20.995,20.727,23.895,1.584,4,
763,Guadalajara,2014,18/01/2014,WC,R1,2,6,HARWOOD_Emerson,AUS_,10007812019,19.6,9,5.238,16.616,5.689,6,
764,Guadalajara,2014,18/01/2014,WC,R1,3,1,VOLIKAKIS_Christos,GRE,10004633247,25.8,29.912,30.363,32.999,1.318,1,
765,Guadalajara,2014,18/01/2014,WC,R1,3,2,EDELIN_Benjamin,FRA,10006584159,20.9,9,22.272,31.096,4.412,6,
766,Guadalajara,2014,18/01/2014,WC,R1,3,3,BARRETTE_Hugo,CAN,10007212639,22.5,20.154,21.501,25.489,1.994,4,
767,Guadalajara,2014,18/01/2014,WC,R1,3,4,AWANG_Mohd_Azizulhasni,MAS,10004868370,26,27.355,27.088,29.858,1.385,2,
768,Guadalajara,2014,18/01/2014,WC,R1,3,5,XU_Chao,CHN,10007947011,19.2,16.924,18.013,23.633,2.81,5,
769,Guadalajara,2014,18/01/2014,WC,R1,3,6,OLIVA_Lewis,GBR,10006898300,21.4,23.935,23.133,26.309,1.588,3,
770,Guadalajara,2014,18/01/2014,WC,R1,4,1,VAN_VELTHOOVEN_Simon,NZL_,10005506954,25.1,26.896,27.56,30.442,1.441,1,
771,Guadalajara,2014,18/01/2014,WC,R1,4,2,RAMIREZ_MORALES_Santiago,COL,10009039774,19.5,9,21.248,30.068,4.41,5,
772,Guadalajara,2014,18/01/2014,WC,R1,4,3,WAKIMOTO_Yuta,JPN,10005964470,24.8,18.598,20.294,24.818,2.262,4,
773,Guadalajara,2014,18/01/2014,WC,R1,4,4,BROWNE_Kwesi,TTO,10009010876,20,9,16.989,25.535,4.273,5,
774,Guadalajara,2014,18/01/2014,WC,R1,4,5,PTÁČNÍK_Adam,CZE_,10004722668,28.1,24.208,23.708,27.048,1.67,2,
775,Guadalajara,2014,18/01/2014,WC,R1,4,6,VERDUGO_OSUNA_Edgar,MEX,10007890932,19.6,22.651,21.545,25.417,1.936,3,
776,Guadalajara,2014,18/01/2014,WC,Rep,1,1,BROWNE_Kwesi,TTO,10009010876,20,16.989,20.337,27.793,3.728,3,
777,Guadalajara,2014,18/01/2014,WC,Rep,1,2,SAMUSENKO_Kirill,RUS,10007271142,21.7,17.237,18.023,23.189,2.583,2,
778,Guadalajara,2014,18/01/2014,WC,Rep,1,3,BOTTASSO_Leandro,ARG_,10010894696,,18.764,18.419,21.567,1.574,1,
779,Guadalajara,2014,18/01/2014,WC,Rep,2,1,AWANG_Mohd_Azizulhasni,MAS,10004868370,26,27.088,27.472,30.182,1.355,2,
780,Guadalajara,2014,18/01/2014,WC,Rep,2,2,VYNOKUROV_Andrii,UKR,10002418415,31.4,20.727,21.429,24.467,1.519,4,
781,Guadalajara,2014,18/01/2014,WC,Rep,2,3,VERDUGO_OSUNA_Edgar,MEX,10007890932,19.6,21.545,21.805,25.437,1.816,3,
782,Guadalajara,2014,18/01/2014,WC,Rep,2,4,WATANABE_Kazunari,JPN,10003349716,28.7,27.723,27.159,29.583,1.212,1,
783,Guadalajara,2014,18/01/2014,WC,Rep,3,1,BARRETTE_Hugo,CAN,10007212639,22.5,21.501,22.456,26.28,1.912,1,
784,Guadalajara,2014,18/01/2014,WC,Rep,3,2,SARNECKI_Rafal,POL,10005953154,24,19.226,19.887,25.337,2.725,2,
785,Guadalajara,2014,18/01/2014,WC,Rep,3,3,XU_Chao,CHN,10007947011,19.2,18.013,17.596,22.722,2.563,3,
786,Guadalajara,2014,18/01/2014,WC,Rep,3,4,HARWOOD_Emerson,AUS_,10007812019,19.6,5.238,4.507,14.083,4.788,4,
787,Guadalajara,2014,18/01/2014,WC,Rep,4,1,OLIVA_Lewis,GBR,10006898300,21.4,23.133,23.854,26.93,1.538,2,
788,Guadalajara,2014,18/01/2014,WC,Rep,4,2,PTÁČNÍK_Adam,CZE_,10004722668,28.1,23.708,23.888,27.084,1.598,1,
789,Guadalajara,2014,18/01/2014,WC,Rep,4,3,WAKIMOTO_Yuta,JPN,10005964470,24.8,20.294,20.366,24.544,2.089,3,
790,Guadalajara,2014,18/01/2014,WC,Rep,4,4,ALIAGA_CHIVITE_Sergio,ESP,10006553039,22.2,19.954,19.437,22.861,1.712,4,
791,Guadalajara,2014,18/01/2014,WC,R2,1,1,BÜCHLI_Matthijs,NED,10006900421,21.1,30.3,30.774,33.484,1.355,1,
792,Guadalajara,2014,18/01/2014,WC,R2,1,2,EILERS_Joachim,GER,10006379247,23.8,25.183,26.229,30.141,1.956,3,
793,Guadalajara,2014,18/01/2014,WC,R2,1,3,OLIVA_Lewis,GBR,10006898300,21.4,23.854,24.357,27.299,1.471,4,
794,Guadalajara,2014,18/01/2014,WC,R2,1,4,VAN_VELTHOOVEN_Simon,NZL_,10005506954,25.1,27.56,27.362,30.136,1.387,2,
795,Guadalajara,2014,18/01/2014,WC,R2,1,5,BROWNE_Kwesi,TTO,10009010876,20,20.337,20.327,26.377,3.025,6,
796,Guadalajara,2014,18/01/2014,WC,R2,1,6,EDELIN_Benjamin,FRA,10006584159,20.9,22.272,18.623,25.673,3.525,5,
797,Guadalajara,2014,18/01/2014,WC,R2,2,1,BARRETTE_Hugo,CAN,10007212639,22.5,22.456,24.355,27.951,1.798,4,
798,Guadalajara,2014,18/01/2014,WC,R2,2,2,AWANG_Mohd_Azizulhasni,MAS,10004868370,26,27.472,27.852,30.47,1.309,3,
799,Guadalajara,2014,18/01/2014,WC,R2,2,3,RAMIREZ_MORALES_Santiago,COL,10009039774,19.5,21.248,24.044,30.546,3.251,6,
800,Guadalajara,2014,18/01/2014,WC,R2,2,4,VOLIKAKIS_Christos,GRE,10004633247,25.8,30.363,30.067,32.617,1.275,1,
801,Guadalajara,2014,18/01/2014,WC,R2,2,5,DAWKINS_Edward,NZL,10005782695,24.5,28.046,27.63,30.41,1.39,2,
802,Guadalajara,2014,18/01/2014,WC,R2,2,6,CECI_Francesco,ITA,10006073493,24.1,22.31,22.128,24.338,1.105,5,
803,Guadalajara,2014,18/01/2014,WC,Final,1,1,BÜCHLI_Matthijs,NED,10006900421,21.1,30.774,31.24,33.888,1.324,1,
804,Guadalajara,2014,18/01/2014,WC,Final,1,2,RAMIREZ_MORALES_Santiago,COL,10009039774,19.5,24.044,26.217,31.701,2.742,5,
805,Guadalajara,2014,18/01/2014,WC,Final,1,3,OLIVA_Lewis,GBR,10006898300,21.4,24.357,24.822,27.646,1.412,3,
806,Guadalajara,2014,18/01/2014,WC,Final,1,4,BARRETTE_Hugo,CAN,10007212639,22.5,24.355,24.57,27.946,1.688,4,
807,Guadalajara,2014,18/01/2014,WC,Final,1,9,AWANG_Mohd_Azizulhasni,MAS,10004868370,26,27.852,27.478,30.014,1.268,2,
808,Guadalajara,2014,18/01/2014,WC,Final,1,9,EILERS_Joachim,GER,10006379247,23.8,26.229,25.652,29.292,1.82,1,
809,Guadalajara,2014,18/01/2014,WC,Final,2,1,VAN_VELTHOOVEN_Simon,NZL_,10005506954,25.1,27.362,28.041,30.739,1.349,3,
810,Guadalajara,2014,18/01/2014,WC,Final,2,2,VOLIKAKIS_Christos,GRE,10004633247,25.8,30.067,30.154,32.634,1.24,1,
811,Guadalajara,2014,18/01/2014,WC,Final,2,3,BROWNE_Kwesi,TTO,10009010876,20,20.327,22.333,27.501,2.584,5,
812,Guadalajara,2014,18/01/2014,WC,Final,2,4,DAWKINS_Edward,NZL,10005782695,24.5,27.63,27.381,30.065,1.342,2,
813,Guadalajara,2014,18/01/2014,WC,Final,2,5,CECI_Francesco,ITA,10006073493,24.1,22.128,22.108,24.278,1.085,4,
814,Guadalajara,2014,18/01/2014,WC,Final,2,6,EDELIN_Benjamin,FRA,10006584159,20.9,18.623,16.857,22.955,3.049,6,
815,Cali,2014,27/02/2014,WCH,R1,1,1,KENNY_Jason,GBR,10004599194,25.9,32.863,33.216,36.014,1.399,1,
816,Cali,2014,27/02/2014,WCH,R1,1,2,GLAETZER_Matthew,AUS,10006894559,21.5,28.591,28.922,32.016,1.547,2,
817,Cali,2014,27/02/2014,WCH,R1,1,3,PTÁČNÍK_Adam,CZE_,10004722668,28.2,23.888,24.324,27.384,1.53,4,
818,Cali,2014,27/02/2014,WCH,R1,1,4,SAVITSKIY_Valentin,RUS_,10005747434,29.2,26.901,26.58,29.508,1.464,3,
819,Cali,2014,27/02/2014,WCH,R1,1,5,WAKIMOTO_Yuta,JPN,10005964470,24.9,20.366,19.899,23.881,1.991,5,
820,Cali,2014,27/02/2014,WCH,R1,2,1,PUERTA_ZAPATA_Fabian_Hernando,COL,10006904360,22.6,27.29,28.309,31.473,1.582,3,
821,Cali,2014,27/02/2014,WCH,R1,2,2,BARRETTE_Hugo,CAN,10007212639,22.7,24.57,25.572,28.774,1.601,5,
822,Cali,2014,27/02/2014,WCH,R1,2,3,LEVY_Maximilian,GER,10004601723,26.7,34.05,33.503,36.479,1.488,1,
823,Cali,2014,27/02/2014,WCH,R1,2,4,WATANABE_Kazunari,JPN,10003349716,28.8,27.159,27.131,29.495,1.182,4,
824,Cali,2014,27/02/2014,WCH,R1,2,5,DAWKINS_Edward,NZL,10005782695,24.6,27.381,26.955,29.573,1.309,2,
825,Cali,2014,27/02/2014,WCH,R1,3,1,VAN_VELTHOOVEN_Simon,NZL_,10005506954,25.2,28.041,28.668,31.3,1.316,3,
826,Cali,2014,27/02/2014,WCH,R1,3,2,BÜCHLI_Matthijs,NED,10006900421,21.2,31.24,31.253,33.827,1.287,1,
827,Cali,2014,27/02/2014,WCH,R1,3,3,WÄCHTER_Tobias,GER,10036244537,25.6,29.444,29.212,32.194,1.491,2,
828,Cali,2014,27/02/2014,WCH,R1,3,4,EMADI_Kian,GBR,10006898502,21.6,4.924,12.351,19.061,3.355,5,
829,Cali,2014,27/02/2014,WCH,R1,3,5,AWANG_Mohd_Azizulhasni,MAS,10004868370,26.1,27.478,26.818,29.306,1.244,4,
830,Cali,2014,27/02/2014,WCH,R1,4,1,PERVIS_Francois,FRA,10003011125,29.4,35.213,35.596,38.74,1.572,1,
831,Cali,2014,27/02/2014,WCH,R1,4,2,EILERS_Joachim,GER,10006379247,23.9,25.652,26.793,30.229,1.718,5,
832,Cali,2014,27/02/2014,WCH,R1,4,3,VOLIKAKIS_Christos,GRE,10004633247,26,30.154,30.193,32.605,1.206,2,
833,Cali,2014,27/02/2014,WCH,R1,4,4,CRAMPTON_Matthew,GBR_,10003292122,27.8,29.014,28.826,31.734,1.454,3,
834,Cali,2014,27/02/2014,WCH,R1,4,5,ALIAGA_CHIVITE_Sergio,ESP,10006553039,22.3,19.437,20.015,23.271,1.628,6,
835,Cali,2014,27/02/2014,WCH,R1,4,6,PERKINS_Shane_Alan,RUS,10051694112,27.2,26.907,25.732,29.322,1.795,4,
836,Cali,2014,27/02/2014,WCH,Rep,1,1,GLAETZER_Matthew,AUS,10006894559,21.5,28.922,29.459,32.473,1.507,2,
837,Cali,2014,27/02/2014,WCH,Rep,1,2,VOLIKAKIS_Christos,GRE,10004633247,26,30.193,30.136,32.502,1.183,1,
838,Cali,2014,27/02/2014,WCH,Rep,1,3,EMADI_Kian,GBR,10006898502,21.6,12.351,15.994,21.746,2.876,4,
839,Cali,2014,27/02/2014,WCH,Rep,1,4,DAWKINS_Edward,NZL,10005782695,24.6,26.955,26.39,28.956,1.283,3,
840,Cali,2014,27/02/2014,WCH,Rep,2,1,CRAMPTON_Matthew,GBR_,10003292122,27.8,28.826,29.3,32.136,1.418,1,
841,Cali,2014,27/02/2014,WCH,Rep,2,2,AWANG_Mohd_Azizulhasni,MAS,10004868370,26.1,26.818,27.013,29.443,1.215,2,
842,Cali,2014,27/02/2014,WCH,Rep,2,3,BARRETTE_Hugo,CAN,10007212639,22.7,25.572,25.528,28.602,1.537,3,
843,Cali,2014,27/02/2014,WCH,Rep,2,4,PTÁČNÍK_Adam,CZE_,10004722668,28.2,24.324,23.915,26.889,1.487,4,
844,Cali,2014,27/02/2014,WCH,Rep,3,1,LEVY_Maximilian,GER,10004601723,26.7,33.503,33.864,36.778,1.457,1,
845,Cali,2014,27/02/2014,WCH,Rep,3,2,BÜCHLI_Matthijs,NED,10006900421,21.2,31.253,31.301,33.821,1.26,2,
846,Cali,2014,27/02/2014,WCH,Rep,3,3,SAVITSKIY_Valentin,RUS_,10005747434,29.2,26.58,26.544,29.396,1.426,3,
847,Cali,2014,27/02/2014,WCH,Rep,3,4,ALIAGA_CHIVITE_Sergio,ESP,10006553039,22.3,20.015,19.867,23.061,1.597,4,
848,Cali,2014,27/02/2014,WCH,Rep,4,1,EILERS_Joachim,GER,10006379247,23.9,26.793,27.769,31.063,1.647,3,
849,Cali,2014,27/02/2014,WCH,Rep,4,2,PERKINS_Shane_Alan,RUS,10051694112,27.2,25.732,26.411,29.803,1.696,4,
850,Cali,2014,27/02/2014,WCH,Rep,4,3,WÄCHTER_Tobias,GER,10036244537,25.6,29.212,29.04,31.906,1.433,1,
851,Cali,2014,27/02/2014,WCH,Rep,4,4,WATANABE_Kazunari,JPN,10003349716,28.8,27.131,26.947,29.259,1.156,2,
852,Cali,2014,27/02/2014,WCH,Rep,4,5,WAKIMOTO_Yuta,JPN,10005964470,24.9,19.899,19.532,23.35,1.909,5,
853,Cali,2014,27/02/2014,WCH,R2,1,1,PERVIS_Francois,FRA,10003011125,29.4,35.596,36.235,39.279,1.522,1,
854,Cali,2014,27/02/2014,WCH,R2,1,2,LEVY_Maximilian,GER,10004601723,26.7,33.864,34.207,37.015,1.404,2,
855,Cali,2014,27/02/2014,WCH,R2,1,3,KENNY_Jason,GBR,10004599194,25.9,33.216,33.292,35.992,1.35,3,
856,Cali,2014,27/02/2014,WCH,R2,1,4,CRAMPTON_Matthew,GBR_,10003292122,27.8,29.3,29.455,32.187,1.366,5,
857,Cali,2014,27/02/2014,WCH,R2,1,5,PERKINS_Shane_Alan,RUS,10051694112,27.2,26.411,26.545,29.767,1.611,6,
858,Cali,2014,27/02/2014,WCH,R2,1,6,VOLIKAKIS_Christos,GRE,10004633247,26,30.136,29.718,32.038,1.16,4,
859,Cali,2014,27/02/2014,WCH,R2,2,1,EILERS_Joachim,GER,10006379247,23.9,27.769,28.867,32.021,1.577,5,
860,Cali,2014,27/02/2014,WCH,R2,2,2,PUERTA_ZAPATA_Fabian_Hernando,COL,10006904360,22.6,28.309,28.905,31.921,1.508,4,
861,Cali,2014,27/02/2014,WCH,R2,2,3,BÜCHLI_Matthijs,NED,10006900421,21.2,31.301,31.276,33.72,1.222,1,
862,Cali,2014,27/02/2014,WCH,R2,2,4,GLAETZER_Matthew,AUS,10006894559,21.5,29.459,29.313,32.195,1.441,2,
863,Cali,2014,27/02/2014,WCH,R2,2,9,VAN_VELTHOOVEN_Simon,NZL_,10005506954,25.2,28.668,28.367,30.915,1.274,3,
864,Cali,2014,27/02/2014,WCH,R2,2,9,AWANG_Mohd_Azizulhasni,MAS,10004868370,26.1,27.013,26.892,29.258,1.183,1,
865,Cali,2014,27/02/2014,WCH,Final,1,1,PERVIS_Francois,FRA,10003011125,29.4,36.235,36.731,39.687,1.478,1,
866,Cali,2014,27/02/2014,WCH,Final,1,2,PUERTA_ZAPATA_Fabian_Hernando,COL,10006904360,22.6,28.905,29.759,32.649,1.445,5,
867,Cali,2014,27/02/2014,WCH,Final,1,3,BÜCHLI_Matthijs,NED,10006900421,21.2,31.276,31.503,33.877,1.187,4,
868,Cali,2014,27/02/2014,WCH,Final,1,4,EILERS_Joachim,GER,10006379247,23.9,28.867,29.204,32.204,1.5,6,
869,Cali,2014,27/02/2014,WCH,Final,1,5,KENNY_Jason,GBR,10004599194,25.9,33.292,32.947,35.553,1.303,3,
870,Cali,2014,27/02/2014,WCH,Final,1,6,LEVY_Maximilian,GER,10004601723,26.7,34.207,33.442,36.158,1.358,2,
871,Cali,2014,27/02/2014,WCH,Final,2,1,CRAMPTON_Matthew,GBR_,10003292122,27.8,29.455,29.971,32.637,1.333,2,
872,Cali,2014,27/02/2014,WCH,Final,2,2,PERKINS_Shane_Alan,RUS,10051694112,27.2,26.545,27.095,30.177,1.541,4,
873,Cali,2014,27/02/2014,WCH,Final,2,3,VOLIKAKIS_Christos,GRE,10004633247,26,29.718,29.624,31.894,1.135,1,
874,Cali,2014,27/02/2014,WCH,Final,2,4,GLAETZER_Matthew,AUS,10006894559,21.5,29.313,28.789,31.589,1.4,3,
875,London,2015,6/12/2014,WC,R1,1,1,SHURSHIN_Nikita,RUS,10007271546,21.7,9,23.935,34.849,5.457,4,
876,London,2015,6/12/2014,WC,R1,1,2,CECI_Francesco,ITA,10006073493,25,22.108,22.579,24.713,1.067,2,
877,London,2015,6/12/2014,WC,R1,1,3,XU_Chao,CHN,10007947011,20.1,17.596,19.736,24.33,2.297,3,
878,London,2015,6/12/2014,WC,R1,1,4,BÁBEK_Tomáš,CZE,10004612534,27.5,9,17.684,26.262,4.289,4,
879,London,2015,6/12/2014,WC,R1,1,5,PERVIS_Francois,FRA,10003011125,30.1,36.731,35.14,37.996,1.428,1,
880,London,2015,6/12/2014,WC,R1,2,1,BÖTTICHER_Stefan,GER,10048325582,22.8,31.439,32.189,36.021,1.916,2,
881,London,2015,6/12/2014,WC,R1,2,2,DAWKINS_Edward,NZL,10005782695,25.4,26.39,26.84,29.342,1.251,3,
882,London,2015,6/12/2014,WC,R1,2,3,SAHROM_Muhammad_Shah_Firdaus,MAS,10009150215,19,9,20.746,29.336,4.295,5,
883,London,2015,6/12/2014,WC,R1,2,4,MAZQUIARAN_URIA_Hodei,ESP_,10004613039,26,24.065,24.252,27.19,1.469,4,
884,London,2015,6/12/2014,WC,R1,2,9,BÜCHLI_Matthijs,NED,10006900421,22,31.503,30.886,33.212,1.163,1,
885,London,2015,6/12/2014,WC,R1,3,1,PUERTA_ZAPATA_Fabian_Hernando,COL,10006904360,23.4,29.759,30.05,32.888,1.419,1,
886,London,2015,6/12/2014,WC,R1,3,2,ARCHIBALD_Matt,HPS_,10006382984,,15.786,18.74,23.724,2.492,3,
887,London,2015,6/12/2014,WC,R1,3,3,NOVIK_Uladzislau,BLR,10009049979,19.7,9,17.067,25.999,4.466,4,
888,London,2015,6/12/2014,WC,R1,3,4,BARANOSKI_Matthew,USA_,10007500407,21.4,9,14.794,23.764,4.485,4,
889,London,2015,6/12/2014,WC,R1,3,5,DMITRIEV_Denis,RUS,10003100142,28.7,25.778,24.837,27.877,1.52,2,
890,London,2015,6/12/2014,WC,R1,4,1,AWANG_Mohd_Azizulhasni,MAS,10004868370,26.9,26.892,27.341,29.663,1.161,1,
891,London,2015,6/12/2014,WC,R1,4,2,CANELON_VERA_Hersony_Gadiel,VEN,10004717719,26,25.639,26.044,28.914,1.435,2,
892,London,2015,6/12/2014,WC,R1,4,3,BALZER_Erik,ERD_,10006480186,23.4,23.668,24.114,28.616,2.251,4,
893,London,2015,6/12/2014,WC,R1,4,4,BROWNE_Kwesi,TTO,10009010876,20.8,22.333,22.347,26.959,2.306,5,
894,London,2015,6/12/2014,WC,R1,4,5,BARRETTE_Hugo,CAN,10007212639,23.4,25.528,24.869,27.839,1.485,3,
895,London,2015,6/12/2014,WC,R1,5,1,VOLIKAKIS_Christos,GRE,10004633247,26.7,29.624,29.809,32.055,1.123,1,
896,London,2015,6/12/2014,WC,R1,5,2,OMELCHENKO_Sergii,AZE,10006319633,25,5.688,14.938,21.57,3.316,6,
897,London,2015,6/12/2014,WC,R1,5,3,SCHMID_Jacob,AUS,10007811817,20.9,9,17.32,26.024,4.352,4,
898,London,2015,6/12/2014,WC,R1,5,4,DANESHVARKHOURRAM_Mohammad,IRI,10007828082,21,9,15.458,24.1,4.321,4,
899,London,2015,6/12/2014,WC,R1,5,5,CIPRIANO_Flavio_Vagner,BRA,10007165755,24.9,16.107,16.686,21.298,2.306,3,
900,London,2015,6/12/2014,WC,R1,5,6,WATANABE_Kazunari,JPN,10003349716,29.6,26.947,26.256,28.524,1.134,2,
901,London,2015,6/12/2014,WC,R1,6,1,MAKSEL_Krzysztof,POL,10006902239,23.4,16.785,21.376,27.208,2.916,3,
902,London,2015,6/12/2014,WC,R1,6,2,MULLEN_Eoin,IRL,10007782616,21.3,14.477,16.876,20.728,1.926,4,
903,London,2015,6/12/2014,WC,R1,6,3,LENDEL_Vasilijus,LTU,10009181234,19.7,9,18.332,26.808,4.238,5,
904,London,2015,6/12/2014,WC,R1,6,4,KENNY_Jason,GBR,10004599194,26.7,32.947,32.11,34.642,1.266,1,
905,London,2015,6/12/2014,WC,R1,6,5,BERBENYUK_Vadim,RUS,10005509883,25,9,13.615,22.475,4.43,5,
906,London,2015,6/12/2014,WC,R1,6,6,WAKIMOTO_Yuta,JPN,10005964470,25.7,19.532,18.764,22.418,1.827,2,
907,London,2015,6/12/2014,WC,Rep,1,1,CECI_Francesco,ITA,10006073493,25,22.579,22.899,25.005,1.053,2,
908,London,2015,6/12/2014,WC,Rep,1,2,CIPRIANO_Flavio_Vagner,BRA,10007165755,24.9,16.686,18.092,22.32,2.114,4,
909,London,2015,6/12/2014,WC,Rep,1,3,MAZQUIARAN_URIA_Hodei,ESP_,10004613039,26,24.252,23.879,26.719,1.42,1,
910,London,2015,6/12/2014,WC,Rep,1,4,LENDEL_Vasilijus,LTU,10009181234,19.7,18.332,15.732,22.69,3.479,3,
911,London,2015,6/12/2014,WC,Rep,2,1,DAWKINS_Edward,NZL,10005782695,25.4,26.84,27.14,29.61,1.235,1,
912,London,2015,6/12/2014,WC,Rep,2,2,SCHMID_Jacob,AUS,10007811817,20.9,17.32,19.9,26.892,3.496,3,
913,London,2015,6/12/2014,WC,Rep,2,3,BÁBEK_Tomáš,CZE,10004612534,27.5,17.684,17.755,24.767,3.506,2,
914,London,2015,6/12/2014,WC,Rep,2,4,BERBENYUK_Vadim,RUS,10005509883,25,13.615,12.184,19.826,3.821,4,
915,London,2015,6/12/2014,WC,Rep,3,1,WAKIMOTO_Yuta,JPN,10005964470,25.7,18.764,20.021,23.511,1.745,2,
916,London,2015,6/12/2014,WC,Rep,3,2,ARCHIBALD_Matt,HPS_,10006382984,,18.74,19.769,24.291,2.261,3,
917,London,2015,6/12/2014,WC,Rep,3,3,BALZER_Erik,ERD_,10006480186,23.4,24.114,23.19,27.356,2.083,1,
918,London,2015,6/12/2014,WC,Rep,3,4,DANESHVARKHOURRAM_Mohammad,IRI,10007828082,21,15.458,13.701,20.931,3.615,4,
919,London,2015,6/12/2014,WC,Rep,4,1,KENNY_Jason,GBR,10004599194,26.7,32.11,32.502,34.99,1.244,2,
920,London,2015,6/12/2014,WC,Rep,4,2,NOVIK_Uladzislau,BLR,10009049979,19.7,17.067,23.752,30.58,3.414,4,
921,London,2015,6/12/2014,WC,Rep,4,3,PERVIS_Francois,FRA,10003011125,30.1,35.14,34.576,37.346,1.385,1,
922,London,2015,6/12/2014,WC,Rep,4,4,CANELON_VERA_Hersony_Gadiel,VEN,10004717719,26,26.044,25.835,28.649,1.407,3,
923,London,2015,6/12/2014,WC,Rep,5,1,BARANOSKI_Matthew,USA_,10007500407,21.4,14.794,20.909,28.243,3.667,4,
924,London,2015,6/12/2014,WC,Rep,5,2,OMELCHENKO_Sergii,AZE,10006319633,25,14.938,18.267,23.967,2.85,3,
925,London,2015,6/12/2014,WC,Rep,5,3,SAHROM_Muhammad_Shah_Firdaus,MAS,10009150215,19,20.746,20.363,27.089,3.363,2,
926,London,2015,6/12/2014,WC,Rep,5,4,BARRETTE_Hugo,CAN,10007212639,23.4,24.869,24.244,27.134,1.445,1,
927,London,2015,6/12/2014,WC,Rep,6,1,WATANABE_Kazunari,JPN,10003349716,29.6,26.256,26.596,28.83,1.117,1,
928,London,2015,6/12/2014,WC,Rep,6,2,BROWNE_Kwesi,TTO,10009010876,20.8,22.347,23.221,27.441,2.11,3,
929,London,2015,6/12/2014,WC,Rep,6,3,XU_Chao,CHN,10007947011,20.1,19.736,20.483,24.677,2.097,4,
930,London,2015,6/12/2014,WC,Rep,6,4,DMITRIEV_Denis,RUS,10003100142,28.7,24.837,24.37,27.294,1.462,2,
931,London,2015,6/12/2014,WC,Rep,6,5,MULLEN_Eoin,IRL,10007782616,21.3,16.876,16.504,20.204,1.85,5,
932,London,2015,6/12/2014,WC,R2,1,1,VOLIKAKIS_Christos,GRE,10004633247,26.7,29.809,30.156,32.366,1.105,1,
933,London,2015,6/12/2014,WC,R2,1,2,WATANABE_Kazunari,JPN,10003349716,29.6,26.596,26.912,29.098,1.093,4,
934,London,2015,6/12/2014,WC,R2,1,3,AWANG_Mohd_Azizulhasni,MAS,10004868370,26.9,27.341,27.436,29.702,1.133,2,
935,London,2015,6/12/2014,WC,R2,1,4,DAWKINS_Edward,NZL,10005782695,25.4,27.14,27.052,29.454,1.201,3,
936,London,2015,6/12/2014,WC,R2,1,5,SHURSHIN_Nikita,RUS,10007271546,21.7,23.935,21.006,28.454,3.724,5,
937,London,2015,6/12/2014,WC,R2,1,6,WAKIMOTO_Yuta,JPN,10005964470,25.7,20.021,19.619,22.989,1.685,6,
938,London,2015,6/12/2014,WC,R2,2,1,BÖTTICHER_Stefan,GER,10048325582,22.8,32.189,33.069,36.731,1.831,2,
939,London,2015,6/12/2014,WC,R2,2,2,PUERTA_ZAPATA_Fabian_Hernando,COL,10006904360,23.4,30.05,30.434,33.178,1.372,3,
940,London,2015,6/12/2014,WC,R2,2,3,KENNY_Jason,GBR,10004599194,26.7,32.502,32.363,34.787,1.212,1,
941,London,2015,6/12/2014,WC,R2,2,4,MAKSEL_Krzysztof,POL,10006902239,23.4,21.376,22.534,27.626,2.546,5,
942,London,2015,6/12/2014,WC,R2,2,5,CECI_Francesco,ITA,10006073493,25,22.899,22.918,24.992,1.037,4,
943,London,2015,6/12/2014,WC,R2,2,6,BARANOSKI_Matthew,USA_,10007500407,21.4,20.909,18.7,24.97,3.135,6,
944,London,2015,6/12/2014,WC,Final,1,1,BÖTTICHER_Stefan,GER,10048325582,22.8,33.069,33.891,37.397,1.753,1,
945,London,2015,6/12/2014,WC,Final,1,2,PUERTA_ZAPATA_Fabian_Hernando,COL,10006904360,23.4,30.434,30.852,33.506,1.327,3,
946,London,2015,6/12/2014,WC,Final,1,3,VOLIKAKIS_Christos,GRE,10004633247,26.7,30.156,30.285,32.447,1.081,4,
947,London,2015,6/12/2014,WC,Final,1,4,AWANG_Mohd_Azizulhasni,MAS,10004868370,26.9,27.436,27.577,29.789,1.106,5,
948,London,2015,6/12/2014,WC,Final,1,5,WATANABE_Kazunari,JPN,10003349716,29.6,26.912,26.919,29.059,1.07,6,
949,London,2015,6/12/2014,WC,Final,1,6,KENNY_Jason,GBR,10004599194,26.7,32.363,31.723,34.089,1.183,2,
950,London,2015,6/12/2014,WC,Final,2,1,DAWKINS_Edward,NZL,10005782695,25.4,27.052,27.477,29.835,1.179,1,
951,London,2015,6/12/2014,WC,Final,2,2,MAKSEL_Krzysztof,POL,10006902239,23.4,22.534,23.895,28.461,2.283,3,
952,London,2015,6/12/2014,WC,Final,2,3,SHURSHIN_Nikita,RUS,10007271546,21.7,21.006,22.196,28.166,2.985,4,
953,London,2015,6/12/2014,WC,Final,2,4,CECI_Francesco,ITA,10006073493,25,22.918,22.946,24.984,1.019,2,
954,London,2015,6/12/2014,WC,Final,2,5,BARANOSKI_Matthew,USA_,10007500407,21.4,18.7,18.484,23.836,2.676,6,
955,London,2015,6/12/2014,WC,Final,2,6,WAKIMOTO_Yuta,JPN,10005964470,25.7,19.619,19.04,22.284,1.622,5,
956,Cali,2015,17/01/2015,WC,R1,1,1,OLIVA_Lewis,GBR,10006898300,22.4,24.822,25.288,28.046,1.379,2,
957,Cali,2015,17/01/2015,WC,R1,1,2,CIPRIANO_Flavio_Vagner,BRA,10007165755,25,18.092,19.39,23.32,1.965,4,
958,Cali,2015,17/01/2015,WC,R1,1,3,WATANABE_Kazunari,JPN,10003349716,29.7,26.919,26.663,28.769,1.053,1,
959,Cali,2015,17/01/2015,WC,R1,1,4,BARANOSKI_Matthew,USA_,10007500407,21.5,18.484,17.666,22.604,2.469,3,
960,Cali,2015,17/01/2015,WC,R1,2,1,LEVY_Maximilian,GER,10004601723,27.6,33.442,33.585,36.271,1.343,1,
961,Cali,2015,17/01/2015,WC,R1,2,2,PTÁČNÍK_Adam,CZE_,10004722668,29.1,23.915,24.355,27.239,1.442,3,
962,Cali,2015,17/01/2015,WC,R1,2,3,LENDEL_Vasilijus,LTU,10009181234,19.8,15.732,18.192,24.012,2.91,4,
963,Cali,2015,17/01/2015,WC,R1,2,4,DANESHVARKHOURRAM_Mohammad,IRI,10007828082,21.1,13.701,15.699,21.671,2.986,5,
964,Cali,2015,17/01/2015,WC,R1,2,5,BARRETTE_Hugo,CAN,10007212639,23.5,24.244,23.518,26.328,1.405,2,
965,Cali,2015,17/01/2015,WC,R1,3,1,"NG_Onn_Lam,_Josiah",MAS_,10055651813,,26.06,26.967,29.867,1.45,3,
966,Cali,2015,17/01/2015,WC,R1,3,2,WÄCHTER_Tobias,GER,10036244537,26.5,29.04,29.254,32.016,1.381,2,
967,Cali,2015,17/01/2015,WC,R1,3,3,MAZQUIARAN_URIA_Hodei,ESP_,10004613039,26.1,23.879,24.342,27.078,1.368,4,
968,Cali,2015,17/01/2015,WC,R1,3,4,PERVIS_Francois,FRA,10003011125,30.3,34.576,33.721,36.399,1.339,1,
969,Cali,2015,17/01/2015,WC,R1,3,5,OMELCHENKO_Sergii,AZE,10006319633,25.1,18.267,17.885,23.195,2.655,5,
970,Cali,2015,17/01/2015,WC,R1,4,1,WAKIMOTO_Yuta,JPN,10005964470,25.8,19.04,20.299,23.409,1.555,4,
971,Cali,2015,17/01/2015,WC,R1,4,2,HARWOOD_Emerson,AUS_,10007812019,20.6,4.507,15.14,22.014,3.437,5,
972,Cali,2015,17/01/2015,WC,R1,4,3,VOLIKAKIS_Christos,GRE,10004633247,26.8,30.285,29.922,32.042,1.06,1,
973,Cali,2015,17/01/2015,WC,R1,4,4,DMITRIEV_Denis,RUS,10003100142,28.8,24.37,24.042,26.858,1.408,2,
974,Cali,2015,17/01/2015,WC,R1,4,5,KUCZYNSKI_Kamil,POL,10003095795,29.8,19.967,19.234,23.148,1.957,3,
975,Cali,2015,17/01/2015,WC,R1,5,1,PERKINS_Shane_Alan,RUS,10051694112,28,27.095,27.713,30.701,1.494,2,
976,Cali,2015,17/01/2015,WC,R1,5,2,CECI_Francesco,ITA,10006073493,25.1,22.946,23.288,25.294,1.003,3,
977,Cali,2015,17/01/2015,WC,R1,5,3,BÜCHLI_Matthijs,NED,10006900421,22.1,30.886,30.555,32.831,1.138,1,
978,Cali,2015,17/01/2015,WC,R1,5,4,TKACHEV_Aleksei,RUS,10006065817,25.9,9,15.161,24.179,4.509,5,
979,Cali,2015,17/01/2015,WC,R1,5,5,XU_Chao,CHN,10007947011,20.2,20.483,19.692,23.688,1.998,4,
980,Cali,2015,17/01/2015,WC,R1,6,1,PUERTA_ZAPATA_Fabian_Hernando,COL,10006904360,23.5,30.852,31.175,33.779,1.302,1,
981,Cali,2015,17/01/2015,WC,R1,6,2,CANELON_VERA_Hersony_Gadiel,VEN,10004717719,26.1,25.835,26.221,28.947,1.363,3,
982,Cali,2015,17/01/2015,WC,R1,6,3,VAN_VELTHOOVEN_Simon,NZL_,10005506954,26.1,28.367,28.2,30.682,1.241,2,
983,Cali,2015,17/01/2015,WC,R1,6,4,MULLEN_Eoin,IRL,10007782616,21.4,16.504,17.262,20.77,1.754,5,
984,Cali,2015,17/01/2015,WC,R1,6,5,BROWNE_Kwesi,TTO,10009010876,21,23.221,22.013,25.985,1.986,4,
985,Cali,2015,17/01/2015,WC,Rep,1,1,VAN_VELTHOOVEN_Simon,NZL_,10005506954,26.1,28.2,28.376,30.83,1.227,1,
986,Cali,2015,17/01/2015,WC,Rep,1,2,DANESHVARKHOURRAM_Mohammad,IRI,10007828082,21.1,15.699,17.961,23.235,2.637,4,
987,Cali,2015,17/01/2015,WC,Rep,1,3,CIPRIANO_Flavio_Vagner,BRA,10007165755,25,19.39,19.481,23.191,1.855,3,
988,Cali,2015,17/01/2015,WC,Rep,1,4,XU_Chao,CHN,10007947011,20.2,19.692,18.932,22.738,1.903,2,
989,Cali,2015,17/01/2015,WC,Rep,2,1,BARANOSKI_Matthew,USA_,10007500407,21.5,17.666,20.681,25.197,2.258,4,
990,Cali,2015,17/01/2015,WC,Rep,2,2,BÜCHLI_Matthijs,NED,10006900421,22.1,30.555,30.383,32.615,1.116,1,
991,Cali,2015,17/01/2015,WC,Rep,2,3,PTÁČNÍK_Adam,CZE_,10004722668,29.1,24.355,24.323,27.115,1.396,2,
992,Cali,2015,17/01/2015,WC,Rep,2,4,BROWNE_Kwesi,TTO,10009010876,21,22.013,21.409,25.195,1.893,3,
993,Cali,2015,17/01/2015,WC,Rep,3,1,VOLIKAKIS_Christos,GRE,10004633247,26.8,29.922,30.119,32.217,1.049,1,
994,Cali,2015,17/01/2015,WC,Rep,3,2,BARRETTE_Hugo,CAN,10007212639,23.5,23.518,23.979,26.705,1.363,3,
995,Cali,2015,17/01/2015,WC,Rep,3,3,TKACHEV_Aleksei,RUS,10006065817,25.9,15.161,18.787,25.621,3.417,4,
996,Cali,2015,17/01/2015,WC,Rep,3,4,WÄCHTER_Tobias,GER,10036244537,26.5,29.254,28.527,31.219,1.346,2,
997,Cali,2015,17/01/2015,WC,Rep,4,1,HARWOOD_Emerson,AUS_,10007812019,20.6,15.14,18.407,24.463,3.028,3,
998,Cali,2015,17/01/2015,WC,Rep,4,2,MULLEN_Eoin,IRL,10007782616,21.4,17.262,17.842,21.2,1.679,2,
999,Cali,2015,17/01/2015,WC,Rep,4,3,MAZQUIARAN_URIA_Hodei,ESP_,10004613039,26.1,24.342,23.753,26.427,1.337,1,
1000,Cali,2015,17/01/2015,WC,Rep,5,1,KUCZYNSKI_Kamil,POL,10003095795,29.8,19.234,20.99,24.678,1.844,3,
1001,Cali,2015,17/01/2015,WC,Rep,5,2,LENDEL_Vasilijus,LTU,10009181234,19.8,18.192,20.497,25.543,2.523,4,
1002,Cali,2015,17/01/2015,WC,Rep,5,3,CECI_Francesco,ITA,10006073493,25.1,23.288,23.377,25.353,0.988,2,
1003,Cali,2015,17/01/2015,WC,Rep,5,9,PERVIS_Francois,FRA,10003011125,30.3,33.721,32.65,35.25,1.3,1,
1004,Cali,2015,17/01/2015,WC,Rep,6,1,WATANABE_Kazunari,JPN,10003349716,29.7,26.663,26.943,29.025,1.041,1,
1005,Cali,2015,17/01/2015,WC,Rep,6,2,CANELON_VERA_Hersony_Gadiel,VEN,10004717719,26.1,26.221,26.302,28.952,1.325,2,
1006,Cali,2015,17/01/2015,WC,Rep,6,3,DMITRIEV_Denis,RUS,10003100142,28.8,24.042,23.94,26.676,1.368,3,
1007,Cali,2015,17/01/2015,WC,Rep,6,9,OMELCHENKO_Sergii,AZE,10006319633,25.1,17.885,17.255,22.203,2.474,4,
1008,Cali,2015,17/01/2015,WC,R2,1,1,PERKINS_Shane_Alan,RUS,10051694112,28,27.713,28.439,31.333,1.447,2,
1009,Cali,2015,17/01/2015,WC,R2,1,2,VOLIKAKIS_Christos,GRE,10004633247,26.8,30.119,30.183,32.245,1.031,1,
1010,Cali,2015,17/01/2015,WC,R2,1,3,BARANOSKI_Matthew,USA_,10007500407,21.5,20.681,22.057,26.161,2.052,5,
1011,Cali,2015,17/01/2015,WC,R2,1,4,OLIVA_Lewis,GBR,10006898300,22.4,25.288,25.278,27.938,1.33,4,
1012,Cali,2015,17/01/2015,WC,R2,1,5,WATANABE_Kazunari,JPN,10003349716,29.7,26.943,26.699,28.745,1.023,3,
1013,Cali,2015,17/01/2015,WC,R2,1,6,WAKIMOTO_Yuta,JPN,10005964470,25.8,20.299,19.951,22.967,1.508,6,
1014,Cali,2015,17/01/2015,WC,R2,2,1,PUERTA_ZAPATA_Fabian_Hernando,COL,10006904360,23.5,31.175,31.651,34.197,1.273,2,
1015,Cali,2015,17/01/2015,WC,R2,2,2,VAN_VELTHOOVEN_Simon,NZL_,10005506954,26.1,28.376,28.743,31.135,1.196,3,
1016,Cali,2015,17/01/2015,WC,R2,2,3,LEVY_Maximilian,GER,10004601723,27.6,33.585,33.266,35.866,1.3,1,
1017,Cali,2015,17/01/2015,WC,R2,2,4,KUCZYNSKI_Kamil,POL,10003095795,29.8,20.99,21.784,25.254,1.735,5,
1018,Cali,2015,17/01/2015,WC,R2,2,5,"NG_Onn_Lam,_Josiah",MAS_,10055651813,,26.967,26.572,29.372,1.4,4,
1019,Cali,2015,17/01/2015,WC,R2,2,6,HARWOOD_Emerson,AUS_,10007812019,20.6,18.407,17.527,23.013,2.743,6,
1020,Cali,2015,17/01/2015,WC,Final,1,1,PUERTA_ZAPATA_Fabian_Hernando,COL,10006904360,23.5,31.651,32.117,34.605,1.244,2,
1021,Cali,2015,17/01/2015,WC,Final,1,2,PERKINS_Shane_Alan,RUS,10051694112,28,28.439,28.968,31.75,1.391,5,
1022,Cali,2015,17/01/2015,WC,Final,1,3,BARANOSKI_Matthew,USA_,10007500407,21.5,22.057,23.643,27.415,1.886,6,
1023,Cali,2015,17/01/2015,WC,Final,1,4,VOLIKAKIS_Christos,GRE,10004633247,26.8,30.183,30.128,32.15,1.011,3,
1024,Cali,2015,17/01/2015,WC,Final,1,5,VAN_VELTHOOVEN_Simon,NZL_,10005506954,26.1,28.743,28.605,30.933,1.164,4,
1025,Cali,2015,17/01/2015,WC,Final,1,6,LEVY_Maximilian,GER,10004601723,27.6,33.266,32.465,34.989,1.262,1,
1026,Cali,2015,17/01/2015,WC,Final,2,1,KUCZYNSKI_Kamil,POL,10003095795,29.8,21.784,23.079,26.383,1.652,4,
1027,Cali,2015,17/01/2015,WC,Final,2,2,WATANABE_Kazunari,JPN,10003349716,29.7,26.699,26.799,28.809,1.005,1,
1028,Cali,2015,17/01/2015,WC,Final,2,3,WAKIMOTO_Yuta,JPN,10005964470,25.8,19.951,20.577,23.459,1.441,5,
1029,Cali,2015,17/01/2015,WC,Final,2,4,OLIVA_Lewis,GBR,10006898300,22.4,25.278,25.102,27.672,1.285,3,
1030,Cali,2015,17/01/2015,WC,Final,2,5,HARWOOD_Emerson,AUS_,10007812019,20.6,17.527,18.099,22.887,2.394,6,
1031,Cali,2015,17/01/2015,WC,Final,2,6,"NG_Onn_Lam,_Josiah",MAS_,10055651813,,26.572,25.71,28.42,1.355,2,
1032,Paris,2015,19/02/2015,WCH,R1,1,1,LEVY_Maximilian,GER,10004601723,27.7,32.465,32.722,35.206,1.242,1,
1033,Paris,2015,19/02/2015,WCH,R1,1,2,DAWKINS_Edward,NZL,10005782695,25.6,27.477,27.714,30.022,1.154,2,
1034,Paris,2015,19/02/2015,WCH,R1,1,3,BARANOSKI_Matthew,USA_,10007500407,21.6,23.643,24.106,27.652,1.773,3,
1035,Paris,2015,19/02/2015,WCH,R1,1,4,KUCZYNSKI_Kamil,POL,10003095795,29.9,23.079,23.128,26.284,1.578,4,
1036,Paris,2015,19/02/2015,WCH,R1,1,5,PARRA_CORTEZ_Anderson,COL,10008952878,25.3,9,13.817,22.735,4.459,6,
1037,Paris,2015,19/02/2015,WCH,R1,1,6,D'ALMEIDA_Michael,FRA,10004618796,27.5,19.65,18.261,23.025,2.382,5,
1038,Paris,2015,19/02/2015,WCH,R1,2,1,BÖTTICHER_Stefan,GER,10048325582,23,33.891,34.426,37.816,1.695,1,
1039,Paris,2015,19/02/2015,WCH,R1,2,2,GLAETZER_Matthew,AUS,10006894559,22.5,28.789,29.225,31.933,1.354,3,
1040,Paris,2015,19/02/2015,WCH,R1,2,3,DMITRIEV_Denis,RUS,10003100142,28.9,23.94,24.526,27.168,1.321,5,
1041,Paris,2015,19/02/2015,WCH,R1,2,4,PUERTA_ZAPATA_Fabian_Hernando,COL,10006904360,23.6,32.117,31.761,34.179,1.209,2,
1042,Paris,2015,19/02/2015,WCH,R1,2,5,BARRETTE_Hugo,CAN,10007212639,23.6,23.979,24.008,26.648,1.32,4,
1043,Paris,2015,19/02/2015,WCH,R1,2,6,MAKSEL_Krzysztof,POL,10006902239,23.6,23.895,22.817,27.063,2.123,6,
1044,Paris,2015,19/02/2015,WCH,R1,3,1,AWANG_Mohd_Azizulhasni,MAS,10004868370,27.1,27.577,28.119,30.289,1.085,4,
1045,Paris,2015,19/02/2015,WCH,R1,3,2,BÜCHLI_Matthijs,NED,10006900421,22.2,30.383,30.559,32.741,1.091,2,
1046,Paris,2015,19/02/2015,WCH,R1,3,3,SCHMID_Jacob,AUS,10007811817,21.1,19.9,23.417,29.027,2.805,7,
1047,Paris,2015,19/02/2015,WCH,R1,3,4,CECI_Francesco,ITA,10006073493,25.2,23.377,23.662,25.602,0.97,6,
1048,Paris,2015,19/02/2015,WCH,R1,3,5,EILERS_Joachim,GER,10006379247,24.9,29.204,28.888,31.75,1.431,3,
1049,Paris,2015,19/02/2015,WCH,R1,3,6,KENNY_Jason,GBR,10004599194,26.9,31.723,31.201,33.503,1.151,1,
1050,Paris,2015,19/02/2015,WCH,R1,3,7,WATANABE_Kazunari,JPN,10003349716,29.8,26.799,26.505,28.487,0.991,5,
1051,Paris,2015,19/02/2015,WCH,R1,4,1,WEBSTER_Sam,NZL,10006184742,23.6,9,28.349,38.633,5.142,6,
1052,Paris,2015,19/02/2015,WCH,R1,4,2,PERVIS_Francois,FRA,10003011125,30.3,32.65,32.868,35.404,1.268,1,
1053,Paris,2015,19/02/2015,WCH,R1,4,3,PERKINS_Shane_Alan,RUS,10051694112,28.1,28.968,29.239,31.927,1.344,3,
1054,Paris,2015,19/02/2015,WCH,R1,4,4,VOLIKAKIS_Christos,GRE,10004633247,26.9,30.128,30.073,32.063,0.995,2,
1055,Paris,2015,19/02/2015,WCH,R1,4,5,SHURSHIN_Nikita,RUS,10007271546,21.9,22.196,22.671,27.845,2.587,5,
1056,Paris,2015,19/02/2015,WCH,R1,4,6,"NG_Onn_Lam,_Josiah",MAS_,10055651813,,25.71,25.298,27.944,1.323,4,
1057,Paris,2015,19/02/2015,WCH,Rep,1,1,MAKSEL_Krzysztof,POL,10006902239,23.6,22.817,24.702,28.676,1.987,4,
1058,Paris,2015,19/02/2015,WCH,Rep,1,2,VOLIKAKIS_Christos,GRE,10004633247,26.9,30.073,30.084,32.046,0.981,1,
1059,Paris,2015,19/02/2015,WCH,Rep,1,3,EILERS_Joachim,GER,10006379247,24.9,28.888,28.649,31.417,1.384,2,
1060,Paris,2015,19/02/2015,WCH,Rep,1,4,BARANOSKI_Matthew,USA_,10007500407,21.6,24.106,23.675,27.091,1.708,3,
1061,Paris,2015,19/02/2015,WCH,Rep,2,1,D'ALMEIDA_Michael,FRA,10004618796,27.5,18.261,20.567,24.957,2.195,4,
1062,Paris,2015,19/02/2015,WCH,Rep,2,2,DMITRIEV_Denis,RUS,10003100142,28.9,24.526,24.644,27.21,1.283,1,
1063,Paris,2015,19/02/2015,WCH,Rep,2,3,BARRETTE_Hugo,CAN,10007212639,23.6,24.008,23.898,26.462,1.282,2,
1064,Paris,2015,19/02/2015,WCH,Rep,2,4,CECI_Francesco,ITA,10006073493,25.2,23.662,23.438,25.358,0.96,3,
1065,Paris,2015,19/02/2015,WCH,Rep,3,1,PUERTA_ZAPATA_Fabian_Hernando,COL,10006904360,23.6,31.761,31.965,34.355,1.195,1,
1066,Paris,2015,19/02/2015,WCH,Rep,3,2,SCHMID_Jacob,AUS,10007811817,21.1,23.417,24.505,29.563,2.529,3,
1067,Paris,2015,19/02/2015,WCH,Rep,3,3,PARRA_CORTEZ_Anderson,COL,10008952878,25.3,13.817,17.629,24.597,3.484,4,
1068,Paris,2015,19/02/2015,WCH,Rep,3,4,"NG_Onn_Lam,_Josiah",MAS_,10055651813,,25.298,24.854,27.45,1.298,2,
1069,Paris,2015,19/02/2015,WCH,Rep,4,1,SHURSHIN_Nikita,RUS,10007271546,21.9,22.671,25.577,30.265,2.344,5,
1070,Paris,2015,19/02/2015,WCH,Rep,4,2,KENNY_Jason,GBR,10004599194,26.9,31.201,31.245,33.497,1.126,1,
1071,Paris,2015,19/02/2015,WCH,Rep,4,3,PERKINS_Shane_Alan,RUS,10051694112,28.1,29.239,29.177,31.781,1.302,2,
1072,Paris,2015,19/02/2015,WCH,Rep,4,4,WATANABE_Kazunari,JPN,10003349716,29.8,26.505,26.448,28.402,0.977,3,
1073,Paris,2015,19/02/2015,WCH,Rep,4,5,KUCZYNSKI_Kamil,POL,10003095795,29.9,23.128,22.748,25.808,1.53,4,
1074,Paris,2015,19/02/2015,WCH,R2,1,1,SHURSHIN_Nikita,RUS,10007271546,21.9,25.577,28.264,32.564,2.15,5,
1075,Paris,2015,19/02/2015,WCH,R2,1,2,LEVY_Maximilian,GER,10004601723,27.7,32.722,32.933,35.351,1.209,1,
1076,Paris,2015,19/02/2015,WCH,R2,1,3,WEBSTER_Sam,NZL,10006184742,23.6,28.349,29.053,36.141,3.544,4,
1077,Paris,2015,19/02/2015,WCH,R2,1,4,BÜCHLI_Matthijs,NED,10006900421,22.2,30.559,30.539,32.677,1.069,2,
1078,Paris,2015,19/02/2015,WCH,R2,1,5,GLAETZER_Matthew,AUS,10006894559,22.5,29.225,29.006,31.63,1.312,3,
1079,Paris,2015,19/02/2015,WCH,R2,1,6,MAKSEL_Krzysztof,POL,10006902239,23.6,24.702,24.111,27.889,1.889,6,
1080,Paris,2015,19/02/2015,WCH,R2,2,1,DAWKINS_Edward,NZL,10005782695,25.6,27.714,28.374,30.634,1.13,5,
1081,Paris,2015,19/02/2015,WCH,R2,2,2,PERVIS_Francois,FRA,10003011125,30.3,32.868,32.986,35.446,1.23,2,
1082,Paris,2015,19/02/2015,WCH,R2,2,3,AWANG_Mohd_Azizulhasni,MAS,10004868370,27.1,28.119,28.363,30.487,1.062,4,
1083,Paris,2015,19/02/2015,WCH,R2,2,4,BÖTTICHER_Stefan,GER,10048325582,23,34.426,33.681,36.883,1.601,1,
1084,Paris,2015,19/02/2015,WCH,R2,2,5,D'ALMEIDA_Michael,FRA,10004618796,27.5,20.567,21.628,25.65,2.011,6,
1085,Paris,2015,19/02/2015,WCH,R2,2,6,PUERTA_ZAPATA_Fabian_Hernando,COL,10006904360,23.6,31.965,31.342,33.68,1.169,3,
1086,Paris,2015,19/02/2015,WCH,Final,1,1,PERVIS_Francois,FRA,10003011125,30.3,32.986,33.396,35.806,1.205,1,
1087,Paris,2015,19/02/2015,WCH,Final,1,2,DAWKINS_Edward,NZL,10005782695,25.6,28.374,28.799,31.007,1.104,4,
1088,Paris,2015,19/02/2015,WCH,Final,1,3,AWANG_Mohd_Azizulhasni,MAS,10004868370,27.1,28.363,28.601,30.681,1.04,5,
1089,Paris,2015,19/02/2015,WCH,Final,1,4,LEVY_Maximilian,GER,10004601723,27.7,32.933,32.709,35.059,1.175,2,
1090,Paris,2015,19/02/2015,WCH,Final,1,5,SHURSHIN_Nikita,RUS,10007271546,21.9,28.264,27.89,31.838,1.974,6,
1091,Paris,2015,19/02/2015,WCH,Final,1,6,WEBSTER_Sam,NZL,10006184742,23.6,29.053,25.886,31.826,2.97,3,
1092,Paris,2015,19/02/2015,WCH,Final,2,1,PUERTA_ZAPATA_Fabian_Hernando,COL,10006904360,23.6,31.342,31.828,34.122,1.147,2,
1093,Paris,2015,19/02/2015,WCH,Final,2,2,BÖTTICHER_Stefan,GER,10048325582,23,33.681,33.764,36.824,1.53,1,
1094,Paris,2015,19/02/2015,WCH,Final,2,3,BÜCHLI_Matthijs,NED,10006900421,22.2,30.539,30.606,32.704,1.049,3,
1095,Paris,2015,19/02/2015,WCH,Final,2,4,GLAETZER_Matthew,AUS,10006894559,22.5,29.006,28.933,31.479,1.273,4,
1096,Paris,2015,19/02/2015,WCH,Final,2,5,D'ALMEIDA_Michael,FRA,10004618796,27.5,21.628,21.992,25.752,1.88,6,
1097,Paris,2015,19/02/2015,WCH,Final,2,6,MAKSEL_Krzysztof,POL,10006902239,23.6,24.111,23.355,26.957,1.801,5,
1098,Grenchen,2016,18/10/2015,CCh,R1,1,1,EILERS_Joachim,GER,10006379247,25.5,28.649,28.923,31.643,1.36,1,
1099,Grenchen,2016,18/10/2015,CCh,R1,1,2,OMELCHENKO_Sergii,AZE,10006319633,25.9,17.255,19.231,23.731,2.25,4,
1100,Grenchen,2016,18/10/2015,CCh,R1,1,3,VOLIKAKIS_Zafeiris,GRE,10005505439,26.3,15.633,17.9,24.01,3.055,5,
1101,Grenchen,2016,18/10/2015,CCh,R1,1,4,LENDEL_Vasilijus,LTU,10009181234,20.5,20.497,20.081,24.649,2.284,2,
1102,Grenchen,2016,18/10/2015,CCh,R1,1,5,ZAITSAU_Artsiom,BLR,10009017243,20.4,19.951,17.131,23.455,3.162,3,
1103,Grenchen,2016,18/10/2015,CCh,R1,2,1,SHURSHIN_Nikita,RUS,10007271546,22.5,27.89,28.695,32.501,1.903,1,
1104,Grenchen,2016,18/10/2015,CCh,R1,2,2,SZALONTAY_Sándor,HUN,10007073506,25.3,9,20.155,29.417,4.631,4,
1105,Grenchen,2016,18/10/2015,CCh,R1,2,3,MORENO_SANCHEZ_Jose,ESP,10007502427,21.9,21.535,21.937,25.977,2.02,3,
1106,Grenchen,2016,18/10/2015,CCh,R1,2,4,CECI_Francesco,ITA,10006073493,25.8,23.438,23.318,25.22,0.951,2,
1107,Grenchen,2016,18/10/2015,CCh,R1,2,5,BUCHYNYSKYY_Volodymyr,UKR,10006320037,25.5,9,5.728,17.322,5.797,4,
1108,Grenchen,2016,18/10/2015,CCh,R1,3,1,VOLIKAKIS_Christos,GRE,10004633247,27.6,30.084,30.182,32.136,0.977,1,
1109,Grenchen,2016,18/10/2015,CCh,R1,3,2,HAAK_Hugo,NED_,10006900320,24,20.429,21.252,25.332,2.04,2,
1110,Grenchen,2016,18/10/2015,CCh,R1,3,3,BÁBEK_Tomáš,CZE,10004612534,28.4,17.755,18.036,24.094,3.029,3,
1111,Grenchen,2016,18/10/2015,CCh,R1,3,4,JONAUSKAS_Svajūnas,LTU,10009181032,20.8,9,8.9,19.158,5.129,4,
1112,Grenchen,2016,18/10/2015,CCh,R1,3,5,CECI_Luca,ITA,10006108051,26.8,2.366,1.569,10.711,4.571,5,
1113,Grenchen,2016,18/10/2015,CCh,R1,4,1,KELEMEN_Pavel,CZE,10006422895,24.4,24.208,25.629,29.625,1.998,2,
1114,Grenchen,2016,18/10/2015,CCh,R1,4,2,KENNY_Jason,GBR,10004599194,27.6,31.245,31.078,33.294,1.108,1,
1115,Grenchen,2016,18/10/2015,CCh,R1,4,3,VYNOKUROV_Andrii,UKR,10002418415,33.2,21.429,21.575,24.521,1.473,3,
1116,Grenchen,2016,18/10/2015,CCh,R1,4,4,MULLEN_Eoin,IRL,10007782616,22.2,17.842,17.719,20.973,1.627,4,
1117,Grenchen,2016,18/10/2015,CCh,R1,4,5,MIKKONEN_Jani,FIN,10008987436,28.9,2.19,1.959,11.153,4.597,5,
1118,Grenchen,2016,18/10/2015,CCh,R1,5,1,LIPA_Mateusz,POL,10007891437,20.9,9,28.198,38.828,5.315,4,
1119,Grenchen,2016,18/10/2015,CCh,R1,5,2,DÖRNBACH_Maximilian,GER,10007779683,19.8,9,25.534,34.798,4.632,4,
1120,Grenchen,2016,18/10/2015,CCh,R1,5,3,BÜCHLI_Matthijs,NED,10006900421,22.8,30.606,30.706,32.774,1.034,2,
1121,Grenchen,2016,18/10/2015,CCh,R1,5,4,MINCHEV_Miroslav,BUL_,10005574854,26.8,9,21.057,29.781,4.362,4,
1122,Grenchen,2016,18/10/2015,CCh,R1,5,5,PERVIS_Francois,FRA,10003011125,31,33.396,32.867,35.227,1.18,1,
1123,Grenchen,2016,18/10/2015,CCh,R1,5,6,ALIAGA_CHIVITE_Sergio,ESP,10006553039,24,19.867,19.734,22.868,1.567,3,
1124,Grenchen,2016,18/10/2015,CCh,R1,6,1,MAKSEL_Krzysztof,POL,10006902239,24.3,23.355,24.67,28.092,1.711,4,
1125,Grenchen,2016,18/10/2015,CCh,R1,6,2,DMITRIEV_Denis,RUS,10003100142,29.6,24.644,25.05,27.54,1.245,2,
1126,Grenchen,2016,18/10/2015,CCh,R1,6,3,D'ALMEIDA_Michael,FRA,10004618796,28.1,21.992,22.73,26.244,1.757,5,
1127,Grenchen,2016,18/10/2015,CCh,R1,6,4,CRAMPTON_Matthew,GBR_,10003292122,29.4,29.971,29.492,32.072,1.29,1,
1128,Grenchen,2016,18/10/2015,CCh,R1,6,5,ASKURAVA_David,GEO,10006442501,25.2,9,15.112,23.808,4.348,6,
1129,Grenchen,2016,18/10/2015,CCh,R1,6,6,NOVIK_Uladzislau,BLR,10009049979,20.6,23.752,20.576,26.45,2.937,3,
1130,Grenchen,2016,18/10/2015,CCh,Rep,1,1,D'ALMEIDA_Michael,FRA,10004618796,28.1,22.73,23.41,26.814,1.702,1,
1131,Grenchen,2016,18/10/2015,CCh,Rep,1,2,OMELCHENKO_Sergii,AZE,10006319633,25.9,19.231,19.889,24.101,2.106,3,
1132,Grenchen,2016,18/10/2015,CCh,Rep,1,3,MINCHEV_Miroslav,BUL_,10005574854,26.8,21.057,18.308,25.412,3.552,2,
1133,Grenchen,2016,18/10/2015,CCh,Rep,1,4,MIKKONEN_Jani,FIN,10008987436,28.9,1.959,1.932,10.568,4.318,4,
1134,Grenchen,2016,18/10/2015,CCh,Rep,2,1,BÁBEK_Tomáš,CZE,10004612534,28.4,18.036,21.495,26.919,2.712,3,
1135,Grenchen,2016,18/10/2015,CCh,Rep,2,2,BÜCHLI_Matthijs,NED,10006900421,22.8,30.706,30.496,32.54,1.022,1,
1136,Grenchen,2016,18/10/2015,CCh,Rep,2,9,SZALONTAY_Sándor,HUN,10007073506,25.3,20.155,18.58,25.686,3.553,2,
1137,Grenchen,2016,18/10/2015,CCh,Rep,2,9,MULLEN_Eoin,IRL,10007782616,22.2,17.719,18.048,21.196,1.574,1,
1138,Grenchen,2016,18/10/2015,CCh,Rep,3,1,PERVIS_Francois,FRA,10003011125,31,32.867,32.915,35.269,1.177,1,
1139,Grenchen,2016,18/10/2015,CCh,Rep,3,2,HAAK_Hugo,NED_,10006900320,24,21.252,21.526,25.474,1.974,2,
1140,Grenchen,2016,18/10/2015,CCh,Rep,3,3,CECI_Luca,ITA,10006108051,26.8,1.569,7.316,14.856,3.77,4,
1141,Grenchen,2016,18/10/2015,CCh,Rep,3,4,ASKURAVA_David,GEO,10006442501,25.2,15.112,11.406,18.842,3.718,3,
1142,Grenchen,2016,18/10/2015,CCh,Rep,4,1,DMITRIEV_Denis,RUS,10003100142,29.6,25.05,25.387,27.835,1.224,1,
1143,Grenchen,2016,18/10/2015,CCh,Rep,4,2,VYNOKUROV_Andrii,UKR,10002418415,33.2,21.575,21.917,24.763,1.423,3,
1144,Grenchen,2016,18/10/2015,CCh,Rep,4,3,CECI_Francesco,ITA,10006073493,25.8,23.318,23.244,25.124,0.94,2,
1145,Grenchen,2016,18/10/2015,CCh,Rep,4,4,VOLIKAKIS_Zafeiris,GRE,10005505439,26.3,17.9,16.689,22.183,2.747,4,
1146,Grenchen,2016,18/10/2015,CCh,Rep,5,1,ALIAGA_CHIVITE_Sergio,ESP,10006553039,24,19.734,20.856,23.878,1.511,3,
1147,Grenchen,2016,18/10/2015,CCh,Rep,5,2,BUCHYNYSKYY_Volodymyr,UKR,10006320037,25.5,5.728,16.839,24.445,3.803,5,
1148,Grenchen,2016,18/10/2015,CCh,Rep,5,3,CRAMPTON_Matthew,GBR_,10003292122,29.4,29.492,29.02,31.53,1.255,1,
1149,Grenchen,2016,18/10/2015,CCh,Rep,5,4,ZAITSAU_Artsiom,BLR,10009017243,20.4,17.131,17.681,23.105,2.712,4,
1150,Grenchen,2016,18/10/2015,CCh,Rep,5,5,LENDEL_Vasilijus,LTU,10009181234,20.5,20.081,19.01,23.278,2.134,2,
1151,Grenchen,2016,18/10/2015,CCh,Rep,6,1,KENNY_Jason,GBR,10004599194,27.6,31.078,31.257,33.451,1.097,1,
1152,Grenchen,2016,18/10/2015,CCh,Rep,6,2,MORENO_SANCHEZ_Jose,ESP,10007502427,21.9,21.937,22.99,26.788,1.899,3,
1153,Grenchen,2016,18/10/2015,CCh,Rep,6,3,JONAUSKAS_Svajūnas,LTU,10009181032,20.8,8.9,16.507,23.853,3.673,5,
1154,Grenchen,2016,18/10/2015,CCh,Rep,6,4,DÖRNBACH_Maximilian,GER,10007779683,19.8,25.534,22.039,29.049,3.505,2,
1155,Grenchen,2016,18/10/2015,CCh,Rep,6,9,NOVIK_Uladzislau,BLR,10009049979,20.6,20.576,19.094,24.412,2.659,4,
1156,Grenchen,2016,18/10/2015,CCh,R2,1,1,PERVIS_Francois,FRA,10003011125,31,32.915,33.203,35.519,1.158,1,
1157,Grenchen,2016,18/10/2015,CCh,R2,1,2,D'ALMEIDA_Michael,FRA,10004618796,28.1,23.41,24.647,27.869,1.611,5,
1158,Grenchen,2016,18/10/2015,CCh,R2,1,3,BÁBEK_Tomáš,CZE,10004612534,28.4,21.495,23.651,28.375,2.362,6,
1159,Grenchen,2016,18/10/2015,CCh,R2,1,4,SHURSHIN_Nikita,RUS,10007271546,22.5,28.695,28.496,32.038,1.771,4,
1160,Grenchen,2016,18/10/2015,CCh,R2,1,5,VOLIKAKIS_Christos,GRE,10004633247,27.6,30.182,29.977,31.899,0.961,2,
1161,Grenchen,2016,18/10/2015,CCh,R2,1,6,EILERS_Joachim,GER,10006379247,25.5,28.923,28.322,30.962,1.32,3,
1162,Grenchen,2016,18/10/2015,CCh,R2,2,1,MAKSEL_Krzysztof,POL,10006902239,24.3,24.67,25.947,29.209,1.631,5,
1163,Grenchen,2016,18/10/2015,CCh,R2,2,2,DMITRIEV_Denis,RUS,10003100142,29.6,25.387,25.854,28.234,1.19,4,
1164,Grenchen,2016,18/10/2015,CCh,R2,2,3,KELEMEN_Pavel,CZE,10006422895,24.4,25.629,26.125,29.823,1.849,3,
1165,Grenchen,2016,18/10/2015,CCh,R2,2,4,KENNY_Jason,GBR,10004599194,27.6,31.257,30.988,33.136,1.074,1,
1166,Grenchen,2016,18/10/2015,CCh,R2,2,5,LIPA_Mateusz,POL,10007891437,20.9,28.198,23.501,30.801,3.65,2,
1167,Grenchen,2016,18/10/2015,CCh,R2,2,6,ALIAGA_CHIVITE_Sergio,ESP,10006553039,24,20.856,20.586,23.532,1.473,6,
1168,Grenchen,2016,18/10/2015,CCh,Final,1,1,KELEMEN_Pavel,CZE,10006422895,24.4,26.125,27.558,31.066,1.754,2,
1169,Grenchen,2016,18/10/2015,CCh,Final,1,2,PERVIS_Francois,FRA,10003011125,31,33.203,33.166,35.43,1.132,1,
1170,Grenchen,2016,18/10/2015,CCh,Final,1,3,DMITRIEV_Denis,RUS,10003100142,29.6,25.854,26.122,28.442,1.16,4,
1171,Grenchen,2016,18/10/2015,CCh,Final,1,4,MAKSEL_Krzysztof,POL,10006902239,24.3,25.947,25.993,29.093,1.55,3,
1172,Grenchen,2016,18/10/2015,CCh,Final,1,5,D'ALMEIDA_Michael,FRA,10004618796,28.1,24.647,24.488,27.562,1.537,5,
1173,Grenchen,2016,18/10/2015,CCh,Final,1,6,BÁBEK_Tomáš,CZE,10004612534,28.4,23.651,22.441,26.803,2.181,6,
1174,Grenchen,2016,18/10/2015,CCh,Final,2,1,VOLIKAKIS_Christos,GRE,10004633247,27.6,29.977,30.288,32.188,0.95,2,
1175,Grenchen,2016,18/10/2015,CCh,Final,2,2,KENNY_Jason,GBR,10004599194,27.6,30.988,31.097,33.205,1.054,1,
1176,Grenchen,2016,18/10/2015,CCh,Final,2,3,SHURSHIN_Nikita,RUS,10007271546,22.5,28.496,28.586,31.924,1.669,3,
1177,Grenchen,2016,18/10/2015,CCh,Final,2,4,ALIAGA_CHIVITE_Sergio,ESP,10006553039,24,20.586,21.226,24.054,1.414,6,
1178,Grenchen,2016,18/10/2015,CCh,Final,2,5,LIPA_Mateusz,POL,10007891437,20.9,23.501,22.798,28.674,2.938,5,
1179,Grenchen,2016,18/10/2015,CCh,Final,2,6,EILERS_Joachim,GER,10006379247,25.5,28.322,27.669,30.239,1.285,4,
1180,Cali,2016,31/10/2015,WC,R1,1,1,PERVIS_Francois,FRA,10003011125,31,33.166,33.355,35.593,1.119,1,
1181,Cali,2016,31/10/2015,WC,R1,1,2,OMELCHENKO_Sergii,AZE,10006319633,25.9,19.889,21.903,25.805,1.951,5,
1182,Cali,2016,31/10/2015,WC,R1,1,3,LEVY_Maximilian,GER,10004601723,28.3,32.709,32.387,34.683,1.148,2,
1183,Cali,2016,31/10/2015,WC,R1,1,4,VYNOKUROV_Andrii,UKR,10002418415,33.2,21.917,22.169,24.919,1.375,4,
1184,Cali,2016,31/10/2015,WC,R1,1,5,CANELON_VERA_Hersony_Gadiel,VEN,10004717719,26.9,26.302,25.809,28.395,1.293,3,
1185,Cali,2016,31/10/2015,WC,R1,2,1,PUERTA_ZAPATA_Fabian_Hernando,COL,10006904360,24.3,31.828,31.99,34.26,1.135,1,
1186,Cali,2016,31/10/2015,WC,R1,2,2,CIPRIANO_Flavio_Vagner,BRA,10007165755,25.8,19.481,20.845,24.355,1.755,4,
1187,Cali,2016,31/10/2015,WC,R1,2,3,GLAETZER_Matthew,AUS,10006894559,23.2,28.933,28.655,31.137,1.241,2,
1188,Cali,2016,31/10/2015,WC,R1,2,4,SAHROM_Muhammad_Shah_Firdaus,MAS,10009150215,19.9,20.363,19.821,25.647,2.913,3,
1189,Cali,2016,31/10/2015,WC,R1,2,5,IM_Chaebin,KOR,10007787464,24,9,5.954,17.746,5.896,5,
1190,Cali,2016,31/10/2015,WC,R1,3,1,AWANG_Mohd_Azizulhasni,MAS,10004868370,27.8,28.601,28.868,30.922,1.027,2,
1191,Cali,2016,31/10/2015,WC,R1,3,2,BROWNE_Kwesi,TTO,10009010876,21.7,21.409,22.591,26.145,1.777,3,
1192,Cali,2016,31/10/2015,WC,R1,3,3,KENNY_Jason,GBR,10004599194,27.6,31.097,30.832,32.902,1.035,1,
1193,Cali,2016,31/10/2015,WC,R1,3,4,LENDEL_Vasilijus,LTU,10009181234,20.6,19.01,19.534,23.486,1.976,5,
1194,Cali,2016,31/10/2015,WC,R1,3,5,TJON_EN_FA_Jaïr,SUR,10117936018,22,9.921,12.939,19.603,3.332,6,
1195,Cali,2016,31/10/2015,WC,R1,3,6,WAKIMOTO_Yuta,JPN,10005964470,26.6,20.577,19.989,22.795,1.403,4,
1196,Cali,2016,31/10/2015,WC,R1,4,1,EILERS_Joachim,GER,10006379247,25.6,27.669,28.208,30.72,1.256,3,
1197,Cali,2016,31/10/2015,WC,R1,4,2,VAN_VELTHOOVEN_Simon,HPS_,10005506954,26.9,28.605,28.754,31.03,1.138,1,
1198,Cali,2016,31/10/2015,WC,R1,4,3,SHURSHIN_Nikita,RUS,10007271546,22.6,28.586,28.377,31.555,1.589,2,
1199,Cali,2016,31/10/2015,WC,R1,4,4,BÁBEK_Tomáš,CZE,10004612534,28.4,22.441,22.468,26.504,2.018,4,
1200,Cali,2016,31/10/2015,WC,R1,4,5,BOTTASSO_Leandro,ARG_,10010894696,,18.419,18.426,21.47,1.522,5,
1201,Cali,2016,31/10/2015,WC,R1,4,6,VELOCE_Joseph,CAN_,10006105930,26.5,10.721,9.531,17.063,3.766,6,
1202,Cali,2016,31/10/2015,WC,R1,5,1,DAWKINS_Edward,NZL,10005782695,26.3,28.799,29.133,31.305,1.086,1,
1203,Cali,2016,31/10/2015,WC,R1,5,2,CECI_Francesco,ITA,10006073493,25.9,23.244,23.592,25.446,0.927,5,
1204,Cali,2016,31/10/2015,WC,R1,5,3,WÄCHTER_Tobias,GER,10036244537,27.2,28.527,28.457,31.055,1.299,2,
1205,Cali,2016,31/10/2015,WC,R1,5,4,SZALONTAY_Sándor,HUN,10007073506,25.3,18.58,20.556,26.268,2.856,6,
1206,Cali,2016,31/10/2015,WC,R1,5,5,WATANABE_Kazunari,JPN,10003349716,30.5,26.448,26.286,28.21,0.962,3,
1207,Cali,2016,31/10/2015,WC,R1,5,6,DMITRIEV_Denis,RUS,10003100142,29.6,26.122,25.68,27.954,1.137,4,
1208,Cali,2016,31/10/2015,WC,R1,6,1,BARANOSKI_Matthew,USA_,10007500407,22.3,23.675,24.902,28.166,1.632,3,
1209,Cali,2016,31/10/2015,WC,R1,6,2,MAKSEL_Krzysztof,POL,10006902239,24.3,25.993,26.418,29.386,1.484,2,
1210,Cali,2016,31/10/2015,WC,R1,6,3,VOLIKAKIS_Christos,GRE,10004633247,27.6,30.288,30.153,32.027,0.937,1,
1211,Cali,2016,31/10/2015,WC,R1,6,4,VORZHEV_Pavel,KAZ,10007828183,22.1,9,16.955,25.543,4.294,6,
1212,Cali,2016,31/10/2015,WC,R1,6,5,XU_Chao,CHN,10007947011,21,18.932,19.097,22.683,1.793,5,
1213,Cali,2016,31/10/2015,WC,R1,6,6,HAAK_Hugo,NED_,10006900320,24,21.526,20.542,24.282,1.87,4,
1214,Cali,2016,31/10/2015,WC,Rep,1,1,WAKIMOTO_Yuta,JPN,10005964470,26.6,19.989,21.061,23.777,1.358,4,
1215,Cali,2016,31/10/2015,WC,Rep,1,2,VOLIKAKIS_Christos,GRE,10004633247,27.6,30.153,30.072,31.922,0.925,1,
1216,Cali,2016,31/10/2015,WC,Rep,1,3,OMELCHENKO_Sergii,AZE,10006319633,25.9,21.903,22.377,26.013,1.818,3,
1217,Cali,2016,31/10/2015,WC,Rep,1,4,SAHROM_Muhammad_Shah_Firdaus,MAS,10009150215,19.9,19.821,20.147,25.189,2.521,5,
1218,Cali,2016,31/10/2015,WC,Rep,1,5,WATANABE_Kazunari,JPN,10003349716,30.5,26.286,25.954,27.856,0.951,2,
1219,Cali,2016,31/10/2015,WC,Rep,2,1,WÄCHTER_Tobias,GER,10036244537,27.2,28.457,28.675,31.235,1.28,1,
1220,Cali,2016,31/10/2015,WC,Rep,2,2,XU_Chao,CHN,10007947011,21,19.097,19.992,23.398,1.703,4,
1221,Cali,2016,31/10/2015,WC,Rep,2,3,CIPRIANO_Flavio_Vagner,BRA,10007165755,25.8,20.845,20.975,24.307,1.666,3,
1222,Cali,2016,31/10/2015,WC,Rep,2,4,VYNOKUROV_Andrii,UKR,10002418415,33.2,22.169,21.833,24.505,1.336,2,
1223,Cali,2016,31/10/2015,WC,Rep,2,5,VELOCE_Joseph,CAN_,10006105930,26.5,9.531,8.968,15.72,3.376,5,
1224,Cali,2016,31/10/2015,WC,Rep,3,1,IM_Chaebin,KOR,10007787464,24,5.954,19.941,28.357,4.208,4,
1225,Cali,2016,31/10/2015,WC,Rep,3,2,SHURSHIN_Nikita,RUS,10007271546,22.6,28.377,28.285,31.357,1.536,1,
1226,Cali,2016,31/10/2015,WC,Rep,3,3,SZALONTAY_Sándor,HUN,10007073506,25.3,20.556,21.083,26.171,2.544,3,
1227,Cali,2016,31/10/2015,WC,Rep,3,4,BROWNE_Kwesi,TTO,10009010876,21.7,22.591,22.036,25.464,1.714,2,
1228,Cali,2016,31/10/2015,WC,Rep,4,1,VAN_VELTHOOVEN_Simon,HPS_,10005506954,26.9,28.754,29.079,31.321,1.121,2,
1229,Cali,2016,31/10/2015,WC,Rep,4,2,CANELON_VERA_Hersony_Gadiel,VEN,10004717719,26.9,25.809,26.117,28.637,1.26,3,
1230,Cali,2016,31/10/2015,WC,Rep,4,3,KENNY_Jason,GBR,10004599194,27.6,30.832,30.581,32.621,1.02,1,
1231,Cali,2016,31/10/2015,WC,Rep,4,4,VORZHEV_Pavel,KAZ,10007828183,22.1,16.955,16.136,23.566,3.715,4,
1232,Cali,2016,31/10/2015,WC,Rep,5,1,GLAETZER_Matthew,AUS,10006894559,23.2,28.655,28.891,31.337,1.223,1,
1233,Cali,2016,31/10/2015,WC,Rep,5,2,HAAK_Hugo,NED_,10006900320,24,20.542,21.418,24.948,1.765,3,
1234,Cali,2016,31/10/2015,WC,Rep,5,3,CECI_Francesco,ITA,10006073493,25.9,23.592,23.593,25.425,0.916,2,
1235,Cali,2016,31/10/2015,WC,Rep,5,4,LENDEL_Vasilijus,LTU,10009181234,20.6,19.534,19.442,23.144,1.851,4,
1236,Cali,2016,31/10/2015,WC,Rep,5,5,BOTTASSO_Leandro,ARG_,10010894696,,18.426,18.03,20.988,1.479,5,
1237,Cali,2016,31/10/2015,WC,Rep,6,1,LEVY_Maximilian,GER,10004601723,28.3,32.387,32.568,34.84,1.136,1,
1238,Cali,2016,31/10/2015,WC,Rep,6,2,MAKSEL_Krzysztof,POL,10006902239,24.3,26.418,26.731,29.603,1.436,2,
1239,Cali,2016,31/10/2015,WC,Rep,6,3,BÁBEK_Tomáš,CZE,10004612534,28.4,22.468,22.877,26.653,1.888,4,
1240,Cali,2016,31/10/2015,WC,Rep,6,4,TJON_EN_FA_Jaïr,SUR,10117936018,22,12.939,15.52,21.154,2.817,5,
1241,Cali,2016,31/10/2015,WC,Rep,6,5,DMITRIEV_Denis,RUS,10003100142,29.6,25.68,25.207,27.443,1.118,3,
1242,Cali,2016,31/10/2015,WC,R2,1,1,DAWKINS_Edward,NZL,10005782695,26.3,29.133,29.635,31.769,1.067,3,
1243,Cali,2016,31/10/2015,WC,R2,1,2,EILERS_Joachim,GER,10006379247,25.6,28.208,28.693,31.131,1.219,5,
1244,Cali,2016,31/10/2015,WC,R2,1,3,PERVIS_Francois,FRA,10003011125,31,33.355,33.265,35.451,1.093,1,
1245,Cali,2016,31/10/2015,WC,R2,1,4,IM_Chaebin,KOR,10007787464,24,19.941,23.44,29.76,3.16,6,
1246,Cali,2016,31/10/2015,WC,R2,1,5,LEVY_Maximilian,GER,10004601723,28.3,32.568,32.209,34.429,1.11,2,
1247,Cali,2016,31/10/2015,WC,R2,1,6,WÄCHTER_Tobias,GER,10036244537,27.2,28.675,28.243,30.741,1.249,4,
1248,Cali,2016,31/10/2015,WC,R2,2,1,GLAETZER_Matthew,AUS,10006894559,23.2,28.891,29.371,31.763,1.196,3,
1249,Cali,2016,31/10/2015,WC,R2,2,2,BARANOSKI_Matthew,USA_,10007500407,22.3,24.902,25.736,28.834,1.549,5,
1250,Cali,2016,31/10/2015,WC,R2,2,3,WAKIMOTO_Yuta,JPN,10005964470,26.6,21.061,21.838,24.454,1.308,6,
1251,Cali,2016,31/10/2015,WC,R2,2,4,PUERTA_ZAPATA_Fabian_Hernando,COL,10006904360,24.3,31.99,31.682,33.896,1.107,1,
1252,Cali,2016,31/10/2015,WC,R2,2,5,AWANG_Mohd_Azizulhasni,MAS,10004868370,27.8,28.868,28.67,30.686,1.008,4,
1253,Cali,2016,31/10/2015,WC,R2,2,6,VAN_VELTHOOVEN_Simon,HPS_,10005506954,26.9,29.079,28.622,30.82,1.099,2,
1254,Cali,2016,31/10/2015,WC,Final,1,1,EILERS_Joachim,GER,10006379247,25.6,28.693,29.284,31.666,1.191,4,
1255,Cali,2016,31/10/2015,WC,Final,1,2,GLAETZER_Matthew,AUS,10006894559,23.2,29.371,29.666,31.996,1.165,3,
1256,Cali,2016,31/10/2015,WC,Final,1,3,DAWKINS_Edward,NZL,10005782695,26.3,29.635,29.718,31.808,1.045,2,
1257,Cali,2016,31/10/2015,WC,Final,1,4,PERVIS_Francois,FRA,10003011125,31,33.265,32.963,35.103,1.07,1,
1258,Cali,2016,31/10/2015,WC,Final,1,5,BARANOSKI_Matthew,USA_,10007500407,22.3,25.736,25.582,28.556,1.487,5,
1259,Cali,2016,31/10/2015,WC,Final,1,6,WAKIMOTO_Yuta,JPN,10005964470,26.6,21.838,21.629,24.197,1.284,6,
1260,Cali,2016,31/10/2015,WC,Final,2,1,PUERTA_ZAPATA_Fabian_Hernando,COL,10006904360,24.3,31.682,32.04,34.218,1.089,2,
1261,Cali,2016,31/10/2015,WC,Final,2,2,VAN_VELTHOOVEN_Simon,HPS_,10005506954,26.9,28.622,28.946,31.098,1.076,4,
1262,Cali,2016,31/10/2015,WC,Final,2,3,AWANG_Mohd_Azizulhasni,MAS,10004868370,27.8,28.67,28.811,30.791,0.99,3,
1263,Cali,2016,31/10/2015,WC,Final,2,4,IM_Chaebin,KOR,10007787464,24,23.44,24.702,29.974,2.636,6,
1264,Cali,2016,31/10/2015,WC,Final,2,5,WÄCHTER_Tobias,GER,10036244537,27.2,28.243,28.1,30.526,1.213,5,
1265,Cali,2016,31/10/2015,WC,Final,2,6,LEVY_Maximilian,GER,10004601723,28.3,32.209,31.661,33.837,1.088,1,
1266,Cambridge,2016,5/12/2015,WC,R1,1,1,CANELON_VERA_Hersony_Gadiel,VEN,10004717719,27,26.117,26.6,29.066,1.233,2,
1267,Cambridge,2016,5/12/2015,WC,R1,1,2,CIPRIANO_Flavio_Vagner,BRA,10007165755,25.9,20.975,21.943,25.109,1.583,5,
1268,Cambridge,2016,5/12/2015,WC,R1,1,3,SHURSHIN_Nikita,RUS,10007271546,22.7,28.285,27.986,30.926,1.47,1,
1269,Cambridge,2016,5/12/2015,WC,R1,1,4,SZALONTAY_Sándor,HUN,10007073506,25.4,21.083,21.257,25.807,2.275,4,
1270,Cambridge,2016,5/12/2015,WC,R1,1,5,PHILLIP_Njisane,TTO,10006898401,24.5,24.852,24.272,27.068,1.398,3,
1271,Cambridge,2016,5/12/2015,WC,R1,2,1,WEBSTER_Sam,NZL,10006184742,24.4,25.886,28.248,33.614,2.683,2,
1272,Cambridge,2016,5/12/2015,WC,R1,2,2,SCHMID_Jacob,AUS,10007811817,21.9,24.505,25.833,30.409,2.288,3,
1273,Cambridge,2016,5/12/2015,WC,R1,2,3,VOLIKAKIS_Christos,GRE,10004633247,27.7,30.072,29.978,31.808,0.915,1,
1274,Cambridge,2016,5/12/2015,WC,R1,2,4,VORZHEV_Pavel,KAZ,10007828183,22.2,16.136,18.231,24.347,3.058,5,
1275,Cambridge,2016,5/12/2015,WC,R1,2,5,BARRETTE_Hugo,CAN,10007212639,24.4,23.898,23.519,26.035,1.258,4,
1276,Cambridge,2016,5/12/2015,WC,R1,3,1,EILERS_Joachim,GER,10006379247,25.7,29.284,29.672,32.01,1.169,2,
1277,Cambridge,2016,5/12/2015,WC,R1,3,2,D'ALMEIDA_Michael,FRA,10004618796,28.3,24.488,25.191,28.137,1.473,4,
1278,Cambridge,2016,5/12/2015,WC,R1,3,3,BÜCHLI_Matthijs,NED,10006900421,23,30.496,30.374,32.384,1.005,1,
1279,Cambridge,2016,5/12/2015,WC,R1,3,4,MAKSEL_Krzysztof,POL,10006902239,24.4,26.731,26.52,29.292,1.386,3,
1280,Cambridge,2016,5/12/2015,WC,R1,3,5,OMELCHENKO_Sergii,AZE,10006319633,26,22.377,21.91,25.4,1.745,5,
1281,Cambridge,2016,5/12/2015,WC,R1,4,1,LEVY_Maximilian,GER,10004601723,28.4,31.661,31.861,34.015,1.077,1,
1282,Cambridge,2016,5/12/2015,WC,R1,4,2,KELEMEN_Pavel,CZE,10006422895,24.5,27.558,27.799,31.147,1.674,2,
1283,Cambridge,2016,5/12/2015,WC,R1,4,3,CECI_Francesco,ITA,10006073493,26,23.593,23.695,25.507,0.906,3,
1284,Cambridge,2016,5/12/2015,WC,R1,4,4,WAKIMOTO_Yuta,JPN,10005964470,26.7,21.629,21.647,24.149,1.251,4,
1285,Cambridge,2016,5/12/2015,WC,R1,4,5,ENGLER_Eric,GER,10006665496,24.2,20.654,19.676,23.952,2.138,5,
1286,Cambridge,2016,5/12/2015,WC,R1,5,1,KENNY_Jason,GBR,10004599194,27.7,30.581,30.785,32.805,1.01,1,
1287,Cambridge,2016,5/12/2015,WC,R1,5,2,IM_Chaebin,KOR,10007787464,24.1,24.702,25.611,30.339,2.364,3,
1288,Cambridge,2016,5/12/2015,WC,R1,5,3,XU_Chao,CHN,10007947011,21.1,19.992,20.734,23.968,1.617,4,
1289,Cambridge,2016,5/12/2015,WC,R1,5,4,LENDEL_Vasilijus,LTU,10009181234,20.7,19.442,19.907,23.389,1.741,5,
1290,Cambridge,2016,5/12/2015,WC,R1,5,5,CONSTABLE_Patrick,AUS,10009009462,20.4,9,14.103,22.665,4.281,6,
1291,Cambridge,2016,5/12/2015,WC,R1,5,6,WATANABE_Kazunari,JPN,10003349716,30.6,25.954,25.553,27.435,0.941,2,
1292,Cambridge,2016,5/12/2015,WC,R1,6,1,BARANOSKI_Matthew,USA_,10007500407,22.4,25.582,26.365,29.243,1.439,3,
1293,Cambridge,2016,5/12/2015,WC,R1,6,2,VAN_VELTHOOVEN_Simon,HPS_,10005506954,27,28.946,28.995,31.107,1.056,1,
1294,Cambridge,2016,5/12/2015,WC,R1,6,3,TJON_EN_FA_Jaïr,SUR,10117936018,22.1,15.52,18.426,23.32,2.447,6,
1295,Cambridge,2016,5/12/2015,WC,R1,6,4,RAMIREZ_MORALES_Santiago,COL,10009039774,21.4,26.217,25.117,29.913,2.398,2,
1296,Cambridge,2016,5/12/2015,WC,R1,6,5,VYNOKUROV_Andrii,UKR,10002418415,33.3,21.833,21.749,24.341,1.296,4,
1297,Cambridge,2016,5/12/2015,WC,R1,6,6,SAHROM_Muhammad_Shah_Firdaus,MAS,10009150215,20,20.147,18.903,23.525,2.311,5,
1298,Cambridge,2016,5/12/2015,WC,Rep,1,1,ENGLER_Eric,GER,10006665496,24.2,19.676,21.241,25.247,2.003,3,
1299,Cambridge,2016,5/12/2015,WC,Rep,1,2,LENDEL_Vasilijus,LTU,10009181234,20.7,19.907,20.564,23.864,1.65,2,
1300,Cambridge,2016,5/12/2015,WC,Rep,1,3,CIPRIANO_Flavio_Vagner,BRA,10007165755,25.9,21.943,21.928,24.954,1.513,1,
1301,Cambridge,2016,5/12/2015,WC,Rep,1,4,TJON_EN_FA_Jaïr,SUR,10117936018,22.1,18.426,18.286,22.708,2.211,5,
1302,Cambridge,2016,5/12/2015,WC,Rep,1,5,SAHROM_Muhammad_Shah_Firdaus,MAS,10009150215,20,18.903,17.76,22.054,2.147,4,
1303,Cambridge,2016,5/12/2015,WC,Rep,2,1,WAKIMOTO_Yuta,JPN,10005964470,26.7,21.647,22.328,24.77,1.221,4,
1304,Cambridge,2016,5/12/2015,WC,Rep,2,2,OMELCHENKO_Sergii,AZE,10006319633,26,21.91,22.601,25.897,1.648,3,
1305,Cambridge,2016,5/12/2015,WC,Rep,2,3,WATANABE_Kazunari,JPN,10003349716,30.6,25.553,25.528,27.384,0.928,2,
1306,Cambridge,2016,5/12/2015,WC,Rep,2,4,SCHMID_Jacob,AUS,10007811817,21.9,25.833,24.731,28.897,2.083,1,
1307,Cambridge,2016,5/12/2015,WC,Rep,2,5,XU_Chao,CHN,10007947011,21.1,20.734,20.289,23.413,1.562,5,
1308,Cambridge,2016,5/12/2015,WC,Rep,3,1,MAKSEL_Krzysztof,POL,10006902239,24.4,26.52,26.95,29.66,1.355,1,
1309,Cambridge,2016,5/12/2015,WC,Rep,3,2,BARRETTE_Hugo,CAN,10007212639,24.4,23.519,23.795,26.247,1.226,4,
1310,Cambridge,2016,5/12/2015,WC,Rep,3,3,CECI_Francesco,ITA,10006073493,26,23.695,23.705,25.499,0.897,3,
1311,Cambridge,2016,5/12/2015,WC,Rep,3,4,D'ALMEIDA_Michael,FRA,10004618796,28.3,25.191,24.596,27.452,1.428,2,
1312,Cambridge,2016,5/12/2015,WC,Rep,4,1,KELEMEN_Pavel,CZE,10006422895,24.5,27.799,28.446,31.684,1.619,2,
1313,Cambridge,2016,5/12/2015,WC,Rep,4,2,PHILLIP_Njisane,TTO,10006898401,24.5,24.272,24.71,27.422,1.356,3,
1314,Cambridge,2016,5/12/2015,WC,Rep,4,3,BÜCHLI_Matthijs,NED,10006900421,23,30.374,30.132,32.116,0.992,1,
1315,Cambridge,2016,5/12/2015,WC,Rep,4,4,VORZHEV_Pavel,KAZ,10007828183,22.2,18.231,17.703,23.335,2.816,4,
1316,Cambridge,2016,5/12/2015,WC,Rep,5,1,VYNOKUROV_Andrii,UKR,10002418415,33.3,21.749,22.549,25.077,1.264,3,
1317,Cambridge,2016,5/12/2015,WC,Rep,5,2,VOLIKAKIS_Christos,GRE,10004633247,27.7,29.978,29.909,31.719,0.905,1,
1318,Cambridge,2016,5/12/2015,WC,Rep,5,3,IM_Chaebin,KOR,10007787464,24.1,25.611,25.124,29.448,2.162,2,
1319,Cambridge,2016,5/12/2015,WC,Rep,5,4,SZALONTAY_Sándor,HUN,10007073506,25.4,21.257,20.627,24.917,2.145,4,
1320,Cambridge,2016,5/12/2015,WC,Rep,6,1,SHURSHIN_Nikita,RUS,10007271546,22.7,27.986,28.539,31.405,1.433,2,
1321,Cambridge,2016,5/12/2015,WC,Rep,6,2,RAMIREZ_MORALES_Santiago,COL,10009039774,21.4,25.117,25.812,30.21,2.199,3,
1322,Cambridge,2016,5/12/2015,WC,Rep,6,3,VAN_VELTHOOVEN_Simon,HPS_,10005506954,27,28.995,28.802,30.886,1.042,1,
1323,Cambridge,2016,5/12/2015,WC,Rep,6,4,CONSTABLE_Patrick,AUS,10009009462,20.4,14.103,13.651,21.271,3.81,4,
1324,Cambridge,2016,5/12/2015,WC,R2,1,1,ENGLER_Eric,GER,10006665496,24.2,21.241,23.457,27.199,1.871,6,
1325,Cambridge,2016,5/12/2015,WC,R2,1,2,LEVY_Maximilian,GER,10004601723,28.4,31.861,31.844,33.954,1.055,1,
1326,Cambridge,2016,5/12/2015,WC,R2,1,3,BARANOSKI_Matthew,USA_,10007500407,22.4,26.365,26.602,29.364,1.381,4,
1327,Cambridge,2016,5/12/2015,WC,R2,1,4,VYNOKUROV_Andrii,UKR,10002418415,33.3,22.549,22.866,25.316,1.225,5,
1328,Cambridge,2016,5/12/2015,WC,R2,1,5,KELEMEN_Pavel,CZE,10006422895,24.5,28.446,27.827,30.903,1.538,2,
1329,Cambridge,2016,5/12/2015,WC,R2,1,6,CANELON_VERA_Hersony_Gadiel,VEN,10004717719,27,26.6,26.135,28.543,1.204,3,
1330,Cambridge,2016,5/12/2015,WC,R2,2,1,EILERS_Joachim,GER,10006379247,25.7,29.672,30.157,32.449,1.146,2,
1331,Cambridge,2016,5/12/2015,WC,R2,2,2,KENNY_Jason,GBR,10004599194,27.7,30.785,30.925,32.911,0.993,1,
1332,Cambridge,2016,5/12/2015,WC,R2,2,3,SHURSHIN_Nikita,RUS,10007271546,22.7,28.539,28.713,31.467,1.377,3,
1333,Cambridge,2016,5/12/2015,WC,R2,2,4,MAKSEL_Krzysztof,POL,10006902239,24.4,26.95,27.015,29.633,1.309,5,
1334,Cambridge,2016,5/12/2015,WC,R2,2,5,WEBSTER_Sam,NZL,10006184742,24.4,28.248,26.839,31.579,2.37,4,
1335,Cambridge,2016,5/12/2015,WC,R2,2,6,WAKIMOTO_Yuta,JPN,10005964470,26.7,22.328,22.135,24.537,1.201,6,
1336,Cambridge,2016,5/12/2015,WC,Final,1,1,EILERS_Joachim,GER,10006379247,25.7,30.157,30.629,32.877,1.124,3,
1337,Cambridge,2016,5/12/2015,WC,Final,1,2,LEVY_Maximilian,GER,10004601723,28.4,31.844,31.962,34.032,1.035,1,
1338,Cambridge,2016,5/12/2015,WC,Final,1,3,BARANOSKI_Matthew,USA_,10007500407,22.4,26.602,27.009,29.669,1.33,5,
1339,Cambridge,2016,5/12/2015,WC,Final,1,4,SHURSHIN_Nikita,RUS,10007271546,22.7,28.713,28.678,31.332,1.327,4,
1340,Cambridge,2016,5/12/2015,WC,Final,1,5,KENNY_Jason,GBR,10004599194,27.7,30.925,30.668,32.622,0.977,2,
1341,Cambridge,2016,5/12/2015,WC,Final,1,6,ENGLER_Eric,GER,10006665496,24.2,23.457,22.952,26.526,1.787,6,
1342,Cambridge,2016,5/12/2015,WC,Final,2,1,KELEMEN_Pavel,CZE,10006422895,24.5,27.827,28.58,31.554,1.487,1,
1343,Cambridge,2016,5/12/2015,WC,Final,2,2,WEBSTER_Sam,NZL,10006184742,24.4,26.839,27.558,31.854,2.148,3,
1344,Cambridge,2016,5/12/2015,WC,Final,2,3,VYNOKUROV_Andrii,UKR,10002418415,33.3,22.866,23.271,25.653,1.191,5,
1345,Cambridge,2016,5/12/2015,WC,Final,2,4,CANELON_VERA_Hersony_Gadiel,VEN,10004717719,27,26.135,26.094,28.438,1.172,4,
1346,Cambridge,2016,5/12/2015,WC,Final,2,5,MAKSEL_Krzysztof,POL,10006902239,24.4,27.015,26.644,29.182,1.269,2,
1347,Cambridge,2016,5/12/2015,WC,Final,2,6,WAKIMOTO_Yuta,JPN,10005964470,26.7,22.135,21.87,24.228,1.179,6,
1348,Hong_Kong,2016,16/01/2016,WC,R1,1,1,DMITRIEV_Denis,RUS,10003100142,29.8,25.207,25.747,27.939,1.096,3,
1349,Hong_Kong,2016,16/01/2016,WC,R1,1,2,OMELCHENKO_Sergii,AZE,10006319633,26.1,22.601,23.59,26.71,1.56,6,
1350,Hong_Kong,2016,16/01/2016,WC,R1,1,3,IM_Chaebin,KOR,10007787464,24.2,25.124,25.599,29.531,1.966,4,
1351,Hong_Kong,2016,16/01/2016,WC,R1,1,4,CECI_Francesco,ITA,10006073493,26.1,23.705,23.833,25.603,0.885,5,
1352,Hong_Kong,2016,16/01/2016,WC,R1,1,5,PUERTA_ZAPATA_Fabian_Hernando,COL,10006904360,24.5,32.04,31.56,33.688,1.064,1,
1353,Hong_Kong,2016,16/01/2016,WC,R1,1,6,SAHROM_Muhammad_Shah_Firdaus,MAS,10009150215,20.1,17.76,18.354,22.29,1.968,7,
1354,Hong_Kong,2016,16/01/2016,WC,R1,1,7,LEWIS_Peter,AUS_,10006182924,26,25.97,24.349,28.195,1.923,2,
1355,Hong_Kong,2016,16/01/2016,WC,R1,2,1,WÄCHTER_Tobias,GER,10036244537,27.5,28.1,28.688,31.064,1.188,3,
1356,Hong_Kong,2016,16/01/2016,WC,R1,2,2,WILLIAMS_Zac,NZL,10008997641,20.5,9,23.965,32.449,4.242,7,
1357,Hong_Kong,2016,16/01/2016,WC,R1,2,3,AWANG_Mohd_Azizulhasni,MAS,10004868370,28,28.811,28.891,30.839,0.974,2,
1358,Hong_Kong,2016,16/01/2016,WC,R1,2,4,BÜCHLI_Matthijs,NED,10006900421,23.1,30.132,30.013,31.963,0.975,1,
1359,Hong_Kong,2016,16/01/2016,WC,R1,2,5,CIPRIANO_Flavio_Vagner,BRA,10007165755,26,21.928,22.226,25.12,1.447,5,
1360,Hong_Kong,2016,16/01/2016,WC,R1,2,6,WATANABE_Kazunari,JPN,10003349716,30.7,25.528,25.376,27.208,0.916,4,
1361,Hong_Kong,2016,16/01/2016,WC,R1,2,7,SZALONTAY_Sándor,HUN,10007073506,25.5,20.627,19.808,23.832,2.012,6,
1362,Hong_Kong,2016,16/01/2016,WC,R1,3,1,BARRETTE_Hugo,CAN,10007212639,24.5,23.795,24.508,26.9,1.196,4,
1363,Hong_Kong,2016,16/01/2016,WC,R1,3,2,KELEMEN_Pavel,CZE,10006422895,24.6,28.58,28.718,31.566,1.424,2,
1364,Hong_Kong,2016,16/01/2016,WC,R1,3,3,XU_Chao,CHN,10007947011,21.2,20.289,21.135,24.105,1.485,6,
1365,Hong_Kong,2016,16/01/2016,WC,R1,3,4,EDELIN_Benjamin,FRA,10006584159,22.9,16.857,19.261,24.373,2.556,7,
1366,Hong_Kong,2016,16/01/2016,WC,R1,3,5,CRAMPTON_Matthew,GBR_,10003292122,29.7,29.02,28.572,31.002,1.215,1,
1367,Hong_Kong,2016,16/01/2016,WC,R1,3,6,LENDEL_Vasilijus,LTU,10009181234,20.8,20.564,20.601,23.727,1.563,5,
1368,Hong_Kong,2016,16/01/2016,WC,R1,3,7,BARANOSKI_Matthew,USA_,10007500407,22.5,27.009,26.219,28.799,1.29,3,
1369,Hong_Kong,2016,16/01/2016,WC,R1,4,1,WAKIMOTO_Yuta,JPN,10005964470,26.8,21.87,22.538,24.842,1.152,5,
1370,Hong_Kong,2016,16/01/2016,WC,R1,4,2,ENGLER_Eric,GER,10006665496,24.3,22.952,23.67,27.026,1.678,3,
1371,Hong_Kong,2016,16/01/2016,WC,R1,4,3,VYNOKUROV_Andrii,UKR,10002418415,33.4,23.271,23.478,25.794,1.158,2,
1372,Hong_Kong,2016,16/01/2016,WC,R1,4,4,PHILLIP_Njisane,TTO,10006898401,24.6,24.71,24.622,27.234,1.306,1,
1373,Hong_Kong,2016,16/01/2016,WC,R1,4,5,VORZHEV_Pavel,KAZ,10007828183,22.3,17.703,18.444,23.3,2.428,7,
1374,Hong_Kong,2016,16/01/2016,WC,R1,4,6,LIPA_Mateusz,POL,10007891437,21.2,22.798,21.059,26.105,2.523,4,
1375,Hong_Kong,2016,16/01/2016,WC,R1,4,7,PULGAR_Angel,VEN,10005511301,26.9,18.985,16.894,22.406,2.756,6,
1376,Hong_Kong,2016,16/01/2016,WC,Rep,1,1,IM_Chaebin,KOR,10007787464,24.2,25.599,26.868,30.592,1.862,2,
1377,Hong_Kong,2016,16/01/2016,WC,Rep,1,2,CRAMPTON_Matthew,GBR_,10003292122,29.7,28.572,28.687,31.057,1.185,1,
1378,Hong_Kong,2016,16/01/2016,WC,Rep,1,3,WATANABE_Kazunari,JPN,10003349716,30.7,25.376,25.456,27.266,0.905,3,
1379,Hong_Kong,2016,16/01/2016,WC,Rep,1,4,PHILLIP_Njisane,TTO,10006898401,24.6,24.622,24.547,27.083,1.268,4,
1380,Hong_Kong,2016,16/01/2016,WC,Rep,1,5,LEWIS_Peter,AUS_,10006182924,26,24.349,23.47,27.114,1.822,5,
1381,Hong_Kong,2016,16/01/2016,WC,Rep,2,1,AWANG_Mohd_Azizulhasni,MAS,10004868370,28,28.891,29.029,30.965,0.968,1,
1382,Hong_Kong,2016,16/01/2016,WC,Rep,2,2,EDELIN_Benjamin,FRA,10006584159,22.9,19.261,20.737,25.353,2.308,3,
1383,Hong_Kong,2016,16/01/2016,WC,Rep,2,3,SAHROM_Muhammad_Shah_Firdaus,MAS,10009150215,20.1,18.354,19.003,22.685,1.841,4,
1384,Hong_Kong,2016,16/01/2016,WC,Rep,2,4,PULGAR_Angel,VEN,10005511301,26.9,16.894,17.27,22.136,2.433,5,
1385,Hong_Kong,2016,16/01/2016,WC,Rep,2,5,CIPRIANO_Flavio_Vagner,BRA,10007165755,26,22.226,21.582,24.39,1.404,2,
1386,Hong_Kong,2016,16/01/2016,WC,Rep,3,1,BÜCHLI_Matthijs,NED,10006900421,23.1,30.013,30.21,32.142,0.966,2,
1387,Hong_Kong,2016,16/01/2016,WC,Rep,3,2,XU_Chao,CHN,10007947011,21.2,21.135,22.033,24.885,1.426,4,
1388,Hong_Kong,2016,16/01/2016,WC,Rep,3,3,LIPA_Mateusz,POL,10007891437,21.2,21.059,22.295,26.781,2.243,5,
1389,Hong_Kong,2016,16/01/2016,WC,Rep,3,4,BARANOSKI_Matthew,USA_,10007500407,22.5,26.219,26.093,28.595,1.251,3,
1390,Hong_Kong,2016,16/01/2016,WC,Rep,3,5,PUERTA_ZAPATA_Fabian_Hernando,COL,10006904360,24.5,31.56,31.002,33.092,1.045,1,
1391,Hong_Kong,2016,16/01/2016,WC,Rep,4,1,CECI_Francesco,ITA,10006073493,26.1,23.833,24.067,25.823,0.878,1,
1392,Hong_Kong,2016,16/01/2016,WC,Rep,4,2,VORZHEV_Pavel,KAZ,10007828183,22.3,18.444,19.885,24.263,2.189,5,
1393,Hong_Kong,2016,16/01/2016,WC,Rep,4,3,LENDEL_Vasilijus,LTU,10009181234,20.8,20.601,20.826,23.812,1.493,3,
1394,Hong_Kong,2016,16/01/2016,WC,Rep,4,4,VYNOKUROV_Andrii,UKR,10002418415,33.4,23.478,23.246,25.51,1.132,2,
1395,Hong_Kong,2016,16/01/2016,WC,Rep,4,5,SZALONTAY_Sándor,HUN,10007073506,25.5,19.808,18.958,22.756,1.899,4,
1396,Hong_Kong,2016,16/01/2016,WC,R2,1,1,WAKIMOTO_Yuta,JPN,10005964470,26.8,22.538,23.325,25.581,1.128,6,
1397,Hong_Kong,2016,16/01/2016,WC,R2,1,2,WILLIAMS_Zac,NZL,10008997641,20.5,23.965,26.225,32.633,3.204,5,
1398,Hong_Kong,2016,16/01/2016,WC,R2,1,3,IM_Chaebin,KOR,10007787464,24.2,26.868,27.092,30.574,1.741,2,
1399,Hong_Kong,2016,16/01/2016,WC,R2,1,4,KELEMEN_Pavel,CZE,10006422895,24.6,28.718,28.471,31.209,1.369,1,
1400,Hong_Kong,2016,16/01/2016,WC,R2,1,5,DMITRIEV_Denis,RUS,10003100142,29.8,25.747,25.619,27.767,1.074,3,
1401,Hong_Kong,2016,16/01/2016,WC,R2,1,6,CECI_Francesco,ITA,10006073493,26.1,24.067,23.892,25.636,0.872,4,
1402,Hong_Kong,2016,16/01/2016,WC,R2,2,1,BARRETTE_Hugo,CAN,10007212639,24.5,24.508,25.234,27.57,1.168,4,
1403,Hong_Kong,2016,16/01/2016,WC,R2,2,2,WÄCHTER_Tobias,GER,10036244537,27.5,28.688,28.899,31.213,1.157,3,
1404,Hong_Kong,2016,16/01/2016,WC,R2,2,3,BÜCHLI_Matthijs,NED,10006900421,23.1,30.21,30.168,32.07,0.951,1,
1405,Hong_Kong,2016,16/01/2016,WC,R2,2,4,AWANG_Mohd_Azizulhasni,MAS,10004868370,28,29.029,28.92,30.826,0.953,2,
1406,Hong_Kong,2016,16/01/2016,WC,R2,2,5,ENGLER_Eric,GER,10006665496,24.3,23.67,23.591,26.779,1.594,5,
1407,Hong_Kong,2016,16/01/2016,WC,R2,2,6,OMELCHENKO_Sergii,AZE,10006319633,26.1,23.59,23.06,26.074,1.507,6,
1408,Hong_Kong,2016,16/01/2016,WC,Final,1,1,BÜCHLI_Matthijs,NED,10006900421,23.1,30.168,30.425,32.307,0.941,1,
1409,Hong_Kong,2016,16/01/2016,WC,Final,1,2,BARRETTE_Hugo,CAN,10007212639,24.5,25.234,25.701,27.979,1.139,5,
1410,Hong_Kong,2016,16/01/2016,WC,Final,1,3,IM_Chaebin,KOR,10007787464,24.2,27.092,27.332,30.612,1.64,3,
1411,Hong_Kong,2016,16/01/2016,WC,Final,1,4,WILLIAMS_Zac,NZL,10008997641,20.5,26.225,25.771,31.109,2.669,4,
1412,Hong_Kong,2016,16/01/2016,WC,Final,1,5,WAKIMOTO_Yuta,JPN,10005964470,26.8,23.325,23.391,25.597,1.103,6,
1413,Hong_Kong,2016,16/01/2016,WC,Final,1,6,WÄCHTER_Tobias,GER,10036244537,27.5,28.899,28.361,30.627,1.133,2,
1414,Hong_Kong,2016,16/01/2016,WC,Final,2,1,KELEMEN_Pavel,CZE,10006422895,24.6,28.471,28.966,31.634,1.334,2,
1415,Hong_Kong,2016,16/01/2016,WC,Final,2,2,CECI_Francesco,ITA,10006073493,26.1,23.892,24.163,25.887,0.862,4,
1416,Hong_Kong,2016,16/01/2016,WC,Final,2,3,AWANG_Mohd_Azizulhasni,MAS,10004868370,28,28.92,28.87,30.746,0.938,1,
1417,Hong_Kong,2016,16/01/2016,WC,Final,2,4,ENGLER_Eric,GER,10006665496,24.3,23.591,23.736,26.768,1.516,5,
1418,Hong_Kong,2016,16/01/2016,WC,Final,2,5,OMELCHENKO_Sergii,AZE,10006319633,26.1,23.06,22.96,25.846,1.443,6,
1419,Hong_Kong,2016,16/01/2016,WC,Final,2,6,DMITRIEV_Denis,RUS,10003100142,29.8,25.619,25.235,27.347,1.056,3,
1420,London,2016,6/03/2016,WCH,R1,1,1,WEBSTER_Sam,NZL,10006184742,24.6,27.558,29.11,33.122,2.006,3,
1421,London,2016,6/03/2016,WCH,R1,1,2,IM_Chaebin,KOR,10007787464,24.4,27.332,27.987,31.103,1.558,4,
1422,London,2016,6/03/2016,WCH,R1,1,3,PTÁČNÍK_Adam,CZE_,10004722668,30.3,24.323,24.889,27.575,1.343,6,
1423,London,2016,6/03/2016,WCH,R1,1,4,SHURSHIN_Nikita,RUS,10007271546,22.9,28.678,28.611,31.173,1.281,2,
1424,London,2016,6/03/2016,WCH,R1,1,5,CANELON_VERA_Hersony_Gadiel,VEN,10004717719,27.2,26.094,26.077,28.361,1.142,5,
1425,London,2016,6/03/2016,WCH,R1,1,6,PERVIS_Francois,FRA,10003011125,31.4,32.963,32.374,34.474,1.05,1,
1426,London,2016,6/03/2016,WCH,R1,2,1,WAKIMOTO_Yuta,JPN,10005964470,27,23.391,23.999,26.163,1.082,5,
1427,London,2016,6/03/2016,WCH,R1,2,2,DAWKINS_Edward,NZL,10005782695,26.7,29.718,29.742,31.792,1.025,1,
1428,London,2016,6/03/2016,WCH,R1,2,3,BARRETTE_Hugo,CAN,10007212639,24.7,25.701,25.82,28.044,1.112,2,
1429,London,2016,6/03/2016,WCH,R1,2,4,SCHMID_Jacob,AUS,10007811817,22.1,24.731,24.577,28.407,1.915,3,
1430,London,2016,6/03/2016,WCH,R1,2,5,CECI_Francesco,ITA,10006073493,26.2,24.163,24.086,25.792,0.853,4,
1431,London,2016,6/03/2016,WCH,R1,2,6,XU_Chao,CHN,10007947011,21.3,22.033,21.588,24.358,1.385,6,
1432,London,2016,6/03/2016,WCH,R1,3,1,LEVY_Maximilian,GER,10004601723,28.7,31.962,32.254,34.298,1.022,1,
1433,London,2016,6/03/2016,WCH,R1,3,2,KENNY_Jason,GBR,10004599194,28,30.668,30.809,32.735,0.963,2,
1434,London,2016,6/03/2016,WCH,R1,3,3,AWANG_Mohd_Azizulhasni,MAS,10004868370,28.2,28.87,28.949,30.799,0.925,4,
1435,London,2016,6/03/2016,WCH,R1,3,4,SARNECKI_Rafal,POL,10005953154,26.2,19.887,21.724,26.478,2.377,6,
1436,London,2016,6/03/2016,WCH,R1,3,5,BÜCHLI_Matthijs,NED,10006900421,23.2,30.425,30.184,32.04,0.928,3,
1437,London,2016,6/03/2016,WCH,R1,3,6,BARANOSKI_Matthew,USA_,10007500407,22.6,26.093,25.71,28.156,1.223,5,
1438,London,2016,6/03/2016,WCH,R1,4,1,EILERS_Joachim,GER,10006379247,25.9,30.629,31.008,33.216,1.104,2,
1439,London,2016,6/03/2016,WCH,R1,4,2,OMELCHENKO_Sergii,AZE,10006319633,26.3,22.96,23.98,26.748,1.384,7,
1440,London,2016,6/03/2016,WCH,R1,4,3,PUERTA_ZAPATA_Fabian_Hernando,COL,10006904360,24.7,31.002,30.991,33.039,1.024,1,
1441,London,2016,6/03/2016,WCH,R1,4,4,KELEMEN_Pavel,CZE,10006422895,24.8,28.966,28.918,31.49,1.286,4,
1442,London,2016,6/03/2016,WCH,R1,4,5,GLAETZER_Matthew,AUS,10006894559,23.5,29.666,29.421,31.691,1.135,3,
1443,London,2016,6/03/2016,WCH,R1,4,6,VYNOKUROV_Andrii,UKR,10002418415,33.6,23.246,23.248,25.462,1.107,6,
1444,London,2016,6/03/2016,WCH,R1,4,7,D'ALMEIDA_Michael,FRA,10004618796,28.5,24.596,24.052,26.82,1.384,5,
1445,London,2016,6/03/2016,WCH,Rep,1,1,KELEMEN_Pavel,CZE,10006422895,24.8,28.918,29.25,31.774,1.262,2,
1446,London,2016,6/03/2016,WCH,Rep,1,2,XU_Chao,CHN,10007947011,21.3,21.588,22.249,24.931,1.341,4,
1447,London,2016,6/03/2016,WCH,Rep,1,3,BÜCHLI_Matthijs,NED,10006900421,23.2,30.184,29.989,31.823,0.917,1,
1448,London,2016,6/03/2016,WCH,Rep,1,9,PTÁČNÍK_Adam,CZE_,10004722668,30.3,24.889,24.554,27.18,1.313,3,
1449,London,2016,6/03/2016,WCH,Rep,2,1,PERVIS_Francois,FRA,10003011125,31.4,32.374,32.482,34.568,1.043,1,
1450,London,2016,6/03/2016,WCH,Rep,2,2,CECI_Francesco,ITA,10006073493,26.2,24.086,24.255,25.949,0.847,3,
1451,London,2016,6/03/2016,WCH,Rep,2,3,SARNECKI_Rafal,POL,10005953154,26.2,21.724,22.073,26.419,2.173,4,
1452,London,2016,6/03/2016,WCH,Rep,2,4,BARRETTE_Hugo,CAN,10007212639,24.7,25.82,25.495,27.687,1.096,2,
1453,London,2016,6/03/2016,WCH,Rep,3,1,AWANG_Mohd_Azizulhasni,MAS,10004868370,28.2,28.949,29.111,30.949,0.919,1,
1454,London,2016,6/03/2016,WCH,Rep,3,2,VYNOKUROV_Andrii,UKR,10002418415,33.6,23.248,23.549,25.721,1.086,4,
1455,London,2016,6/03/2016,WCH,Rep,3,3,SCHMID_Jacob,AUS,10007811817,22.1,24.577,24.465,28.063,1.799,3,
1456,London,2016,6/03/2016,WCH,Rep,3,4,CANELON_VERA_Hersony_Gadiel,VEN,10004717719,27.2,26.077,25.734,27.98,1.123,2,
1457,London,2016,6/03/2016,WCH,Rep,4,1,SHURSHIN_Nikita,RUS,10007271546,22.9,28.611,29.16,31.664,1.252,3,
1458,London,2016,6/03/2016,WCH,Rep,4,2,GLAETZER_Matthew,AUS,10006894559,23.5,29.421,29.588,31.81,1.111,2,
1459,London,2016,6/03/2016,WCH,Rep,4,3,PUERTA_ZAPATA_Fabian_Hernando,COL,10006904360,24.7,30.991,30.882,32.896,1.007,1,
1460,London,2016,6/03/2016,WCH,Rep,4,4,D'ALMEIDA_Michael,FRA,10004618796,28.5,24.052,24.152,26.832,1.34,5,
1461,London,2016,6/03/2016,WCH,Rep,4,5,BARANOSKI_Matthew,USA_,10007500407,22.6,25.71,25.364,27.764,1.2,4,
1462,London,2016,6/03/2016,WCH,R2,1,1,EILERS_Joachim,GER,10006379247,25.9,31.008,31.429,33.599,1.085,1,
1463,London,2016,6/03/2016,WCH,R2,1,2,DAWKINS_Edward,NZL,10005782695,26.7,29.742,30.005,32.017,1.006,3,
1464,London,2016,6/03/2016,WCH,R2,1,3,KENNY_Jason,GBR,10004599194,28,30.809,30.869,32.765,0.948,2,
1465,London,2016,6/03/2016,WCH,R2,1,4,SHURSHIN_Nikita,RUS,10007271546,22.9,29.16,29.182,31.61,1.214,5,
1466,London,2016,6/03/2016,WCH,R2,1,5,KELEMEN_Pavel,CZE,10006422895,24.8,29.25,29.057,31.507,1.225,4,
1467,London,2016,6/03/2016,WCH,R2,1,6,WEBSTER_Sam,NZL,10006184742,24.6,29.11,27.926,31.686,1.88,6,
1468,London,2016,6/03/2016,WCH,R2,2,1,LEVY_Maximilian,GER,10004601723,28.7,32.254,32.505,34.525,1.01,2,
1469,London,2016,6/03/2016,WCH,R2,2,2,AWANG_Mohd_Azizulhasni,MAS,10004868370,28.2,29.111,29.288,31.102,0.907,3,
1470,London,2016,6/03/2016,WCH,R2,2,3,WAKIMOTO_Yuta,JPN,10005964470,27,23.999,24.378,26.496,1.059,5,
1471,London,2016,6/03/2016,WCH,R2,2,4,PERVIS_Francois,FRA,10003011125,31.4,32.482,32.211,34.257,1.023,1,
1472,London,2016,6/03/2016,WCH,R2,2,5,OMELCHENKO_Sergii,AZE,10006319633,26.3,23.98,24.055,26.725,1.335,6,
1473,London,2016,6/03/2016,WCH,R2,2,6,IM_Chaebin,KOR,10007787464,24.4,27.987,27.177,30.173,1.498,4,
1474,London,2016,6/03/2016,WCH,Final,1,1,EILERS_Joachim,GER,10006379247,25.9,31.429,31.803,33.939,1.068,2,
1475,London,2016,6/03/2016,WCH,Final,1,2,DAWKINS_Edward,NZL,10005782695,26.7,30.005,30.229,32.207,0.989,4,
1476,London,2016,6/03/2016,WCH,Final,1,3,AWANG_Mohd_Azizulhasni,MAS,10004868370,28.2,29.288,29.395,31.185,0.895,5,
1477,London,2016,6/03/2016,WCH,Final,1,4,LEVY_Maximilian,GER,10004601723,28.7,32.505,32.324,34.308,0.992,1,
1478,London,2016,6/03/2016,WCH,Final,1,5,WAKIMOTO_Yuta,JPN,10005964470,27,24.378,24.492,26.57,1.039,6,
1479,London,2016,6/03/2016,WCH,Final,1,6,KENNY_Jason,GBR,10004599194,28,30.869,30.503,32.377,0.937,3,
1480,London,2016,6/03/2016,WCH,Final,2,1,OMELCHENKO_Sergii,AZE,10006319633,26.3,24.055,25.064,27.65,1.293,6,
1481,London,2016,6/03/2016,WCH,Final,2,2,SHURSHIN_Nikita,RUS,10007271546,22.9,29.182,29.45,31.81,1.18,2,
1482,London,2016,6/03/2016,WCH,Final,2,3,IM_Chaebin,KOR,10007787464,24.4,27.177,27.526,30.386,1.43,5,
1483,London,2016,6/03/2016,WCH,Final,2,4,WEBSTER_Sam,NZL,10006184742,24.6,27.926,27.913,31.411,1.749,4,
1484,London,2016,6/03/2016,WCH,Final,2,5,KELEMEN_Pavel,CZE,10006422895,24.8,29.057,28.844,31.224,1.19,3,
1485,London,2016,6/03/2016,WCH,Final,2,6,PERVIS_Francois,FRA,10003011125,31.4,32.211,31.738,33.75,1.006,1,
1486,Rio_de_Janeiro,2016,16/08/2016,OLY,R1,1,1,D'ALMEIDA_Michael,FRA,10004618796,29,24.152,25.085,27.689,1.302,4,
1487,Rio_de_Janeiro,2016,16/08/2016,OLY,R1,1,2,EILERS_Joachim,GER,10006379247,26.4,31.803,31.805,33.901,1.048,1,
1488,Rio_de_Janeiro,2016,16/08/2016,OLY,R1,1,3,BOS_Theo,NED,10050887493,33,9,21.105,29.521,4.208,6,
1489,Rio_de_Janeiro,2016,16/08/2016,OLY,R1,1,4,VOLIKAKIS_Christos,GRE,10004633247,28.4,29.909,29.768,31.558,0.895,2,
1490,Rio_de_Janeiro,2016,16/08/2016,OLY,R1,1,5,CONSTABLE_Patrick,AUS,10009009462,21.1,13.651,16.821,22.927,3.053,5,
1491,Rio_de_Janeiro,2016,16/08/2016,OLY,R1,1,6,IM_Chaebin,KOR,10007787464,24.8,27.526,26.736,29.51,1.387,3,
1492,Rio_de_Janeiro,2016,16/08/2016,OLY,R1,2,1,ZIELINSKI_Damian,POL,10002260888,34.7,9,27.876,38.158,5.141,6,
1493,Rio_de_Janeiro,2016,16/08/2016,OLY,R1,2,2,GLAETZER_Matthew,AUS,10006894559,24,29.588,29.928,32.108,1.09,2,
1494,Rio_de_Janeiro,2016,16/08/2016,OLY,R1,2,3,KANG_Dongjin,KOR_,10004601218,,9,23.399,31.811,4.206,6,
1495,Rio_de_Janeiro,2016,16/08/2016,OLY,R1,2,4,DAWKINS_Edward,NZL,10005782695,27.1,30.229,30.2,32.146,0.973,1,
1496,Rio_de_Janeiro,2016,16/08/2016,OLY,R1,2,5,WATANABE_Kazunari,JPN,10003349716,31.3,25.456,25.537,27.323,0.893,4,
1497,Rio_de_Janeiro,2016,16/08/2016,OLY,R1,2,6,KELEMEN_Pavel,CZE,10006422895,25.2,28.844,28.518,30.838,1.16,3,
1498,Rio_de_Janeiro,2016,16/08/2016,OLY,R1,2,7,DMITRIEV_Denis,RUS,10003100142,30.4,25.235,24.969,27.051,1.041,5,
1499,Rio_de_Janeiro,2016,16/08/2016,OLY,R1,3,1,WEBSTER_Sam,NZL,10006184742,25.1,27.913,29.066,32.4,1.667,4,
1500,Rio_de_Janeiro,2016,16/08/2016,OLY,R1,3,2,BÜCHLI_Matthijs,NED,10006900421,23.7,29.989,30.148,31.958,0.905,2,
1501,Rio_de_Janeiro,2016,16/08/2016,OLY,R1,3,3,PERVIS_Francois,FRA,10003011125,31.8,31.738,31.685,33.663,0.989,1,
1502,Rio_de_Janeiro,2016,16/08/2016,OLY,R1,3,4,MAKSEL_Krzysztof,POL,10006902239,25.1,26.644,26.738,29.2,1.231,5,
1503,Rio_de_Janeiro,2016,16/08/2016,OLY,R1,3,5,AWANG_Mohd_Azizulhasni,MAS,10004868370,28.6,29.395,29.212,30.982,0.885,3,
1504,Rio_de_Janeiro,2016,16/08/2016,OLY,R1,3,6,SKINNER_Callum,GBR,10006898296,24,12.831,14.826,21.098,3.136,7,
1505,Rio_de_Janeiro,2016,16/08/2016,OLY,R1,3,7,PULGAR_Angel,VEN,10005511301,27.5,17.27,16.382,20.942,2.28,6,
1506,Rio_de_Janeiro,2016,16/08/2016,OLY,R1,4,1,KENNY_Jason,GBR,10004599194,28.4,30.503,30.816,32.67,0.927,3,
1507,Rio_de_Janeiro,2016,16/08/2016,OLY,R1,4,2,PUERTA_ZAPATA_Fabian_Hernando,COL,10006904360,25.1,30.882,31.045,33.025,0.99,2,
1508,Rio_de_Janeiro,2016,16/08/2016,OLY,R1,4,3,LEVY_Maximilian,GER,10004601723,29.1,32.324,32.267,34.217,0.975,1,
1509,Rio_de_Janeiro,2016,16/08/2016,OLY,R1,4,4,BARRETTE_Hugo,CAN,10007212639,25.1,25.495,25.68,27.822,1.071,5,
1510,Rio_de_Janeiro,2016,16/08/2016,OLY,R1,4,5,BARANOSKI_Matthew,USA_,10007500407,23.1,25.364,25.391,27.725,1.167,6,
1511,Rio_de_Janeiro,2016,16/08/2016,OLY,R1,4,6,WAKIMOTO_Yuta,JPN,10005964470,27.4,24.492,24.417,26.457,1.02,7,
1512,Rio_de_Janeiro,2016,16/08/2016,OLY,R1,4,7,CANELON_VERA_Hersony_Gadiel,VEN,10004717719,27.7,25.734,25.336,27.54,1.102,4,
1513,Rio_de_Janeiro,2016,16/08/2016,OLY,Rep,1,1,AWANG_Mohd_Azizulhasni,MAS,10004868370,28.6,29.212,29.394,31.154,0.88,1,
1514,Rio_de_Janeiro,2016,16/08/2016,OLY,Rep,1,2,BARRETTE_Hugo,CAN,10007212639,25.1,25.68,25.904,28.01,1.053,3,
1515,Rio_de_Janeiro,2016,16/08/2016,OLY,Rep,1,3,BOS_Theo,NED,10050887493,33,21.105,22.144,28.682,3.269,4,
1516,Rio_de_Janeiro,2016,16/08/2016,OLY,Rep,1,4,KELEMEN_Pavel,CZE,10006422895,25.2,28.518,28.106,30.388,1.141,2,
1517,Rio_de_Janeiro,2016,16/08/2016,OLY,Rep,2,1,MAKSEL_Krzysztof,POL,10006902239,25.1,26.738,27.267,29.677,1.205,1,
1518,Rio_de_Janeiro,2016,16/08/2016,OLY,Rep,2,2,IM_Chaebin,KOR,10007787464,24.8,26.736,27.054,29.736,1.341,2,
1519,Rio_de_Janeiro,2016,16/08/2016,OLY,Rep,2,3,KANG_Dongjin,KOR_,10004601218,,23.399,23.979,30.409,3.215,5,
1520,Rio_de_Janeiro,2016,16/08/2016,OLY,Rep,2,4,WATANABE_Kazunari,JPN,10003349716,31.3,25.537,25.495,27.263,0.884,3,
1521,Rio_de_Janeiro,2016,16/08/2016,OLY,Rep,2,5,CANELON_VERA_Hersony_Gadiel,VEN,10004717719,27.7,25.336,25.032,27.202,1.085,4,
1522,Rio_de_Janeiro,2016,16/08/2016,OLY,Rep,3,1,PERVIS_Francois,FRA,10003011125,31.8,31.685,31.827,33.791,0.982,1,
1523,Rio_de_Janeiro,2016,16/08/2016,OLY,Rep,3,2,WAKIMOTO_Yuta,JPN,10005964470,27.4,24.417,24.692,26.702,1.005,3,
1524,Rio_de_Janeiro,2016,16/08/2016,OLY,Rep,3,3,DAWKINS_Edward,NZL,10005782695,27.1,30.2,29.994,31.916,0.961,2,
1525,Rio_de_Janeiro,2016,16/08/2016,OLY,Rep,3,4,PULGAR_Angel,VEN,10005511301,27.5,16.382,17.049,21.295,2.123,5,
1526,Rio_de_Janeiro,2016,16/08/2016,OLY,Rep,3,5,CONSTABLE_Patrick,AUS,10009009462,21.1,16.821,15.608,21.148,2.77,4,
1527,Rio_de_Janeiro,2016,16/08/2016,OLY,Rep,4,1,VOLIKAKIS_Christos,GRE,10004633247,28.4,29.768,29.954,31.732,0.889,2,
1528,Rio_de_Janeiro,2016,16/08/2016,OLY,Rep,4,2,DMITRIEV_Denis,RUS,10003100142,30.4,24.969,25.262,27.308,1.023,4,
1529,Rio_de_Janeiro,2016,16/08/2016,OLY,Rep,4,3,BARANOSKI_Matthew,USA_,10007500407,23.1,25.391,25.523,27.801,1.139,3,
1530,Rio_de_Janeiro,2016,16/08/2016,OLY,Rep,4,4,LEVY_Maximilian,GER,10004601723,29.1,32.267,31.877,33.801,0.962,1,
1531,Rio_de_Janeiro,2016,16/08/2016,OLY,Rep,4,5,SKINNER_Callum,GBR,10006898296,24,14.826,14.544,20.382,2.919,5,
1532,Rio_de_Janeiro,2016,16/08/2016,OLY,R2,1,1,KENNY_Jason,GBR,10004599194,28.4,30.816,31.105,32.939,0.917,1,
1533,Rio_de_Janeiro,2016,16/08/2016,OLY,R2,1,2,BÜCHLI_Matthijs,NED,10006900421,23.7,30.148,30.309,32.097,0.894,2,
1534,Rio_de_Janeiro,2016,16/08/2016,OLY,R2,1,3,AWANG_Mohd_Azizulhasni,MAS,10004868370,28.6,29.394,29.474,31.212,0.869,5,
1535,Rio_de_Janeiro,2016,16/08/2016,OLY,R2,1,4,GLAETZER_Matthew,AUS,10006894559,24,29.928,29.852,31.984,1.066,4,
1536,Rio_de_Janeiro,2016,16/08/2016,OLY,R2,1,5,VOLIKAKIS_Christos,GRE,10004633247,28.4,29.954,29.791,31.549,0.879,3,
1537,Rio_de_Janeiro,2016,16/08/2016,OLY,R2,1,6,D'ALMEIDA_Michael,FRA,10004618796,29,25.085,24.77,27.316,1.273,6,
1538,Rio_de_Janeiro,2016,16/08/2016,OLY,R2,2,1,EILERS_Joachim,GER,10006379247,26.4,31.805,32.238,34.304,1.033,2,
1539,Rio_de_Janeiro,2016,16/08/2016,OLY,R2,2,2,ZIELINSKI_Damian,POL,10002260888,34.7,27.876,30.62,37.806,3.593,5,
1540,Rio_de_Janeiro,2016,16/08/2016,OLY,R2,2,3,PUERTA_ZAPATA_Fabian_Hernando,COL,10006904360,25.1,31.045,31.157,33.105,0.974,3,
1541,Rio_de_Janeiro,2016,16/08/2016,OLY,R2,2,4,MAKSEL_Krzysztof,POL,10006902239,25.1,27.267,27.498,29.844,1.173,6,
1542,Rio_de_Janeiro,2016,16/08/2016,OLY,R2,2,5,PERVIS_Francois,FRA,10003011125,31.8,31.827,31.628,33.562,0.967,1,
1543,Rio_de_Janeiro,2016,16/08/2016,OLY,R2,2,6,WEBSTER_Sam,NZL,10006184742,25.1,29.066,28.338,31.532,1.597,4,
1544,Rio_de_Janeiro,2016,16/08/2016,OLY,Final,1,1,KENNY_Jason,GBR,10004599194,28.4,31.105,31.418,33.232,0.907,3,
1545,Rio_de_Janeiro,2016,16/08/2016,OLY,Final,1,2,BÜCHLI_Matthijs,NED,10006900421,23.7,30.309,30.509,32.275,0.883,5,
1546,Rio_de_Janeiro,2016,16/08/2016,OLY,Final,1,3,AWANG_Mohd_Azizulhasni,MAS,10004868370,28.6,29.474,29.603,31.321,0.859,6,
1547,Rio_de_Janeiro,2016,16/08/2016,OLY,Final,1,4,EILERS_Joachim,GER,10006379247,26.4,32.238,32.131,34.157,1.013,1,
1548,Rio_de_Janeiro,2016,16/08/2016,OLY,Final,1,5,PUERTA_ZAPATA_Fabian_Hernando,COL,10006904360,25.1,31.157,30.999,32.917,0.959,2,
1549,Rio_de_Janeiro,2016,16/08/2016,OLY,Final,1,6,ZIELINSKI_Damian,POL,10002260888,34.7,30.62,27.001,32.949,2.974,4,
1550,Rio_de_Janeiro,2016,16/08/2016,OLY,Final,2,1,WEBSTER_Sam,NZL,10006184742,25.1,28.338,29.234,32.3,1.533,4,
1551,Rio_de_Janeiro,2016,16/08/2016,OLY,Final,2,2,D'ALMEIDA_Michael,FRA,10004618796,29,24.77,25.432,27.898,1.233,6,
1552,Rio_de_Janeiro,2016,16/08/2016,OLY,Final,2,3,MAKSEL_Krzysztof,POL,10006902239,25.1,27.498,27.721,30.003,1.141,5,
1553,Rio_de_Janeiro,2016,16/08/2016,OLY,Final,2,4,GLAETZER_Matthew,AUS,10006894559,24,29.852,29.78,31.866,1.043,2,
1554,Rio_de_Janeiro,2016,16/08/2016,OLY,Final,2,5,PERVIS_Francois,FRA,10003011125,31.8,31.628,31.372,33.274,0.951,1,
1555,Rio_de_Janeiro,2016,16/08/2016,OLY,Final,2,6,VOLIKAKIS_Christos,GRE,10004633247,28.4,29.791,29.523,31.265,0.871,3,
1556,Glasgow,2017,5/11/2016,WC,R1,1,1,VYNOKUROV_Andrii,UKR,10002418415,34.2,23.549,23.918,26.062,1.072,2,
1557,Glasgow,2017,5/11/2016,WC,R1,1,2,KAWABATA_Tomoyuki,JPN,10008098470,31.7,24.487,24.342,29.174,2.416,1,
1558,Glasgow,2017,5/11/2016,WC,R1,1,3,LENDEL_Vasilijus,LTU,10009181234,21.6,20.826,20.854,23.74,1.443,3,
1559,Glasgow,2017,5/11/2016,WC,R1,1,4,CECI_Davide,ITA,10007508083,23.2,8.864,10.755,15.831,2.538,5,
1560,Glasgow,2017,5/11/2016,WC,R1,1,5,MULLEN_Eoin,IRL,10007782616,23.2,18.048,17.376,20.426,1.525,4,
1561,Glasgow,2017,5/11/2016,WC,R1,2,1,WILLIAMS_Zac,NZL,10008997641,21.3,25.771,27.149,32.099,2.475,1,
1562,Glasgow,2017,5/11/2016,WC,R1,2,2,SAHROM_Muhammad_Shah_Firdaus,MAS,10009150215,20.9,19.003,20.284,23.754,1.735,4,
1563,Glasgow,2017,5/11/2016,WC,R1,2,3,BROWNE_Kwesi,TTO,10009010876,22.8,22.036,22.375,25.623,1.624,3,
1564,Glasgow,2017,5/11/2016,WC,R1,2,4,OMELCHENKO_Sergii,AZE,10006319633,26.9,25.064,24.826,27.336,1.255,2,
1565,Glasgow,2017,5/11/2016,WC,R1,2,5,CLARKE_Thomas,AUS,10009009260,21.6,9,12.844,21.61,4.383,6,
1566,Glasgow,2017,5/11/2016,WC,R1,2,6,SZALONTAY_Sándor,HUN,10007073506,26.3,18.958,18.147,21.775,1.814,5,
1567,Glasgow,2017,5/11/2016,WC,R1,3,1,NITTA_Yudai,JPN,10005727327,30.8,23.191,24.152,27.292,1.57,3,
1568,Glasgow,2017,5/11/2016,WC,R1,3,2,JURCZYK_Marc,GER,10009178002,20.8,9,19.854,28.64,4.393,4,
1569,Glasgow,2017,5/11/2016,WC,R1,3,3,OLIVA_Lewis,GBR,10006898300,24.2,25.102,25.067,27.571,1.252,1,
1570,Glasgow,2017,5/11/2016,WC,R1,3,4,CECI_Francesco,ITA,10006073493,26.9,24.255,24.157,25.839,0.841,2,
1571,Glasgow,2017,5/11/2016,WC,R1,3,5,BI_Wenjun,CHN,10061258009,24.8,9,9.428,19.342,4.957,4,
1572,Glasgow,2017,5/11/2016,WC,R1,3,5,RAJKOWSKI_Patryk,POL,10009176281,20.7,9,9.426,19.354,4.964,1,
1573,Glasgow,2017,5/11/2016,WC,R1,4,1,VIGIER_Sébastien,FRA,10010678569,19.6,9,24.093,35.145,5.526,3,
1574,Glasgow,2017,5/11/2016,WC,R1,4,2,BÁBEK_Tomáš,CZE,10004612534,29.4,22.877,23.881,27.487,1.803,2,
1575,Glasgow,2017,5/11/2016,WC,R1,4,3,KANG_Shih_Feng,TPE,10010608447,19.4,9,18.784,27.792,4.504,3,
1576,Glasgow,2017,5/11/2016,WC,R1,4,4,TRUMAN_Joseph,GBR,10017950943,19.7,9,16.477,25.493,4.508,3,
1577,Glasgow,2017,5/11/2016,WC,R1,4,5,DUBCHENKO_Aleksandr,RUS,10007772108,21.7,9,14.178,23.216,4.519,3,
1578,Glasgow,2017,5/11/2016,WC,R1,4,6,PERALTA_Juan,ESP,10006552534,26.5,24.583,23.611,26.777,1.583,1,
1579,Glasgow,2017,5/11/2016,WC,Rep,1,1,LENDEL_Vasilijus,LTU,10009181234,21.6,20.854,21.417,24.239,1.411,1,
1580,Glasgow,2017,5/11/2016,WC,Rep,1,2,TRUMAN_Joseph,GBR,10017950943,19.7,16.477,17.862,24.886,3.512,3,
1581,Glasgow,2017,5/11/2016,WC,Rep,1,3,SZALONTAY_Sándor,HUN,10007073506,26.3,18.147,18.025,21.505,1.74,2,
1582,Glasgow,2017,5/11/2016,WC,Rep,1,4,BI_Wenjun,CHN,10061258009,24.8,9.428,7.981,16.215,4.117,4,
1583,Glasgow,2017,5/11/2016,WC,Rep,2,1,CLARKE_Thomas,AUS,10009009260,21.6,12.844,18.788,26.004,3.608,3,
1584,Glasgow,2017,5/11/2016,WC,Rep,2,2,BROWNE_Kwesi,TTO,10009010876,22.8,22.375,22.496,25.632,1.568,2,
1585,Glasgow,2017,5/11/2016,WC,Rep,2,3,CECI_Francesco,ITA,10006073493,26.9,24.157,23.997,25.673,0.838,1,
1586,Glasgow,2017,5/11/2016,WC,Rep,3,1,OLIVA_Lewis,GBR,10006898300,24.2,25.067,25.435,27.895,1.23,1,
1587,Glasgow,2017,5/11/2016,WC,Rep,3,2,PERALTA_Juan,ESP,10006552534,26.5,23.611,23.789,26.831,1.521,3,
1588,Glasgow,2017,5/11/2016,WC,Rep,3,3,MULLEN_Eoin,IRL,10007782616,23.2,17.376,17.831,20.767,1.468,4,
1589,Glasgow,2017,5/11/2016,WC,Rep,3,4,OMELCHENKO_Sergii,AZE,10006319633,26.9,24.826,24.29,26.746,1.228,2,
1590,Glasgow,2017,5/11/2016,WC,Rep,4,1,DUBCHENKO_Aleksandr,RUS,10007772108,21.7,14.178,18.931,26.621,3.845,2,
1591,Glasgow,2017,5/11/2016,WC,Rep,4,2,RAJKOWSKI_Patryk,POL,10009176281,20.7,9.426,14.524,22.23,3.853,4,
1592,Glasgow,2017,5/11/2016,WC,Rep,4,3,KANG_Shih_Feng,TPE,10010608447,19.4,18.784,16.594,23.87,3.638,1,
1593,Glasgow,2017,5/11/2016,WC,Rep,4,4,CECI_Davide,ITA,10007508083,23.2,10.755,10.394,15.25,2.428,3,
1594,Glasgow,2017,5/11/2016,WC,Final,1,1,BÁBEK_Tomáš,CZE,10004612534,29.4,23.881,24.972,28.406,1.717,3,
1595,Glasgow,2017,5/11/2016,WC,Final,1,2,LENDEL_Vasilijus,LTU,10009181234,21.6,21.417,22.088,24.808,1.36,4,
1596,Glasgow,2017,5/11/2016,WC,Final,1,3,OLIVA_Lewis,GBR,10006898300,24.2,25.435,25.466,27.858,1.196,1,
1597,Glasgow,2017,5/11/2016,WC,Final,1,4,NITTA_Yudai,JPN,10005727327,30.8,24.152,24.016,27.014,1.499,2,
1598,Glasgow,2017,5/11/2016,WC,Final,1,5,JURCZYK_Marc,GER,10009178002,20.8,19.854,18.651,25.297,3.323,5,
1599,Glasgow,2017,5/11/2016,WC,Final,1,6,DUBCHENKO_Aleksandr,RUS,10007772108,21.7,18.931,16.384,22.826,3.221,6,
1600,Glasgow,2017,5/11/2016,WC,Final,2,1,VYNOKUROV_Andrii,UKR,10002418415,34.2,23.918,24.438,26.546,1.054,4,
1601,Glasgow,2017,5/11/2016,WC,Final,2,2,SAHROM_Muhammad_Shah_Firdaus,MAS,10009150215,20.9,20.284,21.546,24.826,1.64,5,
1602,Glasgow,2017,5/11/2016,WC,Final,2,3,VIGIER_Sébastien,FRA,10010678569,19.6,24.093,23.971,31.255,3.642,3,
1603,Glasgow,2017,5/11/2016,WC,Final,2,4,WILLIAMS_Zac,NZL,10008997641,21.3,27.149,26.309,30.739,2.215,1,
1604,Glasgow,2017,5/11/2016,WC,Final,2,5,KAWABATA_Tomoyuki,JPN,10008098470,31.7,24.342,23.529,27.903,2.187,2,
1605,Glasgow,2017,5/11/2016,WC,Final,2,6,CLARKE_Thomas,AUS,10009009260,21.6,18.788,17.099,23.309,3.105,6,
1606,Apeldoorn,2017,12/11/2016,WC,R1,1,1,VYNOKUROV_Andrii,UKR,10002418415,34.2,24.438,24.899,26.977,1.039,3,
1607,Apeldoorn,2017,12/11/2016,WC,R1,1,2,HOOGLAND_Jeffrey,NED,10007379761,23.7,9,21.018,29.562,4.272,6,
1608,Apeldoorn,2017,12/11/2016,WC,R1,1,3,DUBCHENKO_Aleksandr,RUS,10007772108,21.7,16.384,19.375,24.767,2.696,5,
1609,Apeldoorn,2017,12/11/2016,WC,R1,1,4,OLIVA_Lewis,GBR,10006898300,24.2,25.466,25.374,27.704,1.165,2,
1610,Apeldoorn,2017,12/11/2016,WC,R1,1,5,CLARKE_Thomas,AUS,10009009260,21.6,17.099,18.093,23.353,2.63,4,
1611,Apeldoorn,2017,12/11/2016,WC,R1,1,6,VAN_VELTHOOVEN_Simon,NZL_,10005506954,27.9,28.802,28.251,30.301,1.025,1,
1612,Apeldoorn,2017,12/11/2016,WC,R1,2,1,BÁBEK_Tomáš,CZE,10004612534,29.4,24.972,25.668,28.978,1.655,1,
1613,Apeldoorn,2017,12/11/2016,WC,R1,2,2,SAHROM_Muhammad_Shah_Firdaus,MAS,10009150215,21,21.546,22.112,25.246,1.567,3,
1614,Apeldoorn,2017,12/11/2016,WC,R1,2,3,RAJKOWSKI_Patryk,POL,10009176281,20.7,14.524,17.34,23.448,3.054,5,
1615,Apeldoorn,2017,12/11/2016,WC,R1,2,4,BI_Wenjun,CHN,10061258009,24.8,7.981,12.804,19.146,3.171,6,
1616,Apeldoorn,2017,12/11/2016,WC,R1,2,5,KAWABATA_Tomoyuki,JPN,10008098470,31.8,23.529,22.149,26.171,2.011,2,
1617,Apeldoorn,2017,12/11/2016,WC,R1,2,6,MULLEN_Eoin,IRL,10007782616,23.3,17.831,17.39,20.242,1.426,4,
1618,Apeldoorn,2017,12/11/2016,WC,R1,3,1,TRUMAN_Joseph,GBR,10017950943,19.7,17.862,22.809,28.773,2.982,5,
1619,Apeldoorn,2017,12/11/2016,WC,R1,3,2,WÄCHTER_Tobias,GER,10036244537,28.3,28.361,28.419,30.639,1.11,1,
1620,Apeldoorn,2017,12/11/2016,WC,R1,3,3,BROWNE_Kwesi,TTO,10009010876,22.8,22.496,22.884,25.88,1.498,4,
1621,Apeldoorn,2017,12/11/2016,WC,R1,3,4,OMELCHENKO_Sergii,AZE,10006319633,27,24.29,24.206,26.598,1.196,2,
1622,Apeldoorn,2017,12/11/2016,WC,R1,3,5,NITTA_Yudai,JPN,10005727327,30.8,24.016,23.512,26.402,1.445,3,
1623,Apeldoorn,2017,12/11/2016,WC,R1,3,6,CECI_Davide,ITA,10007508083,23.2,10.394,10.245,14.923,2.339,6,
1624,Apeldoorn,2017,12/11/2016,WC,R1,4,1,LAFARGUE_Quentin,FRA,10005930724,26,24.785,25.752,29.248,1.748,1,
1625,Apeldoorn,2017,12/11/2016,WC,R1,4,2,PERALTA_Juan,ESP,10006552534,26.5,23.789,24.225,27.145,1.46,3,
1626,Apeldoorn,2017,12/11/2016,WC,R1,4,3,KANG_Shih_Feng,TPE,10010608447,19.4,16.594,19.189,25.033,2.922,6,
1627,Apeldoorn,2017,12/11/2016,WC,R1,4,4,LENDEL_Vasilijus,LTU,10009181234,21.6,22.088,22.101,24.727,1.313,4,
1628,Apeldoorn,2017,12/11/2016,WC,R1,4,5,SZALONTAY_Sándor,HUN,10007073506,26.4,18.025,18.173,21.463,1.645,5,
1629,Apeldoorn,2017,12/11/2016,WC,R1,4,6,CECI_Francesco,ITA,10006073493,26.9,23.997,23.722,25.386,0.832,2,
1630,Apeldoorn,2017,12/11/2016,WC,Rep,1,1,LENDEL_Vasilijus,LTU,10009181234,21.6,22.101,22.544,25.114,1.285,2,
1631,Apeldoorn,2017,12/11/2016,WC,Rep,1,2,MULLEN_Eoin,IRL,10007782616,23.3,17.39,17.981,20.737,1.378,4,
1632,Apeldoorn,2017,12/11/2016,WC,Rep,1,3,DUBCHENKO_Aleksandr,RUS,10007772108,21.7,19.375,19.266,24.046,2.39,3,
1633,Apeldoorn,2017,12/11/2016,WC,Rep,1,4,NITTA_Yudai,JPN,10005727327,30.8,23.512,22.829,25.633,1.402,1,
1634,Apeldoorn,2017,12/11/2016,WC,Rep,2,1,KAWABATA_Tomoyuki,JPN,10008098470,31.8,22.149,23.461,27.267,1.903,3,
1635,Apeldoorn,2017,12/11/2016,WC,Rep,2,2,OMELCHENKO_Sergii,AZE,10006319633,27,24.206,24.389,26.727,1.169,2,
1636,Apeldoorn,2017,12/11/2016,WC,Rep,2,3,RAJKOWSKI_Patryk,POL,10009176281,20.7,17.34,18.811,24.073,2.631,4,
1637,Apeldoorn,2017,12/11/2016,WC,Rep,2,4,VAN_VELTHOOVEN_Simon,NZL_,10005506954,27.9,28.251,27.827,29.849,1.011,1,
1638,Apeldoorn,2017,12/11/2016,WC,Rep,3,1,CECI_Francesco,ITA,10006073493,26.9,23.722,23.886,25.544,0.829,1,
1639,Apeldoorn,2017,12/11/2016,WC,Rep,3,2,CLARKE_Thomas,AUS,10009009260,21.6,18.093,19.205,23.937,2.366,3,
1640,Apeldoorn,2017,12/11/2016,WC,Rep,3,3,BROWNE_Kwesi,TTO,10009010876,22.8,22.884,22.54,25.438,1.449,2,
1641,Apeldoorn,2017,12/11/2016,WC,Rep,3,4,BI_Wenjun,CHN,10061258009,24.8,12.804,12.195,18.003,2.904,4,
1642,Apeldoorn,2017,12/11/2016,WC,Rep,4,1,OLIVA_Lewis,GBR,10006898300,24.2,25.374,25.557,27.863,1.153,1,
1643,Apeldoorn,2017,12/11/2016,WC,Rep,4,2,SZALONTAY_Sándor,HUN,10007073506,26.4,18.173,18.666,21.834,1.584,3,
1644,Apeldoorn,2017,12/11/2016,WC,Rep,4,3,KANG_Shih_Feng,TPE,10010608447,19.4,19.189,18.276,23.496,2.61,2,
1645,Apeldoorn,2017,12/11/2016,WC,Rep,4,4,CECI_Davide,ITA,10007508083,23.2,10.245,10.014,14.518,2.252,4,
1646,Apeldoorn,2017,13/11/2016,WC,Final,1,1,BÁBEK_Tomáš,CZE,10004612534,29.4,25.668,26.561,29.739,1.589,1,
1647,Apeldoorn,2017,13/11/2016,WC,Final,1,2,VYNOKUROV_Andrii,UKR,10002418415,34.3,24.899,25.172,27.212,1.02,3,
1648,Apeldoorn,2017,13/11/2016,WC,Final,1,3,PERALTA_Juan,ESP,10006552534,26.5,24.225,24.489,27.291,1.401,4,
1649,Apeldoorn,2017,13/11/2016,WC,Final,1,4,HOOGLAND_Jeffrey,NED,10007379761,23.7,21.018,21.423,27.819,3.198,6,
1650,Apeldoorn,2017,13/11/2016,WC,Final,1,5,LENDEL_Vasilijus,LTU,10009181234,21.6,22.544,22.487,24.981,1.247,5,
1651,Apeldoorn,2017,13/11/2016,WC,Final,1,6,OLIVA_Lewis,GBR,10006898300,24.2,25.557,25.087,27.347,1.13,2,
1652,Apeldoorn,2017,13/11/2016,WC,Final,2,1,LAFARGUE_Quentin,FRA,10005930724,26,25.752,26.757,30.097,1.67,2,
1653,Apeldoorn,2017,13/11/2016,WC,Final,2,2,SAHROM_Muhammad_Shah_Firdaus,MAS,10009150215,21,22.112,23.01,26.002,1.496,6,
1654,Apeldoorn,2017,13/11/2016,WC,Final,2,3,WÄCHTER_Tobias,GER,10036244537,28.3,28.419,28.363,30.533,1.085,1,
1655,Apeldoorn,2017,13/11/2016,WC,Final,2,4,TRUMAN_Joseph,GBR,10017950943,19.7,22.809,22.949,28.031,2.541,5,
1656,Apeldoorn,2017,13/11/2016,WC,Final,2,5,CECI_Francesco,ITA,10006073493,26.9,23.886,23.834,25.478,0.822,3,
1657,Apeldoorn,2017,13/11/2016,WC,Final,2,6,KAWABATA_Tomoyuki,JPN,10008098470,31.8,23.461,22.502,26.102,1.8,4,
1658,Cali,2017,18/02/2017,WC,R1,1,1,BÁBEK_Tomáš,CZE,10004612534,29.7,26.561,27.204,30.28,1.538,2,
1659,Cali,2017,18/02/2017,WC,R1,1,2,CLARKE_Thomas,AUS,10009009260,21.9,19.205,21.083,25.379,2.148,4,
1660,Cali,2017,18/02/2017,WC,R1,1,3,BARRETTE_Hugo,CAN,10007212639,25.6,25.904,25.896,27.964,1.034,3,
1661,Cali,2017,18/02/2017,WC,R1,1,4,IM_Chaebin,KOR,10007787464,25.3,27.054,26.641,29.243,1.301,1,
1662,Cali,2017,18/02/2017,WC,R1,1,5,LEWANDOWSKI_Michal,POL,10010641183,19.5,9,10.805,20.437,4.816,6,
1663,Cali,2017,18/02/2017,WC,R1,1,6,CECI_Davide,ITA,10007508083,23.5,10.014,9.701,14.055,2.177,5,
1664,Cali,2017,18/02/2017,WC,R1,2,1,VYNOKUROV_Andrii,UKR,10002418415,34.5,25.172,25.517,27.529,1.006,2,
1665,Cali,2017,18/02/2017,WC,R1,2,2,BROWNE_Kwesi,TTO,10009010876,23,22.54,23.084,25.868,1.392,3,
1666,Cali,2017,18/02/2017,WC,R1,2,3,SZALONTAY_Sándor,HUN,10007073506,26.6,18.666,19.468,22.482,1.507,5,
1667,Cali,2017,18/02/2017,WC,R1,2,4,SHURSHIN_Nikita,RUS,10007271546,23.9,29.45,29.002,31.302,1.15,1,
1668,Cali,2017,18/02/2017,WC,R1,2,5,DÖRNBACH_Maximilian,GER,10007779683,21.2,22.039,20.441,26.191,2.875,4,
1669,Cali,2017,18/02/2017,WC,R1,2,6,MULLEN_Eoin,IRL,10007782616,23.5,17.981,17.72,20.416,1.348,6,
1670,Cali,2017,18/02/2017,WC,R1,3,1,PERVIS_Francois,FRA,10003011125,32.3,31.372,31.634,33.518,0.942,1,
1671,Cali,2017,18/02/2017,WC,R1,3,2,WILLIAMS_Zac,NZL,10008997641,21.6,26.309,27.518,31.574,2.028,4,
1672,Cali,2017,18/02/2017,WC,R1,3,3,PUERTA_ZAPATA_Fabian_Hernando,COL,10006904360,25.6,30.999,30.972,32.862,0.945,2,
1673,Cali,2017,18/02/2017,WC,R1,3,4,PERKINS_Shane_Alan,RUS,10051694112,30.1,29.177,29.002,31.528,1.263,3,
1674,Cali,2017,18/02/2017,WC,R1,3,5,DUBCHENKO_Aleksandr,RUS,10007772108,22,19.266,19.969,24.317,2.174,6,
1675,Cali,2017,18/02/2017,WC,R1,3,6,OMELCHENKO_Sergii,AZE,10006319633,27.2,24.389,24.049,26.347,1.149,5,
1676,Cali,2017,18/02/2017,WC,R1,4,1,LENDEL_Vasilijus,LTU,10009181234,21.9,22.487,23.225,25.655,1.215,6,
1677,Cali,2017,18/02/2017,WC,R1,4,2,BALZER_Erik,ERD_,10006480186,25.6,23.19,24.135,27.965,1.915,3,
1678,Cali,2017,18/02/2017,WC,R1,4,3,PERALTA_Juan,ESP,10006552534,26.8,24.489,24.682,27.374,1.346,1,
1679,Cali,2017,18/02/2017,WC,R1,4,4,KAWABATA_Tomoyuki,JPN,10008098470,32,22.502,22.706,26.074,1.684,5,
1680,Cali,2017,18/02/2017,WC,R1,4,5,SAHROM_Muhammad_Shah_Firdaus,MAS,10009150215,21.2,23.01,22.884,25.742,1.429,4,
1681,Cali,2017,18/02/2017,WC,R1,4,6,KANG_Shih_Feng,TPE,10010608447,19.6,18.276,18.255,22.857,2.301,7,
1682,Cali,2017,18/02/2017,WC,R1,4,7,CECI_Francesco,ITA,10006073493,27.2,23.834,23.576,25.208,0.816,2,
1683,Cali,2017,18/02/2017,WC,Rep,1,1,KAWABATA_Tomoyuki,JPN,10008098470,32,22.706,23.494,26.742,1.624,2,
1684,Cali,2017,18/02/2017,WC,Rep,1,2,DUBCHENKO_Aleksandr,RUS,10007772108,22,19.969,20.827,24.857,2.015,3,
1685,Cali,2017,18/02/2017,WC,Rep,1,3,BARRETTE_Hugo,CAN,10007212639,25.6,25.896,25.678,27.716,1.019,1,
1686,Cali,2017,18/02/2017,WC,Rep,1,9,MULLEN_Eoin,IRL,10007782616,23.5,17.72,17.55,20.2,1.325,4,
1687,Cali,2017,18/02/2017,WC,Rep,2,1,PERKINS_Shane_Alan,RUS,10051694112,30.1,29.002,29.163,31.663,1.25,1,
1688,Cali,2017,18/02/2017,WC,Rep,2,2,SAHROM_Muhammad_Shah_Firdaus,MAS,10009150215,21.2,22.884,23.035,25.825,1.395,2,
1689,Cali,2017,18/02/2017,WC,Rep,2,3,SZALONTAY_Sándor,HUN,10007073506,26.6,19.468,19.377,22.315,1.469,3,
1690,Cali,2017,18/02/2017,WC,Rep,2,4,CECI_Davide,ITA,10007508083,23.5,9.701,9.568,13.808,2.12,4,
1691,Cali,2017,18/02/2017,WC,Rep,3,1,PUERTA_ZAPATA_Fabian_Hernando,COL,10006904360,25.6,30.972,31.079,32.961,0.941,1,
1692,Cali,2017,18/02/2017,WC,Rep,3,2,LEWANDOWSKI_Michal,POL,10010641183,19.5,10.805,18.135,25.353,3.609,4,
1693,Cali,2017,18/02/2017,WC,Rep,3,3,KANG_Shih_Feng,TPE,10010608447,19.6,18.255,19.279,23.519,2.12,3,
1694,Cali,2017,18/02/2017,WC,Rep,3,4,SHURSHIN_Nikita,RUS,10007271546,23.9,29.002,28.446,30.708,1.131,2,
1695,Cali,2017,18/02/2017,WC,Rep,4,1,DÖRNBACH_Maximilian,GER,10007779683,21.2,20.441,23.376,28.502,2.563,5,
1696,Cali,2017,18/02/2017,WC,Rep,4,2,OMELCHENKO_Sergii,AZE,10006319633,27.2,24.049,24.34,26.586,1.123,3,
1697,Cali,2017,18/02/2017,WC,Rep,4,3,PERALTA_Juan,ESP,10006552534,26.8,24.682,24.746,27.348,1.301,2,
1698,Cali,2017,18/02/2017,WC,Rep,4,4,CECI_Francesco,ITA,10006073493,27.2,23.576,23.56,25.18,0.81,4,
1699,Cali,2017,18/02/2017,WC,Rep,4,5,IM_Chaebin,KOR,10007787464,25.3,26.641,26.025,28.559,1.267,1,
1700,Cali,2017,18/02/2017,WC,Final,1,1,PUERTA_ZAPATA_Fabian_Hernando,COL,10006904360,25.6,31.079,31.343,33.207,0.932,2,
1701,Cali,2017,18/02/2017,WC,Final,1,2,PERVIS_Francois,FRA,10003011125,32.3,31.634,31.702,33.562,0.93,1,
1702,Cali,2017,18/02/2017,WC,Final,1,3,BÁBEK_Tomáš,CZE,10004612534,29.7,27.204,27.459,30.399,1.47,4,
1703,Cali,2017,18/02/2017,WC,Final,1,4,KAWABATA_Tomoyuki,JPN,10008098470,32,23.494,23.874,26.96,1.543,5,
1704,Cali,2017,18/02/2017,WC,Final,1,5,BROWNE_Kwesi,TTO,10009010876,23,23.084,23.174,25.86,1.343,6,
1705,Cali,2017,18/02/2017,WC,Final,1,6,PERKINS_Shane_Alan,RUS,10051694112,30.1,29.163,28.515,30.953,1.219,3,
1706,Cali,2017,18/02/2017,WC,Final,2,1,LENDEL_Vasilijus,LTU,10009181234,21.9,23.225,23.923,26.295,1.186,5,
1707,Cali,2017,18/02/2017,WC,Final,2,2,VYNOKUROV_Andrii,UKR,10002418415,34.5,25.517,25.745,27.723,0.989,2,
1708,Cali,2017,18/02/2017,WC,Final,2,3,DÖRNBACH_Maximilian,GER,10007779683,21.2,23.376,24.071,28.597,2.263,4,
1709,Cali,2017,18/02/2017,WC,Final,2,4,WILLIAMS_Zac,NZL,10008997641,21.6,27.518,26.894,30.638,1.872,1,
1710,Cali,2017,18/02/2017,WC,Final,2,5,CLARKE_Thomas,AUS,10009009260,21.9,21.083,21.124,25.072,1.974,6,
1711,Cali,2017,18/02/2017,WC,Final,2,6,BALZER_Erik,GER_,10006480186,25.6,24.135,23.085,26.703,1.809,3,
1712,Los_Angeles,2017,26/02/2017,WC,R1,1,1,PERVIS_Francois,FRA,10003011125,32.4,31.702,31.872,33.718,0.923,1,
1713,Los_Angeles,2017,26/02/2017,WC,R1,1,2,SAHROM_Muhammad_Shah_Firdaus,MAS,10009150215,21.3,23.035,23.796,26.486,1.345,5,
1714,Los_Angeles,2017,26/02/2017,WC,R1,1,3,SHURSHIN_Nikita,RUS,10007271546,23.9,28.446,28.446,30.654,1.104,2,
1715,Los_Angeles,2017,26/02/2017,WC,R1,1,4,MORENO_SANCHEZ_Jose,ESP,10007502427,23.3,22.99,23.356,26.894,1.769,6,
1716,Los_Angeles,2017,26/02/2017,WC,R1,1,5,VYNOKUROV_Andrii,UKR,10002418415,34.5,25.745,25.628,27.574,0.973,4,
1717,Los_Angeles,2017,26/02/2017,WC,R1,1,6,IM_Chaebin,KOR,10007787464,25.3,26.025,25.517,27.989,1.236,3,
1718,Los_Angeles,2017,26/02/2017,WC,R1,2,1,PUERTA_ZAPATA_Fabian_Hernando,COL,10006904360,25.6,31.343,31.497,33.347,0.925,1,
1719,Los_Angeles,2017,26/02/2017,WC,R1,2,2,BARRETTE_Hugo,CAN,10007212639,25.7,25.678,25.92,27.924,1.002,2,
1720,Los_Angeles,2017,26/02/2017,WC,R1,2,3,CLARKE_Thomas,AUS,10009009260,21.9,21.124,22.024,25.682,1.829,5,
1721,Los_Angeles,2017,26/02/2017,WC,R1,2,4,SARNECKI_Rafal,POL,10005953154,27.1,22.073,22.364,26.324,1.98,4,
1722,Los_Angeles,2017,26/02/2017,WC,R1,2,5,SZALONTAY_Sándor,HUN,10007073506,26.7,19.377,19.634,22.448,1.407,7,
1723,Los_Angeles,2017,26/02/2017,WC,R1,2,6,DUBCHENKO_Aleksandr,RUS,10007772108,22,20.827,20.432,24.16,1.864,6,
1724,Los_Angeles,2017,26/02/2017,WC,R1,2,7,CECI_Francesco,ITA,10006073493,27.2,23.56,23.315,24.925,0.805,3,
1725,Los_Angeles,2017,26/02/2017,WC,R1,3,1,OLIVA_Lewis,GBR,10006898300,24.5,25.087,25.408,27.634,1.113,1,
1726,Los_Angeles,2017,26/02/2017,WC,R1,3,2,BROWNE_Kwesi,TTO,10009010876,23.1,23.174,23.41,26.014,1.302,3,
1727,Los_Angeles,2017,26/02/2017,WC,R1,3,3,CECI_Davide,ITA,10007508083,23.5,9.568,12.059,15.957,1.949,5,
1728,Los_Angeles,2017,26/02/2017,WC,R1,3,4,SUOZZI_Dominic,USA,10009728373,19.9,9,14.532,22.85,4.159,6,
1729,Los_Angeles,2017,26/02/2017,WC,R1,3,5,OMELCHENKO_Sergii,AZE,10006319633,27.2,24.34,23.965,26.161,1.098,2,
1730,Los_Angeles,2017,26/02/2017,WC,R1,3,6,NITTA_Yudai,JPN,10005727327,31.1,22.829,22.09,24.806,1.358,4,
1731,Los_Angeles,2017,26/02/2017,WC,R1,4,1,WEBSTER_Sam,NZL,10006184742,25.6,29.234,29.709,32.689,1.49,1,
1732,Los_Angeles,2017,26/02/2017,WC,R1,4,2,LENDEL_Vasilijus,LTU,10009181234,21.9,23.923,24.323,26.637,1.157,4,
1733,Los_Angeles,2017,26/02/2017,WC,R1,4,3,KANG_Shih_Feng,TPE,10010608447,19.7,19.279,20.56,24.452,1.946,5,
1734,Los_Angeles,2017,26/02/2017,WC,R1,4,4,KELEMEN_Pavel,CZE,10006422895,25.8,28.106,27.842,30.07,1.114,2,
1735,Los_Angeles,2017,26/02/2017,WC,R1,4,5,WATANABE_Kazunari,JPN,10003349716,31.8,25.495,25.324,27.074,0.875,3,
1736,Los_Angeles,2017,26/02/2017,WC,R1,4,6,MULLEN_Eoin,IRL,10007782616,23.6,17.55,17.366,19.968,1.301,6,
1737,Los_Angeles,2017,26/02/2017,WC,Rep,1,1,OMELCHENKO_Sergii,AZE,10006319633,27.2,23.965,24.417,26.579,1.081,3,
1738,Los_Angeles,2017,26/02/2017,WC,Rep,1,2,KELEMEN_Pavel,CZE,10006422895,25.8,27.842,27.84,30.024,1.092,2,
1739,Los_Angeles,2017,26/02/2017,WC,Rep,1,3,DUBCHENKO_Aleksandr,RUS,10007772108,22,20.432,20.972,24.484,1.756,4,
1740,Los_Angeles,2017,26/02/2017,WC,Rep,1,4,SHURSHIN_Nikita,RUS,10007271546,23.9,28.446,27.99,30.162,1.086,1,
1741,Los_Angeles,2017,26/02/2017,WC,Rep,2,1,IM_Chaebin,KOR,10007787464,25.3,25.517,25.825,28.259,1.217,1,
1742,Los_Angeles,2017,26/02/2017,WC,Rep,2,2,CLARKE_Thomas,AUS,10009009260,21.9,22.024,22.354,25.838,1.742,2,
1743,Los_Angeles,2017,26/02/2017,WC,Rep,2,3,SUOZZI_Dominic,USA,10009728373,19.9,14.532,16.068,22.706,3.319,4,
1744,Los_Angeles,2017,26/02/2017,WC,Rep,2,4,SZALONTAY_Sándor,HUN,10007073506,26.7,19.634,19.269,22.023,1.377,3,
1745,Los_Angeles,2017,26/02/2017,WC,Rep,3,1,VYNOKUROV_Andrii,UKR,10002418415,34.5,25.628,25.782,27.716,0.967,1,
1746,Los_Angeles,2017,26/02/2017,WC,Rep,3,2,SARNECKI_Rafal,POL,10005953154,27.1,22.364,22.35,26.112,1.881,2,
1747,Los_Angeles,2017,26/02/2017,WC,Rep,3,3,CECI_Davide,ITA,10007508083,23.5,12.059,12.839,16.537,1.849,4,
1748,Los_Angeles,2017,26/02/2017,WC,Rep,3,4,MULLEN_Eoin,IRL,10007782616,23.6,17.366,16.995,19.549,1.277,3,
1749,Los_Angeles,2017,26/02/2017,WC,Rep,4,1,WATANABE_Kazunari,JPN,10003349716,31.8,25.324,25.544,27.282,0.869,1,
1750,Los_Angeles,2017,26/02/2017,WC,Rep,4,2,KANG_Shih_Feng,TPE,10010608447,19.7,20.56,21.517,25.151,1.817,5,
1751,Los_Angeles,2017,26/02/2017,WC,Rep,4,3,MORENO_SANCHEZ_Jose,ESP,10007502427,23.3,23.356,23.378,26.714,1.668,2,
1752,Los_Angeles,2017,26/02/2017,WC,Rep,4,4,CECI_Francesco,ITA,10006073493,27.2,23.315,23.253,24.851,0.799,3,
1753,Los_Angeles,2017,26/02/2017,WC,Rep,4,5,NITTA_Yudai,JPN,10005727327,31.1,22.09,21.635,24.281,1.323,4,
1754,Los_Angeles,2017,26/02/2017,WC,Final,1,1,PUERTA_ZAPATA_Fabian_Hernando,COL,10006904360,25.6,31.497,31.686,33.52,0.917,2,
1755,Los_Angeles,2017,26/02/2017,WC,Final,1,2,BARRETTE_Hugo,CAN,10007212639,25.7,25.92,26.222,28.192,0.985,3,
1756,Los_Angeles,2017,26/02/2017,WC,Final,1,3,SAHROM_Muhammad_Shah_Firdaus,MAS,10009150215,21.3,23.796,24.246,26.84,1.297,6,
1757,Los_Angeles,2017,26/02/2017,WC,Final,1,4,OLIVA_Lewis,GBR,10006898300,24.5,25.408,25.493,27.667,1.087,5,
1758,Los_Angeles,2017,26/02/2017,WC,Final,1,5,PERVIS_Francois,FRA,10003011125,32.4,31.872,31.537,33.357,0.91,1,
1759,Los_Angeles,2017,26/02/2017,WC,Final,1,6,WATANABE_Kazunari,JPN,10003349716,31.8,25.544,25.355,27.079,0.862,4,
1760,Los_Angeles,2017,26/02/2017,WC,Final,2,1,VYNOKUROV_Andrii,UKR,10002418415,34.5,25.782,26.147,28.057,0.955,3,
1761,Los_Angeles,2017,26/02/2017,WC,Final,2,2,LENDEL_Vasilijus,LTU,10009181234,21.9,24.323,24.716,26.972,1.128,5,
1762,Los_Angeles,2017,26/02/2017,WC,Final,2,3,OMELCHENKO_Sergii,AZE,10006319633,27.2,24.417,24.625,26.739,1.057,4,
1763,Los_Angeles,2017,26/02/2017,WC,Final,2,4,WEBSTER_Sam,NZL,10006184742,25.6,29.709,29.209,32.057,1.424,1,
1764,Los_Angeles,2017,26/02/2017,WC,Final,2,5,IM_Chaebin,KOR,10007787464,25.3,25.825,25.599,27.967,1.184,2,
1765,Los_Angeles,2017,26/02/2017,WC,Final,2,6,BROWNE_Kwesi,TTO,10009010876,23.1,23.41,23.02,25.56,1.27,6,
1766,Hong_Kong,2017,13/04/2017,WCH,R1,1,1,GLAETZER_Matthew,AUS,10006894559,24.6,29.78,30.198,32.252,1.027,3,
1767,Hong_Kong,2017,13/04/2017,WCH,R1,1,2,PERVIS_Francois,FRA,10003011125,32.5,31.537,31.649,33.445,0.898,2,
1768,Hong_Kong,2017,13/04/2017,WCH,R1,1,3,OLIVA_Lewis,GBR,10006898300,24.6,25.493,25.866,27.99,1.062,7,
1769,Hong_Kong,2017,13/04/2017,WCH,R1,1,4,EILERS_Joachim,GER,10006379247,27,32.131,31.976,33.964,0.994,1,
1770,Hong_Kong,2017,13/04/2017,WCH,R1,1,5,BARRETTE_Hugo,CAN,10007212639,25.8,26.222,26.267,28.203,0.968,5,
1771,Hong_Kong,2017,13/04/2017,WCH,R1,1,6,WILLIAMS_Zac,NZL,10008997641,21.7,26.894,26.369,29.867,1.749,4,
1772,Hong_Kong,2017,13/04/2017,WCH,R1,1,7,RAMIREZ_MORALES_Santiago,COL,10009039774,22.7,25.812,24.525,28.597,2.036,6,
1773,Hong_Kong,2017,13/04/2017,WCH,R1,2,1,DAWKINS_Edward,NZL,10005782695,27.8,29.994,30.249,32.151,0.951,1,
1774,Hong_Kong,2017,13/04/2017,WCH,R1,2,2,BÁBEK_Tomáš,CZE,10004612534,29.9,27.459,27.841,30.665,1.412,2,
1775,Hong_Kong,2017,13/04/2017,WCH,R1,2,3,KANG_Shih_Feng,TPE,10010608447,19.8,21.517,22.509,25.911,1.701,7,
1776,Hong_Kong,2017,13/04/2017,WCH,R1,2,4,DÖRNBACH_Maximilian,GER,10007779683,21.3,24.071,24.303,28.391,2.044,4,
1777,Hong_Kong,2017,13/04/2017,WCH,R1,2,5,KAWABATA_Tomoyuki,JPN,10008098470,32.2,23.874,23.832,26.772,1.47,5,
1778,Hong_Kong,2017,13/04/2017,WCH,R1,2,6,CECI_Francesco,ITA,10006073493,27.3,23.253,23.195,24.781,0.793,6,
1779,Hong_Kong,2017,13/04/2017,WCH,R1,2,7,LENDEL_Vasilijus,LTU,10009181234,22,24.716,24.277,26.489,1.106,3,
1780,Hong_Kong,2017,13/04/2017,WCH,R1,3,1,PUERTA_ZAPATA_Fabian_Hernando,COL,10006904360,25.8,31.686,31.877,33.697,0.91,1,
1781,Hong_Kong,2017,13/04/2017,WCH,R1,3,2,AWANG_Mohd_Azizulhasni,MAS,10004868370,29.3,29.603,29.696,31.398,0.851,2,
1782,Hong_Kong,2017,13/04/2017,WCH,R1,3,3,WAKIMOTO_Yuta,JPN,10005964470,28.1,24.692,24.911,26.885,0.987,4,
1783,Hong_Kong,2017,13/04/2017,WCH,R1,3,4,BROWNE_Kwesi,TTO,10009010876,23.2,23.02,23.266,25.728,1.231,6,
1784,Hong_Kong,2017,13/04/2017,WCH,R1,3,5,LAFARGUE_Quentin,FRA,10005930724,26.4,26.757,26.266,29.43,1.582,3,
1785,Hong_Kong,2017,13/04/2017,WCH,R1,3,6,OMELCHENKO_Sergii,AZE,10006319633,27.4,24.625,24.387,26.465,1.039,5,
1786,Hong_Kong,2017,13/04/2017,WCH,R1,3,7,SOJKA_David,CZE,10008950858,23.1,9,5.745,17.113,5.684,7,
1787,Hong_Kong,2017,13/04/2017,WCH,R1,4,1,WEBSTER_Sam,NZL,10006184742,25.7,29.209,29.77,32.538,1.384,1,
1788,Hong_Kong,2017,13/04/2017,WCH,R1,4,2,TRUMAN_Joseph,GBR,10017950943,20.2,22.949,24.788,29.31,2.261,5,
1789,Hong_Kong,2017,13/04/2017,WCH,R1,4,3,SAHROM_Muhammad_Shah_Firdaus,MAS,10009150215,21.4,24.246,24.615,27.125,1.255,4,
1790,Hong_Kong,2017,13/04/2017,WCH,R1,4,4,VYNOKUROV_Andrii,UKR,10002418415,34.7,26.147,26.166,28.046,0.94,3,
1791,Hong_Kong,2017,13/04/2017,WCH,R1,4,5,JURCZYK_Marc,GER,10009178002,21.2,18.651,19.97,25.42,2.725,7,
1792,Hong_Kong,2017,13/04/2017,WCH,R1,4,6,KELEMEN_Pavel,CZE,10006422895,25.9,27.84,27.457,29.595,1.069,2,
1793,Hong_Kong,2017,13/04/2017,WCH,R1,4,7,NITTA_Yudai,JPN,10005727327,31.2,21.635,21.27,23.85,1.29,6,
1794,Hong_Kong,2017,13/04/2017,WCH,Rep,1,1,VYNOKUROV_Andrii,UKR,10002418415,34.7,26.166,26.479,28.339,0.93,2,
1795,Hong_Kong,2017,13/04/2017,WCH,Rep,1,2,LAFARGUE_Quentin,FRA,10005930724,26.4,26.266,26.582,29.606,1.512,1,
1796,Hong_Kong,2017,13/04/2017,WCH,Rep,1,3,RAMIREZ_MORALES_Santiago,COL,10009039774,22.7,24.525,24.707,28.481,1.887,4,
1797,Hong_Kong,2017,13/04/2017,WCH,Rep,1,4,OLIVA_Lewis,GBR,10006898300,24.6,25.866,25.724,27.81,1.043,3,
1798,Hong_Kong,2017,13/04/2017,WCH,Rep,1,5,CECI_Francesco,ITA,10006073493,27.3,23.195,23.066,24.646,0.79,5,
1799,Hong_Kong,2017,13/04/2017,WCH,Rep,2,1,JURCZYK_Marc,GER,10009178002,21.2,19.97,22.666,27.594,2.464,4,
1800,Hong_Kong,2017,13/04/2017,WCH,Rep,2,2,KAWABATA_Tomoyuki,JPN,10008098470,32.2,23.832,24.196,27.032,1.418,2,
1801,Hong_Kong,2017,13/04/2017,WCH,Rep,2,3,WILLIAMS_Zac,NZL,10008997641,21.7,26.369,26.011,29.331,1.66,1,
1802,Hong_Kong,2017,13/04/2017,WCH,Rep,2,4,KANG_Shih_Feng,TPE,10010608447,19.8,22.509,22.147,25.411,1.632,3,
1803,Hong_Kong,2017,13/04/2017,WCH,Rep,2,5,SOJKA_David,CZE,10008950858,23.1,5.745,5.345,15.001,4.828,5,
1804,Hong_Kong,2017,13/04/2017,WCH,Rep,3,1,KELEMEN_Pavel,CZE,10006422895,25.9,27.457,27.783,29.891,1.054,1,
1805,Hong_Kong,2017,13/04/2017,WCH,Rep,3,2,DÖRNBACH_Maximilian,GER,10007779683,21.3,24.303,25.03,28.826,1.898,4,
1806,Hong_Kong,2017,13/04/2017,WCH,Rep,3,3,BROWNE_Kwesi,TTO,10009010876,23.2,23.266,23.486,25.882,1.198,5,
1807,Hong_Kong,2017,13/04/2017,WCH,Rep,3,4,BARRETTE_Hugo,CAN,10007212639,25.8,26.267,26.132,28.04,0.954,2,
1808,Hong_Kong,2017,13/04/2017,WCH,Rep,3,5,WAKIMOTO_Yuta,JPN,10005964470,28.1,24.911,24.651,26.601,0.975,3,
1809,Hong_Kong,2017,13/04/2017,WCH,Rep,4,1,EILERS_Joachim,GER,10006379247,27,31.976,32.106,34.08,0.987,1,
1810,Hong_Kong,2017,13/04/2017,WCH,Rep,4,2,SAHROM_Muhammad_Shah_Firdaus,MAS,10009150215,21.4,24.615,24.964,27.412,1.224,2,
1811,Hong_Kong,2017,13/04/2017,WCH,Rep,4,3,OMELCHENKO_Sergii,AZE,10006319633,27.4,24.387,24.466,26.508,1.021,3,
1812,Hong_Kong,2017,13/04/2017,WCH,Rep,4,4,LENDEL_Vasilijus,LTU,10009181234,22,24.277,24.16,26.33,1.085,4,
1813,Hong_Kong,2017,13/04/2017,WCH,Rep,4,5,NITTA_Yudai,JPN,10005727327,31.2,21.27,20.974,23.502,1.264,5,
1814,Hong_Kong,2017,13/04/2017,WCH,Final,1,1,AWANG_Mohd_Azizulhasni,MAS,10004868370,29.3,29.696,29.975,31.663,0.844,3,
1815,Hong_Kong,2017,13/04/2017,WCH,Final,1,2,PUERTA_ZAPATA_Fabian_Hernando,COL,10006904360,25.8,31.877,31.954,33.752,0.899,1,
1816,Hong_Kong,2017,13/04/2017,WCH,Final,1,3,BÁBEK_Tomáš,CZE,10004612534,29.9,27.841,28.11,30.826,1.358,4,
1817,Hong_Kong,2017,13/04/2017,WCH,Final,1,4,GLAETZER_Matthew,AUS,10006894559,24.6,30.198,30.094,32.11,1.008,2,
1818,Hong_Kong,2017,13/04/2017,WCH,Final,1,5,KELEMEN_Pavel,CZE,10006422895,25.9,27.783,27.638,29.708,1.035,5,
1819,Hong_Kong,2017,13/04/2017,WCH,Final,1,6,JURCZYK_Marc,GER,10009178002,21.2,22.666,21.758,26.31,2.276,6,
1820,Hong_Kong,2017,13/04/2017,WCH,Final,2,1,EILERS_Joachim,GER,10006379247,27,32.106,32.38,34.33,0.975,1,
1821,Hong_Kong,2017,13/04/2017,WCH,Final,2,2,TRUMAN_Joseph,GBR,10017950943,20.2,24.788,26.509,30.615,2.053,6,
1822,Hong_Kong,2017,13/04/2017,WCH,Final,2,3,VYNOKUROV_Andrii,UKR,10002418415,34.7,26.479,26.71,28.542,0.916,5,
1823,Hong_Kong,2017,13/04/2017,WCH,Final,2,4,PERVIS_Francois,FRA,10003011125,32.5,31.649,31.547,33.319,0.886,2,
1824,Hong_Kong,2017,13/04/2017,WCH,Final,2,5,WEBSTER_Sam,NZL,10006184742,25.7,29.77,29.456,32.122,1.333,4,
1825,Hong_Kong,2017,13/04/2017,WCH,Final,2,6,DAWKINS_Edward,NZL,10005782695,27.8,30.249,29.935,31.813,0.939,3,
1826,Pruszkow,2018,4/11/2017,WC,R1,1,1,RAJKOWSKI_Patryk,POL,10009176281,21.7,18.811,21.403,26.197,2.397,3,
1827,Pruszkow,2018,4/11/2017,WC,R1,1,2,OLIVA_Lewis,GBR,10006898300,25.2,25.724,25.771,27.825,1.027,1,
1828,Pruszkow,2018,4/11/2017,WC,R1,1,3,WATANABE_Kazunari,JPN,10003349716,32.5,25.355,25.271,26.983,0.856,2,
1829,Pruszkow,2018,4/11/2017,WC,R1,1,4,BRETAS_Sotirios,GRE,10006063086,27.6,9,11.069,20.929,4.93,4,
1830,Pruszkow,2018,4/11/2017,WC,R1,1,5,DE_PAUW_Ayrton,BEL,10010778704,19.6,9,4.038,15.694,5.828,4,
1831,Pruszkow,2018,4/11/2017,WC,R1,2,1,WAKIMOTO_Yuta,JPN,10005964470,28.6,24.651,25.029,26.957,0.964,2,
1832,Pruszkow,2018,4/11/2017,WC,R1,2,2,GLAETZER_Matthew,AUS,10006894559,25.2,30.094,30.026,32.014,0.994,1,
1833,Pruszkow,2018,4/11/2017,WC,R1,2,3,CARLIN_Jack,GBR,10009967641,20.5,9,17.713,26.461,4.374,5,
1834,Pruszkow,2018,4/11/2017,WC,R1,2,4,LENDEL_Vasilijus,LTU,10009181234,22.6,24.16,24.007,26.143,1.068,3,
1835,Pruszkow,2018,4/11/2017,WC,R1,2,5,BOTTASSO_Leandro,ARG,10010894696,31.5,18.03,17.786,20.678,1.446,4,
1836,Pruszkow,2018,4/11/2017,WC,R1,3,1,NITTA_Yudai,JPN,10005727327,31.8,20.974,21.756,24.226,1.235,4,
1837,Pruszkow,2018,4/11/2017,WC,R1,3,2,LAVREYSEN_Harrie,NED,10009535686,20.6,9,19.939,28.481,4.271,5,
1838,Pruszkow,2018,4/11/2017,WC,R1,3,3,PERALTA_Juan,ESP,10006552534,27.5,24.746,24.775,27.301,1.263,2,
1839,Pruszkow,2018,4/11/2017,WC,R1,3,4,SAHROM_Muhammad_Shah_Firdaus,MAS,10009150215,21.9,24.964,24.774,27.16,1.193,1,
1840,Pruszkow,2018,4/11/2017,WC,R1,3,5,OMELCHENKO_Sergii,AZE,10006319633,27.9,24.466,24.171,26.187,1.008,3,
1841,Pruszkow,2018,4/11/2017,WC,R1,4,1,EILERS_Joachim,GER,10006379247,27.6,32.38,32.577,34.511,0.967,1,
1842,Pruszkow,2018,4/11/2017,WC,R1,4,2,PUERTA_ZAPATA_Fabian_Hernando,COL,10006904360,26.3,31.954,31.948,33.732,0.892,2,
1843,Pruszkow,2018,4/11/2017,WC,R1,4,3,VIGIER_Sébastien,FRA,10010678569,20.5,23.971,23.895,30.069,3.087,3,
1844,Pruszkow,2018,4/11/2017,WC,R1,4,4,CECI_Davide,ITA,10007508083,24.2,12.839,13.902,17.43,1.764,5,
1845,Pruszkow,2018,4/11/2017,WC,R1,4,5,KANG_Shih_Feng,TPE,10010608447,20.3,22.147,21.355,24.513,1.579,4,
1846,Pruszkow,2018,4/11/2017,WC,R1,5,1,VYNOKUROV_Andrii,UKR,10002418415,35.2,26.71,26.975,28.793,0.909,2,
1847,Pruszkow,2018,4/11/2017,WC,R1,5,2,DAWKINS_Edward,NZL,10005782695,28.3,29.935,29.892,31.748,0.928,1,
1848,Pruszkow,2018,4/11/2017,WC,R1,5,3,NOVIK_Uladzislau,BLR,10009049979,22.6,19.094,20.269,25.025,2.378,4,
1849,Pruszkow,2018,4/11/2017,WC,R1,5,4,DÖRNBACH_Maximilian,GER,10007779683,21.9,25.03,24.244,27.848,1.802,3,
1850,Pruszkow,2018,4/11/2017,WC,R1,5,5,CECI_Luca,ITA,10006108051,28.8,7.316,7.221,14.313,3.546,5,
1851,Pruszkow,2018,4/11/2017,WC,R1,6,1,BÜCHLI_Matthijs,NED,10006900421,24.9,30.509,30.684,32.44,0.878,1,
1852,Pruszkow,2018,4/11/2017,WC,R1,6,2,BÁBEK_Tomáš,CZE,10004612534,30.4,28.11,28.296,30.93,1.317,3,
1853,Pruszkow,2018,4/11/2017,WC,R1,6,3,DUBCHENKO_Aleksandr,RUS,10007772108,22.7,20.972,21.746,25.07,1.662,4,
1854,Pruszkow,2018,4/11/2017,WC,R1,6,4,AWANG_Mohd_Azizulhasni,MAS,10004868370,29.8,29.975,29.752,31.426,0.837,2,
1855,Pruszkow,2018,4/11/2017,WC,R1,6,5,DANESHVARKHOURRAM_Mohammad,IRI,10007828082,23.9,17.961,17.441,22.357,2.458,5,
1856,Pruszkow,2018,4/11/2017,WC,Rep,1,1,DÖRNBACH_Maximilian,GER,10007779683,21.9,24.244,25.099,28.559,1.73,2,
1857,Pruszkow,2018,4/11/2017,WC,Rep,1,2,OLIVA_Lewis,GBR,10006898300,25.2,25.771,25.823,27.847,1.012,1,
1858,Pruszkow,2018,4/11/2017,WC,Rep,1,3,KANG_Shih_Feng,TPE,10010608447,20.3,21.355,21.461,24.497,1.518,4,
1859,Pruszkow,2018,4/11/2017,WC,Rep,1,4,DUBCHENKO_Aleksandr,RUS,10007772108,22.7,21.746,21.215,24.425,1.605,3,
1860,Pruszkow,2018,4/11/2017,WC,Rep,2,1,GLAETZER_Matthew,AUS,10006894559,25.2,30.026,30.086,32.068,0.991,1,
1861,Pruszkow,2018,4/11/2017,WC,Rep,2,2,CECI_Davide,ITA,10007508083,24.2,13.902,15.297,18.657,1.68,4,
1862,Pruszkow,2018,4/11/2017,WC,Rep,2,3,OMELCHENKO_Sergii,AZE,10006319633,27.9,24.171,24.009,25.997,0.994,2,
1863,Pruszkow,2018,4/11/2017,WC,Rep,2,4,NOVIK_Uladzislau,BLR,10009049979,22.6,20.269,19.126,23.542,2.208,3,
1864,Pruszkow,2018,4/11/2017,WC,Rep,3,1,VIGIER_Sébastien,FRA,10010678569,20.5,23.895,25.6,31.27,2.835,2,
1865,Pruszkow,2018,4/11/2017,WC,Rep,3,2,SAHROM_Muhammad_Shah_Firdaus,MAS,10009150215,21.9,24.774,24.856,27.202,1.173,1,
1866,Pruszkow,2018,4/11/2017,WC,Rep,3,3,BOTTASSO_Leandro,ARG,10010894696,31.5,17.786,18.098,20.912,1.407,4,
1867,Pruszkow,2018,4/11/2017,WC,Rep,3,4,LAVREYSEN_Harrie,NED,10009535686,20.6,19.939,16.584,23.606,3.511,3,
1868,Pruszkow,2018,4/11/2017,WC,Rep,4,1,PUERTA_ZAPATA_Fabian_Hernando,COL,10006904360,26.3,31.948,32.015,33.795,0.89,1,
1869,Pruszkow,2018,4/11/2017,WC,Rep,4,2,LENDEL_Vasilijus,LTU,10009181234,22.6,24.007,24.18,26.288,1.054,3,
1870,Pruszkow,2018,4/11/2017,WC,Rep,4,3,PERALTA_Juan,ESP,10006552534,27.5,24.775,24.557,27.037,1.24,2,
1871,Pruszkow,2018,4/11/2017,WC,Rep,4,4,DE_PAUW_Ayrton,BEL,10010778704,19.6,4.038,4.002,14.336,5.167,4,
1872,Pruszkow,2018,4/11/2017,WC,Rep,5,1,DAWKINS_Edward,NZL,10005782695,28.3,29.892,29.997,31.847,0.925,1,
1873,Pruszkow,2018,4/11/2017,WC,Rep,5,2,CARLIN_Jack,GBR,10009967641,20.5,17.713,20.062,27.182,3.56,2,
1874,Pruszkow,2018,4/11/2017,WC,Rep,5,3,BRETAS_Sotirios,GRE,10006063086,27.6,11.069,14.264,21.892,3.814,4,
1875,Pruszkow,2018,4/11/2017,WC,Rep,5,4,DANESHVARKHOURRAM_Mohammad,IRI,10007828082,23.9,17.441,16.549,21.201,2.326,3,
1876,Pruszkow,2018,4/11/2017,WC,Rep,6,1,BÁBEK_Tomáš,CZE,10004612534,30.4,28.296,28.564,31.154,1.295,2,
1877,Pruszkow,2018,4/11/2017,WC,Rep,6,2,CECI_Luca,ITA,10006108051,28.8,7.221,14.216,20.076,2.93,4,
1878,Pruszkow,2018,4/11/2017,WC,Rep,6,3,AWANG_Mohd_Azizulhasni,MAS,10004868370,29.8,29.752,29.54,31.202,0.831,1,
1879,Pruszkow,2018,4/11/2017,WC,Rep,6,4,WATANABE_Kazunari,JPN,10003349716,32.5,25.271,25.081,26.783,0.851,3,
1880,Pruszkow,2018,4/11/2017,WC,R2,1,1,EILERS_Joachim,GER,10006379247,27.6,32.577,32.816,34.73,0.957,1,
1881,Pruszkow,2018,4/11/2017,WC,R2,1,2,PUERTA_ZAPATA_Fabian_Hernando,COL,10006904360,26.3,32.015,32.079,33.841,0.881,2,
1882,Pruszkow,2018,4/11/2017,WC,R2,1,3,VYNOKUROV_Andrii,UKR,10002418415,35.2,26.975,27.121,28.917,0.898,4,
1883,Pruszkow,2018,4/11/2017,WC,R2,1,4,DÖRNBACH_Maximilian,GER,10007779683,21.9,25.099,25.337,28.603,1.633,5,
1884,Pruszkow,2018,4/11/2017,WC,R2,1,5,RAJKOWSKI_Patryk,POL,10009176281,21.7,21.403,21.888,26.206,2.159,6,
1885,Pruszkow,2018,4/11/2017,WC,R2,1,6,DAWKINS_Edward,NZL,10005782695,28.3,29.997,29.625,31.455,0.915,3,
1886,Pruszkow,2018,4/11/2017,WC,R2,2,1,BÜCHLI_Matthijs,NED,10006900421,24.9,30.684,30.922,32.664,0.871,1,
1887,Pruszkow,2018,4/11/2017,WC,R2,2,2,VIGIER_Sébastien,FRA,10010678569,20.5,25.6,27.255,32.193,2.469,4,
1888,Pruszkow,2018,4/11/2017,WC,R2,2,3,GLAETZER_Matthew,AUS,10006894559,25.2,30.086,30.08,32.03,0.975,2,
1889,Pruszkow,2018,4/11/2017,WC,R2,2,4,WAKIMOTO_Yuta,JPN,10005964470,28.6,25.029,25.133,27.033,0.95,5,
1890,Pruszkow,2018,4/11/2017,WC,R2,2,5,BÁBEK_Tomáš,CZE,10004612534,30.4,28.564,28.166,30.68,1.257,3,
1891,Pruszkow,2018,4/11/2017,WC,R2,2,6,NITTA_Yudai,JPN,10005727327,31.8,21.756,21.545,23.973,1.214,6,
1892,Pruszkow,2018,4/11/2017,WC,Final,1,1,BÜCHLI_Matthijs,NED,10006900421,24.9,30.922,31.224,32.95,0.863,3,
1893,Pruszkow,2018,4/11/2017,WC,Final,1,2,EILERS_Joachim,GER,10006379247,27.6,32.816,32.93,34.816,0.943,1,
1894,Pruszkow,2018,4/11/2017,WC,Final,1,3,VIGIER_Sébastien,FRA,10010678569,20.5,27.255,28.231,32.627,2.198,5,
1895,Pruszkow,2018,4/11/2017,WC,Final,1,4,PUERTA_ZAPATA_Fabian_Hernando,COL,10006904360,26.3,32.079,31.998,33.74,0.871,2,
1896,Pruszkow,2018,4/11/2017,WC,Final,1,5,GLAETZER_Matthew,AUS,10006894559,25.2,30.08,29.937,31.857,0.96,4,
1897,Pruszkow,2018,4/11/2017,WC,Final,1,6,VYNOKUROV_Andrii,UKR,10002418415,35.2,27.121,26.95,28.732,0.891,6,
1898,Pruszkow,2018,4/11/2017,WC,Final,2,1,BÁBEK_Tomáš,CZE,10004612534,30.4,28.166,28.635,31.093,1.229,2,
1899,Pruszkow,2018,4/11/2017,WC,Final,2,2,RAJKOWSKI_Patryk,POL,10009176281,21.7,21.888,23.457,27.417,1.98,5,
1900,Pruszkow,2018,4/11/2017,WC,Final,2,3,DÖRNBACH_Maximilian,GER,10007779683,21.9,25.337,25.624,28.722,1.549,3,
1901,Pruszkow,2018,4/11/2017,WC,Final,2,4,DAWKINS_Edward,NZL,10005782695,28.3,29.625,29.451,31.257,0.903,1,
1902,Pruszkow,2018,4/11/2017,WC,Final,2,5,NITTA_Yudai,JPN,10005727327,31.8,21.545,21.616,23.982,1.183,6,
1903,Pruszkow,2018,4/11/2017,WC,Final,2,6,WAKIMOTO_Yuta,JPN,10005964470,28.6,25.133,24.848,26.728,0.94,4,
1904,Manchester,2018,12/11/2017,WC,R1,1,1,BÜCHLI_Matthijs,NED,10006900421,24.9,31.224,31.379,33.095,0.858,1,
1905,Manchester,2018,12/11/2017,WC,R1,1,2,VYNOKUROV_Andrii,UKR,10002418415,35.2,26.95,27.119,28.881,0.881,2,
1906,Manchester,2018,12/11/2017,WC,R1,1,3,LAFARGUE_Quentin,FRA,10005930724,27,26.582,26.664,29.56,1.448,3,
1907,Manchester,2018,12/11/2017,WC,R1,1,4,OLIVA_Lewis,GBR,10006898300,25.2,25.823,25.767,27.757,0.995,4,
1908,Manchester,2018,12/11/2017,WC,R1,1,5,NITTA_Yudai,JPN,10005727327,31.8,21.616,21.576,23.89,1.157,5,
1909,Manchester,2018,12/11/2017,WC,R1,1,6,CECI_Luca,ITA,10006108051,28.9,14.216,14.321,19.555,2.617,6,
1910,Manchester,2018,12/11/2017,WC,R1,1,7,SPIES_Jean,RSA,10007351671,28,9,3.818,14.882,5.532,7,
1911,Manchester,2018,12/11/2017,WC,R1,2,1,EILERS_Joachim,GER,10006379247,27.6,32.93,33.014,34.892,0.939,1,
1912,Manchester,2018,12/11/2017,WC,R1,2,2,BOTTASSO_Leandro,ARG,10010894696,31.5,18.098,19.138,21.856,1.359,5,
1913,Manchester,2018,12/11/2017,WC,R1,2,3,CASTLE_Jordan,NZL,10009138491,21.4,9,18.843,27.199,4.178,6,
1914,Manchester,2018,12/11/2017,WC,R1,2,4,KANG_Shih_Feng,TPE,10010608447,20.4,21.461,21.708,24.612,1.452,3,
1915,Manchester,2018,12/11/2017,WC,R1,2,5,DUBCHENKO_Aleksandr,RUS,10007772108,22.7,21.215,21.228,24.282,1.527,4,
1916,Manchester,2018,12/11/2017,WC,R1,2,6,BÁBEK_Tomáš,CZE,10004612534,30.4,28.635,27.89,30.284,1.197,2,
1917,Manchester,2018,12/11/2017,WC,R1,2,7,DE_PAUW_Ayrton,BEL,10010778704,19.7,4.002,3.867,12.941,4.537,7,
1918,Manchester,2018,12/11/2017,WC,R1,3,1,GLAETZER_Matthew,AUS,10006894559,25.2,29.937,30.136,32.04,0.952,1,
1919,Manchester,2018,12/11/2017,WC,R1,3,2,RAJKOWSKI_Patryk,POL,10009176281,21.7,23.457,24.414,28.11,1.848,4,
1920,Manchester,2018,12/11/2017,WC,R1,3,3,SAHROM_Muhammad_Shah_Firdaus,MAS,10009150215,22,24.856,24.988,27.278,1.145,2,
1921,Manchester,2018,12/11/2017,WC,R1,3,4,HOOGLAND_Jeffrey,NED,10007379761,24.7,21.423,21.581,26.963,2.691,5,
1922,Manchester,2018,12/11/2017,WC,R1,3,5,OMELCHENKO_Sergii,AZE,10006319633,28,24.009,23.843,25.803,0.98,3,
1923,Manchester,2018,12/11/2017,WC,R1,3,6,BRETAS_Sotirios,GRE,10006063086,27.7,14.264,13.106,19.714,3.304,6,
1924,Manchester,2018,12/11/2017,WC,R1,4,1,TRUMAN_Joseph,GBR,10017950943,20.7,26.509,27.769,31.645,1.938,2,
1925,Manchester,2018,12/11/2017,WC,R1,4,2,AWANG_Mohd_Azizulhasni,MAS,10004868370,29.9,29.54,29.583,31.233,0.825,1,
1926,Manchester,2018,12/11/2017,WC,R1,4,3,KAWABATA_Tomoyuki,JPN,10008098470,32.8,24.196,24.465,27.197,1.366,4,
1927,Manchester,2018,12/11/2017,WC,R1,4,4,LENDEL_Vasilijus,LTU,10009181234,22.6,24.18,24.182,26.252,1.035,5,
1928,Manchester,2018,12/11/2017,WC,R1,4,5,PERALTA_Juan,ESP,10006552534,27.5,24.557,24.254,26.672,1.209,3,
1929,Manchester,2018,12/11/2017,WC,R1,4,6,CECI_Davide,ITA,10007508083,24.2,15.297,15.097,18.371,1.637,6,
1930,Manchester,2018,12/11/2017,WC,Rep,1,1,LAFARGUE_Quentin,FRA,10005930724,27,26.664,27.194,30.014,1.41,2,
1931,Manchester,2018,12/11/2017,WC,Rep,1,2,LENDEL_Vasilijus,LTU,10009181234,22.6,24.182,24.414,26.45,1.018,3,
1932,Manchester,2018,12/11/2017,WC,Rep,1,3,BÁBEK_Tomáš,CZE,10004612534,30.4,27.89,27.678,30.016,1.169,1,
1933,Manchester,2018,12/11/2017,WC,Rep,1,4,OMELCHENKO_Sergii,AZE,10006319633,28,23.843,23.699,25.639,0.97,4,
1934,Manchester,2018,12/11/2017,WC,Rep,1,5,SPIES_Jean,RSA,10007351671,28,3.818,3.742,13.534,4.896,5,
1935,Manchester,2018,12/11/2017,WC,Rep,2,1,CASTLE_Jordan,NZL,10009138491,21.4,18.843,22.43,29.606,3.588,3,
1936,Manchester,2018,12/11/2017,WC,Rep,2,2,DUBCHENKO_Aleksandr,RUS,10007772108,22.7,21.228,21.573,24.527,1.477,2,
1937,Manchester,2018,12/11/2017,WC,Rep,2,3,CECI_Luca,ITA,10006108051,28.9,14.321,15.672,20.388,2.358,4,
1938,Manchester,2018,12/11/2017,WC,Rep,2,4,HOOGLAND_Jeffrey,NED,10007379761,24.7,21.581,19.874,24.734,2.43,1,
1939,Manchester,2018,12/11/2017,WC,Rep,2,5,DE_PAUW_Ayrton,BEL,10010778704,19.7,3.867,3.612,11.774,4.081,5,
1940,Manchester,2018,12/11/2017,WC,Rep,3,1,NITTA_Yudai,JPN,10005727327,31.8,21.576,21.992,24.268,1.138,3,
1941,Manchester,2018,12/11/2017,WC,Rep,3,2,SAHROM_Muhammad_Shah_Firdaus,MAS,10009150215,22,24.988,24.911,27.157,1.123,1,
1942,Manchester,2018,12/11/2017,WC,Rep,3,3,CECI_Davide,ITA,10007508083,24.2,15.097,15.629,18.765,1.568,4,
1943,Manchester,2018,12/11/2017,WC,Rep,3,4,KANG_Shih_Feng,TPE,10010608447,20.4,21.708,21.079,23.901,1.411,2,
1944,Manchester,2018,12/11/2017,WC,Rep,4,1,PERALTA_Juan,ESP,10006552534,27.5,24.254,24.671,27.047,1.188,3,
1945,Manchester,2018,12/11/2017,WC,Rep,4,2,KAWABATA_Tomoyuki,JPN,10008098470,32.8,24.465,24.591,27.245,1.327,2,
1946,Manchester,2018,12/11/2017,WC,Rep,4,3,OLIVA_Lewis,GBR,10006898300,25.2,25.767,25.596,27.562,0.983,1,
1947,Manchester,2018,12/11/2017,WC,Rep,4,4,BRETAS_Sotirios,GRE,10006063086,27.7,13.106,12.697,18.785,3.044,4,
1948,Manchester,2018,12/11/2017,WC,R2,1,1,TRUMAN_Joseph,GBR,10017950943,20.7,27.769,28.937,32.615,1.839,2,
1949,Manchester,2018,12/11/2017,WC,R2,1,2,BÜCHLI_Matthijs,NED,10006900421,24.9,31.379,31.404,33.104,0.85,1,
1950,Manchester,2018,12/11/2017,WC,R2,1,3,PERALTA_Juan,ESP,10006552534,27.5,24.671,24.943,27.259,1.158,4,
1951,Manchester,2018,12/11/2017,WC,R2,1,4,LAFARGUE_Quentin,FRA,10005930724,27,27.194,26.998,29.716,1.359,3,
1952,Manchester,2018,12/11/2017,WC,R2,1,5,BOTTASSO_Leandro,ARG,10010894696,31.5,19.138,19.397,22.029,1.316,6,
1953,Manchester,2018,12/11/2017,WC,R2,1,6,RAJKOWSKI_Patryk,POL,10009176281,21.7,24.414,23.359,26.867,1.754,5,
1954,Manchester,2018,12/11/2017,WC,R2,2,1,GLAETZER_Matthew,AUS,10006894559,25.2,30.136,30.396,32.28,0.942,2,
1955,Manchester,2018,12/11/2017,WC,R2,2,2,VYNOKUROV_Andrii,UKR,10002418415,35.2,27.119,27.325,29.067,0.871,4,
1956,Manchester,2018,12/11/2017,WC,R2,2,3,NITTA_Yudai,JPN,10005727327,31.8,21.992,22.5,24.72,1.11,6,
1957,Manchester,2018,12/11/2017,WC,R2,2,4,CASTLE_Jordan,NZL,10009138491,21.4,22.43,23.589,29.305,2.858,5,
1958,Manchester,2018,12/11/2017,WC,R2,2,5,EILERS_Joachim,GER,10006379247,27.6,33.014,32.659,34.509,0.925,1,
1959,Manchester,2018,12/11/2017,WC,R2,2,6,AWANG_Mohd_Azizulhasni,MAS,10004868370,29.9,29.583,29.324,30.962,0.819,3,
1960,Manchester,2018,12/11/2017,WC,Final,1,1,BÜCHLI_Matthijs,NED,10006900421,24.9,31.404,31.577,33.267,0.845,1,
1961,Manchester,2018,12/11/2017,WC,Final,1,2,VYNOKUROV_Andrii,UKR,10002418415,35.2,27.325,27.516,29.24,0.862,4,
1962,Manchester,2018,12/11/2017,WC,Final,1,3,PERALTA_Juan,ESP,10006552534,27.5,24.943,25.239,27.497,1.129,5,
1963,Manchester,2018,12/11/2017,WC,Final,1,4,GLAETZER_Matthew,AUS,10006894559,25.2,30.396,30.233,32.089,0.928,2,
1964,Manchester,2018,12/11/2017,WC,Final,1,5,NITTA_Yudai,JPN,10005727327,31.8,22.5,22.61,24.782,1.086,6,
1965,Manchester,2018,12/11/2017,WC,Final,1,6,TRUMAN_Joseph,GBR,10017950943,20.7,28.937,27.572,31.044,1.736,3,
1966,Manchester,2018,12/11/2017,WC,Final,2,1,LAFARGUE_Quentin,FRA,10005930724,27,26.998,27.773,30.415,1.321,3,
1967,Manchester,2018,12/11/2017,WC,Final,2,2,EILERS_Joachim,GER,10006379247,27.6,32.659,32.655,34.483,0.914,1,
1968,Manchester,2018,12/11/2017,WC,Final,2,3,CASTLE_Jordan,NZL,10009138491,21.4,23.589,24.872,29.822,2.475,4,
1969,Manchester,2018,12/11/2017,WC,Final,2,4,AWANG_Mohd_Azizulhasni,MAS,10004868370,29.9,29.324,29.232,30.856,0.812,2,
1970,Manchester,2018,12/11/2017,WC,Final,2,5,RAJKOWSKI_Patryk,POL,10009176281,21.7,23.359,23.178,26.512,1.667,5,
1971,Manchester,2018,12/11/2017,WC,Final,2,6,BOTTASSO_Leandro,ARG,10010894696,31.5,19.397,19.201,21.787,1.293,6,
1972,Milton,2018,2/12/2017,WC,R1,1,1,VYNOKUROV_Andrii,UKR,10002418415,35.3,27.516,27.773,29.483,0.855,3,
1973,Milton,2018,2/12/2017,WC,R1,1,2,WAKIMOTO_Yuta,JPN,10005964470,28.7,24.848,25.124,26.978,0.927,4,
1974,Milton,2018,2/12/2017,WC,R1,1,3,KELEMEN_Pavel,CZE,10006422895,26.5,27.638,27.671,29.703,1.016,2,
1975,Milton,2018,2/12/2017,WC,R1,1,4,PERVIS_Francois,FRA,10003011125,33.1,31.547,31.308,33.06,0.876,1,
1976,Milton,2018,2/12/2017,WC,R1,1,5,RASOL_Muhamad_Khairil_Nizam,MAS,10010648257,20.3,9,15.279,24.019,4.37,6,
1977,Milton,2018,2/12/2017,WC,R1,1,6,CECI_Francesco,ITA,10006073493,28,23.066,22.907,24.483,0.788,5,
1978,Milton,2018,2/12/2017,WC,R1,2,1,EILERS_Joachim,GER,10006379247,27.7,32.655,32.797,34.613,0.908,1,
1979,Milton,2018,2/12/2017,WC,R1,2,2,LAVREYSEN_Harrie,NED,10009535686,20.7,16.584,21.507,27.283,2.888,6,
1980,Milton,2018,2/12/2017,WC,R1,2,3,TRUMAN_Joseph,GBR,10017950943,20.8,27.572,27.574,30.858,1.642,2,
1981,Milton,2018,2/12/2017,WC,R1,2,4,KAWABATA_Tomoyuki,JPN,10008098470,32.8,24.591,24.647,27.217,1.285,3,
1982,Milton,2018,2/12/2017,WC,R1,2,5,RAJKOWSKI_Patryk,POL,10009176281,21.8,23.178,22.996,26.168,1.586,4,
1983,Milton,2018,2/12/2017,WC,R1,2,6,VERDUGO_OSUNA_Edgar,MEX,10007890932,20.4,21.805,21.135,24.603,1.734,5,
1984,Milton,2018,2/12/2017,WC,R1,3,1,BARRETTE_Hugo,CAN,10007212639,26.4,26.132,26.446,28.332,0.943,1,
1985,Milton,2018,2/12/2017,WC,R1,3,2,OLIVA_Lewis,GBR,10006898300,25.3,25.596,25.788,27.722,0.967,2,
1986,Milton,2018,2/12/2017,WC,R1,3,3,PERALTA_Juan,ESP,10006552534,27.5,25.239,25.332,27.536,1.102,3,
1987,Milton,2018,2/12/2017,WC,R1,3,4,KANG_Shih_Feng,TPE,10010608447,20.4,21.079,21.373,24.083,1.355,6,
1988,Milton,2018,2/12/2017,WC,R1,3,5,JONAUSKAS_Svajūnas,LTU,10009181032,22.9,16.507,17.874,23.68,2.903,7,
1989,Milton,2018,2/12/2017,WC,R1,3,6,NITTA_Yudai,JPN,10005727327,31.9,22.61,22.428,24.554,1.063,5,
1990,Milton,2018,2/12/2017,WC,R1,3,7,OMELCHENKO_Sergii,AZE,10006319633,28,23.699,23.347,25.261,0.957,4,
1991,Milton,2018,2/12/2017,WC,Rep,1,1,KAWABATA_Tomoyuki,JPN,10008098470,32.8,24.647,25.252,27.76,1.254,2,
1992,Milton,2018,2/12/2017,WC,Rep,1,2,KELEMEN_Pavel,CZE,10006422895,26.5,27.671,27.733,29.731,0.999,1,
1993,Milton,2018,2/12/2017,WC,Rep,1,3,NITTA_Yudai,JPN,10005727327,31.9,22.428,22.633,24.717,1.042,5,
1994,Milton,2018,2/12/2017,WC,Rep,1,4,RAJKOWSKI_Patryk,POL,10009176281,21.8,22.996,22.969,25.987,1.509,3,
1995,Milton,2018,2/12/2017,WC,Rep,1,5,KANG_Shih_Feng,TPE,10010608447,20.4,21.373,21.266,23.886,1.31,6,
1996,Milton,2018,2/12/2017,WC,Rep,1,6,CECI_Francesco,ITA,10006073493,28,22.907,22.715,24.283,0.784,4,
1997,Milton,2018,2/12/2017,WC,Rep,2,1,TRUMAN_Joseph,GBR,10017950943,20.8,27.574,28.381,31.539,1.579,2,
1998,Milton,2018,2/12/2017,WC,Rep,2,2,JONAUSKAS_Svajūnas,LTU,10009181032,22.9,17.874,21.443,26.445,2.501,6,
1999,Milton,2018,2/12/2017,WC,Rep,2,3,PERVIS_Francois,FRA,10003011125,33.1,31.308,31.191,32.923,0.866,1,
2000,Milton,2018,2/12/2017,WC,Rep,2,4,OMELCHENKO_Sergii,AZE,10006319633,28,23.347,23.469,25.353,0.942,4,
2001,Milton,2018,2/12/2017,WC,Rep,2,5,PERALTA_Juan,ESP,10006552534,27.5,25.332,25.189,27.345,1.078,3,
2002,Milton,2018,2/12/2017,WC,Rep,2,6,VERDUGO_OSUNA_Edgar,MEX,10007890932,20.4,21.135,20.859,24.151,1.646,5,
2003,Milton,2018,2/12/2017,WC,Rep,2,7,RASOL_Muhamad_Khairil_Nizam,MAS,10010648257,20.3,15.279,13.147,20.289,3.571,7,
2004,Milton,2018,2/12/2017,WC,R2,1,1,LAVREYSEN_Harrie,NED,10009535686,20.7,21.507,25.308,30.394,2.543,6,
2005,Milton,2018,2/12/2017,WC,R2,1,2,PERVIS_Francois,FRA,10003011125,33.1,31.191,31.246,32.96,0.857,1,
2006,Milton,2018,2/12/2017,WC,R2,1,3,OLIVA_Lewis,GBR,10006898300,25.3,25.788,25.993,27.895,0.951,5,
2007,Milton,2018,2/12/2017,WC,R2,1,4,KELEMEN_Pavel,CZE,10006422895,26.5,27.733,27.722,29.684,0.981,4,
2008,Milton,2018,2/12/2017,WC,R2,1,5,VYNOKUROV_Andrii,UKR,10002418415,35.3,27.773,27.672,29.364,0.846,3,
2009,Milton,2018,2/12/2017,WC,R2,1,6,TRUMAN_Joseph,GBR,10017950943,20.8,28.381,27.519,30.547,1.514,2,
2010,Milton,2018,2/12/2017,WC,R2,2,1,EILERS_Joachim,GER,10006379247,27.7,32.797,32.916,34.722,0.903,1,
2011,Milton,2018,2/12/2017,WC,R2,2,2,WAKIMOTO_Yuta,JPN,10005964470,28.7,25.124,25.376,27.208,0.916,4,
2012,Milton,2018,2/12/2017,WC,R2,2,3,BARRETTE_Hugo,CAN,10007212639,26.4,26.446,26.505,28.365,0.93,2,
2013,Milton,2018,2/12/2017,WC,R2,2,4,KAWABATA_Tomoyuki,JPN,10008098470,32.8,25.252,25.205,27.641,1.218,3,
2014,Milton,2018,2/12/2017,WC,R2,2,5,NITTA_Yudai,JPN,10005727327,31.9,22.633,22.587,24.635,1.024,5,
2015,Milton,2018,2/12/2017,WC,R2,2,6,JONAUSKAS_Svajūnas,LTU,10009181032,22.9,21.443,20.094,24.67,2.288,6,
2016,Milton,2018,2/12/2017,WC,Final,1,1,LAVREYSEN_Harrie,NED,10009535686,20.7,25.308,27.708,32.322,2.307,6,
2017,Milton,2018,2/12/2017,WC,Final,1,2,OLIVA_Lewis,GBR,10006898300,25.3,25.993,26.326,28.2,0.937,4,
2018,Milton,2018,2/12/2017,WC,Final,1,3,EILERS_Joachim,GER,10006379247,27.7,32.916,32.81,34.592,0.891,1,
2019,Milton,2018,2/12/2017,WC,Final,1,4,WAKIMOTO_Yuta,JPN,10005964470,28.7,25.376,25.501,27.307,0.903,5,
2020,Milton,2018,2/12/2017,WC,Final,1,5,PERVIS_Francois,FRA,10003011125,33.1,31.246,31.024,32.72,0.848,2,
2021,Milton,2018,2/12/2017,WC,Final,1,6,BARRETTE_Hugo,CAN,10007212639,26.4,26.505,26.29,28.132,0.921,3,
2022,Milton,2018,2/12/2017,WC,Final,2,1,VYNOKUROV_Andrii,UKR,10002418415,35.3,27.672,27.904,29.584,0.84,2,
2023,Milton,2018,2/12/2017,WC,Final,2,2,KELEMEN_Pavel,CZE,10006422895,26.5,27.722,27.848,29.78,0.966,1,
2024,Milton,2018,2/12/2017,WC,Final,2,3,NITTA_Yudai,JPN,10005727327,31.9,22.587,22.859,24.869,1.005,5,
2025,Milton,2018,2/12/2017,WC,Final,2,4,TRUMAN_Joseph,GBR,10017950943,20.8,27.519,27.186,30.08,1.447,3,
2026,Milton,2018,2/12/2017,WC,Final,2,5,KAWABATA_Tomoyuki,JPN,10008098470,32.8,25.205,24.967,27.339,1.186,4,
2027,Milton,2018,2/12/2017,WC,Final,2,6,JONAUSKAS_Svajūnas,LTU,10009181032,22.9,20.094,19.255,23.519,2.132,6,
2028,Santiago,2018,9/12/2017,WC,R1,1,1,WAKIMOTO_Yuta,JPN,10005964470,28.7,25.501,25.8,27.59,0.895,4,
2029,Santiago,2018,9/12/2017,WC,R1,1,2,PERKINS_Shane_Alan,RUS,10051694112,30.9,28.515,28.534,30.91,1.188,1,
2030,Santiago,2018,9/12/2017,WC,R1,1,3,BOTTASSO_Leandro,ARG,10010894696,31.6,19.201,19.761,22.267,1.253,5,
2031,Santiago,2018,9/12/2017,WC,R1,1,4,VYNOKUROV_Andrii,UKR,10002418415,35.3,27.904,27.739,29.403,0.832,2,
2032,Santiago,2018,9/12/2017,WC,R1,1,5,OLIVA_Lewis,GBR,10006898300,25.3,26.326,26.039,27.893,0.927,3,
2033,Santiago,2018,9/12/2017,WC,R1,2,1,PERALTA_Juan,ESP,10006552534,27.6,25.189,25.67,27.792,1.061,3,
2034,Santiago,2018,9/12/2017,WC,R1,2,2,PERVIS_Francois,FRA,10003011125,33.1,31.024,30.987,32.669,0.841,1,
2035,Santiago,2018,9/12/2017,WC,R1,2,3,HSIAO_Shih_Hsin,TPE,10006137252,27.7,14.294,18.661,24.627,2.983,5,
2036,Santiago,2018,9/12/2017,WC,R1,2,4,FUKAYA_Tomohiro,JPN,10005964672,27.9,9,17.192,25.614,4.211,6,
2037,Santiago,2018,9/12/2017,WC,R1,2,5,OMELCHENKO_Sergii,AZE,10006319633,28,23.469,23.394,25.254,0.93,4,
2038,Santiago,2018,9/12/2017,WC,R1,2,6,BARRETTE_Hugo,CAN,10007212639,26.4,26.29,25.951,27.775,0.912,2,
2039,Santiago,2018,9/12/2017,WC,R1,3,1,LENDEL_Vasilijus,LTU,10009181234,22.7,24.414,24.819,26.827,1.004,3,
2040,Santiago,2018,9/12/2017,WC,R1,3,2,KELEMEN_Pavel,CZE,10006422895,26.5,27.848,27.889,29.793,0.952,1,
2041,Santiago,2018,9/12/2017,WC,R1,3,3,JURCZYK_Marc,GER,10009178002,21.9,21.758,22.364,26.496,2.066,5,
2042,Santiago,2018,9/12/2017,WC,R1,3,4,RASOL_Muhamad_Khairil_Nizam,MAS,10010648257,20.3,13.147,16.262,22.016,2.877,6,
2043,Santiago,2018,9/12/2017,WC,R1,3,5,CECI_Francesco,ITA,10006073493,28,22.715,22.646,24.204,0.779,4,
2044,Santiago,2018,9/12/2017,WC,R1,3,6,WATANABE_Kazunari,JPN,10003349716,32.6,25.081,24.789,26.477,0.844,2,
2045,Santiago,2018,9/12/2017,WC,Rep,1,1,BARRETTE_Hugo,CAN,10007212639,26.4,25.951,26.191,27.999,0.904,2,
2046,Santiago,2018,9/12/2017,WC,Rep,1,2,OLIVA_Lewis,GBR,10006898300,25.3,26.039,26.114,27.946,0.916,1,
2047,Santiago,2018,9/12/2017,WC,Rep,1,3,CECI_Francesco,ITA,10006073493,28,22.646,22.713,24.261,0.774,3,
2048,Santiago,2018,9/12/2017,WC,Rep,1,4,FUKAYA_Tomohiro,JPN,10005964672,27.9,17.192,17.943,24.357,3.207,5,
2049,Santiago,2018,9/12/2017,WC,Rep,1,5,BOTTASSO_Leandro,ARG,10010894696,31.6,19.761,19.641,22.083,1.221,4,
2050,Santiago,2018,9/12/2017,WC,Rep,1,6,RASOL_Muhamad_Khairil_Nizam,MAS,10010648257,20.3,16.262,14.899,20.077,2.589,6,
2051,Santiago,2018,9/12/2017,WC,Rep,2,1,VYNOKUROV_Andrii,UKR,10002418415,35.3,27.739,27.898,29.554,0.828,1,
2052,Santiago,2018,9/12/2017,WC,Rep,2,2,WATANABE_Kazunari,JPN,10003349716,32.6,24.789,24.912,26.586,0.837,2,
2053,Santiago,2018,9/12/2017,WC,Rep,2,3,JURCZYK_Marc,GER,10009178002,21.9,22.364,22.617,26.445,1.914,4,
2054,Santiago,2018,9/12/2017,WC,Rep,2,4,HSIAO_Shih_Hsin,TPE,10006137252,27.7,18.661,18.983,24.141,2.579,5,
2055,Santiago,2018,9/12/2017,WC,Rep,2,5,OMELCHENKO_Sergii,AZE,10006319633,28,23.394,23.148,24.992,0.922,3,
2056,Santiago,2018,9/12/2017,WC,R2,1,1,WAKIMOTO_Yuta,JPN,10005964470,28.7,25.8,26.161,27.933,0.886,5,
2057,Santiago,2018,9/12/2017,WC,R2,1,2,KELEMEN_Pavel,CZE,10006422895,26.5,27.889,28.054,29.93,0.938,2,
2058,Santiago,2018,9/12/2017,WC,R2,1,3,PERVIS_Francois,FRA,10003011125,33.1,30.987,30.909,32.573,0.832,1,
2059,Santiago,2018,9/12/2017,WC,R2,1,4,BARRETTE_Hugo,CAN,10007212639,26.4,26.191,26.198,27.982,0.892,3,
2060,Santiago,2018,9/12/2017,WC,R2,1,5,OLIVA_Lewis,GBR,10006898300,25.3,26.114,25.995,27.805,0.905,4,
2061,Santiago,2018,9/12/2017,WC,R2,1,6,JURCZYK_Marc,GER,10009178002,21.9,22.617,21.886,25.516,1.815,6,
2062,Santiago,2018,9/12/2017,WC,R2,2,1,VYNOKUROV_Andrii,UKR,10002418415,35.3,27.898,28.102,29.748,0.823,2,
2063,Santiago,2018,9/12/2017,WC,R2,2,2,PERALTA_Juan,ESP,10006552534,27.6,25.67,25.914,27.994,1.04,3,
2064,Santiago,2018,9/12/2017,WC,R2,2,3,WATANABE_Kazunari,JPN,10003349716,32.6,24.912,25.005,26.661,0.828,4,
2065,Santiago,2018,9/12/2017,WC,R2,2,4,LENDEL_Vasilijus,LTU,10009181234,22.7,24.819,24.822,26.794,0.986,5,
2066,Santiago,2018,9/12/2017,WC,R2,2,5,CECI_Francesco,ITA,10006073493,28,22.713,22.709,24.247,0.769,6,
2067,Santiago,2018,9/12/2017,WC,R2,2,6,PERKINS_Shane_Alan,RUS,10051694112,30.9,28.534,27.868,30.188,1.16,1,
2068,Santiago,2018,9/12/2017,WC,Final,1,1,WAKIMOTO_Yuta,JPN,10005964470,28.7,26.161,26.511,28.265,0.877,4,
2069,Santiago,2018,9/12/2017,WC,Final,1,2,VYNOKUROV_Andrii,UKR,10002418415,35.3,28.102,28.232,29.862,0.815,2,
2070,Santiago,2018,9/12/2017,WC,Final,1,3,KELEMEN_Pavel,CZE,10006422895,26.5,28.054,28.11,29.958,0.924,3,
2071,Santiago,2018,9/12/2017,WC,Final,1,4,PERVIS_Francois,FRA,10003011125,33.1,30.909,30.76,32.408,0.824,1,
2072,Santiago,2018,9/12/2017,WC,Final,1,5,WATANABE_Kazunari,JPN,10003349716,32.6,25.005,24.973,26.615,0.821,6,
2073,Santiago,2018,9/12/2017,WC,Final,1,6,PERALTA_Juan,ESP,10006552534,27.6,25.914,25.6,27.65,1.025,5,
2074,Santiago,2018,9/12/2017,WC,Final,2,1,PERKINS_Shane_Alan,RUS,10051694112,30.9,27.868,28.244,30.522,1.139,1,
2075,Santiago,2018,9/12/2017,WC,Final,2,2,OLIVA_Lewis,GBR,10006898300,25.3,25.995,26.163,27.951,0.894,3,
2076,Santiago,2018,9/12/2017,WC,Final,2,3,LENDEL_Vasilijus,LTU,10009181234,22.7,24.822,24.935,26.875,0.97,4,
2077,Santiago,2018,9/12/2017,WC,Final,2,4,BARRETTE_Hugo,CAN,10007212639,26.4,26.198,26.127,27.889,0.881,2,
2078,Santiago,2018,9/12/2017,WC,Final,2,5,JURCZYK_Marc,GER,10009178002,21.9,21.886,21.704,25.118,1.707,6,
2079,Santiago,2018,9/12/2017,WC,Final,2,6,CECI_Francesco,ITA,10006073493,28,22.709,22.554,24.086,0.766,5,
2080,Minsk,2018,20/01/2018,WC,R1,1,1,MAKSEL_Krzysztof,POL,10006902239,26.5,27.721,28.042,30.286,1.122,2,
2081,Minsk,2018,20/01/2018,WC,R1,1,2,DUBCHENKO_Aleksandr,RUS,10007772108,22.9,21.573,22.303,25.137,1.417,4,
2082,Minsk,2018,20/01/2018,WC,R1,1,3,NOVIK_Uladzislau,BLR,10009049979,22.8,19.126,20.397,24.409,2.006,6,
2083,Minsk,2018,20/01/2018,WC,R1,1,4,KANG_Shih_Feng,TPE,10010608447,20.6,21.266,21.491,24.023,1.266,5,
2084,Minsk,2018,20/01/2018,WC,R1,1,5,LAFARGUE_Quentin,FRA,10005930724,27.2,27.773,27.222,29.776,1.277,1,
2085,Minsk,2018,20/01/2018,WC,R1,1,6,PERALTA_Juan,ESP,10006552534,27.7,25.6,25.222,27.24,1.009,3,
2086,Minsk,2018,20/01/2018,WC,R1,2,1,OLIVA_Lewis,GBR,10006898300,25.4,26.163,26.298,28.076,0.889,1,
2087,Minsk,2018,20/01/2018,WC,R1,2,2,BRETAS_Sotirios,GRE,10006063086,27.9,12.697,16.02,21.264,2.622,4,
2088,Minsk,2018,20/01/2018,WC,R1,2,3,BROWNE_Kwesi,TTO,10009010876,24,23.486,23.333,25.671,1.169,2,
2089,Minsk,2018,20/01/2018,WC,R1,2,9,CECI_Luca,ITA,10006108051,29.1,15.672,15.928,20.212,2.142,3,
2090,Minsk,2018,20/01/2018,WC,R1,2,9,FANTA_Jiří,CZE,10009175574,21.8,9,12.292,20.768,4.238,1,
2091,Minsk,2018,20/01/2018,WC,R1,2,9,HSIAO_Shih_Hsin,TPE,10006137252,27.8,18.983,18.314,22.922,2.304,1,
2092,Minsk,2018,20/01/2018,WC,R1,3,1,BÜCHLI_Matthijs,NED,10006900421,25.1,31.577,31.652,33.338,0.843,1,
2093,Minsk,2018,20/01/2018,WC,R1,3,2,JURCZYK_Marc,GER,10009178002,22,21.704,22.431,25.687,1.628,3,
2094,Minsk,2018,20/01/2018,WC,R1,3,3,OMELCHENKO_Sergii,AZE,10006319633,28.1,23.148,23.201,25.023,0.911,2,
2095,Minsk,2018,20/01/2018,WC,R1,3,4,JONAUSKAS_Svajūnas,LTU,10009181032,23,19.255,19.35,23.302,1.976,4,
2096,Minsk,2018,20/01/2018,WC,R1,3,5,RITTER_Stefan,CAN,10009821131,19.7,9,11.148,20.09,4.471,6,
2097,Minsk,2018,20/01/2018,WC,R1,3,6,CECI_Davide,ITA,10007508083,24.4,15.629,15.192,18.244,1.526,5,
2098,Minsk,2018,20/01/2018,WC,Rep,1,1,RITTER_Stefan,CAN,10009821131,19.7,11.148,19.365,26.365,3.5,6,
2099,Minsk,2018,20/01/2018,WC,Rep,1,2,PERALTA_Juan,ESP,10006552534,27.7,25.222,25.312,27.3,0.994,1,
2100,Minsk,2018,20/01/2018,WC,Rep,1,3,KANG_Shih_Feng,TPE,10010608447,20.6,21.491,21.679,24.137,1.229,2,
2101,Minsk,2018,20/01/2018,WC,Rep,1,4,JONAUSKAS_Svajūnas,LTU,10009181032,23,19.35,19.52,23.194,1.837,4,
2102,Minsk,2018,20/01/2018,WC,Rep,1,5,NOVIK_Uladzislau,BLR,10009049979,22.8,20.397,19.83,23.566,1.868,3,
2103,Minsk,2018,20/01/2018,WC,Rep,1,6,CECI_Luca,ITA,10006108051,29.1,15.928,15.225,19.263,2.019,5,
2104,Minsk,2018,20/01/2018,WC,Rep,2,1,LAFARGUE_Quentin,FRA,10005930724,27.2,27.222,27.534,30.042,1.254,1,
2105,Minsk,2018,20/01/2018,WC,Rep,2,2,BROWNE_Kwesi,TTO,10009010876,24,23.333,23.561,25.849,1.144,2,
2106,Minsk,2018,20/01/2018,WC,Rep,2,3,FANTA_Jiří,CZE,10009175574,21.8,12.292,16.335,22.777,3.221,6,
2107,Minsk,2018,20/01/2018,WC,Rep,2,4,CECI_Davide,ITA,10007508083,24.4,15.192,15.756,18.678,1.461,5,
2108,Minsk,2018,20/01/2018,WC,Rep,2,5,HSIAO_Shih_Hsin,TPE,10006137252,27.8,18.314,17.97,22.152,2.091,4,
2109,Minsk,2018,20/01/2018,WC,Rep,2,6,OMELCHENKO_Sergii,AZE,10006319633,28.1,23.201,22.847,24.651,0.902,3,
2110,Minsk,2018,20/01/2018,WC,R2,1,1,RITTER_Stefan,CAN,10009821131,19.7,19.365,23.786,29.768,2.991,5,
2111,Minsk,2018,20/01/2018,WC,R2,1,2,MAKSEL_Krzysztof,POL,10006902239,26.5,28.042,28.126,30.326,1.1,1,
2112,Minsk,2018,20/01/2018,WC,R2,1,3,JURCZYK_Marc,GER,10009178002,22,22.431,22.845,25.943,1.549,3,
2113,Minsk,2018,20/01/2018,WC,R2,1,4,KANG_Shih_Feng,TPE,10010608447,20.6,21.679,21.801,24.193,1.196,4,
2114,Minsk,2018,20/01/2018,WC,R2,1,5,PERALTA_Juan,ESP,10006552534,27.7,25.312,25.064,27.022,0.979,2,
2115,Minsk,2018,20/01/2018,WC,R2,1,6,BRETAS_Sotirios,GRE,10006063086,27.9,16.02,15.298,20.14,2.421,6,
2116,Minsk,2018,20/01/2018,WC,R2,2,1,BÜCHLI_Matthijs,NED,10006900421,25.1,31.652,31.772,33.45,0.839,1,
2117,Minsk,2018,20/01/2018,WC,R2,2,2,OLIVA_Lewis,GBR,10006898300,25.4,26.298,26.461,28.221,0.88,3,
2118,Minsk,2018,20/01/2018,WC,R2,2,3,BROWNE_Kwesi,TTO,10009010876,24,23.561,23.786,26.02,1.117,4,
2119,Minsk,2018,20/01/2018,WC,R2,2,4,FANTA_Jiří,CZE,10009175574,21.8,16.335,18.512,23.878,2.683,6,
2120,Minsk,2018,20/01/2018,WC,R2,2,5,DUBCHENKO_Aleksandr,RUS,10007772108,22.9,22.303,22.231,24.959,1.364,5,
2121,Minsk,2018,20/01/2018,WC,R2,2,6,LAFARGUE_Quentin,FRA,10005930724,27.2,27.534,26.831,29.275,1.222,2,
2122,Minsk,2018,20/01/2018,WC,Final,1,1,BÜCHLI_Matthijs,NED,10006900421,25.1,31.772,31.93,33.6,0.835,1,
2123,Minsk,2018,20/01/2018,WC,Final,1,2,RITTER_Stefan,CAN,10009821131,19.7,23.786,25.746,30.902,2.578,4,
2124,Minsk,2018,20/01/2018,WC,Final,1,3,OLIVA_Lewis,GBR,10006898300,25.4,26.461,26.557,28.297,0.87,3,
2125,Minsk,2018,20/01/2018,WC,Final,1,4,JURCZYK_Marc,GER,10009178002,22,22.845,23.154,26.11,1.478,6,
2126,Minsk,2018,20/01/2018,WC,Final,1,5,BROWNE_Kwesi,TTO,10009010876,24,23.786,23.758,25.942,1.092,4,
2127,Minsk,2018,20/01/2018,WC,Final,1,6,MAKSEL_Krzysztof,POL,10006902239,26.5,28.126,27.629,29.789,1.08,2,
2128,Minsk,2018,20/01/2018,WC,Final,2,1,DUBCHENKO_Aleksandr,RUS,10007772108,22.9,22.231,22.963,25.613,1.325,3,
2129,Minsk,2018,20/01/2018,WC,Final,2,2,PERALTA_Juan,ESP,10006552534,27.7,25.064,25.176,27.104,0.964,2,
2130,Minsk,2018,20/01/2018,WC,Final,2,3,KANG_Shih_Feng,TPE,10010608447,20.6,21.801,21.996,24.324,1.164,4,
2131,Minsk,2018,20/01/2018,WC,Final,2,4,BRETAS_Sotirios,GRE,10006063086,27.9,15.298,16.664,20.994,2.165,6,
2132,Minsk,2018,20/01/2018,WC,Final,2,5,LAFARGUE_Quentin,FRA,10005930724,27.2,26.831,26.272,28.65,1.189,1,
2133,Minsk,2018,20/01/2018,WC,Final,2,6,FANTA_Jiří,CZE,10009175574,21.8,18.512,17.19,22.038,2.424,5,
2134,Brisbane,2018,3/02/2018,NCh,R1,1,1,BOOTH_Oliver,AUS,,17.4,9,22.091,34.363,6.136,1,
2135,Brisbane,2018,3/02/2018,NCh,R1,1,2,CORNISH_Thomas,AUS,10055349695,18,9,17.986,29.058,5.536,1,
2136,Brisbane,2018,3/02/2018,NCh,R1,1,3,CARISIMO_Carlos,AUS,10075184882,16.2,9,14.16,25,5.42,1,
2137,Brisbane,2018,3/02/2018,NCh,R1,1,4,LOVERIDGE_Lachlan,AUS,,16.3,9,9.87,20.942,5.536,1,
2138,Brisbane,2018,3/02/2018,NCh,R1,1,5,HUTTON_Brandon,AUS,10075184680,16.2,9,3.365,15.637,6.136,1,
2139,Brisbane,2018,3/02/2018,NCh,R1,2,1,GALLAGHER_Sam,AUS,10072107558,16.7,9,23.343,35.297,5.977,1,
2140,Brisbane,2018,3/02/2018,NCh,R1,2,2,HOFFMAN_Leigh,AUS,10055348887,17.7,9,19.603,30.329,5.363,1,
2141,Brisbane,2018,3/02/2018,NCh,R1,2,3,LAWSON_Ryan,AUS,,16.5,9,16.282,26.688,5.203,1,
2142,Brisbane,2018,3/02/2018,NCh,R1,2,4,BOF_Nathan,AUS,,17.7,9,12.906,23.312,5.203,1,
2143,Brisbane,2018,3/02/2018,NCh,R1,2,5,MARSHALL_Zachary,AUS,,17.5,9,8.945,19.671,5.363,1,
2144,Brisbane,2018,3/02/2018,NCh,R1,2,6,TROVAS_John,AUS,10075185084,16.7,9,2.749,14.703,5.977,1,
2145,Brisbane,2018,3/02/2018,NCh,Final,1,1,GALLAGHER_Sam,AUS,10072107558,16.7,23.343,30.913,40.449,4.768,1,
2146,Brisbane,2018,3/02/2018,NCh,Final,1,2,BOOTH_Oliver,AUS,,17.4,22.091,27.321,36.165,4.422,2,
2147,Brisbane,2018,3/02/2018,NCh,Final,1,3,CORNISH_Thomas,AUS,10055349695,18,17.986,22.941,31.073,4.066,4,
2148,Brisbane,2018,3/02/2018,NCh,Final,1,4,HOFFMAN_Leigh,AUS,10055348887,17.7,19.603,21.077,29.041,3.982,3,
2149,Brisbane,2018,3/02/2018,NCh,Final,1,5,LAWSON_Ryan,AUS,,16.5,16.282,16.94,24.938,3.999,5,
2150,Brisbane,2018,3/02/2018,NCh,Final,1,6,CARISIMO_Carlos,AUS,10075184882,16.2,14.16,11.8,20.64,4.42,6,
2151,Brisbane,2018,3/02/2018,NCh,Final,2,1,BOF_Nathan,AUS,,17.7,12.906,16.989,25.975,4.493,1,
2152,Brisbane,2018,3/02/2018,NCh,Final,2,2,TROVAS_John,AUS,10075185084,16.7,2.749,9.589,18.549,4.48,4,
2153,Brisbane,2018,3/02/2018,NCh,Final,2,3,HUTTON_Brandon,AUS,10075184680,16.2,3.365,6.689,15.699,4.505,3,
2154,Brisbane,2018,3/02/2018,NCh,Final,2,4,LOVERIDGE_Lachlan,AUS,,16.3,9.87,5.643,14.577,4.467,2,
2155,Apeldoorn,2018,1/03/2018,WCH,R1,1,1,LEVY_Maximilian,GER,10004601723,30.7,31.877,32.062,33.97,0.954,1,
2156,Apeldoorn,2018,1/03/2018,WCH,R1,1,2,VYNOKUROV_Andrii,UKR,10002418415,35.5,28.232,28.348,29.966,0.809,3,
2157,Apeldoorn,2018,1/03/2018,WCH,R1,1,3,LENDEL_Vasilijus,LTU,10009181234,22.9,24.935,25.104,27.014,0.955,5,
2158,Apeldoorn,2018,1/03/2018,WCH,R1,1,4,WAKIMOTO_Yuta,JPN,10005964470,28.9,26.511,26.476,28.212,0.868,4,
2159,Apeldoorn,2018,1/03/2018,WCH,R1,1,5,WEBSTER_Sam,NZL,10006184742,26.6,29.456,28.791,31.383,1.296,2,
2160,Apeldoorn,2018,1/03/2018,WCH,R1,2,1,EILERS_Joachim,GER,10006379247,27.9,32.81,32.925,34.699,0.887,1,
2161,Apeldoorn,2018,1/03/2018,WCH,R1,2,2,TRUMAN_Joseph,GBR,10017950943,21,27.186,27.458,30.26,1.401,3,
2162,Apeldoorn,2018,1/03/2018,WCH,R1,2,3,NITTA_Yudai,JPN,10005727327,32.1,22.859,23.048,25.03,0.991,4,
2163,Apeldoorn,2018,1/03/2018,WCH,R1,2,4,DAWKINS_Edward,NZL,10005782695,28.6,29.451,29.174,30.964,0.895,2,
2164,Apeldoorn,2018,1/03/2018,WCH,R1,2,5,SPIES_Jean,RSA,10007351671,28.3,3.742,3.819,13.037,4.609,5,
2165,Apeldoorn,2018,1/03/2018,WCH,R1,3,1,CARLIN_Jack,GBR,10009967641,20.9,20.062,24.466,30.542,3.038,5,
2166,Apeldoorn,2018,1/03/2018,WCH,R1,3,2,KELEMEN_Pavel,CZE,10006422895,26.8,28.11,28.194,30.022,0.914,1,
2167,Apeldoorn,2018,1/03/2018,WCH,R1,3,3,DÖRNBACH_Maximilian,GER,10007779683,22.2,25.624,25.691,28.659,1.484,2,
2168,Apeldoorn,2018,1/03/2018,WCH,R1,3,4,PERALTA_Juan,ESP,10006552534,27.8,25.176,25.092,26.994,0.951,3,
2169,Apeldoorn,2018,1/03/2018,WCH,R1,3,5,KANG_Shih_Feng,TPE,10010608447,20.7,21.996,21.764,24.056,1.146,4,
2170,Apeldoorn,2018,1/03/2018,WCH,R1,4,1,GLAETZER_Matthew,AUS,10006894559,25.5,30.233,30.428,32.268,0.92,2,
2171,Apeldoorn,2018,1/03/2018,WCH,R1,4,2,KAWABATA_Tomoyuki,JPN,10008098470,33.1,24.967,25.35,27.664,1.157,3,
2172,Apeldoorn,2018,1/03/2018,WCH,R1,4,3,RAMIREZ_MORALES_Santiago,COL,10009039774,23.6,24.707,25.037,28.565,1.764,4,
2173,Apeldoorn,2018,1/03/2018,WCH,R1,4,4,RAJKOWSKI_Patryk,POL,10009176281,22,22.969,23.137,26.031,1.447,5,
2174,Apeldoorn,2018,1/03/2018,WCH,R1,4,5,PERVIS_Francois,FRA,10003011125,33.4,30.76,30.444,32.08,0.818,1,
2175,Apeldoorn,2018,1/03/2018,WCH,R1,5,1,BÜCHLI_Matthijs,NED,10006900421,25.2,31.93,32.02,33.686,0.833,1,
2176,Apeldoorn,2018,1/03/2018,WCH,R1,5,2,SAHROM_Muhammad_Shah_Firdaus,MAS,10009150215,22.3,24.911,25.17,27.374,1.102,4,
2177,Apeldoorn,2018,1/03/2018,WCH,R1,5,3,BARRETTE_Hugo,CAN,10007212639,26.7,26.127,26.102,27.848,0.873,3,
2178,Apeldoorn,2018,1/03/2018,WCH,R1,5,4,SOJKA_David,CZE,10008950858,23.9,5.345,12.574,19.664,3.545,5,
2179,Apeldoorn,2018,1/03/2018,WCH,R1,5,5,LAFARGUE_Quentin,FRA,10005930724,27.3,26.272,25.69,28.024,1.167,2,
2180,Apeldoorn,2018,1/03/2018,WCH,R1,6,1,PUERTA_ZAPATA_Fabian_Hernando,COL,10006904360,26.6,31.998,32.159,33.891,0.866,1,
2181,Apeldoorn,2018,1/03/2018,WCH,R1,6,2,CASTLE_Jordan,NZL,10009138491,21.7,24.872,26.164,30.65,2.243,4,
2182,Apeldoorn,2018,1/03/2018,WCH,R1,6,3,AWANG_Mohd_Azizulhasni,MAS,10004868370,30.2,29.232,29.203,30.817,0.807,2,
2183,Apeldoorn,2018,1/03/2018,WCH,R1,6,4,LAVREYSEN_Harrie,NED,10009535686,21,27.708,26.568,30.864,2.148,3,
2184,Apeldoorn,2018,1/03/2018,WCH,Rep,1,1,VYNOKUROV_Andrii,UKR,10002418415,35.5,28.348,28.532,30.144,0.806,3,
2185,Apeldoorn,2018,1/03/2018,WCH,Rep,1,2,AWANG_Mohd_Azizulhasni,MAS,10004868370,30.2,29.203,29.225,30.829,0.802,2,
2186,Apeldoorn,2018,1/03/2018,WCH,Rep,1,3,PERVIS_Francois,FRA,10003011125,33.4,30.444,30.286,31.914,0.814,1,
2187,Apeldoorn,2018,1/03/2018,WCH,Rep,1,4,SOJKA_David,CZE,10008950858,23.9,12.574,12.468,19.158,3.345,4,
2188,Apeldoorn,2018,1/03/2018,WCH,Rep,2,1,BARRETTE_Hugo,CAN,10007212639,26.7,26.102,26.31,28.044,0.867,2,
2189,Apeldoorn,2018,1/03/2018,WCH,Rep,2,2,RAJKOWSKI_Patryk,POL,10009176281,22,23.137,23.526,26.32,1.397,3,
2190,Apeldoorn,2018,1/03/2018,WCH,Rep,2,3,TRUMAN_Joseph,GBR,10017950943,21,27.458,27.094,29.806,1.356,1,
2191,Apeldoorn,2018,1/03/2018,WCH,Rep,2,4,KANG_Shih_Feng,TPE,10010608447,20.7,21.764,21.58,23.842,1.131,4,
2192,Apeldoorn,2018,1/03/2018,WCH,Rep,3,1,PERALTA_Juan,ESP,10006552534,27.8,25.092,25.45,27.332,0.941,3,
2193,Apeldoorn,2018,1/03/2018,WCH,Rep,3,2,KELEMEN_Pavel,CZE,10006422895,26.8,28.194,28.247,30.055,0.904,2,
2194,Apeldoorn,2018,1/03/2018,WCH,Rep,3,3,WEBSTER_Sam,NZL,10006184742,26.6,28.791,28.557,31.077,1.26,1,
2195,Apeldoorn,2018,1/03/2018,WCH,Rep,3,4,RAMIREZ_MORALES_Santiago,COL,10009039774,23.6,25.037,24.47,27.854,1.692,4,
2196,Apeldoorn,2018,1/03/2018,WCH,Rep,4,1,KAWABATA_Tomoyuki,JPN,10008098470,33.1,25.35,25.769,28.047,1.139,3,
2197,Apeldoorn,2018,1/03/2018,WCH,Rep,4,2,DAWKINS_Edward,NZL,10005782695,28.6,29.174,29.121,30.895,0.887,1,
2198,Apeldoorn,2018,1/03/2018,WCH,Rep,4,3,DÖRNBACH_Maximilian,GER,10007779683,22.2,25.691,25.368,28.256,1.444,2,
2199,Apeldoorn,2018,1/03/2018,WCH,Rep,4,4,SPIES_Jean,RSA,10007351671,28.3,3.819,3.873,12.675,4.401,4,
2200,Apeldoorn,2018,1/03/2018,WCH,Rep,5,1,WAKIMOTO_Yuta,JPN,10005964470,28.9,26.476,26.68,28.404,0.862,1,
2201,Apeldoorn,2018,1/03/2018,WCH,Rep,5,2,LENDEL_Vasilijus,LTU,10009181234,22.9,25.104,25.23,27.116,0.943,4,
2202,Apeldoorn,2018,1/03/2018,WCH,Rep,5,3,SAHROM_Muhammad_Shah_Firdaus,MAS,10009150215,22.3,25.17,25.124,27.286,1.081,3,
2203,Apeldoorn,2018,1/03/2018,WCH,Rep,5,4,LAFARGUE_Quentin,FRA,10005930724,27.3,25.69,25.332,27.624,1.146,2,
2204,Apeldoorn,2018,1/03/2018,WCH,Rep,6,1,LAVREYSEN_Harrie,NED,10009535686,21,26.568,27.494,31.604,2.055,1,
2205,Apeldoorn,2018,1/03/2018,WCH,Rep,6,2,CASTLE_Jordan,NZL,10009138491,21.7,26.164,26.133,30.353,2.11,2,
2206,Apeldoorn,2018,1/03/2018,WCH,Rep,6,3,NITTA_Yudai,JPN,10005727327,32.1,23.048,22.958,24.93,0.986,3,
2207,Apeldoorn,2018,1/03/2018,WCH,R2,1,1,LAVREYSEN_Harrie,NED,10009535686,21,27.494,29.205,33.053,1.924,4,
2208,Apeldoorn,2018,1/03/2018,WCH,R2,1,2,LEVY_Maximilian,GER,10004601723,30.7,32.062,32.18,34.062,0.941,2,
2209,Apeldoorn,2018,1/03/2018,WCH,R2,1,3,PUERTA_ZAPATA_Fabian_Hernando,COL,10006904360,26.6,32.159,32.146,33.86,0.857,1,
2210,Apeldoorn,2018,1/03/2018,WCH,R2,1,4,GLAETZER_Matthew,AUS,10006894559,25.5,30.428,30.364,32.18,0.908,3,
2211,Apeldoorn,2018,1/03/2018,WCH,R2,1,5,WAKIMOTO_Yuta,JPN,10005964470,28.9,26.68,26.643,28.351,0.854,5,
2212,Apeldoorn,2018,1/03/2018,WCH,R2,1,6,PERALTA_Juan,ESP,10006552534,27.8,25.45,25.262,27.128,0.933,6,
2213,Apeldoorn,2018,1/03/2018,WCH,R2,2,1,BÜCHLI_Matthijs,NED,10006900421,25.2,32.02,32.208,33.864,0.828,2,
2214,Apeldoorn,2018,1/03/2018,WCH,R2,2,2,CARLIN_Jack,GBR,10009967641,20.9,24.466,26.747,31.929,2.591,6,
2215,Apeldoorn,2018,1/03/2018,WCH,R2,2,3,KAWABATA_Tomoyuki,JPN,10008098470,33.1,25.769,26.083,28.305,1.111,5,
2216,Apeldoorn,2018,1/03/2018,WCH,R2,2,4,BARRETTE_Hugo,CAN,10007212639,26.7,26.31,26.392,28.106,0.857,4,
2217,Apeldoorn,2018,1/03/2018,WCH,R2,2,5,VYNOKUROV_Andrii,UKR,10002418415,35.5,28.532,28.448,30.046,0.799,3,
2218,Apeldoorn,2018,1/03/2018,WCH,R2,2,6,EILERS_Joachim,GER,10006379247,27.9,32.925,32.52,34.276,0.878,1,
2219,Apeldoorn,2018,1/03/2018,WCH,Final,1,1,PUERTA_ZAPATA_Fabian_Hernando,COL,10006904360,26.6,32.146,32.368,34.07,0.851,3,
2220,Apeldoorn,2018,1/03/2018,WCH,Final,1,2,KAWABATA_Tomoyuki,JPN,10008098470,33.1,26.083,26.612,28.784,1.086,6,
2221,Apeldoorn,2018,1/03/2018,WCH,Final,1,3,LEVY_Maximilian,GER,10004601723,30.7,32.18,32.175,34.029,0.927,2,
2222,Apeldoorn,2018,1/03/2018,WCH,Final,1,4,BÜCHLI_Matthijs,NED,10006900421,25.2,32.208,32.123,33.763,0.82,1,
2223,Apeldoorn,2018,1/03/2018,WCH,Final,1,5,CARLIN_Jack,GBR,10009967641,20.9,26.747,26.45,31.034,2.292,5,
2224,Apeldoorn,2018,1/03/2018,WCH,Final,1,6,LAVREYSEN_Harrie,NED,10009535686,21,29.205,28.113,31.741,1.814,4,
2225,Apeldoorn,2018,1/03/2018,WCH,Final,2,1,GLAETZER_Matthew,AUS,10006894559,25.5,30.364,30.601,32.401,0.9,2,
2226,Apeldoorn,2018,1/03/2018,WCH,Final,2,2,VYNOKUROV_Andrii,UKR,10002418415,35.5,28.448,28.58,30.166,0.793,3,
2227,Apeldoorn,2018,1/03/2018,WCH,Final,2,3,WAKIMOTO_Yuta,JPN,10005964470,28.9,26.643,26.76,28.45,0.845,4,
2228,Apeldoorn,2018,1/03/2018,WCH,Final,2,4,BARRETTE_Hugo,CAN,10007212639,26.7,26.392,26.43,28.124,0.847,5,
2229,Apeldoorn,2018,1/03/2018,WCH,Final,2,5,PERALTA_Juan,ESP,10006552534,27.8,25.262,25.25,27.09,0.92,6,
2230,Apeldoorn,2018,1/03/2018,WCH,Final,2,6,EILERS_Joachim,GER,10006379247,27.9,32.52,32.097,33.835,0.869,1,
2231,Brisbane,2018,6/04/2018,CWG,R1,1,1,CONSTABLE_Patrick,AUS,10009009462,22.7,15.608,19.722,24.64,2.459,4,
2232,Brisbane,2018,6/04/2018,CWG,R1,1,2,AWANG_Mohd_Azizulhasni,MAS,10004868370,30.3,29.225,29.2,30.792,0.796,1,
2233,Brisbane,2018,6/04/2018,CWG,R1,1,3,BROWNE_Kwesi,TTO,10009010876,24.2,23.758,23.87,26.01,1.07,3,
2234,Brisbane,2018,6/04/2018,CWG,R1,1,4,KUMAR_Sahil,IND,10011156903,20,9,16.042,24.478,4.218,6,
2235,Brisbane,2018,6/04/2018,CWG,R1,1,5,SKINNER_Callum,GBR,10006898296,25.6,14.544,15.748,20.808,2.53,5,
2236,Brisbane,2018,6/04/2018,CWG,R1,1,6,BARRETTE_Hugo,CAN,10007212639,26.8,26.43,26.082,27.764,0.841,2,
2237,Brisbane,2018,6/04/2018,CWG,R1,2,1,GLAETZER_Matthew,AUS,10006894559,25.6,30.601,30.788,32.578,0.895,1,
2238,Brisbane,2018,6/04/2018,CWG,R1,2,2,RITTER_Stefan,CAN,10009821131,19.9,25.746,26.575,31.251,2.338,2,
2239,Brisbane,2018,6/04/2018,CWG,R1,2,3,HINDES_Philip,GBR,10007499292,25.5,9,18.866,27.78,4.457,4,
2240,Brisbane,2018,6/04/2018,CWG,R1,2,4,SAHROM_Muhammad_Shah_Firdaus,MAS,10009150215,22.4,25.124,25.013,27.145,1.066,3,
2241,Brisbane,2018,6/04/2018,CWG,R1,2,5,SINGH_Ranjit,IND,10050854050,24.6,9,11.115,21.093,4.989,4,
2242,Brisbane,2018,6/04/2018,CWG,R1,2,6,KNIPE_Bradly,NZL,10009978048,19.3,9,4.071,15.809,5.869,4,
2243,Brisbane,2018,6/04/2018,CWG,R1,3,1,TRUMAN_Joseph,GBR,10017950943,21.1,27.094,27.647,30.295,1.324,2,
2244,Brisbane,2018,6/04/2018,CWG,R1,3,2,WEBSTER_Sam,NZL,10006184742,26.7,28.557,28.629,31.087,1.229,1,
2245,Brisbane,2018,6/04/2018,CWG,R1,3,3,OLIVA_Lewis,GBR,10006898300,25.6,26.557,26.542,28.268,0.863,3,
2246,Brisbane,2018,6/04/2018,CWG,R1,3,4,SANANDARAJ_Sanuraj,IND_,,,9,14.314,23.726,4.706,4,
2247,Brisbane,2018,6/04/2018,CWG,R1,3,5,PAUL_Nicholas,TTO,10010821241,19.5,9,9.897,20.049,5.076,4,
2248,Brisbane,2018,6/04/2018,CWG,R1,3,6,ST_LOUIS_PIVIN_Patrice,CAN_,10052410393,,9,3.331,15.019,5.844,4,
2249,Brisbane,2018,6/04/2018,CWG,R1,4,1,CARLIN_Jack,GBR,10009967641,21,26.45,27.974,32.254,2.14,2,
2250,Brisbane,2018,6/04/2018,CWG,R1,4,2,SCHMID_Jacob,AUS,10007811817,24.2,24.465,25.319,28.723,1.702,4,
2251,Brisbane,2018,6/04/2018,CWG,R1,4,3,DAWKINS_Edward,NZL,10005782695,28.7,29.121,29.079,30.835,0.878,1,
2252,Brisbane,2018,6/04/2018,CWG,R1,4,4,OWENS_Ryan,GBR,10009316024,22.5,9,17.46,26.158,4.349,5,
2253,Brisbane,2018,6/04/2018,CWG,R1,4,5,MOHD_ZONIS_Muhammad_Fadhil,MAS,10010645732,20.3,9,14.891,23.733,4.421,5,
2254,Brisbane,2018,6/04/2018,CWG,R1,4,6,PHILLIP_Njisane,TTO,10006898401,26.9,24.547,24.016,26.504,1.244,3,
2255,Brisbane,2018,6/04/2018,CWG,Rep,1,1,OWENS_Ryan,GBR,10009316024,22.5,17.46,21.534,28.966,3.716,2,
2256,Brisbane,2018,6/04/2018,CWG,Rep,1,2,BROWNE_Kwesi,TTO,10009010876,24.2,23.87,23.893,26.011,1.059,1,
2257,Brisbane,2018,6/04/2018,CWG,Rep,1,3,SANANDARAJ_Sanuraj,IND_,,,14.314,14.364,22.002,3.819,3,
2258,Brisbane,2018,6/04/2018,CWG,Rep,1,4,KNIPE_Bradly,NZL,10009978048,19.3,4.071,3.352,13.35,4.999,4,
2259,Brisbane,2018,6/04/2018,CWG,Rep,2,1,BARRETTE_Hugo,CAN,10007212639,26.8,26.082,26.199,27.877,0.839,1,
2260,Brisbane,2018,6/04/2018,CWG,Rep,2,2,PAUL_Nicholas,TTO,10010821241,19.5,9.897,15.681,23.341,3.83,4,
2261,Brisbane,2018,6/04/2018,CWG,Rep,2,3,HINDES_Philip,GBR,10007499292,25.5,18.866,17.437,24.623,3.593,2,
2262,Brisbane,2018,6/04/2018,CWG,Rep,2,4,SINGH_Ranjit,IND,10050854050,24.6,11.115,9.549,17.923,4.187,3,
2263,Brisbane,2018,6/04/2018,CWG,Rep,3,1,OLIVA_Lewis,GBR,10006898300,25.6,26.542,26.704,28.422,0.859,1,
2264,Brisbane,2018,6/04/2018,CWG,Rep,3,2,PHILLIP_Njisane,TTO,10006898401,26.9,24.016,24.176,26.606,1.215,3,
2265,Brisbane,2018,6/04/2018,CWG,Rep,3,3,SAHROM_Muhammad_Shah_Firdaus,MAS,10009150215,22.4,25.013,24.86,26.96,1.05,2,
2266,Brisbane,2018,6/04/2018,CWG,Rep,3,4,SKINNER_Callum,GBR,10006898296,25.6,15.748,15.331,20.105,2.387,4,
2267,Brisbane,2018,6/04/2018,CWG,Rep,4,1,DAWKINS_Edward,NZL,10005782695,28.7,29.079,29.157,30.911,0.877,1,
2268,Brisbane,2018,6/04/2018,CWG,Rep,4,2,MOHD_ZONIS_Muhammad_Fadhil,MAS,10010645732,20.3,14.891,17.742,25.006,3.632,3,
2269,Brisbane,2018,6/04/2018,CWG,Rep,4,3,KUMAR_Sahil,IND,10011156903,20,16.042,15.506,22.68,3.587,2,
2270,Brisbane,2018,6/04/2018,CWG,Rep,4,4,ST_LOUIS_PIVIN_Patrice,CAN_,10052410393,,3.331,2.8,12.9,5.05,4,
2271,Brisbane,2018,6/04/2018,CWG,R2,1,1,WEBSTER_Sam,NZL,10006184742,26.7,28.629,29.168,31.574,1.203,2,
2272,Brisbane,2018,6/04/2018,CWG,R2,1,2,CARLIN_Jack,GBR,10009967641,21,27.974,28.645,32.589,1.972,3,
2273,Brisbane,2018,6/04/2018,CWG,R2,1,3,DAWKINS_Edward,NZL,10005782695,28.7,29.157,29.179,30.915,0.868,1,
2274,Brisbane,2018,6/04/2018,CWG,R2,1,4,RITTER_Stefan,CAN,10009821131,19.9,26.575,26.275,30.517,2.121,4,
2275,Brisbane,2018,6/04/2018,CWG,R2,1,5,CONSTABLE_Patrick,AUS,10009009462,22.7,19.722,20.16,24.628,2.234,6,
2276,Brisbane,2018,6/04/2018,CWG,R2,1,6,OWENS_Ryan,GBR,10009316024,22.5,21.534,19.017,25.321,3.152,5,
2277,Brisbane,2018,6/04/2018,CWG,R2,2,1,GLAETZER_Matthew,AUS,10006894559,25.6,30.788,31.008,32.784,0.888,1,
2278,Brisbane,2018,6/04/2018,CWG,R2,2,2,AWANG_Mohd_Azizulhasni,MAS,10004868370,30.3,29.2,29.309,30.889,0.79,2,
2279,Brisbane,2018,6/04/2018,CWG,R2,2,3,OLIVA_Lewis,GBR,10006898300,25.6,26.704,26.817,28.517,0.85,4,
2280,Brisbane,2018,6/04/2018,CWG,R2,2,4,TRUMAN_Joseph,GBR,10017950943,21.1,27.647,27.56,30.118,1.279,3,
2281,Brisbane,2018,6/04/2018,CWG,R2,2,5,BARRETTE_Hugo,CAN,10007212639,26.8,26.199,26.13,27.792,0.831,5,
2282,Brisbane,2018,6/04/2018,CWG,R2,2,6,SCHMID_Jacob,AUS,10007811817,24.2,25.319,24.558,27.812,1.627,6,
2283,Brisbane,2018,6/04/2018,CWG,Final,1,1,GLAETZER_Matthew,AUS,10006894559,25.6,31.008,31.247,33.007,0.88,1,
2284,Brisbane,2018,6/04/2018,CWG,Final,1,2,OLIVA_Lewis,GBR,10006898300,25.6,26.817,27.071,28.753,0.841,6,
2285,Brisbane,2018,6/04/2018,CWG,Final,1,3,DAWKINS_Edward,NZL,10005782695,28.7,29.179,29.251,30.967,0.858,3,
2286,Brisbane,2018,6/04/2018,CWG,Final,1,4,CARLIN_Jack,GBR,10009967641,21,28.645,28.48,32.126,1.823,5,
2287,Brisbane,2018,6/04/2018,CWG,Final,1,5,WEBSTER_Sam,NZL,10006184742,26.7,29.168,28.937,31.277,1.17,4,
2288,Brisbane,2018,6/04/2018,CWG,Final,1,6,AWANG_Mohd_Azizulhasni,MAS,10004868370,30.3,29.309,29.097,30.669,0.786,2,
2289,Brisbane,2018,6/04/2018,CWG,Final,2,1,BARRETTE_Hugo,CAN,10007212639,26.8,26.13,26.384,28.034,0.825,3,
2290,Brisbane,2018,6/04/2018,CWG,Final,2,2,CONSTABLE_Patrick,AUS,10009009462,22.7,20.16,21.973,26.037,2.032,5,
2291,Brisbane,2018,6/04/2018,CWG,Final,2,3,SCHMID_Jacob,AUS,10007811817,24.2,24.558,24.849,27.937,1.544,4,
2292,Brisbane,2018,6/04/2018,CWG,Final,2,4,TRUMAN_Joseph,GBR,10017950943,21.1,27.56,27.342,29.82,1.239,1,
2293,Brisbane,2018,6/04/2018,CWG,Final,2,5,RITTER_Stefan,CAN,10009821131,19.9,26.275,25.3,29.206,1.953,2,
2294,Brisbane,2018,6/04/2018,CWG,Final,2,6,OWENS_Ryan,GBR,10009316024,22.5,19.017,17.722,23.3,2.789,6,
2295,Adelaide,2019,13/10/2018,CCh,R1,1,1,GLAETZER_Matthew,AUS,10006894559,26.1,31.247,31.485,33.235,0.875,1,
2296,Adelaide,2019,13/10/2018,CCh,R1,1,2,OGLE_Jackson,NZL,10015443087,19.7,9,23.866,32.784,4.459,4,
2297,Adelaide,2019,13/10/2018,CCh,R1,1,3,BONSER_Kye,AUS,,19.5,9,21.627,30.441,4.407,4,
2298,Adelaide,2019,13/10/2018,CCh,R1,1,4,DAKIN_Sam,NZL,10010624918,22.1,9,19.615,28.345,4.365,4,
2299,Adelaide,2019,13/10/2018,CCh,R1,1,5,WEBSTER_Sam,NZL,10006184742,27.2,28.937,28.648,30.942,1.147,2,
2300,Adelaide,2019,13/10/2018,CCh,R1,1,6,HOFFMAN_Leigh,AUS,10055348887,18.3,21.077,19.665,26.199,3.267,3,
2301,Adelaide,2019,13/10/2018,CCh,R1,1,7,SPENCER_Sam,NZL,,18.1,9,5.822,17.556,5.867,4,
2302,Adelaide,2019,13/10/2018,CCh,R1,2,1,CONSTABLE_Patrick,AUS,10009009462,23.2,21.973,23.857,27.657,1.9,5,
2303,Adelaide,2019,13/10/2018,CCh,R1,2,2,CLARKE_Thomas,AUS,10009009260,23.5,22.354,23.394,26.684,1.645,4,
2304,Adelaide,2019,13/10/2018,CCh,R1,2,3,DAWKINS_Edward,NZL,10005782695,29.3,29.251,29.205,30.903,0.849,1,
2305,Adelaide,2019,13/10/2018,CCh,R1,2,4,MEUNIER_Tylah,AUS,,19.2,9,18.36,26.7,4.17,6,
2306,Adelaide,2019,13/10/2018,CCh,R1,2,5,WILLIAMS_Zac,NZL,10008997641,23.2,26.011,25.563,28.721,1.579,2,
2307,Adelaide,2019,13/10/2018,CCh,R1,2,6,CORNISH_Thomas,AUS,10055349695,18.7,22.941,20.137,26.591,3.227,3,
2308,Adelaide,2019,13/10/2018,CCh,R1,2,7,WILLIAMS_Jackson,AUS,10010791030,24.1,9,5.492,16.9,5.704,6,
2309,Adelaide,2019,13/10/2018,CCh,R1,3,1,RICHARDSON_Matthew,AUS,10015145724,19.5,9,25.469,36.697,5.614,2,
2310,Adelaide,2019,13/10/2018,CCh,R1,3,2,POLLARD_Ned,AUS,10061341164,18,9,22.379,32.173,4.897,2,
2311,Adelaide,2019,13/10/2018,CCh,R1,3,3,CASTLE_Jordan,NZL,10009138491,22.4,26.133,26.277,30.287,2.005,1,
2312,Adelaide,2019,13/10/2018,CCh,R1,3,4,SAUNDERS_Callum,NZL,10009012391,23,9,16.339,25.851,4.756,2,
2313,Adelaide,2019,13/10/2018,CCh,R1,3,5,EGLINGTON_Simon,AUS,,,9,12.89,22.712,4.911,2,
2314,Adelaide,2019,13/10/2018,CCh,R1,3,6,GREEN_Jamie,AUS_,10007051274,25.8,9,8.897,19.223,5.163,2,
2315,Adelaide,2019,13/10/2018,CCh,R1,3,7,ROWLEY_Conor,AUS,10010664829,20.5,9,2.692,14.378,5.843,2,
2316,Adelaide,2019,13/10/2018,CCh,R1,4,1,KNIPE_Bradly,NZL,10009978048,19.8,3.352,15.928,23.49,3.781,7,
2317,Adelaide,2019,13/10/2018,CCh,R1,4,2,SCHMID_Jacob,AUS,10007811817,24.7,24.849,24.898,27.888,1.495,1,
2318,Adelaide,2019,13/10/2018,CCh,R1,4,3,HOUSDEN_Max,AUS,10009117071,22.5,9,15.603,24.605,4.501,2,
2319,Adelaide,2019,13/10/2018,CCh,R1,4,4,HOFMAN_Charles,AUS_,10010794262,19.8,9,13.021,22.147,4.563,2,
2320,Adelaide,2019,13/10/2018,CCh,R1,4,5,MARSHALL_Zachary,AUS,,18.1,8.945,10.835,18.701,3.933,6,
2321,Adelaide,2019,13/10/2018,CCh,R1,4,6,RYAN_Blake,AUS,,24,9,6.798,16.566,4.884,2,
2322,Adelaide,2019,13/10/2018,CCh,R1,4,7,BRISTER_James,AUS,10011146694,19.6,9,1.205,12.285,5.54,2,
2323,Adelaide,2019,13/10/2018,CCh,Rep,1,1,BONSER_Kye,AUS,,19.5,21.627,24.999,32.681,3.841,1,
2324,Adelaide,2019,13/10/2018,CCh,Rep,1,2,CORNISH_Thomas,AUS,10055349695,18.7,20.137,21.484,27.238,2.877,2,
2325,Adelaide,2019,13/10/2018,CCh,Rep,1,3,EGLINGTON_Simon,AUS,,,12.89,15.56,23.158,3.799,4,
2326,Adelaide,2019,13/10/2018,CCh,Rep,1,4,HOFMAN_Charles,AUS_,10010794262,19.8,13.021,12.902,20.334,3.716,3,
2327,Adelaide,2019,13/10/2018,CCh,Rep,1,5,SPENCER_Sam,NZL,,18.1,5.822,4.225,13.807,4.791,5,
2328,Adelaide,2019,13/10/2018,CCh,Rep,2,1,WILLIAMS_Zac,NZL,10008997641,23.2,25.563,26.288,29.352,1.532,2,
2329,Adelaide,2019,13/10/2018,CCh,Rep,2,2,SAUNDERS_Callum,NZL,10009012391,23,16.339,21.03,28.126,3.548,4,
2330,Adelaide,2019,13/10/2018,CCh,Rep,2,3,DAWKINS_Edward,NZL,10005782695,29.3,29.205,29.049,30.735,0.843,1,
2331,Adelaide,2019,13/10/2018,CCh,Rep,2,4,BRISTER_James,AUS,10011146694,19.6,1.205,9.928,17.954,4.013,5,
2332,Adelaide,2019,13/10/2018,CCh,Rep,2,5,HOFFMAN_Leigh,AUS,10055348887,18.3,19.665,17.067,22.923,2.928,3,
2333,Adelaide,2019,13/10/2018,CCh,Rep,3,1,WEBSTER_Sam,NZL,10006184742,27.2,28.648,28.885,31.153,1.134,1,
2334,Adelaide,2019,13/10/2018,CCh,Rep,3,2,CASTLE_Jordan,NZL,10009138491,22.4,26.277,26.223,30.035,1.906,2,
2335,Adelaide,2019,13/10/2018,CCh,Rep,3,3,RYAN_Blake,AUS,,24,6.798,12.57,20.13,3.78,4,
2336,Adelaide,2019,13/10/2018,CCh,Rep,3,4,ROWLEY_Conor,AUS,10010664829,20.5,2.692,8.917,17.227,4.155,5,
2337,Adelaide,2019,13/10/2018,CCh,Rep,3,5,MEUNIER_Tylah,AUS,,19.2,18.36,13.92,20.964,3.522,3,
2338,Adelaide,2019,13/10/2018,CCh,Rep,4,1,DAKIN_Sam,NZL,10010624918,22.1,19.615,22.736,30.418,3.841,1,
2339,Adelaide,2019,13/10/2018,CCh,Rep,4,2,GREEN_Jamie,AUS_,10007051274,25.8,8.897,15.27,23.156,3.943,4,
2340,Adelaide,2019,13/10/2018,CCh,Rep,4,3,HOUSDEN_Max,AUS,10009117071,22.5,15.603,15.87,23.066,3.598,2,
2341,Adelaide,2019,13/10/2018,CCh,Rep,4,4,MARSHALL_Zachary,AUS,,18.1,10.835,11.168,17.864,3.348,3,
2342,Adelaide,2019,13/10/2018,CCh,Rep,4,5,WILLIAMS_Jackson,AUS,10010791030,24.1,5.492,3.56,12.792,4.616,5,
2343,Adelaide,2019,13/10/2018,CCh,R2,1,1,GLAETZER_Matthew,AUS,10006894559,26.1,31.485,31.66,33.4,0.87,1,
2344,Adelaide,2019,13/10/2018,CCh,R2,1,2,DAKIN_Sam,NZL,10010624918,22.1,22.736,25.389,31.585,3.098,4,
2345,Adelaide,2019,13/10/2018,CCh,R2,1,3,CLARKE_Thomas,AUS,10009009260,23.5,23.394,23.929,27.069,1.57,3,
2346,Adelaide,2019,13/10/2018,CCh,R2,1,4,KNIPE_Bradly,NZL,10009978048,19.8,15.928,18.911,24.985,3.037,6,
2347,Adelaide,2019,13/10/2018,CCh,R2,1,5,BONSER_Kye,AUS,,19.5,24.999,22.666,28.858,3.096,2,
2348,Adelaide,2019,13/10/2018,CCh,R2,1,6,POLLARD_Ned,AUS,10061341164,18,22.379,17.905,25.443,3.769,5,
2349,Adelaide,2019,13/10/2018,CCh,R2,2,1,SCHMID_Jacob,AUS,10007811817,24.7,24.898,25.925,28.807,1.441,4,
2350,Adelaide,2019,13/10/2018,CCh,R2,2,2,CONSTABLE_Patrick,AUS,10009009462,23.2,23.857,25.041,28.591,1.775,6,
2351,Adelaide,2019,13/10/2018,CCh,R2,2,3,WEBSTER_Sam,NZL,10006184742,27.2,28.885,28.924,31.14,1.108,1,
2352,Adelaide,2019,13/10/2018,CCh,R2,2,4,RICHARDSON_Matthew,AUS,10015145724,19.5,25.469,24.273,31.619,3.673,3,
2353,Adelaide,2019,13/10/2018,CCh,R2,2,5,OGLE_Jackson,NZL,10015443087,19.7,23.866,22.664,29.32,3.328,5,
2354,Adelaide,2019,13/10/2018,CCh,R2,2,6,WILLIAMS_Zac,NZL,10008997641,23.2,26.288,25.633,28.593,1.48,2,
2355,Adelaide,2019,13/10/2018,CCh,Final,1,1,GLAETZER_Matthew,AUS,10006894559,26.1,31.66,31.853,33.581,0.864,1,
2356,Adelaide,2019,13/10/2018,CCh,Final,1,2,SCHMID_Jacob,AUS,10007811817,24.7,25.925,26.57,29.344,1.387,3,
2357,Adelaide,2019,13/10/2018,CCh,Final,1,3,DAKIN_Sam,NZL,10010624918,22.1,25.389,26.265,31.491,2.613,4,
2358,Adelaide,2019,13/10/2018,CCh,Final,1,4,CONSTABLE_Patrick,AUS,10009009462,23.2,25.041,25.284,28.624,1.67,5,
2359,Adelaide,2019,13/10/2018,CCh,Final,1,5,WEBSTER_Sam,NZL,10006184742,27.2,28.924,28.649,30.819,1.085,2,
2360,Adelaide,2019,13/10/2018,CCh,Final,1,6,CLARKE_Thomas,AUS,10009009260,23.5,23.929,23.453,26.487,1.517,6,
2361,Adelaide,2019,13/10/2018,CCh,Final,2,1,WILLIAMS_Zac,NZL,10008997641,23.2,25.633,26.472,29.342,1.435,1,
2362,Adelaide,2019,13/10/2018,CCh,Final,2,2,OGLE_Jackson,NZL,10015443087,19.7,22.664,24.792,30.384,2.796,4,
2363,Adelaide,2019,13/10/2018,CCh,Final,2,3,RICHARDSON_Matthew,AUS,10015145724,19.5,24.273,24.661,30.613,2.976,2,
2364,Adelaide,2019,13/10/2018,CCh,Final,2,4,POLLARD_Ned,AUS,10061341164,18,17.905,19.763,25.825,3.031,6,
2365,Adelaide,2019,13/10/2018,CCh,Final,2,5,KNIPE_Bradly,NZL,10009978048,19.8,18.911,19.162,24.422,2.63,5,
2366,Adelaide,2019,13/10/2018,CCh,Final,2,6,BONSER_Kye,AUS,,19.5,22.666,20.257,25.711,2.727,3,
2367,Paris,2019,20/10/2018,WC,R1,1,1,GLAETZER_Matthew,AUS,10006894559,26.2,31.853,31.999,33.717,0.859,1,
2368,Paris,2019,20/10/2018,WC,R1,1,2,VORZHEV_Pavel,KAZ,10007828183,25.1,19.885,22,26.02,2.01,5,
2369,Paris,2019,20/10/2018,WC,R1,1,3,QUINTERO_CHAVARRO_Kevin_Santiago,COL,10010830840,20,9,20.645,28.999,4.177,6,
2370,Paris,2019,20/10/2018,WC,R1,1,4,LENDEL_Vasilijus,LTU,10009181234,23.5,25.23,25.287,27.147,0.93,3,
2371,Paris,2019,20/10/2018,WC,R1,1,5,LIU_Kuan,CHN,10014664057,22.6,9,17.159,25.473,4.157,6,
2372,Paris,2019,20/10/2018,WC,R1,1,6,PERKINS_Shane_Alan,RUS,10051694112,31.8,28.244,27.801,30.027,1.113,2,
2373,Paris,2019,20/10/2018,WC,R1,1,7,OMELCHENKO_Sergii,AZE,10006319633,28.9,22.847,22.644,24.432,0.894,4,
2374,Paris,2019,20/10/2018,WC,R1,2,1,BOS_Theo,NED,10050887493,35.2,22.144,25.707,31.399,2.846,4,
2375,Paris,2019,20/10/2018,WC,R1,2,2,DAWKINS_Edward,NZL,10005782695,29.3,29.049,29.11,30.782,0.836,2,
2376,Paris,2019,20/10/2018,WC,R1,2,3,PERALTA_Juan,ESP,10006552534,28.4,25.25,25.352,27.168,0.908,3,
2377,Paris,2019,20/10/2018,WC,R1,2,4,SZALONTAY_Sándor,HUN,10007073506,28.3,19.269,19.767,22.419,1.326,6,
2378,Paris,2019,20/10/2018,WC,R1,2,5,NOVIK_Uladzislau,BLR,10009049979,23.6,19.83,20.129,23.613,1.742,5,
2379,Paris,2019,20/10/2018,WC,R1,2,6,AWANG_Mohd_Azizulhasni,MAS,10004868370,30.8,29.097,28.796,30.356,0.78,1,
2380,Paris,2019,20/10/2018,WC,R1,2,7,CECI_Luca,ITA,10006108051,29.8,15.225,14.866,18.722,1.928,7,
2381,Paris,2019,20/10/2018,WC,R1,3,1,CARLIN_Jack,GBR,10009967641,21.5,28.48,29.294,32.786,1.746,1,
2382,Paris,2019,20/10/2018,WC,R1,3,2,KAWABATA_Tomoyuki,JPN,10008098470,33.7,26.612,26.854,28.984,1.065,3,
2383,Paris,2019,20/10/2018,WC,R1,3,3,CANELON_VERA_Hersony_Gadiel,VEN,10004717719,29.9,25.032,25.191,27.315,1.062,4,
2384,Paris,2019,20/10/2018,WC,R1,3,4,JURCZYK_Marc,GER,10009178002,22.7,23.154,23.308,26.142,1.417,5,
2385,Paris,2019,20/10/2018,WC,R1,3,5,BÁBEK_Tomáš,CZE,10004612534,31.4,27.678,27.281,29.563,1.141,2,
2386,Paris,2019,20/10/2018,WC,R1,3,6,SPIES_Jean,RSA,10007351671,28.9,3.873,9.163,16.013,3.425,7,
2387,Paris,2019,20/10/2018,WC,R1,3,7,TJON_EN_FA_Jaïr,SUR,10117936018,25,18.286,16.984,21.146,2.081,6,
2388,Paris,2019,20/10/2018,WC,R1,4,1,PERVIS_Francois,FRA,10003011125,34,30.286,30.497,32.117,0.81,1,
2389,Paris,2019,20/10/2018,WC,R1,4,2,FONSECA_DA_SILVA_FREITAS_Kacio,BRA,10008108574,24.4,9,23.612,32.182,4.285,6,
2390,Paris,2019,20/10/2018,WC,R1,4,3,VYNOKUROV_Andrii,UKR,10002418415,36.2,28.58,28.626,30.2,0.787,2,
2391,Paris,2019,20/10/2018,WC,R1,4,4,MAKSEL_Krzysztof,POL,10006902239,27.3,27.629,27.593,29.709,1.058,3,
2392,Paris,2019,20/10/2018,WC,R1,4,5,WAKIMOTO_Yuta,JPN,10005964470,29.6,26.76,26.666,28.34,0.837,4,
2393,Paris,2019,20/10/2018,WC,R1,4,6,CECI_Francesco,ITA,10006073493,28.8,22.554,22.487,24.013,0.763,5,
2394,Paris,2019,20/10/2018,WC,R1,4,7,LIGTLEE_Sam,NED,10009972994,20.9,9,5.521,16.905,5.692,6,
2395,Paris,2019,20/10/2018,WC,Rep,1,1,MAKSEL_Krzysztof,POL,10006902239,27.3,27.593,27.958,30.044,1.043,2,
2396,Paris,2019,20/10/2018,WC,Rep,1,2,AWANG_Mohd_Azizulhasni,MAS,10004868370,30.8,28.796,28.853,30.405,0.776,1,
2397,Paris,2019,20/10/2018,WC,Rep,1,3,QUINTERO_CHAVARRO_Kevin_Santiago,COL,10010830840,20,20.645,22.498,28.916,3.209,5,
2398,Paris,2019,20/10/2018,WC,Rep,1,4,BÁBEK_Tomáš,CZE,10004612534,31.4,27.281,27.067,29.303,1.118,3,
2399,Paris,2019,20/10/2018,WC,Rep,1,5,OMELCHENKO_Sergii,AZE,10006319633,28.9,22.644,22.514,24.292,0.889,4,
2400,Paris,2019,20/10/2018,WC,Rep,2,1,JURCZYK_Marc,GER,10009178002,22.7,23.308,24.025,26.779,1.377,3,
2401,Paris,2019,20/10/2018,WC,Rep,2,2,PERKINS_Shane_Alan,RUS,10051694112,31.8,27.801,27.77,29.954,1.092,1,
2402,Paris,2019,20/10/2018,WC,Rep,2,3,NOVIK_Uladzislau,BLR,10009049979,23.6,20.129,20.559,23.867,1.654,4,
2403,Paris,2019,20/10/2018,WC,Rep,2,4,PERALTA_Juan,ESP,10006552534,28.4,25.352,25.139,26.939,0.9,2,
2404,Paris,2019,20/10/2018,WC,Rep,2,5,LIGTLEE_Sam,NED,10009972994,20.9,5.521,5.151,14.785,4.817,5,
2405,Paris,2019,20/10/2018,WC,Rep,3,1,CANELON_VERA_Hersony_Gadiel,VEN,10004717719,29.9,25.191,25.416,27.516,1.05,1,
2406,Paris,2019,20/10/2018,WC,Rep,3,2,SZALONTAY_Sándor,HUN,10007073506,28.3,19.767,20.181,22.755,1.287,3,
2407,Paris,2019,20/10/2018,WC,Rep,3,3,TJON_EN_FA_Jaïr,SUR,10117936018,25,16.984,17.683,21.533,1.925,5,
2408,Paris,2019,20/10/2018,WC,Rep,3,4,CECI_Francesco,ITA,10006073493,28.8,22.487,22.378,23.896,0.759,2,
2409,Paris,2019,20/10/2018,WC,Rep,3,5,LIU_Kuan,CHN,10014664057,22.6,17.159,14.239,21.007,3.384,4,
2410,Paris,2019,20/10/2018,WC,Rep,4,1,WAKIMOTO_Yuta,JPN,10005964470,29.6,26.666,26.811,28.477,0.833,2,
2411,Paris,2019,20/10/2018,WC,Rep,4,2,CECI_Luca,ITA,10006108051,29.8,14.866,16.668,20.274,1.803,4,
2412,Paris,2019,20/10/2018,WC,Rep,4,3,VYNOKUROV_Andrii,UKR,10002418415,36.2,28.626,28.464,30.028,0.782,1,
2413,Paris,2019,20/10/2018,WC,Rep,4,4,LENDEL_Vasilijus,LTU,10009181234,23.5,25.287,25.066,26.906,0.92,3,
2414,Paris,2019,20/10/2018,WC,Rep,4,5,SPIES_Jean,RSA,10007351671,28.9,9.163,8.94,15.308,3.184,5,
2415,Paris,2019,20/10/2018,WC,R2,1,1,DAWKINS_Edward,NZL,10005782695,29.3,29.11,29.365,31.025,0.83,3,
2416,Paris,2019,20/10/2018,WC,R2,1,2,MAKSEL_Krzysztof,POL,10006902239,27.3,27.958,28.224,30.27,1.023,4,
2417,Paris,2019,20/10/2018,WC,R2,1,3,WAKIMOTO_Yuta,JPN,10005964470,29.6,26.811,26.948,28.596,0.824,6,
2418,Paris,2019,20/10/2018,WC,R2,1,4,KAWABATA_Tomoyuki,JPN,10008098470,33.7,26.854,26.934,29.018,1.042,5,
2419,Paris,2019,20/10/2018,WC,R2,1,5,GLAETZER_Matthew,AUS,10006894559,26.2,31.999,31.766,33.464,0.849,1,
2420,Paris,2019,20/10/2018,WC,R2,1,6,PERVIS_Francois,FRA,10003011125,34,30.497,30.238,31.846,0.804,2,
2421,Paris,2019,20/10/2018,WC,R2,2,1,CARLIN_Jack,GBR,10009967641,21.5,29.294,30.145,33.501,1.678,1,
2422,Paris,2019,20/10/2018,WC,R2,2,2,BOS_Theo,NED,10050887493,35.2,25.707,27.107,32.095,2.494,2,
2423,Paris,2019,20/10/2018,WC,R2,2,3,CANELON_VERA_Hersony_Gadiel,VEN,10004717719,29.9,25.416,25.624,27.686,1.031,3,
2424,Paris,2019,20/10/2018,WC,R2,2,4,FONSECA_DA_SILVA_FREITAS_Kacio,BRA,10008108574,24.4,23.612,23.435,29.917,3.241,5,
2425,Paris,2019,20/10/2018,WC,R2,2,5,JURCZYK_Marc,GER,10009178002,22.7,24.025,23.909,26.575,1.333,4,
2426,Paris,2019,20/10/2018,WC,R2,2,6,VORZHEV_Pavel,KAZ,10007828183,25.1,22,21.23,25.036,1.903,6,
2427,Paris,2019,20/10/2018,WC,Final,1,1,WAKIMOTO_Yuta,JPN,10005964470,29.6,26.948,27.262,28.898,0.818,5,
2428,Paris,2019,20/10/2018,WC,Final,1,2,DAWKINS_Edward,NZL,10005782695,29.3,29.365,29.489,31.133,0.822,2,
2429,Paris,2019,20/10/2018,WC,Final,1,3,MAKSEL_Krzysztof,POL,10006902239,27.3,28.224,28.337,30.345,1.004,3,
2430,Paris,2019,20/10/2018,WC,Final,1,4,CARLIN_Jack,GBR,10009967641,21.5,30.145,29.768,32.94,1.586,1,
2431,Paris,2019,20/10/2018,WC,Final,1,5,BOS_Theo,NED,10050887493,35.2,27.107,26.274,30.726,2.226,4,
2432,Paris,2019,20/10/2018,WC,Final,1,6,CANELON_VERA_Hersony_Gadiel,VEN,10004717719,29.9,25.624,25.385,27.421,1.018,6,
2433,Paris,2019,20/10/2018,WC,Final,2,1,VORZHEV_Pavel,KAZ,10007828183,25.1,21.23,23.288,26.862,1.787,6,
2434,Paris,2019,20/10/2018,WC,Final,2,2,PERVIS_Francois,FRA,10003011125,34,30.238,30.294,31.89,0.798,2,
2435,Paris,2019,20/10/2018,WC,Final,2,3,GLAETZER_Matthew,AUS,10006894559,26.2,31.766,31.676,33.356,0.84,1,
2436,Paris,2019,20/10/2018,WC,Final,2,4,KAWABATA_Tomoyuki,JPN,10008098470,33.7,26.934,26.919,28.963,1.022,3,
2437,Paris,2019,20/10/2018,WC,Final,2,5,JURCZYK_Marc,GER,10009178002,22.7,23.909,23.858,26.442,1.292,4,
2438,Paris,2019,20/10/2018,WC,Final,2,6,FONSECA_DA_SILVA_FREITAS_Kacio,BRA,10008108574,24.4,23.435,21.174,26.788,2.807,5,
2439,Milton,2019,27/10/2018,WC,R1,1,1,BARRETTE_Hugo,CAN,10007212639,27.3,26.384,26.604,28.244,0.82,2,
2440,Milton,2019,27/10/2018,WC,R1,1,2,VYNOKUROV_Andrii,UKR,10002418415,36.2,28.464,28.476,30.032,0.778,1,
2441,Milton,2019,27/10/2018,WC,R1,1,3,PERALTA_Juan,ESP,10006552534,28.4,25.139,25.157,26.937,0.89,3,
2442,Milton,2019,27/10/2018,WC,R1,1,4,FONSECA_DA_SILVA_FREITAS_Kacio,BRA,10008108574,24.5,21.174,20.804,25.778,2.487,4,
2443,Milton,2019,27/10/2018,WC,R1,1,5,LAW_Tsz_Chun,HKG,10011155990,20.7,9,10.387,19.973,4.793,5,
2444,Milton,2019,27/10/2018,WC,R1,1,6,SPIES_Jean,RSA,10007351671,28.9,8.94,8.277,14.203,2.963,6,
2445,Milton,2019,27/10/2018,WC,R1,2,1,LAVREYSEN_Harrie,NED,10009535686,21.6,28.113,29.215,32.667,1.726,3,
2446,Milton,2019,27/10/2018,WC,R1,2,2,MAKSEL_Krzysztof,POL,10006902239,27.3,28.337,28.572,30.546,0.987,2,
2447,Milton,2019,27/10/2018,WC,R1,2,3,KENNY_Jason,GBR,10004599194,30.6,31.418,31.361,33.151,0.895,1,
2448,Milton,2019,27/10/2018,WC,R1,2,4,KAWABATA_Tomoyuki,JPN,10008098470,33.7,26.919,26.937,28.943,1.003,5,
2449,Milton,2019,27/10/2018,WC,R1,2,5,TJON_EN_FA_Jaïr,SUR,10117936018,25,17.683,18.686,22.268,1.791,7,
2450,Milton,2019,27/10/2018,WC,R1,2,6,BÁBEK_Tomáš,CZE,10004612534,31.4,27.067,26.717,28.903,1.093,4,
2451,Milton,2019,27/10/2018,WC,R1,2,7,CECI_Francesco,ITA,10006073493,28.9,22.378,22.241,23.755,0.757,6,
2452,Milton,2019,27/10/2018,WC,R1,3,1,BÜCHLI_Matthijs,NED,10006900421,25.9,32.123,32.222,33.856,0.817,1,
2453,Milton,2019,27/10/2018,WC,R1,3,3,WAKIMOTO_Yuta,JPN,10005964470,29.6,27.262,27.361,28.983,0.811,2,
2454,Milton,2019,27/10/2018,WC,R1,3,3,VIGIER_Sébastien,FRA,10010678569,21.5,28.231,28.302,32.322,2.01,1,
2455,Milton,2019,27/10/2018,WC,R1,3,4,NOVIK_Uladzislau,BLR,10009049979,23.6,20.559,21.188,24.334,1.573,4,
2456,Milton,2019,27/10/2018,WC,R1,3,5,DUBCHENKO_Aleksandr,RUS,10007772108,23.7,22.963,22.929,25.497,1.284,2,
2457,Milton,2019,27/10/2018,WC,R1,3,6,OMELCHENKO_Sergii,AZE,10006319633,28.9,22.514,22.386,24.148,0.881,3,
2458,Milton,2019,27/10/2018,WC,R1,3,7,ARCHAMBAULT_Joel,CAN,10009307435,26.6,9,5.172,16.398,5.613,5,
2459,Milton,2019,27/10/2018,WC,R1,4,1,CONSTABLE_Patrick,AUS,10009009462,23.3,25.284,26.45,29.64,1.595,4,
2460,Milton,2019,27/10/2018,WC,R1,4,2,DAWKINS_Edward,NZL,10005782695,29.3,29.489,29.569,31.199,0.815,1,
2461,Milton,2019,27/10/2018,WC,R1,4,3,DÖRNBACH_Maximilian,GER,10007779683,22.8,25.368,25.71,28.478,1.384,3,
2462,Milton,2019,27/10/2018,WC,R1,4,4,VERDUGO_OSUNA_Edgar,MEX,10007890932,24.4,20.859,21.565,24.677,1.556,7,
2463,Milton,2019,27/10/2018,WC,R1,4,5,QUINTERO_CHAVARRO_Kevin_Santiago,COL,10010830840,20,22.498,22.563,27.865,2.651,6,
2464,Milton,2019,27/10/2018,WC,R1,4,6,LENDEL_Vasilijus,LTU,10009181234,23.6,25.066,24.955,26.769,0.907,5,
2465,Milton,2019,27/10/2018,WC,R1,4,7,AWANG_Mohd_Azizulhasni,MAS,10004868370,30.8,28.853,28.56,30.102,0.771,2,
2466,Milton,2019,27/10/2018,WC,Rep,1,1,BÁBEK_Tomáš,CZE,10004612534,31.4,26.717,26.98,29.138,1.079,1,
2467,Milton,2019,27/10/2018,WC,Rep,1,2,PERALTA_Juan,ESP,10006552534,28.4,25.157,25.228,26.992,0.882,2,
2468,Milton,2019,27/10/2018,WC,Rep,1,3,DUBCHENKO_Aleksandr,RUS,10007772108,23.7,22.929,22.915,25.417,1.251,3,
2469,Milton,2019,27/10/2018,WC,Rep,1,4,VERDUGO_OSUNA_Edgar,MEX,10007890932,24.4,21.565,21.134,24.154,1.51,4,
2470,Milton,2019,27/10/2018,WC,Rep,2,1,KENNY_Jason,GBR,10004599194,30.6,31.361,31.447,33.231,0.892,1,
2471,Milton,2019,27/10/2018,WC,Rep,2,2,NOVIK_Uladzislau,BLR,10009049979,23.6,21.188,21.883,24.911,1.514,3,
2472,Milton,2019,27/10/2018,WC,Rep,2,3,AWANG_Mohd_Azizulhasni,MAS,10004868370,30.8,28.56,28.419,29.955,0.768,2,
2473,Milton,2019,27/10/2018,WC,Rep,2,4,SPIES_Jean,RSA,10007351671,28.9,8.277,10.781,16.049,2.634,5,
2474,Milton,2019,27/10/2018,WC,Rep,2,5,TJON_EN_FA_Jaïr,SUR,10117936018,25,18.686,17.865,21.313,1.724,4,
2475,Milton,2019,27/10/2018,WC,Rep,3,1,WAKIMOTO_Yuta,JPN,10005964470,29.6,27.361,27.511,29.127,0.808,1,
2476,Milton,2019,27/10/2018,WC,Rep,3,2,ARCHAMBAULT_Joel,CAN,10009307435,26.6,5.172,16.793,24.365,3.786,5,
2477,Milton,2019,27/10/2018,WC,Rep,3,3,KAWABATA_Tomoyuki,JPN,10008098470,33.7,26.937,26.809,28.787,0.989,2,
2478,Milton,2019,27/10/2018,WC,Rep,3,4,LENDEL_Vasilijus,LTU,10009181234,23.6,24.955,24.791,26.589,0.899,3,
2479,Milton,2019,27/10/2018,WC,Rep,3,5,LAW_Tsz_Chun,HKG,10011155990,20.7,10.387,9.584,17.718,4.067,4,
2480,Milton,2019,27/10/2018,WC,Rep,4,1,QUINTERO_CHAVARRO_Kevin_Santiago,COL,10010830840,20,22.563,24.618,29.47,2.426,2,
2481,Milton,2019,27/10/2018,WC,Rep,4,2,DÖRNBACH_Maximilian,GER,10007779683,22.8,25.71,25.882,28.564,1.341,1,
2482,Milton,2019,27/10/2018,WC,Rep,4,3,CECI_Francesco,ITA,10006073493,28.9,22.241,22.316,23.822,0.753,4,
2483,Milton,2019,27/10/2018,WC,Rep,4,4,FONSECA_DA_SILVA_FREITAS_Kacio,BRA,10008108574,24.5,20.804,20.555,25.031,2.238,5,
2484,Milton,2019,27/10/2018,WC,Rep,4,5,OMELCHENKO_Sergii,AZE,10006319633,28.9,22.386,22.188,23.938,0.875,3,
2485,Milton,2019,27/10/2018,WC,R2,1,1,VIGIER_Sébastien,FRA,10010678569,21.5,28.302,29.467,33.265,1.899,2,
2486,Milton,2019,27/10/2018,WC,R2,1,2,BÁBEK_Tomáš,CZE,10004612534,31.4,26.98,27.29,29.404,1.057,3,
2487,Milton,2019,27/10/2018,WC,R2,1,3,BARRETTE_Hugo,CAN,10007212639,27.3,26.604,26.713,28.339,0.813,4,
2488,Milton,2019,27/10/2018,WC,R2,1,4,MAKSEL_Krzysztof,POL,10006902239,27.3,28.572,28.498,30.438,0.97,1,
2489,Milton,2019,27/10/2018,WC,R2,1,5,QUINTERO_CHAVARRO_Kevin_Santiago,COL,10010830840,20,24.618,24.242,28.596,2.177,6,
2490,Milton,2019,27/10/2018,WC,R2,1,6,CONSTABLE_Patrick,AUS,10009009462,23.3,26.45,25.705,28.769,1.532,5,
2491,Milton,2019,27/10/2018,WC,R2,2,1,BÜCHLI_Matthijs,NED,10006900421,25.9,32.222,32.408,34.032,0.812,1,
2492,Milton,2019,27/10/2018,WC,R2,2,2,WAKIMOTO_Yuta,JPN,10005964470,29.6,27.511,27.737,29.339,0.801,6,
2493,Milton,2019,27/10/2018,WC,R2,2,3,KENNY_Jason,GBR,10004599194,30.6,31.447,31.443,33.205,0.881,2,
2494,Milton,2019,27/10/2018,WC,R2,2,4,DAWKINS_Edward,NZL,10005782695,29.3,29.569,29.551,31.167,0.808,3,
2495,Milton,2019,27/10/2018,WC,R2,2,5,VYNOKUROV_Andrii,UKR,10002418415,36.2,28.476,28.412,29.958,0.773,5,
2496,Milton,2019,27/10/2018,WC,R2,2,6,LAVREYSEN_Harrie,NED,10009535686,21.6,29.215,28.243,31.527,1.642,4,
2497,Milton,2019,27/10/2018,WC,Final,1,1,KENNY_Jason,GBR,10004599194,30.6,31.443,31.674,33.422,0.874,2,
2498,Milton,2019,27/10/2018,WC,Final,1,2,BARRETTE_Hugo,CAN,10007212639,27.3,26.713,26.963,28.575,0.806,6,
2499,Milton,2019,27/10/2018,WC,Final,1,3,BÜCHLI_Matthijs,NED,10006900421,25.9,32.408,32.367,33.977,0.805,1,
2500,Milton,2019,27/10/2018,WC,Final,1,4,VIGIER_Sébastien,FRA,10010678569,21.5,29.467,29.203,32.739,1.768,3,
2501,Milton,2019,27/10/2018,WC,Final,1,5,BÁBEK_Tomáš,CZE,10004612534,31.4,27.29,27.21,29.284,1.037,5,
2502,Milton,2019,27/10/2018,WC,Final,1,6,WAKIMOTO_Yuta,JPN,10005964470,29.6,27.737,27.553,29.147,0.797,4,
2503,Milton,2019,27/10/2018,WC,Final,2,1,CONSTABLE_Patrick,AUS,10009009462,23.3,25.705,26.761,29.707,1.473,5,
2504,Milton,2019,27/10/2018,WC,Final,2,2,DAWKINS_Edward,NZL,10005782695,29.3,29.551,29.659,31.261,0.801,1,
2505,Milton,2019,27/10/2018,WC,Final,2,3,LAVREYSEN_Harrie,NED,10009535686,21.6,28.243,28.395,31.507,1.556,4,
2506,Milton,2019,27/10/2018,WC,Final,2,4,QUINTERO_CHAVARRO_Kevin_Santiago,COL,10010830840,20,24.242,24.719,28.685,1.983,6,
2507,Milton,2019,27/10/2018,WC,Final,2,5,VYNOKUROV_Andrii,UKR,10002418415,36.2,28.412,28.312,29.848,0.768,3,
2508,Milton,2019,27/10/2018,WC,Final,2,6,MAKSEL_Krzysztof,POL,10006902239,27.3,28.498,28.172,30.088,0.958,2,
2509,Berlin,2019,1/12/2018,WC,R1,1,1,VYNOKUROV_Andrii,UKR,10002418415,36.3,28.312,28.423,29.957,0.767,1,
2510,Berlin,2019,1/12/2018,WC,R1,1,2,BROWNE_Kwesi,TTO,10009010876,24.8,23.893,24.091,26.173,1.041,4,
2511,Berlin,2019,1/12/2018,WC,R1,1,3,WATANABE_Kazunari,JPN,10003349716,33.6,24.973,24.942,26.572,0.815,2,
2512,Berlin,2019,1/12/2018,WC,R1,1,4,LENDEL_Vasilijus,LTU,10009181234,23.7,24.791,24.59,26.374,0.892,3,
2513,Berlin,2019,1/12/2018,WC,R1,2,1,QUINTERO_CHAVARRO_Kevin_Santiago,COL,10010830840,20.1,24.719,26.263,29.997,1.867,4,
2514,Berlin,2019,1/12/2018,WC,R1,2,2,PERKINS_Shane_Alan,RUS,10051694112,31.9,27.77,27.981,30.121,1.07,3,
2515,Berlin,2019,1/12/2018,WC,R1,2,3,LAVREYSEN_Harrie,NED,10009535686,21.7,28.395,28.344,31.318,1.487,2,
2516,Berlin,2019,1/12/2018,WC,R1,2,4,FONSECA_DA_SILVA_FREITAS_Kacio,BRA,10008108574,24.6,20.555,21.412,25.502,2.045,5,
2517,Berlin,2019,1/12/2018,WC,R1,2,5,KENNY_Jason,GBR,10004599194,30.7,31.674,31.313,33.045,0.866,1,
2518,Berlin,2019,1/12/2018,WC,R1,3,1,BÖTTICHER_Stefan,GER,10048325582,26.8,33.764,33.942,36.956,1.507,1,
2519,Berlin,2019,1/12/2018,WC,R1,3,2,NITTA_Yudai,JPN,10005727327,32.8,22.958,23.281,25.227,0.973,4,
2520,Berlin,2019,1/12/2018,WC,R1,3,3,PERALTA_Juan,ESP,10006552534,28.5,25.228,25.266,27.012,0.873,2,
2521,Berlin,2019,1/12/2018,WC,R1,3,4,LIPA_Mateusz,POL,10007891437,24.1,22.295,22.164,26.278,2.057,5,
2522,Berlin,2019,1/12/2018,WC,R1,3,5,VORZHEV_Pavel,KAZ,10007828183,25.2,23.288,22.533,25.949,1.708,3,
2523,Berlin,2019,1/12/2018,WC,R1,4,1,VIGIER_Sébastien,FRA,10010678569,21.6,29.203,29.64,33.072,1.716,1,
2524,Berlin,2019,1/12/2018,WC,R1,4,2,XU_Chao,CHN,10007947011,24.1,22.249,22.717,25.321,1.302,3,
2525,Berlin,2019,1/12/2018,WC,R1,4,3,KANG_Shih_Feng,TPE,10010608447,21.4,21.58,21.769,23.981,1.106,4,
2526,Berlin,2019,1/12/2018,WC,R1,4,4,SZALONTAY_Sándor,HUN,10007073506,28.4,20.181,20.291,22.789,1.249,5,
2527,Berlin,2019,1/12/2018,WC,R1,4,5,BARRETTE_Hugo,CAN,10007212639,27.4,26.963,26.677,28.279,0.801,2,
2528,Berlin,2019,1/12/2018,WC,R1,5,1,AWANG_Mohd_Azizulhasni,MAS,10004868370,30.9,28.419,28.569,30.101,0.766,1,
2529,Berlin,2019,1/12/2018,WC,R1,5,2,KELEMEN_Pavel,CZE,10006422895,27.5,28.247,28.286,30.076,0.895,2,
2530,Berlin,2019,1/12/2018,WC,R1,5,3,ARCHAMBAULT_Joel,CAN,10009307435,26.7,16.793,19.504,25.562,3.029,5,
2531,Berlin,2019,1/12/2018,WC,R1,5,4,OMELCHENKO_Sergii,AZE,10006319633,29,22.188,22.205,23.939,0.867,4,
2532,Berlin,2019,1/12/2018,WC,R1,5,5,CANELON_VERA_Hersony_Gadiel,VEN,10004717719,30,25.385,25.039,27.049,1.005,3,
2533,Berlin,2019,1/12/2018,WC,R1,6,1,GLAETZER_Matthew,AUS,10006894559,26.3,31.676,31.841,33.513,0.836,2,
2534,Berlin,2019,1/12/2018,WC,R1,6,2,BÜCHLI_Matthijs,NED,10006900421,26,32.367,32.348,33.95,0.801,1,
2535,Berlin,2019,1/12/2018,WC,R1,6,3,TRUMAN_Joseph,GBR,10017950943,21.8,27.342,27.313,29.737,1.212,3,
2536,Berlin,2019,1/12/2018,WC,R1,6,4,CECI_Francesco,ITA,10006073493,29,22.316,22.306,23.81,0.752,4,
2537,Berlin,2019,1/12/2018,WC,R1,6,5,OH_Jeseok,KOR,10010797393,21.2,9,5.974,17.758,5.892,5,
2538,Berlin,2019,1/12/2018,WC,Rep,1,1,TRUMAN_Joseph,GBR,10017950943,21.8,27.313,27.615,30.001,1.193,1,
2539,Berlin,2019,1/12/2018,WC,Rep,1,2,BROWNE_Kwesi,TTO,10009010876,24.8,24.091,24.264,26.314,1.025,3,
2540,Berlin,2019,1/12/2018,WC,Rep,1,3,CANELON_VERA_Hersony_Gadiel,VEN,10004717719,30,25.039,24.967,26.949,0.991,2,
2541,Berlin,2019,1/12/2018,WC,Rep,1,4,FONSECA_DA_SILVA_FREITAS_Kacio,BRA,10008108574,24.6,21.412,20.742,24.624,1.941,4,
2542,Berlin,2019,1/12/2018,WC,Rep,2,1,PERKINS_Shane_Alan,RUS,10051694112,31.9,27.981,28.15,30.272,1.061,1,
2543,Berlin,2019,1/12/2018,WC,Rep,2,2,LENDEL_Vasilijus,LTU,10009181234,23.7,24.59,24.637,26.409,0.886,2,
2544,Berlin,2019,1/12/2018,WC,Rep,2,3,OH_Jeseok,KOR,10010797393,21.2,5.974,12.67,20.868,4.099,4,
2545,Berlin,2019,1/12/2018,WC,Rep,2,4,ARCHAMBAULT_Joel,CAN,10009307435,26.7,19.504,17.621,23.133,2.756,3,
2546,Berlin,2019,1/12/2018,WC,Rep,3,1,NITTA_Yudai,JPN,10005727327,32.8,23.281,23.622,25.546,0.962,2,
2547,Berlin,2019,1/12/2018,WC,Rep,3,2,KANG_Shih_Feng,TPE,10010608447,21.4,21.769,22.089,24.257,1.084,4,
2548,Berlin,2019,1/12/2018,WC,Rep,3,3,KENNY_Jason,GBR,10004599194,30.7,31.313,31.026,32.742,0.858,1,
2549,Berlin,2019,1/12/2018,WC,Rep,3,4,OMELCHENKO_Sergii,AZE,10006319633,29,22.205,22.092,23.818,0.863,3,
2550,Berlin,2019,1/12/2018,WC,Rep,4,1,XU_Chao,CHN,10007947011,24.1,22.717,23.131,25.685,1.277,2,
2551,Berlin,2019,1/12/2018,WC,Rep,4,2,CECI_Francesco,ITA,10006073493,29,22.306,22.355,23.855,0.75,3,
2552,Berlin,2019,1/12/2018,WC,Rep,4,3,PERALTA_Juan,ESP,10006552534,28.5,25.266,25.051,26.787,0.868,1,
2553,Berlin,2019,1/12/2018,WC,Rep,5,1,LAVREYSEN_Harrie,NED,10009535686,21.7,28.344,28.864,31.76,1.448,1,
2554,Berlin,2019,1/12/2018,WC,Rep,5,2,KELEMEN_Pavel,CZE,10006422895,27.5,28.286,28.338,30.112,0.887,2,
2555,Berlin,2019,1/12/2018,WC,Rep,5,3,BARRETTE_Hugo,CAN,10007212639,27.4,26.677,26.642,28.236,0.797,3,
2556,Berlin,2019,1/12/2018,WC,Rep,5,4,LIPA_Mateusz,POL,10007891437,24.1,22.164,21.608,25.526,1.959,4,
2557,Berlin,2019,1/12/2018,WC,Rep,6,1,BÜCHLI_Matthijs,NED,10006900421,26,32.348,32.397,33.999,0.801,1,
2558,Berlin,2019,1/12/2018,WC,Rep,6,2,WATANABE_Kazunari,JPN,10003349716,33.6,24.942,25.026,26.648,0.811,2,
2559,Berlin,2019,1/12/2018,WC,Rep,6,3,SZALONTAY_Sándor,HUN,10007073506,28.4,20.291,20.469,22.911,1.221,4,
2560,Berlin,2019,1/12/2018,WC,Rep,6,4,VORZHEV_Pavel,KAZ,10007828183,25.2,22.533,21.879,25.169,1.645,3,
2561,Berlin,2019,1/12/2018,WC,R2,1,1,BÜCHLI_Matthijs,NED,10006900421,26,32.397,32.552,34.148,0.798,1,
2562,Berlin,2019,1/12/2018,WC,R2,1,2,AWANG_Mohd_Azizulhasni,MAS,10004868370,30.9,28.569,28.715,30.237,0.761,3,
2563,Berlin,2019,1/12/2018,WC,R2,1,3,VIGIER_Sébastien,FRA,10010678569,21.6,29.64,29.621,32.861,1.62,2,
2564,Berlin,2019,1/12/2018,WC,R2,1,4,NITTA_Yudai,JPN,10005727327,32.8,23.622,23.818,25.712,0.947,6,
2565,Berlin,2019,1/12/2018,WC,R2,1,5,PERKINS_Shane_Alan,RUS,10051694112,31.9,28.15,27.961,30.041,1.04,5,
2566,Berlin,2019,1/12/2018,WC,R2,1,6,VYNOKUROV_Andrii,UKR,10002418415,36.3,28.423,28.214,29.742,0.764,4,
2567,Berlin,2019,1/12/2018,WC,R2,2,1,GLAETZER_Matthew,AUS,10006894559,26.3,31.841,32.059,33.721,0.831,2,
2568,Berlin,2019,1/12/2018,WC,R2,2,2,LAVREYSEN_Harrie,NED,10009535686,21.7,28.864,29.37,32.154,1.392,3,
2569,Berlin,2019,1/12/2018,WC,R2,2,3,QUINTERO_CHAVARRO_Kevin_Santiago,COL,10010830840,20.1,26.263,26.991,30.479,1.744,5,
2570,Berlin,2019,1/12/2018,WC,R2,2,4,BÖTTICHER_Stefan,GER,10048325582,26.8,33.942,33.344,36.228,1.442,1,
2571,Berlin,2019,1/12/2018,WC,R2,2,5,TRUMAN_Joseph,GBR,10017950943,21.8,27.615,27.472,29.802,1.165,4,
2572,Berlin,2019,1/12/2018,WC,R2,2,6,XU_Chao,CHN,10007947011,24.1,23.131,22.914,25.422,1.254,6,
2573,Berlin,2019,1/12/2018,WC,Final,1,1,BÜCHLI_Matthijs,NED,10006900421,26,32.552,32.746,34.334,0.794,1,
2574,Berlin,2019,1/12/2018,WC,Final,1,2,GLAETZER_Matthew,AUS,10006894559,26.3,32.059,32.156,33.804,0.824,2,
2575,Berlin,2019,1/12/2018,WC,Final,1,3,AWANG_Mohd_Azizulhasni,MAS,10004868370,30.9,28.715,28.819,30.331,0.756,5,
2576,Berlin,2019,1/12/2018,WC,Final,1,4,VIGIER_Sébastien,FRA,10010678569,21.6,29.621,29.521,32.595,1.537,3,
2577,Berlin,2019,1/12/2018,WC,Final,1,5,QUINTERO_CHAVARRO_Kevin_Santiago,COL,10010830840,20.1,26.991,26.858,30.15,1.646,6,
2578,Berlin,2019,1/12/2018,WC,Final,1,6,LAVREYSEN_Harrie,NED,10009535686,21.7,29.37,28.754,31.454,1.35,4,
2579,Berlin,2019,1/12/2018,WC,Final,2,1,BÖTTICHER_Stefan,GER,10048325582,26.8,33.344,33.61,36.442,1.416,1,
2580,Berlin,2019,1/12/2018,WC,Final,2,2,TRUMAN_Joseph,GBR,10017950943,21.8,27.472,27.699,29.983,1.142,3,
2581,Berlin,2019,1/12/2018,WC,Final,2,3,NITTA_Yudai,JPN,10005727327,32.8,23.818,23.98,25.85,0.935,4,
2582,Berlin,2019,1/12/2018,WC,Final,2,4,XU_Chao,CHN,10007947011,24.1,22.914,22.998,25.438,1.22,5,
2583,Berlin,2019,1/12/2018,WC,Final,2,5,PERKINS_Shane_Alan,RUS,10051694112,31.9,27.961,27.558,29.608,1.025,2,
2584,London,2019,15/12/2018,WC,R1,1,1,BÜCHLI_Matthijs,NED,10006900421,26,32.746,32.887,34.469,0.791,1,
2585,London,2019,15/12/2018,WC,R1,1,2,QUINTERO_CHAVARRO_Kevin_Santiago,COL,10010830840,20.1,26.858,27.54,30.674,1.567,4,
2586,London,2019,15/12/2018,WC,R1,1,3,EILERS_Joachim,GER,10006379247,28.7,32.097,32.005,33.725,0.86,2,
2587,London,2019,15/12/2018,WC,R1,1,4,CECI_Francesco,ITA,10006073493,29,22.355,22.487,23.979,0.746,6,
2588,London,2019,15/12/2018,WC,R1,1,5,VYNOKUROV_Andrii,UKR,10002418415,36.3,28.214,28.073,29.593,0.76,3,
2589,London,2019,15/12/2018,WC,R1,1,6,XU_Chao,CHN,10007947011,24.1,22.998,22.708,25.102,1.197,5,
2590,London,2019,15/12/2018,WC,R1,2,1,BOS_Theo,NED,10050887493,35.3,26.274,27.852,31.994,2.071,3,
2591,London,2019,15/12/2018,WC,R1,2,2,BROWNE_Kwesi,TTO,10009010876,24.9,24.264,24.665,26.679,1.007,5,
2592,London,2019,15/12/2018,WC,R1,2,3,GLAETZER_Matthew,AUS,10006894559,26.3,32.156,32.044,33.676,0.816,1,
2593,London,2019,15/12/2018,WC,R1,2,4,CANELON_VERA_Hersony_Gadiel,VEN,10004717719,30,24.967,25.043,26.991,0.974,4,
2594,London,2019,15/12/2018,WC,R1,2,5,FONSECA_DA_SILVA_FREITAS_Kacio,BRA,10008108574,24.6,20.742,21.114,24.718,1.802,6,
2595,London,2019,15/12/2018,WC,R1,2,6,ARCHAMBAULT_Joel,CAN,10009307435,26.7,17.621,18.168,22.976,2.404,7,
2596,London,2019,15/12/2018,WC,R1,2,7,BARRETTE_Hugo,CAN,10007212639,27.4,26.642,26.357,27.941,0.792,2,
2597,London,2019,15/12/2018,WC,R1,3,1,HELAL_Rayan,FRA,10015683567,19.9,9,24.976,35.684,5.354,7,
2598,London,2019,15/12/2018,WC,R1,3,2,KELEMEN_Pavel,CZE,10006422895,27.6,28.338,28.456,30.214,0.879,2,
2599,London,2019,15/12/2018,WC,R1,3,3,SZALONTAY_Sándor,HUN,10007073506,28.5,20.469,21.022,23.394,1.186,5,
2600,London,2019,15/12/2018,WC,R1,3,4,PERALTA_Juan,ESP,10006552534,28.6,25.051,25.071,26.787,0.858,3,
2601,London,2019,15/12/2018,WC,R1,3,5,HSIAO_Shih_Hsin,TPE,10006137252,28.7,17.97,18.812,22.64,1.914,6,
2602,London,2019,15/12/2018,WC,R1,3,6,DUBCHENKO_Aleksandr,RUS,10007772108,23.8,22.915,22.754,25.18,1.213,4,
2603,London,2019,15/12/2018,WC,R1,3,7,AWANG_Mohd_Azizulhasni,MAS,10004868370,30.9,28.819,28.501,30.005,0.752,1,
2604,London,2019,15/12/2018,WC,R1,4,1,CARLIN_Jack,GBR,10009967641,21.6,29.768,30.377,33.447,1.535,1,
2605,London,2019,15/12/2018,WC,R1,4,2,TRUMAN_Joseph,GBR,10017950943,21.8,27.699,27.938,30.172,1.117,3,
2606,London,2019,15/12/2018,WC,R1,4,3,LENDEL_Vasilijus,LTU,10009181234,23.7,24.637,24.799,26.549,0.875,4,
2607,London,2019,15/12/2018,WC,R1,4,4,MAKSEL_Krzysztof,POL,10006902239,27.4,28.172,28.057,29.943,0.943,2,
2608,London,2019,15/12/2018,WC,R1,4,5,OH_Jeseok,KOR,10010797393,21.2,12.67,16.291,22.557,3.133,7,
2609,London,2019,15/12/2018,WC,R1,4,6,NOVIK_Uladzislau,BLR,10009049979,23.7,21.883,21.633,24.537,1.452,6,
2610,London,2019,15/12/2018,WC,R1,4,7,OMELCHENKO_Sergii,AZE,10006319633,29,22.092,21.876,23.59,0.857,5,
2611,London,2019,15/12/2018,WC,Rep,1,1,EILERS_Joachim,GER,10006379247,28.7,32.005,32.092,33.808,0.858,1,
2612,London,2019,15/12/2018,WC,Rep,1,2,MAKSEL_Krzysztof,POL,10006902239,27.4,28.057,28.072,29.942,0.935,2,
2613,London,2019,15/12/2018,WC,Rep,1,3,ARCHAMBAULT_Joel,CAN,10009307435,26.7,18.168,18.823,23.283,2.23,4,
2614,London,2019,15/12/2018,WC,Rep,1,4,HSIAO_Shih_Hsin,TPE,10006137252,28.7,18.812,18.353,22.045,1.846,3,
2615,London,2019,15/12/2018,WC,Rep,2,1,GLAETZER_Matthew,AUS,10006894559,26.3,32.044,32.116,33.746,0.815,1,
2616,London,2019,15/12/2018,WC,Rep,2,2,PERALTA_Juan,ESP,10006552534,28.6,25.071,25.207,26.909,0.851,2,
2617,London,2019,15/12/2018,WC,Rep,2,3,XU_Chao,CHN,10007947011,24.1,22.708,22.848,25.186,1.169,3,
2618,London,2019,15/12/2018,WC,Rep,2,4,FONSECA_DA_SILVA_FREITAS_Kacio,BRA,10008108574,24.6,21.114,21.041,24.449,1.704,5,
2619,London,2019,15/12/2018,WC,Rep,2,5,OMELCHENKO_Sergii,AZE,10006319633,29,21.876,21.705,23.409,0.852,4,
2620,London,2019,15/12/2018,WC,Rep,3,1,AWANG_Mohd_Azizulhasni,MAS,10004868370,30.9,28.501,28.633,30.135,0.751,1,
2621,London,2019,15/12/2018,WC,Rep,3,2,VYNOKUROV_Andrii,UKR,10002418415,36.3,28.073,28.095,29.609,0.757,2,
2622,London,2019,15/12/2018,WC,Rep,3,3,NOVIK_Uladzislau,BLR,10009049979,23.7,21.633,21.954,24.75,1.398,4,
2623,London,2019,15/12/2018,WC,Rep,3,4,SZALONTAY_Sándor,HUN,10007073506,28.5,21.022,21.084,23.4,1.158,5,
2624,London,2019,15/12/2018,WC,Rep,3,5,CANELON_VERA_Hersony_Gadiel,VEN,10004717719,30,25.043,24.721,26.647,0.963,3,
2625,London,2019,15/12/2018,WC,Rep,4,1,BARRETTE_Hugo,CAN,10007212639,27.4,26.357,26.503,28.081,0.789,1,
2626,London,2019,15/12/2018,WC,Rep,4,2,DUBCHENKO_Aleksandr,RUS,10007772108,23.8,22.754,23.027,25.393,1.183,3,
2627,London,2019,15/12/2018,WC,Rep,4,3,CECI_Francesco,ITA,10006073493,29,22.487,22.524,24.008,0.742,4,
2628,London,2019,15/12/2018,WC,Rep,4,4,OH_Jeseok,KOR,10010797393,21.2,16.291,17.091,22.409,2.659,5,
2629,London,2019,15/12/2018,WC,Rep,4,5,LENDEL_Vasilijus,LTU,10009181234,23.7,24.799,24.502,26.238,0.868,2,
2630,London,2019,15/12/2018,WC,R2,1,1,BÜCHLI_Matthijs,NED,10006900421,26,32.887,33.048,34.624,0.788,1,
2631,London,2019,15/12/2018,WC,R2,1,2,CARLIN_Jack,GBR,10009967641,21.6,30.377,30.702,33.642,1.47,3,
2632,London,2019,15/12/2018,WC,R2,1,3,BROWNE_Kwesi,TTO,10009010876,24.9,24.665,24.994,26.972,0.989,6,
2633,London,2019,15/12/2018,WC,R2,1,4,KELEMEN_Pavel,CZE,10006422895,27.6,28.456,28.459,30.195,0.868,4,
2634,London,2019,15/12/2018,WC,R2,1,5,EILERS_Joachim,GER,10006379247,28.7,32.092,31.852,33.55,0.849,2,
2635,London,2019,15/12/2018,WC,R2,1,6,BARRETTE_Hugo,CAN,10007212639,27.4,26.503,26.356,27.928,0.786,5,
2636,London,2019,15/12/2018,WC,R2,2,1,AWANG_Mohd_Azizulhasni,MAS,10004868370,30.9,28.633,28.904,30.4,0.748,2,
2637,London,2019,15/12/2018,WC,R2,2,2,HELAL_Rayan,FRA,10015683567,19.9,24.976,28.513,35.759,3.623,6,
2638,London,2019,15/12/2018,WC,R2,2,3,BOS_Theo,NED,10050887493,35.3,27.852,28.417,32.233,1.908,4,
2639,London,2019,15/12/2018,WC,R2,2,4,TRUMAN_Joseph,GBR,10017950943,21.8,27.938,28.032,30.214,1.091,3,
2640,London,2019,15/12/2018,WC,R2,2,5,QUINTERO_CHAVARRO_Kevin_Santiago,COL,10010830840,20.1,27.54,27.409,30.399,1.495,5,
2641,London,2019,15/12/2018,WC,R2,2,6,GLAETZER_Matthew,AUS,10006894559,26.3,32.116,31.83,33.448,0.809,1,
2642,London,2019,15/12/2018,WC,Final,1,1,BÜCHLI_Matthijs,NED,10006900421,26,33.048,33.206,34.776,0.785,1,
2643,London,2019,15/12/2018,WC,Final,1,2,AWANG_Mohd_Azizulhasni,MAS,10004868370,30.9,28.904,29.062,30.55,0.744,3,
2644,London,2019,15/12/2018,WC,Final,1,3,BOS_Theo,NED,10050887493,35.3,28.417,28.76,32.314,1.777,5,
2645,London,2019,15/12/2018,WC,Final,1,4,CARLIN_Jack,GBR,10009967641,21.6,30.702,30.452,33.272,1.41,2,
2646,London,2019,15/12/2018,WC,Final,1,5,BROWNE_Kwesi,TTO,10009010876,24.9,24.994,25.043,26.991,0.974,6,
2647,London,2019,15/12/2018,WC,Final,1,6,HELAL_Rayan,FRA,10015683567,19.9,28.513,24.772,30.8,3.014,4,
2648,London,2019,15/12/2018,WC,Final,2,1,GLAETZER_Matthew,AUS,10006894559,26.3,31.83,32.014,33.624,0.805,2,
2649,London,2019,15/12/2018,WC,Final,2,2,KELEMEN_Pavel,CZE,10006422895,27.6,28.459,28.664,30.382,0.859,3,
2650,London,2019,15/12/2018,WC,Final,2,3,QUINTERO_CHAVARRO_Kevin_Santiago,COL,10010830840,20.1,27.409,27.748,30.606,1.429,5,
2651,London,2019,15/12/2018,WC,Final,2,4,EILERS_Joachim,GER,10006379247,28.7,31.852,31.727,33.407,0.84,1,
2652,London,2019,15/12/2018,WC,Final,2,5,TRUMAN_Joseph,GBR,10017950943,21.8,28.032,27.884,30.022,1.069,4,
2653,London,2019,15/12/2018,WC,Final,2,6,BARRETTE_Hugo,CAN,10007212639,27.4,26.356,26.207,27.773,0.783,6,
2654,Cambridge,2019,19/01/2019,WC,R1,1,1,BÁBEK_Tomáš,CZE,10004612534,31.6,27.21,27.545,29.591,1.023,1,
2655,Cambridge,2019,19/01/2019,WC,R1,1,2,BARRETTE_Hugo,CAN,10007212639,27.5,26.207,26.329,27.885,0.778,3,
2656,Cambridge,2019,19/01/2019,WC,R1,1,3,SCHMID_Jacob,AUS,10007811817,25,26.57,26.581,29.253,1.336,2,
2657,Cambridge,2019,19/01/2019,WC,R1,1,4,RAJKOWSKI_Patryk,POL,10009176281,22.9,23.526,23.57,26.26,1.345,4,
2658,Cambridge,2019,19/01/2019,WC,R1,1,5,KANG_Shih_Feng,TPE,10010608447,21.6,22.089,22.046,24.17,1.062,5,
2659,Cambridge,2019,19/01/2019,WC,R1,1,6,JONAUSKAS_Svajūnas,LTU,10009181032,24,19.52,19.147,22.615,1.734,6,
2660,Cambridge,2019,19/01/2019,WC,R1,1,7,BI_Wenjun,CHN,10061258009,27,12.195,11.487,16.807,2.66,7,
2661,Cambridge,2019,19/01/2019,WC,R1,2,1,NITTA_Yudai,JPN,10005727327,33,23.98,24.419,26.269,0.925,4,
2662,Cambridge,2019,19/01/2019,WC,R1,2,2,DAKIN_Sam,NZL,10010624918,22.4,26.265,26.977,31.613,2.318,1,
2663,Cambridge,2019,19/01/2019,WC,R1,2,3,PONOMARYOV_Sergey,KAZ,10010797292,20.8,9,20.164,28.526,4.181,6,
2664,Cambridge,2019,19/01/2019,WC,R1,2,4,PERALTA_Juan,ESP,10006552534,28.7,25.207,25.228,26.914,0.843,3,
2665,Cambridge,2019,19/01/2019,WC,R1,2,5,WAMMES_Nick,CAN,10015713273,19.2,9,16.395,24.741,4.173,6,
2666,Cambridge,2019,19/01/2019,WC,R1,2,6,LAFARGUE_Quentin,FRA,10005930724,28.2,25.332,25.008,27.248,1.12,2,
2667,Cambridge,2019,19/01/2019,WC,R1,2,7,OMELCHENKO_Sergii,AZE,10006319633,29.1,21.705,21.522,23.216,0.847,5,
2668,Cambridge,2019,19/01/2019,WC,R1,3,1,DAWKINS_Edward,NZL,10005782695,29.5,29.659,29.816,31.41,0.797,1,
2669,Cambridge,2019,19/01/2019,WC,R1,3,2,SAHROM_Muhammad_Shah_Firdaus,MAS,10009150215,23.1,24.86,25.173,27.233,1.03,4,
2670,Cambridge,2019,19/01/2019,WC,R1,3,3,PERKINS_Shane_Alan,RUS,10051694112,32.1,27.558,27.559,29.571,1.006,2,
2671,Cambridge,2019,19/01/2019,WC,R1,3,4,WATANABE_Kazunari,JPN,10003349716,33.7,25.026,25.029,26.637,0.804,3,
2672,Cambridge,2019,19/01/2019,WC,R1,3,5,SZALONTAY_Sándor,HUN,10007073506,28.5,21.084,21.164,23.422,1.129,6,
2673,Cambridge,2019,19/01/2019,WC,R1,3,6,BOTTASSO_Leandro,ARG,10010894696,32.7,19.641,19.626,22.002,1.188,7,
2674,Cambridge,2019,19/01/2019,WC,R1,3,7,DUBCHENKO_Aleksandr,RUS,10007772108,23.9,23.027,22.534,24.848,1.157,5,
2675,Cambridge,2019,19/01/2019,WC,Rep,1,1,SCHMID_Jacob,AUS,10007811817,25,26.581,26.961,29.579,1.309,1,
2676,Cambridge,2019,19/01/2019,WC,Rep,1,2,WATANABE_Kazunari,JPN,10003349716,33.7,25.029,25.096,26.694,0.799,2,
2677,Cambridge,2019,19/01/2019,WC,Rep,1,3,JONAUSKAS_Svajūnas,LTU,10009181032,24,19.147,19.628,22.92,1.646,4,
2678,Cambridge,2019,19/01/2019,WC,Rep,1,4,WAMMES_Nick,CAN,10015713273,19.2,16.395,16.718,23.204,3.243,5,
2679,Cambridge,2019,19/01/2019,WC,Rep,1,5,OMELCHENKO_Sergii,AZE,10006319633,29.1,21.522,21.327,23.011,0.842,3,
2680,Cambridge,2019,19/01/2019,WC,Rep,2,1,RAJKOWSKI_Patryk,POL,10009176281,22.9,23.57,24.068,26.696,1.314,1,
2681,Cambridge,2019,19/01/2019,WC,Rep,2,2,SZALONTAY_Sándor,HUN,10007073506,28.5,21.164,21.452,23.666,1.107,3,
2682,Cambridge,2019,19/01/2019,WC,Rep,2,3,PONOMARYOV_Sergey,KAZ,10010797292,20.8,20.164,19.902,26.364,3.231,4,
2683,Cambridge,2019,19/01/2019,WC,Rep,2,4,DUBCHENKO_Aleksandr,RUS,10007772108,23.9,22.534,22.292,24.562,1.135,2,
2684,Cambridge,2019,19/01/2019,WC,Rep,2,5,BI_Wenjun,CHN,10061258009,27,11.487,11.126,16.138,2.506,5,
2685,Cambridge,2019,19/01/2019,WC,Rep,3,1,LAFARGUE_Quentin,FRA,10005930724,28.2,25.008,25.37,27.574,1.102,3,
2686,Cambridge,2019,19/01/2019,WC,Rep,3,2,KANG_Shih_Feng,TPE,10010608447,21.6,22.046,22.344,24.428,1.042,4,
2687,Cambridge,2019,19/01/2019,WC,Rep,3,3,PERALTA_Juan,ESP,10006552534,28.7,25.228,25.202,26.872,0.835,2,
2688,Cambridge,2019,19/01/2019,WC,Rep,3,4,BOTTASSO_Leandro,ARG,10010894696,32.7,19.626,19.773,22.089,1.158,5,
2689,Cambridge,2019,19/01/2019,WC,Rep,3,5,PERKINS_Shane_Alan,RUS,10051694112,32.1,27.559,27.091,29.073,0.991,1,
2690,Cambridge,2019,19/01/2019,WC,R2,1,1,BÁBEK_Tomáš,CZE,10004612534,31.6,27.545,27.891,29.909,1.009,1,
2691,Cambridge,2019,19/01/2019,WC,R2,1,2,LAFARGUE_Quentin,FRA,10005930724,28.2,25.37,25.693,27.849,1.078,4,
2692,Cambridge,2019,19/01/2019,WC,R2,1,3,SAHROM_Muhammad_Shah_Firdaus,MAS,10009150215,23.1,25.173,25.336,27.356,1.01,5,
2693,Cambridge,2019,19/01/2019,WC,R2,1,4,DAKIN_Sam,NZL,10010624918,22.4,26.977,26.392,30.572,2.09,2,
2694,Cambridge,2019,19/01/2019,WC,R2,1,5,SCHMID_Jacob,AUS,10007811817,25,26.961,26.59,29.128,1.269,3,
2695,Cambridge,2019,19/01/2019,WC,R2,1,6,SZALONTAY_Sándor,HUN,10007073506,28.5,21.452,21.254,23.436,1.091,6,
2696,Cambridge,2019,19/01/2019,WC,R2,2,1,DAWKINS_Edward,NZL,10005782695,29.5,29.816,29.955,31.543,0.794,1,
2697,Cambridge,2019,19/01/2019,WC,R2,2,2,BARRETTE_Hugo,CAN,10007212639,27.5,26.329,26.444,27.99,0.773,2,
2698,Cambridge,2019,19/01/2019,WC,R2,2,3,NITTA_Yudai,JPN,10005727327,33,24.419,24.532,26.356,0.912,4,
2699,Cambridge,2019,19/01/2019,WC,R2,2,4,KANG_Shih_Feng,TPE,10010608447,21.6,22.344,22.453,24.497,1.022,6,
2700,Cambridge,2019,19/01/2019,WC,R2,2,5,RAJKOWSKI_Patryk,POL,10009176281,22.9,24.068,23.838,26.382,1.272,5,
2701,Cambridge,2019,19/01/2019,WC,R2,2,6,WATANABE_Kazunari,JPN,10003349716,33.7,25.096,24.873,26.461,0.794,3,
2702,Cambridge,2019,19/01/2019,WC,Final,1,1,DAWKINS_Edward,NZL,10005782695,29.5,29.955,30.112,31.694,0.791,1,
2703,Cambridge,2019,19/01/2019,WC,Final,1,2,LAFARGUE_Quentin,FRA,10005930724,28.2,25.693,25.995,28.107,1.056,4,
2704,Cambridge,2019,19/01/2019,WC,Final,1,3,NITTA_Yudai,JPN,10005727327,33,24.532,24.694,26.494,0.9,6,
2705,Cambridge,2019,19/01/2019,WC,Final,1,4,SAHROM_Muhammad_Shah_Firdaus,MAS,10009150215,23.1,25.336,25.364,27.346,0.991,5,
2706,Cambridge,2019,19/01/2019,WC,Final,1,5,BÁBEK_Tomáš,CZE,10004612534,31.6,27.891,27.652,29.634,0.991,2,
2707,Cambridge,2019,19/01/2019,WC,Final,1,6,BARRETTE_Hugo,CAN,10007212639,27.5,26.444,26.245,27.783,0.769,3,
2708,Cambridge,2019,19/01/2019,WC,Final,2,1,WATANABE_Kazunari,JPN,10003349716,33.7,24.873,25.106,26.686,0.79,3,
2709,Cambridge,2019,19/01/2019,WC,Final,2,2,RAJKOWSKI_Patryk,POL,10009176281,22.9,23.838,24.201,26.667,1.233,4,
2710,Cambridge,2019,19/01/2019,WC,Final,2,3,KANG_Shih_Feng,TPE,10010608447,21.6,22.453,22.655,24.659,1.002,5,
2711,Cambridge,2019,19/01/2019,WC,Final,2,4,SZALONTAY_Sándor,HUN,10007073506,28.5,21.254,21.422,23.554,1.066,6,
2712,Cambridge,2019,19/01/2019,WC,Final,2,5,DAKIN_Sam,NZL,10010624918,22.4,26.392,25.281,29.115,1.917,2,
2713,Cambridge,2019,19/01/2019,WC,Final,2,9,SCHMID_Jacob,AUS,10007811817,25,26.59,25.935,28.405,1.235,1,
2714,Hong_Kong,2019,26/01/2019,WC,R1,1,1,HELAL_Rayan,FRA,10015683567,20,24.772,27.076,32.508,2.716,2,
2715,Hong_Kong,2019,26/01/2019,WC,R1,1,2,KELEMEN_Pavel,CZE,10006422895,27.7,28.664,28.71,30.414,0.852,1,
2716,Hong_Kong,2019,26/01/2019,WC,R1,1,3,NITTA_Yudai,JPN,10005727327,33,24.694,24.753,26.533,0.89,4,
2717,Hong_Kong,2019,26/01/2019,WC,R1,1,4,SPIES_Jean,RSA,10007351671,29.2,10.781,13.686,18.322,2.318,6,
2718,Hong_Kong,2019,26/01/2019,WC,R1,1,5,LAW_Tsz_Chun,HKG,10011155990,20.9,9.584,13.485,19.701,3.108,7,
2719,Hong_Kong,2019,26/01/2019,WC,R1,1,6,CANELON_VERA_Hersony_Gadiel,VEN,10004717719,30.1,24.721,24.398,26.296,0.949,3,
2720,Hong_Kong,2019,26/01/2019,WC,R1,1,7,OMELCHENKO_Sergii,AZE,10006319633,29.2,21.327,21.088,22.76,0.836,5,
2721,Hong_Kong,2019,26/01/2019,WC,R1,2,1,BOS_Theo,NED,10050887493,35.4,28.76,29.434,32.852,1.709,1,
2722,Hong_Kong,2019,26/01/2019,WC,R1,2,2,PERALTA_Juan,ESP,10006552534,28.7,25.202,25.382,27.038,0.828,3,
2723,Hong_Kong,2019,26/01/2019,WC,R1,2,3,WILLIAMS_Zac,NZL,10008997641,23.5,26.472,26.479,29.237,1.379,2,
2724,Hong_Kong,2019,26/01/2019,WC,R1,2,4,BOTTASSO_Leandro,ARG,10010894696,32.8,19.773,20.07,22.328,1.129,6,
2725,Hong_Kong,2019,26/01/2019,WC,R1,2,5,DUBCHENKO_Aleksandr,RUS,10007772108,23.9,22.292,22.24,24.456,1.108,5,
2726,Hong_Kong,2019,26/01/2019,WC,R1,2,6,BROWNE_Kwesi,TTO,10009010876,25,25.043,24.726,26.646,0.96,4,
2727,Hong_Kong,2019,26/01/2019,WC,R1,2,7,BI_Wenjun,CHN,10061258009,27,11.126,10.832,15.574,2.371,7,
2728,Hong_Kong,2019,26/01/2019,WC,R1,3,1,KAWABATA_Tomoyuki,JPN,10008098470,34,26.809,27.087,29.041,0.977,1,
2729,Hong_Kong,2019,26/01/2019,WC,R1,3,2,VORZHEV_Pavel,KAZ,10007828183,25.3,21.879,22.676,25.8,1.562,6,
2730,Hong_Kong,2019,26/01/2019,WC,R1,3,3,JURCZYK_Marc,GER,10009178002,23,23.858,24.021,26.521,1.25,4,
2731,Hong_Kong,2019,26/01/2019,WC,R1,3,4,LENDEL_Vasilijus,LTU,10009181234,23.8,24.502,24.469,26.185,0.858,2,
2732,Hong_Kong,2019,26/01/2019,WC,R1,3,5,CECI_Francesco,ITA,10006073493,29.1,22.524,22.483,23.959,0.738,5,
2733,Hong_Kong,2019,26/01/2019,WC,R1,3,6,RAJKOWSKI_Patryk,POL,10009176281,22.9,24.201,23.677,26.085,1.204,3,
2734,Hong_Kong,2019,26/01/2019,WC,R1,4,1,OH_Jeseok,KOR,10010797393,21.4,17.091,20.42,25.176,2.378,6,
2735,Hong_Kong,2019,26/01/2019,WC,R1,4,2,BARRETTE_Hugo,CAN,10007212639,27.6,26.245,26.295,27.823,0.764,1,
2736,Hong_Kong,2019,26/01/2019,WC,R1,4,3,SZALONTAY_Sándor,HUN,10007073506,28.6,21.422,21.642,23.73,1.044,5,
2737,Hong_Kong,2019,26/01/2019,WC,R1,4,4,NOVIK_Uladzislau,BLR,10009049979,23.8,21.954,22.005,24.695,1.345,4,
2738,Hong_Kong,2019,26/01/2019,WC,R1,4,5,KANG_Shih_Feng,TPE,10010608447,21.6,22.655,22.54,24.51,0.985,3,
2739,Hong_Kong,2019,26/01/2019,WC,R1,4,6,RICHARDSON_Matthew,AUS,10015145724,19.8,24.661,21.572,26.742,2.585,2,
2740,Hong_Kong,2019,26/01/2019,WC,Rep,1,1,NITTA_Yudai,JPN,10005727327,33,24.753,24.961,26.729,0.884,1,
2741,Hong_Kong,2019,26/01/2019,WC,Rep,1,2,BROWNE_Kwesi,TTO,10009010876,25,24.726,24.775,26.671,0.948,2,
2742,Hong_Kong,2019,26/01/2019,WC,Rep,1,3,CECI_Francesco,ITA,10006073493,29.1,22.483,22.477,23.949,0.736,3,
2743,Hong_Kong,2019,26/01/2019,WC,Rep,1,4,NOVIK_Uladzislau,BLR,10009049979,23.8,22.005,21.607,24.235,1.314,4,
2744,Hong_Kong,2019,26/01/2019,WC,Rep,2,1,LENDEL_Vasilijus,LTU,10009181234,23.8,24.469,24.692,26.396,0.852,2,
2745,Hong_Kong,2019,26/01/2019,WC,Rep,2,2,CANELON_VERA_Hersony_Gadiel,VEN,10004717719,30.1,24.398,24.497,26.371,0.937,3,
2746,Hong_Kong,2019,26/01/2019,WC,Rep,2,3,KANG_Shih_Feng,TPE,10010608447,21.6,22.54,22.585,24.527,0.971,4,
2747,Hong_Kong,2019,26/01/2019,WC,Rep,2,4,WILLIAMS_Zac,NZL,10008997641,23.5,26.479,25.825,28.505,1.34,1,
2748,Hong_Kong,2019,26/01/2019,WC,Rep,3,1,RICHARDSON_Matthew,AUS,10015145724,19.8,21.572,23.16,27.96,2.4,2,
2749,Hong_Kong,2019,26/01/2019,WC,Rep,3,2,JURCZYK_Marc,GER,10009178002,23,24.021,24.07,26.516,1.223,1,
2750,Hong_Kong,2019,26/01/2019,WC,Rep,3,3,BOTTASSO_Leandro,ARG,10010894696,32.8,20.07,20.089,22.307,1.109,3,
2751,Hong_Kong,2019,26/01/2019,WC,Rep,3,4,BI_Wenjun,CHN,10061258009,27,10.832,11.626,16.004,2.189,5,
2752,Hong_Kong,2019,26/01/2019,WC,Rep,3,5,LAW_Tsz_Chun,HKG,10011155990,20.9,13.485,11.825,17.395,2.785,4,
2753,Hong_Kong,2019,26/01/2019,WC,Rep,4,1,RAJKOWSKI_Patryk,POL,10009176281,22.9,23.677,24.034,26.4,1.183,1,
2754,Hong_Kong,2019,26/01/2019,WC,Rep,4,2,DUBCHENKO_Aleksandr,RUS,10007772108,23.9,22.24,22.389,24.561,1.086,2,
2755,Hong_Kong,2019,26/01/2019,WC,Rep,4,3,SPIES_Jean,RSA,10007351671,29.2,13.686,15.163,19.369,2.103,5,
2756,Hong_Kong,2019,26/01/2019,WC,Rep,4,4,OMELCHENKO_Sergii,AZE,10006319633,29.2,21.088,21.004,22.662,0.829,4,
2757,Hong_Kong,2019,26/01/2019,WC,Rep,4,5,SZALONTAY_Sándor,HUN,10007073506,28.6,21.642,21.281,23.339,1.029,3,
2758,Hong_Kong,2019,26/01/2019,WC,R2,1,1,NITTA_Yudai,JPN,10005727327,33,24.961,25.26,27.012,0.876,3,
2759,Hong_Kong,2019,26/01/2019,WC,R2,1,2,OH_Jeseok,KOR,10010797393,21.4,20.42,22.131,26.405,2.137,6,
2760,Hong_Kong,2019,26/01/2019,WC,R2,1,3,VORZHEV_Pavel,KAZ,10007828183,25.3,22.676,23.084,26.058,1.487,5,
2761,Hong_Kong,2019,26/01/2019,WC,R2,1,4,RAJKOWSKI_Patryk,POL,10009176281,22.9,24.034,24.054,26.356,1.151,4,
2762,Hong_Kong,2019,26/01/2019,WC,R2,1,5,PERALTA_Juan,ESP,10006552534,28.7,25.382,25.269,26.909,0.82,2,
2763,Hong_Kong,2019,26/01/2019,WC,R2,1,6,HELAL_Rayan,FRA,10015683567,20,27.076,24.272,29.078,2.403,1,
2764,Hong_Kong,2019,26/01/2019,WC,R2,2,1,BOS_Theo,NED,10050887493,35.4,29.434,30.153,33.439,1.643,1,
2765,Hong_Kong,2019,26/01/2019,WC,R2,2,2,BARRETTE_Hugo,CAN,10007212639,27.6,26.295,26.462,27.982,0.76,4,
2766,Hong_Kong,2019,26/01/2019,WC,R2,2,3,KAWABATA_Tomoyuki,JPN,10008098470,34,27.087,27.174,29.096,0.961,3,
2767,Hong_Kong,2019,26/01/2019,WC,R2,2,4,KELEMEN_Pavel,CZE,10006422895,27.7,28.71,28.618,30.304,0.843,2,
2768,Hong_Kong,2019,26/01/2019,WC,R2,2,5,LENDEL_Vasilijus,LTU,10009181234,23.8,24.692,24.644,26.332,0.844,5,
2769,Hong_Kong,2019,26/01/2019,WC,R2,2,6,RICHARDSON_Matthew,AUS,10015145724,19.8,23.16,21.88,26.292,2.206,6,
2770,Hong_Kong,2019,26/01/2019,WC,Final,1,1,BOS_Theo,NED,10050887493,35.4,30.153,30.732,33.91,1.589,1,
2771,Hong_Kong,2019,26/01/2019,WC,Final,1,2,KAWABATA_Tomoyuki,JPN,10008098470,34,27.174,27.364,29.26,0.948,2,
2772,Hong_Kong,2019,26/01/2019,WC,Final,1,3,OH_Jeseok,KOR,10010797393,21.4,22.131,23.09,27.008,1.959,6,
2773,Hong_Kong,2019,26/01/2019,WC,Final,1,4,NITTA_Yudai,JPN,10005727327,33,25.26,25.27,27.002,0.866,4,
2774,Hong_Kong,2019,26/01/2019,WC,Final,1,5,VORZHEV_Pavel,KAZ,10007828183,25.3,23.084,22.998,25.85,1.426,5,
2775,Hong_Kong,2019,26/01/2019,WC,Final,1,6,BARRETTE_Hugo,CAN,10007212639,27.6,26.462,26.248,27.762,0.757,3,
2776,Hong_Kong,2019,26/01/2019,WC,Final,2,1,RICHARDSON_Matthew,AUS,10015145724,19.8,21.88,24.041,28.123,2.041,6,
2777,Hong_Kong,2019,26/01/2019,WC,Final,2,2,HELAL_Rayan,FRA,10015683567,20,24.272,25.392,29.714,2.161,4,
2778,Hong_Kong,2019,26/01/2019,WC,Final,2,3,PERALTA_Juan,ESP,10006552534,28.7,25.269,25.365,26.991,0.813,2,
2779,Hong_Kong,2019,26/01/2019,WC,Final,2,4,KELEMEN_Pavel,CZE,10006422895,27.7,28.618,28.501,30.169,0.834,1,
2780,Hong_Kong,2019,26/01/2019,WC,Final,2,5,LENDEL_Vasilijus,LTU,10009181234,23.8,24.644,24.574,26.246,0.836,3,
2781,Hong_Kong,2019,26/01/2019,WC,Final,2,6,RAJKOWSKI_Patryk,POL,10009176281,22.9,24.054,23.7,25.958,1.129,5,
2782,Pruszkow,2019,28/02/2019,WCH,R1,1,1,BÖTTICHER_Stefan,GER,10048325582,27.1,33.61,33.853,36.637,1.392,1,
2783,Pruszkow,2019,28/02/2019,WCH,R1,1,2,KELEMEN_Pavel,CZE,10006422895,27.8,28.501,28.592,30.25,0.829,2,
2784,Pruszkow,2019,28/02/2019,WCH,R1,1,3,FONSECA_DA_SILVA_FREITAS_Kacio,BRA,10008108574,24.8,21.041,21.758,24.994,1.618,5,
2785,Pruszkow,2019,28/02/2019,WCH,R1,1,4,VORZHEV_Pavel,KAZ,10007828183,25.4,22.998,23.05,25.802,1.376,4,
2786,Pruszkow,2019,28/02/2019,WCH,R1,1,5,KAWABATA_Tomoyuki,JPN,10008098470,34.1,27.364,27.044,28.92,0.938,3,
2787,Pruszkow,2019,28/02/2019,WCH,R1,2,1,WAKIMOTO_Yuta,JPN,10005964470,29.9,27.553,27.784,29.37,0.793,3,
2788,Pruszkow,2019,28/02/2019,WCH,R1,2,2,DAWKINS_Edward,NZL,10005782695,29.6,30.112,30.143,31.715,0.786,2,
2789,Pruszkow,2019,28/02/2019,WCH,R1,2,3,PERALTA_Juan,ESP,10006552534,28.8,25.365,25.469,27.081,0.806,4,
2790,Pruszkow,2019,28/02/2019,WCH,R1,2,4,SAHROM_Muhammad_Shah_Firdaus,MAS,10009150215,23.3,25.364,25.377,27.327,0.975,5,
2791,Pruszkow,2019,28/02/2019,WCH,R1,2,5,EILERS_Joachim,GER,10006379247,28.9,31.727,31.388,33.054,0.833,1,
2792,Pruszkow,2019,28/02/2019,WCH,R1,3,1,GLAETZER_Matthew,AUS,10006894559,26.5,32.014,32.139,33.743,0.802,1,
2793,Pruszkow,2019,28/02/2019,WCH,R1,3,2,NITTA_Yudai,JPN,10005727327,33.1,25.27,25.516,27.23,0.857,4,
2794,Pruszkow,2019,28/02/2019,WCH,R1,3,3,QUINTERO_CHAVARRO_Kevin_Santiago,COL,10010830840,20.3,27.748,27.79,30.536,1.373,3,
2795,Pruszkow,2019,28/02/2019,WCH,R1,3,4,CANELON_VERA_Hersony_Gadiel,VEN,10004717719,30.2,24.497,24.57,26.418,0.924,5,
2796,Pruszkow,2019,28/02/2019,WCH,R1,3,5,ARCHAMBAULT_Joel,CAN,10009307435,26.9,18.823,19.572,23.636,2.032,6,
2797,Pruszkow,2019,28/02/2019,WCH,R1,3,6,BOS_Theo,NED,10050887493,35.5,30.732,29.421,32.461,1.52,2,
2798,Pruszkow,2019,28/02/2019,WCH,R1,4,1,VIGIER_Sébastien,FRA,10010678569,21.9,29.521,30.131,33.109,1.489,1,
2799,Pruszkow,2019,28/02/2019,WCH,R1,4,2,BÁBEK_Tomáš,CZE,10004612534,31.7,27.652,27.851,29.803,0.976,3,
2800,Pruszkow,2019,28/02/2019,WCH,R1,4,3,AWANG_Mohd_Azizulhasni,MAS,10004868370,31.1,29.062,29.05,30.53,0.74,2,
2801,Pruszkow,2019,28/02/2019,WCH,R1,4,4,BARRETTE_Hugo,CAN,10007212639,27.7,26.248,26.228,27.734,0.753,4,
2802,Pruszkow,2019,28/02/2019,WCH,R1,4,5,RAMIREZ_MORALES_Santiago,COL,10009039774,24.6,24.47,24.023,27.249,1.613,5,
2803,Pruszkow,2019,28/02/2019,WCH,R1,4,6,SPIES_Jean,RSA,10007351671,29.3,15.163,14.909,18.955,2.023,6,
2804,Pruszkow,2019,28/02/2019,WCH,R1,5,1,JURCZYK_Marc,GER,10009178002,23.1,24.07,24.916,27.3,1.192,6,
2805,Pruszkow,2019,28/02/2019,WCH,R1,5,2,CARLIN_Jack,GBR,10009967641,21.9,30.452,30.624,33.336,1.356,2,
2806,Pruszkow,2019,28/02/2019,WCH,R1,5,3,MAKSEL_Krzysztof,POL,10006902239,27.7,28.072,28.179,30.021,0.921,3,
2807,Pruszkow,2019,28/02/2019,WCH,R1,5,4,BÜCHLI_Matthijs,NED,10006900421,26.2,33.206,33.033,34.591,0.779,1,
2808,Pruszkow,2019,28/02/2019,WCH,R1,5,5,BROWNE_Kwesi,TTO,10009010876,25.1,24.775,24.789,26.659,0.935,5,
2809,Pruszkow,2019,28/02/2019,WCH,R1,5,6,CONSTABLE_Patrick,AUS,10009009462,23.6,26.761,26.135,28.983,1.424,4,
2810,Pruszkow,2019,28/02/2019,WCH,Rep,1,1,BÜCHLI_Matthijs,NED,10006900421,26.2,33.033,33.129,34.685,0.778,1,
2811,Pruszkow,2019,28/02/2019,WCH,Rep,1,2,BOS_Theo,NED,10050887493,35.5,29.421,29.51,32.452,1.471,2,
2812,Pruszkow,2019,28/02/2019,WCH,Rep,1,3,BARRETTE_Hugo,CAN,10007212639,27.7,26.228,26.225,27.727,0.751,3,
2813,Pruszkow,2019,28/02/2019,WCH,Rep,1,4,FONSECA_DA_SILVA_FREITAS_Kacio,BRA,10008108574,24.8,21.758,21.478,24.632,1.577,4,
2814,Pruszkow,2019,28/02/2019,WCH,Rep,2,1,CANELON_VERA_Hersony_Gadiel,VEN,10004717719,30.2,24.57,24.806,26.636,0.915,3,
2815,Pruszkow,2019,28/02/2019,WCH,Rep,2,2,SPIES_Jean,RSA,10007351671,29.3,14.909,16.805,20.551,1.873,5,
2816,Pruszkow,2019,28/02/2019,WCH,Rep,2,3,BROWNE_Kwesi,TTO,10009010876,25.1,24.789,24.742,26.586,0.922,2,
2817,Pruszkow,2019,28/02/2019,WCH,Rep,2,4,PERALTA_Juan,ESP,10006552534,28.8,25.469,25.326,26.926,0.8,1,
2818,Pruszkow,2019,28/02/2019,WCH,Rep,2,5,VORZHEV_Pavel,KAZ,10007828183,25.4,23.05,22.514,25.186,1.336,4,
2819,Pruszkow,2019,28/02/2019,WCH,Rep,3,1,KAWABATA_Tomoyuki,JPN,10008098470,34.1,27.044,27.372,29.228,0.928,3,
2820,Pruszkow,2019,28/02/2019,WCH,Rep,3,2,CONSTABLE_Patrick,AUS,10009009462,23.6,26.135,26.572,29.314,1.371,4,
2821,Pruszkow,2019,28/02/2019,WCH,Rep,3,3,RAMIREZ_MORALES_Santiago,COL,10009039774,24.6,24.023,24.502,27.568,1.533,5,
2822,Pruszkow,2019,28/02/2019,WCH,Rep,3,4,EILERS_Joachim,GER,10006379247,28.9,31.388,31.189,32.839,0.825,1,
2823,Pruszkow,2019,28/02/2019,WCH,Rep,3,5,QUINTERO_CHAVARRO_Kevin_Santiago,COL,10010830840,20.3,27.79,27.254,29.92,1.333,2,
2824,Pruszkow,2019,28/02/2019,WCH,Rep,4,1,MAKSEL_Krzysztof,POL,10006902239,27.7,28.179,28.361,30.191,0.915,2,
2825,Pruszkow,2019,28/02/2019,WCH,Rep,4,2,AWANG_Mohd_Azizulhasni,MAS,10004868370,31.1,29.05,29.017,30.493,0.738,1,
2826,Pruszkow,2019,28/02/2019,WCH,Rep,4,3,SAHROM_Muhammad_Shah_Firdaus,MAS,10009150215,23.3,25.377,25.244,27.17,0.963,3,
2827,Pruszkow,2019,28/02/2019,WCH,Rep,4,3,ARCHAMBAULT_Joel,CAN,10009307435,26.9,19.572,19.966,23.768,1.901,1,
2828,Pruszkow,2019,28/02/2019,WCH,R2,1,1,BÖTTICHER_Stefan,GER,10048325582,27.1,33.853,34.272,36.992,1.36,1,
2829,Pruszkow,2019,28/02/2019,WCH,R2,1,2,VIGIER_Sébastien,FRA,10010678569,21.9,30.131,30.538,33.402,1.432,3,
2830,Pruszkow,2019,28/02/2019,WCH,R2,1,3,AWANG_Mohd_Azizulhasni,MAS,10004868370,31.1,29.017,29.086,30.554,0.734,4,
2831,Pruszkow,2019,28/02/2019,WCH,R2,1,4,KAWABATA_Tomoyuki,JPN,10008098470,34.1,27.372,27.424,29.254,0.915,5,
2832,Pruszkow,2019,28/02/2019,WCH,R2,1,5,DAWKINS_Edward,NZL,10005782695,29.6,30.143,29.995,31.557,0.781,2,
2833,Pruszkow,2019,28/02/2019,WCH,R2,1,6,CANELON_VERA_Hersony_Gadiel,VEN,10004717719,30.2,24.806,24.65,26.466,0.908,6,
2834,Pruszkow,2019,28/02/2019,WCH,R2,2,1,BÜCHLI_Matthijs,NED,10006900421,26.2,33.129,33.235,34.787,0.776,1,
2835,Pruszkow,2019,28/02/2019,WCH,R2,2,2,NITTA_Yudai,JPN,10005727327,33.1,25.516,25.774,27.47,0.848,5,
2836,Pruszkow,2019,28/02/2019,WCH,R2,2,3,MAKSEL_Krzysztof,POL,10006902239,27.7,28.361,28.404,30.21,0.903,2,
2837,Pruszkow,2019,28/02/2019,WCH,R2,2,4,WAKIMOTO_Yuta,JPN,10005964470,29.9,27.784,27.754,29.328,0.787,3,
2838,Pruszkow,2019,28/02/2019,WCH,R2,2,5,JURCZYK_Marc,GER,10009178002,23.1,24.916,24.846,27.168,1.161,6,
2839,Pruszkow,2019,28/02/2019,WCH,R2,2,6,CONSTABLE_Patrick,AUS,10009009462,23.6,26.572,25.981,28.643,1.331,4,
2840,Pruszkow,2019,28/02/2019,WCH,R2,3,1,GLAETZER_Matthew,AUS,10006894559,26.5,32.139,32.331,33.927,0.798,1,
2841,Pruszkow,2019,28/02/2019,WCH,R2,3,2,CARLIN_Jack,GBR,10009967641,21.9,30.624,30.904,33.526,1.311,2,
2842,Pruszkow,2019,28/02/2019,WCH,R2,3,3,BOS_Theo,NED,10050887493,35.5,29.51,29.632,32.452,1.41,3,
2843,Pruszkow,2019,28/02/2019,WCH,R2,3,4,BROWNE_Kwesi,TTO,10009010876,25.1,24.742,24.912,26.73,0.909,6,
2844,Pruszkow,2019,28/02/2019,WCH,R2,3,5,KELEMEN_Pavel,CZE,10006422895,27.8,28.592,28.495,30.137,0.821,4,
2845,Pruszkow,2019,28/02/2019,WCH,R2,3,6,BÁBEK_Tomáš,CZE,10004612534,31.7,27.851,27.599,29.523,0.962,5,
2846,Pruszkow,2019,28/02/2019,WCH,R2,3,7,SPIES_Jean,RSA,10007351671,29.3,16.805,16.579,20.203,1.812,7,
2847,Pruszkow,2019,28/02/2019,WCH,R3,1,1,BÖTTICHER_Stefan,GER,10048325582,27.1,34.272,34.627,37.291,1.332,1,
2848,Pruszkow,2019,28/02/2019,WCH,R3,1,2,VIGIER_Sébastien,FRA,10010678569,21.9,30.538,30.838,33.604,1.383,2,
2849,Pruszkow,2019,28/02/2019,WCH,R3,1,3,NITTA_Yudai,JPN,10005727327,33.1,25.774,25.962,27.642,0.84,5,
2850,Pruszkow,2019,28/02/2019,WCH,R3,1,4,MAKSEL_Krzysztof,POL,10006902239,27.7,28.404,28.384,30.168,0.892,4,
2851,Pruszkow,2019,28/02/2019,WCH,R3,1,5,BROWNE_Kwesi,TTO,10009010876,25.1,24.912,24.93,26.726,0.898,6,
2852,Pruszkow,2019,28/02/2019,WCH,R3,1,6,BOS_Theo,NED,10050887493,35.5,29.632,28.845,31.573,1.364,3,
2853,Pruszkow,2019,28/02/2019,WCH,R3,2,1,BÜCHLI_Matthijs,NED,10006900421,26.2,33.235,33.412,34.958,0.773,1,
2854,Pruszkow,2019,28/02/2019,WCH,R3,2,2,GLAETZER_Matthew,AUS,10006894559,26.5,32.331,32.428,34.012,0.792,2,
2855,Pruszkow,2019,28/02/2019,WCH,R3,2,3,CARLIN_Jack,GBR,10009967641,21.9,30.904,30.991,33.527,1.268,3,
2856,Pruszkow,2019,28/02/2019,WCH,Final,2,4,AWANG_Mohd_Azizulhasni,MAS,10004868370,31.1,29.086,29.102,30.562,0.73,5,
2857,Pruszkow,2019,28/02/2019,WCH,R3,2,5,WAKIMOTO_Yuta,JPN,10005964470,29.9,27.754,27.724,29.286,0.781,6,
2858,Pruszkow,2019,28/02/2019,WCH,R3,2,6,DAWKINS_Edward,NZL,10005782695,29.6,29.995,29.781,31.335,0.777,4,
2859,Pruszkow,2019,28/02/2019,WCH,Final,1,1,BÜCHLI_Matthijs,NED,10006900421,26.2,33.412,33.587,35.127,0.77,2,
2860,Pruszkow,2019,28/02/2019,WCH,Final,1,2,NITTA_Yudai,JPN,10005727327,33.1,25.962,26.328,27.99,0.831,6,
2861,Pruszkow,2019,28/02/2019,WCH,Final,1,3,BÖTTICHER_Stefan,GER,10048325582,27.1,34.627,34.465,37.035,1.285,1,
2862,Pruszkow,2019,28/02/2019,WCH,Final,1,4,GLAETZER_Matthew,AUS,10006894559,26.5,32.428,32.382,33.954,0.786,3,
2863,Pruszkow,2019,28/02/2019,WCH,Final,1,5,CARLIN_Jack,GBR,10009967641,21.9,30.991,30.767,33.227,1.23,4,
2864,Pruszkow,2019,28/02/2019,WCH,Final,1,6,VIGIER_Sébastien,FRA,10010678569,21.9,30.838,30.253,32.935,1.341,5,
2865,Pruszkow,2019,28/02/2019,WCH,Final,2,1,AWANG_Mohd_Azizulhasni,MAS,10004868370,31.1,29.102,29.289,30.745,0.728,2,
2866,Pruszkow,2019,28/02/2019,WCH,Final,2,2,WAKIMOTO_Yuta,JPN,10005964470,29.9,27.724,27.88,29.43,0.775,5,
2867,Pruszkow,2019,28/02/2019,WCH,Final,2,3,DAWKINS_Edward,NZL,10005782695,29.6,29.781,29.789,31.331,0.771,1,
2868,Pruszkow,2019,28/02/2019,WCH,Final,2,4,MAKSEL_Krzysztof,POL,10006902239,27.7,28.384,28.351,30.113,0.881,4,
2869,Pruszkow,2019,28/02/2019,WCH,Final,2,5,BOS_Theo,NED,10050887493,35.5,28.845,28.441,31.075,1.317,3,
2870,Pruszkow,2019,28/02/2019,WCH,Final,2,6,BROWNE_Kwesi,TTO,10009010876,25.1,24.93,24.756,26.538,0.891,6,
2871,Brisbane,2019,5/04/2019,NCh,R1,1,1,GALLAGHER_Sam,AUS,10072107558,17.8,30.913,32.158,41.176,4.509,1,
2872,Brisbane,2019,5/04/2019,NCh,R1,1,2,KEY_Declan,AUS,,17.2,9,16.917,28.607,5.845,3,
2873,Brisbane,2019,5/04/2019,NCh,R1,1,3,TROVAS_John,AUS,10075185084,17.9,9.589,12.507,20.079,3.786,2,
2874,Brisbane,2019,5/04/2019,NCh,R1,1,4,HUTTON_Brandon,AUS,10075184680,17.4,6.689,8.268,15.872,3.802,5,
2875,Brisbane,2019,5/04/2019,NCh,R1,1,5,SHEEN_Lachlan,AUS,,16.8,9,1.926,13.286,5.68,3,
2876,Brisbane,2019,5/04/2019,NCh,R1,2,1,CARISIMO_Carlos,AUS,10075184882,17.4,11.8,17.834,25.466,3.816,1,
2877,Brisbane,2019,5/04/2019,NCh,R1,2,2,ROLLISON_Jaden,AUS,,17.1,9,15.358,25.436,5.039,2,
2878,Brisbane,2019,5/04/2019,NCh,R1,2,3,STIBBARD_Louis,AUS,,17,9,12.028,22.134,5.053,2,
2879,Brisbane,2019,5/04/2019,NCh,R1,2,4,ALLEN_Duncan,AUS,10086832057,16.6,9,8.098,18.42,5.161,2,
2880,Brisbane,2019,5/04/2019,NCh,R1,2,5,LOVERIDGE_Lachlan,AUS,,17.5,5.643,4.286,12.238,3.976,5,
2881,Brisbane,2019,5/04/2019,NCh,Rep,1,1,TROVAS_John,AUS,10075185084,17.9,12.507,17.904,24.008,3.052,1,
2882,Brisbane,2019,5/04/2019,NCh,Final,1,1,CARISIMO_Carlos,AUS,10075184882,17.4,17.834,20.866,26.994,3.064,1,
2883,Brisbane,2019,5/04/2019,NCh,Rep,1,2,HUTTON_Brandon,AUS,10075184680,17.4,8.268,14.377,20.407,3.015,2,
2884,Brisbane,2019,5/04/2019,NCh,Final,1,2,GALLAGHER_Sam,AUS,10072107558,17.8,32.158,26.328,32.976,3.324,1,
2885,Brisbane,2019,5/04/2019,NCh,Rep,1,3,ALLEN_Duncan,AUS,10086832057,16.6,8.098,13.879,20.973,3.547,2,
2886,Brisbane,2019,5/04/2019,NCh,Final,1,3,ROLLISON_Jaden,AUS,,17.1,15.358,16.801,23.815,3.507,1,
2887,Brisbane,2019,5/04/2019,NCh,Rep,1,4,STIBBARD_Louis,AUS,,17,12.028,13.561,20.591,3.515,2,
2888,Brisbane,2019,5/04/2019,NCh,Final,1,4,TROVAS_John,AUS,10075185084,17.9,17.904,13.85,19.858,3.004,1,
2889,Brisbane,2019,5/04/2019,NCh,Rep,1,5,SHEEN_Lachlan,AUS,,16.8,1.926,7.494,15,3.753,2,
2890,Brisbane,2019,5/04/2019,NCh,Final,1,5,HUTTON_Brandon,AUS,10075184680,17.4,14.377,9.833,15.919,3.043,1,
2891,Brisbane,2019,5/04/2019,NCh,Rep,1,6,LOVERIDGE_Lachlan,AUS,,17.5,4.286,5.974,12.38,3.203,2,
2892,Brisbane,2019,5/04/2019,NCh,Final,1,6,KEY_Declan,AUS,,17.2,16.917,10.138,17.988,3.925,1,
2893,Brisbane,2019,5/04/2019,NCh,Final,2,1,STIBBARD_Louis,AUS,,17,13.561,16.184,22.52,3.168,2,
2894,Brisbane,2019,5/04/2019,NCh,Final,2,2,ALLEN_Duncan,AUS,10086832057,16.6,13.879,14.348,20.526,3.089,1,
2895,Brisbane,2019,5/04/2019,NCh,Final,2,3,LOVERIDGE_Lachlan,AUS,,17.5,5.974,7.318,13.024,2.853,4,
2896,Brisbane,2019,5/04/2019,NCh,Final,2,4,SHEEN_Lachlan,AUS,,16.8,7.494,5.797,12.417,3.31,3,
2897,Brisbane,2019,6/04/2019,NCh,R1,1,1,CONSTABLE_Patrick,AUS,10009009462,23.7,25.981,26.449,29.053,1.302,1,
2898,Brisbane,2019,6/04/2019,NCh,R1,1,2,ROWLEY_Conor,AUS,10010664829,21,8.917,16.689,23.133,3.222,7,
2899,Brisbane,2019,6/04/2019,NCh,R1,1,3,HART_Nathan,AUS,10007811716,26.1,9,17.893,26.385,4.246,6,
2900,Brisbane,2019,6/04/2019,NCh,R1,1,4,CORNISH_Thomas,AUS,10055349695,19.1,21.484,21.344,26.336,2.496,2,
2901,Brisbane,2019,6/04/2019,NCh,R1,1,5,HOFFMAN_Leigh,AUS,10055348887,18.8,17.067,17.521,22.583,2.531,4,
2902,Brisbane,2019,6/04/2019,NCh,R1,1,6,BONSER_Kye,AUS,,20,20.257,18.919,23.753,2.417,3,
2903,Brisbane,2019,6/04/2019,NCh,R1,1,7,RYAN_Blake,AUS,,24.4,12.57,11.046,17.542,3.248,5,
2904,Brisbane,2019,6/04/2019,NCh,R1,2,1,CLARKE_Thomas,AUS,10009009260,24,23.453,24.063,27.015,1.476,2,
2905,Brisbane,2019,6/04/2019,NCh,R1,2,2,RICHARDSON_Matthew,AUS,10015145724,20,24.041,24.055,27.891,1.918,1,
2906,Brisbane,2019,6/04/2019,NCh,R1,2,3,BRISTER_James,AUS,10011146694,20.1,9.928,13.66,20.082,3.211,5,
2907,Brisbane,2019,6/04/2019,NCh,R1,2,4,WILLIAMS_Jackson,AUS,10010791030,24.6,3.56,9.237,16.195,3.479,6,
2908,Brisbane,2019,6/04/2019,NCh,R1,2,5,GREEN_Jamie,AUS_,10007051274,26.3,15.27,13.533,19.911,3.189,3,
2909,Brisbane,2019,6/04/2019,NCh,R1,2,6,HOFMAN_Charles,AUS_,10010794262,20.3,12.902,10.43,16.794,3.182,4,
2910,Brisbane,2019,6/04/2019,NCh,Rep,1,1,HART_Nathan,AUS_,10007811716,26.1,17.893,21.204,28.542,3.669,2,
2911,Brisbane,2019,6/04/2019,NCh,Rep,1,2,WILLIAMS_Jackson,AUS,10010791030,24.6,9.237,13.754,19.62,2.933,5,
2912,Brisbane,2019,6/04/2019,NCh,Rep,1,3,HOFFMAN_Leigh,AUS,10055348887,18.8,17.521,17.745,22.321,2.288,3,
2913,Brisbane,2019,6/04/2019,NCh,Rep,1,4,BONSER_Kye,AUS,,20,18.919,18.013,22.437,2.212,1,
2914,Brisbane,2019,6/04/2019,NCh,Rep,1,5,HOFMAN_Charles,AUS_,10010794262,20.3,10.43,9.632,15.41,2.889,4,
2915,Brisbane,2019,6/04/2019,NCh,Rep,2,1,BRISTER_James,AUS,10011146694,20.1,13.66,17.019,22.723,2.852,2,
2916,Brisbane,2019,6/04/2019,NCh,Rep,2,2,GREEN_Jamie,AUS_,10007051274,26.3,13.533,15.614,21.146,2.766,3,
2917,Brisbane,2019,6/04/2019,NCh,Rep,2,3,CORNISH_Thomas,AUS,10055349695,19.1,21.344,20.145,24.717,2.286,1,
2918,Brisbane,2019,6/04/2019,NCh,Rep,2,4,RYAN_Blake,AUS,,24.4,11.046,10.367,16.299,2.966,4,
2919,Brisbane,2019,6/04/2019,NCh,Final,1,1,CLARKE_Thomas,AUS,10009009260,24,24.063,24.858,27.714,1.428,2,
2920,Brisbane,2019,6/04/2019,NCh,Final,1,2,BRISTER_James,AUS,10011146694,20.1,17.019,20.09,25.036,2.473,5,
2921,Brisbane,2019,6/04/2019,NCh,Final,1,3,RICHARDSON_Matthew,AUS,10015145724,20,24.055,24.286,27.862,1.788,3,
2922,Brisbane,2019,6/04/2019,NCh,Final,1,4,HART_Nathan,AUS,10007811716,26.1,21.204,21.336,27.202,2.933,4,
2923,Brisbane,2019,6/04/2019,NCh,Final,1,5,CONSTABLE_Patrick,AUS,10009009462,23.7,26.449,25.981,28.509,1.264,1,
2924,Brisbane,2019,6/04/2019,NCh,Final,1,6,ROWLEY_Conor,AUS,10010664829,21,16.689,15.572,21.294,2.861,6,
2925,Brisbane,2019,6/04/2019,NCh,Final,2,1,HOFMAN_Charles,AUS_,10010794262,20.3,9.632,14.378,19.442,2.532,7,
2926,Brisbane,2019,6/04/2019,NCh,Final,2,2,CORNISH_Thomas,AUS,10055349695,19.1,20.145,20.673,24.829,2.078,1,
2927,Brisbane,2019,6/04/2019,NCh,Final,2,3,HOFFMAN_Leigh,AUS,10055348887,18.8,17.745,18.271,22.413,2.071,3,
2928,Brisbane,2019,6/04/2019,NCh,Final,2,4,RYAN_Blake,AUS,,24.4,10.367,12.599,17.649,2.525,6,
2929,Brisbane,2019,6/04/2019,NCh,Final,2,5,WILLIAMS_Jackson,AUS,10010791030,24.6,13.754,14.142,19.156,2.507,5,
2930,Brisbane,2019,6/04/2019,NCh,Final,2,6,GREEN_Jamie,AUS_,10007051274,26.3,15.614,14.755,19.577,2.411,4,
2931,Brisbane,2019,6/04/2019,NCh,Final,2,9,BONSER_Kye,AUS,,20,18.013,16.312,20.398,2.043,2,
2932,Shizuoka-JKA,2020,23/08/2019,GP,R1,1,1,CARLIN_Jack,GBR,10009967641,22.3,30.767,31.118,33.532,1.207,1,
2933,Shizuoka-JKA,2020,23/08/2019,GP,R1,1,2,NITTA_Yudai,JPN,10005727327,33.6,26.328,26.526,28.174,0.824,2,
2934,Shizuoka-JKA,2020,23/08/2019,GP,R1,1,3,OBARA_Yuta,JPN,10010773549,23.5,9,20.747,29.119,4.186,7,
2935,Shizuoka-JKA,2020,23/08/2019,GP,R1,1,4,HART_Nathan,AUS,10007811716,26.5,21.336,22.345,27.373,2.514,5,
2936,Shizuoka-JKA,2020,23/08/2019,GP,R1,1,5,HINDES_Philip,GBR,10007499292,26.9,17.437,19.163,24.935,2.886,6,
2937,Shizuoka-JKA,2020,23/08/2019,GP,R1,1,6,LENDEL_Vasilijus,LTU,10009181234,24.4,24.574,24.465,26.121,0.828,4,
2938,Shizuoka-JKA,2020,23/08/2019,GP,R1,1,7,DMITRIEV_Denis,RUS,10003100142,33.4,25.262,24.881,26.897,1.008,3,
2939,Shizuoka-JKA,2020,23/08/2019,GP,R1,2,1,WAKIMOTO_Yuta,JPN,10005964470,30.4,27.88,28.064,29.608,0.772,2,
2940,Shizuoka-JKA,2020,23/08/2019,GP,R1,2,2,FUKAYA_Tomohiro,JPN,10005964672,29.6,17.943,21.516,26.922,2.703,4,
2941,Shizuoka-JKA,2020,23/08/2019,GP,R1,2,3,BOS_Theo,NED,10050887493,36,28.441,28.319,30.873,1.277,1,
2942,Shizuoka-JKA,2020,23/08/2019,GP,R1,2,4,PERKINS_Shane_Alan,RUS,10051694112,32.6,27.091,26.959,28.913,0.977,3,
2943,Shizuoka-JKA,2020,23/08/2019,GP,R1,2,5,KAPUNYA_Worayut,THA,10052265705,26.4,9,13.623,22.795,4.586,5,
2944,Shizuoka-JKA,2020,23/08/2019,GP,R1,2,6,TAKAHASHI_Shinya,JPN,,24.9,9,9.396,19.32,4.962,5,
2945,Shizuoka-JKA,2020,23/08/2019,GP,R1,2,7,SHINZAN_Kyohei,JPN,10007827880,25.8,9,2.995,14.471,5.738,5,
2946,Shizuoka-JKA,2020,23/08/2019,GP,R1,3,1,GLAETZER_Matthew,AUS,10006894559,27,32.382,32.474,34.046,0.786,1,
2947,Shizuoka-JKA,2020,23/08/2019,GP,R1,3,2,ANGSUTHASAWIT_Jai,AUS,10009009159,24.5,9,20.418,29.974,4.778,4,
2948,Shizuoka-JKA,2020,23/08/2019,GP,R1,3,3,YOSHIMOTO_Taisei,JPN,,21,9,17.146,26.484,4.669,4,
2949,Shizuoka-JKA,2020,23/08/2019,GP,R1,3,4,JONAUSKAS_Svajūnas,LTU,10009181032,24.6,19.628,19.721,22.901,1.59,2,
2950,Shizuoka-JKA,2020,23/08/2019,GP,R1,3,5,AMAGAI_Kazuki,JPN,10005964571,29.6,9,10.473,19.889,4.708,4,
2951,Shizuoka-JKA,2020,23/08/2019,GP,R1,3,6,LAW_Tsz_Chun,HKG,10011155990,21.5,11.825,10.953,16.161,2.604,3,
2952,Shizuoka-JKA,2020,23/08/2019,GP,R1,4,1,KAWABATA_Tomoyuki,JPN,10008098470,34.5,27.424,27.657,29.473,0.908,2,
2953,Shizuoka-JKA,2020,23/08/2019,GP,R1,4,2,TRUMAN_Joseph,GBR,10017950943,22.5,27.884,27.932,30.036,1.052,1,
2954,Shizuoka-JKA,2020,23/08/2019,GP,R1,4,3,OH_Jeseok,KOR,10010797393,21.9,23.09,23.248,26.942,1.847,3,
2955,Shizuoka-JKA,2020,23/08/2019,GP,R1,4,4,MATSUI_Koyu,JPN,10090680735,26.9,9,13.748,23.12,4.686,4,
2956,Shizuoka-JKA,2020,23/08/2019,GP,R1,4,5,HORI_Koki,JPN,10010638961,24.2,9,9.497,19.571,5.037,4,
2957,Shizuoka-JKA,2020,23/08/2019,GP,R1,4,6,KIM_Chengsu,KOR,10011164074,20.9,9,3.068,14.658,5.795,4,
2958,Shizuoka-JKA,2020,23/08/2019,GP,Rep,1,1,MATSUI_Koyu,JPN,10090680735,26.9,13.748,20.704,28.214,3.755,3,
2959,Shizuoka-JKA,2020,23/08/2019,GP,Rep,1,2,DMITRIEV_Denis,RUS,10003100142,33.4,24.881,24.963,26.957,0.997,1,
2960,Shizuoka-JKA,2020,23/08/2019,GP,Rep,1,3,OBARA_Yuta,JPN,10010773549,23.5,20.747,20.057,26.757,3.35,2,
2961,Shizuoka-JKA,2020,23/08/2019,GP,Rep,1,4,AMAGAI_Kazuki,JPN,10005964571,29.6,10.473,12.06,19.546,3.743,4,
2962,Shizuoka-JKA,2020,23/08/2019,GP,Rep,1,5,TAKAHASHI_Shinya,JPN,,24.9,9.396,7.552,15.864,4.156,5,
2963,Shizuoka-JKA,2020,23/08/2019,GP,Rep,2,1,BOS_Theo,NED,10050887493,36,28.319,28.517,31.037,1.26,1,
2964,Shizuoka-JKA,2020,23/08/2019,GP,Rep,2,2,JONAUSKAS_Svajūnas,LTU,10009181032,24.6,19.721,20.328,23.392,1.532,3,
2965,Shizuoka-JKA,2020,23/08/2019,GP,Rep,2,3,LENDEL_Vasilijus,LTU,10009181234,24.4,24.465,24.364,26.012,0.824,2,
2966,Shizuoka-JKA,2020,23/08/2019,GP,Rep,2,4,KAPUNYA_Worayut,THA,10052265705,26.4,13.623,12.24,19.918,3.839,4,
2967,Shizuoka-JKA,2020,23/08/2019,GP,Rep,3,1,KIM_Chengsu,KOR,10011164074,20.9,3.068,17.16,25.462,4.151,4,
2968,Shizuoka-JKA,2020,23/08/2019,GP,Rep,3,2,PERKINS_Shane_Alan,RUS,10051694112,32.6,26.959,26.904,28.84,0.968,1,
2969,Shizuoka-JKA,2020,23/08/2019,GP,Rep,3,3,HINDES_Philip,GBR,10007499292,26.9,19.163,19.342,24.508,2.583,2,
2970,Shizuoka-JKA,2020,23/08/2019,GP,Rep,3,4,YOSHIMOTO_Taisei,JPN,,21,17.146,14.609,22.243,3.817,3,
2971,Shizuoka-JKA,2020,23/08/2019,GP,Rep,4,1,HART_Nathan,AUS,10007811716,26.5,22.345,23.585,28.323,2.369,2,
2972,Shizuoka-JKA,2020,23/08/2019,GP,Rep,4,2,OH_Jeseok,KOR,10010797393,21.9,23.248,23.191,26.735,1.772,1,
2973,Shizuoka-JKA,2020,23/08/2019,GP,Rep,4,3,LAW_Tsz_Chun,HKG,10011155990,21.5,10.953,12.268,17.066,2.399,3,
2974,Shizuoka-JKA,2020,23/08/2019,GP,Rep,4,4,HORI_Koki,JPN,10010638961,24.2,9.497,9.13,16.91,3.89,4,
2975,Shizuoka-JKA,2020,23/08/2019,GP,Rep,4,5,SHINZAN_Kyohei,JPN,10007827880,25.8,2.995,1.251,10.579,4.664,5,
2976,Shizuoka-JKA,2020,23/08/2019,GP,R2,1,1,KAWABATA_Tomoyuki,JPN,10008098470,34.5,27.657,28,29.8,0.9,2,
2977,Shizuoka-JKA,2020,23/08/2019,GP,R2,1,2,ANGSUTHASAWIT_Jai,AUS,10009009159,24.5,20.418,25.171,32.083,3.456,6,
2978,Shizuoka-JKA,2020,23/08/2019,GP,R2,1,3,MATSUI_Koyu,JPN,10090680735,26.9,20.704,23.54,29.52,2.99,5,
2979,Shizuoka-JKA,2020,23/08/2019,GP,R2,1,4,CARLIN_Jack,GBR,10009967641,22.3,31.118,30.814,33.166,1.176,1,
2980,Shizuoka-JKA,2020,23/08/2019,GP,R2,1,5,FUKAYA_Tomohiro,JPN,10005964672,29.6,21.516,21.753,26.543,2.395,4,
2981,Shizuoka-JKA,2020,23/08/2019,GP,R2,1,6,HART_Nathan,AUS,10007811716,26.5,23.585,22.385,26.773,2.194,3,
2982,Shizuoka-JKA,2020,23/08/2019,GP,R2,2,1,WAKIMOTO_Yuta,JPN,10005964470,30.4,28.064,28.308,29.844,0.768,3,
2983,Shizuoka-JKA,2020,23/08/2019,GP,R2,2,2,GLAETZER_Matthew,AUS,10006894559,27,32.474,32.472,34.034,0.781,1,
2984,Shizuoka-JKA,2020,23/08/2019,GP,R2,2,3,NITTA_Yudai,JPN,10005727327,33.6,26.526,26.642,28.274,0.816,5,
2985,Shizuoka-JKA,2020,23/08/2019,GP,R2,2,4,TRUMAN_Joseph,GBR,10017950943,22.5,27.932,27.874,29.938,1.032,4,
2986,Shizuoka-JKA,2020,23/08/2019,GP,R2,2,5,BOS_Theo,NED,10050887493,36,28.517,28.135,30.587,1.226,2,
2987,Shizuoka-JKA,2020,23/08/2019,GP,R2,2,6,KIM_Chengsu,KOR,10011164074,20.9,17.16,15.889,22.905,3.508,6,
2988,Shizuoka-JKA,2020,23/08/2019,GP,Final,1,1,KAWABATA_Tomoyuki,JPN,10008098470,34.5,28,28.336,30.118,0.891,3,
2989,Shizuoka-JKA,2020,23/08/2019,GP,Final,1,2,WAKIMOTO_Yuta,JPN,10005964470,30.4,28.308,28.454,29.98,0.763,2,
2990,Shizuoka-JKA,2020,23/08/2019,GP,Final,1,3,ANGSUTHASAWIT_Jai,AUS,10009009159,24.5,25.171,26.338,31.946,2.804,5,
2991,Shizuoka-JKA,2020,23/08/2019,GP,Final,1,4,GLAETZER_Matthew,AUS,10006894559,27,32.472,32.329,33.879,0.775,1,
2992,Shizuoka-JKA,2020,23/08/2019,GP,Final,1,5,NITTA_Yudai,JPN,10005727327,33.6,26.642,26.589,28.209,0.81,4,
2993,Shizuoka-JKA,2020,23/08/2019,GP,Final,1,6,MATSUI_Koyu,JPN,10090680735,26.9,23.54,21.904,27.206,2.651,6,
2994,Shizuoka-JKA,2020,23/08/2019,GP,Final,2,1,CARLIN_Jack,GBR,10009967641,22.3,30.814,31.138,33.452,1.157,1,
2995,Shizuoka-JKA,2020,23/08/2019,GP,Final,2,2,BOS_Theo,NED,10050887493,36,28.135,28.374,30.766,1.196,2,
2996,Shizuoka-JKA,2020,23/08/2019,GP,Final,2,3,TRUMAN_Joseph,GBR,10017950943,22.5,27.874,27.893,29.921,1.014,3,
2997,Shizuoka-JKA,2020,23/08/2019,GP,Final,2,4,KIM_Chengsu,KOR,10011164074,20.9,15.889,18.601,24.349,2.874,6,
2998,Shizuoka-JKA,2020,23/08/2019,GP,Final,2,5,FUKAYA_Tomohiro,JPN,10005964672,29.6,21.753,21.472,25.818,2.173,5,
2999,Shizuoka-JKA,2020,23/08/2019,GP,Final,2,6,HART_Nathan,AUS,10007811716,26.5,22.385,21.233,25.333,2.05,4,
3000,Shizuoka-JKA,2020,25/08/2019,GP,R1,1,1,NITTA_Yudai,JPN,10005727327,33.6,26.589,26.761,28.375,0.807,2,
3001,Shizuoka-JKA,2020,25/08/2019,GP,R1,1,2,PERKINS_Shane_Alan,RUS,10051694112,32.7,26.904,26.933,28.845,0.956,1,
3002,Shizuoka-JKA,2020,25/08/2019,GP,R1,1,3,LENDEL_Vasilijus,LTU,10009181234,24.4,24.364,24.349,25.985,0.818,3,
3003,Shizuoka-JKA,2020,25/08/2019,GP,R1,1,4,AMAGAI_Kazuki,JPN,10005964571,29.6,12.06,14.129,20.295,3.083,5,
3004,Shizuoka-JKA,2020,25/08/2019,GP,R1,1,5,KIM_Chengsu,KOR,10011164074,20.9,18.601,16.916,22.122,2.603,4,
3005,Shizuoka-JKA,2020,25/08/2019,GP,R1,2,1,WAKIMOTO_Yuta,JPN,10005964470,30.4,28.454,28.578,30.102,0.762,1,
3006,Shizuoka-JKA,2020,25/08/2019,GP,R1,2,2,FUKAYA_Tomohiro,JPN,10005964672,29.6,21.472,22.59,26.606,2.008,3,
3007,Shizuoka-JKA,2020,25/08/2019,GP,R1,2,3,OBARA_Yuta,JPN,10010773549,23.5,20.057,21.069,26.665,2.798,5,
3008,Shizuoka-JKA,2020,25/08/2019,GP,R1,2,4,OH_Jeseok,KOR,10010797393,21.9,23.191,22.878,26.24,1.681,2,
3009,Shizuoka-JKA,2020,25/08/2019,GP,R1,2,5,JONAUSKAS_Svajūnas,LTU,10009181032,24.6,20.328,19.926,22.902,1.488,4,
3010,Shizuoka-JKA,2020,25/08/2019,GP,R1,3,1,GLAETZER_Matthew,AUS,10006894559,27,32.329,32.486,34.032,0.773,2,
3011,Shizuoka-JKA,2020,25/08/2019,GP,R1,3,2,BÖTTICHER_Stefan,GER,10048325582,27.6,34.465,34.308,36.82,1.256,1,
3012,Shizuoka-JKA,2020,25/08/2019,GP,R1,3,3,TRUMAN_Joseph,GBR,10017950943,22.5,27.893,27.876,29.882,1.003,3,
3013,Shizuoka-JKA,2020,25/08/2019,GP,R1,3,4,TAKAHASHI_Shinya,JPN,,24.9,7.552,12.556,19.346,3.395,5,
3014,Shizuoka-JKA,2020,25/08/2019,GP,R1,3,5,HART_Nathan,AUS,10007811716,26.5,21.233,20.211,24.131,1.96,4,
3015,Shizuoka-JKA,2020,25/08/2019,GP,R1,4,1,KAWABATA_Tomoyuki,JPN,10008098470,34.5,28.336,28.543,30.313,0.885,1,
3016,Shizuoka-JKA,2020,25/08/2019,GP,R1,4,2,ANGSUTHASAWIT_Jai,AUS,10009009159,24.5,26.338,26.564,31.538,2.487,2,
3017,Shizuoka-JKA,2020,25/08/2019,GP,R1,4,3,SHINZAN_Kyohei,JPN,10007827880,25.8,1.251,12.532,19.376,3.422,6,
3018,Shizuoka-JKA,2020,25/08/2019,GP,R1,4,4,MATSUI_Koyu,JPN,10090680735,26.9,21.904,21.614,26.314,2.35,4,
3019,Shizuoka-JKA,2020,25/08/2019,GP,R1,4,5,YOSHIMOTO_Taisei,JPN,,21,14.609,15.807,21.905,3.049,5,
3020,Shizuoka-JKA,2020,25/08/2019,GP,R1,4,6,DMITRIEV_Denis,RUS,10003100142,33.4,24.963,24.543,26.511,0.984,3,
3021,Shizuoka-JKA,2020,25/08/2019,GP,R1,5,1,BOS_Theo,NED,10050887493,36,28.374,28.646,31.002,1.178,2,
3022,Shizuoka-JKA,2020,25/08/2019,GP,R1,5,2,HINDES_Philip,GBR,10007499292,26.9,19.342,21.148,25.786,2.319,3,
3023,Shizuoka-JKA,2020,25/08/2019,GP,R1,5,3,HORI_Koki,JPN,10010638961,24.2,9.13,15.002,21.162,3.08,6,
3024,Shizuoka-JKA,2020,25/08/2019,GP,R1,5,4,CARLIN_Jack,GBR,10009967641,22.3,31.138,30.497,32.761,1.132,1,
3025,Shizuoka-JKA,2020,25/08/2019,GP,R1,5,5,LAW_Tsz_Chun,HKG,10011155990,21.5,12.268,13.003,17.445,2.221,4,
3026,Shizuoka-JKA,2020,25/08/2019,GP,R1,5,6,KAPUNYA_Worayut,THA,10052265705,26.4,12.24,10.482,17.13,3.324,5,
3027,Shizuoka-JKA,2020,25/08/2019,GP,Rep,1,1,CARLIN_Jack,GBR,10009967641,22.3,30.497,30.67,32.91,1.12,1,
3028,Shizuoka-JKA,2020,25/08/2019,GP,Rep,1,2,DMITRIEV_Denis,RUS,10003100142,33.4,24.543,24.714,26.658,0.972,2,
3029,Shizuoka-JKA,2020,25/08/2019,GP,Rep,1,3,MATSUI_Koyu,JPN,10090680735,26.9,21.614,21.843,26.153,2.155,4,
3030,Shizuoka-JKA,2020,25/08/2019,GP,Rep,1,4,LENDEL_Vasilijus,LTU,10009181234,24.4,24.349,24.195,25.825,0.815,3,
3031,Shizuoka-JKA,2020,25/08/2019,GP,Rep,2,1,OBARA_Yuta,JPN,10010773549,23.5,21.069,22.202,27.466,2.632,1,
3032,Shizuoka-JKA,2020,25/08/2019,GP,Rep,2,2,TAKAHASHI_Shinya,JPN,,24.9,12.556,14.862,20.754,2.946,4,
3033,Shizuoka-JKA,2020,25/08/2019,GP,Rep,2,3,AMAGAI_Kazuki,JPN,10005964571,29.6,14.129,14.282,19.734,2.726,2,
3034,Shizuoka-JKA,2020,25/08/2019,GP,Rep,2,4,LAW_Tsz_Chun,HKG,10011155990,21.5,13.003,12.398,16.628,2.115,3,
3035,Shizuoka-JKA,2020,25/08/2019,GP,Rep,3,1,OH_Jeseok,KOR,10010797393,21.9,22.878,23.658,26.902,1.622,2,
3036,Shizuoka-JKA,2020,25/08/2019,GP,Rep,3,2,KIM_Chengsu,KOR,10011164074,20.9,16.916,18.807,23.483,2.338,3,
3037,Shizuoka-JKA,2020,25/08/2019,GP,Rep,3,3,TRUMAN_Joseph,GBR,10017950943,22.5,27.876,27.589,29.569,0.99,1,
3038,Shizuoka-JKA,2020,25/08/2019,GP,Rep,3,4,YOSHIMOTO_Taisei,JPN,,21,15.807,15.15,20.734,2.792,4,
3039,Shizuoka-JKA,2020,25/08/2019,GP,Rep,4,1,SHINZAN_Kyohei,JPN,10007827880,25.8,12.532,16.876,22.804,2.964,4,
3040,Shizuoka-JKA,2020,25/08/2019,GP,Rep,4,2,HART_Nathan,AUS,10007811716,26.5,20.211,20.46,24.156,1.848,1,
3041,Shizuoka-JKA,2020,25/08/2019,GP,Rep,4,3,HORI_Koki,JPN,10010638961,24.2,15.002,15.705,21.049,2.672,3,
3042,Shizuoka-JKA,2020,25/08/2019,GP,Rep,4,4,JONAUSKAS_Svajūnas,LTU,10009181032,24.6,19.926,19.372,22.264,1.446,2,
3043,Shizuoka-JKA,2020,25/08/2019,GP,R2,1,1,FUKAYA_Tomohiro,JPN,10005964672,29.6,22.59,24.327,28.093,1.883,4,
3044,Shizuoka-JKA,2020,25/08/2019,GP,R2,1,2,OBARA_Yuta,JPN,10010773549,23.5,22.202,23.954,28.598,2.322,5,
3045,Shizuoka-JKA,2020,25/08/2019,GP,R2,1,3,NITTA_Yudai,JPN,10005727327,33.6,26.761,26.799,28.399,0.8,2,
3046,Shizuoka-JKA,2020,25/08/2019,GP,R2,1,4,KAWABATA_Tomoyuki,JPN,10008098470,34.5,28.543,28.409,30.157,0.874,1,
3047,Shizuoka-JKA,2020,25/08/2019,GP,R2,1,5,OH_Jeseok,KOR,10010797393,21.9,23.658,23.401,26.493,1.546,3,
3048,Shizuoka-JKA,2020,25/08/2019,GP,R2,1,6,HART_Nathan,AUS,10007811716,26.5,20.46,19.888,23.418,1.765,6,
3049,Shizuoka-JKA,2020,25/08/2019,GP,R2,2,1,WAKIMOTO_Yuta,JPN,10005964470,30.4,28.578,28.827,30.345,0.759,4,
3050,Shizuoka-JKA,2020,25/08/2019,GP,R2,2,2,CARLIN_Jack,GBR,10009967641,22.3,30.67,30.838,33.03,1.096,2,
3051,Shizuoka-JKA,2020,25/08/2019,GP,R2,2,3,BÖTTICHER_Stefan,GER,10048325582,27.6,34.308,33.993,36.435,1.221,1,
3052,Shizuoka-JKA,2020,25/08/2019,GP,R2,2,4,BOS_Theo,NED,10050887493,36,28.646,28.527,30.831,1.152,3,
3053,Shizuoka-JKA,2020,25/08/2019,GP,R2,2,5,KIM_Chengsu,KOR,10011164074,20.9,18.807,19.23,23.56,2.165,5,
3054,Shizuoka-JKA,2020,25/08/2019,GP,R2,2,6,SHINZAN_Kyohei,JPN,10007827880,25.8,16.876,15.986,21.42,2.717,6,
3055,Shizuoka-JKA,2020,25/08/2019,GP,R2,3,1,GLAETZER_Matthew,AUS,10006894559,27,32.486,32.6,34.144,0.772,1,
3056,Shizuoka-JKA,2020,25/08/2019,GP,R2,3,2,ANGSUTHASAWIT_Jai,AUS,10009009159,24.5,26.564,27.391,31.893,2.251,3,
3057,Shizuoka-JKA,2020,25/08/2019,GP,R2,3,3,DMITRIEV_Denis,RUS,10003100142,33.4,24.714,24.872,26.788,0.958,4,
3058,Shizuoka-JKA,2020,25/08/2019,GP,R2,3,4,PERKINS_Shane_Alan,RUS,10051694112,32.7,26.933,26.828,28.714,0.943,2,
3059,Shizuoka-JKA,2020,25/08/2019,GP,R2,3,5,TAKAHASHI_Shinya,JPN,,24.9,14.862,16.167,21.315,2.574,6,
3060,Shizuoka-JKA,2020,25/08/2019,GP,R2,3,6,HINDES_Philip,GBR,10007499292,26.9,21.148,19.853,24.167,2.157,5,
3061,Shizuoka-JKA,2020,25/08/2019,GP,R3,1,1,BÖTTICHER_Stefan,GER,10048325582,27.6,33.993,34.242,36.646,1.202,1,
3062,Shizuoka-JKA,2020,25/08/2019,GP,R3,1,2,PERKINS_Shane_Alan,RUS,10051694112,32.7,26.828,27.113,28.975,0.931,3,
3063,Shizuoka-JKA,2020,25/08/2019,GP,R3,1,3,CARLIN_Jack,GBR,10009967641,22.3,30.838,30.774,32.92,1.073,2,
3064,Shizuoka-JKA,2020,25/08/2019,GP,R3,1,4,DMITRIEV_Denis,RUS,10003100142,33.4,24.872,24.976,26.864,0.944,4,
3065,Shizuoka-JKA,2020,25/08/2019,GP,R3,1,5,OBARA_Yuta,JPN,10010773549,23.5,23.954,23.656,27.876,2.11,6,
3066,Shizuoka-JKA,2020,25/08/2019,GP,R3,1,6,FUKAYA_Tomohiro,JPN,10005964672,29.6,24.327,23.488,27.064,1.788,5,
3067,Shizuoka-JKA,2020,25/08/2019,GP,R3,2,1,KAWABATA_Tomoyuki,JPN,10008098470,34.5,28.409,28.713,30.445,0.866,4,
3068,Shizuoka-JKA,2020,25/08/2019,GP,R3,2,2,WAKIMOTO_Yuta,JPN,10005964470,30.4,28.827,28.954,30.462,0.754,2,
3069,Shizuoka-JKA,2020,25/08/2019,GP,R3,2,3,NITTA_Yudai,JPN,10005727327,33.6,26.799,26.93,28.516,0.793,6,
3070,Shizuoka-JKA,2020,25/08/2019,GP,R3,2,4,BOS_Theo,NED,10050887493,36,28.527,28.507,30.751,1.122,3,
3071,Shizuoka-JKA,2020,25/08/2019,GP,R3,2,5,GLAETZER_Matthew,AUS,10006894559,27,32.6,32.392,33.926,0.767,1,
3072,Shizuoka-JKA,2020,25/08/2019,GP,R3,2,6,ANGSUTHASAWIT_Jai,AUS,10009009159,24.5,27.391,26.055,30.203,2.074,5,
3073,Shizuoka-JKA,2020,25/08/2019,GP,Final,1,1,NITTA_Yudai,JPN,10005727327,33.6,26.93,27.233,28.809,0.788,6,
3074,Shizuoka-JKA,2020,25/08/2019,GP,Final,1,2,WAKIMOTO_Yuta,JPN,10005964470,30.4,28.954,29.083,30.581,0.749,3,
3075,Shizuoka-JKA,2020,25/08/2019,GP,Final,1,3,PERKINS_Shane_Alan,RUS,10051694112,32.7,27.113,27.29,29.124,0.917,5,
3076,Shizuoka-JKA,2020,25/08/2019,GP,Final,1,4,CARLIN_Jack,GBR,10009967641,22.3,30.774,30.655,32.753,1.049,2,
3077,Shizuoka-JKA,2020,25/08/2019,GP,Final,1,5,KAWABATA_Tomoyuki,JPN,10008098470,34.5,28.713,28.64,30.352,0.856,4,
3078,Shizuoka-JKA,2020,25/08/2019,GP,Final,1,6,BÖTTICHER_Stefan,GER,10048325582,27.6,34.242,33.473,35.815,1.171,1,
3079,Shizuoka-JKA,2020,25/08/2019,GP,Final,2,1,GLAETZER_Matthew,AUS,10006894559,27,32.392,32.525,34.055,0.765,1,
3080,Shizuoka-JKA,2020,25/08/2019,GP,Final,2,2,ANGSUTHASAWIT_Jai,AUS,10009009159,24.5,26.055,27.062,30.904,1.921,3,
3081,Shizuoka-JKA,2020,25/08/2019,GP,Final,2,3,BOS_Theo,NED,10050887493,36,28.507,28.561,30.755,1.097,2,
3082,Shizuoka-JKA,2020,25/08/2019,GP,Final,2,4,OBARA_Yuta,JPN,10010773549,23.5,23.656,24.009,27.891,1.941,5,
3083,Shizuoka-JKA,2020,25/08/2019,GP,Final,2,5,FUKAYA_Tomohiro,JPN,10005964672,29.6,23.488,23.38,26.754,1.687,6,
3084,Shizuoka-JKA,2020,25/08/2019,GP,Final,2,6,DMITRIEV_Denis,RUS,10003100142,33.4,24.976,24.735,26.605,0.935,4,
3085,Invercargill,2020,19/10/2019,CCh,R1,1,1,DAWKINS_Edward,NZL,10005782695,30.3,29.789,29.91,31.442,0.766,1,
3086,Apeldoorn,2020,19/10/2019,CCh,R1,1,1,VIGIER_Sébastien,FRA,10010678569,22.5,30.253,30.508,33.1,1.296,1,
3087,Invercargill,2020,19/10/2019,CCh,R1,1,2,DAKIN_Sam,NZL,10010624918,23.1,25.281,25.964,29.512,1.774,2,
3088,Apeldoorn,2020,19/10/2019,CCh,R1,1,2,KENNY_Jason,GBR,10004599194,31.6,31.026,30.993,32.689,0.848,1,
3089,Invercargill,2020,19/10/2019,CCh,R1,1,3,RICHARDSON_Matthew,AUS,10015145724,20.5,24.286,24.624,27.958,1.667,2,
3090,Apeldoorn,2020,19/10/2019,CCh,R1,1,3,RAJKOWSKI_Patryk,POL,10009176281,23.7,23.7,23.938,26.136,1.099,2,
3091,Invercargill,2020,19/10/2019,CCh,R1,1,4,CLARKE_Thomas,AUS,10009009260,24.5,24.858,24.817,27.547,1.365,1,
3092,Apeldoorn,2020,19/10/2019,CCh,R1,1,4,LENDEL_Vasilijus,LTU,10009181234,24.5,24.195,24.227,25.839,0.806,1,
3093,Invercargill,2020,19/10/2019,CCh,R1,1,5,HOFFMAN_Leigh,AUS,10055348887,19.4,18.271,18.857,22.647,1.895,2,
3094,Apeldoorn,2020,19/10/2019,CCh,R1,1,5,YAKUSHEVSKIY_Pavel,RUS,10004640220,32.1,9,15.867,23.945,4.039,2,
3095,Invercargill,2020,19/10/2019,CCh,R1,1,6,BONSER_Kye,AUS,,20.5,16.312,16.777,20.539,1.881,1,
3096,Apeldoorn,2020,19/10/2019,CCh,R1,1,6,KELEMEN_Pavel,CZE,10006422895,28.4,28.495,28.172,29.8,0.814,1,
3097,Invercargill,2020,19/10/2019,CCh,R1,2,1,WEBSTER_Sam,NZL,10006184742,28.3,28.649,28.885,31.013,1.064,1,
3098,Apeldoorn,2020,19/10/2019,CCh,R1,2,1,LEVY_Maximilian,GER,10004601723,32.3,32.175,32.191,34.023,0.916,1,
3099,Invercargill,2020,19/10/2019,CCh,R1,2,2,KNIPE_Bradly,NZL,10009978048,20.9,19.162,21.333,25.913,2.29,2,
3100,Apeldoorn,2020,19/10/2019,CCh,R1,2,2,PERALTA_Juan,ESP,10006552534,29.4,25.326,25.44,27.026,0.793,1,
3101,Invercargill,2020,19/10/2019,CCh,R1,2,3,HART_Nathan,AUS,10007811716,26.6,19.888,20.723,24.023,1.65,2,
3102,Apeldoorn,2020,19/10/2019,CCh,R1,2,3,CARLIN_Jack,GBR,10009967641,22.5,30.655,30.387,32.439,1.026,1,
3103,Invercargill,2020,19/10/2019,CCh,R1,2,4,MEUNIER_Tylah,AUS,,20.2,13.92,17.023,22.631,2.804,2,
3104,Apeldoorn,2020,19/10/2019,CCh,R1,2,4,STOVBETSKYY_Dmytro,UKR,,21.8,9,17.002,25.054,4.026,2,
3105,Invercargill,2020,19/10/2019,CCh,R1,2,5,OGLE_Jackson,NZL,10015443087,20.7,24.792,23.234,28.034,2.4,1,
3106,Apeldoorn,2020,19/10/2019,CCh,R1,2,5,JONAUSKAS_Svajūnas,LTU,10009181032,24.8,19.372,19.561,22.329,1.384,1,
3107,Invercargill,2020,19/10/2019,CCh,R1,2,6,SHEARING_Conor,NZL,,18,9,12.218,20.668,4.225,2,
3108,Apeldoorn,2020,19/10/2019,CCh,R1,2,6,CECI_Francesco,ITA,10006073493,29.8,22.477,22.351,23.817,0.733,1,
3109,Invercargill,2020,19/10/2019,CCh,R1,3,1,GLAETZER_Matthew,AUS,10006894559,27.2,32.525,32.593,34.115,0.761,1,
3110,Apeldoorn,2020,19/10/2019,CCh,R1,3,1,BÜCHLI_Matthijs,NED,10006900421,26.8,33.587,33.621,35.153,0.766,1,
3111,Invercargill,2020,19/10/2019,CCh,R1,3,2,SAUNDERS_Callum,NZL,10009012391,24,21.03,23.876,29.542,2.833,2,
3112,Apeldoorn,2020,19/10/2019,CCh,R1,3,2,BÁBEK_Tomáš,CZE,10004612534,32.4,27.599,27.734,29.626,0.946,1,
3113,Invercargill,2020,19/10/2019,CCh,R1,3,3,CASTLE_Jordan,NZL,10009138491,23.4,26.223,26.28,29.808,1.764,2,
3114,Apeldoorn,2020,19/10/2019,CCh,R1,3,3,JURCZYK_Marc,GER,10009178002,23.7,24.846,25.027,27.285,1.129,2,
3115,Invercargill,2020,19/10/2019,CCh,R1,3,4,WILLIAMS_Zac,NZL,10008997641,24.2,25.825,25.697,28.277,1.29,1,
3116,Apeldoorn,2020,19/10/2019,CCh,R1,3,4,NOVIK_Uladzislau,BLR,10009049979,24.6,21.607,21.873,24.407,1.267,1,
3117,Invercargill,2020,19/10/2019,CCh,R1,3,5,CLANCY_Patrick,NZL,10021915920,18.7,9,15.318,23.576,4.129,2,
3118,Apeldoorn,2020,19/10/2019,CCh,R1,3,5,MORENO_SANCHEZ_Jose,ESP,10007502427,25.9,23.378,23.077,26.239,1.581,1,
3119,Invercargill,2020,19/10/2019,CCh,R1,3,6,ROWLEY_Conor,AUS,10010664829,21.5,15.572,15.346,20.468,2.561,2,
3120,Apeldoorn,2020,19/10/2019,CCh,R1,3,6,SZABO_Norbert,ROU,10055137915,26.2,9,11.002,19.984,4.491,1,
3121,Apeldoorn,2020,19/10/2019,CCh,R1,4,1,LAVREYSEN_Harrie,NED,10009535686,22.6,28.754,29.303,31.935,1.316,1,
3122,Apeldoorn,2020,19/10/2019,CCh,R1,4,2,HELAL_Rayan,FRA,10015683567,20.7,25.392,26.392,30.37,1.989,3,
3123,Apeldoorn,2020,19/10/2019,CCh,R1,4,3,MAKSEL_Krzysztof,POL,10006902239,28.3,28.351,28.365,30.107,0.871,2,
3124,Apeldoorn,2020,19/10/2019,CCh,R1,4,4,CHEBANETS_Tadey-Ivan,UKR,,21.7,9,18.348,26.724,4.188,7,
3125,Apeldoorn,2020,19/10/2019,CCh,R1,4,5,SZALONTAY_Sándor,HUN,10007073506,29.3,21.281,21.379,23.401,1.011,5,
3126,Apeldoorn,2020,19/10/2019,CCh,R1,4,6,DMITRIEV_Denis,RUS,10003100142,33.6,24.735,24.53,26.376,0.923,4,
3127,Apeldoorn,2020,19/10/2019,CCh,R1,4,7,ZAITSAU_Artsiom,BLR,10009017243,24.4,17.681,16.563,21.493,2.465,6,
3128,Invercargill,2020,19/10/2019,CCh,Rep,1,1,CASTLE_Jordan,NZL,10009138491,23.4,26.28,26.668,29.988,1.66,1,
3129,Apeldoorn,2020,19/10/2019,CCh,Rep,1,1,RAJKOWSKI_Patryk,POL,10009176281,23.7,23.938,24.304,26.454,1.075,1,
3130,Invercargill,2020,19/10/2019,CCh,Rep,1,2,HART_Nathan,AUS,10007811716,26.6,20.723,21.444,24.554,1.555,2,
3131,Apeldoorn,2020,19/10/2019,CCh,Rep,1,2,MORENO_SANCHEZ_Jose,ESP,10007502427,25.9,23.077,23.47,26.464,1.497,2,
3132,Invercargill,2020,19/10/2019,CCh,Rep,1,3,OGLE_Jackson,NZL,10015443087,20.7,23.234,23.241,27.493,2.126,1,
3133,Apeldoorn,2020,19/10/2019,CCh,Rep,1,3,CECI_Francesco,ITA,10006073493,29.8,22.351,22.426,23.882,0.728,2,
3134,Invercargill,2020,19/10/2019,CCh,Rep,1,4,RICHARDSON_Matthew,AUS,10015145724,20.5,24.624,24.245,27.387,1.571,1,
3135,Apeldoorn,2020,19/10/2019,CCh,Rep,1,4,CHEBANETS_Tadey-Ivan,UKR,,21.7,18.348,19.099,25.307,3.104,2,
3136,Invercargill,2020,19/10/2019,CCh,Rep,1,5,CLANCY_Patrick,NZL,10021915920,18.7,15.318,15.877,22.213,3.168,3,
3137,Invercargill,2020,19/10/2019,CCh,Rep,1,6,HOFFMAN_Leigh,AUS,10055348887,19.4,18.857,18.098,21.698,1.8,1,
3138,Invercargill,2020,19/10/2019,CCh,Rep,2,1,CLARKE_Thomas,AUS,10009009260,24.5,24.817,25.352,27.992,1.32,1,
3139,Apeldoorn,2020,19/10/2019,CCh,Rep,2,1,CARLIN_Jack,GBR,10009967641,22.5,30.387,30.406,32.424,1.009,1,
3140,Invercargill,2020,19/10/2019,CCh,Rep,2,2,WILLIAMS_Zac,NZL,10008997641,24.2,25.697,25.798,28.294,1.248,2,
3141,Apeldoorn,2020,19/10/2019,CCh,Rep,2,2,KELEMEN_Pavel,CZE,10006422895,28.4,28.172,28.138,29.752,0.807,1,
3142,Invercargill,2020,19/10/2019,CCh,Rep,2,3,ROWLEY_Conor,AUS,10010664829,21.5,15.346,17.066,21.568,2.251,2,
3143,Apeldoorn,2020,19/10/2019,CCh,Rep,2,3,JONAUSKAS_Svajūnas,LTU,10009181032,24.8,19.561,19.887,22.549,1.331,1,
3144,Invercargill,2020,19/10/2019,CCh,Rep,2,4,SHEARING_Conor,NZL,,18,12.218,15.037,21.319,3.141,2,
3145,Apeldoorn,2020,19/10/2019,CCh,Rep,2,4,NOVIK_Uladzislau,BLR,10009049979,24.6,21.873,21.752,24.206,1.227,1,
3146,Invercargill,2020,19/10/2019,CCh,Rep,2,5,BONSER_Kye,AUS,,20.5,16.777,16.763,20.287,1.762,3,
3147,Invercargill,2020,19/10/2019,CCh,Rep,2,6,MEUNIER_Tylah,AUS,,20.2,17.023,15.374,20.392,2.509,2,
3148,Apeldoorn,2020,19/10/2019,CCh,Rep,3,1,DMITRIEV_Denis,RUS,10003100142,33.6,24.53,24.762,26.594,0.916,2,
3149,Apeldoorn,2020,19/10/2019,CCh,Rep,3,2,YAKUSHEVSKIY_Pavel,RUS,10004640220,32.1,15.867,19.079,25.517,3.219,4,
3150,Apeldoorn,2020,19/10/2019,CCh,Rep,3,3,JURCZYK_Marc,GER,10009178002,23.7,25.027,24.842,27.062,1.11,1,
3151,Apeldoorn,2020,19/10/2019,CCh,Rep,3,4,STOVBETSKYY_Dmytro,UKR,,21.8,17.002,15.339,22.193,3.427,3,
3152,Apeldoorn,2020,19/10/2019,CCh,Rep,4,1,MAKSEL_Krzysztof,POL,10006902239,28.3,28.365,28.476,30.212,0.868,1,
3153,Apeldoorn,2020,19/10/2019,CCh,Rep,4,2,LENDEL_Vasilijus,LTU,10009181234,24.5,24.227,24.293,25.897,0.802,2,
3154,Apeldoorn,2020,19/10/2019,CCh,Rep,4,3,SZALONTAY_Sándor,HUN,10007073506,29.3,21.379,21.414,23.408,0.997,3,
3155,Apeldoorn,2020,19/10/2019,CCh,Rep,4,4,ZAITSAU_Artsiom,BLR,10009017243,24.4,16.563,16.488,21.004,2.258,4,
3156,Apeldoorn,2020,19/10/2019,CCh,Rep,4,5,SZABO_Norbert,ROU,10055137915,26.2,11.002,9.371,16.887,3.758,5,
3157,Invercargill,2020,19/10/2019,CCh,R2,1,1,DAWKINS_Edward,NZL,10005782695,30.3,29.91,30.055,31.577,0.761,1,
3158,Apeldoorn,2020,19/10/2019,CCh,R2,1,1,LAVREYSEN_Harrie,NED,10009535686,22.6,29.303,29.727,32.267,1.27,1,
3159,Invercargill,2020,19/10/2019,CCh,R2,1,2,CASTLE_Jordan,NZL,10009138491,23.4,26.668,27.268,30.392,1.562,2,
3160,Apeldoorn,2020,19/10/2019,CCh,R2,1,2,VIGIER_Sébastien,FRA,10010678569,22.5,30.508,30.596,33.094,1.249,2,
3161,Invercargill,2020,19/10/2019,CCh,R2,1,3,GLAETZER_Matthew,AUS,10006894559,27.2,32.593,32.497,34.007,0.755,1,
3162,Apeldoorn,2020,19/10/2019,CCh,R2,1,3,BÁBEK_Tomáš,CZE,10004612534,32.4,27.734,27.83,29.688,0.929,1,
3163,Invercargill,2020,19/10/2019,CCh,R2,1,4,OGLE_Jackson,NZL,10015443087,20.7,23.241,23.836,27.686,1.925,2,
3164,Apeldoorn,2020,19/10/2019,CCh,R2,1,4,RAJKOWSKI_Patryk,POL,10009176281,23.7,24.304,24.485,26.583,1.049,1,
3165,Invercargill,2020,19/10/2019,CCh,R2,1,5,KNIPE_Bradly,NZL,10009978048,20.9,21.333,21.924,26.018,2.047,2,
3166,Apeldoorn,2020,19/10/2019,CCh,R2,1,5,MAKSEL_Krzysztof,POL,10006902239,28.3,28.476,28.341,30.055,0.857,1,
3167,Invercargill,2020,19/10/2019,CCh,R2,1,6,WILLIAMS_Zac,NZL,10008997641,24.2,25.798,25.505,27.923,1.209,2,
3168,Apeldoorn,2020,19/10/2019,CCh,R2,1,6,PERALTA_Juan,ESP,10006552534,29.4,25.44,25.342,26.914,0.786,1,
3169,Invercargill,2020,19/10/2019,CCh,R2,2,1,SAUNDERS_Callum,NZL,10009012391,24,23.876,26.312,31.152,2.42,1,
3170,Apeldoorn,2020,19/10/2019,CCh,R2,2,1,DMITRIEV_Denis,RUS,10003100142,33.6,24.762,25.165,26.969,0.902,2,
3171,Invercargill,2020,19/10/2019,CCh,R2,2,2,WEBSTER_Sam,NZL,10006184742,28.3,28.885,29.029,31.107,1.039,1,
3172,Apeldoorn,2020,19/10/2019,CCh,R2,2,2,BÜCHLI_Matthijs,NED,10006900421,26.8,33.621,33.551,35.071,0.76,1,
3173,Invercargill,2020,19/10/2019,CCh,R2,2,3,CLARKE_Thomas,AUS,10009009260,24.5,25.352,25.686,28.224,1.269,2,
3174,Apeldoorn,2020,19/10/2019,CCh,R2,2,3,HELAL_Rayan,FRA,10015683567,20.7,26.392,26.785,30.423,1.819,1,
3175,Invercargill,2020,19/10/2019,CCh,R2,2,4,ROWLEY_Conor,AUS,10010664829,21.5,17.066,19.168,23.19,2.011,2,
3176,Apeldoorn,2020,19/10/2019,CCh,R2,2,4,KENNY_Jason,GBR,10004599194,31.6,30.993,30.864,32.538,0.837,1,
3177,Invercargill,2020,19/10/2019,CCh,R2,2,5,HART_Nathan,AUS,10007811716,26.6,21.444,21.925,24.869,1.472,2,
3178,Apeldoorn,2020,19/10/2019,CCh,R2,2,5,LEVY_Maximilian,GER,10004601723,32.3,32.191,31.909,33.711,0.901,1,
3179,Invercargill,2020,19/10/2019,CCh,R2,2,6,DAKIN_Sam,NZL,10010624918,23.1,25.964,25.521,28.837,1.658,2,
3180,Apeldoorn,2020,19/10/2019,CCh,R2,2,6,CARLIN_Jack,GBR,10009967641,22.5,30.406,30.043,32.021,0.989,1,
3181,Invercargill,2020,19/10/2019,CCh,Final,1,1,WEBSTER_Sam,NZL,10006184742,28.3,29.029,29.355,31.391,1.018,1,
3182,Apeldoorn,2020,19/10/2019,CCh,Final,1,1,LAVREYSEN_Harrie,NED,10009535686,22.6,29.727,30.128,32.584,1.228,2,
3183,Invercargill,2020,19/10/2019,CCh,Final,1,2,DAWKINS_Edward,NZL,10005782695,30.3,30.055,30.128,31.638,0.755,1,
3184,Apeldoorn,2020,19/10/2019,CCh,Final,1,2,DMITRIEV_Denis,RUS,10003100142,33.6,25.165,25.49,27.266,0.888,2,
3185,Invercargill,2020,19/10/2019,CCh,Final,1,3,CASTLE_Jordan,NZL,10009138491,23.4,27.268,27.619,30.571,1.476,1,
3186,Apeldoorn,2020,19/10/2019,CCh,Final,1,3,BÜCHLI_Matthijs,NED,10006900421,26.8,33.551,33.464,34.972,0.754,1,
3187,Invercargill,2020,19/10/2019,CCh,Final,1,4,SAUNDERS_Callum,NZL,10009012391,24,26.312,26.66,30.914,2.127,2,
3188,Apeldoorn,2020,19/10/2019,CCh,Final,1,4,BÁBEK_Tomáš,CZE,10004612534,32.4,27.83,27.894,29.72,0.913,1,
3189,Invercargill,2020,19/10/2019,CCh,Final,1,5,CLARKE_Thomas,AUS,10009009260,24.5,25.686,25.802,28.25,1.224,2,
3190,Apeldoorn,2020,19/10/2019,CCh,Final,1,5,VIGIER_Sébastien,FRA,10010678569,22.5,30.596,30.317,32.729,1.206,2,
3191,Invercargill,2020,19/10/2019,CCh,Final,1,6,GLAETZER_Matthew,AUS,10006894559,27.2,32.497,32.266,33.766,0.75,1,
3192,Apeldoorn,2020,19/10/2019,CCh,Final,1,6,HELAL_Rayan,FRA,10015683567,20.7,26.785,26.41,29.8,1.695,1,
3193,Invercargill,2020,19/10/2019,CCh,Final,2,1,HART_Nathan,AUS,10007811716,26.6,21.925,23.008,25.82,1.406,1,
3194,Apeldoorn,2020,19/10/2019,CCh,Final,2,1,KENNY_Jason,GBR,10004599194,31.6,30.864,30.919,32.575,0.828,1,
3195,Invercargill,2020,19/10/2019,CCh,Final,2,2,ROWLEY_Conor,AUS,10010664829,21.5,19.168,21.005,24.679,1.837,2,
3196,Apeldoorn,2020,19/10/2019,CCh,Final,2,2,MAKSEL_Krzysztof,POL,10006902239,28.3,28.341,28.411,30.103,0.846,1,
3197,Invercargill,2020,19/10/2019,CCh,Final,2,3,DAKIN_Sam,NZL,10010624918,23.1,25.521,25.814,28.926,1.556,2,
3198,Apeldoorn,2020,19/10/2019,CCh,Final,2,3,LEVY_Maximilian,GER,10004601723,32.3,31.909,31.755,33.529,0.887,1,
3199,Invercargill,2020,19/10/2019,CCh,Final,2,4,KNIPE_Bradly,NZL,10009978048,20.9,21.924,22.627,26.353,1.863,2,
3200,Apeldoorn,2020,19/10/2019,CCh,Final,2,4,CARLIN_Jack,GBR,10009967641,22.5,30.043,29.861,31.799,0.969,1,
3201,Invercargill,2020,19/10/2019,CCh,Final,2,5,OGLE_Jackson,NZL,10015443087,20.7,23.836,23.794,27.34,1.773,2,
3202,Apeldoorn,2020,19/10/2019,CCh,Final,2,5,PERALTA_Juan,ESP,10006552534,29.4,25.342,25.318,26.876,0.779,2,
3203,Invercargill,2020,19/10/2019,CCh,Final,2,6,WILLIAMS_Zac,NZL,10008997641,24.2,25.505,25.207,27.555,1.174,1,
3204,Apeldoorn,2020,19/10/2019,CCh,Final,2,6,RAJKOWSKI_Patryk,POL,10009176281,23.7,24.485,24.329,26.383,1.027,1,
3205,Minsk,2020,2/11/2019,WC,R1,1,1,BÜCHLI_Matthijs,NED,10006900421,26.9,33.464,33.509,35.019,0.755,1,
3206,Minsk,2020,2/11/2019,WC,R1,1,2,LENDEL_Vasilijus,LTU,10009181234,24.6,24.293,24.454,26.048,0.797,3,
3207,Minsk,2020,2/11/2019,WC,R1,1,3,ZAITSAU_Artsiom,BLR,10009017243,24.5,16.488,18.234,22.334,2.05,4,
3208,Minsk,2020,2/11/2019,WC,R1,1,4,ZHOU_Yu,CHN,10052089586,20.8,9,16.428,24.656,4.114,5,
3209,Minsk,2020,2/11/2019,WC,R1,1,9,JURCZYK_Marc,GER,10009178002,23.8,24.842,24.575,26.743,1.084,2,
3210,Minsk,2020,2/11/2019,WC,R1,1,9,CANELON_VERA_Hersony_Gadiel,VEN,10004717719,30.9,24.65,24.485,26.277,0.896,1,
3211,Minsk,2020,2/11/2019,WC,R1,1,9,CECI_Francesco,ITA,10006073493,29.9,22.426,22.388,23.836,0.724,1,
3212,Minsk,2020,2/11/2019,WC,R1,2,1,DMITRIEV_Denis,RUS,10003100142,33.6,25.49,25.898,27.656,0.879,4,
3213,Minsk,2020,2/11/2019,WC,R1,2,2,BÖTTICHER_Stefan,GER,10048325582,27.8,33.473,33.367,35.653,1.143,1,
3214,Minsk,2020,2/11/2019,WC,R1,2,3,QUINTERO_CHAVARRO_Kevin_Santiago,COL,10010830840,21,27.254,27.419,29.995,1.288,3,
3215,Minsk,2020,2/11/2019,WC,R1,2,4,MATSUI_Koyu,JPN,10090680735,27.1,21.843,22.602,26.544,1.971,5,
3216,Minsk,2020,2/11/2019,WC,R1,2,5,MAKSEL_Krzysztof,POL,10006902239,28.3,28.411,28.244,29.92,0.838,2,
3217,Minsk,2020,2/11/2019,WC,R1,2,6,NOVIK_Uladzislau,BLR,10009049979,24.6,21.752,21.611,24.011,1.2,6,
3218,Minsk,2020,2/11/2019,WC,R1,2,9,STOVBETSKYI_Dmytro,UKR,10090555241,21.8,9,5.478,16.842,5.682,7,
3219,Minsk,2020,2/11/2019,WC,R1,3,1,VIGIER_Sébastien,FRA,10010678569,22.5,30.317,30.644,33.012,1.184,1,
3220,Minsk,2020,2/11/2019,WC,R1,3,2,SAHROM_Muhammad_Shah_Firdaus,MAS,10009150215,23.9,25.244,25.522,27.42,0.949,4,
3221,Minsk,2020,2/11/2019,WC,R1,3,3,KELEMEN_Pavel,CZE,10006422895,28.4,28.138,28.142,29.742,0.8,2,
3222,Minsk,2020,2/11/2019,WC,R1,3,4,SZALONTAY_Sándor,HUN,10007073506,29.3,21.414,21.637,23.597,0.98,5,
3223,Minsk,2020,2/11/2019,WC,R1,3,5,PINEDA_Brandon,GUA,10010829830,21.8,9,16.547,24.779,4.116,6,
3224,Minsk,2020,2/11/2019,WC,R1,3,9,TRUMAN_Joseph,GBR,10017950943,22.7,27.589,27.244,29.192,0.974,3,
3225,Minsk,2020,2/11/2019,WC,R1,3,9,OBARA_Yuta,JPN,10010773549,23.7,24.009,23.334,26.946,1.806,1,
3226,Minsk,2020,2/11/2019,WC,R1,4,1,LAVREYSEN_Harrie,NED,10009535686,22.6,30.128,30.587,32.991,1.202,1,
3227,Minsk,2020,2/11/2019,WC,R1,4,2,CARLIN_Jack,GBR,10009967641,22.5,29.861,30.005,31.915,0.955,2,
3228,Minsk,2020,2/11/2019,WC,R1,4,3,PONOMARYOV_Sergey,KAZ,10010797292,21.5,19.902,22.816,28.182,2.683,6,
3229,Minsk,2020,2/11/2019,WC,R1,4,4,PERKINS_Shane_Alan,RUS,10051694112,32.8,27.29,27.304,29.114,0.905,3,
3230,Minsk,2020,2/11/2019,WC,R1,4,5,ANGSUTHASAWIT_Jai,AUS,10009009159,24.7,27.062,26.568,30.144,1.788,4,
3231,Minsk,2020,2/11/2019,WC,R1,4,6,MORENO_SANCHEZ_Jose,ESP,10007502427,26,23.47,23.248,26.126,1.439,5,
3232,Minsk,2020,2/11/2019,WC,R1,4,7,MOHD_ZONIS_Muhammad_Fadhil,MAS,10010645732,21.9,17.742,16.16,22.406,3.123,7,
3233,Minsk,2020,2/11/2019,WC,Rep,1,1,CANELON_VERA_Hersony_Gadiel,VEN,10004717719,30.9,24.485,24.741,26.519,0.889,2,
3234,Minsk,2020,2/11/2019,WC,Rep,1,2,PERKINS_Shane_Alan,RUS,10051694112,32.8,27.304,27.283,29.075,0.896,1,
3235,Minsk,2020,2/11/2019,WC,Rep,1,3,NOVIK_Uladzislau,BLR,10009049979,24.6,21.611,21.714,24.058,1.172,3,
3236,Minsk,2020,2/11/2019,WC,Rep,1,4,ZAITSAU_Artsiom,BLR,10009017243,24.5,18.234,18.265,22.101,1.918,4,
3237,Minsk,2020,2/11/2019,WC,Rep,1,5,PINEDA_Brandon,GUA,10010829830,21.8,16.547,14.063,20.895,3.416,5,
3238,Minsk,2020,2/11/2019,WC,Rep,2,1,MAKSEL_Krzysztof,POL,10006902239,28.3,28.244,28.407,30.075,0.834,1,
3239,Minsk,2020,2/11/2019,WC,Rep,2,2,QUINTERO_CHAVARRO_Kevin_Santiago,COL,10010830840,21,27.419,27.466,29.976,1.255,2,
3240,Minsk,2020,2/11/2019,WC,Rep,2,3,MOHD_ZONIS_Muhammad_Fadhil,MAS,10010645732,21.9,16.16,18.264,23.604,2.67,5,
3241,Minsk,2020,2/11/2019,WC,Rep,2,4,SZALONTAY_Sándor,HUN,10007073506,29.3,21.637,21.608,23.542,0.967,4,
3242,Minsk,2020,2/11/2019,WC,Rep,2,9,CECI_Francesco,ITA,10006073493,29.9,22.388,22.245,23.691,0.723,3,
3243,Minsk,2020,2/11/2019,WC,Rep,3,1,MATSUI_Koyu,JPN,10090680735,27.1,22.602,23.96,27.694,1.867,4,
3244,Minsk,2020,2/11/2019,WC,Rep,3,2,KELEMEN_Pavel,CZE,10006422895,28.4,28.142,28.137,29.727,0.795,1,
3245,Minsk,2020,2/11/2019,WC,Rep,3,3,MORENO_SANCHEZ_Jose,ESP,10007502427,26,23.248,23.308,26.09,1.391,3,
3246,Minsk,2020,2/11/2019,WC,Rep,3,9,JURCZYK_Marc,GER,10009178002,23.8,24.575,24.304,26.442,1.069,2,
3247,Minsk,2020,2/11/2019,WC,Rep,4,1,OBARA_Yuta,JPN,10010773549,23.7,23.334,24.435,27.895,1.73,2,
3248,Minsk,2020,2/11/2019,WC,Rep,4,2,PONOMARYOV_Sergey,KAZ,10010797292,21.5,22.816,23.735,28.535,2.4,3,
3249,Minsk,2020,2/11/2019,WC,Rep,4,3,ANGSUTHASAWIT_Jai,AUS,10009009159,24.7,26.568,26.125,29.529,1.702,1,
3250,Minsk,2020,2/11/2019,WC,Rep,4,4,STOVBETSKYI_Dmytro,UKR,10090555241,21.8,5.478,11.385,19.553,4.084,5,
3251,Minsk,2020,2/11/2019,WC,Rep,4,5,ZHOU_Yu,CHN,10052089586,20.8,16.428,13.696,20.74,3.522,4,
3252,Minsk,2020,2/11/2019,WC,R2,1,1,BÖTTICHER_Stefan,GER,10048325582,27.8,33.367,33.701,35.951,1.125,2,
3253,Minsk,2020,2/11/2019,WC,R2,1,2,BÜCHLI_Matthijs,NED,10006900421,26.9,33.509,33.543,35.047,0.752,1,
3254,Minsk,2020,2/11/2019,WC,R2,1,3,LAVREYSEN_Harrie,NED,10009535686,22.6,30.587,30.605,32.949,1.172,3,
3255,Minsk,2020,2/11/2019,WC,R2,1,4,CANELON_VERA_Hersony_Gadiel,VEN,10004717719,30.9,24.741,24.863,26.621,0.879,5,
3256,Minsk,2020,2/11/2019,WC,R2,1,5,OBARA_Yuta,JPN,10010773549,23.7,24.435,24.323,27.603,1.64,6,
3257,Minsk,2020,2/11/2019,WC,R2,1,9,SAHROM_Muhammad_Shah_Firdaus,MAS,10009150215,23.9,25.522,25.288,27.168,0.94,4,
3258,Minsk,2020,2/11/2019,WC,R2,2,1,DMITRIEV_Denis,RUS,10003100142,33.6,25.898,26.252,27.992,0.87,4,
3259,Minsk,2020,2/11/2019,WC,R2,2,2,MATSUI_Koyu,JPN,10090680735,27.1,23.96,25.052,28.536,1.742,6,
3260,Minsk,2020,2/11/2019,WC,R2,2,3,CARLIN_Jack,GBR,10009967641,22.5,30.005,29.97,31.85,0.94,2,
3261,Minsk,2020,2/11/2019,WC,R2,2,4,MAKSEL_Krzysztof,POL,10006902239,28.3,28.407,28.361,30.011,0.825,3,
3262,Minsk,2020,2/11/2019,WC,R2,2,5,LENDEL_Vasilijus,LTU,10009181234,24.6,24.454,24.464,26.046,0.791,5,
3263,Minsk,2020,2/11/2019,WC,R2,2,6,VIGIER_Sébastien,FRA,10010678569,22.5,30.644,29.985,32.297,1.156,1,
3264,Minsk,2020,2/11/2019,WC,Final,1,1,LAVREYSEN_Harrie,NED,10009535686,22.6,30.605,31.051,33.347,1.148,3,
3265,Minsk,2020,2/11/2019,WC,Final,1,2,DMITRIEV_Denis,RUS,10003100142,33.6,26.252,26.563,28.283,0.86,5,
3266,Minsk,2020,2/11/2019,WC,Final,1,3,MATSUI_Koyu,JPN,10090680735,27.1,25.052,25.901,29.171,1.635,6,
3267,Minsk,2020,2/11/2019,WC,Final,1,4,CARLIN_Jack,GBR,10009967641,22.5,29.97,29.958,31.808,0.925,4,
3268,Minsk,2020,2/11/2019,WC,Final,1,5,BÜCHLI_Matthijs,NED,10006900421,26.9,33.543,33.364,34.858,0.747,2,
3269,Minsk,2020,2/11/2019,WC,Final,1,6,BÖTTICHER_Stefan,GER,10048325582,27.8,33.701,33.112,35.314,1.101,1,
3270,Minsk,2020,2/11/2019,WC,Final,2,1,VIGIER_Sébastien,FRA,10010678569,22.5,29.985,30.318,32.592,1.137,1,
3271,Minsk,2020,2/11/2019,WC,Final,2,2,MAKSEL_Krzysztof,POL,10006902239,28.3,28.361,28.465,30.101,0.818,2,
3272,Minsk,2020,2/11/2019,WC,Final,2,3,OBARA_Yuta,JPN,10010773549,23.7,24.323,24.726,27.838,1.556,6,
3273,Minsk,2020,2/11/2019,WC,Final,2,4,LENDEL_Vasilijus,LTU,10009181234,24.6,24.464,24.499,26.069,0.785,5,
3274,Minsk,2020,2/11/2019,WC,Final,2,5,CANELON_VERA_Hersony_Gadiel,VEN,10004717719,30.9,24.863,24.777,26.515,0.869,4,
3275,Minsk,2020,2/11/2019,WC,Final,2,9,SAHROM_Muhammad_Shah_Firdaus,MAS,10009150215,23.9,25.288,25.007,26.867,0.93,3,
3276,Glasgow,2020,10/11/2019,WC,R1,1,1,BÜCHLI_Matthijs,NED,10006900421,26.9,33.364,33.467,34.959,0.746,1,
3277,Glasgow,2020,10/11/2019,WC,R1,1,2,DMITRIEV_Denis,RUS,10003100142,33.6,26.563,26.8,28.502,0.851,4,
3278,Glasgow,2020,10/11/2019,WC,R1,1,3,KENNY_Jason,GBR,10004599194,31.6,30.919,30.876,32.516,0.82,2,
3279,Glasgow,2020,10/11/2019,WC,R1,1,4,BÁBEK_Tomáš,CZE,10004612534,32.4,27.894,27.848,29.65,0.901,3,
3280,Glasgow,2020,10/11/2019,WC,R1,1,5,SZALONTAY_Sándor,HUN,10007073506,29.4,21.608,21.712,23.618,0.953,6,
3281,Glasgow,2020,10/11/2019,WC,R1,1,6,ZHOU_Yu,CHN,10052089586,20.8,13.696,15.543,21.311,2.884,7,
3282,Glasgow,2020,10/11/2019,WC,R1,1,7,OBARA_Yuta,JPN,10010773549,23.7,24.726,23.798,26.794,1.498,5,
3283,Glasgow,2020,10/11/2019,WC,R1,2,1,LEVY_Maximilian,GER,10004601723,32.4,31.755,31.92,33.682,0.881,1,
3284,Glasgow,2020,10/11/2019,WC,R1,2,2,ANGSUTHASAWIT_Jai,AUS,10009009159,24.7,26.125,26.761,29.987,1.613,3,
3285,Glasgow,2020,10/11/2019,WC,R1,2,3,NOVIK_Uladzislau,BLR,10009049979,24.6,21.714,22.193,24.475,1.141,6,
3286,Glasgow,2020,10/11/2019,WC,R1,2,4,MOHD_ZONIS_Muhammad_Fadhil,MAS,10010645732,21.9,18.264,20.123,24.769,2.323,7,
3287,Glasgow,2020,10/11/2019,WC,R1,2,5,QUINTERO_CHAVARRO_Kevin_Santiago,COL,10010830840,21,27.466,27.19,29.622,1.216,2,
3288,Glasgow,2020,10/11/2019,WC,R1,2,6,PERALTA_Juan,ESP,10006552534,29.5,25.318,25.215,26.761,0.773,5,
3289,Glasgow,2020,10/11/2019,WC,R1,2,7,CLARKE_Thomas,AUS,10009009260,24.6,25.802,25.254,27.642,1.194,4,
3290,Glasgow,2020,10/11/2019,WC,R1,3,1,VIGIER_Sébastien,FRA,10010678569,22.6,30.318,30.567,32.811,1.122,1,
3291,Glasgow,2020,10/11/2019,WC,R1,3,2,PERKINS_Shane_Alan,RUS,10051694112,32.9,27.283,27.391,29.165,0.887,2,
3292,Glasgow,2020,10/11/2019,WC,R1,3,3,CANELON_VERA_Hersony_Gadiel,VEN,10004717719,30.9,24.777,24.843,26.563,0.86,3,
3293,Glasgow,2020,10/11/2019,WC,R1,3,4,PINEDA_Brandon,GUA,10010829830,21.8,14.063,16.78,22.388,2.804,6,
3294,Glasgow,2020,10/11/2019,WC,R1,3,5,SPIES_Jean,RSA,10007351671,30,16.579,17.085,20.495,1.705,5,
3295,Glasgow,2020,10/11/2019,WC,R1,3,6,HSIEH_Nien_Hsing,TPE,10011141846,20.9,9,12.254,20.734,4.24,7,
3296,Glasgow,2020,10/11/2019,WC,R1,3,7,LENDEL_Vasilijus,LTU,10009181234,24.6,24.499,24.197,25.759,0.781,4,
3297,Glasgow,2020,10/11/2019,WC,R1,4,1,BÖTTICHER_Stefan,GER,10048325582,27.8,33.112,33.282,35.46,1.089,1,
3298,Glasgow,2020,10/11/2019,WC,R1,4,2,VORZHEV_Pavel,KAZ,10007828183,26.1,22.514,23.252,25.838,1.293,5,
3299,Glasgow,2020,10/11/2019,WC,R1,4,3,MAKSEL_Krzysztof,POL,10006902239,28.4,28.465,28.461,30.083,0.811,2,
3300,Glasgow,2020,10/11/2019,WC,R1,4,4,SAHROM_Muhammad_Shah_Firdaus,MAS,10009150215,24,25.007,25.042,26.876,0.917,4,
3301,Glasgow,2020,10/11/2019,WC,R1,4,5,ZAITSAU_Artsiom,BLR,10009017243,24.5,18.265,18.959,22.525,1.783,7,
3302,Glasgow,2020,10/11/2019,WC,R1,4,6,HOOGLAND_Jeffrey,NED,10007379761,26.7,19.874,19.75,24.102,2.176,6,
3303,Glasgow,2020,10/11/2019,WC,R1,4,7,MATSUI_Koyu,JPN,10090680735,27.1,25.901,24.772,27.896,1.562,3,
3304,Glasgow,2020,10/11/2019,WC,Rep,1,1,KENNY_Jason,GBR,10004599194,31.6,30.876,30.975,32.611,0.818,1,
3305,Glasgow,2020,10/11/2019,WC,Rep,1,2,SAHROM_Muhammad_Shah_Firdaus,MAS,10009150215,24,25.042,25.205,27.019,0.907,3,
3306,Glasgow,2020,10/11/2019,WC,Rep,1,3,PERALTA_Juan,ESP,10006552534,29.5,25.215,25.22,26.758,0.769,2,
3307,Glasgow,2020,10/11/2019,WC,Rep,1,4,OBARA_Yuta,JPN,10010773549,23.7,23.798,23.509,26.397,1.444,4,
3308,Glasgow,2020,10/11/2019,WC,Rep,1,5,SPIES_Jean,RSA,10007351671,30,17.085,16.815,20.125,1.655,5,
3309,Glasgow,2020,10/11/2019,WC,Rep,2,1,QUINTERO_CHAVARRO_Kevin_Santiago,COL,10010830840,21,27.19,27.508,29.902,1.197,1,
3310,Glasgow,2020,10/11/2019,WC,Rep,2,2,MATSUI_Koyu,JPN,10090680735,27.1,24.772,24.992,27.998,1.503,2,
3311,Glasgow,2020,10/11/2019,WC,Rep,2,3,PINEDA_Brandon,GUA,10010829830,21.8,16.78,18.213,23.153,2.47,4,
3312,Glasgow,2020,10/11/2019,WC,Rep,2,4,NOVIK_Uladzislau,BLR,10009049979,24.6,22.193,22.037,24.275,1.119,3,
3313,Glasgow,2020,10/11/2019,WC,Rep,2,5,ZHOU_Yu,CHN,10052089586,20.8,15.543,14.601,19.861,2.63,5,
3314,Glasgow,2020,10/11/2019,WC,Rep,3,1,LENDEL_Vasilijus,LTU,10009181234,24.6,24.197,24.385,25.941,0.778,2,
3315,Glasgow,2020,10/11/2019,WC,Rep,3,2,HOOGLAND_Jeffrey,NED,10007379761,26.7,19.75,20.86,24.856,1.998,5,
3316,Glasgow,2020,10/11/2019,WC,Rep,3,3,CANELON_VERA_Hersony_Gadiel,VEN,10004717719,30.9,24.843,24.796,26.498,0.851,1,
3317,Glasgow,2020,10/11/2019,WC,Rep,3,4,SZALONTAY_Sándor,HUN,10007073506,29.4,21.712,21.658,23.538,0.94,3,
3318,Glasgow,2020,10/11/2019,WC,Rep,3,5,MOHD_ZONIS_Muhammad_Fadhil,MAS,10010645732,21.9,20.123,18.958,23.26,2.151,4,
3319,Glasgow,2020,10/11/2019,WC,Rep,4,1,CLARKE_Thomas,AUS,10009009260,24.6,25.254,25.711,28.053,1.171,3,
3320,Glasgow,2020,10/11/2019,WC,Rep,4,2,HSIEH_Nien_Hsing,TPE,10011141846,20.9,12.254,18.74,25.206,3.233,5,
3321,Glasgow,2020,10/11/2019,WC,Rep,4,3,MAKSEL_Krzysztof,POL,10006902239,28.4,28.461,28.363,29.973,0.805,1,
3322,Glasgow,2020,10/11/2019,WC,Rep,4,4,ZAITSAU_Artsiom,BLR,10009017243,24.5,18.959,19.413,22.779,1.683,4,
3323,Glasgow,2020,10/11/2019,WC,Rep,4,5,BÁBEK_Tomáš,CZE,10004612534,32.4,27.848,27.497,29.281,0.892,2,
3324,Glasgow,2020,10/11/2019,WC,R2,1,1,KENNY_Jason,GBR,10004599194,31.6,30.975,31.223,32.849,0.813,3,
3325,Glasgow,2020,10/11/2019,WC,R2,1,2,BÖTTICHER_Stefan,GER,10048325582,27.8,33.282,33.352,35.486,1.067,2,
3326,Glasgow,2020,10/11/2019,WC,R2,1,3,PERKINS_Shane_Alan,RUS,10051694112,32.9,27.391,27.579,29.331,0.876,4,
3327,Glasgow,2020,10/11/2019,WC,R2,1,4,BÜCHLI_Matthijs,NED,10006900421,26.9,33.467,33.341,34.825,0.742,1,
3328,Glasgow,2020,10/11/2019,WC,R2,1,5,ANGSUTHASAWIT_Jai,AUS,10009009159,24.7,26.761,26.609,29.685,1.538,5,
3329,Glasgow,2020,10/11/2019,WC,R2,1,6,CLARKE_Thomas,AUS,10009009260,24.6,25.711,25.433,27.735,1.151,6,
3330,Glasgow,2020,10/11/2019,WC,R2,2,1,DMITRIEV_Denis,RUS,10003100142,33.6,26.8,27.14,28.828,0.844,4,
3331,Glasgow,2020,10/11/2019,WC,R2,2,2,LEVY_Maximilian,GER,10004601723,32.4,31.92,31.948,33.69,0.871,1,
3332,Glasgow,2020,10/11/2019,WC,R2,2,3,VIGIER_Sébastien,FRA,10010678569,22.6,30.567,30.515,32.707,1.096,2,
3333,Glasgow,2020,10/11/2019,WC,R2,2,4,QUINTERO_CHAVARRO_Kevin_Santiago,COL,10010830840,21,27.508,27.455,29.787,1.166,3,
3334,Glasgow,2020,10/11/2019,WC,R2,2,5,VORZHEV_Pavel,KAZ,10007828183,26.1,23.252,23.26,25.772,1.256,6,
3335,Glasgow,2020,10/11/2019,WC,R2,2,6,LENDEL_Vasilijus,LTU,10009181234,24.6,24.385,24.235,25.785,0.775,5,
3336,Glasgow,2020,10/11/2019,WC,Final,1,1,VIGIER_Sébastien,FRA,10010678569,22.6,30.515,30.951,33.105,1.077,4,
3337,Glasgow,2020,10/11/2019,WC,Final,1,2,LEVY_Maximilian,GER,10004601723,32.4,31.948,32.049,33.771,0.861,2,
3338,Glasgow,2020,10/11/2019,WC,Final,1,3,DMITRIEV_Denis,RUS,10003100142,33.6,27.14,27.322,28.992,0.835,6,
3339,Glasgow,2020,10/11/2019,WC,Final,1,4,KENNY_Jason,GBR,10004599194,31.6,31.223,31.165,32.775,0.805,3,
3340,Glasgow,2020,10/11/2019,WC,Final,1,5,PERKINS_Shane_Alan,RUS,10051694112,32.9,27.579,27.565,29.297,0.866,5,
3341,Glasgow,2020,10/11/2019,WC,Final,1,6,BÖTTICHER_Stefan,GER,10048325582,27.8,33.352,32.808,34.902,1.047,1,
3342,Glasgow,2020,10/11/2019,WC,Final,2,1,ANGSUTHASAWIT_Jai,AUS,10009009159,24.7,26.609,27.445,30.407,1.481,3,
3343,Glasgow,2020,10/11/2019,WC,Final,2,2,LENDEL_Vasilijus,LTU,10009181234,24.6,24.235,24.466,26.006,0.77,5,
3344,Glasgow,2020,10/11/2019,WC,Final,2,3,CLARKE_Thomas,AUS,10009009260,24.6,25.433,25.668,27.912,1.122,4,
3345,Glasgow,2020,10/11/2019,WC,Final,2,4,BÜCHLI_Matthijs,NED,10006900421,26.9,33.341,33.147,34.623,0.738,1,
3346,Glasgow,2020,10/11/2019,WC,Final,2,5,QUINTERO_CHAVARRO_Kevin_Santiago,COL,10010830840,21,27.455,27.213,29.487,1.137,2,
3347,Glasgow,2020,10/11/2019,WC,Final,2,6,VORZHEV_Pavel,KAZ,10007828183,26.1,23.26,22.966,25.426,1.23,6,
3348,Hong_Kong,2019,30/11/2019,WC,R1,1,1,NITTA_Yudai,JPN,10005727327,,27.233,27.418,28.988,0.785,2,
3349,Hong_Kong,2019,30/11/2019,WC,R1,1,2,KENNY_Jason,GBR,10004599194,,31.165,31.089,32.689,0.8,1,
3350,Hong_Kong,2019,30/11/2019,WC,R1,1,3,BOTTASSO_Leandro,ARG,10010894696,,20.089,20.36,22.538,1.089,4,
3351,Hong_Kong,2019,30/11/2019,WC,R1,1,4,PERALTA_Juan,ESP,10006552534,,25.22,25.088,26.62,0.766,3,
3352,Hong_Kong,2019,30/11/2019,WC,R1,1,5,MELLEN_James,USA,10009504667,,9,5.805,17.313,5.754,5,
3353,Hong_Kong,2019,30/11/2019,WC,R1,2,1,AWANG_Mohd_Azizulhasni,MAS,10004868370,,29.289,29.437,30.891,0.727,1,
3354,Hong_Kong,2019,30/11/2019,WC,R1,2,2,KAWABATA_Tomoyuki,JPC,10008098470,,28.64,28.721,30.419,0.849,2,
3355,Hong_Kong,2019,30/11/2019,WC,R1,2,3,SAUNDERS_Callum,NZL,10009012391,,26.66,26.583,30.515,1.966,4,
3356,Hong_Kong,2019,30/11/2019,WC,R1,2,4,BÁBEK_Tomáš,CZE,10004612534,,27.497,27.343,29.111,0.884,3,
3357,Hong_Kong,2019,30/11/2019,WC,R1,2,5,STOVBETSKYI_Dmytro,UKR,10090555241,,11.385,11.103,18.507,3.702,5,
3358,Hong_Kong,2019,30/11/2019,WC,R1,3,1,BARRETTE_Hugo,CAN,10007212639,,26.225,26.405,27.905,0.75,2,
3359,Hong_Kong,2019,30/11/2019,WC,R1,3,2,BÜCHLI_Matthijs,BCC,10006900421,,33.147,33.004,34.478,0.737,1,
3360,Hong_Kong,2019,30/11/2019,WC,R1,3,3,LAW_Tsz_Chun,HKG,10011155990,,12.398,13.878,17.862,1.992,4,
3361,Hong_Kong,2019,30/11/2019,WC,R1,3,4,VORZHEV_Pavel,KAZ,10007828183,,22.966,22.512,24.932,1.21,3,
3362,Hong_Kong,2019,30/11/2019,WC,R1,4,1,LAVREYSEN_Harrie,NED,10009535686,,31.051,31.222,33.494,1.136,1,
3363,Hong_Kong,2019,30/11/2019,WC,R1,4,2,BROWNE_Kwesi,TTO,10009010876,,24.756,24.913,26.679,0.883,3,
3364,Hong_Kong,2019,30/11/2019,WC,R1,4,3,WAMMES_Nick,PTM,10015713273,,16.718,18.897,24.365,2.734,5,
3365,Hong_Kong,2019,30/11/2019,WC,R1,4,4,CANELON_VERA_Hersony_Gadiel,VEN,10004717719,,24.796,24.685,26.373,0.844,2,
3366,Hong_Kong,2019,30/11/2019,WC,R1,4,5,SZALONTAY_Sándor,HUN,10007073506,,21.658,21.473,23.337,0.932,4,
3367,Hong_Kong,2019,30/11/2019,WC,R1,5,1,LEVY_Maximilian,ERD,10004601723,,32.049,32.099,33.819,0.86,1,
3368,Hong_Kong,2019,30/11/2019,WC,R1,5,2,ZHOU_Yu,CHN,10052089586,,14.601,17.429,22.145,2.358,5,
3369,Hong_Kong,2019,30/11/2019,WC,R1,5,3,RAJKOWSKI_Patryk,POL,10009176281,,24.329,24.279,26.301,1.011,2,
3370,Hong_Kong,2019,30/11/2019,WC,R1,5,4,KANG_Shih_Feng,TPE,10010608447,,22.585,22.462,24.38,0.959,3,
3371,Hong_Kong,2019,30/11/2019,WC,R1,5,5,SPIES_Jean,RSA,10007351671,,16.815,16.474,19.682,1.604,4,
3372,Hong_Kong,2019,30/11/2019,WC,R1,6,1,ANGSUTHASAWIT_Jai,THA,10009009159,,27.445,28.179,31.055,1.438,2,
3373,Hong_Kong,2019,30/11/2019,WC,R1,6,2,BÖTTICHER_Stefan,GER,10048325582,,32.808,32.707,34.769,1.031,1,
3374,Hong_Kong,2019,30/11/2019,WC,R1,6,3,LENDEL_Vasilijus,LTU,10009181234,,24.466,24.547,26.081,0.767,3,
3375,Hong_Kong,2019,30/11/2019,WC,R1,6,4,DA_SILVA_Joao_Vitor,BRA,10010920665,,9,16.021,24.843,4.411,5,
3376,Hong_Kong,2019,30/11/2019,WC,R1,6,5,DUBCHENKO_Aleksandr,RUS,10007772108,,22.389,22.211,24.353,1.071,4,
3377,Hong_Kong,2019,30/11/2019,WC,R1,6,6,BIANCHI_Matteo,ITA,10028995102,,9,5.188,16.566,5.689,5,
3378,Hong_Kong,2019,30/11/2019,WC,Rep,1,1,KENNY_Jason,GBR,10004599194,,31.089,31.142,32.742,0.8,1,
3379,Hong_Kong,2019,30/11/2019,WC,Rep,1,2,KANG_Shih_Feng,TPE,10010608447,,22.462,22.652,24.548,0.948,3,
3380,Hong_Kong,2019,30/11/2019,WC,Rep,1,3,SZALONTAY_Sándor,HUN,10007073506,,21.473,21.528,23.372,0.922,4,
3381,Hong_Kong,2019,30/11/2019,WC,Rep,1,4,LENDEL_Vasilijus,LTU,10009181234,,24.547,24.371,25.901,0.765,2,
3382,Hong_Kong,2019,30/11/2019,WC,Rep,2,1,KAWABATA_Tomoyuki,JPC,10008098470,,28.721,28.826,30.518,0.846,1,
3383,Hong_Kong,2019,30/11/2019,WC,Rep,2,2,CANELON_VERA_Hersony_Gadiel,VEN,10004717719,,24.685,24.746,26.424,0.839,2,
3384,Hong_Kong,2019,30/11/2019,WC,Rep,2,3,RAJKOWSKI_Patryk,POL,10009176281,,24.279,24.141,26.141,1,3,
3385,Hong_Kong,2019,30/11/2019,WC,Rep,2,4,BIANCHI_Matteo,ITA,10028995102,,5.188,4.992,14.888,4.948,4,
3386,Hong_Kong,2019,30/11/2019,WC,Rep,3,1,BÜCHLI_Matthijs,BCC,10006900421,,33.004,33.028,34.506,0.739,1,
3387,Hong_Kong,2019,30/11/2019,WC,Rep,3,2,WAMMES_Nick,PTM,10015713273,,18.897,20.281,25.279,2.499,3,
3388,Hong_Kong,2019,30/11/2019,WC,Rep,3,3,STOVBETSKYI_Dmytro,UKR,10090555241,,11.103,14.143,20.333,3.095,4,
3389,Hong_Kong,2019,30/11/2019,WC,Rep,3,4,VORZHEV_Pavel,KAZ,10007828183,,22.512,22.1,24.482,1.191,2,
3390,Hong_Kong,2019,30/11/2019,WC,Rep,4,1,BÁBEK_Tomáš,CZE,10004612534,,27.343,27.445,29.207,0.881,1,
3391,Hong_Kong,2019,30/11/2019,WC,Rep,4,2,BROWNE_Kwesi,TTO,10009010876,,24.913,24.881,26.637,0.878,2,
3392,Hong_Kong,2019,30/11/2019,WC,Rep,4,3,LAW_Tsz_Chun,HKG,10011155990,,13.878,14.183,18.017,1.917,3,
3393,Hong_Kong,2019,30/11/2019,WC,Rep,4,4,MELLEN_James,USA,10009504667,,5.805,4.339,13.725,4.693,4,
3394,Hong_Kong,2019,30/11/2019,WC,Rep,5,1,SAUNDERS_Callum,NZL,10009012391,,26.583,27.198,30.984,1.893,1,
3395,Hong_Kong,2019,30/11/2019,WC,Rep,5,2,DUBCHENKO_Aleksandr,RUS,10007772108,,22.211,22.438,24.548,1.055,3,
3396,Hong_Kong,2019,30/11/2019,WC,Rep,5,3,PERALTA_Juan,ESP,10006552534,,25.088,25.008,26.534,0.763,2,
3397,Hong_Kong,2019,30/11/2019,WC,Rep,5,4,ZHOU_Yu,CHN,10052089586,,17.429,16.89,21.338,2.224,4,
3398,Hong_Kong,2019,30/11/2019,WC,Rep,6,1,BÖTTICHER_Stefan,GER,10048325582,,32.707,32.735,34.795,1.03,1,
3399,Hong_Kong,2019,30/11/2019,WC,Rep,6,2,SPIES_Jean,RSA,10007351671,,16.474,17.328,20.432,1.552,3,
3400,Hong_Kong,2019,30/11/2019,WC,Rep,6,3,DA_SILVA_Joao_Vitor,BRA,10010920665,,16.021,16.501,23.381,3.44,4,
3401,Hong_Kong,2019,30/11/2019,WC,Rep,6,4,BOTTASSO_Leandro,ARG,10010894696,,20.36,20.098,22.252,1.077,2,
3402,Hong_Kong,2019,30/11/2019,WC,R2,1,1,LAVREYSEN_Harrie,NED,10009535686,,31.222,31.678,33.908,1.115,4,
3403,Hong_Kong,2019,30/11/2019,WC,R2,1,2,BÜCHLI_Matthijs,BCC,10006900421,,33.028,33.087,34.557,0.735,1,
3404,Hong_Kong,2019,30/11/2019,WC,R2,1,3,NITTA_Yudai,JPN,10005727327,,27.418,27.584,29.142,0.779,6,
3405,Hong_Kong,2019,30/11/2019,WC,R2,1,4,KAWABATA_Tomoyuki,JPC,10008098470,,28.826,28.877,30.551,0.837,5,
3406,Hong_Kong,2019,30/11/2019,WC,R2,1,5,BÖTTICHER_Stefan,GER,10048325582,,32.735,32.457,34.477,1.01,2,
3407,Hong_Kong,2019,30/11/2019,WC,R2,1,6,LEVY_Maximilian,ERD,10004601723,,32.099,31.812,33.516,0.852,3,
3408,Hong_Kong,2019,30/11/2019,WC,R2,2,1,AWANG_Mohd_Azizulhasni,MAS,10004868370,,29.437,29.636,31.086,0.725,2,
3409,Hong_Kong,2019,30/11/2019,WC,R2,2,2,KENNY_Jason,GBR,10004599194,,31.142,31.213,32.801,0.794,1,
3410,Hong_Kong,2019,30/11/2019,WC,R2,2,3,SAUNDERS_Callum,NZL,10009012391,,27.198,27.592,31.12,1.764,5,
3411,Hong_Kong,2019,30/11/2019,WC,R2,2,4,ANGSUTHASAWIT_Jai,THA,10009009159,,28.179,28.106,30.868,1.381,3,
3412,Hong_Kong,2019,30/11/2019,WC,R2,2,5,BARRETTE_Hugo,CAN,10007212639,,26.405,26.369,27.861,0.746,6,
3413,Hong_Kong,2019,30/11/2019,WC,R2,2,6,BÁBEK_Tomáš,CZE,10004612534,,27.445,27.206,28.952,0.873,4,
3414,Hong_Kong,2019,30/11/2019,WC,Final,1,1,SAUNDERS_Callum,NZL,10009012391,,27.592,28.966,32.316,1.675,5,
3415,Hong_Kong,2019,30/11/2019,WC,Final,1,2,KENNY_Jason,GBR,10004599194,,31.213,31.338,32.914,0.788,3,
3416,Hong_Kong,2019,30/11/2019,WC,Final,1,3,BÜCHLI_Matthijs,BCC,10006900421,,33.087,33.069,34.531,0.731,1,
3417,Hong_Kong,2019,30/11/2019,WC,Final,1,4,LAVREYSEN_Harrie,NED,10009535686,,31.678,31.554,33.732,1.089,2,
3418,Hong_Kong,2019,30/11/2019,WC,Final,1,5,NITTA_Yudai,JPN,10005727327,,27.584,27.568,29.116,0.774,6,
3419,Hong_Kong,2019,30/11/2019,WC,Final,1,6,AWANG_Mohd_Azizulhasni,MAS,10004868370,,29.636,29.464,30.91,0.723,4,
3420,Hong_Kong,2019,30/11/2019,WC,Final,2,1,LEVY_Maximilian,ERD,10004601723,,31.812,32.001,33.693,0.846,2,
3421,Hong_Kong,2019,30/11/2019,WC,Final,2,2,BARRETTE_Hugo,CAN,10007212639,,26.369,26.573,28.057,0.742,6,
3422,Hong_Kong,2019,30/11/2019,WC,Final,2,3,ANGSUTHASAWIT_Jai,THA,10009009159,,28.106,28.31,30.966,1.328,4,
3423,Hong_Kong,2019,30/11/2019,WC,Final,2,4,KAWABATA_Tomoyuki,JPC,10008098470,,28.877,28.863,30.519,0.828,3,
3424,Hong_Kong,2019,30/11/2019,WC,Final,2,5,BÁBEK_Tomáš,CZE,10004612534,,27.206,27.164,28.89,0.863,5,
3425,Hong_Kong,2019,30/11/2019,WC,Final,2,6,BÖTTICHER_Stefan,GER,10048325582,,32.457,31.96,33.948,0.994,1,
3426,Cambridge,2020,7/12/2019,WC,R1,1,1,BARRETTE_Hugo,CAN,10007212639,28.4,26.573,26.764,28.242,0.739,4,
3427,Cambridge,2020,7/12/2019,WC,R1,1,2,BROWNE_Kwesi,TTO,10009010876,25.8,24.881,25.08,26.816,0.868,5,
3428,Cambridge,2020,7/12/2019,WC,R1,1,3,STOVBETSKYI_Dmytro,UKR,10090555241,21.9,14.143,18.066,23.244,2.589,6,
3429,Cambridge,2020,7/12/2019,WC,R1,1,4,MAKSEL_Krzysztof,POL,10006902239,28.4,28.363,28.258,29.854,0.798,1,
3430,Cambridge,2020,7/12/2019,WC,R1,1,5,NITTA_Yudai,JPN,10005727327,33.9,27.568,27.429,28.965,0.768,3,
3431,Cambridge,2020,7/12/2019,WC,R1,1,6,KELEMEN_Pavel,CZE,10006422895,28.5,28.137,27.869,29.449,0.79,2,
3432,Cambridge,2020,7/12/2019,WC,R1,2,1,GLAETZER_Matthew,AUS,10006894559,27.3,32.266,32.368,33.866,0.749,1,
3433,Cambridge,2020,7/12/2019,WC,R1,2,2,AWANG_Mohd_Azizulhasni,MAS,10004868370,31.9,29.464,29.512,30.954,0.721,2,
3434,Cambridge,2020,7/12/2019,WC,R1,2,3,CANELON_VERA_Hersony_Gadiel,VEN,10004717719,31,24.746,24.854,26.518,0.832,3,
3435,Cambridge,2020,7/12/2019,WC,R1,2,4,PONOMARYOV_Sergey,KAZ,10010797292,21.6,23.735,23.57,27.896,2.163,4,
3436,Cambridge,2020,7/12/2019,WC,R1,2,5,BOTTASSO_Leandro,ARG,10010894696,33.6,20.098,20.157,22.271,1.057,6,
3437,Cambridge,2020,7/12/2019,WC,R1,2,6,KANG_Shih_Feng,TPE,10010608447,22.4,22.652,22.401,24.279,0.939,5,
3438,Cambridge,2020,7/12/2019,WC,R1,3,1,WAKIMOTO_Yuta,JPN,10005964470,30.7,29.083,29.243,30.737,0.747,2,
3439,Cambridge,2020,7/12/2019,WC,R1,3,2,DMITRIEV_Denis,RUS,10003100142,33.7,27.322,27.453,29.107,0.827,3,
3440,Cambridge,2020,7/12/2019,WC,R1,3,3,ARCHAMBAULT_Joel,CAN,10009307435,27.7,19.966,21.19,24.722,1.766,6,
3441,Cambridge,2020,7/12/2019,WC,R1,3,4,SAHROM_Muhammad_Shah_Firdaus,MAS,10009150215,24,25.205,25.242,27.03,0.894,4,
3442,Cambridge,2020,7/12/2019,WC,R1,3,5,DA_SILVA_Joao_Vitor,BRA,10010920665,22.4,16.501,18.586,24.14,2.777,7,
3443,Cambridge,2020,7/12/2019,WC,R1,3,6,DAWKINS_Edward,NZL,10005782695,30.4,30.128,29.871,31.371,0.75,1,
3444,Cambridge,2020,7/12/2019,WC,R1,3,7,MORENO_SANCHEZ_Jose,ESP,10007502427,26.1,23.308,22.783,25.479,1.348,5,
3445,Cambridge,2020,7/12/2019,WC,R1,4,1,ANGSUTHASAWIT_Jai,AUS,10009009159,24.8,28.31,28.786,31.378,1.296,1,
3446,Cambridge,2020,7/12/2019,WC,R1,4,2,PERKINS_Shane_Alan,RUS,10051694112,32.9,27.565,27.675,29.389,0.857,2,
3447,Cambridge,2020,7/12/2019,WC,R1,4,3,SZALONTAY_Sándor,HUN,10007073506,29.4,21.528,21.796,23.614,0.909,5,
3448,Cambridge,2020,7/12/2019,WC,R1,4,4,QUINTERO_CHAVARRO_Kevin_Santiago,COL,10010830840,21.1,27.213,27.052,29.27,1.109,3,
3449,Cambridge,2020,7/12/2019,WC,R1,4,5,ZHOU_Yu,CHN,10052089586,20.9,16.89,17.853,21.893,2.02,7,
3450,Cambridge,2020,7/12/2019,WC,R1,4,6,HELAL_Rayan,FRA,10015683567,20.9,26.41,25.417,28.627,1.605,4,
3451,Cambridge,2020,7/12/2019,WC,R1,4,7,SPIES_Jean,RSA,10007351671,30,17.328,17.002,20.012,1.505,6,
3452,Cambridge,2020,7/12/2019,WC,Rep,1,1,QUINTERO_CHAVARRO_Kevin_Santiago,COL,10010830840,21.1,27.052,27.243,29.437,1.097,1,
3453,Cambridge,2020,7/12/2019,WC,Rep,1,2,KANG_Shih_Feng,TPE,10010608447,22.4,22.401,22.528,24.388,0.93,2,
3454,Cambridge,2020,7/12/2019,WC,Rep,1,3,DA_SILVA_Joao_Vitor,BRA,10010920665,22.4,18.586,18.758,23.72,2.481,3,
3455,Cambridge,2020,7/12/2019,WC,Rep,1,4,STOVBETSKYI_Dmytro,UKR,10090555241,21.9,18.066,17.083,21.883,2.4,4,
3456,Cambridge,2020,7/12/2019,WC,Rep,2,1,KELEMEN_Pavel,CZE,10006422895,28.5,27.869,27.993,29.569,0.788,1,
3457,Cambridge,2020,7/12/2019,WC,Rep,2,2,MORENO_SANCHEZ_Jose,ESP,10007502427,26.1,22.783,23.149,25.765,1.308,4,
3458,Cambridge,2020,7/12/2019,WC,Rep,2,3,CANELON_VERA_Hersony_Gadiel,VEN,10004717719,31,24.854,24.822,26.474,0.826,3,
3459,Cambridge,2020,7/12/2019,WC,Rep,2,4,SAHROM_Muhammad_Shah_Firdaus,MAS,10009150215,24,25.242,25.027,26.801,0.887,2,
3460,Cambridge,2020,7/12/2019,WC,Rep,3,1,PONOMARYOV_Sergey,KAZ,10010797292,21.6,23.57,24.912,28.976,2.032,3,
3461,Cambridge,2020,7/12/2019,WC,Rep,3,2,ARCHAMBAULT_Joel,CAN,10009307435,27.7,21.19,22.026,25.368,1.671,4,
3462,Cambridge,2020,7/12/2019,WC,Rep,3,3,HELAL_Rayan,FRA,10015683567,20.9,25.417,25.258,28.32,1.531,2,
3463,Cambridge,2020,7/12/2019,WC,Rep,3,4,SPIES_Jean,RSA,10007351671,30,17.002,17.476,20.366,1.445,5,
3464,Cambridge,2020,7/12/2019,WC,Rep,3,5,NITTA_Yudai,JPN,10005727327,33.9,27.429,27.152,28.682,0.765,1,
3465,Cambridge,2020,7/12/2019,WC,Rep,4,1,DAWKINS_Edward,NZL,10005782695,30.4,29.871,29.946,31.446,0.75,1,
3466,Cambridge,2020,7/12/2019,WC,Rep,4,2,BOTTASSO_Leandro,ARG,10010894696,33.6,20.157,20.575,22.653,1.039,4,
3467,Cambridge,2020,7/12/2019,WC,Rep,4,3,MAKSEL_Krzysztof,POL,10006902239,28.4,28.258,28.129,29.715,0.793,2,
3468,Cambridge,2020,7/12/2019,WC,Rep,4,4,SZALONTAY_Sándor,HUN,10007073506,29.4,21.796,21.757,23.557,0.9,3,
3469,Cambridge,2020,7/12/2019,WC,Rep,4,5,ZHOU_Yu,CHN,10052089586,20.9,17.853,17.283,21.127,1.922,5,
3470,Cambridge,2020,7/12/2019,WC,R2,1,1,AWANG_Mohd_Azizulhasni,MAS,10004868370,31.9,29.512,29.691,31.129,0.719,2,
3471,Cambridge,2020,7/12/2019,WC,R2,1,2,ANGSUTHASAWIT_Jai,AUS,10009009159,24.8,28.786,29.074,31.584,1.255,3,
3472,Cambridge,2020,7/12/2019,WC,R2,1,3,DMITRIEV_Denis,RUS,10003100142,33.7,27.453,27.546,29.184,0.819,4,
3473,Cambridge,2020,7/12/2019,WC,R2,1,4,BARRETTE_Hugo,CAN,10007212639,28.4,26.764,26.79,28.26,0.735,6,
3474,Cambridge,2020,7/12/2019,WC,R2,1,5,DAWKINS_Edward,NZL,10005782695,30.4,29.946,29.8,31.292,0.746,1,
3475,Cambridge,2020,7/12/2019,WC,R2,1,6,QUINTERO_CHAVARRO_Kevin_Santiago,COL,10010830840,21.1,27.243,26.885,29.041,1.078,5,
3476,Cambridge,2020,7/12/2019,WC,R2,2,1,GLAETZER_Matthew,AUS,10006894559,27.3,32.368,32.493,33.987,0.747,1,
3477,Cambridge,2020,7/12/2019,WC,R2,2,2,PERKINS_Shane_Alan,RUS,10051694112,32.9,27.675,27.866,29.562,0.848,4,
3478,Cambridge,2020,7/12/2019,WC,R2,2,3,WAKIMOTO_Yuta,JPN,10005964470,30.7,29.243,29.259,30.745,0.743,2,
3479,Cambridge,2020,7/12/2019,WC,R2,2,4,PONOMARYOV_Sergey,KAZ,10010797292,21.6,24.912,25.12,28.87,1.875,6,
3480,Cambridge,2020,7/12/2019,WC,R2,2,5,BROWNE_Kwesi,TTO,10009010876,25.8,25.08,25.054,26.772,0.859,5,
3481,Cambridge,2020,7/12/2019,WC,R2,2,6,KELEMEN_Pavel,CZE,10006422895,28.5,27.993,27.764,29.332,0.784,3,
3482,Cambridge,2020,7/12/2019,WC,Final,1,1,AWANG_Mohd_Azizulhasni,MAS,10004868370,31.9,29.691,29.884,31.318,0.717,2,
3483,Cambridge,2020,7/12/2019,WC,Final,1,2,PERKINS_Shane_Alan,RUS,10051694112,32.9,27.866,28.084,29.762,0.839,5,
3484,Cambridge,2020,7/12/2019,WC,Final,1,3,GLAETZER_Matthew,AUS,10006894559,27.3,32.493,32.451,33.937,0.743,1,
3485,Cambridge,2020,7/12/2019,WC,Final,1,4,ANGSUTHASAWIT_Jai,AUS,10009009159,24.8,29.074,29.025,31.457,1.216,4,
3486,Cambridge,2020,7/12/2019,WC,Final,1,5,WAKIMOTO_Yuta,JPN,10005964470,30.7,29.259,29.166,30.644,0.739,3,
3487,Cambridge,2020,7/12/2019,WC,Final,1,6,DMITRIEV_Denis,RUS,10003100142,33.7,27.546,27.362,28.99,0.814,6,
3488,Cambridge,2020,7/12/2019,WC,Final,2,1,DAWKINS_Edward,NZL,10005782695,30.4,29.8,29.956,31.444,0.744,1,
3489,Cambridge,2020,7/12/2019,WC,Final,2,2,PONOMARYOV_Sergey,KAZ,10010797292,21.6,25.12,25.98,29.488,1.754,5,
3490,Cambridge,2020,7/12/2019,WC,Final,2,3,BROWNE_Kwesi,TTO,10009010876,25.8,25.054,25.203,26.901,0.849,6,
3491,Cambridge,2020,7/12/2019,WC,Final,2,4,KELEMEN_Pavel,CZE,10006422895,28.5,27.764,27.72,29.276,0.778,2,
3492,Cambridge,2020,7/12/2019,WC,Final,2,5,BARRETTE_Hugo,CAN,10007212639,28.4,26.79,26.708,28.17,0.731,4,
3493,Cambridge,2020,7/12/2019,WC,Final,2,6,QUINTERO_CHAVARRO_Kevin_Santiago,COL,10010830840,21.1,26.885,26.497,28.615,1.059,3,
3494,Brisbane,2020,14/12/2019,WC,R1,1,1,BROWNE_Kwesi,TTO,10009010876,25.9,25.203,25.442,27.126,0.842,2,
3495,Brisbane,2020,14/12/2019,WC,R1,1,2,ZHOU_Yu,CHN,10052089586,20.9,17.283,18.976,22.54,1.782,3,
3496,Brisbane,2020,14/12/2019,WC,R1,1,9,PERKINS_Shane_Alan,RUS,10051694112,33,28.084,27.998,29.658,0.83,1,
3497,Brisbane,2020,14/12/2019,WC,R1,1,9,AWANG_Mohd_Azizulhasni,MAS,10004868370,31.9,29.884,29.772,31.198,0.713,1,
3498,Brisbane,2020,14/12/2019,WC,R1,1,9,KAWABATA_Tomoyuki,JPN,10008098470,34.8,28.863,28.756,30.394,0.819,1,
3499,Brisbane,2020,14/12/2019,WC,R1,1,9,MAKSEL_Krzysztof,POL,10006902239,28.4,28.129,28.058,29.63,0.786,1,
3500,Brisbane,2020,14/12/2019,WC,R1,2,1,SAUNDERS_Callum,NZL,10009012391,24.2,28.966,29.705,32.933,1.614,2,
3501,Brisbane,2020,14/12/2019,WC,R1,2,2,ANGSUTHASAWIT_Jai,AUS,10009009159,24.8,29.025,29.176,31.55,1.187,1,
3502,Brisbane,2020,14/12/2019,WC,R1,2,3,BÁBEK_Tomáš,CZE,10004612534,32.5,27.164,27.196,28.904,0.854,3,
3503,Brisbane,2020,14/12/2019,WC,R1,2,4,KANG_Shih_Feng,TPE,10010608447,22.5,22.528,22.628,24.464,0.918,5,
3504,Brisbane,2020,14/12/2019,WC,R1,2,5,DA_SILVA_Joao_Vitor,BRA,10010920665,22.4,18.758,19.107,23.559,2.226,6,
3505,Brisbane,2020,14/12/2019,WC,R1,2,6,PERALTA_Juan,ESP,10006552534,29.6,25.008,24.801,26.321,0.76,4,
3506,Brisbane,2020,14/12/2019,WC,R1,3,1,GLAETZER_Matthew,AUS,10006894559,27.3,32.451,32.558,34.042,0.742,1,
3507,Brisbane,2020,14/12/2019,WC,R1,3,2,CARLIN_Jack,GBR,10009967641,22.6,29.958,30.032,31.86,0.914,2,
3508,Brisbane,2020,14/12/2019,WC,R1,3,3,ARCHAMBAULT_Joel,CAN,10009307435,27.7,22.026,22.737,25.909,1.586,5,
3509,Brisbane,2020,14/12/2019,WC,R1,3,4,HELAL_Rayan,FRA,10015683567,20.9,25.258,25.185,28.115,1.465,4,
3510,Brisbane,2020,14/12/2019,WC,R1,3,5,STOVBETSKYI_Dmytro,UKR,10090555241,22,17.083,17.964,22.304,2.17,6,
3511,Brisbane,2020,14/12/2019,WC,R1,3,6,PONOMARYOV_Sergey,KAZ,10010797292,21.7,25.98,24.831,28.173,1.671,3,
3512,Brisbane,2020,14/12/2019,WC,R1,4,1,DMITRIEV_Denis,RUS,10003100142,33.7,27.362,27.588,29.206,0.809,2,
3513,Brisbane,2020,14/12/2019,WC,R1,4,2,BARRETTE_Hugo,CAN,10007212639,28.4,26.708,26.819,28.273,0.727,3,
3514,Brisbane,2020,14/12/2019,WC,R1,4,3,QUINTERO_CHAVARRO_Kevin_Santiago,COL,10010830840,21.1,26.497,26.576,28.648,1.036,4,
3515,Brisbane,2020,14/12/2019,WC,R1,4,4,BOTTASSO_Leandro,ARG,10010894696,33.6,20.575,20.865,22.899,1.017,7,
3516,Brisbane,2020,14/12/2019,WC,R1,4,5,CANELON_VERA_Hersony_Gadiel,VEN,10004717719,31,24.822,24.778,26.414,0.818,5,
3517,Brisbane,2020,14/12/2019,WC,R1,4,6,WAKIMOTO_Yuta,JPN,10005964470,30.7,29.166,28.933,30.403,0.735,1,
3518,Brisbane,2020,14/12/2019,WC,R1,4,7,SZALONTAY_Sándor,HUN,10007073506,29.4,21.757,21.572,23.356,0.892,6,
3519,Brisbane,2020,14/12/2019,WC,Rep,1,1,WAKIMOTO_Yuta,JPN,10005964470,30.7,28.933,28.968,30.442,0.737,1,
3520,Brisbane,2020,14/12/2019,WC,Rep,1,2,STOVBETSKYI_Dmytro,UKR,10090555241,22,17.964,18.679,22.787,2.054,3,
3521,Brisbane,2020,14/12/2019,WC,Rep,1,3,DA_SILVA_Joao_Vitor,BRA,10010920665,22.4,19.107,18.456,22.7,2.122,2,
3522,Brisbane,2020,14/12/2019,WC,Rep,2,1,BÁBEK_Tomáš,CZE,10004612534,32.5,27.196,27.371,29.069,0.849,2,
3523,Brisbane,2020,14/12/2019,WC,Rep,2,2,HELAL_Rayan,FRA,10015683567,20.9,25.185,25.376,28.204,1.414,3,
3524,Brisbane,2020,14/12/2019,WC,Rep,2,3,BOTTASSO_Leandro,ARG,10010894696,33.6,20.865,21.034,23.038,1.002,4,
3525,Brisbane,2020,14/12/2019,WC,Rep,2,4,PERKINS_Shane_Alan,RUS,10051694112,33,27.998,27.73,29.38,0.825,1,
3526,Brisbane,2020,14/12/2019,WC,Rep,3,1,ARCHAMBAULT_Joel,CAN,10009307435,27.7,22.737,23.512,26.574,1.531,3,
3527,Brisbane,2020,14/12/2019,WC,Rep,3,2,KANG_Shih_Feng,TPE,10010608447,22.5,22.628,22.789,24.603,0.907,4,
3528,Brisbane,2020,14/12/2019,WC,Rep,3,3,CANELON_VERA_Hersony_Gadiel,VEN,10004717719,31,24.778,24.726,26.35,0.812,2,
3529,Brisbane,2020,14/12/2019,WC,Rep,3,4,PONOMARYOV_Sergey,KAZ,10010797292,21.7,24.831,24.036,27.242,1.603,1,
3530,Brisbane,2020,14/12/2019,WC,Rep,4,1,QUINTERO_CHAVARRO_Kevin_Santiago,COL,10010830840,21.1,26.576,26.843,28.891,1.024,2,
3531,Brisbane,2020,14/12/2019,WC,Rep,4,2,PERALTA_Juan,ESP,10006552534,29.6,24.801,24.887,26.401,0.757,3,
3532,Brisbane,2020,14/12/2019,WC,Rep,4,3,MAKSEL_Krzysztof,POL,10006902239,28.4,28.058,27.931,29.495,0.782,1,
3533,Brisbane,2020,14/12/2019,WC,Rep,4,4,SZALONTAY_Sándor,HUN,10007073506,29.4,21.572,21.466,23.24,0.887,4,
3534,Brisbane,2020,14/12/2019,WC,R2,1,1,DMITRIEV_Denis,RUS,10003100142,33.7,27.588,27.845,29.453,0.804,4,
3535,Brisbane,2020,14/12/2019,WC,R2,1,2,CARLIN_Jack,GBR,10009967641,22.6,30.032,30.106,31.91,0.902,1,
3536,Brisbane,2020,14/12/2019,WC,R2,1,3,BROWNE_Kwesi,TTO,10009010876,25.9,25.442,25.585,27.251,0.833,5,
3537,Brisbane,2020,14/12/2019,WC,R2,1,4,ARCHAMBAULT_Joel,CAN,10009307435,27.7,23.512,23.838,26.756,1.459,6,
3538,Brisbane,2020,14/12/2019,WC,R2,1,5,WAKIMOTO_Yuta,JPN,10005964470,30.7,28.968,28.84,30.306,0.733,3,
3539,Brisbane,2020,14/12/2019,WC,R2,1,6,ANGSUTHASAWIT_Jai,AUS,10009009159,24.8,29.176,28.61,30.928,1.159,2,
3540,Brisbane,2020,14/12/2019,WC,R2,2,1,GLAETZER_Matthew,AUS,10006894559,27.3,32.558,32.662,34.144,0.741,1,
3541,Brisbane,2020,14/12/2019,WC,R2,2,2,BÁBEK_Tomáš,CZE,10004612534,32.5,27.371,27.542,29.224,0.841,3,
3542,Brisbane,2020,14/12/2019,WC,R2,2,3,QUINTERO_CHAVARRO_Kevin_Santiago,COL,10010830840,21.1,26.843,26.95,28.96,1.005,4,
3543,Brisbane,2020,14/12/2019,WC,R2,2,4,BARRETTE_Hugo,CAN,10007212639,28.4,26.819,26.803,28.251,0.724,5,
3544,Brisbane,2020,14/12/2019,WC,R2,2,5,ZHOU_Yu,CHN,10052089586,20.9,18.976,19.535,22.891,1.678,6,
3545,Brisbane,2020,14/12/2019,WC,R2,2,6,SAUNDERS_Callum,NZL,10009012391,24.2,29.705,28.463,31.549,1.543,2,
3546,Brisbane,2020,14/12/2019,WC,Final,1,1,QUINTERO_CHAVARRO_Kevin_Santiago,COL,10010830840,21.1,26.95,27.403,29.385,0.991,5,
3547,Brisbane,2020,14/12/2019,WC,Final,1,2,GLAETZER_Matthew,AUS,10006894559,27.3,32.662,32.66,34.134,0.737,1,
3548,Brisbane,2020,14/12/2019,WC,Final,1,3,BÁBEK_Tomáš,CZE,10004612534,32.5,27.542,27.632,29.296,0.832,4,
3549,Brisbane,2020,14/12/2019,WC,Final,1,4,CARLIN_Jack,GBR,10009967641,22.6,30.106,29.98,31.76,0.89,2,
3550,Brisbane,2020,14/12/2019,WC,Final,1,5,DMITRIEV_Denis,RUS,10003100142,33.7,27.845,27.713,29.309,0.798,3,
3551,Brisbane,2020,14/12/2019,WC,Final,1,5,BROWNE_Kwesi,TTO,10009010876,25.9,25.585,25.533,27.183,0.825,1,
3552,Brisbane,2020,14/12/2019,WC,Final,2,1,WAKIMOTO_Yuta,JPN,10005964470,30.7,28.84,29.019,30.481,0.731,1,
3553,Brisbane,2020,14/12/2019,WC,Final,2,2,ANGSUTHASAWIT_Jai,AUS,10009009159,24.8,28.61,28.8,31.064,1.132,2,
3554,Brisbane,2020,14/12/2019,WC,Final,2,3,SAUNDERS_Callum,NZL,10009012391,24.2,28.463,28.424,31.372,1.474,3,
3555,Brisbane,2020,14/12/2019,WC,Final,2,4,BARRETTE_Hugo,CAN,10007212639,28.4,26.803,26.775,28.217,0.721,4,
3556,Brisbane,2020,14/12/2019,WC,Final,2,5,ZHOU_Yu,CHN,10052089586,20.9,19.535,19.813,23.005,1.596,6,
3557,Brisbane,2020,14/12/2019,WC,Final,2,6,ARCHAMBAULT_Joel,CAN,10009307435,27.7,23.838,23.235,26.063,1.414,5,
3558,Berlin,2020,27/02/2020,WCH,R1,1,1,LAVREYSEN_Harrie,NED,10009535686,23,31.554,31.85,33.998,1.074,2,
3559,Berlin,2020,27/02/2020,WCH,R1,1,2,AWANG_Mohd_Azizulhasni,MAS,10004868370,32.1,29.772,29.852,31.274,0.711,3,
3560,Berlin,2020,27/02/2020,WCH,R1,1,3,BÖTTICHER_Stefan,GER,10048325582,28.1,31.96,31.823,33.781,0.979,1,
3561,Berlin,2020,27/02/2020,WCH,R1,1,4,PERKINS_Shane_Alan,RUS,10051694112,33.2,27.73,27.64,29.28,0.82,4,
3562,Berlin,2020,27/02/2020,WCH,R1,1,5,SPIES_Jean,RSA,10007351671,30.3,17.476,17.393,20.247,1.427,5,
3563,Berlin,2020,27/02/2020,WCH,R1,2,1,HELAL_Rayan,FRA,10015683567,21.1,25.376,26.263,29.003,1.37,4,
3564,Berlin,2020,27/02/2020,WCH,R1,2,2,CARLIN_Jack,GBR,10009967641,22.8,29.98,30.055,31.815,0.88,2,
3565,Berlin,2020,27/02/2020,WCH,R1,2,3,LEVY_Maximilian,GER,10004601723,32.7,32.001,31.887,33.563,0.838,1,
3566,Berlin,2020,27/02/2020,WCH,R1,2,4,NITTA_Yudai,JPN,10005727327,34.1,27.152,27.107,28.629,0.761,3,
3567,Berlin,2020,27/02/2020,WCH,R1,2,5,CANELON_VERA_Hersony_Gadiel,VEN,10004717719,31.2,24.726,24.6,26.218,0.809,5,
3568,Berlin,2020,27/02/2020,WCH,R1,3,1,HOOGLAND_Jeffrey,NED,10007379761,27,20.86,23.086,26.81,1.862,6,
3569,Berlin,2020,27/02/2020,WCH,R1,3,2,MAKSEL_Krzysztof,POL,10006902239,28.7,27.931,28.054,29.606,0.776,3,
3570,Berlin,2020,27/02/2020,WCH,R1,3,3,ANGSUTHASAWIT_Jai,AUS,10009009159,25,28.8,28.826,31.034,1.104,2,
3571,Berlin,2020,27/02/2020,WCH,R1,3,4,QUINTERO_CHAVARRO_Kevin_Santiago,COL,10010830840,21.3,27.403,27.389,29.337,0.974,4,
3572,Berlin,2020,27/02/2020,WCH,R1,3,5,KENNY_Jason,GBR,10004599194,31.9,31.338,31.118,32.682,0.782,1,
3573,Berlin,2020,27/02/2020,WCH,R1,3,6,PERALTA_Juan,ESP,10006552534,29.8,24.887,24.76,26.27,0.755,5,
3574,Berlin,2020,27/02/2020,WCH,R1,4,1,VIGIER_Sébastien,FRA,10010678569,22.9,30.951,31.269,33.391,1.061,1,
3575,Berlin,2020,27/02/2020,WCH,R1,4,2,DMITRIEV_Denis,RUS,10003100142,33.9,27.713,27.888,29.472,0.792,5,
3576,Berlin,2020,27/02/2020,WCH,R1,4,3,BOS_Theo,NED,10050887493,36.5,28.561,28.652,30.796,1.072,4,
3577,Berlin,2020,27/02/2020,WCH,R1,4,4,PONOMARYOV_Sergey,KAZ,10010797292,21.9,24.036,24.428,27.472,1.522,6,
3578,Berlin,2020,27/02/2020,WCH,R1,4,5,DAWKINS_Edward,NZL,10005782695,30.6,29.956,29.82,31.3,0.74,2,
3579,Berlin,2020,27/02/2020,WCH,R1,4,6,KAWABATA_Tomoyuki,JPN,10008098470,35.1,28.756,28.521,30.147,0.813,3,
3580,Berlin,2020,27/02/2020,WCH,R1,5,1,WAKIMOTO_Yuta,JPN,10005964470,30.9,29.019,29.226,30.684,0.729,3,
3581,Berlin,2020,27/02/2020,WCH,R1,5,2,BÜCHLI_Matthijs,NED,10006900421,27.2,33.069,33.065,34.521,0.728,1,
3582,Berlin,2020,27/02/2020,WCH,R1,5,3,WEBSTER_Sam,NZL,10006184742,28.6,29.355,29.382,31.382,1,2,
3583,Berlin,2020,27/02/2020,WCH,R1,5,4,BÁBEK_Tomáš,CZE,10004612534,32.7,27.632,27.605,29.255,0.825,4,
3584,Berlin,2020,27/02/2020,WCH,R1,5,5,KANG_Shih_Feng,TPE,10010608447,22.7,22.789,22.823,24.617,0.897,6,
3585,Berlin,2020,27/02/2020,WCH,R1,5,6,RAMIREZ_MORALES_Santiago,COL,10009039774,25.6,24.502,23.883,26.845,1.481,5,
3586,Berlin,2020,27/02/2020,WCH,Rep,1,1,BÖTTICHER_Stefan,GER,10048325582,28.1,31.823,31.951,33.897,0.973,1,
3587,Berlin,2020,27/02/2020,WCH,Rep,1,2,PONOMARYOV_Sergey,KAZ,10010797292,21.9,24.428,24.895,27.829,1.467,4,
3588,Berlin,2020,27/02/2020,WCH,Rep,1,3,PERALTA_Juan,ESP,10006552534,29.8,24.76,24.788,26.292,0.752,3,
3589,Berlin,2020,27/02/2020,WCH,Rep,1,4,BÁBEK_Tomáš,CZE,10004612534,32.7,27.605,27.398,29.04,0.821,2,
3590,Berlin,2020,27/02/2020,WCH,Rep,2,1,KAWABATA_Tomoyuki,JPN,10008098470,35.1,28.521,28.707,30.325,0.809,2,
3591,Berlin,2020,27/02/2020,WCH,Rep,2,2,KANG_Shih_Feng,TPE,10010608447,22.7,22.823,23.145,24.917,0.886,5,
3592,Berlin,2020,27/02/2020,WCH,Rep,2,3,PERKINS_Shane_Alan,RUS,10051694112,33.2,27.64,27.65,29.276,0.813,3,
3593,Berlin,2020,27/02/2020,WCH,Rep,2,4,QUINTERO_CHAVARRO_Kevin_Santiago,COL,10010830840,21.3,27.389,27.297,29.215,0.959,4,
3594,Berlin,2020,27/02/2020,WCH,Rep,2,5,LEVY_Maximilian,GER,10004601723,32.7,31.887,31.545,33.207,0.831,1,
3595,Berlin,2020,27/02/2020,WCH,Rep,3,1,NITTA_Yudai,JPN,10005727327,34.1,27.107,27.312,28.828,0.758,3,
3596,Berlin,2020,27/02/2020,WCH,Rep,3,2,ANGSUTHASAWIT_Jai,AUS,10009009159,25,28.826,28.903,31.067,1.082,2,
3597,Berlin,2020,27/02/2020,WCH,Rep,3,3,DAWKINS_Edward,NZL,10005782695,30.6,29.82,29.741,31.215,0.737,1,
3598,Berlin,2020,27/02/2020,WCH,Rep,3,4,RAMIREZ_MORALES_Santiago,COL,10009039774,25.6,23.883,23.722,26.586,1.432,4,
3599,Berlin,2020,27/02/2020,WCH,Rep,3,5,SPIES_Jean,RSA,10007351671,30.3,17.393,17.247,20.053,1.403,5,
3600,Berlin,2020,27/02/2020,WCH,Rep,4,1,KENNY_Jason,GBR,10004599194,31.9,31.118,31.244,32.804,0.78,1,
3601,Berlin,2020,27/02/2020,WCH,Rep,4,2,WEBSTER_Sam,NZL,10006184742,28.6,29.382,29.439,31.411,0.986,2,
3602,Berlin,2020,27/02/2020,WCH,Rep,4,3,CANELON_VERA_Hersony_Gadiel,VEN,10004717719,31.2,24.6,24.676,26.284,0.804,4,
3603,Berlin,2020,27/02/2020,WCH,Rep,4,4,BOS_Theo,NED,10050887493,36.5,28.652,28.305,30.419,1.057,3,
3604,Berlin,2020,27/02/2020,WCH,R2,1,1,LAVREYSEN_Harrie,NED,10009535686,23,31.85,32.191,34.307,1.058,1,
3605,Berlin,2020,27/02/2020,WCH,R2,1,2,VIGIER_Sébastien,FRA,10010678569,22.9,31.269,31.425,33.507,1.041,2,
3606,Berlin,2020,27/02/2020,WCH,R2,1,3,PONOMARYOV_Sergey,KAZ,10010797292,21.9,24.895,25.522,28.332,1.405,6,
3607,Berlin,2020,27/02/2020,WCH,R2,1,4,CARLIN_Jack,GBR,10009967641,22.8,30.055,30.006,31.744,0.869,3,
3608,Berlin,2020,27/02/2020,WCH,R2,1,5,KAWABATA_Tomoyuki,JPN,10008098470,35.1,28.707,28.626,30.23,0.802,5,
3609,Berlin,2020,27/02/2020,WCH,R2,1,6,WEBSTER_Sam,NZL,10006184742,28.6,29.439,29.107,31.053,0.973,4,
3610,Berlin,2020,27/02/2020,WCH,R2,2,1,BÜCHLI_Matthijs,NED,10006900421,27.2,33.065,33.192,34.646,0.727,1,
3611,Berlin,2020,27/02/2020,WCH,R2,2,2,WAKIMOTO_Yuta,JPN,10005964470,30.9,29.226,29.355,30.807,0.726,3,
3612,Berlin,2020,27/02/2020,WCH,R2,2,3,HELAL_Rayan,FRA,10015683567,21.1,26.263,26.677,29.317,1.32,6,
3613,Berlin,2020,27/02/2020,WCH,R2,2,4,KENNY_Jason,GBR,10004599194,31.9,31.244,31.162,32.71,0.774,2,
3614,Berlin,2020,27/02/2020,WCH,R2,2,5,MAKSEL_Krzysztof,POL,10006902239,28.7,28.054,27.993,29.535,0.771,5,
3615,Berlin,2020,27/02/2020,WCH,R2,2,6,ANGSUTHASAWIT_Jai,AUS,10009009159,25,28.903,28.52,30.646,1.063,4,
3616,Berlin,2020,27/02/2020,WCH,R2,3,1,NITTA_Yudai,JPN,10005727327,34.1,27.312,27.55,29.06,0.755,4,
3617,Berlin,2020,27/02/2020,WCH,R2,3,2,AWANG_Mohd_Azizulhasni,MAS,10004868370,32.1,29.852,29.911,31.327,0.708,2,
3618,Berlin,2020,27/02/2020,WCH,R2,3,3,HOOGLAND_Jeffrey,NED,10007379761,27,23.086,23.976,27.45,1.737,6,
3619,Berlin,2020,27/02/2020,WCH,R2,3,4,BÖTTICHER_Stefan,GER,10048325582,28.1,31.951,31.707,33.621,0.957,1,
3620,Berlin,2020,27/02/2020,WCH,R2,3,5,DMITRIEV_Denis,RUS,10003100142,33.9,27.888,27.77,29.342,0.786,3,
3621,Berlin,2020,27/02/2020,WCH,R2,3,6,KANG_Shih_Feng,TPE,10010608447,22.7,23.145,23.006,24.766,0.88,5,
3622,Berlin,2020,27/02/2020,WCH,R3,1,1,WAKIMOTO_Yuta,JPN,10005964470,30.9,29.355,29.562,31.01,0.724,4,
3623,Berlin,2020,27/02/2020,WCH,R3,1,2,PONOMARYOV_Sergey,KAZ,10010797292,21.9,25.522,26.278,28.98,1.351,5,
3624,Berlin,2020,27/02/2020,WCH,R3,1,3,LAVREYSEN_Harrie,NED,10009535686,23,32.191,32.133,34.205,1.036,1,
3625,Berlin,2020,27/02/2020,WCH,R3,1,4,KENNY_Jason,GBR,10004599194,31.9,31.162,31.098,32.634,0.768,3,
3626,Berlin,2020,27/02/2020,WCH,R3,1,5,VIGIER_Sébastien,FRA,10010678569,22.9,31.425,31.135,33.179,1.022,2,
3627,Berlin,2020,27/02/2020,WCH,R3,1,6,HOOGLAND_Jeffrey,NED,10007379761,27,23.976,23.537,26.875,1.669,6,
3628,Berlin,2020,27/02/2020,WCH,R3,2,1,AWANG_Mohd_Azizulhasni,MAS,10004868370,32.1,29.911,30.116,31.528,0.706,4,
3629,Berlin,2020,27/02/2020,WCH,R3,2,2,BÖTTICHER_Stefan,GER,10048325582,28.1,31.707,31.829,33.715,0.943,2,
3630,Berlin,2020,27/02/2020,WCH,R3,2,3,CARLIN_Jack,GBR,10009967641,22.8,30.006,30.079,31.797,0.859,3,
3631,Berlin,2020,27/02/2020,WCH,R3,2,4,BÜCHLI_Matthijs,NED,10006900421,27.2,33.192,33.083,34.529,0.723,1,
3632,Berlin,2020,27/02/2020,WCH,R3,2,5,NITTA_Yudai,JPN,10005727327,34.1,27.55,27.515,29.017,0.751,5,
3633,Berlin,2020,27/02/2020,WCH,R3,2,6,HELAL_Rayan,FRA,10015683567,21.1,26.677,26.267,28.841,1.287,6,
3634,Berlin,2020,27/02/2020,WCH,Final,1,1,LAVREYSEN_Harrie,NED,10009535686,23,32.133,32.445,34.489,1.022,1,
3635,Berlin,2020,27/02/2020,WCH,Final,1,2,WAKIMOTO_Yuta,JPN,10005964470,30.9,29.562,29.698,31.14,0.721,5,
3636,Berlin,2020,27/02/2020,WCH,Final,1,3,AWANG_Mohd_Azizulhasni,MAS,10004868370,32.1,30.116,30.163,31.569,0.703,3,
3637,Berlin,2020,27/02/2020,WCH,Final,1,4,CARLIN_Jack,GBR,10009967641,22.8,30.079,30.055,31.753,0.849,4,
3638,Berlin,2020,27/02/2020,WCH,Final,1,5,BÖTTICHER_Stefan,GER,10048325582,28.1,31.829,31.591,33.451,0.93,2,
3639,Berlin,2020,27/02/2020,WCH,Final,1,6,PONOMARYOV_Sergey,KAZ,10010797292,21.9,26.278,25.914,28.548,1.317,6,
3640,Berlin,2020,27/02/2020,WCH,Final,2,1,HOOGLAND_Jeffrey,NED,10007379761,27,23.537,25.095,28.271,1.588,6,
3641,Berlin,2020,27/02/2020,WCH,Final,2,2,KENNY_Jason,GBR,10004599194,31.9,31.098,31.167,32.693,0.763,3,
3642,Berlin,2020,27/02/2020,WCH,Final,2,3,HELAL_Rayan,FRA,10015683567,21.1,26.267,26.646,29.134,1.244,5,
3643,Berlin,2020,27/02/2020,WCH,Final,2,4,VIGIER_Sébastien,FRA,10010678569,22.9,31.135,31.009,33.013,1.002,2,
3644,Berlin,2020,27/02/2020,WCH,Final,2,5,BÜCHLI_Matthijs,NED,10006900421,27.2,33.083,32.898,34.338,0.72,1,
3645,Berlin,2020,27/02/2020,WCH,Final,2,6,NITTA_Yudai,JPN,10005727327,34.1,27.515,27.372,28.87,0.749,4,
3646,Milton,2020,25/10/2020,WC,R1,1,1,SZALONTAY_Sándor,HUN,10007073506,30.33424658,21.466,21.876,23.632,0.878,4,
3647,Milton,2020,25/10/2020,WC,R1,1,2,QUINTERO_CHAVARRO_Kevin_Santiago,COL,10010830840,22.00821918,27.297,27.348,29.238,0.945,2,
3648,Milton,2020,25/10/2020,WC,R1,1,3,PERKINS_Shane_Alan,RVL,10051694112,120.9013699,27.65,27.589,29.201,0.806,1,
3649,Milton,2020,25/10/2020,WC,R1,1,4,BRISTER_James,AUS,10011146694,,20.09,20.478,24.892,2.207,5,
3650,Milton,2020,25/10/2020,WC,R1,1,5,STOVBETSKYI_Dmytro,UKR,10090555241,120.9013699,18.679,18.748,22.554,1.903,6,
3651,Milton,2020,25/10/2020,WC,R1,1,6,VORZHEV_Pavel,KAZ,10007828183,120.9013699,22.1,21.682,24.016,1.167,3,
3652,Milton,2020,25/10/2020,WC,R1,2,1,ANGSUTHASAWIT_Jai,THA,10009009159,25.70684932,28.52,28.758,30.858,1.05,1,
3653,Milton,2020,25/10/2020,WC,R1,2,2,BROWNE_Kwesi,TTO,10009010876,26.75068493,25.533,25.64,27.278,0.819,2,
3654,Milton,2020,25/10/2020,WC,R1,2,3,PERALTA_Juan,ESP,10006552534,30.4630137,24.788,24.803,26.299,0.748,3,
3655,Milton,2020,25/10/2020,WC,R1,2,4,DUBCHENKO_Aleksandr,RUS,10007772108,,22.438,22.407,24.479,1.036,4,
3656,Milton,2020,25/10/2020,WC,R1,2,5,BIANCHI_Matteo,ITA,10028995102,19.02465753,4.992,10.684,17.812,3.564,6,
3657,Milton,2020,25/10/2020,WC,R1,2,6,NOVIK_Uladzislau,BLR,10009049979,25.5890411,22.037,21.577,23.779,1.101,5,
3658,Milton,2020,25/10/2020,WC,R1,3,1,EILERS_Joachim,GER,10006379247,30.58630137,31.189,31.329,32.971,0.821,1,
3659,Milton,2020,25/10/2020,WC,R1,3,2,MATSUI_Koyu,JPN,10090680735,28.10410959,24.992,25.573,28.459,1.443,4,
3660,Milton,2020,25/10/2020,WC,R1,3,3,HELAL_Rayan,FRA,10015683567,21.77534247,26.646,26.72,29.136,1.208,3,
3661,Milton,2020,25/10/2020,WC,R1,3,4,KANG_Shih_Feng,TPE,10010608447,120.9013699,23.006,23.095,24.835,0.87,5,
3662,Milton,2020,25/10/2020,WC,R1,3,5,KELEMEN_Pavel,CZE,10006422895,120.9013699,27.72,27.545,29.091,0.773,2,
3663,Milton,2020,25/10/2020,WC,R1,3,6,ZHOU_Yu,CHN,10052089586,21.81917808,19.813,19.449,22.539,1.545,6,
3664,Milton,2020,25/10/2020,WC,R1,4,1,LENDEL_Vasilijus,LTU,10009181234,25.56438356,24.371,24.579,26.103,0.762,3,
3665,Milton,2020,25/10/2020,WC,R1,4,2,SARNECKI_Rafal,POL,10005953154,30.81643836,22.35,23.062,26.582,1.76,5,
3666,Milton,2020,25/10/2020,WC,R1,4,3,CANELON_VERA_Hersony_Gadiel,VEN,10004717719,31.90136986,24.676,24.692,26.286,0.797,2,
3667,Milton,2020,25/10/2020,WC,R1,4,4,MELLEN_James,USA,10009504667,,4.339,12.656,19.364,3.354,6,
3668,Milton,2020,25/10/2020,WC,R1,4,5,BARRETTE_Hugo,CAN,10007212639,29.33150685,26.775,26.592,28.028,0.718,1,
3669,Milton,2020,25/10/2020,WC,R1,4,6,ARCHAMBAULT_Joel,PTM,10009307435,120.9013699,23.235,22.573,25.311,1.369,4,
3670,Milton,2020,25/10/2020,WC,Rep,1,1,PERKINS_Shane_Alan,RVL,10051694112,120.9013699,27.589,27.717,29.325,0.804,1,
3671,Milton,2020,25/10/2020,WC,Rep,1,2,KELEMEN_Pavel,CZE,10006422895,120.9013699,27.545,27.519,29.059,0.77,2,
3672,Milton,2020,25/10/2020,WC,Rep,1,3,NOVIK_Uladzislau,BLR,10009049979,25.5890411,21.577,21.56,23.732,1.086,3,
3673,Milton,2020,25/10/2020,WC,Rep,1,4,MELLEN_James,USA,10009504667,,12.656,12.108,18.256,3.074,4,
3674,Milton,2020,25/10/2020,WC,Rep,2,1,PERALTA_Juan,ESP,10006552534,30.4630137,24.803,24.914,26.408,0.747,1,
3675,Milton,2020,25/10/2020,WC,Rep,2,2,VORZHEV_Pavel,KAZ,10007828183,120.9013699,21.682,21.827,24.115,1.144,3,
3676,Milton,2020,25/10/2020,WC,Rep,2,3,KANG_Shih_Feng,TPE,10010608447,120.9013699,23.095,22.975,24.703,0.864,2,
3677,Milton,2020,25/10/2020,WC,Rep,2,4,BIANCHI_Matteo,ITA,10028995102,19.02465753,10.684,10.169,16.637,3.234,4,
3678,Milton,2020,25/10/2020,WC,Rep,3,1,HELAL_Rayan,FRA,10015683567,21.77534247,26.72,26.971,29.353,1.191,1,
3679,Milton,2020,25/10/2020,WC,Rep,3,2,DUBCHENKO_Aleksandr,RUS,10007772108,,22.407,22.579,24.621,1.021,3,
3680,Milton,2020,25/10/2020,WC,Rep,3,3,ARCHAMBAULT_Joel,PTM,10009307435,120.9013699,22.573,22.463,25.123,1.33,2,
3681,Milton,2020,25/10/2020,WC,Rep,3,4,STOVBETSKYI_Dmytro,UKR,10090555241,120.9013699,18.748,18.253,21.901,1.824,4,
3682,Milton,2020,25/10/2020,WC,Rep,4,1,BRISTER_James,AUS,10011146694,,20.478,22.139,26.265,2.063,3,
3683,Milton,2020,25/10/2020,WC,Rep,4,2,CANELON_VERA_Hersony_Gadiel,VEN,10004717719,31.90136986,24.692,24.747,26.331,0.792,2,
3684,Milton,2020,25/10/2020,WC,Rep,4,3,BARRETTE_Hugo,CAN,10007212639,29.33150685,26.592,26.492,27.924,0.716,1,
3685,Milton,2020,25/10/2020,WC,Rep,4,4,ZHOU_Yu,CHN,10052089586,21.81917808,19.449,19.164,22.174,1.505,4,
3686,Milton,2020,25/10/2020,WC,R2,1,1,LENDEL_Vasilijus,LTU,10009181234,25.56438356,24.579,24.843,26.359,0.758,5,
3687,Milton,2020,25/10/2020,WC,R2,1,2,PERKINS_Shane_Alan,RVL,10051694112,120.9013699,27.717,27.799,29.393,0.797,1,
3688,Milton,2020,25/10/2020,WC,R2,1,3,MATSUI_Koyu,JPN,10090680735,28.10410959,25.573,25.732,28.5,1.384,4,
3689,Milton,2020,25/10/2020,WC,R2,1,4,HELAL_Rayan,FRA,10015683567,21.77534247,26.971,26.821,29.139,1.159,2,
3690,Milton,2020,25/10/2020,WC,R2,1,5,BROWNE_Kwesi,TTO,10009010876,26.75068493,25.64,25.523,27.147,0.812,3,
3691,Milton,2020,25/10/2020,WC,R2,1,6,SZALONTAY_Sándor,HUN,10007073506,30.33424658,21.876,21.72,23.464,0.872,6,
3692,Milton,2020,25/10/2020,WC,R2,2,1,EILERS_Joachim,GER,10006379247,30.58630137,31.329,31.479,33.113,0.817,1,
3693,Milton,2020,25/10/2020,WC,R2,2,2,QUINTERO_CHAVARRO_Kevin_Santiago,COL,10010830840,22.00821918,27.348,27.54,29.404,0.932,3,
3694,Milton,2020,25/10/2020,WC,R2,2,3,SARNECKI_Rafal,POL,10005953154,30.81643836,23.062,23.752,27.066,1.657,5,
3695,Milton,2020,25/10/2020,WC,R2,2,4,ANGSUTHASAWIT_Jai,THA,10009009159,25.70684932,28.758,28.592,30.652,1.03,2,
3696,Milton,2020,25/10/2020,WC,R2,2,5,PERALTA_Juan,ESP,10006552534,30.4630137,24.914,24.861,26.347,0.743,4,
3697,Milton,2020,25/10/2020,WC,R2,2,6,BRISTER_James,AUS,10011146694,,22.139,21.289,25.171,1.941,6,
3698,Milton,2020,25/10/2020,WC,Final,1,1,EILERS_Joachim,GER,10006379247,30.58630137,31.479,31.625,33.251,0.813,1,
3699,Milton,2020,25/10/2020,WC,Final,1,2,QUINTERO_CHAVARRO_Kevin_Santiago,COL,10010830840,22.00821918,27.54,27.72,29.56,0.92,3,
3700,Milton,2020,25/10/2020,WC,Final,1,3,SARNECKI_Rafal,POL,10005953154,30.81643836,23.752,24.3,27.438,1.569,6,
3701,Milton,2020,25/10/2020,WC,Final,1,4,LENDEL_Vasilijus,LTU,10009181234,25.56438356,24.843,24.886,26.392,0.753,5,
3702,Milton,2020,25/10/2020,WC,Final,1,5,MATSUI_Koyu,JPN,10090680735,28.10410959,25.732,25.493,28.161,1.334,4,
3703,Milton,2020,25/10/2020,WC,Final,1,6,PERKINS_Shane_Alan,RVL,10051694112,120.9013699,27.799,27.553,29.137,0.792,2,
3704,Milton,2020,25/10/2020,WC,Final,2,1,HELAL_Rayan,FRA,10015683567,21.77534247,26.821,27.253,29.529,1.138,2,
3705,Milton,2020,25/10/2020,WC,Final,2,2,ANGSUTHASAWIT_Jai,THA,10009009159,25.70684932,28.592,28.651,30.675,1.012,1,
3706,Milton,2020,25/10/2020,WC,Final,2,3,SZALONTAY_Sándor,HUN,10007073506,30.33424658,21.72,21.926,23.65,0.862,5,
3707,Milton,2020,25/10/2020,WC,Final,2,4,BROWNE_Kwesi,TTO,10009010876,26.75068493,25.523,25.478,27.088,0.805,3,
3708,Milton,2020,25/10/2020,WC,Final,2,5,PERALTA_Juan,ESP,10006552534,30.4630137,24.861,24.763,26.241,0.739,4,
3709,Milton,2020,25/10/2020,WC,Final,2,6,BRISTER_James,AUS,10011146694,,21.289,20.463,24.133,1.835,6,
3710,Shizuoka,2020,7/08/2021,OLY,R1,1,1,HELAL_Rayan,FRA,10015683567,22.55890411,27.253,27.79,30.022,1.116,4,
3711,Shizuoka,2020,7/08/2021,OLY,R1,1,2,LEVY_Maximilian,GER,10004601723,,31.545,31.575,33.223,0.824,1,
3712,Shizuoka,2020,7/08/2021,OLY,R1,1,3,BROWNE_Kwesi,TTO,10009010876,27.53424658,25.478,25.628,27.224,0.798,5,
3713,Shizuoka,2020,7/08/2021,OLY,R1,1,4,KENNY_Jason,GBR,10004599194,,31.167,31.043,32.559,0.758,2,
3714,Shizuoka,2020,7/08/2021,OLY,R1,1,5,WEBSTER_Sam,NZL,10006184742,30.08219178,29.107,28.853,30.773,0.96,3,
3715,Shizuoka,2020,7/08/2021,OLY,R1,1,6,GLADYSHEV_Ivan,RUS,,19.99726027,9,6.976,18.958,5.991,6,
3716,Shizuoka,2020,7/08/2021,OLY,R1,2,1,CARLIN_Jack,GBR,10009967641,24.30684932,30.055,30.272,31.958,0.843,2,
3717,Shizuoka,2020,7/08/2021,OLY,R1,2,2,RICHARDSON_Matthew,AUS,10015145724,22.32328767,24.245,25.134,28.13,1.498,6,
3718,Shizuoka,2020,7/08/2021,OLY,R1,2,3,BÜCHLI_Matthijs,NED,10006900421,,32.898,32.808,34.242,0.717,1,
3719,Shizuoka,2020,7/08/2021,OLY,R1,2,4,BARRETTE_Hugo,CAN,10007212639,30.11506849,26.492,26.509,27.935,0.713,3,
3720,Shizuoka,2020,7/08/2021,OLY,R1,2,5,PONOMARYOV_Sergey,KAZ,10010797292,23.32876712,25.914,25.726,28.278,1.276,4,
3721,Shizuoka,2020,7/08/2021,OLY,R1,2,6,SAHROM_Muhammad_Shah_Firdaus,MAS,10009150215,25.71506849,25.027,24.829,26.589,0.88,5,
3722,Shizuoka,2020,7/08/2021,OLY,R1,3,1,AWANG_Mohd_Azizulhasni,MAS,10004868370,121.6849315,30.163,30.282,31.688,0.703,3,
3723,Shizuoka,2020,7/08/2021,OLY,R1,3,2,PAUL_Nicholas,TTO,10010821241,22.88767123,15.681,21.252,27.294,3.021,6,
3724,Shizuoka,2020,7/08/2021,OLY,R1,3,3,RAJKOWSKI_Patryk,POL,10009176281,25.4739726,24.141,24.359,26.325,0.983,4,
3725,Shizuoka,2020,7/08/2021,OLY,R1,3,4,BÖTTICHER_Stefan,GER,10048325582,29.53424658,31.591,31.329,33.163,0.917,1,
3726,Shizuoka,2020,7/08/2021,OLY,R1,3,5,SPIES_Jean,RSA,10007351671,31.71506849,17.247,17.802,20.506,1.352,5,
3727,Shizuoka,2020,7/08/2021,OLY,R1,3,6,VIGIER_Sébastien,FRA,10010678569,24.32054795,31.009,30.443,32.417,0.987,2,
3728,Shizuoka,2020,7/08/2021,OLY,R1,4,1,NITTA_Yudai,JPN,10005727327,121.6849315,27.372,27.601,29.093,0.746,4,
3729,Shizuoka,2020,7/08/2021,OLY,R1,4,2,DMITRIEV_Denis,RUS,10003100142,35.4,27.77,27.91,29.47,0.78,3,
3730,Shizuoka,2020,7/08/2021,OLY,R1,4,3,GLAETZER_Matthew,AUS,10006894559,28.97260274,32.66,32.565,34.031,0.733,1,
3731,Shizuoka,2020,7/08/2021,OLY,R1,4,4,XU_Chao,CHN,10007947011,,22.848,23.116,25.396,1.14,5,
3732,Shizuoka,2020,7/08/2021,OLY,R1,4,5,LAVREYSEN_Harrie,NED,10009535686,24.41643836,32.445,31.977,33.987,1.005,2,
3733,Shizuoka,2020,7/08/2021,OLY,R1,4,6,RUDYK_Mateusz,POL,10009079382,26.06849315,9,7.019,18.979,5.98,6,
3734,Shizuoka,2020,7/08/2021,OLY,R1,5,1,WAKIMOTO_Yuta,JPN,10005964470,121.6849315,29.698,29.851,31.291,0.72,1,
3735,Shizuoka,2020,7/08/2021,OLY,R1,5,2,SAUNDERS_Callum,NZL,10009012391,121.6849315,28.424,28.693,31.527,1.417,2,
3736,Shizuoka,2020,7/08/2021,OLY,R1,5,3,QUINTERO_CHAVARRO_Kevin_Santiago,COL,10010830840,22.79178082,27.72,27.754,29.57,0.908,3,
3737,Shizuoka,2020,7/08/2021,OLY,R1,5,4,BÁBEK_Tomáš,CZE,10004612534,34.2,27.398,27.329,28.957,0.814,4,
3738,Shizuoka,2020,7/08/2021,OLY,R1,5,5,WAMMES_Nick,CAN,10015713273,21.8109589,20.281,20.182,24.706,2.262,5,
3739,Shizuoka,2020,7/08/2021,OLY,R1,5,6,TJON_EN_FA_Jaïr,SUR,10117936018,27.81917808,17.865,17.514,20.852,1.669,6,
3740,Shizuoka,2020,7/08/2021,OLY,Rep,1,1,BROWNE_Kwesi,TTO,10009010876,27.53424658,25.628,25.874,27.46,0.793,3,
3741,Shizuoka,2020,7/08/2021,OLY,Rep,1,2,SAHROM_Muhammad_Shah_Firdaus,MAS,10009150215,25.71506849,24.829,25.03,26.77,0.87,4,
3742,Shizuoka,2020,7/08/2021,OLY,Rep,1,3,VIGIER_Sébastien,FRA,10010678569,24.32054795,30.443,30.268,32.21,0.971,1,
3743,Shizuoka,2020,7/08/2021,OLY,Rep,1,4,BÁBEK_Tomáš,CZE,10004612534,34.2,27.329,27.22,28.836,0.808,2,
3744,Shizuoka,2020,7/08/2021,OLY,Rep,1,5,XU_Chao,CHN,10007947011,,23.116,22.881,25.125,1.122,5,
3745,Shizuoka,2020,7/08/2021,OLY,Rep,2,1,KENNY_Jason,GBR,10004599194,,31.043,31.206,32.718,0.756,3,
3746,Shizuoka,2020,7/08/2021,OLY,Rep,2,2,BÖTTICHER_Stefan,GER,10048325582,29.53424658,31.329,31.381,33.195,0.907,2,
3747,Shizuoka,2020,7/08/2021,OLY,Rep,2,3,BÜCHLI_Matthijs,NED,10006900421,,32.808,32.702,34.134,0.716,1,
3748,Shizuoka,2020,7/08/2021,OLY,Rep,2,4,RUDYK_Mateusz,POL,10009079382,26.06849315,7.019,14.329,22.717,4.194,5,
3749,Shizuoka,2020,7/08/2021,OLY,Rep,2,5,WAMMES_Nick,CAN,10015713273,21.8109589,20.182,19.331,23.645,2.157,4,
3750,Shizuoka,2020,7/08/2021,OLY,Rep,3,1,LAVREYSEN_Harrie,NED,10009535686,24.41643836,31.977,32.099,34.095,0.998,1,
3751,Shizuoka,2020,7/08/2021,OLY,Rep,3,2,TJON_EN_FA_Jaïr,SUR,10117936018,27.81917808,17.514,18.98,22.154,1.587,5,
3752,Shizuoka,2020,7/08/2021,OLY,Rep,3,3,WEBSTER_Sam,NZL,10006184742,30.08219178,28.853,28.737,30.629,0.946,2,
3753,Shizuoka,2020,7/08/2021,OLY,Rep,3,4,BARRETTE_Hugo,CAN,10007212639,30.11506849,26.509,26.434,27.856,0.711,3,
3754,Shizuoka,2020,7/08/2021,OLY,Rep,3,5,RAJKOWSKI_Patryk,POL,10009176281,25.4739726,24.359,24.125,26.069,0.972,4,
3755,Shizuoka,2020,7/08/2021,OLY,Rep,4,1,GLAETZER_Matthew,AUS,10006894559,28.97260274,32.565,32.636,34.102,0.733,1,
3756,Shizuoka,2020,7/08/2021,OLY,Rep,4,2,QUINTERO_CHAVARRO_Kevin_Santiago,COL,10010830840,22.79178082,27.754,27.836,29.636,0.9,2,
3757,Shizuoka,2020,7/08/2021,OLY,Rep,4,3,PONOMARYOV_Sergey,KAZ,10010797292,23.32876712,25.726,25.665,28.159,1.247,3,
3758,Shizuoka,2020,7/08/2021,OLY,Rep,4,4,GLADYSHEV_Ivan,RUS,,19.99726027,6.976,12.463,20.741,4.139,5,
3759,Shizuoka,2020,7/08/2021,OLY,Rep,4,5,SPIES_Jean,RSA,10007351671,31.71506849,17.802,17.504,20.164,1.33,4,
3760,Shizuoka,2020,8/08/2021,OLY,R2,2,1,QUINTERO_CHAVARRO_Kevin_Santiago,COL,10010830840,22.79452055,27.836,28.194,29.976,0.891,3,
3761,Shizuoka,2020,8/08/2021,OLY,R2,1,2,KENNY_Jason,GBR,10004599194,,31.206,31.268,32.772,0.752,2,
3762,Shizuoka,2020,8/08/2021,OLY,R2,1,3,HELAL_Rayan,FRA,10015683567,22.56164384,27.79,27.971,30.151,1.09,4,
3763,Shizuoka,2020,8/08/2021,OLY,R2,1,4,LAVREYSEN_Harrie,NED,10009535686,24.41917808,32.099,31.898,33.858,0.98,1,
3764,Shizuoka,2020,8/08/2021,OLY,R2,1,5,RICHARDSON_Matthew,AUS,10015145724,22.3260274,25.134,25.113,27.985,1.436,6,
3765,Shizuoka,2020,8/08/2021,OLY,R2,1,6,NITTA_Yudai,JPN,10005727327,121.6876712,27.601,27.43,28.918,0.744,5,
3766,Shizuoka,2020,8/08/2021,OLY,R2,2,1,PAUL_Nicholas,TTO,10010821241,22.89041096,21.252,25.112,30.396,2.642,5,
3767,Shizuoka,2020,8/08/2021,OLY,R2,2,2,CARLIN_Jack,GBR,10009967641,24.30958904,30.272,30.331,32.001,0.835,2,
3768,Shizuoka,2020,8/08/2021,OLY,R2,2,3,TJON_EN_FA_Jaïr,SUR,10117936018,27.82191781,18.98,20.163,23.181,1.509,6,
3769,Shizuoka,2020,8/08/2021,OLY,R2,2,4,LEVY_Maximilian,GER,10004601723,,31.575,31.406,33.038,0.816,1,
3770,Shizuoka,2020,8/08/2021,OLY,R2,2,5,SAUNDERS_Callum,NZL,10009012391,121.6876712,28.693,28.224,30.95,1.363,3,
3771,Shizuoka,2020,8/08/2021,OLY,R2,2,6,SAHROM_Muhammad_Shah_Firdaus,MAS,10009150215,25.71780822,25.03,24.851,26.579,0.864,4,
3772,Shizuoka,2020,8/08/2021,OLY,R2,3,1,WAKIMOTO_Yuta,JPN,10005964470,121.6876712,29.851,30.042,31.478,0.718,4,
3773,Shizuoka,2020,8/08/2021,OLY,R2,3,2,AWANG_Mohd_Azizulhasni,MAS,10004868370,121.6876712,30.282,30.369,31.769,0.7,3,
3774,Shizuoka,2020,8/08/2021,OLY,R2,3,3,BROWNE_Kwesi,TTO,10009010876,27.5369863,25.874,26.055,27.627,0.786,6,
3775,Shizuoka,2020,8/08/2021,OLY,R2,3,4,GLAETZER_Matthew,AUS,10006894559,28.97534247,32.636,32.527,33.985,0.729,1,
3776,Shizuoka,2020,8/08/2021,OLY,R2,3,5,BÖTTICHER_Stefan,GER,10048325582,29.5369863,31.381,31.167,32.957,0.895,2,
3777,Shizuoka,2020,8/08/2021,OLY,R2,3,6,DMITRIEV_Denis,RUS,10003100142,35.40273973,27.91,27.746,29.298,0.776,5,
3778,Shizuoka,2020,8/08/2021,OLY,R3,1,1,KENNY_Jason,GBR,10004599194,,31.268,31.428,32.928,0.75,2,
3779,Shizuoka,2020,8/08/2021,OLY,R3,1,2,GLAETZER_Matthew,AUS,10006894559,28.97534247,32.527,32.535,33.987,0.726,1,
3780,Shizuoka,2020,8/08/2021,OLY,R3,1,3,TJON_EN_FA_Jaïr,SUR,10117936018,27.82191781,20.163,21.17,24.054,1.442,6,
3781,Shizuoka,2020,8/08/2021,OLY,R3,1,4,CARLIN_Jack,GBR,10009967641,24.30958904,30.331,30.213,31.867,0.827,3,
3782,Shizuoka,2020,8/08/2021,OLY,R3,1,5,BROWNE_Kwesi,TTO,10009010876,27.5369863,26.055,26.011,27.571,0.78,5,
3783,Shizuoka,2020,8/08/2021,OLY,R3,1,6,QUINTERO_CHAVARRO_Kevin_Santiago,COL,10010830840,22.79452055,28.194,27.907,29.671,0.882,4,
3784,Shizuoka,2020,8/08/2021,OLY,R3,2,1,AWANG_Mohd_Azizulhasni,MAS,10004868370,121.6876712,30.369,30.556,31.954,0.699,3,
3785,Shizuoka,2020,8/08/2021,OLY,R3,2,2,LEVY_Maximilian,GER,10004601723,,31.406,31.509,33.127,0.809,2,
3786,Shizuoka,2020,8/08/2021,OLY,R3,2,3,LAVREYSEN_Harrie,NED,10009535686,24.41917808,31.898,31.882,33.81,0.964,1,
3787,Shizuoka,2020,8/08/2021,OLY,R3,2,4,HELAL_Rayan,FRA,10015683567,22.56164384,27.971,28.034,30.166,1.066,5,
3788,Shizuoka,2020,8/08/2021,OLY,R3,2,5,WAKIMOTO_Yuta,JPN,10005964470,121.6876712,30.042,29.941,31.371,0.715,4,
3789,Shizuoka,2020,8/08/2021,OLY,R3,2,9,PAUL_Nicholas,TTO,10010821241,22.89041096,25.112,23.784,28.572,2.394,6,
3790,Shizuoka,2020,8/08/2021,OLY,Final,1,1,KENNY_Jason,GBR,10004599194,,31.428,31.612,33.106,0.747,4,
3791,Shizuoka,2020,8/08/2021,OLY,Final,1,2,AWANG_Mohd_Azizulhasni,MAS,10004868370,121.6876712,30.556,30.651,32.045,0.697,5,
3792,Shizuoka,2020,8/08/2021,OLY,Final,1,3,LAVREYSEN_Harrie,NED,10009535686,24.41917808,31.882,31.858,33.756,0.949,2,
3793,Shizuoka,2020,8/08/2021,OLY,Final,1,4,TJON_EN_FA_Jaïr,SUR,10117936018,27.82191781,21.17,21.942,24.708,1.383,6,
3794,Shizuoka,2020,8/08/2021,OLY,Final,1,5,GLAETZER_Matthew,AUS,10006894559,28.97534247,32.535,32.368,33.814,0.723,1,
3795,Shizuoka,2020,8/08/2021,OLY,Final,1,6,LEVY_Maximilian,GER,10004601723,,31.509,31.238,32.844,0.803,3,
3796,Shizuoka,2020,8/08/2021,OLY,Final,2,1,WAKIMOTO_Yuta,JPN,10005964470,121.6876712,29.941,30.09,31.518,0.714,2,
3797,Shizuoka,2020,8/08/2021,OLY,Final,2,2,CARLIN_Jack,GBR,10009967641,24.30958904,30.213,30.267,31.907,0.82,1,
3798,Shizuoka,2020,8/08/2021,OLY,Final,2,3,BROWNE_Kwesi,TTO,10009010876,27.5369863,26.011,26.1,27.65,0.775,5,
3799,Shizuoka,2020,8/08/2021,OLY,Final,2,4,HELAL_Rayan,FRA,10015683567,22.56164384,28.034,27.896,29.988,1.046,3,
3800,Shizuoka,2020,8/08/2021,OLY,Final,2,5,QUINTERO_CHAVARRO_Kevin_Santiago,COL,10010830840,22.79452055,27.907,27.675,29.425,0.875,4,
3801,Roubaix,2021,24/10/2021,WCH,R1,1,1,LAVREYSEN_Harrie,NED,10009535686,24.63013699,31.858,32.093,33.973,0.94,1,
3802,Roubaix,2021,24/10/2021,WCH,R1,1,2,ANGSUTHASAWIT_Jai,THA,10009009159,26.70410959,28.651,28.884,30.876,0.996,2,
3803,Roubaix,2021,24/10/2021,WCH,R1,1,3,MARTINEZ_CHORRO_Alejandro,ESP,10011152354,23.42465753,9,21.938,30.252,4.157,7,
3804,Roubaix,2021,24/10/2021,WCH,R1,1,4,TRUMAN_Joseph,GBR,10017950943,24.70684932,27.244,27.272,29.188,0.958,3,
3805,Roubaix,2021,24/10/2021,WCH,R1,1,5,SAHROM_Muhammad_Shah_Firdaus,MAS,10009150215,25.92876712,24.851,24.875,26.583,0.854,6,
3806,Roubaix,2021,24/10/2021,WCH,R1,1,6,BARRETTE_Hugo,CAN,10007212639,30.32876712,26.434,26.336,27.752,0.708,4,
3807,Roubaix,2021,24/10/2021,WCH,R1,1,7,LENDEL_Vasilijus,LTU,10009181234,26.56164384,24.886,24.716,26.216,0.75,5,
3808,Roubaix,2021,24/10/2021,WCH,R1,2,1,YAKOVLEV_Mikhail,RCF,10034964036,121.8986301,9,26.254,36.924,5.335,5,
3809,Roubaix,2021,24/10/2021,WCH,R1,2,2,BÖTTICHER_Stefan,GER,10048325582,29.74794521,31.167,31.242,33.02,0.889,1,
3810,Roubaix,2021,24/10/2021,WCH,R1,2,3,TURNBULL_Hamish,GBR,10015483305,22.29863014,9,20.592,29.426,4.417,5,
3811,Roubaix,2021,24/10/2021,WCH,R1,2,4,QUINTERO_CHAVARRO_Kevin_Santiago,COL,10010830840,23.00547945,27.675,27.593,29.329,0.868,2,
3812,Roubaix,2021,24/10/2021,WCH,R1,2,5,JONAUSKAS_Svajūnas,LTU,10009181032,,19.887,19.989,22.581,1.296,3,
3813,Roubaix,2021,24/10/2021,WCH,R1,2,6,ZAITSAU_Artsiom,BLR,10009017243,26.46849315,19.413,18.941,22.193,1.626,4,
3814,Roubaix,2021,24/10/2021,WCH,R1,3,1,HOOGLAND_Jeffrey,NED,10007379761,28.62739726,25.095,26.095,29.145,1.525,4,
3815,Roubaix,2021,24/10/2021,WCH,R1,3,2,MATSUI_Koyu,JPN,10090680735,29.10136986,25.493,25.939,28.519,1.29,3,
3816,Roubaix,2021,24/10/2021,WCH,R1,3,3,VIGIER_Sébastien,FRA,10010678569,24.53424658,30.268,30.165,32.077,0.956,1,
3817,Roubaix,2021,24/10/2021,WCH,R1,3,4,RAMIREZ_MORALES_Santiago,COL,10009039774,27.28219178,23.722,23.867,26.619,1.376,5,
3818,Roubaix,2021,24/10/2021,WCH,R1,3,5,PONOMARYOV_Sergey,KAZ,10010797292,23.54246575,25.665,25.403,27.829,1.213,2,
3819,Roubaix,2021,24/10/2021,WCH,R1,3,6,VERDUGO_OSUNA_Edgar,MEX,10007890932,27.36712329,21.134,20.742,23.672,1.465,6,
3820,Roubaix,2021,24/10/2021,WCH,R1,4,1,PAUL_Nicholas,TTO,10010821241,23.10136986,23.784,25.736,30.148,2.206,3,
3821,Roubaix,2021,24/10/2021,WCH,R1,4,2,TJON_EN_FA_Jaïr,SUR,10117936018,28.03287671,21.942,22.689,25.361,1.336,4,
3822,Roubaix,2021,24/10/2021,WCH,R1,4,3,EILERS_Joachim,GER,10006379247,31.58356164,31.625,31.481,33.095,0.807,1,
3823,Roubaix,2021,24/10/2021,WCH,R1,4,4,HELAL_Rayan,FRA,10015683567,22.77260274,27.896,27.699,29.757,1.029,2,
3824,Roubaix,2021,24/10/2021,WCH,R1,4,5,YAMASAKI_Kento,JPN,10020900955,28.87123288,9,11.829,21.747,4.959,5,
3825,Roubaix,2021,24/10/2021,WCH,R1,4,6,SPARROW_Mitchell,RSA,10010743439,24.35068493,9,4.487,16.291,5.902,5,
3826,Roubaix,2021,24/10/2021,WCH,Rep,1,1,HELAL_Rayan,FRA,10015683567,22.77260274,27.699,27.945,29.981,1.018,1,
3827,Roubaix,2021,24/10/2021,WCH,Rep,1,2,PONOMARYOV_Sergey,KAZ,10010797292,23.54246575,25.403,25.589,27.957,1.184,2,
3828,Roubaix,2021,24/10/2021,WCH,Rep,1,3,LENDEL_Vasilijus,LTU,10009181234,26.56164384,24.716,24.719,26.213,0.747,3,
3829,Roubaix,2021,24/10/2021,WCH,Rep,1,4,ZAITSAU_Artsiom,BLR,10009017243,26.46849315,18.941,19.148,22.262,1.557,5,
3830,Roubaix,2021,24/10/2021,WCH,Rep,1,5,MARTINEZ_CHORRO_Alejandro,ESP,10011152354,23.42465753,21.938,18.032,24.762,3.365,4,
3831,Roubaix,2021,24/10/2021,WCH,Rep,2,1,BARRETTE_Hugo,CAN,10007212639,30.32876712,26.336,26.44,27.856,0.708,1,
3832,Roubaix,2021,24/10/2021,WCH,Rep,2,2,RAMIREZ_MORALES_Santiago,COL,10009039774,27.28219178,23.867,24,26.674,1.337,2,
3833,Roubaix,2021,24/10/2021,WCH,Rep,2,3,JONAUSKAS_Svajūnas,LTU,10009181032,,19.989,20.113,22.643,1.265,4,
3834,Roubaix,2021,24/10/2021,WCH,Rep,2,4,TURNBULL_Hamish,GBR,10015483305,22.29863014,20.592,17.022,24.138,3.558,3,
3835,Roubaix,2021,24/10/2021,WCH,Rep,3,1,VIGIER_Sébastien,FRA,10010678569,24.53424658,30.165,30.308,32.208,0.95,1,
3836,Roubaix,2021,24/10/2021,WCH,Rep,3,2,QUINTERO_CHAVARRO_Kevin_Santiago,COL,10010830840,23.00547945,27.593,27.613,29.337,0.862,2,
3837,Roubaix,2021,24/10/2021,WCH,Rep,3,3,SAHROM_Muhammad_Shah_Firdaus,MAS,10009150215,25.92876712,24.875,24.801,26.501,0.85,3,
3838,Roubaix,2021,24/10/2021,WCH,Rep,3,4,SPARROW_Mitchell,RSA,10010743439,24.35068493,4.487,4.433,14.847,5.207,4,
3839,Roubaix,2021,24/10/2021,WCH,Rep,4,1,YAMASAKI_Kento,JPN,10020900955,28.87123288,11.829,21.626,29.228,3.801,4,
3840,Roubaix,2021,24/10/2021,WCH,Rep,4,2,EILERS_Joachim,GER,10006379247,31.58356164,31.481,31.409,33.015,0.803,1,
3841,Roubaix,2021,24/10/2021,WCH,Rep,4,3,VERDUGO_OSUNA_Edgar,MEX,10007890932,27.36712329,20.742,21.15,23.984,1.417,3,
3842,Roubaix,2021,24/10/2021,WCH,Rep,4,4,TRUMAN_Joseph,GBR,10017950943,24.70684932,27.272,26.988,28.886,0.949,2,
3843,Roubaix,2021,24/10/2021,WCH,R2,1,1,LAVREYSEN_Harrie,NED,10009535686,24.63013699,32.093,32.323,34.185,0.931,1,
3844,Roubaix,2021,24/10/2021,WCH,R2,1,2,PAUL_Nicholas,TTO,10010821241,23.10136986,25.736,27.06,31.094,2.017,6,
3845,Roubaix,2021,24/10/2021,WCH,R2,1,3,HELAL_Rayan,FRA,10015683567,22.77260274,27.945,28.085,30.083,0.999,3,
3846,Roubaix,2021,24/10/2021,WCH,R2,1,4,MATSUI_Koyu,JPN,10090680735,29.10136986,25.939,26.098,28.596,1.249,5,
3847,Roubaix,2021,24/10/2021,WCH,R2,1,5,BÖTTICHER_Stefan,GER,10048325582,29.74794521,31.242,31.005,32.761,0.878,2,
3848,Roubaix,2021,24/10/2021,WCH,R2,1,6,BARRETTE_Hugo,CAN,10007212639,30.32876712,26.44,26.315,27.729,0.707,4,
3849,Roubaix,2021,24/10/2021,WCH,R2,2,1,HOOGLAND_Jeffrey,NED,10007379761,28.62739726,26.095,27.193,30.139,1.473,4,
3850,Roubaix,2021,24/10/2021,WCH,R2,2,2,YAKOVLEV_Mikhail,RCF,10034964036,121.8986301,26.254,28.226,35.562,3.668,3,
3851,Roubaix,2021,24/10/2021,WCH,R2,2,3,YAMASAKI_Kento,JPN,10020900955,28.87123288,21.626,24.364,30.384,3.01,6,
3852,Roubaix,2021,24/10/2021,WCH,R2,2,4,TJON_EN_FA_Jaïr,SUR,10117936018,28.03287671,22.689,23.132,25.716,1.292,5,
3853,Roubaix,2021,24/10/2021,WCH,R2,2,5,VIGIER_Sébastien,FRA,10010678569,24.53424658,30.308,30.078,31.95,0.936,1,
3854,Roubaix,2021,24/10/2021,WCH,R2,2,6,ANGSUTHASAWIT_Jai,THA,10009009159,26.70410959,28.884,28.539,30.503,0.982,2,
3855,Roubaix,2021,24/10/2021,WCH,Final,1,1,LAVREYSEN_Harrie,NED,10009535686,24.63013699,32.323,32.574,34.418,0.922,1,
3856,Roubaix,2021,24/10/2021,WCH,Final,1,2,HOOGLAND_Jeffrey,NED,10007379761,28.62739726,27.193,27.893,30.725,1.416,4,
3857,Roubaix,2021,24/10/2021,WCH,Final,1,3,YAKOVLEV_Mikhail,RCF,10034964036,121.8986301,28.226,28.578,34.446,2.934,2,
3858,Roubaix,2021,24/10/2021,WCH,Final,1,4,PAUL_Nicholas,TTO,10010821241,23.10136986,27.06,27.221,30.959,1.869,5,
3859,Roubaix,2021,24/10/2021,WCH,Final,1,5,YAMASAKI_Kento,JPN,10020900955,28.87123288,24.364,24.27,29.436,2.583,6,
3860,Roubaix,2021,24/10/2021,WCH,Final,1,6,HELAL_Rayan,FRA,10015683567,22.77260274,28.085,27.792,29.766,0.987,3,
3861,Roubaix,2021,24/10/2021,WCH,Final,2,1,BÖTTICHER_Stefan,GER,10048325582,29.74794521,31.005,31.199,32.943,0.872,1,
3862,Roubaix,2021,24/10/2021,WCH,Final,2,2,ANGSUTHASAWIT_Jai,THA,10009009159,26.70410959,28.539,28.706,30.64,0.967,3,
3863,Roubaix,2021,24/10/2021,WCH,Final,2,3,BARRETTE_Hugo,CAN,10007212639,30.32876712,26.315,26.391,27.799,0.704,4,
3864,Roubaix,2021,24/10/2021,WCH,Final,2,4,VIGIER_Sébastien,FRA,10010678569,24.53424658,30.078,29.902,31.748,0.923,2,
3865,Roubaix,2021,24/10/2021,WCH,Final,2,5,MATSUI_Koyu,JPN,10090680735,29.10136986,26.098,25.825,28.253,1.214,5,
3866,Roubaix,2021,24/10/2021,WCH,Final,2,5,TJON_EN_FA_Jaïr,SUR,10117936018,28.03287671,23.132,23.098,25.606,1.254,1,
3867,Glasgow,2022,23/04/2022,WC,R1,1,1,LAVREYSEN_Harrie,NED,10009535686,25.1260274,32.574,32.752,34.582,0.915,1,
3868,Glasgow,2022,23/04/2022,WC,R1,1,2,ANGSUTHASAWIT_Jai,THA,10009009159,27.2,28.706,28.882,30.79,0.954,3,
3869,Glasgow,2022,23/04/2022,WC,R1,1,3,CARLIN_Jack,GBR,10009967641,25.01643836,30.267,30.226,31.854,0.814,2,
3870,Glasgow,2022,23/04/2022,WC,R1,1,4,BROWNE_Kwesi,TTO,10009010876,28.24383562,26.1,26.087,27.629,0.771,4,
3871,Glasgow,2022,23/04/2022,WC,R1,1,5,SYDNEY_Je'Land,CAN,10015718327,,9,14.245,23.383,4.569,6,
3872,Glasgow,2022,23/04/2022,WC,R1,1,6,MARTINEZ_CHORRO_Alejandro,ESP,10011152354,23.92054795,18.032,16.319,22.325,3.003,5,
3873,Glasgow,2022,23/04/2022,WC,R1,2,1,QUINTERO_CHAVARRO_Kevin_Santiago,COL,10010830840,23.50136986,27.613,27.74,29.456,0.858,1,
3874,Glasgow,2022,23/04/2022,WC,R1,2,2,TJON_EN_FA_Jaïr,SUR,10117936018,28.52876712,23.098,23.309,25.755,1.223,2,
3875,Glasgow,2022,23/04/2022,WC,R1,2,3,SZALONTAY_Sándor,HUN,10007073506,31.82739726,21.926,21.946,23.654,0.854,3,
3876,Glasgow,2022,23/04/2022,WC,R1,2,4,BRETAS_Sotirios,GRE,10006063086,32.1369863,16.664,16.796,20.806,2.005,5,
3877,Glasgow,2022,23/04/2022,WC,R1,2,5,SPIES_Jean,RSA,10007351671,32.42465753,17.504,17.173,19.777,1.302,4,
3878,Glasgow,2022,23/04/2022,WC,R1,3,1,RICHARDSON_Matthew,AUS,10015145724,23.03287671,25.113,25.835,28.619,1.392,3,
3879,Glasgow,2022,23/04/2022,WC,R1,3,2,BÁBEK_Tomáš,CZE,10004612534,34.90958904,27.22,27.295,28.899,0.802,2,
3880,Glasgow,2022,23/04/2022,WC,R1,3,3,TURNBULL_Hamish,TIN,10015483305,22.79452055,17.022,19.924,25.664,2.87,6,
3881,Glasgow,2022,23/04/2022,WC,R1,3,4,MOHD_ZONIS_Muhammad_Fadhil,MAS,10010645732,24.40273973,18.958,19.76,23.698,1.969,5,
3882,Glasgow,2022,23/04/2022,WC,R1,3,5,HELAL_Rayan,FRA,10015683567,23.26849315,27.792,27.469,29.411,0.971,1,
3883,Glasgow,2022,23/04/2022,WC,R1,3,6,ROWLEY_Conor,IRL,10010664829,24.06027397,21.005,20.317,23.815,1.749,4,
3884,Glasgow,2022,23/04/2022,WC,R1,4,1,CORNISH_Thomas,AUS,10055349695,22.2,20.673,21.672,25.65,1.989,1,
3885,Glasgow,2022,23/04/2022,WC,R1,4,2,SHINZAN_Kyohei,JPN,10007827880,28.49041096,15.986,17.331,22.289,2.479,2,
3886,Glasgow,2022,23/04/2022,WC,R1,4,3,DODYK_Ryan,CAN,10064209839,25.4,9,12.118,21.608,4.745,3,
3887,Glasgow,2022,23/04/2022,WC,R1,4,4,LIVANOS_Konstantinos,GRE,10081023272,20.51232877,9,8.301,18.339,5.019,3,
3888,Glasgow,2022,23/04/2022,WC,R1,4,5,ROCHNA_Daniel,POL,10015915559,22.6630137,9,2.274,13.7,5.713,3,
3889,Glasgow,2022,23/04/2022,WC,R1,5,1,SAHROM_Muhammad_Shah_Firdaus,MAS,10009150215,26.42465753,24.801,25.13,26.816,0.843,4,
3890,Glasgow,2022,23/04/2022,WC,R1,5,2,RAJKOWSKI_Patryk,POL,10009176281,26.18356164,24.125,24.44,26.354,0.957,5,
3891,Glasgow,2022,23/04/2022,WC,R1,5,3,EILERS_Joachim,GER,10006379247,32.07945205,31.409,31.298,32.89,0.796,1,
3892,Glasgow,2022,23/04/2022,WC,R1,5,4,ELKATHCHOONGO_David,IND,10095274996,18.60273973,9,18.457,26.739,4.141,6,
3893,Glasgow,2022,23/04/2022,WC,R1,5,5,MATSUI_Koyu,RKD,10090680735,29.59726027,25.825,25.622,27.986,1.182,3,
3894,Glasgow,2022,23/04/2022,WC,R1,5,6,TRUMAN_Joseph,GBR,10017950943,25.20273973,26.988,26.663,28.539,0.938,2,
3895,Glasgow,2022,23/04/2022,WC,R1,6,1,JURCZYK_Marc,GER,10009178002,26.27123288,24.304,24.713,26.825,1.056,1,
3896,Glasgow,2022,23/04/2022,WC,R1,6,2,LANDERNEAU_Melvin,FRA,10010713329,24.58356164,9,19.642,28.468,4.413,4,
3897,Glasgow,2022,23/04/2022,WC,R1,6,3,RAMIREZ_MORALES_Santiago,COL,10009039774,27.77808219,24,24.038,26.642,1.302,2,
3898,Glasgow,2022,23/04/2022,WC,R1,6,4,ESOW_Esow,IND,10050873046,21.13424658,9,14.656,23.576,4.46,4,
3899,Glasgow,2022,23/04/2022,WC,R1,6,5,CSENG?I_Bálint,HUN,10074984418,20.46849315,9,11.819,20.967,4.574,4,
3900,Glasgow,2022,23/04/2022,WC,R1,6,6,BOHUSLÁVEK_Mat?j,CZE,10009903983,23.7260274,9,8.591,18.011,4.71,4,
3901,Glasgow,2022,23/04/2022,WC,R1,6,7,BIANCHI_Matteo,ITA,10028995102,20.51780822,10.169,8.796,14.688,2.946,3,
3902,Glasgow,2022,23/04/2022,WC,Rep,1,1,MOHD_ZONIS_Muhammad_Fadhil,MAS,10010645732,24.40273973,19.76,21.377,25.089,1.856,4,
3903,Glasgow,2022,23/04/2022,WC,Rep,1,2,TRUMAN_Joseph,GBR,10017950943,25.20273973,26.663,26.67,28.522,0.926,2,
3904,Glasgow,2022,23/04/2022,WC,Rep,1,3,SZALONTAY_Sándor,HUN,10007073506,31.82739726,21.946,22.021,23.713,0.846,3,
3905,Glasgow,2022,23/04/2022,WC,Rep,1,4,ROCHNA_Daniel,POL,10015915559,22.6630137,2.274,11.786,19.316,3.765,5,
3906,Glasgow,2022,23/04/2022,WC,Rep,1,5,ANGSUTHASAWIT_Jai,THA,10009009159,27.2,28.882,28.363,30.249,0.943,1,
3907,Glasgow,2022,23/04/2022,WC,Rep,2,1,HELAL_Rayan,FRA,10015683567,23.26849315,27.469,27.792,29.712,0.96,2,
3908,Glasgow,2022,23/04/2022,WC,Rep,2,2,CARLIN_Jack,GBR,10009967641,25.01643836,30.226,30.24,31.856,0.808,1,
3909,Glasgow,2022,23/04/2022,WC,Rep,2,3,PAUL_Nicholas,TTO,10010821241,23.59726027,27.221,27.055,30.575,1.76,3,
3910,Glasgow,2022,23/04/2022,WC,Rep,2,4,RAMIREZ_MORALES_Santiago,COL,10009039774,27.77808219,24.038,23.921,26.461,1.27,4,
3911,Glasgow,2022,23/04/2022,WC,Rep,2,5,BRETAS_Sotirios,GRE,10006063086,32.1369863,16.796,16.521,20.389,1.934,5,
3912,Glasgow,2022,23/04/2022,WC,Rep,3,1,LANDERNEAU_Melvin,FRA,10010713329,24.58356164,19.642,24.191,31.543,3.676,4,
3913,Glasgow,2022,23/04/2022,WC,Rep,3,2,RAJKOWSKI_Patryk,POL,10009176281,26.18356164,24.44,24.597,26.489,0.946,2,
3914,Glasgow,2022,23/04/2022,WC,Rep,3,3,BROWNE_Kwesi,TTO,10009010876,28.24383562,26.087,26.03,27.564,0.767,1,
3915,Glasgow,2022,23/04/2022,WC,Rep,3,4,SPIES_Jean,RSA,10007351671,32.42465753,17.173,17.397,19.933,1.268,5,
3916,Glasgow,2022,23/04/2022,WC,Rep,3,5,ROWLEY_Conor,IRL,10010664829,24.06027397,20.317,19.58,22.936,1.678,3,
3917,Glasgow,2022,23/04/2022,WC,Rep,4,1,SHINZAN_Kyohei,JPN,10007827880,28.49041096,17.331,20.116,24.682,2.283,2,
3918,Glasgow,2022,23/04/2022,WC,Rep,4,2,EILERS_Joachim,GER,10006379247,32.07945205,31.298,31.145,32.731,0.793,1,
3919,Glasgow,2022,23/04/2022,WC,Rep,4,3,ESOW_Esow,IND,10050873046,21.13424658,14.656,16.339,23.405,3.533,3,
3920,Glasgow,2022,23/04/2022,WC,Rep,4,4,BIANCHI_Matteo,ITA,10028995102,20.51780822,8.796,10.41,15.728,2.659,5,
3921,Glasgow,2022,23/04/2022,WC,Rep,4,5,SYDNEY_Je'Land,CAN,10015718327,,14.245,10.626,18.114,3.744,4,
3922,Glasgow,2022,23/04/2022,WC,Rep,5,1,BÁBEK_Tomáš,CZE,10004612534,34.90958904,27.295,27.399,29.001,0.801,1,
3923,Glasgow,2022,23/04/2022,WC,Rep,5,2,MARTINEZ_CHORRO_Alejandro,ESP,10011152354,23.92054795,16.319,18.563,23.851,2.644,3,
3924,Glasgow,2022,23/04/2022,WC,Rep,5,3,ELKATHCHOONGO_David,IND,10095274996,18.60273973,18.457,18.498,25.114,3.308,2,
3925,Glasgow,2022,23/04/2022,WC,Rep,5,4,DODYK_Ryan,CAN,10064209839,25.4,12.118,12.989,20.337,3.674,4,
3926,Glasgow,2022,23/04/2022,WC,Rep,5,5,CSENG?I_Bálint,HUN,10074984418,20.46849315,11.819,9.654,17.31,3.828,5,
3927,Glasgow,2022,23/04/2022,WC,Rep,6,1,TJON_EN_FA_Jaïr,SUR,10117936018,28.52876712,23.309,23.752,26.154,1.201,2,
3928,Glasgow,2022,23/04/2022,WC,Rep,6,2,TURNBULL_Hamish,TIN,10015483305,22.79452055,19.924,21.055,26.109,2.527,3,
3929,Glasgow,2022,23/04/2022,WC,Rep,6,3,BOHUSLÁVEK_Mat?j,CZE,10009903983,23.7260274,8.591,14.27,21.234,3.482,4,
3930,Glasgow,2022,23/04/2022,WC,Rep,6,4,MATSUI_Koyu,RKD,10090680735,29.59726027,25.622,25.153,27.471,1.159,1,
3931,Glasgow,2022,23/04/2022,WC,Rep,6,5,LIVANOS_Konstantinos,GRE,10081023272,20.51232877,8.301,7.455,15.887,4.216,5,
3932,Glasgow,2022,23/04/2022,WC,R2,1,1,RICHARDSON_Matthew,AUS,10015145724,23.03287671,25.835,26.662,29.364,1.351,3,
3933,Glasgow,2022,23/04/2022,WC,R2,1,2,LAVREYSEN_Harrie,NED,10009535686,25.1260274,32.752,32.703,34.511,0.904,1,
3934,Glasgow,2022,23/04/2022,WC,R2,1,3,SAHROM_Muhammad_Shah_Firdaus,MAS,10009150215,26.42465753,25.13,25.264,26.934,0.835,4,
3935,Glasgow,2022,23/04/2022,WC,R2,1,4,HELAL_Rayan,FRA,10015683567,23.26849315,27.792,27.693,29.585,0.946,2,
3936,Glasgow,2022,23/04/2022,WC,R2,1,5,TJON_EN_FA_Jaïr,SUR,10117936018,28.52876712,23.752,23.648,25.992,1.172,5,
3937,Glasgow,2022,23/04/2022,WC,R2,1,6,SHINZAN_Kyohei,JPN,10007827880,28.49041096,20.116,19.301,23.567,2.133,6,
3938,Glasgow,2022,23/04/2022,WC,R2,2,1,QUINTERO_CHAVARRO_Kevin_Santiago,COL,10010830840,23.50136986,27.74,27.996,29.7,0.852,1,
3939,Glasgow,2022,23/04/2022,WC,R2,2,2,LANDERNEAU_Melvin,FRA,10010713329,24.58356164,24.191,25.875,31.813,2.969,4,
3940,Glasgow,2022,23/04/2022,WC,R2,2,3,CORNISH_Thomas,AUS,10055349695,22.2,21.672,22.601,26.291,1.845,5,
3941,Glasgow,2022,23/04/2022,WC,R2,2,4,JURCZYK_Marc,GER,10009178002,26.27123288,24.713,24.745,26.815,1.035,3,
3942,Glasgow,2022,23/04/2022,WC,R2,2,5,BÁBEK_Tomáš,CZE,10004612534,34.90958904,27.399,27.237,28.827,0.795,2,
3943,Glasgow,2022,23/04/2022,WC,R2,2,6,MOHD_ZONIS_Muhammad_Fadhil,MAS,10010645732,24.40273973,21.377,20.747,24.283,1.768,6,
3944,Glasgow,2022,23/04/2022,WC,Final,1,1,LAVREYSEN_Harrie,NED,10009535686,25.1260274,32.703,32.861,34.657,0.898,1,
3945,Glasgow,2022,23/04/2022,WC,Final,1,2,QUINTERO_CHAVARRO_Kevin_Santiago,COL,10010830840,23.50136986,27.996,28.154,29.842,0.844,2,
3946,Glasgow,2022,23/04/2022,WC,Final,1,3,RICHARDSON_Matthew,AUS,10015145724,23.03287671,26.662,26.842,29.452,1.305,3,
3947,Glasgow,2022,23/04/2022,WC,Final,1,4,CORNISH_Thomas,AUS,10055349695,22.2,22.601,23.045,26.501,1.728,6,
3948,Glasgow,2022,23/04/2022,WC,Final,1,5,SAHROM_Muhammad_Shah_Firdaus,MAS,10009150215,26.42465753,25.264,25.204,26.86,0.828,5,
3949,Glasgow,2022,23/04/2022,WC,Final,1,6,LANDERNEAU_Melvin,FRA,10010713329,24.58356164,25.875,23.297,28.499,2.601,4,
3950,Glasgow,2022,23/04/2022,WC,Final,2,1,JURCZYK_Marc,GER,10009178002,26.27123288,24.745,25.173,27.211,1.019,3,
3951,Glasgow,2022,23/04/2022,WC,Final,2,2,HELAL_Rayan,FRA,10015683567,23.26849315,27.693,27.767,29.633,0.933,1,
3952,Glasgow,2022,23/04/2022,WC,Final,2,3,TJON_EN_FA_Jaïr,SUR,10117936018,28.52876712,23.648,23.845,26.129,1.142,4,
3953,Glasgow,2022,23/04/2022,WC,Final,2,4,BÁBEK_Tomáš,CZE,10004612534,34.90958904,27.237,27.129,28.707,0.789,2,
3954,Glasgow,2022,23/04/2022,WC,Final,2,5,MOHD_ZONIS_Muhammad_Fadhil,MAS,10010645732,24.40273973,20.747,20.64,23.984,1.672,5,
3955,Glasgow,2022,23/04/2022,WC,Final,2,6,SHINZAN_Kyohei,JPN,10007827880,28.49041096,19.301,18.478,22.488,2.005,6,
3956,Milton,2022,14/05/2022,WC,R1,1,1,CARLIN_Jack,TIN,10009967641,25.0739726,30.24,30.35,31.964,0.807,1,
3957,Milton,2022,14/05/2022,WC,R1,1,2,HOOGLAND_Jeffrey,NED,10007379761,29.18082192,27.893,27.871,30.641,1.385,2,
3958,Milton,2022,14/05/2022,WC,R1,1,3,BOONE_Evan,USA,10072398356,21.96438356,9,13.13,23.812,5.341,3,
3959,Milton,2022,14/05/2022,WC,R1,1,4,JIMENEZ_ELIZONDO_Ekain,EUS,10041041993,20.90684932,9,5.231,17.687,6.228,3,
3960,Milton,2022,14/05/2022,WC,R1,2,1,QUINTERO_CHAVARRO_Kevin_Santiago,COL,10010830840,23.55890411,28.154,28.348,30.026,0.839,1,
3961,Milton,2022,14/05/2022,WC,R1,2,2,SARNECKI_Rafal,POL,10005953154,32.36712329,24.3,24.848,27.848,1.5,4,
3962,Milton,2022,14/05/2022,WC,R1,2,3,CANELON_VERA_Hersony_Gadiel,VEN,10004717719,33.45205479,24.747,24.818,26.39,0.786,3,
3963,Milton,2022,14/05/2022,WC,R1,2,4,TERASAKI_Kohei,RKD,10010592279,28.37534247,9,17.034,25.428,4.197,6,
3964,Milton,2022,14/05/2022,WC,R1,2,5,BÁBEK_Tomáš,CZE,10004612534,34.96712329,27.129,26.942,28.51,0.784,2,
3965,Milton,2022,14/05/2022,WC,R1,2,6,MARTINEZ_CHORRO_Alejandro,ESP,10011152354,23.97808219,18.563,17.558,22.398,2.42,5,
3966,Milton,2022,14/05/2022,WC,R1,3,1,RICHARDSON_Matthew,AUS,10015145724,23.09041096,26.842,27.279,29.847,1.284,1,
3967,Milton,2022,14/05/2022,WC,R1,3,2,NAKANO_Shinji,JPN,10021114658,22.94794521,9,19.652,28.794,4.571,4,
3968,Milton,2022,14/05/2022,WC,R1,3,3,JONAUSKAS_Svaj?nas,LTU,10009181032,27.38082192,9,16.933,25.887,4.477,4,
3969,Milton,2022,14/05/2022,WC,R1,3,4,SPIES_Jean,RSA,10007351671,32.48219178,17.397,17.685,20.161,1.238,3,
3970,Milton,2022,14/05/2022,WC,R1,3,5,QUINN_Thomas,USA,10016222121,22.0109589,9,12.123,20.883,4.38,4,
3971,Milton,2022,14/05/2022,WC,R1,3,6,SZALONTAY_Sándor,HUN,10007073506,31.88493151,22.021,21.756,23.438,0.841,2,
3972,Milton,2022,14/05/2022,WC,R1,4,1,DODYK_Ryan,CAN,10064209839,25.45753425,12.989,19.353,25.533,3.09,4,
3973,Milton,2022,14/05/2022,WC,R1,4,2,ČECHMAN_Martin,CZE,10010166590,23.58082192,9,19.609,28.323,4.357,6,
3974,Milton,2022,14/05/2022,WC,R1,4,3,OBARA_Yuta,JPN,10010773549,26.22191781,23.509,23.608,26.392,1.392,2,
3975,Milton,2022,14/05/2022,WC,R1,4,4,ROCHNA_Daniel,POL,10015915559,22.72054795,11.786,15.271,21.255,2.992,5,
3976,Milton,2022,14/05/2022,WC,R1,4,5,VERDUGO_OSUNA_Edgar,MEX,10007890932,27.92054795,21.15,20.973,23.705,1.366,3,
3977,Milton,2022,14/05/2022,WC,R1,4,6,LENDEL_Vasilijus,LTU,10009181234,27.11506849,24.719,24.483,25.971,0.744,1,
3978,Milton,2022,14/05/2022,WC,R1,5,1,YAMASAKI_Kento,RKD,10020900955,29.42465753,24.27,26.581,31.299,2.359,4,
3979,Milton,2022,14/05/2022,WC,R1,5,2,BÖTTICHER_Stefan,GER,10048325582,30.30136986,31.199,31.196,32.924,0.864,1,
3980,Milton,2022,14/05/2022,WC,R1,5,3,PERALTA_Juan,ESP,10006552534,32.01369863,24.763,24.851,26.323,0.736,3,
3981,Milton,2022,14/05/2022,WC,R1,5,4,BROWNE_Kwesi,TTO,10009010876,28.30136986,26.03,25.988,27.514,0.763,2,
3982,Milton,2022,14/05/2022,WC,R1,5,5,LOVASSY_Patrik_Rómeó,HUN,10061956813,20.53972603,9,14.374,23.18,4.403,6,
3983,Milton,2022,14/05/2022,WC,R1,5,6,TURNBULL_Hamish,GBR,10015483305,22.85205479,21.055,19.572,24.236,2.332,5,
3984,Milton,2022,14/05/2022,WC,R1,6,1,GLAETZER_Matthew,AUS,10006894559,29.73972603,32.368,32.425,33.873,0.724,1,
3985,Milton,2022,14/05/2022,WC,R1,6,2,RAMIREZ_MORALES_Santiago,COL,10009039774,27.83561644,23.921,24.3,26.776,1.238,3,
3986,Milton,2022,14/05/2022,WC,R1,6,3,ZHOU_Yu,CHN,10052089586,23.36986301,19.164,19.818,22.712,1.447,4,
3987,Milton,2022,14/05/2022,WC,R1,6,4,RUIZ_TERAN_Juan,MEX,10064034229,21.60547945,9,15.959,24.525,4.283,5,
3988,Milton,2022,14/05/2022,WC,R1,6,5,HEDGCOCK_James,CAN,10048888990,20.50684932,9,13.92,22.57,4.325,5,
3989,Milton,2022,14/05/2022,WC,R1,6,6,TRUMAN_Joseph,TIN,10017950943,25.26027397,26.67,26.256,28.09,0.917,2,
3990,Milton,2022,14/05/2022,WC,Rep,1,1,ZHOU_Yu,CHN,10052089586,23.36986301,19.818,20.808,23.602,1.397,5,
3991,Milton,2022,14/05/2022,WC,Rep,1,2,SZALONTAY_Sándor,HUN,10007073506,31.88493151,21.756,21.959,23.625,0.833,3,
3992,Milton,2022,14/05/2022,WC,Rep,1,3,HOOGLAND_Jeffrey,NED,10007379761,29.18082192,27.871,27.516,30.186,1.335,1,
3993,Milton,2022,14/05/2022,WC,Rep,1,4,BROWNE_Kwesi,TTO,10009010876,28.30136986,25.988,25.863,27.381,0.759,2,
3994,Milton,2022,14/05/2022,WC,Rep,1,5,VERDUGO_OSUNA_Edgar,MEX,10007890932,27.92054795,20.973,20.625,23.289,1.332,4,
3995,Milton,2022,14/05/2022,WC,Rep,2,1,LENDEL_Vasilijus,LTU,10009181234,27.11506849,24.483,24.649,26.135,0.743,2,
3996,Milton,2022,14/05/2022,WC,Rep,2,2,SARNECKI_Rafal,POL,10005953154,32.36712329,24.848,24.939,27.835,1.448,1,
3997,Milton,2022,14/05/2022,WC,Rep,2,3,BOONE_Evan,USA,10072398356,21.96438356,13.13,16.521,24.057,3.768,5,
3998,Milton,2022,14/05/2022,WC,Rep,2,4,LOVASSY_Patrik_Rómeó,HUN,10061956813,20.53972603,14.374,14.935,21.859,3.462,4,
3999,Milton,2022,14/05/2022,WC,Rep,2,5,RUIZ_TERAN_Juan,MEX,10064034229,21.60547945,15.959,13.201,20.341,3.57,3,
4000,Milton,2022,14/05/2022,WC,Rep,3,1,TURNBULL_Hamish,GBR,10015483305,22.85205479,19.572,21.081,25.463,2.191,2,
4001,Milton,2022,14/05/2022,WC,Rep,3,2,CANELON_VERA_Hersony_Gadiel,VEN,10004717719,33.45205479,24.818,24.781,26.349,0.784,1,
4002,Milton,2022,14/05/2022,WC,Rep,3,3,HEDGCOCK_James,CAN,10048888990,20.50684932,13.92,14.176,21.302,3.563,3,
4003,Milton,2022,14/05/2022,WC,Rep,3,4,JIMENEZ_ELIZONDO_Ekain,EUS,10041041993,20.90684932,5.231,3.995,14.121,5.063,4,
4004,Milton,2022,14/05/2022,WC,Rep,4,1,TRUMAN_Joseph,TIN,10017950943,25.26027397,26.256,26.461,28.285,0.912,1,
4005,Milton,2022,14/05/2022,WC,Rep,4,2,ČECHMAN_Martin,CZE,10010166590,23.58082192,19.609,21.316,28.236,3.46,2,
4006,Milton,2022,14/05/2022,WC,Rep,4,3,TERASAKI_Kohei,RKD,10010592279,28.37534247,17.034,17.842,24.692,3.425,3,
4007,Milton,2022,14/05/2022,WC,Rep,4,4,JONAUSKAS_Svaj?nas,LTU,10009181032,27.38082192,16.933,14.684,22.212,3.764,4,
4008,Milton,2022,14/05/2022,WC,Rep,5,1,BÖTTICHER_Stefan,GER,10048325582,30.30136986,31.196,31.263,32.987,0.862,1,
4009,Milton,2022,14/05/2022,WC,Rep,5,2,SPIES_Jean,RSA,10007351671,32.48219178,17.685,18.4,20.812,1.206,4,
4010,Milton,2022,14/05/2022,WC,Rep,5,3,BÁBEK_Tomáš,CZE,10004612534,34.96712329,26.942,26.854,28.412,0.779,2,
4011,Milton,2022,14/05/2022,WC,Rep,5,4,MARTINEZ_CHORRO_Alejandro,ESP,10011152354,23.97808219,17.558,18.074,22.45,2.188,5,
4012,Milton,2022,14/05/2022,WC,Rep,5,5,OBARA_Yuta,JPN,10010773549,26.22191781,23.608,22.992,25.698,1.353,3,
4013,Milton,2022,14/05/2022,WC,Rep,6,1,RAMIREZ_MORALES_Santiago,COL,10009039774,27.83561644,24.3,24.614,27.052,1.219,2,
4014,Milton,2022,14/05/2022,WC,Rep,6,2,ROCHNA_Daniel,POL,10015915559,22.72054795,15.271,17.481,22.723,2.621,3,
4015,Milton,2022,14/05/2022,WC,Rep,6,3,PERALTA_Juan,ESP,10006552534,32.01369863,24.851,24.732,26.202,0.735,1,
4016,Milton,2022,14/05/2022,WC,Rep,6,4,QUINN_Thomas,USA,10016222121,22.0109589,12.123,11.037,18.517,3.74,4,
4017,Milton,2022,14/05/2022,WC,R2,1,1,CARLIN_Jack,TIN,10009967641,25.0739726,30.35,30.534,32.14,0.803,2,
4018,Milton,2022,14/05/2022,WC,R2,1,2,GLAETZER_Matthew,AUS,10006894559,29.73972603,32.425,32.407,33.851,0.722,1,
4019,Milton,2022,14/05/2022,WC,R2,1,3,RAMIREZ_MORALES_Santiago,COL,10009039774,27.83561644,24.614,24.858,27.232,1.187,4,
4020,Milton,2022,14/05/2022,WC,R2,1,4,LENDEL_Vasilijus,LTU,10009181234,27.11506849,24.649,24.66,26.14,0.74,3,
4021,Milton,2022,14/05/2022,WC,R2,1,5,DODYK_Ryan,CAN,10064209839,25.45753425,19.353,19.417,24.713,2.648,6,
4022,Milton,2022,14/05/2022,WC,R2,1,6,TURNBULL_Hamish,GBR,10015483305,22.85205479,21.081,20.07,24.174,2.052,5,
4023,Milton,2022,14/05/2022,WC,R2,2,1,QUINTERO_CHAVARRO_Kevin_Santiago,COL,10010830840,23.55890411,28.348,28.61,30.276,0.833,2,
4024,Milton,2022,14/05/2022,WC,R2,2,2,RICHARDSON_Matthew,AUS,10015145724,23.09041096,27.279,27.657,30.147,1.245,3,
4025,Milton,2022,14/05/2022,WC,R2,2,3,BÖTTICHER_Stefan,GER,10048325582,30.30136986,31.263,31.195,32.901,0.853,1,
4026,Milton,2022,14/05/2022,WC,R2,2,4,TRUMAN_Joseph,TIN,10017950943,25.26027397,26.461,26.481,28.281,0.9,5,
4027,Milton,2022,14/05/2022,WC,R2,2,5,YAMASAKI_Kento,RKD,10020900955,29.42465753,26.581,25.592,29.868,2.138,4,
4028,Milton,2022,14/05/2022,WC,R2,2,6,ZHOU_Yu,CHN,10052089586,23.36986301,20.808,20.564,23.296,1.366,6,
4029,Milton,2022,14/05/2022,WC,Final,1,1,QUINTERO_CHAVARRO_Kevin_Santiago,COL,10010830840,23.55890411,28.61,28.895,30.549,0.827,4,
4030,Milton,2022,14/05/2022,WC,Final,1,2,RICHARDSON_Matthew,AUS,10015145724,23.09041096,27.657,28.082,30.498,1.208,5,
4031,Milton,2022,14/05/2022,WC,Final,1,3,BÖTTICHER_Stefan,GER,10048325582,30.30136986,31.195,31.187,32.873,0.843,2,
4032,Milton,2022,14/05/2022,WC,Final,1,4,RAMIREZ_MORALES_Santiago,COL,10009039774,27.83561644,24.858,25.13,27.438,1.154,6,
4033,Milton,2022,14/05/2022,WC,Final,1,5,GLAETZER_Matthew,AUS,10006894559,29.73972603,32.407,32.239,33.677,0.719,1,
4034,Milton,2022,14/05/2022,WC,Final,1,6,CARLIN_Jack,TIN,10009967641,25.0739726,30.534,30.288,31.884,0.798,3,
4035,Milton,2022,14/05/2022,WC,Final,2,1,YAMASAKI_Kento,RKD,10020900955,29.42465753,25.592,26.838,30.864,2.013,2,
4036,Milton,2022,14/05/2022,WC,Final,2,2,TRUMAN_Joseph,TIN,10017950943,25.26027397,26.481,26.601,28.381,0.89,1,
4037,Milton,2022,14/05/2022,WC,Final,2,3,DODYK_Ryan,CAN,10064209839,25.45753425,19.417,20.822,25.488,2.333,6,
4038,Milton,2022,14/05/2022,WC,Final,2,4,LENDEL_Vasilijus,LTU,10009181234,27.11506849,24.66,24.626,26.098,0.736,3,
4039,Milton,2022,14/05/2022,WC,Final,2,5,TURNBULL_Hamish,GBR,10015483305,22.85205479,20.07,19.913,23.719,1.903,5,
4040,Milton,2022,14/05/2022,WC,Final,2,6,ZHOU_Yu,CHN,10052089586,23.36986301,20.564,20.136,22.798,1.331,4,
4041,Cali,2022,9/07/2022,WC,R1,1,1,LAVREYSEN_Harrie,NED,10009535686,25.3369863,32.861,32.939,34.733,0.897,1,
4042,Cali,2022,9/07/2022,WC,R1,1,2,XUE_Chenxi,CHN,10129788610,21.46027397,9,18.763,28.681,4.959,4,
4043,Cali,2022,9/07/2022,WC,R1,1,3,HEDGCOCK_James,CAN,10048888990,20.66027397,14.176,16.362,22.486,3.062,3,
4044,Cali,2022,9/07/2022,WC,R1,1,4,MARTINEZ_CHORRO_Alejandro,ESP,10011152354,24.13150685,18.074,17.791,21.933,2.071,2,
4045,Cali,2022,9/07/2022,WC,R1,1,5,KALOGEROPOULOS_Ioannis,GRE,10009073524,28.50958904,9,4.465,15.815,5.675,4,
4046,Cali,2022,9/07/2022,WC,R1,2,1,HOOGLAND_Jeffrey,NED,10007379761,29.33424658,27.516,27.917,30.533,1.308,1,
4047,Cali,2022,9/07/2022,WC,R1,2,2,PONOMARYOV_Sergey,KAZ,10010797292,24.24931507,25.589,25.753,28.073,1.16,2,
4048,Cali,2022,9/07/2022,WC,R1,2,3,LENDEL_Vasilijus,LTU,10009181234,27.26849315,24.626,24.626,26.094,0.734,3,
4049,Cali,2022,9/07/2022,WC,R1,2,4,VILAR_Lucas_Oscar,ARG,10050089669,21.96712329,9,13.408,22.69,4.641,4,
4050,Cali,2022,9/07/2022,WC,R1,2,5,LEANDRO_MADRIGAL_Nayib,CRC,10060341054,25.64931507,9,9.247,19.231,4.992,4,
4051,Cali,2022,9/07/2022,WC,R1,2,6,REID_Malik,JAM,10057795513,20.33424658,9,2.902,14.4,5.749,4,
4052,Cali,2022,9/07/2022,WC,R1,3,1,QUINTERO_CHAVARRO_Kevin_Santiago,COL,10010830840,23.71232877,28.895,29.052,30.698,0.823,1,
4053,Cali,2022,9/07/2022,WC,R1,3,2,BROWNE_Kwesi,TTO,10009010876,28.45479452,25.863,25.968,27.478,0.755,3,
4054,Cali,2022,9/07/2022,WC,R1,3,3,VERDUGO_OSUNA_Edgar,MEX,10007890932,28.0739726,20.625,21.104,23.68,1.288,5,
4055,Cali,2022,9/07/2022,WC,R1,3,4,MORENO_SANCHEZ_Jose,ESP,10007502427,28.65753425,23.149,23.188,25.72,1.266,4,
4056,Cali,2022,9/07/2022,WC,R1,3,5,RAMIREZ_GOMEZ_Vicente,CHI,10092839892,21.02191781,9,14.949,23.355,4.203,6,
4057,Cali,2022,9/07/2022,WC,R1,3,6,WEBSTER_Sam,NZL,10006184742,31.00273973,28.737,28.261,30.131,0.935,2,
4058,Cali,2022,9/07/2022,WC,R1,4,1,BÖTTICHER_Stefan,GER,10048325582,30.45479452,31.187,31.291,32.971,0.84,1,
4059,Cali,2022,9/07/2022,WC,R1,4,2,TJON_EN_FA_Jaïr,SUR,10117936018,28.73972603,23.845,24.174,26.414,1.12,3,
4060,Cali,2022,9/07/2022,WC,R1,4,3,TO_Cheuk_Hei,HKG,10063279447,22.99452055,9,18.057,26.677,4.31,5,
4061,Cali,2022,9/07/2022,WC,R1,4,4,CANELON_VERA_Hersony_Gadiel,VEN,10004717719,33.60547945,24.781,24.712,26.272,0.78,2,
4062,Cali,2022,9/07/2022,WC,R1,4,5,ZHOU_Yu,CHN,10052089586,23.52328767,20.136,19.978,22.574,1.298,4,
4063,Cali,2022,9/07/2022,WC,R1,4,6,CORDON_PAZ_Luis,GUA,10010931880,25.32876712,9,4.832,16.032,5.6,5,
4064,Cali,2022,9/07/2022,WC,R1,5,1,PAUL_Nicholas,TTO,10010821241,23.80821918,27.055,27.914,31.292,1.689,2,
4065,Cali,2022,9/07/2022,WC,R1,5,2,ANGSUTHASAWIT_Jai,THA,10009009159,27.4109589,28.363,28.439,30.301,0.931,1,
4066,Cali,2022,9/07/2022,WC,R1,5,3,DÖRNBACH_Maximilian,GER,10007779683,26.55890411,25.882,25.909,28.505,1.298,3,
4067,Cali,2022,9/07/2022,WC,R1,5,4,BRETAS_Sotirios,GRE,10006063086,32.34794521,16.521,17.497,21.103,1.803,6,
4068,Cali,2022,9/07/2022,WC,R1,5,5,BOTTASSO_Leandro,ARG,10010894696,36.23561644,21.034,20.996,22.968,0.986,4,
4069,Cali,2022,9/07/2022,WC,R1,5,6,RUIZ_TERAN_Juan,MEX,10064034229,21.75890411,13.201,13.85,19.694,2.922,7,
4070,Cali,2022,9/07/2022,WC,R1,5,7,PINEDA_Brandon,GUA,10010829830,24.50410959,18.213,16.632,21.16,2.264,5,
4071,Cali,2022,9/07/2022,WC,R1,6,1,RAMIREZ_MORALES_Santiago,COL,10009039774,27.9890411,25.13,25.549,27.821,1.136,2,
4072,Cali,2022,9/07/2022,WC,R1,6,2,LANDERNEAU_Melvin,FRA,10010713329,24.79452055,23.297,24.027,28.703,2.338,3,
4073,Cali,2022,9/07/2022,WC,R1,6,3,DAKIN_Sam,NZL,10010624918,25.86027397,25.814,25.559,28.557,1.499,1,
4074,Cali,2022,9/07/2022,WC,R1,6,4,JONAUSKAS_Svaj?nas,LTU,10009181032,27.53424658,14.684,15.225,21.657,3.216,4,
4075,Cali,2022,9/07/2022,WC,R1,6,5,CHUGAY_Andrey,KAZ,10023551075,22.49041096,9,4.794,16.346,5.776,5,
4076,Cali,2022,9/07/2022,WC,Rep,1,1,DAKIN_Sam,NZL,10010624918,25.86027397,25.559,25.976,28.904,1.464,1,
4077,Cali,2022,9/07/2022,WC,Rep,1,2,BRETAS_Sotirios,GRE,10006063086,32.34794521,17.497,18.547,21.975,1.714,3,
4078,Cali,2022,9/07/2022,WC,Rep,1,3,XUE_Chenxi,CHN,10129788610,21.46027397,18.763,18.633,25.823,3.595,2,
4079,Cali,2022,9/07/2022,WC,Rep,1,4,RAMIREZ_GOMEZ_Vicente,CHI,10092839892,21.02191781,14.949,15.218,21.858,3.32,5,
4080,Cali,2022,9/07/2022,WC,Rep,1,5,PINEDA_Brandon,GUA,10010829830,24.50410959,16.632,15.76,20.026,2.133,4,
4081,Cali,2022,9/07/2022,WC,Rep,2,1,PONOMARYOV_Sergey,KAZ,10010797292,24.24931507,25.753,25.965,28.257,1.146,1,
4082,Cali,2022,9/07/2022,WC,Rep,2,2,BOTTASSO_Leandro,ARG,10010894696,36.23561644,20.996,21.148,23.096,0.974,2,
4083,Cali,2022,9/07/2022,WC,Rep,2,3,JONAUSKAS_Svaj?nas,LTU,10009181032,27.53424658,15.225,16.158,21.682,2.762,4,
4084,Cali,2022,9/07/2022,WC,Rep,2,4,HEDGCOCK_James,CAN,10048888990,20.66027397,16.362,15.509,20.917,2.704,3,
4085,Cali,2022,9/07/2022,WC,Rep,2,5,CORDON_PAZ_Luis,GUA,10010931880,25.32876712,4.832,3.673,12.831,4.579,5,
4086,Cali,2022,9/07/2022,WC,Rep,3,1,CHUGAY_Andrey,KAZ,10023551075,22.49041096,4.794,17.975,26.179,4.102,5,
4087,Cali,2022,9/07/2022,WC,Rep,3,2,BROWNE_Kwesi,TTO,10009010876,28.45479452,25.968,25.977,27.481,0.752,1,
4088,Cali,2022,9/07/2022,WC,Rep,3,3,MARTINEZ_CHORRO_Alejandro,ESP,10011152354,24.13150685,17.791,18.538,22.384,1.923,3,
4089,Cali,2022,9/07/2022,WC,Rep,3,4,LENDEL_Vasilijus,LTU,10009181234,27.26849315,24.626,24.486,25.95,0.732,2,
4090,Cali,2022,9/07/2022,WC,Rep,3,5,RUIZ_TERAN_Juan,MEX,10064034229,21.75890411,13.85,13.141,18.491,2.675,4,
4091,Cali,2022,9/07/2022,WC,Rep,4,1,TJON_EN_FA_Jaïr,SUR,10117936018,28.73972603,24.174,24.44,26.654,1.107,1,
4092,Cali,2022,9/07/2022,WC,Rep,4,2,VILAR_Lucas_Oscar,ARG,10050089669,21.96712329,13.408,17.108,24.21,3.551,3,
4093,Cali,2022,9/07/2022,WC,Rep,4,3,VERDUGO_OSUNA_Edgar,MEX,10007890932,28.0739726,21.104,20.981,23.503,1.261,2,
4094,Cali,2022,9/07/2022,WC,Rep,4,4,KALOGEROPOULOS_Ioannis,GRE,10009073524,28.50958904,4.465,7.685,16.163,4.239,5,
4095,Cali,2022,9/07/2022,WC,Rep,4,5,ELSENFAWI_Ahmed,EGY,10088465091,20.20273973,9,2.243,13.505,5.631,4,
4096,Cali,2022,9/07/2022,WC,Rep,5,1,ANGSUTHASAWIT_Jai,THA,10009009159,27.4109589,28.439,28.641,30.489,0.924,1,
4097,Cali,2022,9/07/2022,WC,Rep,5,2,WEBSTER_Sam,NZL,10006184742,31.00273973,28.261,28.279,30.129,0.925,2,
4098,Cali,2022,9/07/2022,WC,Rep,5,3,MORENO_SANCHEZ_Jose,ESP,10007502427,28.65753425,23.188,23.276,25.748,1.236,3,
4099,Cali,2022,9/07/2022,WC,Rep,5,4,TO_Cheuk_Hei,HKG,10063279447,22.99452055,18.057,17.332,24.236,3.452,4,
4100,Cali,2022,9/07/2022,WC,Rep,5,5,LEANDRO_MADRIGAL_Nayib,CRC,10060341054,25.64931507,9.247,8.268,16.752,4.242,5,
4101,Cali,2022,9/07/2022,WC,Rep,6,1,ZHOU_Yu,CHN,10052089586,23.52328767,19.978,20.781,23.311,1.265,4,
4102,Cali,2022,9/07/2022,WC,Rep,6,2,DÖRNBACH_Maximilian,GER,10007779683,26.55890411,25.909,25.948,28.47,1.261,1,
4103,Cali,2022,9/07/2022,WC,Rep,6,3,LANDERNEAU_Melvin,FRA,10010713329,24.79452055,24.027,23.64,27.894,2.127,3,
4104,Cali,2022,9/07/2022,WC,Rep,6,4,REID_Malik,JAM,10057795513,20.33424658,2.902,11.515,19.201,3.843,5,
4105,Cali,2022,9/07/2022,WC,Rep,6,5,CANELON_VERA_Hersony_Gadiel,VEN,10004717719,33.60547945,24.712,24.464,26.018,0.777,2,
4106,Cali,2022,9/07/2022,WC,R2,1,1,BÖTTICHER_Stefan,GER,10048325582,30.45479452,31.291,31.483,33.153,0.835,2,
4107,Cali,2022,9/07/2022,WC,R2,1,2,PONOMARYOV_Sergey,KAZ,10010797292,24.24931507,25.965,26.417,28.655,1.119,4,
4108,Cali,2022,9/07/2022,WC,R2,1,3,ANGSUTHASAWIT_Jai,THA,10009009159,27.4109589,28.641,28.717,30.539,0.911,3,
4109,Cali,2022,9/07/2022,WC,R2,1,4,LAVREYSEN_Harrie,NED,10009535686,25.3369863,32.939,32.721,34.493,0.886,1,
4110,Cali,2022,9/07/2022,WC,R2,1,5,RAMIREZ_MORALES_Santiago,COL,10009039774,27.9890411,25.549,25.487,27.709,1.111,5,
4111,Cali,2022,9/07/2022,WC,R2,1,6,TJON_EN_FA_Jaïr,SUR,10117936018,28.73972603,24.44,24.186,26.366,1.09,6,
4112,Cali,2022,9/07/2022,WC,R2,2,1,PAUL_Nicholas,TTO,10010821241,23.80821918,27.914,28.656,31.912,1.628,2,
4113,Cali,2022,9/07/2022,WC,R2,2,2,DAKIN_Sam,NZL,10010624918,25.86027397,25.976,26.368,29.194,1.413,3,
4114,Cali,2022,9/07/2022,WC,R2,2,3,QUINTERO_CHAVARRO_Kevin_Santiago,COL,10010830840,23.71232877,29.052,28.979,30.613,0.817,1,
4115,Cali,2022,9/07/2022,WC,R2,2,4,CHUGAY_Andrey,KAZ,10023551075,22.49041096,17.975,18.838,25.36,3.261,5,
4116,Cali,2022,9/07/2022,WC,R2,2,5,ZHOU_Yu,CHN,10052089586,23.52328767,20.781,20.534,23.022,1.244,4,
4117,Cali,2022,9/07/2022,WC,Final,1,1,PAUL_Nicholas,TTO,10010821241,23.80821918,28.656,29.565,32.691,1.563,4,
4118,Cali,2022,9/07/2022,WC,Final,1,2,ANGSUTHASAWIT_Jai,THA,10009009159,27.4109589,28.717,28.915,30.713,0.899,3,
4119,Cali,2022,9/07/2022,WC,Final,1,3,DAKIN_Sam,NZL,10010624918,25.86027397,26.368,26.755,29.469,1.357,6,
4120,Cali,2022,9/07/2022,WC,Final,1,4,BÖTTICHER_Stefan,GER,10048325582,30.45479452,31.483,31.365,33.019,0.827,1,
4121,Cali,2022,9/07/2022,WC,Final,1,5,PONOMARYOV_Sergey,KAZ,10010797292,24.24931507,26.417,26.361,28.549,1.094,5,
4122,Cali,2022,9/07/2022,WC,Final,1,6,QUINTERO_CHAVARRO_Kevin_Santiago,COL,10010830840,23.71232877,28.979,28.744,30.368,0.812,2,
4123,Cali,2022,9/07/2022,WC,Final,2,1,LAVREYSEN_Harrie,NED,10009535686,25.3369863,32.721,32.829,34.593,0.882,1,
4124,Cali,2022,9/07/2022,WC,Final,2,2,RAMIREZ_MORALES_Santiago,COL,10009039774,27.9890411,25.487,25.785,27.963,1.089,3,
4125,Cali,2022,9/07/2022,WC,Final,2,3,ZHOU_Yu,CHN,10052089586,23.52328767,20.534,21.047,23.463,1.208,5,
4126,Cali,2022,9/07/2022,WC,Final,2,4,HOOGLAND_Jeffrey,NED,10007379761,29.33424658,27.917,27.61,30.142,1.266,2,
4127,Cali,2022,9/07/2022,WC,Final,2,5,TJON_EN_FA_Jaïr,SUR,10117936018,28.73972603,24.186,24.031,26.169,1.069,4,
4128,Cali,2022,9/07/2022,WC,Final,2,6,CHUGAY_Andrey,KAZ,10023551075,22.49041096,18.838,17.279,22.991,2.856,6,
4129,Birmingham,2022,30/07/2022,CWG,R1,1,1,GLAETZER_Matthew,AUS,10006894559,29.95068493,32.239,32.335,33.773,0.719,1,
4130,Birmingham,2022,30/07/2022,CWG,R1,1,2,SAUNDERS_Callum,NZL,10009012391,122.6630137,28.224,28.453,31.099,1.323,2,
4131,Birmingham,2022,30/07/2022,CWG,R1,1,3,TRUMAN_Joseph,ENG,10017950943,25.47123288,26.601,26.642,28.404,0.881,3,
4132,Birmingham,2022,30/07/2022,CWG,R1,1,4,BROWNE_Kwesi,TTO,10009010876,28.51232877,25.977,25.917,27.417,0.75,4,
4133,Birmingham,2022,30/07/2022,CWG,R1,1,5,SAHROM_Muhammad_Ridwan,MAS,10049101683,21.41369863,9,11.459,21.367,4.954,5,
4134,Birmingham,2022,30/07/2022,CWG,R1,1,6,RORKE_Tyler,CAN,10048224138,19.18630137,9,4.273,16.015,5.871,5,
4135,Birmingham,2022,30/07/2022,CWG,R1,2,1,PAUL_Nicholas,TTO,10010821241,23.86575342,29.565,30.059,33.101,1.521,1,
4136,Birmingham,2022,30/07/2022,CWG,R1,2,2,WEBSTER_Sam,NZL,10006184742,31.06027397,28.279,28.35,30.182,0.916,2,
4137,Birmingham,2022,30/07/2022,CWG,R1,2,3,CORNISH_Thomas,AUS,10055349695,22.46849315,23.045,23.336,26.628,1.646,3,
4138,Birmingham,2022,30/07/2022,CWG,R1,2,4,ELKATHCHOONGO_David,IND,10095274996,18.87123288,18.498,18.915,24.579,2.832,4,
4139,Birmingham,2022,30/07/2022,CWG,R1,2,5,NORRIS_Hayden,ENG,10083501624,19.95342466,9,11.102,20.548,4.723,6,
4140,Birmingham,2022,30/07/2022,CWG,R1,2,6,REID_Malik,JAM,10057795513,20.39178082,11.515,10.05,16.86,3.405,5,
4141,Birmingham,2022,30/07/2022,CWG,R1,3,1,TURNBULL_Hamish,ENG,10015483305,23.0630137,19.913,21.803,25.391,1.794,4,
4142,Birmingham,2022,30/07/2022,CWG,R1,3,2,CARLIN_Jack,SCO,10009967641,25.28493151,30.288,30.256,31.842,0.793,1,
4143,Birmingham,2022,30/07/2022,CWG,R1,3,3,RICHARDSON_Matthew,AUS,10015145724,23.30136986,28.082,27.94,30.294,1.177,2,
4144,Birmingham,2022,30/07/2022,CWG,R1,3,4,WAMMES_Nick,CAN,10015713273,22.7890411,19.331,19.796,23.78,1.992,5,
4145,Birmingham,2022,30/07/2022,CWG,R1,3,5,MOHD_ZONIS_Muhammad_Fadhil,MAS,10010645732,24.67123288,20.64,20.329,23.537,1.604,3,
4146,Birmingham,2022,30/07/2022,CWG,R1,3,6,PALMER_Daniel,JAM,10010821645,,9,5.008,16.254,5.623,6,
4147,Birmingham,2022,30/07/2022,CWG,R1,4,1,SAHROM_Muhammad_Shah_Firdaus,MAS,10009150215,26.69315068,25.204,25.441,27.087,0.823,2,
4148,Birmingham,2022,30/07/2022,CWG,R1,4,2,DAKIN_Sam,NZL,10010624918,25.91780822,26.755,26.844,29.476,1.316,1,
4149,Birmingham,2022,30/07/2022,CWG,R1,4,3,DODYK_Ryan,CAN,10064209839,25.66849315,20.822,21.443,25.699,2.128,3,
4150,Birmingham,2022,30/07/2022,CWG,R1,4,4,FIELDING_Alistair,SCO,10014936364,22.42191781,9,14.957,23.667,4.355,6,
4151,Birmingham,2022,30/07/2022,CWG,R1,4,5,ALEXANDER_Quincy,TTO,10007501821,,16.171,15.975,22.053,3.039,5,
4152,Birmingham,2022,30/07/2022,CWG,R1,4,6,ESOW_Esow,IND,10050873046,21.40273973,16.339,14.222,20.362,3.07,4,
4153,Birmingham,2022,30/07/2022,CWG,Rep,1,1,TRUMAN_Joseph,ENG,10017950943,25.47123288,26.642,26.757,28.513,0.878,1,
4154,Birmingham,2022,30/07/2022,CWG,Rep,1,2,FIELDING_Alistair,SCO,10014936364,22.42191781,14.957,17.697,24.671,3.487,3,
4155,Birmingham,2022,30/07/2022,CWG,Rep,1,3,MOHD_ZONIS_Muhammad_Fadhil,MAS,10010645732,24.67123288,20.329,20.097,23.215,1.559,2,
4156,Birmingham,2022,30/07/2022,CWG,Rep,1,4,RORKE_Tyler,CAN,10048224138,19.18630137,4.273,3.751,13.671,4.96,4,
4157,Birmingham,2022,30/07/2022,CWG,Rep,2,1,CORNISH_Thomas,AUS,10055349695,22.46849315,23.336,23.611,26.853,1.621,1,
4158,Birmingham,2022,30/07/2022,CWG,Rep,2,2,NORRIS_Hayden,ENG,10083501624,19.95342466,11.102,13.036,20.842,3.903,2,
4159,Birmingham,2022,30/07/2022,CWG,Rep,2,3,REID_Malik,JAM,10057795513,20.39178082,10.05,9.402,15.748,3.173,3,
4160,Birmingham,2022,30/07/2022,CWG,Rep,3,1,RICHARDSON_Matthew,AUS,10015145724,23.30136986,27.94,28.174,30.498,1.162,1,
4161,Birmingham,2022,30/07/2022,CWG,Rep,3,2,ELKATHCHOONGO_David,IND,10095274996,18.87123288,18.915,20.601,25.641,2.52,3,
4162,Birmingham,2022,30/07/2022,CWG,Rep,3,3,SAHROM_Muhammad_Shah_Firdaus,MAS,10009150215,26.69315068,25.441,25.345,26.983,0.819,2,
4163,Birmingham,2022,30/07/2022,CWG,Rep,3,4,ALEXANDER_Quincy,TTO,10007501821,,15.975,15.302,20.88,2.789,4,
4164,Birmingham,2022,30/07/2022,CWG,Rep,4,1,BROWNE_Kwesi,TTO,10009010876,28.51232877,25.917,25.994,27.494,0.75,1,
4165,Birmingham,2022,30/07/2022,CWG,Rep,4,2,ESOW_Esow,IND,10050873046,21.40273973,14.222,16.418,21.822,2.702,3,
4166,Birmingham,2022,30/07/2022,CWG,Rep,4,3,DODYK_Ryan,CAN,10064209839,25.66849315,21.443,20.698,24.712,2.007,2,
4167,Birmingham,2022,30/07/2022,CWG,Rep,4,4,PALMER_Daniel,JAM,10010821645,,5.008,4.451,13.971,4.76,4,
4168,Birmingham,2022,30/07/2022,CWG,R2,1,1,SAHROM_Muhammad_Shah_Firdaus,MAS,10009150215,26.69315068,25.345,25.678,27.304,0.813,6,
4169,Birmingham,2022,30/07/2022,CWG,R2,1,2,BROWNE_Kwesi,TTO,10009010876,28.51232877,25.994,26.176,27.666,0.745,5,
4170,Birmingham,2022,30/07/2022,CWG,R2,1,3,CARLIN_Jack,SCO,10009967641,25.28493151,30.256,30.24,31.812,0.786,2,
4171,Birmingham,2022,30/07/2022,CWG,R2,1,4,WEBSTER_Sam,NZL,10006184742,31.06027397,28.35,28.322,30.128,0.903,3,
4172,Birmingham,2022,30/07/2022,CWG,R2,1,5,GLAETZER_Matthew,AUS,10006894559,29.95068493,32.335,32.14,33.572,0.716,1,
4173,Birmingham,2022,30/07/2022,CWG,R2,1,6,TRUMAN_Joseph,ENG,10017950943,25.47123288,26.757,26.552,28.294,0.871,4,
4174,Birmingham,2022,30/07/2022,CWG,R2,2,1,PAUL_Nicholas,TTO,10010821241,23.86575342,30.059,30.695,33.643,1.474,1,
4175,Birmingham,2022,30/07/2022,CWG,R2,2,2,SAUNDERS_Callum,NZL,10009012391,122.6630137,28.453,28.777,31.343,1.283,2,
4176,Birmingham,2022,30/07/2022,CWG,R2,2,3,RICHARDSON_Matthew,AUS,10015145724,23.30136986,28.174,28.254,30.522,1.134,3,
4177,Birmingham,2022,30/07/2022,CWG,R2,2,4,DAKIN_Sam,NZL,10010624918,25.91780822,26.844,26.793,29.341,1.274,4,
4178,Birmingham,2022,30/07/2022,CWG,R2,2,5,TURNBULL_Hamish,ENG,10015483305,23.0630137,21.803,21.903,25.293,1.695,6,
4179,Birmingham,2022,30/07/2022,CWG,R2,2,6,CORNISH_Thomas,AUS,10055349695,22.46849315,23.611,22.987,26.109,1.561,5,
4180,Birmingham,2022,30/07/2022,CWG,Final,1,1,PAUL_Nicholas,TTO,10010821241,23.86575342,30.695,31.288,34.148,1.43,1,
4181,Birmingham,2022,30/07/2022,CWG,Final,1,2,CARLIN_Jack,SCO,10009967641,25.28493151,30.24,30.334,31.896,0.781,2,
4182,Birmingham,2022,30/07/2022,CWG,Final,1,3,SAHROM_Muhammad_Shah_Firdaus,MAS,10009150215,26.69315068,25.678,25.84,27.452,0.806,6,
4183,Birmingham,2022,30/07/2022,CWG,Final,1,4,RICHARDSON_Matthew,AUS,10015145724,23.30136986,28.254,28.207,30.421,1.107,4,
4184,Birmingham,2022,30/07/2022,CWG,Final,1,5,SAUNDERS_Callum,NZL,10009012391,122.6630137,28.777,28.444,30.932,1.244,3,
4185,Birmingham,2022,30/07/2022,CWG,Final,1,6,BROWNE_Kwesi,TTO,10009010876,28.51232877,26.176,26.033,27.519,0.743,5,
4186,Birmingham,2022,30/07/2022,CWG,Final,2,1,WEBSTER_Sam,NZL,10006184742,31.06027397,28.322,28.581,30.369,0.894,2,
4187,Birmingham,2022,30/07/2022,CWG,Final,2,2,CORNISH_Thomas,AUS,10055349695,22.46849315,22.987,23.864,26.84,1.488,5,
4188,Birmingham,2022,30/07/2022,CWG,Final,2,3,TURNBULL_Hamish,ENG,10015483305,23.0630137,21.903,22.737,25.933,1.598,6,
4189,Birmingham,2022,30/07/2022,CWG,Final,2,4,DAKIN_Sam,NZL,10010624918,25.91780822,26.793,26.753,29.219,1.233,3,
4190,Birmingham,2022,30/07/2022,CWG,Final,2,5,GLAETZER_Matthew,AUS,10006894559,29.95068493,32.14,31.924,33.35,0.713,1,
4191,Birmingham,2022,30/07/2022,CWG,Final,2,6,TRUMAN_Joseph,ENG,10017950943,25.47123288,26.552,26.327,28.055,0.864,4,
4192,Paris,2022,13/10/2022,WCH,R1,1,1,LAVREYSEN_Harrie,NED,10009535686,25.6,32.829,32.911,34.669,0.879,1,
4193,Paris,2022,13/10/2022,WCH,R1,1,2,SAHROM_Muhammad_Shah_Firdaus,MAS,10009150215,26.89863014,25.84,25.956,27.558,0.801,3,
4194,Paris,2022,13/10/2022,WCH,R1,1,3,JONAUSKAS_Svaj?nas,LTU,10009181032,27.79726027,16.158,18.357,23.219,2.431,5,
4195,Paris,2022,13/10/2022,WCH,R1,1,4,HELAL_Rayan,FRA,10015683567,23.74246575,27.767,27.521,29.365,0.922,2,
4196,Paris,2022,13/10/2022,WCH,R1,1,5,MARTINEZ_CHORRO_Alejandro,ESP,10011152354,24.39452055,18.538,18.124,21.812,1.844,4,
4197,Paris,2022,13/10/2022,WCH,R1,2,1,BÖTTICHER_Stefan,GER,10048325582,30.71780822,31.365,31.511,33.157,0.823,1,
4198,Paris,2022,13/10/2022,WCH,R1,2,2,TERASAKI_Kohei,JPN,10010592279,28.79178082,17.842,22.114,27.79,2.838,5,
4199,Paris,2022,13/10/2022,WCH,R1,2,3,VIGIER_Sébastien,FRA,10010678569,25.50410959,29.902,29.83,31.654,0.912,2,
4200,Paris,2022,13/10/2022,WCH,R1,2,4,RAMIREZ_MORALES_Santiago,COL,10009039774,28.25205479,25.785,25.748,27.884,1.068,4,
4201,Paris,2022,13/10/2022,WCH,R1,2,5,BÁBEK_Tomáš,CZE,10004612534,35.38356164,26.854,26.683,28.235,0.776,3,
4202,Paris,2022,13/10/2022,WCH,R1,3,1,QUINTERO_CHAVARRO_Kevin_Santiago,COL,10010830840,23.97534247,28.744,28.935,30.551,0.808,1,
4203,Paris,2022,13/10/2022,WCH,R1,3,2,RICHARDSON_Matthew,AUS,10015145724,23.50684932,28.207,28.342,30.51,1.084,2,
4204,Paris,2022,13/10/2022,WCH,R1,3,3,BROWNE_Kwesi,TTO,10009010876,28.71780822,26.033,26.079,27.557,0.739,3,
4205,Paris,2022,13/10/2022,WCH,R1,3,4,ZHOU_Yu,CHN,10052089586,23.78630137,21.047,21.312,23.662,1.175,6,
4206,Paris,2022,13/10/2022,WCH,R1,3,5,LANDERNEAU_Melvin,FRA,10010713329,25.05753425,23.64,23.113,27.021,1.954,5,
4207,Paris,2022,13/10/2022,WCH,R1,3,6,JURCZYK_Marc,GER,10009178002,26.74520548,25.173,24.828,26.836,1.004,4,
4208,Paris,2022,13/10/2022,WCH,R1,4,1,GLAETZER_Matthew,AUS,10006894559,30.15616438,31.924,32.015,33.441,0.713,1,
4209,Paris,2022,13/10/2022,WCH,R1,4,2,YAMASAKI_Kento,JPN,10020900955,29.84109589,26.838,27.286,31.06,1.887,2,
4210,Paris,2022,13/10/2022,WCH,R1,4,3,TJON_EN_FA_Jaïr,SUR,10117936018,29.00273973,24.031,24.18,26.282,1.051,4,
4211,Paris,2022,13/10/2022,WCH,R1,4,4,PONOMARYOV_Sergey,KAZ,10010797292,24.51232877,26.361,26.152,28.302,1.075,3,
4212,Paris,2022,13/10/2022,WCH,R1,4,5,ESOW_Esow,IND,10050873046,21.60821918,16.418,15.926,20.97,2.522,5,
4213,Paris,2022,13/10/2022,WCH,R1,5,1,CARLIN_Jack,GBR,10009967641,25.49041096,30.334,30.477,32.035,0.779,1,
4214,Paris,2022,13/10/2022,WCH,R1,5,2,HOOGLAND_Jeffrey,NED,10007379761,29.59726027,27.61,27.834,30.298,1.232,3,
4215,Paris,2022,13/10/2022,WCH,R1,5,3,CORNISH_Thomas,AUS,10055349695,22.6739726,23.864,24.206,27.062,1.428,4,
4216,Paris,2022,13/10/2022,WCH,R1,5,4,ANGSUTHASAWIT_Jai,THA,10009009159,27.6739726,28.915,28.727,30.505,0.889,2,
4217,Paris,2022,13/10/2022,WCH,R1,5,5,HEDGCOCK_James,CAN,10048888990,20.92328767,15.509,16.269,21.113,2.422,6,
4218,Paris,2022,13/10/2022,WCH,R1,5,6,SPIES_Jean,RSA,10007351671,32.89863014,18.4,18.153,20.529,1.188,5,
4219,Paris,2022,13/10/2022,WCH,Rep,1,1,ANGSUTHASAWIT_Jai,THA,10009009159,27.6739726,28.727,28.88,30.648,0.884,1,
4220,Paris,2022,13/10/2022,WCH,Rep,1,2,PONOMARYOV_Sergey,KAZ,10010797292,24.51232877,26.152,26.242,28.358,1.058,2,
4221,Paris,2022,13/10/2022,WCH,Rep,1,3,JURCZYK_Marc,GER,10009178002,26.74520548,24.828,24.766,26.748,0.991,3,
4222,Paris,2022,13/10/2022,WCH,Rep,1,4,JONAUSKAS_Svaj?nas,LTU,10009181032,27.79726027,18.357,17.81,22.388,2.289,4,
4223,Paris,2022,13/10/2022,WCH,Rep,2,1,VIGIER_Sébastien,FRA,10010678569,25.50410959,29.83,29.963,31.777,0.907,1,
4224,Paris,2022,13/10/2022,WCH,Rep,2,2,HELAL_Rayan,FRA,10015683567,23.74246575,27.521,27.533,29.361,0.914,2,
4225,Paris,2022,13/10/2022,WCH,Rep,2,3,HEDGCOCK_James,CAN,10048888990,20.92328767,16.269,17.494,21.928,2.217,4,
4226,Paris,2022,13/10/2022,WCH,Rep,2,4,ZHOU_Yu,CHN,10052089586,23.78630137,21.312,21.137,23.447,1.155,3,
4227,Paris,2022,13/10/2022,WCH,Rep,2,5,VAN_LOON_Tijmen,NED,10023438921,21.58082192,9,4.954,16.242,5.644,5,
4228,Paris,2022,13/10/2022,WCH,Rep,3,1,RAMIREZ_MORALES_Santiago,COL,10009039774,28.25205479,25.748,25.992,28.102,1.055,2,
4229,Paris,2022,13/10/2022,WCH,Rep,3,2,ESOW_Esow,IND,10050873046,21.60821918,15.926,18.059,22.589,2.265,5,
4230,Paris,2022,13/10/2022,WCH,Rep,3,3,BROWNE_Kwesi,TTO,10009010876,28.71780822,26.079,25.985,27.457,0.736,1,
4231,Paris,2022,13/10/2022,WCH,Rep,3,4,MARTINEZ_CHORRO_Alejandro,ESP,10011152354,24.39452055,18.124,18.152,21.636,1.742,4,
4232,Paris,2022,13/10/2022,WCH,Rep,3,5,SPIES_Jean,RSA,10007351671,32.89863014,18.153,17.892,20.23,1.169,3,
4233,Paris,2022,13/10/2022,WCH,Rep,4,1,LANDERNEAU_Melvin,FRA,10010713329,25.05753425,23.113,24.295,28.003,1.854,4,
4234,Paris,2022,13/10/2022,WCH,Rep,4,2,TJON_EN_FA_Jaïr,SUR,10117936018,29.00273973,24.18,24.36,26.426,1.033,3,
4235,Paris,2022,13/10/2022,WCH,Rep,4,3,CORNISH_Thomas,AUS,10055349695,22.6739726,24.206,24.168,26.926,1.379,2,
4236,Paris,2022,13/10/2022,WCH,Rep,4,4,BÁBEK_Tomáš,CZE,10004612534,35.38356164,26.683,26.494,28.04,0.773,1,
4237,Paris,2022,13/10/2022,WCH,R2,1,1,LAVREYSEN_Harrie,NED,10009535686,25.6,32.911,33.098,34.844,0.873,1,
4238,Paris,2022,13/10/2022,WCH,R2,1,2,TERASAKI_Kohei,JPN,10010592279,28.79178082,22.114,25.069,30.001,2.466,6,
4239,Paris,2022,13/10/2022,WCH,R2,1,3,GLAETZER_Matthew,AUS,10006894559,30.15616438,32.015,31.987,33.407,0.71,2,
4240,Paris,2022,13/10/2022,WCH,R2,1,4,VIGIER_Sébastien,FRA,10010678569,25.50410959,29.963,29.885,31.677,0.896,3,
4241,Paris,2022,13/10/2022,WCH,R2,1,5,RAMIREZ_MORALES_Santiago,COL,10009039774,28.25205479,25.992,25.926,27.998,1.036,4,
4242,Paris,2022,13/10/2022,WCH,R2,1,6,TJON_EN_FA_Jaïr,SUR,10117936018,29.00273973,24.36,24.147,26.189,1.021,5,
4243,Paris,2022,13/10/2022,WCH,R2,2,1,RICHARDSON_Matthew,AUS,10015145724,23.50684932,28.342,28.745,30.877,1.066,4,
4244,Paris,2022,13/10/2022,WCH,R2,2,2,LANDERNEAU_Melvin,FRA,10010713329,25.05753425,24.295,25.353,28.821,1.734,5,
4245,Paris,2022,13/10/2022,WCH,R2,2,3,ESOW_Esow,IND,10050873046,21.60821918,18.059,20.331,24.419,2.044,6,
4246,Paris,2022,13/10/2022,WCH,R2,2,4,CARLIN_Jack,GBR,10009967641,25.49041096,30.477,30.379,31.925,0.773,2,
4247,Paris,2022,13/10/2022,WCH,R2,2,5,BÖTTICHER_Stefan,GER,10048325582,30.71780822,31.511,31.287,32.917,0.815,1,
4248,Paris,2022,13/10/2022,WCH,R2,2,6,ANGSUTHASAWIT_Jai,THA,10009009159,27.6739726,28.88,28.603,30.353,0.875,3,
4249,Paris,2022,13/10/2022,WCH,R2,3,1,QUINTERO_CHAVARRO_Kevin_Santiago,COL,10010830840,23.97534247,28.935,29.153,30.759,0.803,1,
4250,Paris,2022,13/10/2022,WCH,R2,3,2,HOOGLAND_Jeffrey,NED,10007379761,29.59726027,27.834,28.116,30.512,1.198,2,
4251,Paris,2022,13/10/2022,WCH,R2,3,3,SAHROM_Muhammad_Shah_Firdaus,MAS,10009150215,26.89863014,25.956,26.071,27.659,0.794,6,
4252,Paris,2022,13/10/2022,WCH,R2,3,4,PONOMARYOV_Sergey,KAZ,10010797292,24.51232877,26.242,26.274,28.346,1.036,5,
4253,Paris,2022,13/10/2022,WCH,R2,3,5,YAMASAKI_Kento,JPN,10020900955,29.84109589,27.286,26.667,30.187,1.76,4,
4254,Paris,2022,13/10/2022,WCH,R2,3,6,HELAL_Rayan,FRA,10015683567,23.74246575,27.533,27.253,29.061,0.904,3,
4255,Paris,2022,13/10/2022,WCH,R3,1,1,LANDERNEAU_Melvin,FRA,10010713329,25.05753425,25.353,26.679,29.987,1.654,4,
4256,Paris,2022,13/10/2022,WCH,R3,1,2,LAVREYSEN_Harrie,NED,10009535686,25.6,33.098,33.069,34.797,0.864,1,
4257,Paris,2022,13/10/2022,WCH,R3,1,3,TERASAKI_Kohei,JPN,10010592279,28.79178082,25.069,25.741,30.155,2.207,5,
4258,Paris,2022,13/10/2022,WCH,R3,1,4,ESOW_Esow,IND,10050873046,21.60821918,20.331,21.258,25.036,1.889,6,
4259,Paris,2022,13/10/2022,WCH,R3,1,5,PONOMARYOV_Sergey,KAZ,10010797292,24.51232877,26.274,26.12,28.156,1.018,2,
4260,Paris,2022,13/10/2022,WCH,R3,1,6,SAHROM_Muhammad_Shah_Firdaus,MAS,10009150215,26.89863014,26.071,25.873,27.453,0.79,3,
4261,Paris,2022,13/10/2022,WCH,R3,2,1,QUINTERO_CHAVARRO_Kevin_Santiago,COL,10010830840,23.97534247,29.153,29.415,31.011,0.798,4,
4262,Paris,2022,13/10/2022,WCH,R3,2,2,HOOGLAND_Jeffrey,NED,10007379761,29.59726027,28.116,28.511,30.841,1.165,6,
4263,Paris,2022,13/10/2022,WCH,R3,2,3,VIGIER_Sébastien,FRA,10010678569,25.50410959,29.885,29.95,31.718,0.884,3,
4264,Paris,2022,13/10/2022,WCH,R3,2,4,RICHARDSON_Matthew,AUS,10015145724,23.50684932,28.745,28.769,30.855,1.043,5,
4265,Paris,2022,13/10/2022,WCH,R3,2,5,GLAETZER_Matthew,AUS,10006894559,30.15616438,31.987,31.849,33.263,0.707,1,
4266,Paris,2022,13/10/2022,WCH,R3,2,6,CARLIN_Jack,GBR,10009967641,25.49041096,30.379,30.166,31.704,0.769,2,
4267,Paris,2022,13/10/2022,WCH,Final,1,1,LAVREYSEN_Harrie,NED,10009535686,25.6,33.069,33.253,34.969,0.858,1,
4268,Paris,2022,13/10/2022,WCH,Final,1,2,HOOGLAND_Jeffrey,NED,10007379761,29.59726027,28.511,28.868,31.142,1.137,4,
4269,Paris,2022,13/10/2022,WCH,Final,1,3,QUINTERO_CHAVARRO_Kevin_Santiago,COL,10010830840,23.97534247,29.415,29.475,31.059,0.792,3,
4270,Paris,2022,13/10/2022,WCH,Final,1,4,VIGIER_Sébastien,FRA,10010678569,25.50410959,29.95,29.895,31.641,0.873,2,
4271,Paris,2022,13/10/2022,WCH,Final,1,5,LANDERNEAU_Melvin,FRA,10010713329,25.05753425,26.679,26.469,29.613,1.572,5,
4272,Paris,2022,13/10/2022,WCH,Final,1,6,TERASAKI_Kohei,JPN,10010592279,28.79178082,25.741,24.637,28.743,2.053,6,
4273,Paris,2022,13/10/2022,WCH,Final,2,1,GLAETZER_Matthew,AUS,10006894559,30.15616438,31.849,31.973,33.385,0.706,1,
4274,Paris,2022,13/10/2022,WCH,Final,2,2,RICHARDSON_Matthew,AUS,10015145724,23.50684932,28.769,28.977,31.025,1.024,3,
4275,Paris,2022,13/10/2022,WCH,Final,2,3,CARLIN_Jack,GBR,10009967641,25.49041096,30.166,30.149,31.677,0.764,2,
4276,Paris,2022,13/10/2022,WCH,Final,2,4,SAHROM_Muhammad_Shah_Firdaus,MAS,10009150215,26.89863014,25.873,25.901,27.469,0.784,5,
4277,Paris,2022,13/10/2022,WCH,Final,2,5,PONOMARYOV_Sergey,KAZ,10010797292,24.51232877,26.12,25.975,27.977,1.001,4,
4278,Paris,2022,13/10/2022,WCH,Final,2,6,ESOW_Esow,IND,10050873046,21.60821918,21.258,20.7,24.304,1.802,6,
4279,Jakarta,2023,25/02/2023,NC,R1,1,1,LAVREYSEN_Harrie,NED,,,33.253,33.357,35.069,0.856,1,
4280,Jakarta,2023,25/02/2023,NC,R1,1,2,VIGIER_Sébastien,FRA,,,29.895,29.924,31.66,0.868,2,
4281,Jakarta,2023,25/02/2023,NC,R1,1,3,DANYLCHUK_Bohdan,UKR,,,9,17.175,26.637,4.731,4,
4282,Jakarta,2023,25/02/2023,NC,R1,1,4,TURNBULL_Hamish,GBR,,,22.737,22.337,25.463,1.563,3,
4283,Jakarta,2023,25/02/2023,NC,R1,2,1,YAMASAKI_Kento,RKD,,,26.667,27.667,31.053,1.693,2,
4284,Jakarta,2023,25/02/2023,NC,R1,2,2,DERACHE_Tom,FRA,,,9,21.999,30.801,4.401,5,
4285,Jakarta,2023,25/02/2023,NC,R1,2,3,RICHARDSON_Matthew,AUS,,,28.977,28.899,30.917,1.009,1,
4286,Jakarta,2023,25/02/2023,NC,R1,2,4,TJON_EN_FA_Jaïr,SUR,,,24.147,24.14,26.152,1.006,3,
4287,Jakarta,2023,25/02/2023,NC,R1,2,5,MORENO_SANCHEZ_Jose,ESP,,,23.276,22.977,25.403,1.213,4,
4288,Jakarta,2023,25/02/2023,NC,R1,3,1,OBARA_Yuta,JPN,,,22.992,23.836,26.462,1.313,4,
4289,Jakarta,2023,25/02/2023,NC,R1,3,2,RAJKOWSKI_Patryk,POL,,,24.597,24.839,26.705,0.933,3,
4290,Jakarta,2023,25/02/2023,NC,R1,3,3,YAKOVLEV_Mikhail,ISR,,,28.578,27.521,32.547,2.513,2,
4291,Jakarta,2023,25/02/2023,NC,R1,3,4,ESOW_Esow,IND,,,20.7,21.188,24.578,1.695,5,
4292,Jakarta,2023,25/02/2023,NC,R1,3,5,QUINTERO_CHAVARRO_Kevin_Santiago,COL,,,29.475,29.221,30.795,0.787,1,
4293,Jakarta,2023,25/02/2023,NC,R1,3,6,NAPOLITANO_Daniele,ITA,,,9,6.283,17.859,5.788,6,
4294,Jakarta,2023,25/02/2023,NC,R1,4,1,HOOGLAND_Jeffrey,NED,,,28.868,29.2,31.438,1.119,2,
4295,Jakarta,2023,25/02/2023,NC,R1,4,2,OH_Jeseok,KOR,,,23.401,24.126,27.09,1.482,3,
4296,Jakarta,2023,25/02/2023,NC,R1,4,3,?ECHMAN_Martin,CZE,,,9,19.664,28.076,4.206,7,
4297,Jakarta,2023,25/02/2023,NC,R1,4,4,SAHROM_Muhammad_Ridwan,AZA,,,11.459,17.373,24.317,3.472,6,
4298,Jakarta,2023,25/02/2023,NC,R1,4,5,BOONE_Evan,USA,,,16.521,18.177,24.139,2.981,5,
4299,Jakarta,2023,25/02/2023,NC,R1,4,6,HEDGCOCK_James,NCI,,,17.494,17.915,21.963,2.024,4,
4300,Jakarta,2023,25/02/2023,NC,R1,4,7,CARLIN_Jack,GBR,,,30.149,29.77,31.29,0.76,1,
4301,Jakarta,2023,25/02/2023,NC,R1,5,1,TERASAKI_Kohei,RKD,,,24.637,26.035,29.901,1.933,2,
4302,Jakarta,2023,25/02/2023,NC,R1,5,2,RAMIREZ_MORALES_Santiago,COL,,,25.926,26.137,28.175,1.019,1,
4303,Jakarta,2023,25/02/2023,NC,R1,5,3,KANG_Seojun,KOR,,,9,19.261,27.665,4.202,6,
4304,Jakarta,2023,25/02/2023,NC,R1,5,4,LENDEL_Vasilijus,LTU,,,24.486,24.486,25.944,0.729,3,
4305,Jakarta,2023,25/02/2023,NC,R1,5,5,DODYK_Ryan,NCI,,,20.698,20.695,24.423,1.864,5,
4306,Jakarta,2023,25/02/2023,NC,R1,5,6,Š?ASTNÝ_Jakub,CZE,,,9,12.591,21.209,4.309,6,
4307,Jakarta,2023,25/02/2023,NC,R1,5,7,VERDUGO_OSUNA_Edgar,MEX,,,20.981,20.489,22.959,1.235,4,
4308,Jakarta,2023,25/02/2023,NC,R1,6,1,DAKIN_Sam,NZL,,,26.753,27.307,29.723,1.208,2,
4309,Jakarta,2023,25/02/2023,NC,R1,6,2,DENYSENKO_Vladyslav,UKR,,,9,22.219,30.757,4.269,7,
4310,Jakarta,2023,25/02/2023,NC,R1,6,3,SARNECKI_Rafal,POL,,,24.939,25.218,28,1.391,4,
4311,Jakarta,2023,25/02/2023,NC,R1,6,4,RUIZ_TERAN_Juan,MEX,,,13.141,16.266,20.938,2.336,6,
4312,Jakarta,2023,25/02/2023,NC,R1,6,5,ANGSUTHASAWIT_Jai,THA,,,28.603,28.395,30.125,0.865,1,
4313,Jakarta,2023,25/02/2023,NC,R1,6,6,TRUMAN_Joseph,TIN,,,26.327,26.119,27.829,0.855,3,
4314,Jakarta,2023,25/02/2023,NC,R1,6,7,XUE_Chenxi,CHN,,,18.633,16.637,22.735,3.049,5,
4315,Jakarta,2023,25/02/2023,NC,R1,7,1,SAHROM_Muhammad_Shah_Firdaus,MAS,,,25.901,26.096,27.656,0.78,2,
4316,Jakarta,2023,25/02/2023,NC,R1,7,2,JURCZYK_Marc,GER,,,24.766,24.946,26.896,0.975,3,
4317,Jakarta,2023,25/02/2023,NC,R1,7,3,PONOMARYOV_Sergey,KAZ,,,25.975,25.949,27.917,0.984,1,
4318,Jakarta,2023,25/02/2023,NC,R1,7,4,BRETAS_Sotirios,GRE,,,18.547,19.041,22.279,1.619,5,
4319,Jakarta,2023,25/02/2023,NC,R1,7,5,TO_Cheuk_Hei,HKG,,,17.332,17.497,23.149,2.826,6,
4320,Jakarta,2023,25/02/2023,NC,R1,7,6,ELKATHCHOONGO_David,IND,,,20.601,19.247,23.783,2.268,4,
4321,Jakarta,2023,25/02/2023,NC,R1,7,7,REID_Malik,JAM,,,9.402,8.836,14.63,2.897,7,
4322,Jakarta,2023,25/02/2023,NC,R1,8,1,CORNISH_Thomas,AUS,,,24.168,24.938,27.618,1.34,2,
4323,Jakarta,2023,25/02/2023,NC,R1,8,2,BÖTTICHER_Stefan,GER,,,31.287,31.222,32.84,0.809,1,
4324,Jakarta,2023,25/02/2023,NC,R1,8,3,KANG_Shih_Feng,TPE,,,22.975,23.098,24.808,0.855,3,
4325,Jakarta,2023,25/02/2023,NC,R1,8,4,MARTINEZ_CHORRO_Alejandro,ESP,,,18.152,18.757,22.047,1.645,5,
4326,Jakarta,2023,25/02/2023,NC,R1,8,5,DHENTAKA_Dika_Alif,INA,,,9,14.149,22.561,4.206,7,
4327,Jakarta,2023,25/02/2023,NC,R1,8,6,WAMMES_Nick,CAN,,,19.796,19.247,22.965,1.859,4,
4328,Jakarta,2023,25/02/2023,NC,R1,8,7,CHUGAY_Andrey,KAZ,,,17.279,15.572,20.684,2.556,6,
4329,Jakarta,2023,25/02/2023,NC,Rep,1,1,VIGIER_Sébastien,FRA,,,29.924,30.101,31.827,0.863,1,
4330,Jakarta,2023,25/02/2023,NC,Rep,1,2,PONOMARYOV_Sergey,KAZ,,,25.949,26.173,28.113,0.97,3,
4331,Jakarta,2023,25/02/2023,NC,Rep,1,3,CARLIN_Jack,GBR,,,29.77,29.698,31.21,0.756,2,
4332,Jakarta,2023,25/02/2023,NC,Rep,1,4,SARNECKI_Rafal,POL,,,25.218,25.042,27.738,1.348,4,
4333,Jakarta,2023,25/02/2023,NC,Rep,1,5,BOONE_Evan,USA,,,18.177,17.38,22.812,2.716,5,
4334,Jakarta,2023,25/02/2023,NC,Rep,2,1,QUINTERO_CHAVARRO_Kevin_Santiago,COL,,,29.221,29.369,30.937,0.784,1,
4335,Jakarta,2023,25/02/2023,NC,Rep,2,2,KANG_Shih_Feng,TPE,,,23.098,23.363,25.057,0.847,3,
4336,Jakarta,2023,25/02/2023,NC,Rep,2,3,KANG_Seojun,KOR,,,19.261,21.748,28.13,3.191,5,
4337,Jakarta,2023,25/02/2023,NC,Rep,2,4,DERACHE_Tom,FRA,,,21.999,21.874,28.434,3.28,4,
4338,Jakarta,2023,25/02/2023,NC,Rep,2,5,ANGSUTHASAWIT_Jai,THA,,,28.395,28.144,29.858,0.857,2,
4339,Jakarta,2023,25/02/2023,NC,Rep,2,6,CHUGAY_Andrey,KAZ,,,15.572,15.138,19.934,2.398,6,
4340,Jakarta,2023,25/02/2023,NC,Rep,3,1,?ECHMAN_Martin,CZE,,,19.664,24.284,31.282,3.499,4,
4341,Jakarta,2023,25/02/2023,NC,Rep,3,2,TURNBULL_Hamish,GBR,,,22.337,22.977,25.975,1.499,3,
4342,Jakarta,2023,25/02/2023,NC,Rep,3,3,TO_Cheuk_Hei,HKG,,,17.497,19.368,24.272,2.452,5,
4343,Jakarta,2023,25/02/2023,NC,Rep,3,4,XUE_Chenxi,CHN,,,16.637,18.112,23.284,2.586,6,
4344,Jakarta,2023,25/02/2023,NC,Rep,3,5,MORENO_SANCHEZ_Jose,ESP,,,22.977,22.777,25.139,1.181,2,
4345,Jakarta,2023,25/02/2023,NC,Rep,3,6,RAJKOWSKI_Patryk,POL,,,24.839,24.498,26.344,0.923,1,
4346,Jakarta,2023,25/02/2023,NC,Rep,4,1,YAKOVLEV_Mikhail,ISR,,,27.521,29.181,33.845,2.332,1,
4347,Jakarta,2023,25/02/2023,NC,Rep,4,2,NAKANO_Shinji,JPN,,,19.652,24.257,31.121,3.432,5,
4348,Jakarta,2023,25/02/2023,NC,Rep,4,3,DHENTAKA_Dika_Alif,INA,,,14.149,19.806,26.19,3.192,7,
4349,Jakarta,2023,25/02/2023,NC,Rep,4,4,TJON_EN_FA_Jaïr,SUR,,,24.14,24.24,26.216,0.988,3,
4350,Jakarta,2023,25/02/2023,NC,Rep,4,5,ELKATHCHOONGO_David,IND,,,19.247,19.968,24.074,2.053,6,
4351,Jakarta,2023,25/02/2023,NC,Rep,4,6,TRUMAN_Joseph,TIN,,,26.119,25.936,27.628,0.846,2,
4352,Jakarta,2023,25/02/2023,NC,Rep,4,7,OH_Jeseok,KOR,,,24.126,23.417,26.277,1.43,4,
4353,Jakarta,2023,25/02/2023,NC,Rep,5,1,RICHARDSON_Matthew,AUS,,,28.899,29.173,31.169,0.998,2,
4354,Jakarta,2023,25/02/2023,NC,Rep,5,2,AWANG_Mohd_Azizulhasni,MAS,,,30.651,30.641,32.033,0.696,1,
4355,Jakarta,2023,25/02/2023,NC,Rep,5,3,RAMIREZ_MORALES_Santiago,COL,,,26.137,26.138,28.146,1.004,3,
4356,Jakarta,2023,25/02/2023,NC,Rep,5,4,Š?ASTNÝ_Jakub,CZE,,,12.591,15.558,22.312,3.377,5,
4357,Jakarta,2023,25/02/2023,NC,Rep,5,5,ESOW_Esow,IND,,,21.188,20.575,23.851,1.638,4,
4358,Jakarta,2023,25/02/2023,NC,Rep,6,1,BÖTTICHER_Stefan,GER,,,31.222,31.289,32.905,0.808,1,
4359,Jakarta,2023,25/02/2023,NC,Rep,6,2,BRETAS_Sotirios,GRE,,,19.041,20.041,23.131,1.545,5,
4360,Jakarta,2023,25/02/2023,NC,Rep,6,3,VERDUGO_OSUNA_Edgar,MEX,,,20.489,20.804,23.206,1.201,3,
4361,Jakarta,2023,25/02/2023,NC,Rep,6,4,WAMMES_Nick,CAN,,,19.247,19.611,23.093,1.741,4,
4362,Jakarta,2023,25/02/2023,NC,Rep,6,5,MORO_Stefano,ITA,,,9,13.814,22.216,4.201,7,
4363,Jakarta,2023,25/02/2023,NC,Rep,6,6,SAHROM_Muhammad_Ridwan,AZA,,,17.373,16.485,22.221,2.868,6,
4364,Jakarta,2023,25/02/2023,NC,Rep,6,7,DENYSENKO_Vladyslav,UKR,,,22.219,16.596,23.324,3.364,2,
4365,Jakarta,2023,25/02/2023,NC,Rep,7,1,JURCZYK_Marc,GER,,,24.946,25.243,27.173,0.965,1,
4366,Jakarta,2023,25/02/2023,NC,Rep,7,2,DANYLCHUK_Bohdan,UKR,,,17.175,20.837,27.787,3.475,4,
4367,Jakarta,2023,25/02/2023,NC,Rep,7,3,LENDEL_Vasilijus,LTU,,,24.486,24.48,25.932,0.726,2,
4368,Jakarta,2023,25/02/2023,NC,Rep,7,4,HEDGCOCK_James,NCI,,,17.915,18.268,22.032,1.882,3,
4369,Jakarta,2023,25/02/2023,NC,Rep,7,5,NAPOLITANO_Daniele,ITA,,,6.283,11.087,18.711,3.812,7,
4370,Jakarta,2023,25/02/2023,NC,Rep,7,6,RUIZ_TERAN_Juan,MEX,,,16.266,15.485,19.775,2.145,5,
4371,Jakarta,2023,25/02/2023,NC,Rep,7,7,REID_Malik,JAM,,,8.836,8.075,13.395,2.66,6,
4372,Jakarta,2023,25/02/2023,NC,R2,1,1,LAVREYSEN_Harrie,NED,,,33.357,33.494,35.198,0.852,1,
4373,Jakarta,2023,25/02/2023,NC,R2,1,2,CORNISH_Thomas,AUS,,,24.938,25.593,28.189,1.298,4,
4374,Jakarta,2023,25/02/2023,NC,R2,1,3,VIGIER_Sébastien,FRA,,,30.101,30.092,31.8,0.854,3,
4375,Jakarta,2023,25/02/2023,NC,R2,1,4,NAKANO_Shinji,JPN,,,24.257,24.417,30.075,2.829,5,
4376,Jakarta,2023,25/02/2023,NC,R2,1,5,AWANG_Mohd_Azizulhasni,MAS,,,30.641,30.463,31.853,0.695,2,
4377,Jakarta,2023,25/02/2023,NC,R2,2,1,YAMASAKI_Kento,RKD,,,27.667,28.369,31.639,1.635,2,
4378,Jakarta,2023,25/02/2023,NC,R2,2,2,QUINTERO_CHAVARRO_Kevin_Santiago,COL,,,29.369,29.375,30.935,0.78,1,
4379,Jakarta,2023,25/02/2023,NC,R2,2,3,TURNBULL_Hamish,GBR,,,22.977,23.167,26.061,1.447,4,
4380,Jakarta,2023,25/02/2023,NC,R2,2,4,JURCZYK_Marc,GER,,,25.243,25.037,26.949,0.956,3,
4381,Jakarta,2023,25/02/2023,NC,R2,3,1,OBARA_Yuta,JPN,,,23.836,24.651,27.207,1.278,4,
4382,Jakarta,2023,25/02/2023,NC,R2,3,2,DAKIN_Sam,NZL,,,27.307,27.539,29.893,1.177,2,
4383,Jakarta,2023,25/02/2023,NC,R2,3,3,BÖTTICHER_Stefan,GER,,,31.289,31.178,32.782,0.802,1,
4384,Jakarta,2023,25/02/2023,NC,R2,3,4,?ECHMAN_Martin,CZE,,,24.284,23.491,29.295,2.902,3,
4385,Jakarta,2023,25/02/2023,NC,R2,3,5,DANYLCHUK_Bohdan,UKR,,,20.837,19.323,25.395,3.036,5,
4386,Jakarta,2023,25/02/2023,NC,R2,4,1,YAKOVLEV_Mikhail,ISR,,,29.181,30.632,34.98,2.174,2,
4387,Jakarta,2023,25/02/2023,NC,R2,4,2,HOOGLAND_Jeffrey,NED,,,29.2,29.443,31.635,1.096,1,
4388,Jakarta,2023,25/02/2023,NC,R2,4,3,RICHARDSON_Matthew,AUS,,,29.173,29.216,31.18,0.982,3,
4389,Jakarta,2023,25/02/2023,NC,R2,4,4,TERASAKI_Kohei,RKD,,,26.035,26.038,29.646,1.804,5,
4390,Jakarta,2023,25/02/2023,NC,R2,4,5,PONOMARYOV_Sergey,KAZ,,,26.173,26.048,27.962,0.957,4,
4391,Jakarta,2023,25/02/2023,NC,R2,4,6,BRETAS_Sotirios,GRE,,,20.041,19.768,22.776,1.504,6,
4392,Jakarta,2023,25/02/2023,NC,Rep,1,1,AWANG_Mohd_Azizulhasni,MAS,,,30.463,30.614,32.002,0.694,1,
4393,Jakarta,2023,25/02/2023,NC,Rep,1,2,RICHARDSON_Matthew,AUS,,,29.216,29.392,31.324,0.966,3,
4394,Jakarta,2023,25/02/2023,NC,Rep,1,3,VIGIER_Sébastien,FRA,,,30.092,30.09,31.78,0.845,2,
4395,Jakarta,2023,25/02/2023,NC,Rep,1,4,KANG_Shih_Feng,TPE,,,23.363,23.525,25.201,0.838,7,
4396,Jakarta,2023,25/02/2023,NC,Rep,1,5,JURCZYK_Marc,GER,,,25.037,25.044,26.926,0.941,5,
4397,Jakarta,2023,25/02/2023,NC,Rep,1,6,?ECHMAN_Martin,CZE,,,23.491,22.664,27.644,2.49,6,
4398,Jakarta,2023,25/02/2023,NC,Rep,1,7,TERASAKI_Kohei,RKD,,,26.038,24.919,28.335,1.708,4,
4399,Jakarta,2023,25/02/2023,NC,Rep,2,1,NAKANO_Shinji,JPN,,,24.417,26.912,31.998,2.543,4,
4400,Jakarta,2023,25/02/2023,NC,Rep,2,2,SAHROM_Muhammad_Shah_Firdaus,MAS,,,26.096,26.262,27.812,0.775,2,
4401,Jakarta,2023,25/02/2023,NC,Rep,2,3,BÖTTICHER_Stefan,GER,,,31.178,31.078,32.67,0.796,1,
4402,Jakarta,2023,25/02/2023,NC,Rep,2,4,PONOMARYOV_Sergey,KAZ,,,26.048,26.002,27.89,0.944,3,
4403,Jakarta,2023,25/02/2023,NC,Rep,2,5,BRETAS_Sotirios,GRE,,,19.768,19.884,22.782,1.449,5,
4404,Jakarta,2023,25/02/2023,NC,Rep,2,6,DANYLCHUK_Bohdan,UKR,,,19.323,17.72,23.13,2.705,6,
4405,Jakarta,2023,25/02/2023,NC,R3,1,1,YAKOVLEV_Mikhail,ISR,,,30.632,32.054,36.128,2.037,2,
4406,Jakarta,2023,25/02/2023,NC,R3,1,2,LAVREYSEN_Harrie,NED,,,33.494,33.56,35.248,0.844,1,
4407,Jakarta,2023,25/02/2023,NC,R3,1,3,DAKIN_Sam,NZL,,,27.539,27.846,30.14,1.147,5,
4408,Jakarta,2023,25/02/2023,NC,R3,1,4,QUINTERO_CHAVARRO_Kevin_Santiago,COL,,,29.375,29.378,30.928,0.775,4,
4409,Jakarta,2023,25/02/2023,NC,R3,1,5,RICHARDSON_Matthew,AUS,,,29.392,29.258,31.162,0.952,3,
4410,Jakarta,2023,25/02/2023,NC,R3,1,6,NAKANO_Shinji,JPN,,,26.912,25.404,30.026,2.311,6,
4411,Jakarta,2023,25/02/2023,NC,R3,2,1,AWANG_Mohd_Azizulhasni,MAS,,,30.614,30.703,32.093,0.695,1,
4412,Jakarta,2023,25/02/2023,NC,R3,2,2,SAHROM_Muhammad_Shah_Firdaus,MAS,,,26.262,26.375,27.917,0.771,3,
4413,Jakarta,2023,25/02/2023,NC,R3,2,3,CORNISH_Thomas,AUS,,,25.593,25.639,28.163,1.262,4,
4414,Jakarta,2023,25/02/2023,NC,R3,2,4,YAMASAKI_Kento,RKD,,,28.369,27.57,30.714,1.572,2,
4415,Jakarta,2023,25/02/2023,NC,F,1,1,LAVREYSEN_Harrie,NED,,,33.56,33.744,35.422,0.839,1,
4416,Jakarta,2023,25/02/2023,NC,F,1,2,AWANG_Mohd_Azizulhasni,MAS,,,30.703,30.809,32.195,0.693,3,
4417,Jakarta,2023,25/02/2023,NC,F,1,3,YAKOVLEV_Mikhail,ISR,,,32.054,31.786,35.554,1.884,2,
4418,Jakarta,2023,25/02/2023,NC,F,1,4,CORNISH_Thomas,AUS,,,25.639,25.866,28.316,1.225,6,
4419,Jakarta,2023,25/02/2023,NC,F,1,5,DAKIN_Sam,NZL,,,27.846,27.69,29.932,1.121,4,
4420,Jakarta,2023,25/02/2023,NC,F,1,6,SAHROM_Muhammad_Shah_Firdaus,MAS,,,26.375,26.231,27.767,0.768,5,
4421,Jakarta,2023,25/02/2023,NC,F,2,1,RICHARDSON_Matthew,AUS,,,29.258,29.574,31.456,0.941,3,
4422,Jakarta,2023,25/02/2023,NC,F,2,2,QUINTERO_CHAVARRO_Kevin_Santiago,COL,,,29.378,29.484,31.024,0.77,2,
4423,Jakarta,2023,25/02/2023,NC,F,2,3,NAKANO_Shinji,JPN,,,25.404,26.149,30.315,2.083,5,
4424,Jakarta,2023,25/02/2023,NC,F,2,4,OBARA_Yuta,JPN,,,24.651,24.876,27.352,1.238,6,
4425,Jakarta,2023,25/02/2023,NC,F,2,5,HOOGLAND_Jeffrey,NED,,,29.443,29.17,31.314,1.072,1,
4426,Jakarta,2023,25/02/2023,NC,F,2,6,YAMASAKI_Kento,RKD,,,27.57,26.808,29.828,1.51,4,
4427,Cairo,2023,16/03/2023,NC,R1,1,1,LAVREYSEN_Harrie,NED,10009535686,,33.744,33.82,35.496,0.838,1,
4428,Cairo,2023,16/03/2023,NC,R1,1,2,VIGIER_Sébastien,FRA,10010678569,,30.09,30.081,31.763,0.841,2,
4429,Cairo,2023,16/03/2023,NC,R1,1,3,SPIES_Jean,RSA,10007351671,,17.892,18.297,20.591,1.147,4,
4430,Cairo,2023,16/03/2023,NC,R1,1,4,VILAR_Lucas_Oscar,ARG,10050089669,,17.108,17.353,23.273,2.96,5,
4431,Cairo,2023,16/03/2023,NC,R1,1,5,ELKATHCHOONGO_David,IND,10095274996,,19.968,19.044,22.936,1.946,3,
4432,Cairo,2023,16/03/2023,NC,R1,2,1,NAKANO_Shinji,JPN,10021114658,,26.149,27.538,31.466,1.964,3,
4433,Cairo,2023,16/03/2023,NC,R1,2,2,SAUNDERS_Callum,NZL,10009012391,,28.444,28.619,31.047,1.214,2,
4434,Cairo,2023,16/03/2023,NC,R1,2,3,?ECHMAN_Martin,CZE,10010166590,,22.664,23.563,28.053,2.245,4,
4435,Cairo,2023,16/03/2023,NC,R1,2,4,?_KANG_??_Shih_Feng,TPE,10010608447,,9,17.362,26.052,4.345,5,
4436,Cairo,2023,16/03/2023,NC,R1,2,5,QUINTERO_CHAVARRO_Kevin_Santiago,COL,10010830840,,29.484,29.236,30.772,0.768,1,
4437,Cairo,2023,16/03/2023,NC,R1,3,1,OTA_Kaiya,JPN,10122775712,,9,24.231,35.257,5.513,5,
4438,Cairo,2023,16/03/2023,NC,R1,3,2,DERACHE_Tom,FRA,10026071156,,21.874,24.002,29.694,2.846,3,
4439,Cairo,2023,16/03/2023,NC,R1,3,3,RAMIREZ_MORALES_Santiago,COL,10009039774,,26.138,26.154,28.136,0.991,1,
4440,Cairo,2023,16/03/2023,NC,R1,3,4,DANYLCHUK_Bohdan,UKR,10088729419,,17.72,18.65,23.472,2.411,4,
4441,Cairo,2023,16/03/2023,NC,R1,3,5,RAJKOWSKI_Patryk,POL,10009176281,,24.498,24.253,26.085,0.916,2,
4442,Cairo,2023,16/03/2023,NC,R1,4,1,ANGSUTHASAWIT_Jai,THA,10009009159,,28.144,28.308,30.012,0.852,1,
4443,Cairo,2023,16/03/2023,NC,R1,4,2,SARNECKI_Rafal,POL,10005953154,,25.042,25.283,27.899,1.308,2,
4444,Cairo,2023,16/03/2023,NC,R1,4,3,TJON_EN_FA_Jaïr,SUR,10117936018,,24.24,24.263,26.209,0.973,3,
4445,Cairo,2023,16/03/2023,NC,R1,4,4,SZALONTAY_Sándor,HUN,10007073506,,21.959,21.935,23.589,0.827,4,
4446,Cairo,2023,16/03/2023,NC,R1,4,5,TO_Cheuk_Hei,HKG,10063279447,,19.368,18.307,22.841,2.267,5,
4447,Cairo,2023,16/03/2023,NC,R1,5,1,TURNBULL_Hamish,GBR,10015483305,,23.167,23.818,26.632,1.407,2,
4448,Cairo,2023,16/03/2023,NC,R1,5,2,DÖRNBACH_Maximilian,GER,10007779683,,25.948,25.945,28.405,1.23,1,
4449,Cairo,2023,16/03/2023,NC,R1,5,3,XUE_Chenxi,CHN,10129788610,,18.112,18.794,23.438,2.322,3,
4450,Cairo,2023,16/03/2023,NC,R1,5,4,CHUGAY_Andrey,KAZ,10023551075,,15.138,15.593,19.981,2.194,5,
4451,Cairo,2023,16/03/2023,NC,R1,5,5,BOONE_Evan,USA,10072398356,,17.38,15.92,20.874,2.477,4,
4452,Cairo,2023,16/03/2023,NC,R1,6,1,JURCZYK_Marc,GER,10009178002,,25.044,25.294,27.16,0.933,2,
4453,Cairo,2023,16/03/2023,NC,R1,6,2,PONOMARYOV_Sergey,KAZ,10010797292,,26.002,26.03,27.896,0.933,1,
4454,Cairo,2023,16/03/2023,NC,R1,6,3,MOHD_ZONIS_Muhammad_Fadhil,MAS,10010645732,,20.097,20.381,23.371,1.495,3,
4455,Cairo,2023,16/03/2023,NC,R1,6,4,BOHUSLÁVEK_Mat?j,CZE,10009903983,,14.27,15.469,21.259,2.895,5,
4456,Cairo,2023,16/03/2023,NC,R1,6,5,DENYSENKO_Vladyslav,UKR,10088726789,,16.596,15.467,21.231,2.882,4,
4457,Cairo,2023,16/03/2023,NC,R1,6,6,SALEM_Abdelrahman,EGY,10122266258,,9,3.639,14.589,5.475,6,
4458,Cairo,2023,16/03/2023,NC,R1,7,1,PAUL_Nicholas,TTO,10010821241,,31.288,31.503,34.315,1.406,1,
4459,Cairo,2023,16/03/2023,NC,R1,7,2,MARTINEZ_CHORRO_Alejandro,ESP,10011152354,,18.757,19.892,23.028,1.568,5,
4460,Cairo,2023,16/03/2023,NC,R1,7,3,VERDUGO_OSUNA_Edgar,MEX,10007890932,,20.804,21.129,23.469,1.17,4,
4461,Cairo,2023,16/03/2023,NC,R1,7,4,SAHROM_Muhammad_Shah_Firdaus,MAS,10009150215,,26.231,26.13,27.656,0.763,2,
4462,Cairo,2023,16/03/2023,NC,R1,7,5,HASSAN_Hussein,EGY,10092163118,,9,13.856,22.366,4.255,6,
4463,Cairo,2023,16/03/2023,NC,R1,7,6,CANELON_VERA_Hersony_Gadiel,VEN,10004717719,,24.464,24.225,25.773,0.774,3,
4464,Cairo,2023,16/03/2023,NC,R1,8,1,TERASAKI_Kohei,RKD,10010592279,,24.919,25.902,29.192,1.645,2,
4465,Cairo,2023,16/03/2023,NC,R1,8,2,BENIUŠIS_Justas,LTU,10010170331,,9,20.849,29.597,4.374,5,
4466,Cairo,2023,16/03/2023,NC,R1,8,3,MORENO_SANCHEZ_Jose,ESP,10007502427,,22.777,23.018,25.326,1.154,3,
4467,Cairo,2023,16/03/2023,NC,R1,8,4,SWART_James,RSA,10089127018,,9,16.588,25.08,4.246,5,
4468,Cairo,2023,16/03/2023,NC,R1,8,5,BROWNE_Kwesi,TTO,10009010876,,25.985,25.841,27.307,0.733,1,
4469,Cairo,2023,16/03/2023,NC,R1,8,6,BRETAS_Sotirios,GRE,10006063086,,19.884,19.498,22.318,1.41,4,
4470,Cairo,2023,16/03/2023,NC,R1,9,1,CARLIN_Jack,GBR,10009967641,,29.698,29.779,31.289,0.755,2,
4471,Cairo,2023,16/03/2023,NC,R1,9,2,BIANCHI_Matteo,ITA,10028995102,,10.41,14.753,19.451,2.349,5,
4472,Cairo,2023,16/03/2023,NC,R1,9,3,LENDEL_Vasilijus,LTU,10009181234,,24.48,24.501,25.947,0.723,3,
4473,Cairo,2023,16/03/2023,NC,R1,9,4,YAKOVLEV_Mikhail,ISR,10034964036,,31.786,30.122,33.652,1.765,1,
4474,Cairo,2023,16/03/2023,NC,R1,9,5,KALOGEROPOULOS_Ioannis,GRE,10009073524,,7.685,11.194,17.922,3.364,6,
4475,Cairo,2023,16/03/2023,NC,R1,9,6,SAHROM_Muhammad_Ridwan,AZA,10049101683,,16.485,14.9,20.124,2.612,4,
4476,Cairo,2023,16/03/2023,NC,R1,10,1,YAMASAKI_Kento,RKD,10020900955,,26.808,27.349,30.297,1.474,1,
4477,Cairo,2023,16/03/2023,NC,R1,10,2,PREDOMO_Mattia,ITA,10034048600,,9,19.613,28.591,4.489,5,
4478,Cairo,2023,16/03/2023,NC,R1,10,3,ESOW_Esow,IND,10050873046,,20.575,20.966,24.096,1.565,3,
4479,Cairo,2023,16/03/2023,NC,R1,10,4,RUIZ_TERAN_Juan,MEX,10064034229,,15.485,16.407,20.365,1.979,4,
4480,Cairo,2023,16/03/2023,NC,R1,10,5,TRUMAN_Joseph,TIN,10017950943,,25.936,25.645,27.323,0.839,2,
4481,Cairo,2023,16/03/2023,NC,R1,10,6,REID_Malik,JAM,10057795513,,8.075,7.924,13.018,2.547,6,
4482,Cairo,2023,16/03/2023,NC,Rep,1,1,VIGIER_Sébastien,FRA,10010678569,,30.081,30.214,31.89,0.838,1,
4483,Cairo,2023,16/03/2023,NC,Rep,1,2,DÖRNBACH_Maximilian,GER,10007779683,,25.945,26.16,28.566,1.203,2,
4484,Cairo,2023,16/03/2023,NC,Rep,1,3,PREDOMO_Mattia,ITA,10034048600,,19.613,20.852,27.678,3.413,3,
4485,Cairo,2023,16/03/2023,NC,Rep,1,4,TO_Cheuk_Hei,HKG,10063279447,,18.307,18.683,22.881,2.099,4,
4486,Cairo,2023,16/03/2023,NC,Rep,1,5,SWART_James,RSA,10089127018,,16.588,15.133,22.003,3.435,5,
4487,Cairo,2023,16/03/2023,NC,Rep,1,6,SALEM_Abdelrahman,EGY,10122266258,,3.639,2.994,12.318,4.662,6,
4488,Cairo,2023,16/03/2023,NC,Rep,2,1,SZALONTAY_Sándor,HUN,10007073506,,21.935,22.204,23.846,0.821,2,
4489,Cairo,2023,16/03/2023,NC,Rep,2,2,MARTINEZ_CHORRO_Alejandro,ESP,10011152354,,19.892,20.569,23.559,1.495,4,
4490,Cairo,2023,16/03/2023,NC,Rep,2,3,BROWNE_Kwesi,TTO,10009010876,,25.841,25.78,27.238,0.729,1,
4491,Cairo,2023,16/03/2023,NC,Rep,2,4,XUE_Chenxi,CHN,10129788610,,18.794,19.02,23.208,2.094,5,
4492,Cairo,2023,16/03/2023,NC,Rep,2,5,SPIES_Jean,RSA,10007351671,,18.297,18.289,20.531,1.121,6,
4493,Cairo,2023,16/03/2023,NC,Rep,2,6,ESOW_Esow,IND,10050873046,,20.966,20.172,23.182,1.505,3,
4494,Cairo,2023,16/03/2023,NC,Rep,3,1,TJON_EN_FA_Jaïr,SUR,10117936018,,24.263,24.469,26.397,0.964,1,
4495,Cairo,2023,16/03/2023,NC,Rep,3,2,CHUGAY_Andrey,KAZ,10023551075,,15.593,17.155,21.189,2.017,5,
4496,Cairo,2023,16/03/2023,NC,Rep,3,3,VERDUGO_OSUNA_Edgar,MEX,10007890932,,21.129,21.139,23.425,1.143,2,
4497,Cairo,2023,16/03/2023,NC,Rep,3,4,VILAR_Lucas_Oscar,ARG,10050089669,,17.353,17.089,22.205,2.558,4,
4498,Cairo,2023,16/03/2023,NC,Rep,3,5,BRETAS_Sotirios,GRE,10006063086,,19.498,18.988,21.73,1.371,3,
4499,Cairo,2023,16/03/2023,NC,Rep,4,1,SAHROM_Muhammad_Shah_Firdaus,MAS,10009150215,,26.13,26.271,27.793,0.761,1,
4500,Cairo,2023,16/03/2023,NC,Rep,4,2,SARNECKI_Rafal,POL,10005953154,,25.283,25.354,27.898,1.272,2,
4501,Cairo,2023,16/03/2023,NC,Rep,4,3,RUIZ_TERAN_Juan,MEX,10064034229,,16.407,17.369,21.055,1.843,4,
4502,Cairo,2023,16/03/2023,NC,Rep,4,4,BOONE_Evan,USA,10072398356,,15.92,16.549,20.989,2.22,5,
4503,Cairo,2023,16/03/2023,NC,Rep,4,5,ELKATHCHOONGO_David,IND,10095274996,,19.044,18.51,22.152,1.821,3,
4504,Cairo,2023,16/03/2023,NC,Rep,4,6,BIANCHI_Matteo,ITA,10028995102,,14.753,13.863,18.237,2.187,6,
4505,Cairo,2023,16/03/2023,NC,Rep,5,1,SAUNDERS_Callum,NZL,10009012391,,28.619,28.899,31.289,1.195,1,
4506,Cairo,2023,16/03/2023,NC,Rep,5,2,LENDEL_Vasilijus,LTU,10009181234,,24.501,24.607,26.049,0.721,3,
4507,Cairo,2023,16/03/2023,NC,Rep,5,3,PONOMARYOV_Sergey,KAZ,10010797292,,26.03,25.981,27.823,0.921,2,
4508,Cairo,2023,16/03/2023,NC,Rep,5,4,RAJKOWSKI_Patryk,POL,10009176281,,24.253,24.123,25.935,0.906,4,
4509,Cairo,2023,16/03/2023,NC,Rep,5,5,REID_Malik,JAM,10057795513,,7.924,9.406,14.1,2.347,6,
4510,Cairo,2023,16/03/2023,NC,Rep,5,6,HASSAN_Hussein,EGY,10092163118,,13.856,10.534,17.61,3.538,5,
4511,Cairo,2023,16/03/2023,NC,Rep,6,1,YAKOVLEV_Mikhail,ISR,10034964036,,30.122,30.421,33.873,1.726,1,
4512,Cairo,2023,16/03/2023,NC,Rep,6,2,MOHD_ZONIS_Muhammad_Fadhil,MAS,10010645732,,20.381,21.013,23.909,1.448,3,
4513,Cairo,2023,16/03/2023,NC,Rep,6,3,?ECHMAN_Martin,CZE,10010166590,,23.563,23.131,27.297,2.083,2,
4514,Cairo,2023,16/03/2023,NC,Rep,6,4,DANYLCHUK_Bohdan,UKR,10088729419,,18.65,17.998,22.534,2.268,4,
4515,Cairo,2023,16/03/2023,NC,Rep,7,1,?_KANG_??_Shih_Feng,TPE,10010608447,,17.362,22.787,29.977,3.595,3,
4516,Cairo,2023,16/03/2023,NC,Rep,7,2,RAMIREZ_MORALES_Santiago,COL,10009039774,,26.154,26.226,28.186,0.98,1,
4517,Cairo,2023,16/03/2023,NC,Rep,7,3,BENIUŠIS_Justas,LTU,10010170331,,20.849,20.468,27.332,3.432,2,
4518,Cairo,2023,16/03/2023,NC,Rep,7,4,KALOGEROPOULOS_Ioannis,GRE,10009073524,,11.194,12.931,18.771,2.92,5,
4519,Cairo,2023,16/03/2023,NC,Rep,7,5,BOHUSLÁVEK_Mat?j,CZE,10009903983,,15.469,14.145,19.455,2.655,4,
4520,Cairo,2023,16/03/2023,NC,Rep,8,1,QUINTERO_CHAVARRO_Kevin_Santiago,COL,10010830840,,29.236,29.257,30.797,0.77,1,
4521,Cairo,2023,16/03/2023,NC,Rep,8,2,SAHROM_Muhammad_Ridwan,AZA,10049101683,,14.9,15.985,20.869,2.442,3,
4522,Cairo,2023,16/03/2023,NC,Rep,8,3,DENYSENKO_Vladyslav,UKR,10088726789,,15.467,14.604,19.982,2.689,2,
4523,Cairo,2023,16/03/2023,NC,R2,1,1,YAMASAKI_Kento,RKD,10020900955,,27.349,28.047,30.897,1.425,3,
4524,Cairo,2023,16/03/2023,NC,R2,1,2,TJON_EN_FA_Jaïr,SUR,10117936018,,24.469,24.792,26.69,0.949,5,
4525,Cairo,2023,16/03/2023,NC,R2,1,3,SZALONTAY_Sándor,HUN,10007073506,,22.204,22.447,24.073,0.813,6,
4526,Cairo,2023,16/03/2023,NC,R2,1,4,QUINTERO_CHAVARRO_Kevin_Santiago,COL,10010830840,,29.257,29.179,30.707,0.764,2,
4527,Cairo,2023,16/03/2023,NC,R2,1,5,LAVREYSEN_Harrie,NED,10009535686,,33.82,33.472,35.13,0.829,1,
4528,Cairo,2023,16/03/2023,NC,R2,1,6,JURCZYK_Marc,GER,10009178002,,25.294,25.089,26.935,0.923,4,
4529,Cairo,2023,16/03/2023,NC,R2,2,1,NAKANO_Shinji,JPN,10021114658,,27.538,28.851,32.559,1.854,3,
4530,Cairo,2023,16/03/2023,NC,R2,2,2,VIGIER_Sébastien,FRA,10010678569,,30.214,30.308,31.97,0.831,2,
4531,Cairo,2023,16/03/2023,NC,R2,2,3,SAHROM_Muhammad_Shah_Firdaus,MAS,10009150215,,26.271,26.389,27.901,0.756,4,
4532,Cairo,2023,16/03/2023,NC,R2,2,4,?_KANG_??_Shih_Feng,TPE,10010608447,,22.787,23.728,29.486,2.879,6,
4533,Cairo,2023,16/03/2023,NC,R2,2,5,TURNBULL_Hamish,GBR,10015483305,,23.818,23.904,26.614,1.355,5,
4534,Cairo,2023,16/03/2023,NC,R2,2,6,PAUL_Nicholas,TTO,10010821241,,31.503,30.541,33.259,1.359,1,
4535,Cairo,2023,16/03/2023,NC,R2,3,1,OTA_Kaiya,JPN,10122775712,,24.231,30.838,39.448,4.305,6,
4536,Cairo,2023,16/03/2023,NC,R2,3,2,SAUNDERS_Callum,NZL,10009012391,,28.899,29.315,31.649,1.167,3,
4537,Cairo,2023,16/03/2023,NC,R2,3,3,CARLIN_Jack,GBR,10009967641,,29.779,29.846,31.348,0.751,2,
4538,Cairo,2023,16/03/2023,NC,R2,3,4,TERASAKI_Kohei,RKD,10010592279,,25.902,26.265,29.385,1.56,5,
4539,Cairo,2023,16/03/2023,NC,R2,3,5,YAKOVLEV_Mikhail,ISR,10034964036,,30.421,29.792,33.054,1.631,1,
4540,Cairo,2023,16/03/2023,NC,R2,3,6,ANGSUTHASAWIT_Jai,THA,10009009159,,28.308,28.11,29.802,0.846,4,
4541,Cairo,2023,16/03/2023,NC,R3,1,1,VIGIER_Sébastien,FRA,10010678569,,30.308,30.488,32.142,0.827,2,
4542,Cairo,2023,16/03/2023,NC,R3,1,2,SAHROM_Muhammad_Shah_Firdaus,MAS,10009150215,,26.389,26.546,28.052,0.753,4,
4543,Cairo,2023,16/03/2023,NC,R3,1,3,OTA_Kaiya,JPN,10122775712,,30.838,28.017,34.615,3.299,1,
4544,Cairo,2023,16/03/2023,NC,R3,1,4,QUINTERO_CHAVARRO_Kevin_Santiago,COL,10010830840,,29.179,29.037,30.561,0.762,3,
4545,Cairo,2023,16/03/2023,NC,R3,2,1,NAKANO_Shinji,JPN,10021114658,,28.851,29.726,33.266,1.77,2,
4546,Cairo,2023,16/03/2023,NC,R3,2,2,TJON_EN_FA_Jaïr,SUR,10117936018,,24.792,25.112,26.984,0.936,4,
4547,Cairo,2023,16/03/2023,NC,R3,2,3,TERASAKI_Kohei,RKD,10010592279,,26.265,26.511,29.485,1.487,3,
4548,Cairo,2023,16/03/2023,NC,R3,2,4,SAUNDERS_Callum,NZL,10009012391,,29.315,29.099,31.375,1.138,1,
4549,Cairo,2023,16/03/2023,NC,R3,2,5,?_KANG_??_Shih_Feng,TPE,10010608447,,23.728,23.012,28.016,2.502,5,
4550,Cairo,2023,16/03/2023,NC,R3,2,6,SZALONTAY_Sándor,HUN,10007073506,,22.447,22.325,23.945,0.81,6,
4551,Cairo,2023,16/03/2023,NC,Final,1,1,NAKANO_Shinji,JPN,10021114658,,29.726,30.614,34,1.693,2,
4552,Cairo,2023,16/03/2023,NC,Final,1,2,SAHROM_Muhammad_Shah_Firdaus,MAS,10009150215,,26.546,26.748,28.246,0.749,4,
4553,Cairo,2023,16/03/2023,NC,Final,1,3,OTA_Kaiya,JPN,10122775712,,28.017,28.09,33.54,2.725,3,
4554,Cairo,2023,16/03/2023,NC,Final,1,4,TERASAKI_Kohei,RKD,10010592279,,26.511,26.615,29.463,1.424,5,
4555,Cairo,2023,16/03/2023,NC,Final,1,5,TJON_EN_FA_Jaïr,SUR,10117936018,,25.112,25.125,26.971,0.923,6,
4556,Cairo,2023,16/03/2023,NC,Final,1,6,VIGIER_Sébastien,FRA,10010678569,,30.488,30.189,31.831,0.821,1,
4557,Cairo,2023,16/03/2023,NC,Final,2,1,QUINTERO_CHAVARRO_Kevin_Santiago,COL,10010830840,,29.037,29.241,30.759,0.759,3,
4558,Cairo,2023,16/03/2023,NC,Final,2,2,CARLIN_Jack,GBR,10009967641,,29.846,29.92,31.414,0.747,1,
4559,Cairo,2023,16/03/2023,NC,Final,2,3,?_KANG_??_Shih_Feng,TPE,10010608447,,23.012,24.316,28.76,2.222,5,
4560,Cairo,2023,16/03/2023,NC,Final,2,4,YAMASAKI_Kento,RKD,10020900955,,28.047,27.909,30.649,1.37,4,
4561,Cairo,2023,16/03/2023,NC,Final,2,5,SAUNDERS_Callum,NZL,10009012391,,29.099,28.767,30.993,1.113,2,
4562,Cairo,2023,16/03/2023,NC,Final,2,6,SZALONTAY_Sándor,HUN,10007073506,,22.325,22.227,23.841,0.807,6,
4563,Cairo,2023,16/03/2023,NC,Final,1,1,Bremer,JPN,,,9,,,,,
