,Location,Year,Date,Event,Round,Heat,Rank,Athlete,Country,UCI_ID,Age,Initial_CSE,Final_CSE,ExpectedRank,RatingChange
0,Astana,2012,2011-11-05,WC,R1,1,1,BÖTTICHER_Stefan,GER,10048325582.0,19.8,9.0,22.091,1.0,
1,Astana,2012,2011-11-05,WC,R1,1,2,ZHANG_Miao,CHN_,10006737945.0,23.2,9.0,17.986,1.0,
2,Astana,2012,2011-11-05,WC,R1,1,3,PHILLIP_Njisane,TTO,10006898401.0,20.4,9.0,14.16,1.0,
3,Astana,2012,2011-11-05,WC,R1,1,4,D'ALMEIDA_Michael,FRA,10004618796.0,24.2,9.0,9.870000000000001,1.0,
4,Astana,2012,2011-11-05,WC,R1,1,5,TEKLINSKI_Adrian,POL,10005364585.0,22.0,9.0,3.365,1.0,
5,Astana,2012,2011-11-05,WC,R1,2,1,HOY_Chris,SKY_,10001564310.0,35.6,9.0,22.091,1.0,
6,Astana,2012,2011-11-05,WC,R1,2,2,POLYNSKIY_Sergey,PHL_,10003291718.0,30.1,9.0,17.986,1.0,
7,Astana,2012,2011-11-05,WC,R1,2,3,VELOCE_Joseph,CAN_,10006105930.0,22.5,9.0,14.16,1.0,
8,Astana,2012,2011-11-05,WC,R1,2,4,NAKAGAWA_Seiichiro,JPN_,10002830360.0,32.4,9.0,9.870000000000001,1.0,
9,Astana,2012,2011-11-05,WC,R1,2,5,MASSIE_Giddeon,USA,10002260484.0,30.2,9.0,3.365,1.0,
10,Astana,2012,2011-11-05,WC,R1,3,1,VOLIKAKIS_Christos,GRE,10004633247.0,23.6,9.0,22.091,1.0,
11,Astana,2012,2011-11-05,WC,R1,3,2,MAZQUIARAN_URIA_Hodei,ESP_,10004613039.0,22.9,9.0,17.986,1.0,
12,Astana,2012,2011-11-05,WC,R1,3,3,HAAK_Hugo,NED_,10006900320.0,20.0,9.0,14.16,1.0,
13,Astana,2012,2011-11-05,WC,R1,3,4,ASKARI_Ali,IRI,10006115327.0,21.6,9.0,9.870000000000001,1.0,
14,Astana,2012,2011-11-05,WC,R1,3,5,CECI_Luca,ITA,10006108051.0,22.8,9.0,3.365,1.0,
15,Astana,2012,2011-11-05,WC,R1,4,1,PERKINS_Shane_Alan,RUS,10051694112.0,24.8,9.0,22.091,1.0,
16,Astana,2012,2011-11-05,WC,R1,4,2,WÄCHTER_Tobias,GER,10036244537.0,23.3,9.0,17.986,1.0,
17,Astana,2012,2011-11-05,WC,R1,4,3,KUBEEV_Andrey,RUS_,10006173931.0,,9.0,14.16,1.0,
18,Astana,2012,2011-11-05,WC,R1,4,4,NITTA_Yudai,JPN,10005727327.0,25.8,9.0,9.870000000000001,1.0,
19,Astana,2012,2011-11-05,WC,R1,4,5,VYNOKUROV_Andrii,UKR,10002418415.0,29.2,9.0,3.365,1.0,
20,Astana,2012,2011-11-05,WC,R1,5,1,LEVY_Maximilian,GER,10004601723.0,24.4,9.0,23.342999999999996,1.0,
21,Astana,2012,2011-11-05,WC,R1,5,2,CANELON_VERA_Hersony_Gadiel,VEN,10004717719.0,22.9,9.0,19.603,1.0,
22,Astana,2012,2011-11-05,WC,R1,5,3,CECI_Francesco,ITA,10006073493.0,21.9,9.0,16.281999999999996,1.0,
23,Astana,2012,2011-11-05,WC,R1,5,4,NARVAEZ_ROMERO_Leonardo,COL,10002288069.0,30.9,9.0,12.906,1.0,
24,Astana,2012,2011-11-05,WC,R1,5,5,"NG_Onn_Lam,_Josiah",MAS_,10055651813.0,,9.0,8.944999999999999,1.0,
25,Astana,2012,2011-11-05,WC,R1,5,6,CIPRIANO_Flavio_Vagner,BRA,10007165755.0,21.8,9.0,2.7489999999999988,1.0,
26,Astana,2012,2011-11-05,WC,R1,6,1,BORISOV_Sergei,RUS,10002558558.0,28.8,9.0,23.342999999999996,1.0,
27,Astana,2012,2011-11-05,WC,R1,6,2,AWANG_Mohd_Azizulhasni,MAS,10004868370.0,23.8,9.0,19.603,1.0,
28,Astana,2012,2011-11-05,WC,R1,6,3,ESTERHUIZEN_Bernard,RSA_,10006893852.0,19.1,9.0,16.281999999999996,1.0,
29,Astana,2012,2011-11-05,WC,R1,6,4,ŠPIČKA_Denis,CZE_,10004723476.0,23.2,9.0,12.906,1.0,
30,Astana,2012,2011-11-05,WC,R1,6,5,KENNY_Jason,GBR,10004599194.0,23.6,9.0,8.944999999999999,1.0,
31,Astana,2012,2011-11-05,WC,R1,6,6,AUDI_Raja,LIB,10006107748.0,32.0,9.0,2.7489999999999988,1.0,
32,Astana,2012,2011-11-05,WC,Rep,1,1,ZHANG_Miao,CHN_,10006737945.0,23.2,17.986,21.722,1.0,
33,Astana,2012,2011-11-05,WC,Rep,1,2,VYNOKUROV_Andrii,UKR,10002418415.0,29.2,3.365,12.339,3.0,
34,Astana,2012,2011-11-05,WC,Rep,1,3,ESTERHUIZEN_Bernard,RSA_,10006893852.0,19.1,16.281999999999996,14.113000000000001,2.0,
35,Astana,2012,2011-11-05,WC,Rep,1,4,CECI_Luca,ITA,10006108051.0,22.8,3.365,2.3660000000000014,3.0,
36,Astana,2012,2011-11-05,WC,Rep,2,1,NITTA_Yudai,JPN,10005727327.0,25.8,9.870000000000001,19.402,4.0,
37,Astana,2012,2011-11-05,WC,Rep,2,2,POLYNSKIY_Sergey,PHL_,10003291718.0,30.1,17.986,19.913999999999998,1.0,
38,Astana,2012,2011-11-05,WC,Rep,2,3,CECI_Francesco,ITA,10006073493.0,21.9,16.281999999999996,16.506,2.0,
39,Astana,2012,2011-11-05,WC,Rep,2,4,NARVAEZ_ROMERO_Leonardo,COL,10002288069.0,30.9,12.906,10.92,3.0,
40,Astana,2012,2011-11-05,WC,Rep,3,1,MAZQUIARAN_URIA_Hodei,ESP_,10004613039.0,22.9,17.986,22.204,1.0,
41,Astana,2012,2011-11-05,WC,Rep,3,2,KUBEEV_Andrey,RUS_,10006173931.0,,14.16,16.516,2.0,
42,Astana,2012,2011-11-05,WC,Rep,3,3,CIPRIANO_Flavio_Vagner,BRA,10007165755.0,21.8,2.7489999999999988,7.994,4.0,
43,Astana,2012,2011-11-05,WC,Rep,3,4,ASKARI_Ali,IRI,10006115327.0,21.6,9.870000000000001,6.626999999999999,3.0,
44,Astana,2012,2011-11-05,WC,Rep,4,1,HAAK_Hugo,NED_,10006900320.0,20.0,14.16,20.091,2.0,
45,Astana,2012,2011-11-05,WC,Rep,4,2,NAKAGAWA_Seiichiro,JPN_,10002830360.0,32.4,9.870000000000001,15.414,3.0,
46,Astana,2012,2011-11-05,WC,Rep,4,3,TEKLINSKI_Adrian,POL,10005364585.0,22.0,3.365,10.706,4.0,
47,Astana,2012,2011-11-05,WC,Rep,4,4,WÄCHTER_Tobias,GER,10036244537.0,23.3,17.986,13.408,1.0,
48,Astana,2012,2011-11-05,WC,Rep,4,5,AUDI_Raja,LIB,10006107748.0,32.0,2.7489999999999988,1.5719999999999992,5.0,
49,Astana,2012,2011-11-05,WC,Rep,5,1,D'ALMEIDA_Michael,FRA,10004618796.0,24.2,9.870000000000001,18.860999999999997,3.0,
50,Astana,2012,2011-11-05,WC,Rep,5,2,CANELON_VERA_Hersony_Gadiel,VEN,10004717719.0,22.9,19.603,19.893,1.0,
51,Astana,2012,2011-11-05,WC,Rep,5,3,KENNY_Jason,GBR,10004599194.0,23.6,8.944999999999999,12.389,4.0,
52,Astana,2012,2011-11-05,WC,Rep,5,4,VELOCE_Joseph,CAN_,10006105930.0,22.5,14.16,10.721000000000002,2.0,
53,Astana,2012,2011-11-05,WC,Rep,6,1,"NG_Onn_Lam,_Josiah",MAS_,10055651813.0,,8.944999999999999,18.160999999999998,4.0,
54,Astana,2012,2011-11-05,WC,Rep,6,2,ŠPIČKA_Denis,CZE_,10004723476.0,23.2,12.906,17.323,3.0,
55,Astana,2012,2011-11-05,WC,Rep,6,3,AWANG_Mohd_Azizulhasni,MAS,10004868370.0,23.8,19.603,17.662999999999997,1.0,
56,Astana,2012,2011-11-05,WC,Rep,6,4,PHILLIP_Njisane,TTO,10006898401.0,20.4,14.16,11.517,2.0,
57,Astana,2012,2011-11-05,WC,R2,1,1,"NG_Onn_Lam,_Josiah",MAS_,10055651813.0,,18.160999999999998,25.842,6.0,
58,Astana,2012,2011-11-05,WC,R2,1,2,BORISOV_Sergei,RUS,10002558558.0,28.8,23.342999999999996,27.279999999999998,1.0,
59,Astana,2012,2011-11-05,WC,R2,1,3,HAAK_Hugo,NED_,10006900320.0,20.0,20.091,23.811,5.0,
60,Astana,2012,2011-11-05,WC,R2,1,4,MAZQUIARAN_URIA_Hodei,ESP_,10004613039.0,22.9,22.204,23.211000000000002,2.0,
61,Astana,2012,2011-11-05,WC,R2,1,5,BÖTTICHER_Stefan,GER,10048325582.0,19.8,22.091,20.516,3.0,
62,Astana,2012,2011-11-05,WC,R2,1,6,PERKINS_Shane_Alan,RUS,10051694112.0,24.8,22.091,16.782,3.0,
63,Astana,2012,2011-11-05,WC,R2,2,1,LEVY_Maximilian,GER,10004601723.0,24.4,23.342999999999996,31.756999999999998,1.0,
64,Astana,2012,2011-11-05,WC,R2,2,2,HOY_Chris,SKY_,10001564310.0,35.6,22.091,28.445000000000004,2.0,
65,Astana,2012,2011-11-05,WC,R2,2,3,VOLIKAKIS_Christos,GRE,10004633247.0,23.6,22.091,25.830999999999996,2.0,
66,Astana,2012,2011-11-05,WC,R2,2,4,D'ALMEIDA_Michael,FRA,10004618796.0,24.2,18.860999999999997,21.949,6.0,
67,Astana,2012,2011-11-05,WC,R2,2,5,ZHANG_Miao,CHN_,10006737945.0,23.2,21.722,21.154,4.0,
68,Astana,2012,2011-11-05,WC,R2,2,6,NITTA_Yudai,JPN,10005727327.0,25.8,19.402,17.269,5.0,
69,Astana,2012,2011-11-05,WC,Final,1,1,VOLIKAKIS_Christos,GRE,10004633247.0,23.6,25.830999999999996,32.145,5.0,
70,Astana,2012,2011-11-05,WC,Final,1,2,HOY_Chris,SKY_,10001564310.0,35.6,28.445000000000004,31.815,2.0,
71,Astana,2012,2011-11-05,WC,Final,1,3,BORISOV_Sergei,RUS,10002558558.0,28.8,27.279999999999998,29.634,3.0,
72,Astana,2012,2011-11-05,WC,Final,1,4,"NG_Onn_Lam,_Josiah",MAS_,10055651813.0,,25.842,27.400999999999996,4.0,
73,Astana,2012,2011-11-05,WC,Final,1,5,LEVY_Maximilian,GER,10004601723.0,24.4,31.756999999999998,28.389,1.0,
74,Astana,2012,2011-11-05,WC,Final,1,6,HAAK_Hugo,NED_,10006900320.0,20.0,23.811,22.606,6.0,
75,Astana,2012,2011-11-05,WC,Final,2,1,BÖTTICHER_Stefan,GER,10048325582.0,19.8,20.516,25.980999999999998,4.0,
76,Astana,2012,2011-11-05,WC,Final,2,2,MAZQUIARAN_URIA_Hodei,ESP_,10004613039.0,22.9,23.211000000000002,25.418,1.0,
77,Astana,2012,2011-11-05,WC,Final,2,3,PERKINS_Shane_Alan,RUS,10051694112.0,24.8,16.782,20.930999999999997,6.0,
78,Astana,2012,2011-11-05,WC,Final,2,4,ZHANG_Miao,CHN_,10006737945.0,23.2,21.154,21.631,3.0,
79,Astana,2012,2011-11-05,WC,Final,2,5,NITTA_Yudai,JPN,10005727327.0,25.8,17.269,18.012,5.0,
80,Astana,2012,2011-11-05,WC,Final,2,6,D'ALMEIDA_Michael,FRA,10004618796.0,24.2,21.949,19.144,2.0,
81,Beijing,2012,2012-01-14,WC,R1,1,1,TAYLOR_Andrew,AUS_,10003030424.0,26.5,9.0,24.406,3.0,
82,Beijing,2012,2012-01-14,WC,R1,1,2,GAO_Song,GPC_,10006148467.0,28.7,9.0,21.04,3.0,
83,Beijing,2012,2012-01-14,WC,R1,1,3,PERALTA_Juan,ESP,10006552534.0,21.7,9.0,18.188,3.0,
84,Beijing,2012,2012-01-14,WC,R1,1,4,NAKAGAWA_Seiichiro,JPN_,10002830360.0,32.6,15.414,17.431,2.0,
85,Beijing,2012,2012-01-14,WC,R1,1,5,CANELON_VERA_Hersony_Gadiel,VEN,10004717719.0,23.1,19.893,17.855,1.0,
86,Beijing,2012,2012-01-14,WC,R1,1,6,JUN_Wongu,KOR_,10006643066.0,,9.0,4.9129999999999985,3.0,
87,Beijing,2012,2012-01-14,WC,R1,2,1,PERVIS_Francois,FRA,10003011125.0,27.2,9.0,19.881999999999998,1.0,
88,Beijing,2012,2012-01-14,WC,R1,2,2,MASSIE_Giddeon,USA,10002260484.0,30.4,3.365,13.894,6.0,
89,Beijing,2012,2012-01-14,WC,R1,2,3,VOLIKAKIS_Zafeiris,GRE,10005505439.0,22.6,9.0,13.167000000000002,1.0,
90,Beijing,2012,2012-01-14,WC,R1,2,4,CIPRIANO_Flavio_Vagner,BRA,10007165755.0,22.0,7.994,10.438,5.0,
91,Beijing,2012,2012-01-14,WC,R1,2,5,CHEUNG_Joy_Lai,HKG_,10006278914.0,19.5,9.0,6.773,1.0,
92,Beijing,2012,2012-01-14,WC,R1,2,6,SZILSKII_Sergei,PHL_,10005748545.0,,9.0,1.2070000000000007,1.0,
93,Beijing,2012,2012-01-14,WC,R1,3,1,PUERTA_ZAPATA_Fabian_Hernando,COL,10006904360.0,20.5,9.0,20.752,2.0,
94,Beijing,2012,2012-01-14,WC,R1,3,2,TEKLINSKI_Adrian,POL,10005364585.0,22.2,10.706,16.225,1.0,
95,Beijing,2012,2012-01-14,WC,R1,3,3,SKINNER_Callum,GBR,10006898296.0,19.4,9.0,14.343000000000002,2.0,
96,Beijing,2012,2012-01-14,WC,R1,3,4,DAWKINS_Edward,NZL,10005782695.0,22.5,9.0,11.373000000000001,2.0,
97,Beijing,2012,2012-01-14,WC,R1,3,5,SMITH_Travis,CAN_,10003302327.0,31.9,9.0,7.754,2.0,
98,Beijing,2012,2012-01-14,WC,R1,3,6,WANG_Qiming,HKP_,10004792588.0,24.6,9.0,1.9160000000000004,2.0,
99,Beijing,2012,2012-01-14,WC,R1,4,1,ZHANG_Miao,CHN_,10006737945.0,23.4,21.631,23.834,1.0,
100,Beijing,2012,2012-01-14,WC,R1,4,2,BÜCHLI_Matthijs,NED,10006900421.0,19.1,9.0,17.521,2.0,
101,Beijing,2012,2012-01-14,WC,R1,4,3,KHOZOV_Vladimir,RUS_,10005510085.0,23.8,9.0,13.989999999999998,2.0,
102,Beijing,2012,2012-01-14,WC,R1,4,4,MD_YUNOS_Muhammad_Edrus,MAS,10004868269.0,24.5,9.0,10.22,2.0,
103,Beijing,2012,2012-01-14,WC,R1,4,5,AUDI_Raja,LIB,10006107748.0,32.2,1.5719999999999992,4.487,6.0,
104,Beijing,2012,2012-01-14,WC,R1,4,6,MASOTTI_Fabio,ITA,10002209661.0,37.6,9.0,0.3490000000000002,2.0,
105,Beijing,2012,2012-01-14,WC,R1,5,1,VYNOKUROV_Andrii,UKR,10002418415.0,29.4,12.339,22.012,3.0,
106,Beijing,2012,2012-01-14,WC,R1,5,2,BORISOV_Sergei,RUS,10002558558.0,29.0,29.634,29.12,1.0,
107,Beijing,2012,2012-01-14,WC,R1,5,3,MAZQUIARAN_URIA_Hodei,ESP_,10004613039.0,23.1,25.418,25.072,2.0,
108,Beijing,2012,2012-01-14,WC,R1,5,4,FENG_Yong,HBC_,10004792184.0,26.1,9.0,12.582999999999998,4.0,
109,Beijing,2012,2012-01-14,WC,R1,5,5,FEIFERLÍK_Martin,CZE_,10006600933.0,21.5,9.0,4.934000000000001,4.0,
110,Beijing,2012,2012-01-14,WC,R1,6,1,WATANABE_Kazunari,JPN,10003349716.0,26.7,9.0,22.772999999999996,4.0,
111,Beijing,2012,2012-01-14,WC,R1,6,2,PHILLIP_Njisane,TTO,10006898401.0,20.6,11.517,18.293999999999997,3.0,
112,Beijing,2012,2012-01-14,WC,R1,6,3,HSIAO_Shih_Hsin,TPE,10006137252.0,21.8,9.0,17.332,4.0,
113,Beijing,2012,2012-01-14,WC,R1,6,4,TANG_Qi,MSP_,10005763400.0,25.2,9.0,15.094000000000001,4.0,
114,Beijing,2012,2012-01-14,WC,R1,6,5,CECI_Francesco,ITA,10006073493.0,22.1,16.506,16.281,1.0,
115,Beijing,2012,2012-01-14,WC,R1,6,6,ESTERHUIZEN_Bernard,RSA_,10006893852.0,19.3,14.113000000000001,13.099,2.0,
116,Beijing,2012,2012-01-14,WC,R1,6,7,ZAID_Mohd_Fattah_Amri,MAS_,10007210417.0,19.8,9.0,3.141,4.0,
117,Beijing,2012,2012-01-14,WC,Rep,1,1,FENG_Yong,HBC_,10004792184.0,26.1,12.582999999999998,20.212,3.0,
118,Beijing,2012,2012-01-14,WC,Rep,1,2,GAO_Song,GPC_,10006148467.0,28.7,21.04,20.969,1.0,
119,Beijing,2012,2012-01-14,WC,Rep,1,3,SZILSKII_Sergei,PHL_,10005748545.0,,1.2070000000000007,9.979,5.0,
120,Beijing,2012,2012-01-14,WC,Rep,1,4,HSIAO_Shih_Hsin,TPE,10006137252.0,21.8,17.332,14.294,2.0,
121,Beijing,2012,2012-01-14,WC,Rep,1,5,AUDI_Raja,LIB,10006107748.0,32.2,4.487,3.957,4.0,
122,Beijing,2012,2012-01-14,WC,Rep,2,1,MAZQUIARAN_URIA_Hodei,ESP_,10004613039.0,23.1,25.072,25.982,1.0,
123,Beijing,2012,2012-01-14,WC,Rep,2,2,MASSIE_Giddeon,USA,10002260484.0,30.4,13.894,17.073,2.0,
124,Beijing,2012,2012-01-14,WC,Rep,2,3,JUN_Wongu,KOR_,10006643066.0,,4.9129999999999985,10.901,5.0,
125,Beijing,2012,2012-01-14,WC,Rep,2,4,MD_YUNOS_Muhammad_Edrus,MAS,10004868269.0,24.5,10.22,10.238,3.0,
126,Beijing,2012,2012-01-14,WC,Rep,2,5,SMITH_Travis,CAN_,10003302327.0,31.9,7.754,5.3469999999999995,4.0,
127,Beijing,2012,2012-01-14,WC,Rep,3,1,DAWKINS_Edward,NZL,10005782695.0,22.5,11.373000000000001,18.501,4.0,
128,Beijing,2012,2012-01-14,WC,Rep,3,2,KHOZOV_Vladimir,RUS_,10005510085.0,23.8,13.989999999999998,17.35,2.0,
129,Beijing,2012,2012-01-14,WC,Rep,3,3,CHEUNG_Joy_Lai,HKG_,10006278914.0,19.5,6.773,12.233,5.0,
130,Beijing,2012,2012-01-14,WC,Rep,3,4,TEKLINSKI_Adrian,POL,10005364585.0,22.2,16.225,15.222000000000001,1.0,
131,Beijing,2012,2012-01-14,WC,Rep,3,5,ESTERHUIZEN_Bernard,RSA_,10006893852.0,19.3,13.099,11.466000000000001,3.0,
132,Beijing,2012,2012-01-14,WC,Rep,4,1,BÜCHLI_Matthijs,NED,10006900421.0,19.1,17.521,21.646,2.0,
133,Beijing,2012,2012-01-14,WC,Rep,4,2,CIPRIANO_Flavio_Vagner,BRA,10007165755.0,22.0,10.438,14.826999999999998,4.0,
134,Beijing,2012,2012-01-14,WC,Rep,4,3,CANELON_VERA_Hersony_Gadiel,VEN,10004717719.0,23.1,17.855,17.644000000000002,1.0,
135,Beijing,2012,2012-01-14,WC,Rep,4,4,SKINNER_Callum,GBR,10006898296.0,19.4,14.343000000000002,12.831,3.0,
136,Beijing,2012,2012-01-14,WC,Rep,4,5,ZAID_Mohd_Fattah_Amri,MAS_,10007210417.0,19.8,3.141,2.231,5.0,
137,Beijing,2012,2012-01-14,WC,Rep,5,1,BORISOV_Sergei,RUS,10002558558.0,29.0,29.12,29.826999999999998,1.0,
138,Beijing,2012,2012-01-14,WC,Rep,5,2,NAKAGAWA_Seiichiro,JPN_,10002830360.0,32.6,17.431,19.774,2.0,
139,Beijing,2012,2012-01-14,WC,Rep,5,3,VOLIKAKIS_Zafeiris,GRE,10005505439.0,22.6,13.167000000000002,15.633000000000001,4.0,
140,Beijing,2012,2012-01-14,WC,Rep,5,4,CECI_Francesco,ITA,10006073493.0,22.1,16.281,15.39,3.0,
141,Beijing,2012,2012-01-14,WC,Rep,5,5,MASOTTI_Fabio,ITA,10002209661.0,37.6,0.3490000000000002,0.07699999999999996,5.0,
142,Beijing,2012,2012-01-14,WC,Rep,6,1,PERALTA_Juan,ESP,10006552534.0,21.7,18.188,22.476,2.0,
143,Beijing,2012,2012-01-14,WC,Rep,6,2,TANG_Qi,MSP_,10005763400.0,25.2,15.094000000000001,18.106,3.0,
144,Beijing,2012,2012-01-14,WC,Rep,6,3,FEIFERLÍK_Martin,CZE_,10006600933.0,21.5,4.934000000000001,11.883000000000001,4.0,
145,Beijing,2012,2012-01-14,WC,Rep,6,4,WANG_Qiming,HKP_,10004792588.0,24.6,1.9160000000000004,8.2,5.0,
146,Beijing,2012,2012-01-14,WC,Rep,6,5,PHILLIP_Njisane,TTO,10006898401.0,20.6,18.293999999999997,14.656999999999998,1.0,
147,Beijing,2012,2012-01-14,WC,R2,1,1,ZHANG_Miao,CHN_,10006737945.0,23.4,23.834,27.528,4.0,
148,Beijing,2012,2012-01-14,WC,R2,1,2,BORISOV_Sergei,RUS,10002558558.0,29.0,29.826999999999998,30.726,1.0,
149,Beijing,2012,2012-01-14,WC,R2,1,3,TAYLOR_Andrew,AUS_,10003030424.0,26.5,24.406,26.660000000000004,3.0,
150,Beijing,2012,2012-01-14,WC,R2,1,4,WATANABE_Kazunari,JPN,10003349716.0,26.7,22.772999999999996,24.104,5.0,
151,Beijing,2012,2012-01-14,WC,R2,1,5,MAZQUIARAN_URIA_Hodei,ESP_,10004613039.0,23.1,25.982,25.347,2.0,
152,Beijing,2012,2012-01-14,WC,R2,1,6,DAWKINS_Edward,NZL,10005782695.0,22.5,18.501,17.25,6.0,
153,Beijing,2012,2012-01-14,WC,R2,2,1,PERVIS_Francois,FRA,10003011125.0,27.2,19.881999999999998,29.267000000000003,6.0,
154,Beijing,2012,2012-01-14,WC,R2,2,2,PERALTA_Juan,ESP,10006552534.0,21.7,22.476,26.673000000000002,1.0,
155,Beijing,2012,2012-01-14,WC,R2,2,3,PUERTA_ZAPATA_Fabian_Hernando,COL,10006904360.0,20.5,20.752,24.705000000000002,4.0,
156,Beijing,2012,2012-01-14,WC,R2,2,4,BÜCHLI_Matthijs,NED,10006900421.0,19.1,21.646,23.083,3.0,
157,Beijing,2012,2012-01-14,WC,R2,2,5,VYNOKUROV_Andrii,UKR,10002418415.0,29.4,22.012,21.741,2.0,
158,Beijing,2012,2012-01-14,WC,R2,2,6,FENG_Yong,HBC_,10004792184.0,26.1,20.212,17.838,5.0,
159,Beijing,2012,2012-01-14,WC,Final,1,1,PERVIS_Francois,FRA,10003011125.0,27.2,29.267000000000003,34.204,2.0,
160,Beijing,2012,2012-01-14,WC,Final,1,2,BORISOV_Sergei,RUS,10002558558.0,29.0,30.726,32.054,1.0,
161,Beijing,2012,2012-01-14,WC,Final,1,3,TAYLOR_Andrew,AUS_,10003030424.0,26.5,26.660000000000004,28.879,5.0,
162,Beijing,2012,2012-01-14,WC,Final,1,4,PERALTA_Juan,ESP,10006552534.0,21.7,26.673000000000002,27.529999999999998,4.0,
163,Beijing,2012,2012-01-14,WC,Final,1,5,ZHANG_Miao,CHN_,10006737945.0,23.4,27.528,27.212,3.0,
164,Beijing,2012,2012-01-14,WC,Final,1,6,PUERTA_ZAPATA_Fabian_Hernando,COL,10006904360.0,20.5,24.705000000000002,22.424,6.0,
165,Beijing,2012,2012-01-14,WC,Final,2,1,VYNOKUROV_Andrii,UKR,10002418415.0,29.4,21.741,25.429000000000002,4.0,
166,Beijing,2012,2012-01-14,WC,Final,2,2,WATANABE_Kazunari,JPN,10003349716.0,26.7,24.104,26.086,2.0,
167,Beijing,2012,2012-01-14,WC,Final,2,3,BÜCHLI_Matthijs,NED,10006900421.0,19.1,23.083,24.155,3.0,
168,Beijing,2012,2012-01-14,WC,Final,2,4,DAWKINS_Edward,NZL,10005782695.0,22.5,17.25,19.458000000000002,6.0,
169,Beijing,2012,2012-01-14,WC,Final,2,5,FENG_Yong,HBC_,10004792184.0,26.1,17.838,18.643,5.0,
170,Beijing,2012,2012-01-14,WC,Final,2,6,MAZQUIARAN_URIA_Hodei,ESP_,10004613039.0,23.1,25.347,23.522,1.0,
171,London,2012,2012-02-18,WC,R1,1,1,VOLIKAKIS_Christos,GRE,10004633247.0,23.9,32.145,32.939,1.0,
172,London,2012,2012-02-18,WC,R1,1,2,CRAMPTON_Matthew,SKY_,10003292122.0,25.7,9.0,17.915,3.0,
173,London,2012,2012-02-18,WC,R1,1,3,CECI_Francesco,ITA,10006073493.0,22.2,15.39,16.331,2.0,
174,London,2012,2012-02-18,WC,R1,1,4,ALIAGA_CHIVITE_Sergio,ESP,10006553039.0,20.3,9.0,8.475,3.0,
175,London,2012,2012-02-18,WC,R1,1,5,AUDI_Raja,LIB,10006107748.0,32.3,3.957,3.452,5.0,
176,London,2012,2012-02-18,WC,R1,2,1,VAN_VELTHOOVEN_Simon,NZL_,10005506954.0,23.2,9.0,25.759999999999998,3.0,
177,London,2012,2012-02-18,WC,R1,2,2,BORISOV_Sergei,RUS,10002558558.0,29.1,32.054,31.728,1.0,
178,London,2012,2012-02-18,WC,R1,2,3,NITTA_Yudai,JPN,10005727327.0,26.1,18.012,19.418,2.0,
179,London,2012,2012-02-18,WC,R1,2,4,ESTEBAN_HERRAIZ_Itmar,ESP,10004737119.0,28.2,9.0,11.47,3.0,
180,London,2012,2012-02-18,WC,R1,2,5,ARAUJO_Jhonny,VEN_,10007257095.0,,9.0,4.309999999999999,3.0,
181,London,2012,2012-02-18,WC,R1,3,1,WATANABE_Kazunari,JPN,10003349716.0,26.8,26.086,27.868,1.0,
182,London,2012,2012-02-18,WC,R1,3,2,KHOZOV_Vladimir,RUS_,10005510085.0,23.9,17.35,21.066,3.0,
183,London,2012,2012-02-18,WC,R1,3,3,PHILLIP_Njisane,TTO,10006898401.0,20.7,14.656999999999998,17.613,6.0,
184,London,2012,2012-02-18,WC,R1,3,4,ŠPIČKA_Denis,CZE_,10004723476.0,23.5,17.323,18.444,4.0,
185,London,2012,2012-02-18,WC,R1,3,5,MASSIE_Giddeon,USA,10002260484.0,30.5,17.073,17.126,5.0,
186,London,2012,2012-02-18,WC,R1,3,6,PUERTA_ZAPATA_Fabian_Hernando,COL,10006904360.0,20.6,22.424,19.093,2.0,
187,London,2012,2012-02-18,WC,R1,4,1,HOY_Chris,GBR_,10001564310.0,35.9,31.815,33.706,1.0,
188,London,2012,2012-02-18,WC,R1,4,2,ENDERS_Rene,GER,10004601824.0,25.0,9.0,23.916999999999994,4.0,
189,London,2012,2012-02-18,WC,R1,4,3,PERALTA_Juan,ESP,10006552534.0,21.8,27.529999999999998,27.522,2.0,
190,London,2012,2012-02-18,WC,R1,4,4,OKUNEV_Ilya,PHL_,10005748747.0,22.8,9.0,16.627,4.0,
191,London,2012,2012-02-18,WC,R1,4,5,MULLEN_Eoin,IRL,10007782616.0,18.5,9.0,12.663,4.0,
192,London,2012,2012-02-18,WC,R1,4,6,CIPRIANO_Flavio_Vagner,BRA,10007165755.0,22.1,14.826999999999998,13.655000000000001,3.0,
193,London,2012,2012-02-18,WC,R1,5,1,MULDER_Teun,NED_,10000959674.0,30.7,9.0,22.654999999999994,2.0,
194,London,2012,2012-02-18,WC,R1,5,2,AWANG_Mohd_Azizulhasni,MAS,10004868370.0,24.1,17.662999999999997,20.882,1.0,
195,London,2012,2012-02-18,WC,R1,5,3,BARRETTE_Hugo,CAN,10007212639.0,20.6,9.0,15.96,2.0,
196,London,2012,2012-02-18,WC,R1,5,4,ZAITSAU_Artsiom,BLR,10009017243.0,16.8,9.0,12.630999999999998,2.0,
197,London,2012,2012-02-18,WC,R1,5,5,EILERS_Joachim,GER,10006379247.0,21.9,9.0,8.719000000000001,2.0,
198,London,2012,2012-02-18,WC,R1,5,6,KUCZYNSKI_Kamil,POL,10003095795.0,26.9,9.0,2.5820000000000007,2.0,
199,London,2012,2012-02-18,WC,R1,6,1,BOURGAIN_Mickaël,FRA_,10002269073.0,31.7,9.0,26.479000000000003,5.0,
200,London,2012,2012-02-18,WC,R1,6,2,GLAETZER_Matthew,AUS,10006894559.0,19.5,9.0,23.575000000000003,5.0,
201,London,2012,2012-02-18,WC,R1,6,3,"NG_Onn_Lam,_Josiah",MAS_,10055651813.0,,27.400999999999996,27.452,1.0,
202,London,2012,2012-02-18,WC,R1,6,4,MAZQUIARAN_URIA_Hodei,EUS_,10004613039.0,23.2,23.522,23.73,3.0,
203,London,2012,2012-02-18,WC,R1,6,5,ESTERHUIZEN_Bernard,RSA_,10006893852.0,19.4,11.466000000000001,14.221999999999998,4.0,
204,London,2012,2012-02-18,WC,R1,6,6,VYNOKUROV_Andrii,UKR,10002418415.0,29.5,25.429000000000002,22.794999999999998,2.0,
205,London,2012,2012-02-18,WC,Rep,1,1,CRAMPTON_Matthew,SKY_,10003292122.0,25.7,17.915,24.927999999999997,3.0,
206,London,2012,2012-02-18,WC,Rep,1,2,ZAITSAU_Artsiom,BLR,10009017243.0,16.8,12.630999999999998,19.951,5.0,
207,London,2012,2012-02-18,WC,Rep,1,3,PUERTA_ZAPATA_Fabian_Hernando,COL,10006904360.0,20.6,19.093,20.588,2.0,
208,London,2012,2012-02-18,WC,Rep,1,4,"NG_Onn_Lam,_Josiah",MAS_,10055651813.0,,27.452,25.681,1.0,
209,London,2012,2012-02-18,WC,Rep,1,5,MULLEN_Eoin,IRL,10007782616.0,18.5,12.663,11.613000000000001,4.0,
210,London,2012,2012-02-18,WC,Rep,2,1,OKUNEV_Ilya,PHL_,10005748747.0,22.8,16.627,24.311000000000003,3.0,
211,London,2012,2012-02-18,WC,Rep,2,2,BORISOV_Sergei,RUS,10002558558.0,29.1,31.728,31.150000000000002,1.0,
212,London,2012,2012-02-18,WC,Rep,2,3,MASSIE_Giddeon,USA,10002260484.0,30.5,17.126,18.328000000000003,2.0,
213,London,2012,2012-02-18,WC,Rep,2,4,BARRETTE_Hugo,CAN,10007212639.0,20.6,15.96,13.908,4.0,
214,London,2012,2012-02-18,WC,Rep,3,1,PHILLIP_Njisane,TTO,10006898401.0,20.7,17.613,20.465,3.0,
215,London,2012,2012-02-18,WC,Rep,3,2,PERALTA_Juan,ESP,10006552534.0,21.8,27.522,26.631,1.0,
216,London,2012,2012-02-18,WC,Rep,3,3,ŠPIČKA_Denis,CZE_,10004723476.0,23.5,18.444,18.259999999999998,2.0,
217,London,2012,2012-02-18,WC,Rep,3,4,ARAUJO_Jhonny,VEN_,10007257095.0,,4.309999999999999,3.894,4.0,
218,London,2012,2012-02-18,WC,Rep,4,1,ENDERS_Rene,GER,10004601824.0,25.0,23.916999999999994,27.379000000000005,1.0,
219,London,2012,2012-02-18,WC,Rep,4,2,KHOZOV_Vladimir,RUS_,10005510085.0,23.9,21.066,22.738,3.0,
220,London,2012,2012-02-18,WC,Rep,4,3,VYNOKUROV_Andrii,UKR,10002418415.0,29.5,22.794999999999998,22.584,2.0,
221,London,2012,2012-02-18,WC,Rep,4,4,ESTEBAN_HERRAIZ_Itmar,ESP,10004737119.0,28.2,11.47,11.796999999999999,4.0,
222,London,2012,2012-02-18,WC,Rep,4,5,AUDI_Raja,LIB,10006107748.0,32.3,3.452,3.269,5.0,
223,London,2012,2012-02-18,WC,Rep,5,1,AWANG_Mohd_Azizulhasni,MAS,10004868370.0,24.1,20.882,23.044,1.0,
224,London,2012,2012-02-18,WC,Rep,5,2,NITTA_Yudai,JPN,10005727327.0,26.1,19.418,20.064,2.0,
225,London,2012,2012-02-18,WC,Rep,5,3,ALIAGA_CHIVITE_Sergio,ESP,10006553039.0,20.3,8.475,11.814,4.0,
226,London,2012,2012-02-18,WC,Rep,5,4,ESTERHUIZEN_Bernard,RSA_,10006893852.0,19.4,14.221999999999998,13.299000000000001,3.0,
227,London,2012,2012-02-18,WC,Rep,6,1,EILERS_Joachim,GER,10006379247.0,21.9,8.719000000000001,19.458,5.0,
228,London,2012,2012-02-18,WC,Rep,6,2,GLAETZER_Matthew,AUS,10006894559.0,19.5,23.575000000000003,23.512,2.0,
229,London,2012,2012-02-18,WC,Rep,6,3,CIPRIANO_Flavio_Vagner,BRA,10007165755.0,22.1,13.655000000000001,16.107,4.0,
230,London,2012,2012-02-18,WC,Rep,6,4,CECI_Francesco,ITA,10006073493.0,22.2,16.331,16.959,3.0,
231,London,2012,2012-02-18,WC,Rep,6,5,MAZQUIARAN_URIA_Hodei,EUS_,10004613039.0,23.2,23.73,22.291,1.0,
232,London,2012,2012-02-18,WC,R2,1,1,HOY_Chris,GBR_,10001564310.0,35.9,33.706,36.139,1.0,
233,London,2012,2012-02-18,WC,R2,1,2,MULDER_Teun,NED_,10000959674.0,30.7,22.654999999999994,30.323999999999998,6.0,
234,London,2012,2012-02-18,WC,R2,1,3,ENDERS_Rene,GER,10004601824.0,25.0,27.379000000000005,29.746000000000002,3.0,
235,London,2012,2012-02-18,WC,R2,1,4,AWANG_Mohd_Azizulhasni,MAS,10004868370.0,24.1,23.044,25.528,5.0,
236,London,2012,2012-02-18,WC,R2,1,5,VOLIKAKIS_Christos,GRE,10004633247.0,23.9,32.939,30.611,2.0,
237,London,2012,2012-02-18,WC,R2,1,6,CRAMPTON_Matthew,SKY_,10003292122.0,25.7,24.927999999999997,22.661,4.0,
238,London,2012,2012-02-18,WC,R2,2,1,BOURGAIN_Mickaël,FRA_,10002269073.0,31.7,26.479000000000003,33.038,2.0,
239,London,2012,2012-02-18,WC,R2,2,2,VAN_VELTHOOVEN_Simon,NZL_,10005506954.0,23.2,25.759999999999998,29.869,3.0,
240,London,2012,2012-02-18,WC,R2,2,3,WATANABE_Kazunari,JPN,10003349716.0,26.8,27.868,28.598999999999997,1.0,
241,London,2012,2012-02-18,WC,R2,2,4,EILERS_Joachim,GER,10006379247.0,21.9,19.458,22.092000000000002,6.0,
242,London,2012,2012-02-18,WC,R2,2,5,PHILLIP_Njisane,TTO,10006898401.0,20.7,20.465,21.039,5.0,
243,London,2012,2012-02-18,WC,R2,2,6,OKUNEV_Ilya,PHL_,10005748747.0,22.8,24.311000000000003,21.003,4.0,
244,London,2012,2012-02-18,WC,Final,1,1,HOY_Chris,GBR_,10001564310.0,35.9,36.139,38.242999999999995,1.0,
245,London,2012,2012-02-18,WC,Final,1,2,ENDERS_Rene,GER,10004601824.0,25.0,29.746000000000002,33.056,5.0,
246,London,2012,2012-02-18,WC,Final,1,3,BOURGAIN_Mickaël,FRA_,10002269073.0,31.7,33.038,33.91,2.0,
247,London,2012,2012-02-18,WC,Final,1,4,MULDER_Teun,NED_,10000959674.0,30.7,30.323999999999998,31.065,3.0,
248,London,2012,2012-02-18,WC,Final,1,5,WATANABE_Kazunari,JPN,10003349716.0,26.8,28.598999999999997,28.870000000000005,6.0,
249,London,2012,2012-02-18,WC,Final,1,6,VAN_VELTHOOVEN_Simon,NZL_,10005506954.0,23.2,29.869,26.857,4.0,
250,London,2012,2012-02-18,WC,Final,2,1,EILERS_Joachim,GER,10006379247.0,21.9,22.092000000000002,26.344,4.0,
251,London,2012,2012-02-18,WC,Final,2,2,AWANG_Mohd_Azizulhasni,MAS,10004868370.0,24.1,25.528,27.131999999999998,2.0,
252,London,2012,2012-02-18,WC,Final,2,3,VOLIKAKIS_Christos,GRE,10004633247.0,23.9,30.611,29.835,1.0,
253,London,2012,2012-02-18,WC,Final,2,4,PHILLIP_Njisane,TTO,10006898401.0,20.7,21.039,21.991,5.0,
254,London,2012,2012-02-18,WC,Final,2,5,CRAMPTON_Matthew,SKY_,10003292122.0,25.7,22.661,21.891000000000002,3.0,
255,London,2012,2012-02-18,WC,Final,2,6,OKUNEV_Ilya,PHL_,10005748747.0,22.8,21.003,19.273000000000003,6.0,
256,Melbourne-HISENSE,2012,2012-04-08,WCH,R1,1,1,NITTA_Yudai,JPN,10005727327.0,26.2,20.064,23.419999999999998,5.0,
257,Melbourne-HISENSE,2012,2012-04-08,WCH,R1,1,2,"NG_Onn_Lam,_Josiah",MAS_,10055651813.0,,25.681,26.696,3.0,
258,Melbourne-HISENSE,2012,2012-04-08,WCH,R1,1,3,ZHANG_Miao,CHN_,10006737945.0,23.7,27.212,27.285999999999998,2.0,
259,Melbourne-HISENSE,2012,2012-04-08,WCH,R1,1,4,PERKINS_Shane_Alan,RUS,10051694112.0,25.3,20.930999999999997,22.096,4.0,
260,Melbourne-HISENSE,2012,2012-04-08,WCH,R1,1,5,BORISOV_Sergei,RUS,10002558558.0,29.2,31.150000000000002,29.462,1.0,
261,Melbourne-HISENSE,2012,2012-04-08,WCH,R1,2,1,HOY_Chris,GBR_,10001564310.0,36.0,38.242999999999995,38.370999999999995,1.0,
262,Melbourne-HISENSE,2012,2012-04-08,WCH,R1,2,2,CANELON_VERA_Hersony_Gadiel,VEN,10004717719.0,23.3,17.644000000000002,20.664,3.0,
263,Melbourne-HISENSE,2012,2012-04-08,WCH,R1,2,3,EILERS_Joachim,GER,10006379247.0,22.0,26.344,25.367,2.0,
264,Melbourne-HISENSE,2012,2012-04-08,WCH,R1,2,4,CECI_Francesco,ITA,10006073493.0,22.3,16.959,16.981,4.0,
265,Melbourne-HISENSE,2012,2012-04-08,WCH,R1,2,5,KUCZYNSKI_Kamil,POL,10003095795.0,27.0,2.5820000000000007,2.2279999999999998,5.0,
266,Melbourne-HISENSE,2012,2012-04-08,WCH,R1,3,1,MAZQUIARAN_URIA_Hodei,ESP_,10004613039.0,23.3,22.291,24.334,4.0,
267,Melbourne-HISENSE,2012,2012-04-08,WCH,R1,3,2,VAN_VELTHOOVEN_Simon,NZL_,10005506954.0,23.3,26.857,28.190999999999995,3.0,
268,Melbourne-HISENSE,2012,2012-04-08,WCH,R1,3,3,MULDER_Teun,NED_,10000959674.0,30.8,31.065,29.915000000000003,1.0,
269,Melbourne-HISENSE,2012,2012-04-08,WCH,R1,3,4,LEVY_Maximilian,GER,10004601723.0,24.8,28.389,26.579,2.0,
270,Melbourne-HISENSE,2012,2012-04-08,WCH,R1,3,5,ŠPIČKA_Denis,CZE_,10004723476.0,23.6,18.259999999999998,17.898,5.0,
271,Melbourne-HISENSE,2012,2012-04-08,WCH,R1,4,1,AWANG_Mohd_Azizulhasni,MAS,10004868370.0,24.3,27.131999999999998,28.816,1.0,
272,Melbourne-HISENSE,2012,2012-04-08,WCH,R1,4,2,CRAMPTON_Matthew,GBR_,10003292122.0,25.9,21.891000000000002,24.482,4.0,
273,Melbourne-HISENSE,2012,2012-04-08,WCH,R1,4,3,ALEXANDER_Quincy,TRI,10007501821.0,18.3,9.0,20.777,6.0,
274,Melbourne-HISENSE,2012,2012-04-08,WCH,R1,4,4,PERALTA_Juan,ESP,10006552534.0,21.9,26.631,26.218,2.0,
275,Melbourne-HISENSE,2012,2012-04-08,WCH,R1,4,5,PUERTA_ZAPATA_Fabian_Hernando,COL,10006904360.0,20.7,20.588,20.846,5.0,
276,Melbourne-HISENSE,2012,2012-04-08,WCH,R1,4,6,GLAETZER_Matthew,AUS,10006894559.0,19.6,23.512,20.477,3.0,
277,Melbourne-HISENSE,2012,2012-04-08,WCH,R1,5,1,WATANABE_Kazunari,JPN,10003349716.0,26.9,28.870000000000005,30.457,3.0,
278,Melbourne-HISENSE,2012,2012-04-08,WCH,R1,5,2,KENNY_Jason,GBR,10004599194.0,24.0,12.389,21.389000000000003,6.0,
279,Melbourne-HISENSE,2012,2012-04-08,WCH,R1,5,3,VOLIKAKIS_Christos,GRE,10004633247.0,24.1,29.835,29.786,2.0,
280,Melbourne-HISENSE,2012,2012-04-08,WCH,R1,5,4,BOURGAIN_Mickaël,FRA_,10002269073.0,31.9,33.91,30.936000000000003,1.0,
281,Melbourne-HISENSE,2012,2012-04-08,WCH,R1,5,5,DAWKINS_Edward,NZL,10005782695.0,22.7,19.458000000000002,20.405,5.0,
282,Melbourne-HISENSE,2012,2012-04-08,WCH,R1,5,6,VYNOKUROV_Andrii,UKR,10002418415.0,29.7,22.584,21.653000000000002,4.0,
283,Melbourne-HISENSE,2012,2012-04-08,WCH,R1,6,1,SUNDERLAND_Scott,AUS_,10004596871.0,24.1,9.0,28.715999999999998,4.0,
284,Melbourne-HISENSE,2012,2012-04-08,WCH,R1,6,2,PERVIS_Francois,FRA,10003011125.0,27.5,34.204,33.553000000000004,1.0,
285,Melbourne-HISENSE,2012,2012-04-08,WCH,R1,6,3,ARCHIBALD_Matt,NZL_,10006382984.0,,9.0,20.55,4.0,
286,Melbourne-HISENSE,2012,2012-04-08,WCH,R1,6,4,MARIN_CERMENO_Jonathan,COL_,10002829653.0,29.3,9.0,16.974000000000004,4.0,
287,Melbourne-HISENSE,2012,2012-04-08,WCH,R1,6,5,MD_YUNOS_Muhammad_Edrus,MAS,10004868269.0,24.7,10.238,13.642,3.0,
288,Melbourne-HISENSE,2012,2012-04-08,WCH,R1,6,6,HAAK_Hugo,NED_,10006900320.0,20.4,22.606,19.869,2.0,
289,Melbourne-HISENSE,2012,2012-04-08,WCH,Rep,1,1,BOURGAIN_Mickaël,FRA_,10002269073.0,31.9,30.936000000000003,31.816000000000003,1.0,
290,Melbourne-HISENSE,2012,2012-04-08,WCH,Rep,1,2,PUERTA_ZAPATA_Fabian_Hernando,COL,10006904360.0,20.7,20.846,22.519,3.0,
291,Melbourne-HISENSE,2012,2012-04-08,WCH,Rep,1,3,"NG_Onn_Lam,_Josiah",MAS_,10055651813.0,,26.696,26.299000000000003,2.0,
292,Melbourne-HISENSE,2012,2012-04-08,WCH,Rep,1,4,ARCHIBALD_Matt,NZL_,10006382984.0,,20.55,17.989,4.0,
293,Melbourne-HISENSE,2012,2012-04-08,WCH,Rep,2,1,CANELON_VERA_Hersony_Gadiel,VEN,10004717719.0,23.3,20.664,23.578999999999997,3.0,
294,Melbourne-HISENSE,2012,2012-04-08,WCH,Rep,2,2,VOLIKAKIS_Christos,GRE,10004633247.0,24.1,29.786,29.375999999999998,1.0,
295,Melbourne-HISENSE,2012,2012-04-08,WCH,Rep,2,3,ŠPIČKA_Denis,CZE_,10004723476.0,23.6,17.898,19.416999999999998,4.0,
296,Melbourne-HISENSE,2012,2012-04-08,WCH,Rep,2,4,PERALTA_Juan,ESP,10006552534.0,21.9,26.218,24.945,2.0,
297,Melbourne-HISENSE,2012,2012-04-08,WCH,Rep,3,1,VAN_VELTHOOVEN_Simon,NZL_,10005506954.0,23.3,28.190999999999995,29.035,1.0,
298,Melbourne-HISENSE,2012,2012-04-08,WCH,Rep,3,2,MARIN_CERMENO_Jonathan,COL_,10002829653.0,29.3,16.974000000000004,19.529000000000003,3.0,
299,Melbourne-HISENSE,2012,2012-04-08,WCH,Rep,3,3,KUCZYNSKI_Kamil,POL,10003095795.0,27.0,2.2279999999999998,9.877999999999998,4.0,
300,Melbourne-HISENSE,2012,2012-04-08,WCH,Rep,3,4,ALEXANDER_Quincy,TRI,10007501821.0,18.3,20.777,16.171,2.0,
301,Melbourne-HISENSE,2012,2012-04-08,WCH,Rep,4,1,CRAMPTON_Matthew,GBR_,10003292122.0,25.9,24.482,26.527,3.0,
302,Melbourne-HISENSE,2012,2012-04-08,WCH,Rep,4,2,CECI_Francesco,ITA,10006073493.0,22.3,16.981,19.688,5.0,
303,Melbourne-HISENSE,2012,2012-04-08,WCH,Rep,4,3,MULDER_Teun,NED_,10000959674.0,30.8,29.915000000000003,28.766,1.0,
304,Melbourne-HISENSE,2012,2012-04-08,WCH,Rep,4,4,VYNOKUROV_Andrii,UKR,10002418415.0,29.7,21.653000000000002,22.112000000000002,4.0,
305,Melbourne-HISENSE,2012,2012-04-08,WCH,Rep,4,5,BORISOV_Sergei,RUS,10002558558.0,29.2,29.462,28.04,2.0,
306,Melbourne-HISENSE,2012,2012-04-08,WCH,Rep,5,1,KENNY_Jason,GBR,10004599194.0,24.0,21.389000000000003,24.6,3.0,
307,Melbourne-HISENSE,2012,2012-04-08,WCH,Rep,5,2,GLAETZER_Matthew,AUS,10006894559.0,19.6,20.477,22.616,4.0,
308,Melbourne-HISENSE,2012,2012-04-08,WCH,Rep,5,3,PERKINS_Shane_Alan,RUS,10051694112.0,25.3,22.096,22.626,2.0,
309,Melbourne-HISENSE,2012,2012-04-08,WCH,Rep,5,4,EILERS_Joachim,GER,10006379247.0,22.0,25.367,24.127000000000002,1.0,
310,Melbourne-HISENSE,2012,2012-04-08,WCH,Rep,5,5,MD_YUNOS_Muhammad_Edrus,MAS,10004868269.0,24.7,13.642,13.167,5.0,
311,Melbourne-HISENSE,2012,2012-04-08,WCH,Rep,6,1,LEVY_Maximilian,GER,10004601723.0,24.8,26.579,29.104,3.0,
312,Melbourne-HISENSE,2012,2012-04-08,WCH,Rep,6,2,DAWKINS_Edward,NZL,10005782695.0,22.7,20.405,23.219,4.0,
313,Melbourne-HISENSE,2012,2012-04-08,WCH,Rep,6,3,PERVIS_Francois,FRA,10003011125.0,27.5,33.553000000000004,31.214,1.0,
314,Melbourne-HISENSE,2012,2012-04-08,WCH,Rep,6,4,ZHANG_Miao,CHN_,10006737945.0,23.7,27.285999999999998,26.878999999999998,2.0,
315,Melbourne-HISENSE,2012,2012-04-08,WCH,Rep,6,5,HAAK_Hugo,NED_,10006900320.0,20.4,19.869,19.312,5.0,
316,Melbourne-HISENSE,2012,2012-04-08,WCH,R2,1,1,LEVY_Maximilian,GER,10004601723.0,24.8,29.104,31.419,2.0,
317,Melbourne-HISENSE,2012,2012-04-08,WCH,R2,1,2,WATANABE_Kazunari,JPN,10003349716.0,26.9,30.457,31.234999999999996,1.0,
318,Melbourne-HISENSE,2012,2012-04-08,WCH,R2,1,3,VAN_VELTHOOVEN_Simon,NZL_,10005506954.0,23.3,29.035,29.495,3.0,
319,Melbourne-HISENSE,2012,2012-04-08,WCH,R2,1,4,NITTA_Yudai,JPN,10005727327.0,26.2,23.419999999999998,24.464,6.0,
320,Melbourne-HISENSE,2012,2012-04-08,WCH,R2,1,5,AWANG_Mohd_Azizulhasni,MAS,10004868370.0,24.3,28.816,27.982999999999997,4.0,
321,Melbourne-HISENSE,2012,2012-04-08,WCH,R2,1,6,CANELON_VERA_Hersony_Gadiel,VEN,10004717719.0,23.3,23.578999999999997,22.692999999999998,5.0,
322,Melbourne-HISENSE,2012,2012-04-08,WCH,R2,2,1,HOY_Chris,GBR_,10001564310.0,36.0,38.370999999999995,39.324,1.0,
323,Melbourne-HISENSE,2012,2012-04-08,WCH,R2,2,2,BOURGAIN_Mickaël,FRA_,10002269073.0,31.9,31.816000000000003,33.073,2.0,
324,Melbourne-HISENSE,2012,2012-04-08,WCH,R2,2,3,KENNY_Jason,GBR,10004599194.0,24.0,24.6,26.958,5.0,
325,Melbourne-HISENSE,2012,2012-04-08,WCH,R2,2,4,SUNDERLAND_Scott,AUS_,10004596871.0,24.1,28.715999999999998,27.73,3.0,
326,Melbourne-HISENSE,2012,2012-04-08,WCH,R2,2,5,CRAMPTON_Matthew,GBR_,10003292122.0,25.9,26.527,26.378,4.0,
327,Melbourne-HISENSE,2012,2012-04-08,WCH,R2,2,6,MAZQUIARAN_URIA_Hodei,ESP_,10004613039.0,23.3,24.334,23.899,6.0,
328,Melbourne-HISENSE,2012,2012-04-08,WCH,Final,1,1,HOY_Chris,GBR_,10001564310.0,36.0,39.324,40.222,1.0,
329,Melbourne-HISENSE,2012,2012-04-08,WCH,Final,1,2,LEVY_Maximilian,GER,10004601723.0,24.8,31.419,32.998,3.0,
330,Melbourne-HISENSE,2012,2012-04-08,WCH,Final,1,3,KENNY_Jason,GBR,10004599194.0,24.0,26.958,28.939000000000004,6.0,
331,Melbourne-HISENSE,2012,2012-04-08,WCH,Final,1,4,BOURGAIN_Mickaël,FRA_,10002269073.0,31.9,33.073,32.815,2.0,
332,Melbourne-HISENSE,2012,2012-04-08,WCH,Final,1,5,WATANABE_Kazunari,JPN,10003349716.0,26.9,31.234999999999996,30.923,4.0,
333,Melbourne-HISENSE,2012,2012-04-08,WCH,Final,1,6,VAN_VELTHOOVEN_Simon,NZL_,10005506954.0,23.3,29.495,28.375999999999998,5.0,
334,Melbourne-HISENSE,2012,2012-04-08,WCH,Final,2,1,SUNDERLAND_Scott,AUS_,10004596871.0,24.1,27.73,30.726,2.0,
335,Melbourne-HISENSE,2012,2012-04-08,WCH,Final,2,2,CANELON_VERA_Hersony_Gadiel,VEN,10004717719.0,23.3,22.692999999999998,24.708,6.0,
336,Melbourne-HISENSE,2012,2012-04-08,WCH,Final,2,3,AWANG_Mohd_Azizulhasni,MAS,10004868370.0,24.3,27.982999999999997,28.205,1.0,
337,Melbourne-HISENSE,2012,2012-04-08,WCH,Final,2,4,CRAMPTON_Matthew,GBR_,10003292122.0,25.9,26.378,26.363,3.0,
338,Melbourne-HISENSE,2012,2012-04-08,WCH,Final,2,5,MAZQUIARAN_URIA_Hodei,ESP_,10004613039.0,23.3,23.899,23.87,5.0,
339,Melbourne-HISENSE,2012,2012-04-08,WCH,Final,2,6,NITTA_Yudai,JPN,10005727327.0,26.2,24.464,23.44,4.0,
340,Cali,2013,2012-10-13,WC,R1,1,1,SCHRODER_Marc,GER_,10006485139.0,,9.0,22.091,1.0,
341,Cali,2013,2012-10-13,WC,R1,1,2,BOTTASSO_Leandro,ARG_,10010894696.0,,9.0,17.986,1.0,
342,Cali,2013,2012-10-13,WC,R1,1,3,WAGNER_Robin,CZE,10007294683.0,19.7,9.0,14.16,1.0,
343,Cali,2013,2012-10-13,WC,R1,1,4,EMADI_Kian,GBR,10006898502.0,20.2,9.0,9.870000000000001,1.0,
344,Cali,2013,2012-10-13,WC,R1,1,5,CECI_Davide,ITA,10007508083.0,19.1,9.0,3.365,1.0,
345,Cali,2013,2012-10-13,WC,R1,2,1,PUERTA_ZAPATA_Fabian_Hernando,COL,10006904360.0,21.3,22.519,23.888,1.0,
346,Cali,2013,2012-10-13,WC,R1,2,2,PULGAR_Angel,VEN,10005511301.0,23.7,9.0,18.226999999999997,2.0,
347,Cali,2013,2012-10-13,WC,R1,2,3,LAFARGUE_Quentin,FRA,10005930724.0,21.9,9.0,15.203,2.0,
348,Cali,2013,2012-10-13,WC,R1,2,4,GENYS_Gennadiy,UKR_,10006319330.0,22.7,9.0,12.043,2.0,
349,Cali,2013,2012-10-13,WC,R1,2,5,MCCRONE_Marcus,MAS,10008999257.0,18.1,9.0,8.265999999999998,2.0,
350,Cali,2013,2012-10-13,WC,R1,2,6,BAO_Saifei,CHN_,10006724912.0,23.0,9.0,2.2689999999999984,2.0,
351,Cali,2013,2012-10-13,WC,R1,3,1,OKUNEV_Ilya,RUS_,10005748747.0,23.4,19.273000000000003,21.663,2.0,
352,Cali,2013,2012-10-13,WC,R1,3,2,CECI_Francesco,ITA,10006073493.0,22.8,19.688,20.481,1.0,
353,Cali,2013,2012-10-13,WC,R1,3,3,KAWABATA_Tomoyuki,JPN,10008098470.0,27.7,9.0,14.472999999999999,3.0,
354,Cali,2013,2012-10-13,WC,R1,3,4,MORENO_SANCHEZ_Jose,ESP,10007502427.0,18.9,9.0,11.446000000000002,3.0,
355,Cali,2013,2012-10-13,WC,R1,3,5,MCLEAN_Haseem,TTO,10004613241.0,25.2,9.0,7.786000000000001,3.0,
356,Cali,2013,2012-10-13,WC,R1,3,6,CARRASCO_Carlos,MEX_,10004709130.0,24.8,9.0,1.9190000000000005,3.0,
357,Cali,2013,2012-10-13,WC,Rep,1,1,GENYS_Gennadiy,UKR_,10006319330.0,22.7,12.043,17.995,2.0,
358,Cali,2013,2012-10-13,WC,Rep,1,2,MORENO_SANCHEZ_Jose,ESP,10007502427.0,18.9,11.446000000000002,15.157,3.0,
359,Cali,2013,2012-10-13,WC,Rep,1,3,MCLEAN_Haseem,TTO,10004613241.0,25.2,7.786000000000001,11.402999999999999,4.0,
360,Cali,2013,2012-10-13,WC,Rep,1,4,WAGNER_Robin,CZE,10007294683.0,19.7,14.16,11.399,1.0,
361,Cali,2013,2012-10-13,WC,Rep,1,5,CECI_Davide,ITA,10007508083.0,19.1,3.365,1.577,5.0,
362,Cali,2013,2012-10-13,WC,Rep,2,1,KAWABATA_Tomoyuki,JPN,10008098470.0,27.7,14.472999999999999,19.512,2.0,
363,Cali,2013,2012-10-13,WC,Rep,2,2,LAFARGUE_Quentin,FRA,10005930724.0,21.9,15.203,17.365,1.0,
364,Cali,2013,2012-10-13,WC,Rep,2,3,BAO_Saifei,CHN_,10006724912.0,23.0,2.2689999999999984,9.847,5.0,
365,Cali,2013,2012-10-13,WC,Rep,2,4,CARRASCO_Carlos,MEX_,10004709130.0,24.8,1.9190000000000005,7.370000000000001,6.0,
366,Cali,2013,2012-10-13,WC,Rep,2,5,MCCRONE_Marcus,MAS,10008999257.0,18.1,8.265999999999998,7.683000000000001,4.0,
367,Cali,2013,2012-10-13,WC,Rep,2,6,EMADI_Kian,GBR,10006898502.0,20.2,9.870000000000001,4.9239999999999995,3.0,
368,Cali,2013,2012-10-13,WC,R2,1,1,SCHRODER_Marc,GER_,10006485139.0,,22.091,27.365000000000002,1.0,
369,Cali,2013,2012-10-13,WC,R2,1,2,OKUNEV_Ilya,RUS_,10005748747.0,23.4,21.663,23.234,2.0,
370,Cali,2013,2012-10-13,WC,R2,1,3,LAFARGUE_Quentin,FRA,10005930724.0,21.9,17.365,19.613999999999997,5.0,
371,Cali,2013,2012-10-13,WC,R2,1,4,MCLEAN_Haseem,TTO,10004613241.0,25.2,11.402999999999999,14.825000000000001,6.0,
372,Cali,2013,2012-10-13,WC,R2,1,5,GENYS_Gennadiy,UKR_,10006319330.0,22.7,17.995,16.909,4.0,
373,Cali,2013,2012-10-13,WC,R2,1,6,PULGAR_Angel,VEN,10005511301.0,23.7,18.226999999999997,13.974999999999998,3.0,
374,Cali,2013,2012-10-13,WC,R2,2,1,PUERTA_ZAPATA_Fabian_Hernando,COL,10006904360.0,21.3,23.888,25.158,1.0,
375,Cali,2013,2012-10-13,WC,R2,2,2,KAWABATA_Tomoyuki,JPN,10008098470.0,27.7,19.512,22.012999999999998,3.0,
376,Cali,2013,2012-10-13,WC,R2,2,3,MORENO_SANCHEZ_Jose,ESP,10007502427.0,18.9,15.157,18.109,5.0,
377,Cali,2013,2012-10-13,WC,R2,2,4,BOTTASSO_Leandro,ARG_,10010894696.0,,17.986,17.833000000000002,4.0,
378,Cali,2013,2012-10-13,WC,R2,2,5,BAO_Saifei,CHN_,10006724912.0,23.0,9.847,12.463000000000001,6.0,
379,Cali,2013,2012-10-13,WC,R2,2,6,CECI_Francesco,ITA,10006073493.0,22.8,20.481,19.27,2.0,
380,Cali,2013,2012-10-13,WC,Final,1,1,PUERTA_ZAPATA_Fabian_Hernando,COL,10006904360.0,21.3,25.158,26.608,2.0,
381,Cali,2013,2012-10-13,WC,Final,1,2,KAWABATA_Tomoyuki,JPN,10008098470.0,27.7,22.012999999999998,24.487000000000002,4.0,
382,Cali,2013,2012-10-13,WC,Final,1,3,SCHRODER_Marc,GER_,10006485139.0,,27.365000000000002,25.893,1.0,
383,Cali,2013,2012-10-13,WC,Final,1,4,MORENO_SANCHEZ_Jose,ESP,10007502427.0,18.9,18.109,19.833,6.0,
384,Cali,2013,2012-10-13,WC,Final,1,5,LAFARGUE_Quentin,FRA,10005930724.0,21.9,19.613999999999997,19.768,5.0,
385,Cali,2013,2012-10-13,WC,Final,1,6,OKUNEV_Ilya,RUS_,10005748747.0,23.4,23.234,21.704,3.0,
386,Cali,2013,2012-10-13,WC,Final,2,1,PULGAR_Angel,VEN,10005511301.0,23.7,13.974999999999998,18.985000000000003,5.0,
387,Cali,2013,2012-10-13,WC,Final,2,2,CECI_Francesco,ITA,10006073493.0,22.8,19.27,20.014,1.0,
388,Cali,2013,2012-10-13,WC,Final,2,3,BAO_Saifei,CHN_,10006724912.0,23.0,12.463000000000001,15.151,6.0,
389,Cali,2013,2012-10-13,WC,Final,2,4,BOTTASSO_Leandro,ARG_,10010894696.0,,17.833000000000002,17.369999999999997,2.0,
390,Cali,2013,2012-10-13,WC,Final,2,5,GENYS_Gennadiy,UKR_,10006319330.0,22.7,16.909,15.934,3.0,
391,Cali,2013,2012-10-13,WC,Final,2,6,MCLEAN_Haseem,TTO,10004613241.0,25.2,14.825000000000001,13.114999999999998,4.0,
392,Glasgow,2013,2012-11-18,WC,R1,1,1,BÖTTICHER_Stefan,GER,10048325582.0,20.8,25.980999999999998,27.651000000000003,1.0,
393,Glasgow,2013,2012-11-18,WC,R1,1,2,OKUNEV_Ilya,PHL_,10005748747.0,23.5,21.704,22.514000000000003,2.0,
394,Glasgow,2013,2012-11-18,WC,R1,1,3,MULDER_Scott,CAN,10006899209.0,20.4,9.0,14.518999999999998,3.0,
395,Glasgow,2013,2012-11-18,WC,R1,1,4,SAKAMOTO_Takashi,JPN_,10005505843.0,23.8,9.0,10.059999999999999,3.0,
396,Glasgow,2013,2012-11-18,WC,R1,1,5,TJON_EN_FA_Jaïr,SUR,10117936018.0,19.1,9.0,3.452,3.0,
397,Glasgow,2013,2012-11-18,WC,R1,2,1,LAFARGUE_Quentin,FRA,10005930724.0,22.0,19.768,21.862000000000002,1.0,
398,Glasgow,2013,2012-11-18,WC,R1,2,2,OLIVA_Lewis,GBR,10006898300.0,20.2,9.0,17.004,3.0,
399,Glasgow,2013,2012-11-18,WC,R1,2,3,TSERENTZOULIAS_Christos,GRE_,10002687385.0,28.4,9.0,13.861,3.0,
400,Glasgow,2013,2012-11-18,WC,R1,2,4,DOEHRER_Sebastian,PTF_,10003095492.0,27.5,9.0,10.508000000000001,3.0,
401,Glasgow,2013,2012-11-18,WC,R1,2,5,MCLEAN_Haseem,TTO,10004613241.0,25.3,13.114999999999998,12.067,2.0,
402,Glasgow,2013,2012-11-18,WC,R1,3,1,PTÁČNÍK_Adam,CZE_,10004722668.0,27.0,9.0,19.567999999999998,2.0,
403,Glasgow,2013,2012-11-18,WC,R1,3,2,ALIAGA_CHIVITE_Sergio,ESP,10006553039.0,21.1,11.814,15.613000000000001,1.0,
404,Glasgow,2013,2012-11-18,WC,R1,3,3,VAN_KLOOSTER_Rigard,NED,10008885685.0,23.6,9.0,12.381,2.0,
405,Glasgow,2013,2012-11-18,WC,R1,3,4,OMELCHENKO_Sergii,AZE,10006319633.0,23.0,9.0,8.532999999999998,2.0,
406,Glasgow,2013,2012-11-18,WC,R1,3,5,MIKKONEN_Jani,FIN,10008987436.0,26.0,9.0,2.4570000000000007,2.0,
407,Glasgow,2013,2012-11-18,WC,R1,4,1,DMITRIEV_Denis,RUS,10003100142.0,26.7,9.0,17.824,2.0,
408,Glasgow,2013,2012-11-18,WC,R1,4,2,MULLEN_Eoin,IRL,10007782616.0,19.3,11.613000000000001,14.342999999999998,1.0,
409,Glasgow,2013,2012-11-18,WC,R1,4,3,MCCRONE_Marcus,MAS,10008999257.0,18.2,7.683000000000001,9.911999999999999,4.0,
410,Glasgow,2013,2012-11-18,WC,R1,4,4,JEANNE_Nell,INT_,10008623583.0,,9.0,5.918999999999999,2.0,
411,Glasgow,2013,2012-11-18,WC,R1,4,5,CECI_Davide,ITA,10007508083.0,19.2,1.577,0.24099999999999966,5.0,
412,Glasgow,2013,2012-11-18,WC,R1,5,1,TAYLOR_Andrew,AUS_,10003030424.0,27.3,28.879,30.212,1.0,
413,Glasgow,2013,2012-11-18,WC,R1,5,2,PERALTA_Juan,ESP,10006552534.0,22.5,24.945,25.517,2.0,
414,Glasgow,2013,2012-11-18,WC,R1,5,3,LEWIS_Peter,JAY_,10006182924.0,22.8,9.0,16.662,4.0,
415,Glasgow,2013,2012-11-18,WC,R1,5,4,CECI_Francesco,ITA,10006073493.0,22.9,20.014,19.865,3.0,
416,Glasgow,2013,2012-11-18,WC,R1,5,5,LAWINO_Patrick,UGA,10008028449.0,37.0,9.0,5.223999999999998,4.0,
417,Glasgow,2013,2012-11-18,WC,R1,6,1,KENNY_Jason,GBR,10004599194.0,24.7,28.939000000000004,29.946,1.0,
418,Glasgow,2013,2012-11-18,WC,R1,6,2,SARNECKI_Rafal,POL,10005953154.0,22.9,9.0,21.11,5.0,
419,Glasgow,2013,2012-11-18,WC,R1,6,3,KUBEEV_Andrey,RUS_,10006173931.0,,16.516,19.704,4.0,
420,Glasgow,2013,2012-11-18,WC,R1,6,4,NITTA_Yudai,JPN,10005727327.0,26.8,23.44,23.077,2.0,
421,Glasgow,2013,2012-11-18,WC,R1,6,5,BOTTASSO_Leandro,ARG_,10010894696.0,,17.369999999999997,16.44,3.0,
422,Glasgow,2013,2012-11-18,WC,Rep,1,1,OKUNEV_Ilya,PHL_,10005748747.0,23.5,22.514000000000003,22.843000000000004,1.0,
423,Glasgow,2013,2012-11-18,WC,Rep,1,2,CECI_Davide,ITA,10007508083.0,19.2,0.24099999999999966,7.1979999999999995,4.0,
424,Glasgow,2013,2012-11-18,WC,Rep,1,3,TSERENTZOULIAS_Christos,GRE_,10002687385.0,28.4,13.861,11.751000000000001,2.0,
425,Glasgow,2013,2012-11-18,WC,Rep,1,4,OMELCHENKO_Sergii,AZE,10006319633.0,23.0,8.532999999999998,5.688000000000001,3.0,
426,Glasgow,2013,2012-11-18,WC,Rep,2,1,OLIVA_Lewis,GBR,10006898300.0,20.2,17.004,19.981,1.0,
427,Glasgow,2013,2012-11-18,WC,Rep,2,2,JEANNE_Nell,INT_,10008623583.0,,5.918999999999999,11.528999999999998,3.0,
428,Glasgow,2013,2012-11-18,WC,Rep,2,3,VAN_KLOOSTER_Rigard,NED,10008885685.0,23.6,12.381,11.588,2.0,
429,Glasgow,2013,2012-11-18,WC,Rep,2,4,LAWINO_Patrick,UGA,10008028449.0,37.0,5.223999999999998,3.4049999999999994,4.0,
430,Glasgow,2013,2012-11-18,WC,Rep,3,1,CECI_Francesco,ITA,10006073493.0,22.9,19.865,20.564,1.0,
431,Glasgow,2013,2012-11-18,WC,Rep,3,2,BOTTASSO_Leandro,ARG_,10010894696.0,,16.44,17.301,2.0,
432,Glasgow,2013,2012-11-18,WC,Rep,3,3,ALIAGA_CHIVITE_Sergio,ESP,10006553039.0,21.1,15.613000000000001,15.157,3.0,
433,Glasgow,2013,2012-11-18,WC,Rep,3,4,MCCRONE_Marcus,MAS,10008999257.0,18.2,9.911999999999999,9.149999999999999,4.0,
434,Glasgow,2013,2012-11-18,WC,Rep,4,1,LEWIS_Peter,JAY_,10006182924.0,22.8,16.662,21.361,2.0,
435,Glasgow,2013,2012-11-18,WC,Rep,4,2,NITTA_Yudai,JPN,10005727327.0,26.8,23.077,23.098,1.0,
436,Glasgow,2013,2012-11-18,WC,Rep,4,3,TJON_EN_FA_Jaïr,SUR,10117936018.0,19.1,3.452,9.921000000000001,4.0,
437,Glasgow,2013,2012-11-18,WC,Rep,4,4,MULLEN_Eoin,IRL,10007782616.0,19.3,14.342999999999998,12.492999999999999,3.0,
438,Glasgow,2013,2012-11-18,WC,Rep,5,1,SAKAMOTO_Takashi,JPN_,10005505843.0,23.8,10.059999999999999,18.285999999999998,4.0,
439,Glasgow,2013,2012-11-18,WC,Rep,5,2,MCLEAN_Haseem,TTO,10004613241.0,25.3,12.067,14.869000000000002,3.0,
440,Glasgow,2013,2012-11-18,WC,Rep,5,3,PERALTA_Juan,ESP,10006552534.0,22.5,25.517,24.615000000000002,1.0,
441,Glasgow,2013,2012-11-18,WC,Rep,5,4,KUBEEV_Andrey,RUS_,10006173931.0,,19.704,17.582,2.0,
442,Glasgow,2013,2012-11-18,WC,Rep,6,1,DOEHRER_Sebastian,PTF_,10003095492.0,27.5,10.508000000000001,17.887999999999998,3.0,
443,Glasgow,2013,2012-11-18,WC,Rep,6,2,MULDER_Scott,CAN,10006899209.0,20.4,14.518999999999998,17.384,2.0,
444,Glasgow,2013,2012-11-18,WC,Rep,6,3,SARNECKI_Rafal,POL,10005953154.0,22.9,21.11,17.99,1.0,
445,Glasgow,2013,2012-11-18,WC,Rep,6,4,MIKKONEN_Jani,FIN,10008987436.0,26.0,2.4570000000000007,2.1899999999999995,4.0,
446,Glasgow,2013,2012-11-18,WC,R2,1,1,BÖTTICHER_Stefan,GER,10048325582.0,20.8,27.651000000000003,29.341,2.0,
447,Glasgow,2013,2012-11-18,WC,R2,1,2,SAKAMOTO_Takashi,JPN_,10005505843.0,23.8,18.285999999999998,22.184,3.0,
448,Glasgow,2013,2012-11-18,WC,R2,1,9,TAYLOR_Andrew,AUS_,10003030424.0,27.3,30.212,28.176000000000002,1.0,
449,Glasgow,2013,2012-11-18,WC,R2,1,9,OLIVA_Lewis,GBR,10006898300.0,20.2,19.981,21.438,1.0,
450,Glasgow,2013,2012-11-18,WC,R2,1,9,CECI_Francesco,ITA,10006073493.0,22.9,20.564,21.191000000000003,1.0,
451,Glasgow,2013,2012-11-18,WC,R2,1,9,DMITRIEV_Denis,RUS,10003100142.0,26.7,17.824,20.496,1.0,
452,Glasgow,2013,2012-11-18,WC,R2,2,1,KENNY_Jason,GBR,10004599194.0,24.7,29.946,30.98,1.0,
453,Glasgow,2013,2012-11-18,WC,R2,2,2,LEWIS_Peter,JAY_,10006182924.0,22.8,21.361,24.863,4.0,
454,Glasgow,2013,2012-11-18,WC,R2,2,3,LAFARGUE_Quentin,FRA,10005930724.0,22.0,21.862000000000002,23.178,3.0,
455,Glasgow,2013,2012-11-18,WC,R2,2,4,PTÁČNÍK_Adam,CZE_,10004722668.0,27.0,19.567999999999998,20.823,5.0,
456,Glasgow,2013,2012-11-18,WC,R2,2,5,DOEHRER_Sebastian,PTF_,10003095492.0,27.5,17.887999999999998,18.636000000000003,6.0,
457,Glasgow,2013,2012-11-18,WC,R2,2,6,OKUNEV_Ilya,PHL_,10005748747.0,23.5,22.843000000000004,21.796999999999997,2.0,
458,Glasgow,2013,2012-11-18,WC,Final,1,1,BÖTTICHER_Stefan,GER,10048325582.0,20.8,29.341,31.403999999999996,2.0,
459,Glasgow,2013,2012-11-18,WC,Final,1,2,LEWIS_Peter,JAY_,10006182924.0,22.8,24.863,27.186,3.0,
460,Glasgow,2013,2012-11-18,WC,Final,1,3,SAKAMOTO_Takashi,JPN_,10005505843.0,23.8,22.184,24.36,5.0,
461,Glasgow,2013,2012-11-18,WC,Final,1,4,KENNY_Jason,GBR,10004599194.0,24.7,30.98,30.083000000000002,1.0,
462,Glasgow,2013,2012-11-18,WC,Final,1,5,LAFARGUE_Quentin,FRA,10005930724.0,22.0,23.178,22.61,4.0,
463,Glasgow,2013,2012-11-18,WC,Final,2,1,DMITRIEV_Denis,RUS,10003100142.0,26.7,20.496,25.041,5.0,
464,Glasgow,2013,2012-11-18,WC,Final,2,2,PTÁČNÍK_Adam,CZE_,10004722668.0,27.0,20.823,23.549999999999997,4.0,
465,Glasgow,2013,2012-11-18,WC,Final,2,3,OKUNEV_Ilya,PHL_,10005748747.0,23.5,21.796999999999997,22.428,1.0,
466,Glasgow,2013,2012-11-18,WC,Final,2,4,CECI_Francesco,ITA,10006073493.0,22.9,21.191000000000003,21.404999999999998,3.0,
467,Glasgow,2013,2012-11-18,WC,Final,2,5,DOEHRER_Sebastian,PTF_,10003095492.0,27.5,18.636000000000003,18.546,6.0,
468,Glasgow,2013,2012-11-18,WC,Final,2,6,OLIVA_Lewis,GBR,10006898300.0,20.2,21.438,18.872,2.0,
469,Aguascalientes,2013,2013-01-18,WC,R1,1,1,BÜCHLI_Matthijs,NED,10006900421.0,20.1,24.155,26.381999999999998,2.0,
470,Aguascalientes,2013,2013-01-18,WC,R1,1,2,SCHRODER_Marc,GER_,10006485139.0,,25.893,26.192999999999998,1.0,
471,Aguascalientes,2013,2013-01-18,WC,R1,1,3,NAKAGAWA_Seiichiro,JPN_,10002830360.0,33.6,19.774,20.655,3.0,
472,Aguascalientes,2013,2013-01-18,WC,R1,1,4,MARCANO_SANCHEZ_Cesar_Mervin,VEN,,25.2,9.0,13.008,5.0,
473,Aguascalientes,2013,2013-01-18,WC,R1,1,5,CECI_Davide,ITA,10007508083.0,19.4,7.1979999999999995,9.147,6.0,
474,Aguascalientes,2013,2013-01-18,WC,R1,1,6,MULLEN_Eoin,IRL,10007782616.0,19.5,12.492999999999999,10.716999999999999,4.0,
475,Aguascalientes,2013,2013-01-18,WC,R1,2,1,DAWKINS_Edward,NZL,10005782695.0,23.5,23.219,24.479,2.0,
476,Aguascalientes,2013,2013-01-18,WC,R1,2,2,ESTERHUIZEN_Bernard,RSA_,10006893852.0,20.3,13.299000000000001,16.25,5.0,
477,Aguascalientes,2013,2013-01-18,WC,R1,2,3,MCLEAN_Haseem,TTO,10004613241.0,25.5,14.869000000000002,16.662,4.0,
478,Aguascalientes,2013,2013-01-18,WC,R1,2,4,DMITRIEV_Denis,RUS,10003100142.0,26.8,25.041,22.915999999999997,1.0,
479,Aguascalientes,2013,2013-01-18,WC,R1,2,5,MAKSEL_Krzysztof,POL,10006902239.0,21.5,9.0,13.125999999999998,6.0,
480,Aguascalientes,2013,2013-01-18,WC,R1,2,6,CECI_Francesco,ITA,10006073493.0,23.1,21.404999999999998,20.782,3.0,
481,Aguascalientes,2013,2013-01-18,WC,R1,2,7,MAGAÑA_Rene,ESA,10009131623.0,24.0,9.0,3.862,6.0,
482,Aguascalientes,2013,2013-01-18,WC,R1,3,1,WATANABE_Kazunari,JPN,10003349716.0,27.7,30.923,31.623999999999995,1.0,
483,Aguascalientes,2013,2013-01-18,WC,R1,3,2,VERDUGO_OSUNA_Edgar,MEX,10007890932.0,18.6,9.0,22.396,5.0,
484,Aguascalientes,2013,2013-01-18,WC,R1,3,3,MORENO_SANCHEZ_Jose,ESP,10007502427.0,19.2,19.833,21.567,3.0,
485,Aguascalientes,2013,2013-01-18,WC,R1,3,4,KELEMEN_Pavel,CZE,10006422895.0,21.6,9.0,17.560000000000002,5.0,
486,Aguascalientes,2013,2013-01-18,WC,R1,3,5,FENG_Yong,GPC_,10004792184.0,27.1,18.643,19.16,4.0,
487,Aguascalientes,2013,2013-01-18,WC,R1,3,6,SHURSHIN_Denis,RUS_,10005747131.0,23.1,9.0,13.028,5.0,
488,Aguascalientes,2013,2013-01-18,WC,R1,3,7,VYNOKUROV_Andrii,UKR,10002418415.0,30.4,22.112000000000002,20.812,2.0,
489,Aguascalientes,2013,2013-01-18,WC,R1,4,1,PERVIS_Francois,FRA,10003011125.0,28.3,31.214,32.788,1.0,
490,Aguascalientes,2013,2013-01-18,WC,R1,4,2,VOLIKAKIS_Christos,GRE,10004633247.0,24.8,29.375999999999998,29.939999999999998,2.0,
491,Aguascalientes,2013,2013-01-18,WC,R1,4,3,SAVITSKIY_Valentin,PHL_,10005747434.0,28.1,9.0,20.729,6.0,
492,Aguascalientes,2013,2013-01-18,WC,R1,4,4,BULLEN_Mitchell,AUS_,10007051476.0,21.1,9.0,17.945,6.0,
493,Aguascalientes,2013,2013-01-18,WC,R1,4,5,BARRETTE_Hugo,CAN,10007212639.0,21.5,13.908,16.538999999999998,5.0,
494,Aguascalientes,2013,2013-01-18,WC,R1,4,6,TANG_Qi,MSP_,10005763400.0,26.3,18.106,17.392999999999997,3.0,
495,Aguascalientes,2013,2013-01-18,WC,R1,4,7,BOTTASSO_Leandro,ARG_,10010894696.0,,17.301,16.23,4.0,
496,Aguascalientes,2013,2013-01-18,WC,Rep,1,1,BULLEN_Mitchell,AUS_,10007051476.0,21.1,17.945,22.311,4.0,
497,Aguascalientes,2013,2013-01-18,WC,Rep,1,2,CECI_Francesco,ITA,10006073493.0,23.1,20.782,21.206000000000003,1.0,
498,Aguascalientes,2013,2013-01-18,WC,Rep,1,3,FENG_Yong,GPC_,10004792184.0,27.1,19.16,19.383000000000003,3.0,
499,Aguascalientes,2013,2013-01-18,WC,Rep,1,4,NAKAGAWA_Seiichiro,JPN_,10002830360.0,33.6,20.655,19.201999999999998,2.0,
500,Aguascalientes,2013,2013-01-18,WC,Rep,2,1,KELEMEN_Pavel,CZE,10006422895.0,21.6,17.560000000000002,21.39,1.0,
501,Aguascalientes,2013,2013-01-18,WC,Rep,2,2,MAKSEL_Krzysztof,POL,10006902239.0,21.5,13.125999999999998,16.784999999999997,4.0,
502,Aguascalientes,2013,2013-01-18,WC,Rep,2,3,BOTTASSO_Leandro,ARG_,10010894696.0,,16.23,16.761,3.0,
503,Aguascalientes,2013,2013-01-18,WC,Rep,2,4,MCLEAN_Haseem,TTO,10004613241.0,25.5,16.662,16.336,2.0,
504,Aguascalientes,2013,2013-01-18,WC,Rep,2,5,MULLEN_Eoin,IRL,10007782616.0,19.5,10.716999999999999,9.949,5.0,
505,Aguascalientes,2013,2013-01-18,WC,Rep,3,1,DMITRIEV_Denis,RUS,10003100142.0,26.8,22.915999999999997,24.619999999999997,1.0,
506,Aguascalientes,2013,2013-01-18,WC,Rep,3,2,TANG_Qi,MSP_,10005763400.0,26.3,17.392999999999997,19.677999999999997,4.0,
507,Aguascalientes,2013,2013-01-18,WC,Rep,3,3,MORENO_SANCHEZ_Jose,ESP,10007502427.0,19.2,21.567,21.535000000000004,2.0,
508,Aguascalientes,2013,2013-01-18,WC,Rep,3,4,VYNOKUROV_Andrii,UKR,10002418415.0,30.4,20.812,20.348,3.0,
509,Aguascalientes,2013,2013-01-18,WC,Rep,3,5,CECI_Davide,ITA,10007508083.0,19.4,9.147,8.864,5.0,
510,Aguascalientes,2013,2013-01-18,WC,Rep,4,1,SAVITSKIY_Valentin,PHL_,10005747434.0,28.1,20.729,23.893,1.0,
511,Aguascalientes,2013,2013-01-18,WC,Rep,4,2,SHURSHIN_Denis,RUS_,10005747131.0,23.1,13.028,17.218,3.0,
512,Aguascalientes,2013,2013-01-18,WC,Rep,4,3,BARRETTE_Hugo,CAN,10007212639.0,21.5,16.538999999999998,17.081,2.0,
513,Aguascalientes,2013,2013-01-18,WC,Rep,4,4,MARCANO_SANCHEZ_Cesar_Mervin,VEN,,25.2,13.008,12.379000000000001,4.0,
514,Aguascalientes,2013,2013-01-18,WC,Rep,4,5,MAGAÑA_Rene,ESA,10009131623.0,24.0,3.862,2.8649999999999984,5.0,
515,Aguascalientes,2013,2013-01-18,WC,R2,1,1,PERVIS_Francois,FRA,10003011125.0,28.3,32.788,34.037000000000006,1.0,
516,Aguascalientes,2013,2013-01-18,WC,R2,1,2,BÜCHLI_Matthijs,NED,10006900421.0,20.1,26.381999999999998,28.018,2.0,
517,Aguascalientes,2013,2013-01-18,WC,R2,1,3,VERDUGO_OSUNA_Edgar,MEX,10007890932.0,18.6,22.396,25.04,4.0,
518,Aguascalientes,2013,2013-01-18,WC,R2,1,4,SAVITSKIY_Valentin,PHL_,10005747434.0,28.1,23.893,24.109,3.0,
519,Aguascalientes,2013,2013-01-18,WC,R2,1,5,BULLEN_Mitchell,AUS_,10007051476.0,21.1,22.311,21.418999999999997,5.0,
520,Aguascalientes,2013,2013-01-18,WC,R2,1,6,ESTERHUIZEN_Bernard,RSA_,10006893852.0,20.3,16.25,15.951,6.0,
521,Aguascalientes,2013,2013-01-18,WC,R2,2,1,VOLIKAKIS_Christos,GRE,10004633247.0,24.8,29.939999999999998,31.176,2.0,
522,Aguascalientes,2013,2013-01-18,WC,R2,2,2,WATANABE_Kazunari,JPN,10003349716.0,27.7,31.623999999999995,31.918,1.0,
523,Aguascalientes,2013,2013-01-18,WC,R2,2,3,DMITRIEV_Denis,RUS,10003100142.0,26.8,24.619999999999997,25.919,4.0,
524,Aguascalientes,2013,2013-01-18,WC,R2,2,4,KELEMEN_Pavel,CZE,10006422895.0,21.6,21.39,23.262,6.0,
525,Aguascalientes,2013,2013-01-18,WC,R2,2,5,SCHRODER_Marc,GER_,10006485139.0,,26.192999999999998,25.221,3.0,
526,Aguascalientes,2013,2013-01-18,WC,R2,2,6,DAWKINS_Edward,NZL,10005782695.0,23.5,24.479,23.569000000000003,5.0,
527,Aguascalientes,2013,2013-01-18,WC,Final,1,1,BÜCHLI_Matthijs,NED,10006900421.0,20.1,28.018,30.445,4.0,
528,Aguascalientes,2013,2013-01-18,WC,Final,1,2,WATANABE_Kazunari,JPN,10003349716.0,27.7,31.918,32.503,2.0,
529,Aguascalientes,2013,2013-01-18,WC,Final,1,3,PERVIS_Francois,FRA,10003011125.0,28.3,34.037000000000006,33.707,1.0,
530,Aguascalientes,2013,2013-01-18,WC,Final,1,4,VERDUGO_OSUNA_Edgar,MEX,10007890932.0,18.6,25.04,26.622999999999998,6.0,
531,Aguascalientes,2013,2013-01-18,WC,Final,1,5,DMITRIEV_Denis,RUS,10003100142.0,26.8,25.919,26.196,5.0,
532,Aguascalientes,2013,2013-01-18,WC,Final,1,6,VOLIKAKIS_Christos,GRE,10004633247.0,24.8,31.176,30.049000000000003,3.0,
533,Aguascalientes,2013,2013-01-18,WC,Final,2,1,DAWKINS_Edward,NZL,10005782695.0,23.5,23.569000000000003,25.165,3.0,
534,Aguascalientes,2013,2013-01-18,WC,Final,2,2,BULLEN_Mitchell,AUS_,10007051476.0,21.1,21.418999999999997,23.738,5.0,
535,Aguascalientes,2013,2013-01-18,WC,Final,2,3,KELEMEN_Pavel,CZE,10006422895.0,21.6,23.262,23.988,4.0,
536,Aguascalientes,2013,2013-01-18,WC,Final,2,4,SAVITSKIY_Valentin,PHL_,10005747434.0,28.1,24.109,23.536,2.0,
537,Aguascalientes,2013,2013-01-18,WC,Final,2,5,ESTERHUIZEN_Bernard,RSA_,10006893852.0,20.3,15.951,16.845999999999997,6.0,
538,Aguascalientes,2013,2013-01-18,WC,Final,2,6,SCHRODER_Marc,GER_,10006485139.0,,25.221,22.794,1.0,
539,Minsk,2013,2013-02-22,WCH,R1,1,1,LEVY_Maximilian,GER,10004601723.0,25.7,32.998,33.878,1.0,
540,Minsk,2013,2013-02-22,WCH,R1,1,2,"NG_Onn_Lam,_Josiah",MAS_,10055651813.0,,26.299000000000003,27.471,3.0,
541,Minsk,2013,2013-02-22,WCH,R1,1,3,DAWKINS_Edward,NZL,10005782695.0,23.6,25.165,25.948,5.0,
542,Minsk,2013,2013-02-22,WCH,R1,1,4,LAFARGUE_Quentin,FRA,10005930724.0,22.3,22.61,23.532,6.0,
543,Minsk,2013,2013-02-22,WCH,R1,1,5,DMITRIEV_Denis,RUS,10003100142.0,26.9,26.196,25.933,4.0,
544,Minsk,2013,2013-02-22,WCH,R1,1,6,VERDUGO_OSUNA_Edgar,MEX,10007890932.0,18.7,26.622999999999998,24.986,2.0,
545,Minsk,2013,2013-02-22,WCH,R1,1,7,CECI_Francesco,ITA,10006073493.0,23.2,21.206000000000003,20.901,7.0,
546,Minsk,2013,2013-02-22,WCH,R1,2,1,WÄCHTER_Tobias,GER,10036244537.0,24.6,13.408,23.474,7.0,
547,Minsk,2013,2013-02-22,WCH,R1,2,2,BÜCHLI_Matthijs,NED,10006900421.0,20.2,30.445,30.964,1.0,
548,Minsk,2013,2013-02-22,WCH,R1,2,3,KENNY_Jason,GBR,10004599194.0,24.9,30.083000000000002,30.201999999999998,2.0,
549,Minsk,2013,2013-02-22,WCH,R1,2,4,NITTA_Yudai,JPN,10005727327.0,27.1,23.098,23.936,5.0,
550,Minsk,2013,2013-02-22,WCH,R1,2,5,CRAMPTON_Matthew,GBR_,10003292122.0,26.8,26.363,26.305,4.0,
551,Minsk,2013,2013-02-22,WCH,R1,2,6,GLAETZER_Matthew,AUS,10006894559.0,20.5,22.616,22.730999999999998,6.0,
552,Minsk,2013,2013-02-22,WCH,R1,2,7,VOLIKAKIS_Christos,GRE,10004633247.0,24.9,30.049000000000003,28.707,3.0,
553,Minsk,2013,2013-02-22,WCH,R1,3,1,PERVIS_Francois,FRA,10003011125.0,28.4,33.707,35.023,1.0,
554,Minsk,2013,2013-02-22,WCH,R1,3,2,BÖTTICHER_Stefan,GER,10048325582.0,21.1,31.403999999999996,32.569,3.0,
555,Minsk,2013,2013-02-22,WCH,R1,3,3,TAYLOR_Andrew,AUS_,10003030424.0,27.6,28.176000000000002,29.288999999999998,4.0,
556,Minsk,2013,2013-02-22,WCH,R1,3,4,KELEMEN_Pavel,CZE,10006422895.0,21.7,23.988,25.514,5.0,
557,Minsk,2013,2013-02-22,WCH,R1,3,5,SAVITSKIY_Valentin,RUS_,10005747434.0,28.2,23.536,24.564,7.0,
558,Minsk,2013,2013-02-22,WCH,R1,3,6,WATANABE_Kazunari,JPN,10003349716.0,27.8,32.503,31.619000000000003,2.0,
559,Minsk,2013,2013-02-22,WCH,R1,3,7,MAZQUIARAN_URIA_Hodei,ESP_,10004613039.0,24.2,23.87,23.475,6.0,
560,Minsk,2013,2013-02-22,WCH,R1,4,1,VAN_VELTHOOVEN_Simon,NZL_,10005506954.0,24.2,28.375999999999998,30.113999999999997,2.0,
561,Minsk,2013,2013-02-22,WCH,R1,4,2,SUNDERLAND_Scott,AUS_,10004596871.0,24.9,30.726,31.176000000000002,1.0,
562,Minsk,2013,2013-02-22,WCH,R1,4,3,PUERTA_ZAPATA_Fabian_Hernando,COL,10006904360.0,21.6,26.608,27.131,3.0,
563,Minsk,2013,2013-02-22,WCH,R1,4,4,PTÁČNÍK_Adam,CZE_,10004722668.0,27.2,23.549999999999997,24.196,5.0,
564,Minsk,2013,2013-02-22,WCH,R1,4,5,PERALTA_Juan,ESP,10006552534.0,22.8,24.615000000000002,24.402,4.0,
565,Minsk,2013,2013-02-22,WCH,R1,4,6,KUCZYNSKI_Kamil,POL,10003095795.0,27.9,9.877999999999998,13.046,7.0,
566,Minsk,2013,2013-02-22,WCH,R1,4,7,HAAK_Hugo,NED_,10006900320.0,21.3,19.312,17.801000000000002,6.0,
567,Minsk,2013,2013-02-22,WCH,Rep,1,1,GLAETZER_Matthew,AUS,10006894559.0,20.5,22.730999999999998,24.756,4.0,
568,Minsk,2013,2013-02-22,WCH,Rep,1,2,SAVITSKIY_Valentin,RUS_,10005747434.0,28.2,24.564,25.372999999999998,2.0,
569,Minsk,2013,2013-02-22,WCH,Rep,1,3,DAWKINS_Edward,NZL,10005782695.0,23.6,25.948,25.894,1.0,
570,Minsk,2013,2013-02-22,WCH,Rep,1,4,CECI_Francesco,ITA,10006073493.0,23.2,20.901,21.073,5.0,
571,Minsk,2013,2013-02-22,WCH,Rep,1,5,PTÁČNÍK_Adam,CZE_,10004722668.0,27.2,24.196,22.274,3.0,
572,Minsk,2013,2013-02-22,WCH,Rep,2,1,KENNY_Jason,GBR,10004599194.0,24.9,30.201999999999998,30.762,1.0,
573,Minsk,2013,2013-02-22,WCH,Rep,2,2,HAAK_Hugo,NED_,10006900320.0,21.3,17.801000000000002,20.429000000000002,5.0,
574,Minsk,2013,2013-02-22,WCH,Rep,2,3,CRAMPTON_Matthew,GBR_,10003292122.0,26.8,26.305,26.35,2.0,
575,Minsk,2013,2013-02-22,WCH,Rep,2,4,VERDUGO_OSUNA_Edgar,MEX,10007890932.0,18.7,24.986,24.541,4.0,
576,Minsk,2013,2013-02-22,WCH,Rep,2,5,KELEMEN_Pavel,CZE,10006422895.0,21.7,25.514,24.208,3.0,
577,Minsk,2013,2013-02-22,WCH,Rep,3,1,TAYLOR_Andrew,AUS_,10003030424.0,27.6,29.288999999999998,30.038999999999998,1.0,
578,Minsk,2013,2013-02-22,WCH,Rep,3,2,MAZQUIARAN_URIA_Hodei,ESP_,10004613039.0,24.2,23.475,24.064999999999998,4.0,
579,Minsk,2013,2013-02-22,WCH,Rep,3,3,KUCZYNSKI_Kamil,POL,10003095795.0,27.9,13.046,16.823,5.0,
580,Minsk,2013,2013-02-22,WCH,Rep,3,4,DMITRIEV_Denis,RUS,10003100142.0,26.9,25.933,25.258000000000003,2.0,
581,Minsk,2013,2013-02-22,WCH,Rep,3,5,NITTA_Yudai,JPN,10005727327.0,27.1,23.936,23.191,3.0,
582,Minsk,2013,2013-02-22,WCH,Rep,4,1,VOLIKAKIS_Christos,GRE,10004633247.0,24.9,28.707,29.494999999999997,2.0,
583,Minsk,2013,2013-02-22,WCH,Rep,4,2,LAFARGUE_Quentin,FRA,10005930724.0,22.3,23.532,24.785,5.0,
584,Minsk,2013,2013-02-22,WCH,Rep,4,3,PUERTA_ZAPATA_Fabian_Hernando,COL,10006904360.0,21.6,27.131,27.29,3.0,
585,Minsk,2013,2013-02-22,WCH,Rep,4,4,PERALTA_Juan,ESP,10006552534.0,22.8,24.402,24.583,4.0,
586,Minsk,2013,2013-02-22,WCH,Rep,4,5,WATANABE_Kazunari,JPN,10003349716.0,27.8,31.619000000000003,30.595,1.0,
587,Minsk,2013,2013-02-22,WCH,R2,1,1,LEVY_Maximilian,GER,10004601723.0,25.7,33.878,35.105000000000004,1.0,
588,Minsk,2013,2013-02-22,WCH,R2,1,2,BÜCHLI_Matthijs,NED,10006900421.0,20.2,30.964,31.948999999999998,3.0,
589,Minsk,2013,2013-02-22,WCH,R2,1,3,BÖTTICHER_Stefan,GER,10048325582.0,21.1,32.569,32.71,2.0,
590,Minsk,2013,2013-02-22,WCH,R2,1,4,VAN_VELTHOOVEN_Simon,NZL_,10005506954.0,24.2,30.113999999999997,30.175000000000004,4.0,
591,Minsk,2013,2013-02-22,WCH,R2,1,5,GLAETZER_Matthew,AUS,10006894559.0,20.5,24.756,25.213,6.0,
592,Minsk,2013,2013-02-22,WCH,R2,1,6,VOLIKAKIS_Christos,GRE,10004633247.0,24.9,29.494999999999997,28.785,5.0,
593,Minsk,2013,2013-02-22,WCH,R2,2,1,TAYLOR_Andrew,AUS_,10003030424.0,27.6,30.038999999999998,31.830000000000002,4.0,
594,Minsk,2013,2013-02-22,WCH,R2,2,2,SUNDERLAND_Scott,AUS_,10004596871.0,24.9,31.176000000000002,32.348,2.0,
595,Minsk,2013,2013-02-22,WCH,R2,2,3,KENNY_Jason,GBR,10004599194.0,24.9,30.762,31.128,3.0,
596,Minsk,2013,2013-02-22,WCH,R2,2,4,WÄCHTER_Tobias,GER,10036244537.0,24.6,23.474,25.642,6.0,
597,Minsk,2013,2013-02-22,WCH,R2,2,5,"NG_Onn_Lam,_Josiah",MAS_,10055651813.0,,27.471,27.579,5.0,
598,Minsk,2013,2013-02-22,WCH,R2,2,6,PERVIS_Francois,FRA,10003011125.0,28.4,35.023,33.080999999999996,1.0,
599,Minsk,2013,2013-02-22,WCH,Final,1,1,KENNY_Jason,GBR,10004599194.0,24.9,31.128,32.394,6.0,
600,Minsk,2013,2013-02-22,WCH,Final,1,2,LEVY_Maximilian,GER,10004601723.0,25.7,35.105000000000004,35.571,1.0,
601,Minsk,2013,2013-02-22,WCH,Final,1,3,BÜCHLI_Matthijs,NED,10006900421.0,20.2,31.948999999999998,32.493,4.0,
602,Minsk,2013,2013-02-22,WCH,Final,1,4,TAYLOR_Andrew,AUS_,10003030424.0,27.6,31.830000000000002,32.007000000000005,5.0,
603,Minsk,2013,2013-02-22,WCH,Final,1,5,SUNDERLAND_Scott,AUS_,10004596871.0,24.9,32.348,31.705,3.0,
604,Minsk,2013,2013-02-22,WCH,Final,1,6,BÖTTICHER_Stefan,GER,10048325582.0,21.1,32.71,31.439000000000004,2.0,
605,Minsk,2013,2013-02-22,WCH,Final,2,1,PERVIS_Francois,FRA,10003011125.0,28.4,33.080999999999996,33.881,1.0,
606,Minsk,2013,2013-02-22,WCH,Final,2,2,GLAETZER_Matthew,AUS,10006894559.0,20.5,25.213,26.735,6.0,
607,Minsk,2013,2013-02-22,WCH,Final,2,3,VOLIKAKIS_Christos,GRE,10004633247.0,24.9,28.785,29.087000000000003,3.0,
608,Minsk,2013,2013-02-22,WCH,Final,2,4,WÄCHTER_Tobias,GER,10036244537.0,24.6,25.642,26.263,5.0,
609,Minsk,2013,2013-02-22,WCH,Final,2,5,"NG_Onn_Lam,_Josiah",MAS_,10055651813.0,,27.579,27.375,4.0,
610,Minsk,2013,2013-02-22,WCH,Final,2,6,VAN_VELTHOOVEN_Simon,NZL_,10005506954.0,24.2,30.175000000000004,28.912000000000003,2.0,
611,Manchester,2014,2013-11-02,WC,R1,1,1,KENNY_Jason,GBR,10004599194.0,25.6,32.394,32.621,1.0,
612,Manchester,2014,2013-11-02,WC,R1,1,2,"NG_Onn_Lam,_Josiah",MAS_,10055651813.0,,27.375,27.325,2.0,
613,Manchester,2014,2013-11-02,WC,R1,1,3,MULLEN_Eoin,IRL,10007782616.0,20.2,9.949,11.831999999999997,4.0,
614,Manchester,2014,2013-11-02,WC,R1,1,4,KUCZYNSKI_Kamil,POL,10003095795.0,28.6,16.823,15.417000000000002,3.0,
615,Manchester,2014,2013-11-02,WC,R1,2,1,DAWKINS_Edward,NZL,10005782695.0,24.3,25.894,26.977,3.0,
616,Manchester,2014,2013-11-02,WC,R1,2,2,OLIVA_Lewis,GBR,10006898300.0,21.2,18.872,22.164,4.0,
617,Manchester,2014,2013-11-02,WC,R1,2,3,AWANG_Mohd_Azizulhasni,MAS,10004868370.0,25.8,28.205,28.201,2.0,
618,Manchester,2014,2013-11-02,WC,R1,2,4,LEVY_Maximilian,GER,10004601723.0,26.4,35.571,33.986000000000004,1.0,
619,Manchester,2014,2013-11-02,WC,R1,2,5,XU_Chao,CHN,10007947011.0,19.0,9.0,7.692000000000002,5.0,
620,Manchester,2014,2013-11-02,WC,R1,3,1,PHILLIP_Njisane,TTO,10006898401.0,22.4,21.991,23.679000000000002,3.0,
621,Manchester,2014,2013-11-02,WC,R1,3,2,PTÁČNÍK_Adam,CZE_,10004722668.0,27.9,22.274,23.491,2.0,
622,Manchester,2014,2013-11-02,WC,R1,3,3,ENGLER_Eric,GER,10006665496.0,22.1,9.0,18.439999999999998,5.0,
623,Manchester,2014,2013-11-02,WC,R1,3,4,ALIAGA_CHIVITE_Sergio,ESP,10006553039.0,22.0,15.157,17.253,4.0,
624,Manchester,2014,2013-11-02,WC,R1,3,5,BÜCHLI_Matthijs,NED,10006900421.0,20.9,32.493,30.715,1.0,
625,Manchester,2014,2013-11-02,WC,R1,4,1,LEWIS_Peter,JAY_,10006182924.0,23.8,27.186,29.535000000000004,3.0,
626,Manchester,2014,2013-11-02,WC,R1,4,2,PERVIS_Francois,FRA,10003011125.0,29.0,33.881,33.625,1.0,
627,Manchester,2014,2013-11-02,WC,R1,4,3,VYNOKUROV_Andrii,UKR,10002418415.0,31.2,20.348,21.433,4.0,
628,Manchester,2014,2013-11-02,WC,R1,4,4,WATANABE_Kazunari,JPN,10003349716.0,28.5,30.595,29.935,2.0,
629,Manchester,2014,2013-11-02,WC,R1,4,5,ESTERHUIZEN_Bernard,RSA_,10006893852.0,21.1,16.845999999999997,16.703,5.0,
630,Manchester,2014,2013-11-02,WC,R1,5,1,GLAETZER_Matthew,AUS,10006894559.0,21.2,26.735,27.83,2.0,
631,Manchester,2014,2013-11-02,WC,R1,5,2,SAVITSKIY_Valentin,RVL_,10005747434.0,28.9,25.372999999999998,26.236,3.0,
632,Manchester,2014,2013-11-02,WC,R1,5,3,CANELON_VERA_Hersony_Gadiel,VEN,10004717719.0,24.9,24.708,25.095,4.0,
633,Manchester,2014,2013-11-02,WC,R1,5,4,VAN_VELTHOOVEN_Simon,HPS_,10005506954.0,24.9,28.912000000000003,28.13,1.0,
634,Manchester,2014,2013-11-02,WC,R1,5,5,BARRETTE_Hugo,CAN,10007212639.0,22.3,17.081,16.64,5.0,
635,Manchester,2014,2013-11-02,WC,R1,6,1,DMITRIEV_Denis,RUS,10003100142.0,27.6,25.258000000000003,26.13,2.0,
636,Manchester,2014,2013-11-02,WC,R1,6,2,WÄCHTER_Tobias,GER,10036244537.0,25.2,26.263,26.266,1.0,
637,Manchester,2014,2013-11-02,WC,R1,6,3,BOTTASSO_Leandro,ARG_,10010894696.0,,16.761,17.832,4.0,
638,Manchester,2014,2013-11-02,WC,R1,6,4,WAKIMOTO_Yuta,JPN,10005964470.0,24.6,9.0,13.321,5.0,
639,Manchester,2014,2013-11-02,WC,R1,6,5,CECI_Francesco,ITA,10006073493.0,23.9,21.073,20.595,3.0,
640,Manchester,2014,2013-11-02,WC,Rep,1,1,LEVY_Maximilian,GER,10004601723.0,26.4,33.986000000000004,34.093,1.0,
641,Manchester,2014,2013-11-02,WC,Rep,1,2,BOTTASSO_Leandro,ARG_,10010894696.0,,17.832,19.144,3.0,
642,Manchester,2014,2013-11-02,WC,Rep,1,3,"NG_Onn_Lam,_Josiah",MAS_,10055651813.0,,27.325,26.602999999999998,2.0,
643,Manchester,2014,2013-11-02,WC,Rep,2,1,CANELON_VERA_Hersony_Gadiel,VEN,10004717719.0,24.9,25.095,26.005,2.0,
644,Manchester,2014,2013-11-02,WC,Rep,2,2,KUCZYNSKI_Kamil,POL,10003095795.0,28.6,15.417000000000002,18.152,4.0,
645,Manchester,2014,2013-11-02,WC,Rep,2,3,OLIVA_Lewis,GBR,10006898300.0,21.2,22.164,22.436,3.0,
646,Manchester,2014,2013-11-02,WC,Rep,2,4,BÜCHLI_Matthijs,NED,10006900421.0,20.9,30.715,29.461,1.0,
647,Manchester,2014,2013-11-02,WC,Rep,3,1,CECI_Francesco,ITA,10006073493.0,23.9,20.595,21.41,4.0,
648,Manchester,2014,2013-11-02,WC,Rep,3,2,VAN_VELTHOOVEN_Simon,HPS_,10005506954.0,24.9,28.13,27.894000000000002,1.0,
649,Manchester,2014,2013-11-02,WC,Rep,3,3,PTÁČNÍK_Adam,CZE_,10004722668.0,27.9,23.491,23.28,2.0,
650,Manchester,2014,2013-11-02,WC,Rep,3,4,VYNOKUROV_Andrii,UKR,10002418415.0,31.2,21.433,20.995,3.0,
651,Manchester,2014,2013-11-02,WC,Rep,4,1,PERVIS_Francois,FRA,10003011125.0,29.0,33.625,33.789,1.0,
652,Manchester,2014,2013-11-02,WC,Rep,4,2,XU_Chao,CHN,10007947011.0,19.0,7.692000000000002,16.844,4.0,
653,Manchester,2014,2013-11-02,WC,Rep,4,3,WAKIMOTO_Yuta,JPN,10005964470.0,24.6,13.321,15.584999999999999,3.0,
654,Manchester,2014,2013-11-02,WC,Rep,4,4,ENGLER_Eric,GER,10006665496.0,22.1,18.439999999999998,15.576,2.0,
655,Manchester,2014,2013-11-02,WC,Rep,5,1,SAVITSKIY_Valentin,RVL_,10005747434.0,28.9,26.236,26.91,2.0,
656,Manchester,2014,2013-11-02,WC,Rep,5,2,ESTERHUIZEN_Bernard,RSA_,10006893852.0,21.1,16.703,18.175,4.0,
657,Manchester,2014,2013-11-02,WC,Rep,5,3,AWANG_Mohd_Azizulhasni,MAS,10004868370.0,25.8,28.201,27.303,1.0,
658,Manchester,2014,2013-11-02,WC,Rep,5,4,ALIAGA_CHIVITE_Sergio,ESP,10006553039.0,22.0,17.253,16.73,3.0,
659,Manchester,2014,2013-11-02,WC,Rep,6,1,WÄCHTER_Tobias,GER,10036244537.0,25.2,26.266,27.142,2.0,
660,Manchester,2014,2013-11-02,WC,Rep,6,2,BARRETTE_Hugo,CAN,10007212639.0,22.3,16.64,19.054000000000002,3.0,
661,Manchester,2014,2013-11-02,WC,Rep,6,3,WATANABE_Kazunari,JPN,10003349716.0,28.5,29.935,29.241999999999997,1.0,
662,Manchester,2014,2013-11-02,WC,Rep,6,4,MULLEN_Eoin,IRL,10007782616.0,20.2,11.831999999999997,11.764999999999999,4.0,
663,Manchester,2014,2013-11-02,WC,R2,1,1,KENNY_Jason,GBR,10004599194.0,25.6,32.621,33.132,1.0,
664,Manchester,2014,2013-11-02,WC,R2,1,2,CANELON_VERA_Hersony_Gadiel,VEN,10004717719.0,24.9,26.005,27.043,5.0,
665,Manchester,2014,2013-11-02,WC,R2,1,3,WÄCHTER_Tobias,GER,10036244537.0,25.2,27.142,27.591,4.0,
666,Manchester,2014,2013-11-02,WC,R2,1,4,GLAETZER_Matthew,AUS,10006894559.0,21.2,27.83,27.712,3.0,
667,Manchester,2014,2013-11-02,WC,R2,1,5,CECI_Francesco,ITA,10006073493.0,23.9,21.41,21.677999999999997,6.0,
668,Manchester,2014,2013-11-02,WC,R2,1,6,LEWIS_Peter,JAY_,10006182924.0,23.8,29.535000000000004,27.078,2.0,
669,Manchester,2014,2013-11-02,WC,R2,2,1,PERVIS_Francois,FRA,10003011125.0,29.0,33.789,34.446999999999996,2.0,
670,Manchester,2014,2013-11-02,WC,R2,2,2,DAWKINS_Edward,NZL,10005782695.0,24.3,26.977,27.912,3.0,
671,Manchester,2014,2013-11-02,WC,R2,2,3,LEVY_Maximilian,GER,10004601723.0,26.4,34.093,33.714,1.0,
672,Manchester,2014,2013-11-02,WC,R2,2,4,PHILLIP_Njisane,TTO,10006898401.0,22.4,23.679000000000002,24.442999999999998,6.0,
673,Manchester,2014,2013-11-02,WC,R2,2,5,SAVITSKIY_Valentin,RVL_,10005747434.0,28.9,26.91,26.609,4.0,
674,Manchester,2014,2013-11-02,WC,R2,2,6,DMITRIEV_Denis,RUS,10003100142.0,27.6,26.13,25.458000000000002,5.0,
675,Manchester,2014,2013-11-02,WC,Final,1,1,PERVIS_Francois,FRA,10003011125.0,29.0,34.446999999999996,35.213,1.0,
676,Manchester,2014,2013-11-02,WC,Final,1,2,LEVY_Maximilian,GER,10004601723.0,26.4,33.714,34.050000000000004,2.0,
677,Manchester,2014,2013-11-02,WC,Final,1,3,CANELON_VERA_Hersony_Gadiel,VEN,10004717719.0,24.9,27.043,27.913999999999998,6.0,
678,Manchester,2014,2013-11-02,WC,Final,1,4,KENNY_Jason,GBR,10004599194.0,25.6,33.132,32.863,3.0,
679,Manchester,2014,2013-11-02,WC,Final,1,5,WÄCHTER_Tobias,GER,10036244537.0,25.2,27.591,27.514,5.0,
680,Manchester,2014,2013-11-02,WC,Final,1,6,DAWKINS_Edward,NZL,10005782695.0,24.3,27.912,27.398,4.0,
681,Manchester,2014,2013-11-02,WC,Final,2,1,GLAETZER_Matthew,AUS,10006894559.0,21.2,27.712,28.590999999999998,1.0,
682,Manchester,2014,2013-11-02,WC,Final,2,2,SAVITSKIY_Valentin,RVL_,10005747434.0,28.9,26.609,27.209,3.0,
683,Manchester,2014,2013-11-02,WC,Final,2,3,DMITRIEV_Denis,RUS,10003100142.0,27.6,25.458000000000002,25.778,4.0,
684,Manchester,2014,2013-11-02,WC,Final,2,4,CECI_Francesco,ITA,10006073493.0,23.9,21.677999999999997,21.999,6.0,
685,Manchester,2014,2013-11-02,WC,Final,2,5,LEWIS_Peter,JAY_,10006182924.0,23.8,27.078,25.97,2.0,
686,Manchester,2014,2013-11-02,WC,Final,2,6,PHILLIP_Njisane,TTO,10006898401.0,22.4,24.442999999999998,23.594,5.0,
687,Aguascalientes,2014,2013-12-07,WC,R1,1,1,BÜCHLI_Matthijs,NED,10006900421.0,21.0,29.461,30.080000000000002,1.0,
688,Aguascalientes,2014,2013-12-07,WC,R1,1,2,WATANABE_Kazunari,JPN,10003349716.0,28.6,29.241999999999997,29.380000000000003,2.0,
689,Aguascalientes,2014,2013-12-07,WC,R1,1,3,KUCZYNSKI_Kamil,POL,10003095795.0,28.7,18.152,19.967,6.0,
690,Aguascalientes,2014,2013-12-07,WC,R1,1,4,BARRETTE_Hugo,CAN,10007212639.0,22.4,19.054000000000002,20.154,5.0,
691,Aguascalientes,2014,2013-12-07,WC,R1,1,5,D'ALMEIDA_Michael,FRA,10004618796.0,26.3,19.144,19.65,4.0,
692,Aguascalientes,2014,2013-12-07,WC,R1,1,6,XU_Chao,CHN,10007947011.0,19.1,16.844,16.924,7.0,
693,Aguascalientes,2014,2013-12-07,WC,R1,1,9,VERDUGO_OSUNA_Edgar,MEX,10007890932.0,19.5,24.541,22.651,3.0,
694,Aguascalientes,2014,2013-12-07,WC,R1,2,1,WÄCHTER_Tobias,GER,10036244537.0,25.3,27.514,28.325,1.0,
695,Aguascalientes,2014,2013-12-07,WC,R1,2,2,ALIAGA_CHIVITE_Sergio,ESP,10006553039.0,22.1,16.73,19.605,7.0,
696,Aguascalientes,2014,2013-12-07,WC,R1,2,3,AWANG_Mohd_Azizulhasni,MAS,10004868370.0,25.9,27.303,27.221,2.0,
697,Aguascalientes,2014,2013-12-07,WC,R1,2,4,CECI_Francesco,ITA,10006073493.0,24.0,21.999,22.220000000000002,4.0,
698,Aguascalientes,2014,2013-12-07,WC,R1,2,5,"NG_Onn_Lam,_Josiah",MAS_,10055651813.0,,26.602999999999998,26.060000000000002,3.0,
699,Aguascalientes,2014,2013-12-07,WC,R1,2,6,BOTTASSO_Leandro,ARG_,10010894696.0,,19.144,19.071,5.0,
700,Aguascalientes,2014,2013-12-07,WC,R1,2,7,ARCHIBALD_Matt,NZL_,10006382984.0,,17.989,15.212,6.0,
701,Aguascalientes,2014,2013-12-07,WC,R1,3,1,VOLIKAKIS_Christos,GRE,10004633247.0,25.7,29.087000000000003,29.633,1.0,
702,Aguascalientes,2014,2013-12-07,WC,R1,3,2,ENGLER_Eric,GER,10006665496.0,22.2,15.576,20.987,6.0,
703,Aguascalientes,2014,2013-12-07,WC,R1,3,3,PTÁČNÍK_Adam,CZE_,10004722668.0,28.0,23.28,24.000999999999998,3.0,
704,Aguascalientes,2014,2013-12-07,WC,R1,3,4,SAMUSENKO_Kirill,RUS,10007271142.0,21.6,9.0,18.493000000000002,7.0,
705,Aguascalientes,2014,2013-12-07,WC,R1,3,5,OLIVA_Lewis,GBR,10006898300.0,21.3,22.436,22.430999999999997,4.0,
706,Aguascalientes,2014,2013-12-07,WC,R1,3,6,WAKIMOTO_Yuta,JPN,10005964470.0,24.7,15.584999999999999,16.941000000000003,5.0,
707,Aguascalientes,2014,2013-12-07,WC,R1,3,7,CANELON_VERA_Hersony_Gadiel,VEN,10004717719.0,25.0,27.913999999999998,26.594,2.0,
708,Aguascalientes,2014,2013-12-07,WC,R1,4,1,PERKINS_Shane_Alan,RUS,10051694112.0,26.9,22.626,25.275,5.0,
709,Aguascalientes,2014,2013-12-07,WC,R1,4,2,CRAMPTON_Matthew,GBR_,10003292122.0,27.5,26.35,26.975,3.0,
710,Aguascalientes,2014,2013-12-07,WC,R1,4,3,SAVITSKIY_Valentin,RVL_,10005747434.0,29.0,27.209,27.344,2.0,
711,Aguascalientes,2014,2013-12-07,WC,R1,4,4,VAN_VELTHOOVEN_Simon,HPS_,10005506954.0,25.0,27.894000000000002,27.597,1.0,
712,Aguascalientes,2014,2013-12-07,WC,R1,4,5,PHILLIP_Njisane,TTO,10006898401.0,22.5,23.594,23.383,4.0,
713,Aguascalientes,2014,2013-12-07,WC,R1,4,6,BALZER_Erik,ERD_,10006480186.0,22.4,9.0,11.353,7.0,
714,Aguascalientes,2014,2013-12-07,WC,R1,4,7,MULLEN_Eoin,IRL,10007782616.0,20.3,11.764999999999999,11.279,6.0,
715,Aguascalientes,2014,2013-12-07,WC,Rep,1,1,AWANG_Mohd_Azizulhasni,MAS,10004868370.0,25.9,27.221,27.875999999999998,3.0,
716,Aguascalientes,2014,2013-12-07,WC,Rep,1,2,OLIVA_Lewis,GBR,10006898300.0,21.3,22.430999999999997,23.488,4.0,
717,Aguascalientes,2014,2013-12-07,WC,Rep,1,3,MULLEN_Eoin,IRL,10007782616.0,20.3,11.279,14.476999999999999,7.0,
718,Aguascalientes,2014,2013-12-07,WC,Rep,1,4,SAVITSKIY_Valentin,RVL_,10005747434.0,29.0,27.344,26.901,2.0,
719,Aguascalientes,2014,2013-12-07,WC,Rep,1,5,VAN_VELTHOOVEN_Simon,HPS_,10005506954.0,25.0,27.597,26.896,1.0,
720,Aguascalientes,2014,2013-12-07,WC,Rep,1,6,ARCHIBALD_Matt,NZL_,10006382984.0,,15.212,15.786000000000001,6.0,
721,Aguascalientes,2014,2013-12-07,WC,Rep,1,7,SAMUSENKO_Kirill,RUS,10007271142.0,21.6,18.493000000000002,15.102,5.0,
722,Aguascalientes,2014,2013-12-07,WC,Rep,2,1,PHILLIP_Njisane,TTO,10006898401.0,22.5,23.383,24.388,3.0,
723,Aguascalientes,2014,2013-12-07,WC,Rep,2,2,BALZER_Erik,ERD_,10006480186.0,22.4,11.353,19.08,6.0,
724,Aguascalientes,2014,2013-12-07,WC,Rep,2,3,PTÁČNÍK_Adam,CZE_,10004722668.0,28.0,24.000999999999998,24.208000000000002,2.0,
725,Aguascalientes,2014,2013-12-07,WC,Rep,2,4,WAKIMOTO_Yuta,JPN,10005964470.0,24.7,16.941000000000003,18.598,5.0,
726,Aguascalientes,2014,2013-12-07,WC,Rep,2,5,BOTTASSO_Leandro,ARG_,10010894696.0,,19.071,19.346,4.0,
727,Aguascalientes,2014,2013-12-07,WC,Rep,2,9,CANELON_VERA_Hersony_Gadiel,VEN,10004717719.0,25.0,26.594,25.639,1.0,
728,Aguascalientes,2014,2013-12-07,WC,Rep,2,9,CECI_Francesco,ITA,10006073493.0,24.0,22.220000000000002,22.009,1.0,
729,Aguascalientes,2014,2013-12-07,WC,R2,1,1,CRAMPTON_Matthew,GBR_,10003292122.0,27.5,26.975,27.972,3.0,
730,Aguascalientes,2014,2013-12-07,WC,R2,1,2,BÜCHLI_Matthijs,NED,10006900421.0,21.0,30.080000000000002,30.230999999999998,1.0,
731,Aguascalientes,2014,2013-12-07,WC,R2,1,3,AWANG_Mohd_Azizulhasni,MAS,10004868370.0,25.9,27.875999999999998,27.918,2.0,
732,Aguascalientes,2014,2013-12-07,WC,R2,1,4,BALZER_Erik,ERD_,10006480186.0,22.4,19.08,20.624000000000002,6.0,
733,Aguascalientes,2014,2013-12-07,WC,R2,1,5,ENGLER_Eric,GER,10006665496.0,22.2,20.987,20.653,4.0,
734,Aguascalientes,2014,2013-12-07,WC,R2,1,6,ALIAGA_CHIVITE_Sergio,ESP,10006553039.0,22.1,19.605,18.872,5.0,
735,Aguascalientes,2014,2013-12-07,WC,R2,2,1,VOLIKAKIS_Christos,GRE,10004633247.0,25.7,29.633,30.277,1.0,
736,Aguascalientes,2014,2013-12-07,WC,R2,2,2,WÄCHTER_Tobias,GER,10036244537.0,25.3,28.325,28.849,3.0,
737,Aguascalientes,2014,2013-12-07,WC,R2,2,3,PERKINS_Shane_Alan,RUS,10051694112.0,26.9,25.275,26.023,4.0,
738,Aguascalientes,2014,2013-12-07,WC,R2,2,4,OLIVA_Lewis,GBR,10006898300.0,21.3,23.488,23.97,6.0,
739,Aguascalientes,2014,2013-12-07,WC,R2,2,5,PHILLIP_Njisane,TTO,10006898401.0,22.5,24.388,24.364,5.0,
740,Aguascalientes,2014,2013-12-07,WC,R2,2,6,WATANABE_Kazunari,JPN,10003349716.0,28.6,29.380000000000003,28.64,2.0,
741,Aguascalientes,2014,2013-12-07,WC,Final,1,1,CRAMPTON_Matthew,GBR_,10003292122.0,27.5,27.972,29.014000000000003,4.0,
742,Aguascalientes,2014,2013-12-07,WC,Final,1,2,WÄCHTER_Tobias,GER,10036244537.0,25.3,28.849,29.443999999999996,3.0,
743,Aguascalientes,2014,2013-12-07,WC,Final,1,3,PERKINS_Shane_Alan,RUS,10051694112.0,26.9,26.023,26.907,6.0,
744,Aguascalientes,2014,2013-12-07,WC,Final,1,4,BÜCHLI_Matthijs,NED,10006900421.0,21.0,30.230999999999998,30.095,2.0,
745,Aguascalientes,2014,2013-12-07,WC,Final,1,5,VOLIKAKIS_Christos,GRE,10004633247.0,25.7,30.277,29.911999999999995,1.0,
746,Aguascalientes,2014,2013-12-07,WC,Final,1,6,AWANG_Mohd_Azizulhasni,MAS,10004868370.0,25.9,27.918,27.355,5.0,
747,Aguascalientes,2014,2013-12-07,WC,Final,2,1,BALZER_Erik,ERD_,10006480186.0,22.4,20.624000000000002,23.668000000000003,5.0,
748,Aguascalientes,2014,2013-12-07,WC,Final,2,2,PHILLIP_Njisane,TTO,10006898401.0,22.5,24.364,24.852,2.0,
749,Aguascalientes,2014,2013-12-07,WC,Final,2,3,ALIAGA_CHIVITE_Sergio,ESP,10006553039.0,22.1,18.872,20.161,6.0,
750,Aguascalientes,2014,2013-12-07,WC,Final,2,4,OLIVA_Lewis,GBR,10006898300.0,21.3,23.97,23.935000000000002,3.0,
751,Aguascalientes,2014,2013-12-07,WC,Final,2,5,ENGLER_Eric,GER,10006665496.0,22.2,20.653,20.654,4.0,
752,Aguascalientes,2014,2013-12-07,WC,Final,2,6,WATANABE_Kazunari,JPN,10003349716.0,28.6,28.64,27.808,1.0,
753,Guadalajara,2014,2014-01-18,WC,R1,1,1,BÜCHLI_Matthijs,NED,10006900421.0,21.1,30.095,30.300000000000004,1.0,
754,Guadalajara,2014,2014-01-18,WC,R1,1,2,CECI_Francesco,ITA,10006073493.0,24.1,22.009,22.310000000000002,2.0,
755,Guadalajara,2014,2014-01-18,WC,R1,1,3,SAMUSENKO_Kirill,RUS,10007271142.0,21.7,15.102,17.237,5.0,
756,Guadalajara,2014,2014-01-18,WC,R1,1,4,ALIAGA_CHIVITE_Sergio,ESP,10006553039.0,22.2,20.161,19.954,3.0,
757,Guadalajara,2014,2014-01-18,WC,R1,1,5,BOTTASSO_Leandro,ARG_,10010894696.0,,19.346,18.764,4.0,
758,Guadalajara,2014,2014-01-18,WC,R1,2,1,DAWKINS_Edward,NZL,10005782695.0,24.5,27.398,28.046,2.0,
759,Guadalajara,2014,2014-01-18,WC,R1,2,2,EILERS_Joachim,GER,10006379247.0,23.8,24.127000000000002,25.183,3.0,
760,Guadalajara,2014,2014-01-18,WC,R1,2,3,WATANABE_Kazunari,JPN,10003349716.0,28.7,27.808,27.723,1.0,
761,Guadalajara,2014,2014-01-18,WC,R1,2,4,SARNECKI_Rafal,POL,10005953154.0,24.0,17.99,19.226,5.0,
762,Guadalajara,2014,2014-01-18,WC,R1,2,5,VYNOKUROV_Andrii,UKR,10002418415.0,31.4,20.995,20.727,4.0,
763,Guadalajara,2014,2014-01-18,WC,R1,2,6,HARWOOD_Emerson,AUS_,10007812019.0,19.6,9.0,5.2379999999999995,6.0,
764,Guadalajara,2014,2014-01-18,WC,R1,3,1,VOLIKAKIS_Christos,GRE,10004633247.0,25.8,29.911999999999995,30.363000000000003,1.0,
765,Guadalajara,2014,2014-01-18,WC,R1,3,2,EDELIN_Benjamin,FRA,10006584159.0,20.9,9.0,22.272,6.0,
766,Guadalajara,2014,2014-01-18,WC,R1,3,3,BARRETTE_Hugo,CAN,10007212639.0,22.5,20.154,21.501,4.0,
767,Guadalajara,2014,2014-01-18,WC,R1,3,4,AWANG_Mohd_Azizulhasni,MAS,10004868370.0,26.0,27.355,27.088,2.0,
768,Guadalajara,2014,2014-01-18,WC,R1,3,5,XU_Chao,CHN,10007947011.0,19.2,16.924,18.012999999999998,5.0,
769,Guadalajara,2014,2014-01-18,WC,R1,3,6,OLIVA_Lewis,GBR,10006898300.0,21.4,23.935000000000002,23.133000000000003,3.0,
770,Guadalajara,2014,2014-01-18,WC,R1,4,1,VAN_VELTHOOVEN_Simon,NZL_,10005506954.0,25.1,26.896,27.56,1.0,
771,Guadalajara,2014,2014-01-18,WC,R1,4,2,RAMIREZ_MORALES_Santiago,COL,10009039774.0,19.5,9.0,21.248,5.0,
772,Guadalajara,2014,2014-01-18,WC,R1,4,3,WAKIMOTO_Yuta,JPN,10005964470.0,24.8,18.598,20.294,4.0,
773,Guadalajara,2014,2014-01-18,WC,R1,4,4,BROWNE_Kwesi,TTO,10009010876.0,20.0,9.0,16.989,5.0,
774,Guadalajara,2014,2014-01-18,WC,R1,4,5,PTÁČNÍK_Adam,CZE_,10004722668.0,28.1,24.208000000000002,23.708,2.0,
775,Guadalajara,2014,2014-01-18,WC,R1,4,6,VERDUGO_OSUNA_Edgar,MEX,10007890932.0,19.6,22.651,21.545,3.0,
776,Guadalajara,2014,2014-01-18,WC,Rep,1,1,BROWNE_Kwesi,TTO,10009010876.0,20.0,16.989,20.337,3.0,
777,Guadalajara,2014,2014-01-18,WC,Rep,1,2,SAMUSENKO_Kirill,RUS,10007271142.0,21.7,17.237,18.023,2.0,
778,Guadalajara,2014,2014-01-18,WC,Rep,1,3,BOTTASSO_Leandro,ARG_,10010894696.0,,18.764,18.419,1.0,
779,Guadalajara,2014,2014-01-18,WC,Rep,2,1,AWANG_Mohd_Azizulhasni,MAS,10004868370.0,26.0,27.088,27.471999999999998,2.0,
780,Guadalajara,2014,2014-01-18,WC,Rep,2,2,VYNOKUROV_Andrii,UKR,10002418415.0,31.4,20.727,21.429,4.0,
781,Guadalajara,2014,2014-01-18,WC,Rep,2,3,VERDUGO_OSUNA_Edgar,MEX,10007890932.0,19.6,21.545,21.805,3.0,
782,Guadalajara,2014,2014-01-18,WC,Rep,2,4,WATANABE_Kazunari,JPN,10003349716.0,28.7,27.723,27.159,1.0,
783,Guadalajara,2014,2014-01-18,WC,Rep,3,1,BARRETTE_Hugo,CAN,10007212639.0,22.5,21.501,22.456000000000003,1.0,
784,Guadalajara,2014,2014-01-18,WC,Rep,3,2,SARNECKI_Rafal,POL,10005953154.0,24.0,19.226,19.887,2.0,
785,Guadalajara,2014,2014-01-18,WC,Rep,3,3,XU_Chao,CHN,10007947011.0,19.2,18.012999999999998,17.596,3.0,
786,Guadalajara,2014,2014-01-18,WC,Rep,3,4,HARWOOD_Emerson,AUS_,10007812019.0,19.6,5.2379999999999995,4.507,4.0,
787,Guadalajara,2014,2014-01-18,WC,Rep,4,1,OLIVA_Lewis,GBR,10006898300.0,21.4,23.133000000000003,23.854,2.0,
788,Guadalajara,2014,2014-01-18,WC,Rep,4,2,PTÁČNÍK_Adam,CZE_,10004722668.0,28.1,23.708,23.887999999999998,1.0,
789,Guadalajara,2014,2014-01-18,WC,Rep,4,3,WAKIMOTO_Yuta,JPN,10005964470.0,24.8,20.294,20.366,3.0,
790,Guadalajara,2014,2014-01-18,WC,Rep,4,4,ALIAGA_CHIVITE_Sergio,ESP,10006553039.0,22.2,19.954,19.437,4.0,
791,Guadalajara,2014,2014-01-18,WC,R2,1,1,BÜCHLI_Matthijs,NED,10006900421.0,21.1,30.300000000000004,30.774,1.0,
792,Guadalajara,2014,2014-01-18,WC,R2,1,2,EILERS_Joachim,GER,10006379247.0,23.8,25.183,26.229,3.0,
793,Guadalajara,2014,2014-01-18,WC,R2,1,3,OLIVA_Lewis,GBR,10006898300.0,21.4,23.854,24.357,4.0,
794,Guadalajara,2014,2014-01-18,WC,R2,1,4,VAN_VELTHOOVEN_Simon,NZL_,10005506954.0,25.1,27.56,27.362,2.0,
795,Guadalajara,2014,2014-01-18,WC,R2,1,5,BROWNE_Kwesi,TTO,10009010876.0,20.0,20.337,20.326999999999998,6.0,
796,Guadalajara,2014,2014-01-18,WC,R2,1,6,EDELIN_Benjamin,FRA,10006584159.0,20.9,22.272,18.622999999999998,5.0,
797,Guadalajara,2014,2014-01-18,WC,R2,2,1,BARRETTE_Hugo,CAN,10007212639.0,22.5,22.456000000000003,24.355,4.0,
798,Guadalajara,2014,2014-01-18,WC,R2,2,2,AWANG_Mohd_Azizulhasni,MAS,10004868370.0,26.0,27.471999999999998,27.852,3.0,
799,Guadalajara,2014,2014-01-18,WC,R2,2,3,RAMIREZ_MORALES_Santiago,COL,10009039774.0,19.5,21.248,24.044,6.0,
800,Guadalajara,2014,2014-01-18,WC,R2,2,4,VOLIKAKIS_Christos,GRE,10004633247.0,25.8,30.363000000000003,30.066999999999997,1.0,
801,Guadalajara,2014,2014-01-18,WC,R2,2,5,DAWKINS_Edward,NZL,10005782695.0,24.5,28.046,27.63,2.0,
802,Guadalajara,2014,2014-01-18,WC,R2,2,6,CECI_Francesco,ITA,10006073493.0,24.1,22.310000000000002,22.128,5.0,
803,Guadalajara,2014,2014-01-18,WC,Final,1,1,BÜCHLI_Matthijs,NED,10006900421.0,21.1,30.774,31.24,1.0,
804,Guadalajara,2014,2014-01-18,WC,Final,1,2,RAMIREZ_MORALES_Santiago,COL,10009039774.0,19.5,24.044,26.217,5.0,
805,Guadalajara,2014,2014-01-18,WC,Final,1,3,OLIVA_Lewis,GBR,10006898300.0,21.4,24.357,24.822000000000003,3.0,
806,Guadalajara,2014,2014-01-18,WC,Final,1,4,BARRETTE_Hugo,CAN,10007212639.0,22.5,24.355,24.57,4.0,
807,Guadalajara,2014,2014-01-18,WC,Final,1,9,AWANG_Mohd_Azizulhasni,MAS,10004868370.0,26.0,27.852,27.477999999999998,2.0,
808,Guadalajara,2014,2014-01-18,WC,Final,1,9,EILERS_Joachim,GER,10006379247.0,23.8,26.229,25.652,1.0,
809,Guadalajara,2014,2014-01-18,WC,Final,2,1,VAN_VELTHOOVEN_Simon,NZL_,10005506954.0,25.1,27.362,28.041,3.0,
810,Guadalajara,2014,2014-01-18,WC,Final,2,2,VOLIKAKIS_Christos,GRE,10004633247.0,25.8,30.066999999999997,30.154,1.0,
811,Guadalajara,2014,2014-01-18,WC,Final,2,3,BROWNE_Kwesi,TTO,10009010876.0,20.0,20.326999999999998,22.333000000000002,5.0,
812,Guadalajara,2014,2014-01-18,WC,Final,2,4,DAWKINS_Edward,NZL,10005782695.0,24.5,27.63,27.381,2.0,
813,Guadalajara,2014,2014-01-18,WC,Final,2,5,CECI_Francesco,ITA,10006073493.0,24.1,22.128,22.107999999999997,4.0,
814,Guadalajara,2014,2014-01-18,WC,Final,2,6,EDELIN_Benjamin,FRA,10006584159.0,20.9,18.622999999999998,16.857,6.0,
815,Cali,2014,2014-02-27,WCH,R1,1,1,KENNY_Jason,GBR,10004599194.0,25.9,32.863,33.216,1.0,
816,Cali,2014,2014-02-27,WCH,R1,1,2,GLAETZER_Matthew,AUS,10006894559.0,21.5,28.590999999999998,28.921999999999997,2.0,
817,Cali,2014,2014-02-27,WCH,R1,1,3,PTÁČNÍK_Adam,CZE_,10004722668.0,28.2,23.887999999999998,24.324,4.0,
818,Cali,2014,2014-02-27,WCH,R1,1,4,SAVITSKIY_Valentin,RUS_,10005747434.0,29.2,26.901,26.58,3.0,
819,Cali,2014,2014-02-27,WCH,R1,1,5,WAKIMOTO_Yuta,JPN,10005964470.0,24.9,20.366,19.899,5.0,
820,Cali,2014,2014-02-27,WCH,R1,2,1,PUERTA_ZAPATA_Fabian_Hernando,COL,10006904360.0,22.6,27.29,28.308999999999997,3.0,
821,Cali,2014,2014-02-27,WCH,R1,2,2,BARRETTE_Hugo,CAN,10007212639.0,22.7,24.57,25.572000000000003,5.0,
822,Cali,2014,2014-02-27,WCH,R1,2,3,LEVY_Maximilian,GER,10004601723.0,26.7,34.050000000000004,33.503,1.0,
823,Cali,2014,2014-02-27,WCH,R1,2,4,WATANABE_Kazunari,JPN,10003349716.0,28.8,27.159,27.131,4.0,
824,Cali,2014,2014-02-27,WCH,R1,2,5,DAWKINS_Edward,NZL,10005782695.0,24.6,27.381,26.955000000000002,2.0,
825,Cali,2014,2014-02-27,WCH,R1,3,1,VAN_VELTHOOVEN_Simon,NZL_,10005506954.0,25.2,28.041,28.668,3.0,
826,Cali,2014,2014-02-27,WCH,R1,3,2,BÜCHLI_Matthijs,NED,10006900421.0,21.2,31.24,31.253,1.0,
827,Cali,2014,2014-02-27,WCH,R1,3,3,WÄCHTER_Tobias,GER,10036244537.0,25.6,29.443999999999996,29.212000000000003,2.0,
828,Cali,2014,2014-02-27,WCH,R1,3,4,EMADI_Kian,GBR,10006898502.0,21.6,4.9239999999999995,12.350999999999999,5.0,
829,Cali,2014,2014-02-27,WCH,R1,3,5,AWANG_Mohd_Azizulhasni,MAS,10004868370.0,26.1,27.477999999999998,26.818,4.0,
830,Cali,2014,2014-02-27,WCH,R1,4,1,PERVIS_Francois,FRA,10003011125.0,29.4,35.213,35.596000000000004,1.0,
831,Cali,2014,2014-02-27,WCH,R1,4,2,EILERS_Joachim,GER,10006379247.0,23.9,25.652,26.793,5.0,
832,Cali,2014,2014-02-27,WCH,R1,4,3,VOLIKAKIS_Christos,GRE,10004633247.0,26.0,30.154,30.192999999999998,2.0,
833,Cali,2014,2014-02-27,WCH,R1,4,4,CRAMPTON_Matthew,GBR_,10003292122.0,27.8,29.014000000000003,28.826,3.0,
834,Cali,2014,2014-02-27,WCH,R1,4,5,ALIAGA_CHIVITE_Sergio,ESP,10006553039.0,22.3,19.437,20.015,6.0,
835,Cali,2014,2014-02-27,WCH,R1,4,6,PERKINS_Shane_Alan,RUS,10051694112.0,27.2,26.907,25.732,4.0,
836,Cali,2014,2014-02-27,WCH,Rep,1,1,GLAETZER_Matthew,AUS,10006894559.0,21.5,28.921999999999997,29.459,2.0,
837,Cali,2014,2014-02-27,WCH,Rep,1,2,VOLIKAKIS_Christos,GRE,10004633247.0,26.0,30.192999999999998,30.136000000000003,1.0,
838,Cali,2014,2014-02-27,WCH,Rep,1,3,EMADI_Kian,GBR,10006898502.0,21.6,12.350999999999999,15.994,4.0,
839,Cali,2014,2014-02-27,WCH,Rep,1,4,DAWKINS_Edward,NZL,10005782695.0,24.6,26.955000000000002,26.39,3.0,
840,Cali,2014,2014-02-27,WCH,Rep,2,1,CRAMPTON_Matthew,GBR_,10003292122.0,27.8,28.826,29.300000000000004,1.0,
841,Cali,2014,2014-02-27,WCH,Rep,2,2,AWANG_Mohd_Azizulhasni,MAS,10004868370.0,26.1,26.818,27.013,2.0,
842,Cali,2014,2014-02-27,WCH,Rep,2,3,BARRETTE_Hugo,CAN,10007212639.0,22.7,25.572000000000003,25.528,3.0,
843,Cali,2014,2014-02-27,WCH,Rep,2,4,PTÁČNÍK_Adam,CZE_,10004722668.0,28.2,24.324,23.915,4.0,
844,Cali,2014,2014-02-27,WCH,Rep,3,1,LEVY_Maximilian,GER,10004601723.0,26.7,33.503,33.864,1.0,
845,Cali,2014,2014-02-27,WCH,Rep,3,2,BÜCHLI_Matthijs,NED,10006900421.0,21.2,31.253,31.301,2.0,
846,Cali,2014,2014-02-27,WCH,Rep,3,3,SAVITSKIY_Valentin,RUS_,10005747434.0,29.2,26.58,26.544,3.0,
847,Cali,2014,2014-02-27,WCH,Rep,3,4,ALIAGA_CHIVITE_Sergio,ESP,10006553039.0,22.3,20.015,19.867,4.0,
848,Cali,2014,2014-02-27,WCH,Rep,4,1,EILERS_Joachim,GER,10006379247.0,23.9,26.793,27.769,3.0,
849,Cali,2014,2014-02-27,WCH,Rep,4,2,PERKINS_Shane_Alan,RUS,10051694112.0,27.2,25.732,26.411,4.0,
850,Cali,2014,2014-02-27,WCH,Rep,4,3,WÄCHTER_Tobias,GER,10036244537.0,25.6,29.212000000000003,29.04,1.0,
851,Cali,2014,2014-02-27,WCH,Rep,4,4,WATANABE_Kazunari,JPN,10003349716.0,28.8,27.131,26.947,2.0,
852,Cali,2014,2014-02-27,WCH,Rep,4,5,WAKIMOTO_Yuta,JPN,10005964470.0,24.9,19.899,19.532,5.0,
853,Cali,2014,2014-02-27,WCH,R2,1,1,PERVIS_Francois,FRA,10003011125.0,29.4,35.596000000000004,36.23500000000001,1.0,
854,Cali,2014,2014-02-27,WCH,R2,1,2,LEVY_Maximilian,GER,10004601723.0,26.7,33.864,34.207,2.0,
855,Cali,2014,2014-02-27,WCH,R2,1,3,KENNY_Jason,GBR,10004599194.0,25.9,33.216,33.291999999999994,3.0,
856,Cali,2014,2014-02-27,WCH,R2,1,4,CRAMPTON_Matthew,GBR_,10003292122.0,27.8,29.300000000000004,29.455,5.0,
857,Cali,2014,2014-02-27,WCH,R2,1,5,PERKINS_Shane_Alan,RUS,10051694112.0,27.2,26.411,26.544999999999998,6.0,
858,Cali,2014,2014-02-27,WCH,R2,1,6,VOLIKAKIS_Christos,GRE,10004633247.0,26.0,30.136000000000003,29.717999999999996,4.0,
859,Cali,2014,2014-02-27,WCH,R2,2,1,EILERS_Joachim,GER,10006379247.0,23.9,27.769,28.867,5.0,
860,Cali,2014,2014-02-27,WCH,R2,2,2,PUERTA_ZAPATA_Fabian_Hernando,COL,10006904360.0,22.6,28.308999999999997,28.905,4.0,
861,Cali,2014,2014-02-27,WCH,R2,2,3,BÜCHLI_Matthijs,NED,10006900421.0,21.2,31.301,31.276,1.0,
862,Cali,2014,2014-02-27,WCH,R2,2,4,GLAETZER_Matthew,AUS,10006894559.0,21.5,29.459,29.313,2.0,
863,Cali,2014,2014-02-27,WCH,R2,2,9,VAN_VELTHOOVEN_Simon,NZL_,10005506954.0,25.2,28.668,28.366999999999997,3.0,
864,Cali,2014,2014-02-27,WCH,R2,2,9,AWANG_Mohd_Azizulhasni,MAS,10004868370.0,26.1,27.013,26.892,1.0,
865,Cali,2014,2014-02-27,WCH,Final,1,1,PERVIS_Francois,FRA,10003011125.0,29.4,36.23500000000001,36.730999999999995,1.0,
866,Cali,2014,2014-02-27,WCH,Final,1,2,PUERTA_ZAPATA_Fabian_Hernando,COL,10006904360.0,22.6,28.905,29.759,5.0,
867,Cali,2014,2014-02-27,WCH,Final,1,3,BÜCHLI_Matthijs,NED,10006900421.0,21.2,31.276,31.503000000000004,4.0,
868,Cali,2014,2014-02-27,WCH,Final,1,4,EILERS_Joachim,GER,10006379247.0,23.9,28.867,29.204,6.0,
869,Cali,2014,2014-02-27,WCH,Final,1,5,KENNY_Jason,GBR,10004599194.0,25.9,33.291999999999994,32.946999999999996,3.0,
870,Cali,2014,2014-02-27,WCH,Final,1,6,LEVY_Maximilian,GER,10004601723.0,26.7,34.207,33.442,2.0,
871,Cali,2014,2014-02-27,WCH,Final,2,1,CRAMPTON_Matthew,GBR_,10003292122.0,27.8,29.455,29.971,2.0,
872,Cali,2014,2014-02-27,WCH,Final,2,2,PERKINS_Shane_Alan,RUS,10051694112.0,27.2,26.544999999999998,27.095,4.0,
873,Cali,2014,2014-02-27,WCH,Final,2,3,VOLIKAKIS_Christos,GRE,10004633247.0,26.0,29.717999999999996,29.624,1.0,
874,Cali,2014,2014-02-27,WCH,Final,2,4,GLAETZER_Matthew,AUS,10006894559.0,21.5,29.313,28.788999999999998,3.0,
875,London,2015,2014-12-06,WC,R1,1,1,SHURSHIN_Nikita,RUS,10007271546.0,21.7,9.0,23.934999999999995,4.0,
876,London,2015,2014-12-06,WC,R1,1,2,CECI_Francesco,ITA,10006073493.0,25.0,22.107999999999997,22.579,2.0,
877,London,2015,2014-12-06,WC,R1,1,3,XU_Chao,CHN,10007947011.0,20.1,17.596,19.735999999999997,3.0,
878,London,2015,2014-12-06,WC,R1,1,4,BÁBEK_Tomáš,CZE,10004612534.0,27.5,9.0,17.684,4.0,
879,London,2015,2014-12-06,WC,R1,1,5,PERVIS_Francois,FRA,10003011125.0,30.1,36.730999999999995,35.14,1.0,
880,London,2015,2014-12-06,WC,R1,2,1,BÖTTICHER_Stefan,GER,10048325582.0,22.8,31.439000000000004,32.189,2.0,
881,London,2015,2014-12-06,WC,R1,2,2,DAWKINS_Edward,NZL,10005782695.0,25.4,26.39,26.84,3.0,
882,London,2015,2014-12-06,WC,R1,2,3,SAHROM_Muhammad_Shah_Firdaus,MAS,10009150215.0,19.0,9.0,20.746,5.0,
883,London,2015,2014-12-06,WC,R1,2,4,MAZQUIARAN_URIA_Hodei,ESP_,10004613039.0,26.0,24.064999999999998,24.252000000000002,4.0,
884,London,2015,2014-12-06,WC,R1,2,9,BÜCHLI_Matthijs,NED,10006900421.0,22.0,31.503000000000004,30.886000000000003,1.0,
885,London,2015,2014-12-06,WC,R1,3,1,PUERTA_ZAPATA_Fabian_Hernando,COL,10006904360.0,23.4,29.759,30.049999999999997,1.0,
886,London,2015,2014-12-06,WC,R1,3,2,ARCHIBALD_Matt,HPS_,10006382984.0,,15.786000000000001,18.740000000000002,3.0,
887,London,2015,2014-12-06,WC,R1,3,3,NOVIK_Uladzislau,BLR,10009049979.0,19.7,9.0,17.067,4.0,
888,London,2015,2014-12-06,WC,R1,3,4,BARANOSKI_Matthew,USA_,10007500407.0,21.4,9.0,14.793999999999999,4.0,
889,London,2015,2014-12-06,WC,R1,3,5,DMITRIEV_Denis,RUS,10003100142.0,28.7,25.778,24.837,2.0,
890,London,2015,2014-12-06,WC,R1,4,1,AWANG_Mohd_Azizulhasni,MAS,10004868370.0,26.9,26.892,27.341,1.0,
891,London,2015,2014-12-06,WC,R1,4,2,CANELON_VERA_Hersony_Gadiel,VEN,10004717719.0,26.0,25.639,26.044,2.0,
892,London,2015,2014-12-06,WC,R1,4,3,BALZER_Erik,ERD_,10006480186.0,23.4,23.668000000000003,24.114,4.0,
893,London,2015,2014-12-06,WC,R1,4,4,BROWNE_Kwesi,TTO,10009010876.0,20.8,22.333000000000002,22.347,5.0,
894,London,2015,2014-12-06,WC,R1,4,5,BARRETTE_Hugo,CAN,10007212639.0,23.4,25.528,24.869,3.0,
895,London,2015,2014-12-06,WC,R1,5,1,VOLIKAKIS_Christos,GRE,10004633247.0,26.7,29.624,29.809,1.0,
896,London,2015,2014-12-06,WC,R1,5,2,OMELCHENKO_Sergii,AZE,10006319633.0,25.0,5.688000000000001,14.938,6.0,
897,London,2015,2014-12-06,WC,R1,5,3,SCHMID_Jacob,AUS,10007811817.0,20.9,9.0,17.32,4.0,
898,London,2015,2014-12-06,WC,R1,5,4,DANESHVARKHOURRAM_Mohammad,IRI,10007828082.0,21.0,9.0,15.458000000000002,4.0,
899,London,2015,2014-12-06,WC,R1,5,5,CIPRIANO_Flavio_Vagner,BRA,10007165755.0,24.9,16.107,16.686,3.0,
900,London,2015,2014-12-06,WC,R1,5,6,WATANABE_Kazunari,JPN,10003349716.0,29.6,26.947,26.256,2.0,
901,London,2015,2014-12-06,WC,R1,6,1,MAKSEL_Krzysztof,POL,10006902239.0,23.4,16.784999999999997,21.375999999999998,3.0,
902,London,2015,2014-12-06,WC,R1,6,2,MULLEN_Eoin,IRL,10007782616.0,21.3,14.476999999999999,16.876,4.0,
903,London,2015,2014-12-06,WC,R1,6,3,LENDEL_Vasilijus,LTU,10009181234.0,19.7,9.0,18.332,5.0,
904,London,2015,2014-12-06,WC,R1,6,4,KENNY_Jason,GBR,10004599194.0,26.7,32.946999999999996,32.11,1.0,
905,London,2015,2014-12-06,WC,R1,6,5,BERBENYUK_Vadim,RUS,10005509883.0,25.0,9.0,13.615000000000002,5.0,
906,London,2015,2014-12-06,WC,R1,6,6,WAKIMOTO_Yuta,JPN,10005964470.0,25.7,19.532,18.764,2.0,
907,London,2015,2014-12-06,WC,Rep,1,1,CECI_Francesco,ITA,10006073493.0,25.0,22.579,22.899,2.0,
908,London,2015,2014-12-06,WC,Rep,1,2,CIPRIANO_Flavio_Vagner,BRA,10007165755.0,24.9,16.686,18.092,4.0,
909,London,2015,2014-12-06,WC,Rep,1,3,MAZQUIARAN_URIA_Hodei,ESP_,10004613039.0,26.0,24.252000000000002,23.879,1.0,
910,London,2015,2014-12-06,WC,Rep,1,4,LENDEL_Vasilijus,LTU,10009181234.0,19.7,18.332,15.732000000000001,3.0,
911,London,2015,2014-12-06,WC,Rep,2,1,DAWKINS_Edward,NZL,10005782695.0,25.4,26.84,27.14,1.0,
912,London,2015,2014-12-06,WC,Rep,2,2,SCHMID_Jacob,AUS,10007811817.0,20.9,17.32,19.9,3.0,
913,London,2015,2014-12-06,WC,Rep,2,3,BÁBEK_Tomáš,CZE,10004612534.0,27.5,17.684,17.755,2.0,
914,London,2015,2014-12-06,WC,Rep,2,4,BERBENYUK_Vadim,RUS,10005509883.0,25.0,13.615000000000002,12.184000000000001,4.0,
915,London,2015,2014-12-06,WC,Rep,3,1,WAKIMOTO_Yuta,JPN,10005964470.0,25.7,18.764,20.021,2.0,
916,London,2015,2014-12-06,WC,Rep,3,2,ARCHIBALD_Matt,HPS_,10006382984.0,,18.740000000000002,19.769,3.0,
917,London,2015,2014-12-06,WC,Rep,3,3,BALZER_Erik,ERD_,10006480186.0,23.4,24.114,23.19,1.0,
918,London,2015,2014-12-06,WC,Rep,3,4,DANESHVARKHOURRAM_Mohammad,IRI,10007828082.0,21.0,15.458000000000002,13.701,4.0,
919,London,2015,2014-12-06,WC,Rep,4,1,KENNY_Jason,GBR,10004599194.0,26.7,32.11,32.502,2.0,
920,London,2015,2014-12-06,WC,Rep,4,2,NOVIK_Uladzislau,BLR,10009049979.0,19.7,17.067,23.752,4.0,
921,London,2015,2014-12-06,WC,Rep,4,3,PERVIS_Francois,FRA,10003011125.0,30.1,35.14,34.57599999999999,1.0,
922,London,2015,2014-12-06,WC,Rep,4,4,CANELON_VERA_Hersony_Gadiel,VEN,10004717719.0,26.0,26.044,25.835,3.0,
923,London,2015,2014-12-06,WC,Rep,5,1,BARANOSKI_Matthew,USA_,10007500407.0,21.4,14.793999999999999,20.909,4.0,
924,London,2015,2014-12-06,WC,Rep,5,2,OMELCHENKO_Sergii,AZE,10006319633.0,25.0,14.938,18.267,3.0,
925,London,2015,2014-12-06,WC,Rep,5,3,SAHROM_Muhammad_Shah_Firdaus,MAS,10009150215.0,19.0,20.746,20.363,2.0,
926,London,2015,2014-12-06,WC,Rep,5,4,BARRETTE_Hugo,CAN,10007212639.0,23.4,24.869,24.244,1.0,
927,London,2015,2014-12-06,WC,Rep,6,1,WATANABE_Kazunari,JPN,10003349716.0,29.6,26.256,26.595999999999997,1.0,
928,London,2015,2014-12-06,WC,Rep,6,2,BROWNE_Kwesi,TTO,10009010876.0,20.8,22.347,23.221,3.0,
929,London,2015,2014-12-06,WC,Rep,6,3,XU_Chao,CHN,10007947011.0,20.1,19.735999999999997,20.483,4.0,
930,London,2015,2014-12-06,WC,Rep,6,4,DMITRIEV_Denis,RUS,10003100142.0,28.7,24.837,24.37,2.0,
931,London,2015,2014-12-06,WC,Rep,6,5,MULLEN_Eoin,IRL,10007782616.0,21.3,16.876,16.504,5.0,
932,London,2015,2014-12-06,WC,R2,1,1,VOLIKAKIS_Christos,GRE,10004633247.0,26.7,29.809,30.156,1.0,
933,London,2015,2014-12-06,WC,R2,1,2,WATANABE_Kazunari,JPN,10003349716.0,29.6,26.595999999999997,26.912,4.0,
934,London,2015,2014-12-06,WC,R2,1,3,AWANG_Mohd_Azizulhasni,MAS,10004868370.0,26.9,27.341,27.436,2.0,
935,London,2015,2014-12-06,WC,R2,1,4,DAWKINS_Edward,NZL,10005782695.0,25.4,27.14,27.052,3.0,
936,London,2015,2014-12-06,WC,R2,1,5,SHURSHIN_Nikita,RUS,10007271546.0,21.7,23.934999999999995,21.006,5.0,
937,London,2015,2014-12-06,WC,R2,1,6,WAKIMOTO_Yuta,JPN,10005964470.0,25.7,20.021,19.619,6.0,
938,London,2015,2014-12-06,WC,R2,2,1,BÖTTICHER_Stefan,GER,10048325582.0,22.8,32.189,33.069,2.0,
939,London,2015,2014-12-06,WC,R2,2,2,PUERTA_ZAPATA_Fabian_Hernando,COL,10006904360.0,23.4,30.049999999999997,30.433999999999997,3.0,
940,London,2015,2014-12-06,WC,R2,2,3,KENNY_Jason,GBR,10004599194.0,26.7,32.502,32.363,1.0,
941,London,2015,2014-12-06,WC,R2,2,4,MAKSEL_Krzysztof,POL,10006902239.0,23.4,21.375999999999998,22.534000000000002,5.0,
942,London,2015,2014-12-06,WC,R2,2,5,CECI_Francesco,ITA,10006073493.0,25.0,22.899,22.918,4.0,
943,London,2015,2014-12-06,WC,R2,2,6,BARANOSKI_Matthew,USA_,10007500407.0,21.4,20.909,18.7,6.0,
944,London,2015,2014-12-06,WC,Final,1,1,BÖTTICHER_Stefan,GER,10048325582.0,22.8,33.069,33.891,1.0,
945,London,2015,2014-12-06,WC,Final,1,2,PUERTA_ZAPATA_Fabian_Hernando,COL,10006904360.0,23.4,30.433999999999997,30.852,3.0,
946,London,2015,2014-12-06,WC,Final,1,3,VOLIKAKIS_Christos,GRE,10004633247.0,26.7,30.156,30.285000000000004,4.0,
947,London,2015,2014-12-06,WC,Final,1,4,AWANG_Mohd_Azizulhasni,MAS,10004868370.0,26.9,27.436,27.577,5.0,
948,London,2015,2014-12-06,WC,Final,1,5,WATANABE_Kazunari,JPN,10003349716.0,29.6,26.912,26.919,6.0,
949,London,2015,2014-12-06,WC,Final,1,6,KENNY_Jason,GBR,10004599194.0,26.7,32.363,31.723,2.0,
950,London,2015,2014-12-06,WC,Final,2,1,DAWKINS_Edward,NZL,10005782695.0,25.4,27.052,27.477,1.0,
951,London,2015,2014-12-06,WC,Final,2,2,MAKSEL_Krzysztof,POL,10006902239.0,23.4,22.534000000000002,23.895,3.0,
952,London,2015,2014-12-06,WC,Final,2,3,SHURSHIN_Nikita,RUS,10007271546.0,21.7,21.006,22.196,4.0,
953,London,2015,2014-12-06,WC,Final,2,4,CECI_Francesco,ITA,10006073493.0,25.0,22.918,22.946,2.0,
954,London,2015,2014-12-06,WC,Final,2,5,BARANOSKI_Matthew,USA_,10007500407.0,21.4,18.7,18.483999999999998,6.0,
955,London,2015,2014-12-06,WC,Final,2,6,WAKIMOTO_Yuta,JPN,10005964470.0,25.7,19.619,19.04,5.0,
956,Cali,2015,2015-01-17,WC,R1,1,1,OLIVA_Lewis,GBR,10006898300.0,22.4,24.822000000000003,25.288,2.0,
957,Cali,2015,2015-01-17,WC,R1,1,2,CIPRIANO_Flavio_Vagner,BRA,10007165755.0,25.0,18.092,19.39,4.0,
958,Cali,2015,2015-01-17,WC,R1,1,3,WATANABE_Kazunari,JPN,10003349716.0,29.7,26.919,26.662999999999997,1.0,
959,Cali,2015,2015-01-17,WC,R1,1,4,BARANOSKI_Matthew,USA_,10007500407.0,21.5,18.483999999999998,17.666,3.0,
960,Cali,2015,2015-01-17,WC,R1,2,1,LEVY_Maximilian,GER,10004601723.0,27.6,33.442,33.585,1.0,
961,Cali,2015,2015-01-17,WC,R1,2,2,PTÁČNÍK_Adam,CZE_,10004722668.0,29.1,23.915,24.355,3.0,
962,Cali,2015,2015-01-17,WC,R1,2,3,LENDEL_Vasilijus,LTU,10009181234.0,19.8,15.732000000000001,18.192,4.0,
963,Cali,2015,2015-01-17,WC,R1,2,4,DANESHVARKHOURRAM_Mohammad,IRI,10007828082.0,21.1,13.701,15.698999999999998,5.0,
964,Cali,2015,2015-01-17,WC,R1,2,5,BARRETTE_Hugo,CAN,10007212639.0,23.5,24.244,23.518,2.0,
965,Cali,2015,2015-01-17,WC,R1,3,1,"NG_Onn_Lam,_Josiah",MAS_,10055651813.0,,26.060000000000002,26.967000000000002,3.0,
966,Cali,2015,2015-01-17,WC,R1,3,2,WÄCHTER_Tobias,GER,10036244537.0,26.5,29.04,29.253999999999998,2.0,
967,Cali,2015,2015-01-17,WC,R1,3,3,MAZQUIARAN_URIA_Hodei,ESP_,10004613039.0,26.1,23.879,24.342,4.0,
968,Cali,2015,2015-01-17,WC,R1,3,4,PERVIS_Francois,FRA,10003011125.0,30.3,34.57599999999999,33.721000000000004,1.0,
969,Cali,2015,2015-01-17,WC,R1,3,5,OMELCHENKO_Sergii,AZE,10006319633.0,25.1,18.267,17.885,5.0,
970,Cali,2015,2015-01-17,WC,R1,4,1,WAKIMOTO_Yuta,JPN,10005964470.0,25.8,19.04,20.299,4.0,
971,Cali,2015,2015-01-17,WC,R1,4,2,HARWOOD_Emerson,AUS_,10007812019.0,20.6,4.507,15.14,5.0,
972,Cali,2015,2015-01-17,WC,R1,4,3,VOLIKAKIS_Christos,GRE,10004633247.0,26.8,30.285000000000004,29.922,1.0,
973,Cali,2015,2015-01-17,WC,R1,4,4,DMITRIEV_Denis,RUS,10003100142.0,28.8,24.37,24.042,2.0,
974,Cali,2015,2015-01-17,WC,R1,4,5,KUCZYNSKI_Kamil,POL,10003095795.0,29.8,19.967,19.233999999999998,3.0,
975,Cali,2015,2015-01-17,WC,R1,5,1,PERKINS_Shane_Alan,RUS,10051694112.0,28.0,27.095,27.713,2.0,
976,Cali,2015,2015-01-17,WC,R1,5,2,CECI_Francesco,ITA,10006073493.0,25.1,22.946,23.288,3.0,
977,Cali,2015,2015-01-17,WC,R1,5,3,BÜCHLI_Matthijs,NED,10006900421.0,22.1,30.886000000000003,30.555000000000003,1.0,
978,Cali,2015,2015-01-17,WC,R1,5,4,TKACHEV_Aleksei,RUS,10006065817.0,25.9,9.0,15.160999999999998,5.0,
979,Cali,2015,2015-01-17,WC,R1,5,5,XU_Chao,CHN,10007947011.0,20.2,20.483,19.692,4.0,
980,Cali,2015,2015-01-17,WC,R1,6,1,PUERTA_ZAPATA_Fabian_Hernando,COL,10006904360.0,23.5,30.852,31.175000000000004,1.0,
981,Cali,2015,2015-01-17,WC,R1,6,2,CANELON_VERA_Hersony_Gadiel,VEN,10004717719.0,26.1,25.835,26.221,3.0,
982,Cali,2015,2015-01-17,WC,R1,6,3,VAN_VELTHOOVEN_Simon,NZL_,10005506954.0,26.1,28.366999999999997,28.2,2.0,
983,Cali,2015,2015-01-17,WC,R1,6,4,MULLEN_Eoin,IRL,10007782616.0,21.4,16.504,17.262,5.0,
984,Cali,2015,2015-01-17,WC,R1,6,5,BROWNE_Kwesi,TTO,10009010876.0,21.0,23.221,22.012999999999998,4.0,
985,Cali,2015,2015-01-17,WC,Rep,1,1,VAN_VELTHOOVEN_Simon,NZL_,10005506954.0,26.1,28.2,28.375999999999998,1.0,
986,Cali,2015,2015-01-17,WC,Rep,1,2,DANESHVARKHOURRAM_Mohammad,IRI,10007828082.0,21.1,15.698999999999998,17.961,4.0,
987,Cali,2015,2015-01-17,WC,Rep,1,3,CIPRIANO_Flavio_Vagner,BRA,10007165755.0,25.0,19.39,19.480999999999998,3.0,
988,Cali,2015,2015-01-17,WC,Rep,1,4,XU_Chao,CHN,10007947011.0,20.2,19.692,18.932,2.0,
989,Cali,2015,2015-01-17,WC,Rep,2,1,BARANOSKI_Matthew,USA_,10007500407.0,21.5,17.666,20.680999999999997,4.0,
990,Cali,2015,2015-01-17,WC,Rep,2,2,BÜCHLI_Matthijs,NED,10006900421.0,22.1,30.555000000000003,30.383000000000003,1.0,
991,Cali,2015,2015-01-17,WC,Rep,2,3,PTÁČNÍK_Adam,CZE_,10004722668.0,29.1,24.355,24.323,2.0,
992,Cali,2015,2015-01-17,WC,Rep,2,4,BROWNE_Kwesi,TTO,10009010876.0,21.0,22.012999999999998,21.409,3.0,
993,Cali,2015,2015-01-17,WC,Rep,3,1,VOLIKAKIS_Christos,GRE,10004633247.0,26.8,29.922,30.119,1.0,
994,Cali,2015,2015-01-17,WC,Rep,3,2,BARRETTE_Hugo,CAN,10007212639.0,23.5,23.518,23.979,3.0,
995,Cali,2015,2015-01-17,WC,Rep,3,3,TKACHEV_Aleksei,RUS,10006065817.0,25.9,15.160999999999998,18.787,4.0,
996,Cali,2015,2015-01-17,WC,Rep,3,4,WÄCHTER_Tobias,GER,10036244537.0,26.5,29.253999999999998,28.527,2.0,
997,Cali,2015,2015-01-17,WC,Rep,4,1,HARWOOD_Emerson,AUS_,10007812019.0,20.6,15.14,18.407,3.0,
998,Cali,2015,2015-01-17,WC,Rep,4,2,MULLEN_Eoin,IRL,10007782616.0,21.4,17.262,17.842,2.0,
999,Cali,2015,2015-01-17,WC,Rep,4,3,MAZQUIARAN_URIA_Hodei,ESP_,10004613039.0,26.1,24.342,23.753,1.0,
1000,Cali,2015,2015-01-17,WC,Rep,5,1,KUCZYNSKI_Kamil,POL,10003095795.0,29.8,19.233999999999998,20.990000000000002,3.0,
1001,Cali,2015,2015-01-17,WC,Rep,5,2,LENDEL_Vasilijus,LTU,10009181234.0,19.8,18.192,20.497,4.0,
1002,Cali,2015,2015-01-17,WC,Rep,5,3,CECI_Francesco,ITA,10006073493.0,25.1,23.288,23.377000000000002,2.0,
1003,Cali,2015,2015-01-17,WC,Rep,5,9,PERVIS_Francois,FRA,10003011125.0,30.3,33.721000000000004,32.65,1.0,
1004,Cali,2015,2015-01-17,WC,Rep,6,1,WATANABE_Kazunari,JPN,10003349716.0,29.7,26.662999999999997,26.942999999999998,1.0,
1005,Cali,2015,2015-01-17,WC,Rep,6,2,CANELON_VERA_Hersony_Gadiel,VEN,10004717719.0,26.1,26.221,26.302000000000003,2.0,
1006,Cali,2015,2015-01-17,WC,Rep,6,3,DMITRIEV_Denis,RUS,10003100142.0,28.8,24.042,23.939999999999998,3.0,
1007,Cali,2015,2015-01-17,WC,Rep,6,9,OMELCHENKO_Sergii,AZE,10006319633.0,25.1,17.885,17.255,4.0,
1008,Cali,2015,2015-01-17,WC,R2,1,1,PERKINS_Shane_Alan,RUS,10051694112.0,28.0,27.713,28.439,2.0,
1009,Cali,2015,2015-01-17,WC,R2,1,2,VOLIKAKIS_Christos,GRE,10004633247.0,26.8,30.119,30.182999999999996,1.0,
1010,Cali,2015,2015-01-17,WC,R2,1,3,BARANOSKI_Matthew,USA_,10007500407.0,21.5,20.680999999999997,22.057000000000002,5.0,
1011,Cali,2015,2015-01-17,WC,R2,1,4,OLIVA_Lewis,GBR,10006898300.0,22.4,25.288,25.278,4.0,
1012,Cali,2015,2015-01-17,WC,R2,1,5,WATANABE_Kazunari,JPN,10003349716.0,29.7,26.942999999999998,26.699,3.0,
1013,Cali,2015,2015-01-17,WC,R2,1,6,WAKIMOTO_Yuta,JPN,10005964470.0,25.8,20.299,19.951,6.0,
1014,Cali,2015,2015-01-17,WC,R2,2,1,PUERTA_ZAPATA_Fabian_Hernando,COL,10006904360.0,23.5,31.175000000000004,31.651000000000003,2.0,
1015,Cali,2015,2015-01-17,WC,R2,2,2,VAN_VELTHOOVEN_Simon,NZL_,10005506954.0,26.1,28.375999999999998,28.743000000000002,3.0,
1016,Cali,2015,2015-01-17,WC,R2,2,3,LEVY_Maximilian,GER,10004601723.0,27.6,33.585,33.266,1.0,
1017,Cali,2015,2015-01-17,WC,R2,2,4,KUCZYNSKI_Kamil,POL,10003095795.0,29.8,20.990000000000002,21.784000000000002,5.0,
1018,Cali,2015,2015-01-17,WC,R2,2,5,"NG_Onn_Lam,_Josiah",MAS_,10055651813.0,,26.967000000000002,26.572,4.0,
1019,Cali,2015,2015-01-17,WC,R2,2,6,HARWOOD_Emerson,AUS_,10007812019.0,20.6,18.407,17.527,6.0,
1020,Cali,2015,2015-01-17,WC,Final,1,1,PUERTA_ZAPATA_Fabian_Hernando,COL,10006904360.0,23.5,31.651000000000003,32.117,2.0,
1021,Cali,2015,2015-01-17,WC,Final,1,2,PERKINS_Shane_Alan,RUS,10051694112.0,28.0,28.439,28.968,5.0,
1022,Cali,2015,2015-01-17,WC,Final,1,3,BARANOSKI_Matthew,USA_,10007500407.0,21.5,22.057000000000002,23.643,6.0,
1023,Cali,2015,2015-01-17,WC,Final,1,4,VOLIKAKIS_Christos,GRE,10004633247.0,26.8,30.182999999999996,30.128,3.0,
1024,Cali,2015,2015-01-17,WC,Final,1,5,VAN_VELTHOOVEN_Simon,NZL_,10005506954.0,26.1,28.743000000000002,28.605,4.0,
1025,Cali,2015,2015-01-17,WC,Final,1,6,LEVY_Maximilian,GER,10004601723.0,27.6,33.266,32.464999999999996,1.0,
1026,Cali,2015,2015-01-17,WC,Final,2,1,KUCZYNSKI_Kamil,POL,10003095795.0,29.8,21.784000000000002,23.079,4.0,
1027,Cali,2015,2015-01-17,WC,Final,2,2,WATANABE_Kazunari,JPN,10003349716.0,29.7,26.699,26.799,1.0,
1028,Cali,2015,2015-01-17,WC,Final,2,3,WAKIMOTO_Yuta,JPN,10005964470.0,25.8,19.951,20.576999999999998,5.0,
1029,Cali,2015,2015-01-17,WC,Final,2,4,OLIVA_Lewis,GBR,10006898300.0,22.4,25.278,25.102,3.0,
1030,Cali,2015,2015-01-17,WC,Final,2,5,HARWOOD_Emerson,AUS_,10007812019.0,20.6,17.527,18.099,6.0,
1031,Cali,2015,2015-01-17,WC,Final,2,6,"NG_Onn_Lam,_Josiah",MAS_,10055651813.0,,26.572,25.71,2.0,
1032,Paris,2015,2015-02-19,WCH,R1,1,1,LEVY_Maximilian,GER,10004601723.0,27.7,32.464999999999996,32.722,1.0,
1033,Paris,2015,2015-02-19,WCH,R1,1,2,DAWKINS_Edward,NZL,10005782695.0,25.6,27.477,27.714,2.0,
1034,Paris,2015,2015-02-19,WCH,R1,1,3,BARANOSKI_Matthew,USA_,10007500407.0,21.6,23.643,24.106,3.0,
1035,Paris,2015,2015-02-19,WCH,R1,1,4,KUCZYNSKI_Kamil,POL,10003095795.0,29.9,23.079,23.128,4.0,
1036,Paris,2015,2015-02-19,WCH,R1,1,5,PARRA_CORTEZ_Anderson,COL,10008952878.0,25.3,9.0,13.817,6.0,
1037,Paris,2015,2015-02-19,WCH,R1,1,6,D'ALMEIDA_Michael,FRA,10004618796.0,27.5,19.65,18.261,5.0,
1038,Paris,2015,2015-02-19,WCH,R1,2,1,BÖTTICHER_Stefan,GER,10048325582.0,23.0,33.891,34.426,1.0,
1039,Paris,2015,2015-02-19,WCH,R1,2,2,GLAETZER_Matthew,AUS,10006894559.0,22.5,28.788999999999998,29.225,3.0,
1040,Paris,2015,2015-02-19,WCH,R1,2,3,DMITRIEV_Denis,RUS,10003100142.0,28.9,23.939999999999998,24.526,5.0,
1041,Paris,2015,2015-02-19,WCH,R1,2,4,PUERTA_ZAPATA_Fabian_Hernando,COL,10006904360.0,23.6,32.117,31.761000000000003,2.0,
1042,Paris,2015,2015-02-19,WCH,R1,2,5,BARRETTE_Hugo,CAN,10007212639.0,23.6,23.979,24.008,4.0,
1043,Paris,2015,2015-02-19,WCH,R1,2,6,MAKSEL_Krzysztof,POL,10006902239.0,23.6,23.895,22.817,6.0,
1044,Paris,2015,2015-02-19,WCH,R1,3,1,AWANG_Mohd_Azizulhasni,MAS,10004868370.0,27.1,27.577,28.119,4.0,
1045,Paris,2015,2015-02-19,WCH,R1,3,2,BÜCHLI_Matthijs,NED,10006900421.0,22.2,30.383000000000003,30.559,2.0,
1046,Paris,2015,2015-02-19,WCH,R1,3,3,SCHMID_Jacob,AUS,10007811817.0,21.1,19.9,23.417,7.0,
1047,Paris,2015,2015-02-19,WCH,R1,3,4,CECI_Francesco,ITA,10006073493.0,25.2,23.377000000000002,23.662,6.0,
1048,Paris,2015,2015-02-19,WCH,R1,3,5,EILERS_Joachim,GER,10006379247.0,24.9,29.204,28.887999999999998,3.0,
1049,Paris,2015,2015-02-19,WCH,R1,3,6,KENNY_Jason,GBR,10004599194.0,26.9,31.723,31.201,1.0,
1050,Paris,2015,2015-02-19,WCH,R1,3,7,WATANABE_Kazunari,JPN,10003349716.0,29.8,26.799,26.505,5.0,
1051,Paris,2015,2015-02-19,WCH,R1,4,1,WEBSTER_Sam,NZL,10006184742.0,23.6,9.0,28.349000000000004,6.0,
1052,Paris,2015,2015-02-19,WCH,R1,4,2,PERVIS_Francois,FRA,10003011125.0,30.3,32.65,32.868,1.0,
1053,Paris,2015,2015-02-19,WCH,R1,4,3,PERKINS_Shane_Alan,RUS,10051694112.0,28.1,28.968,29.239,3.0,
1054,Paris,2015,2015-02-19,WCH,R1,4,4,VOLIKAKIS_Christos,GRE,10004633247.0,26.9,30.128,30.073000000000004,2.0,
1055,Paris,2015,2015-02-19,WCH,R1,4,5,SHURSHIN_Nikita,RUS,10007271546.0,21.9,22.196,22.671,5.0,
1056,Paris,2015,2015-02-19,WCH,R1,4,6,"NG_Onn_Lam,_Josiah",MAS_,10055651813.0,,25.71,25.298,4.0,
1057,Paris,2015,2015-02-19,WCH,Rep,1,1,MAKSEL_Krzysztof,POL,10006902239.0,23.6,22.817,24.701999999999998,4.0,
1058,Paris,2015,2015-02-19,WCH,Rep,1,2,VOLIKAKIS_Christos,GRE,10004633247.0,26.9,30.073000000000004,30.084,1.0,
1059,Paris,2015,2015-02-19,WCH,Rep,1,3,EILERS_Joachim,GER,10006379247.0,24.9,28.887999999999998,28.649,2.0,
1060,Paris,2015,2015-02-19,WCH,Rep,1,4,BARANOSKI_Matthew,USA_,10007500407.0,21.6,24.106,23.675,3.0,
1061,Paris,2015,2015-02-19,WCH,Rep,2,1,D'ALMEIDA_Michael,FRA,10004618796.0,27.5,18.261,20.567,4.0,
1062,Paris,2015,2015-02-19,WCH,Rep,2,2,DMITRIEV_Denis,RUS,10003100142.0,28.9,24.526,24.644000000000002,1.0,
1063,Paris,2015,2015-02-19,WCH,Rep,2,3,BARRETTE_Hugo,CAN,10007212639.0,23.6,24.008,23.898,2.0,
1064,Paris,2015,2015-02-19,WCH,Rep,2,4,CECI_Francesco,ITA,10006073493.0,25.2,23.662,23.438000000000002,3.0,
1065,Paris,2015,2015-02-19,WCH,Rep,3,1,PUERTA_ZAPATA_Fabian_Hernando,COL,10006904360.0,23.6,31.761000000000003,31.964999999999996,1.0,
1066,Paris,2015,2015-02-19,WCH,Rep,3,2,SCHMID_Jacob,AUS,10007811817.0,21.1,23.417,24.505,3.0,
1067,Paris,2015,2015-02-19,WCH,Rep,3,3,PARRA_CORTEZ_Anderson,COL,10008952878.0,25.3,13.817,17.629,4.0,
1068,Paris,2015,2015-02-19,WCH,Rep,3,4,"NG_Onn_Lam,_Josiah",MAS_,10055651813.0,,25.298,24.854,2.0,
1069,Paris,2015,2015-02-19,WCH,Rep,4,1,SHURSHIN_Nikita,RUS,10007271546.0,21.9,22.671,25.577,5.0,
1070,Paris,2015,2015-02-19,WCH,Rep,4,2,KENNY_Jason,GBR,10004599194.0,26.9,31.201,31.245,1.0,
1071,Paris,2015,2015-02-19,WCH,Rep,4,3,PERKINS_Shane_Alan,RUS,10051694112.0,28.1,29.239,29.177,2.0,
1072,Paris,2015,2015-02-19,WCH,Rep,4,4,WATANABE_Kazunari,JPN,10003349716.0,29.8,26.505,26.448,3.0,
1073,Paris,2015,2015-02-19,WCH,Rep,4,5,KUCZYNSKI_Kamil,POL,10003095795.0,29.9,23.128,22.748,4.0,
1074,Paris,2015,2015-02-19,WCH,R2,1,1,SHURSHIN_Nikita,RUS,10007271546.0,21.9,25.577,28.264,5.0,
1075,Paris,2015,2015-02-19,WCH,R2,1,2,LEVY_Maximilian,GER,10004601723.0,27.7,32.722,32.933,1.0,
1076,Paris,2015,2015-02-19,WCH,R2,1,3,WEBSTER_Sam,NZL,10006184742.0,23.6,28.349000000000004,29.052999999999997,4.0,
1077,Paris,2015,2015-02-19,WCH,R2,1,4,BÜCHLI_Matthijs,NED,10006900421.0,22.2,30.559,30.539,2.0,
1078,Paris,2015,2015-02-19,WCH,R2,1,5,GLAETZER_Matthew,AUS,10006894559.0,22.5,29.225,29.006,3.0,
1079,Paris,2015,2015-02-19,WCH,R2,1,6,MAKSEL_Krzysztof,POL,10006902239.0,23.6,24.701999999999998,24.111,6.0,
1080,Paris,2015,2015-02-19,WCH,R2,2,1,DAWKINS_Edward,NZL,10005782695.0,25.6,27.714,28.374000000000002,5.0,
1081,Paris,2015,2015-02-19,WCH,R2,2,2,PERVIS_Francois,FRA,10003011125.0,30.3,32.868,32.986,2.0,
1082,Paris,2015,2015-02-19,WCH,R2,2,3,AWANG_Mohd_Azizulhasni,MAS,10004868370.0,27.1,28.119,28.363,4.0,
1083,Paris,2015,2015-02-19,WCH,R2,2,4,BÖTTICHER_Stefan,GER,10048325582.0,23.0,34.426,33.681000000000004,1.0,
1084,Paris,2015,2015-02-19,WCH,R2,2,5,D'ALMEIDA_Michael,FRA,10004618796.0,27.5,20.567,21.628,6.0,
1085,Paris,2015,2015-02-19,WCH,R2,2,6,PUERTA_ZAPATA_Fabian_Hernando,COL,10006904360.0,23.6,31.964999999999996,31.342,3.0,
1086,Paris,2015,2015-02-19,WCH,Final,1,1,PERVIS_Francois,FRA,10003011125.0,30.3,32.986,33.396,1.0,
1087,Paris,2015,2015-02-19,WCH,Final,1,2,DAWKINS_Edward,NZL,10005782695.0,25.6,28.374000000000002,28.799,4.0,
1088,Paris,2015,2015-02-19,WCH,Final,1,3,AWANG_Mohd_Azizulhasni,MAS,10004868370.0,27.1,28.363,28.601,5.0,
1089,Paris,2015,2015-02-19,WCH,Final,1,4,LEVY_Maximilian,GER,10004601723.0,27.7,32.933,32.708999999999996,2.0,
1090,Paris,2015,2015-02-19,WCH,Final,1,5,SHURSHIN_Nikita,RUS,10007271546.0,21.9,28.264,27.89,6.0,
1091,Paris,2015,2015-02-19,WCH,Final,1,6,WEBSTER_Sam,NZL,10006184742.0,23.6,29.052999999999997,25.886,3.0,
1092,Paris,2015,2015-02-19,WCH,Final,2,1,PUERTA_ZAPATA_Fabian_Hernando,COL,10006904360.0,23.6,31.342,31.828,2.0,
1093,Paris,2015,2015-02-19,WCH,Final,2,2,BÖTTICHER_Stefan,GER,10048325582.0,23.0,33.681000000000004,33.763999999999996,1.0,
1094,Paris,2015,2015-02-19,WCH,Final,2,3,BÜCHLI_Matthijs,NED,10006900421.0,22.2,30.539,30.606,3.0,
1095,Paris,2015,2015-02-19,WCH,Final,2,4,GLAETZER_Matthew,AUS,10006894559.0,22.5,29.006,28.933,4.0,
1096,Paris,2015,2015-02-19,WCH,Final,2,5,D'ALMEIDA_Michael,FRA,10004618796.0,27.5,21.628,21.991999999999997,6.0,
1097,Paris,2015,2015-02-19,WCH,Final,2,6,MAKSEL_Krzysztof,POL,10006902239.0,23.6,24.111,23.355,5.0,
1098,Grenchen,2016,2015-10-18,CCh,R1,1,1,EILERS_Joachim,GER,10006379247.0,25.5,28.649,28.923000000000002,1.0,
1099,Grenchen,2016,2015-10-18,CCh,R1,1,2,OMELCHENKO_Sergii,AZE,10006319633.0,25.9,17.255,19.231,4.0,
1100,Grenchen,2016,2015-10-18,CCh,R1,1,3,VOLIKAKIS_Zafeiris,GRE,10005505439.0,26.3,15.633000000000001,17.900000000000002,5.0,
1101,Grenchen,2016,2015-10-18,CCh,R1,1,4,LENDEL_Vasilijus,LTU,10009181234.0,20.5,20.497,20.081000000000003,2.0,
1102,Grenchen,2016,2015-10-18,CCh,R1,1,5,ZAITSAU_Artsiom,BLR,10009017243.0,20.4,19.951,17.131,3.0,
1103,Grenchen,2016,2015-10-18,CCh,R1,2,1,SHURSHIN_Nikita,RUS,10007271546.0,22.5,27.89,28.694999999999997,1.0,
1104,Grenchen,2016,2015-10-18,CCh,R1,2,2,SZALONTAY_Sándor,HUN,10007073506.0,25.3,9.0,20.155,4.0,
1105,Grenchen,2016,2015-10-18,CCh,R1,2,3,MORENO_SANCHEZ_Jose,ESP,10007502427.0,21.9,21.535000000000004,21.937,3.0,
1106,Grenchen,2016,2015-10-18,CCh,R1,2,4,CECI_Francesco,ITA,10006073493.0,25.8,23.438000000000002,23.317999999999998,2.0,
1107,Grenchen,2016,2015-10-18,CCh,R1,2,5,BUCHYNYSKYY_Volodymyr,UKR,10006320037.0,25.5,9.0,5.728,4.0,
1108,Grenchen,2016,2015-10-18,CCh,R1,3,1,VOLIKAKIS_Christos,GRE,10004633247.0,27.6,30.084,30.182000000000002,1.0,
1109,Grenchen,2016,2015-10-18,CCh,R1,3,2,HAAK_Hugo,NED_,10006900320.0,24.0,20.429000000000002,21.252000000000002,2.0,
1110,Grenchen,2016,2015-10-18,CCh,R1,3,3,BÁBEK_Tomáš,CZE,10004612534.0,28.4,17.755,18.036,3.0,
1111,Grenchen,2016,2015-10-18,CCh,R1,3,4,JONAUSKAS_Svajūnas,LTU,10009181032.0,20.8,9.0,8.900000000000002,4.0,
1112,Grenchen,2016,2015-10-18,CCh,R1,3,5,CECI_Luca,ITA,10006108051.0,26.8,2.3660000000000014,1.5690000000000008,5.0,
1113,Grenchen,2016,2015-10-18,CCh,R1,4,1,KELEMEN_Pavel,CZE,10006422895.0,24.4,24.208,25.629,2.0,
1114,Grenchen,2016,2015-10-18,CCh,R1,4,2,KENNY_Jason,GBR,10004599194.0,27.6,31.245,31.077999999999996,1.0,
1115,Grenchen,2016,2015-10-18,CCh,R1,4,3,VYNOKUROV_Andrii,UKR,10002418415.0,33.2,21.429,21.575,3.0,
1116,Grenchen,2016,2015-10-18,CCh,R1,4,4,MULLEN_Eoin,IRL,10007782616.0,22.2,17.842,17.718999999999998,4.0,
1117,Grenchen,2016,2015-10-18,CCh,R1,4,5,MIKKONEN_Jani,FIN,10008987436.0,28.9,2.1899999999999995,1.9589999999999996,5.0,
1118,Grenchen,2016,2015-10-18,CCh,R1,5,1,LIPA_Mateusz,POL,10007891437.0,20.9,9.0,28.198,4.0,
1119,Grenchen,2016,2015-10-18,CCh,R1,5,2,DÖRNBACH_Maximilian,GER,10007779683.0,19.8,9.0,25.534000000000002,4.0,
1120,Grenchen,2016,2015-10-18,CCh,R1,5,3,BÜCHLI_Matthijs,NED,10006900421.0,22.8,30.606,30.706,2.0,
1121,Grenchen,2016,2015-10-18,CCh,R1,5,4,MINCHEV_Miroslav,BUL_,10005574854.0,26.8,9.0,21.057,4.0,
1122,Grenchen,2016,2015-10-18,CCh,R1,5,5,PERVIS_Francois,FRA,10003011125.0,31.0,33.396,32.867,1.0,
1123,Grenchen,2016,2015-10-18,CCh,R1,5,6,ALIAGA_CHIVITE_Sergio,ESP,10006553039.0,24.0,19.867,19.733999999999998,3.0,
1124,Grenchen,2016,2015-10-18,CCh,R1,6,1,MAKSEL_Krzysztof,POL,10006902239.0,24.3,23.355,24.669999999999998,4.0,
1125,Grenchen,2016,2015-10-18,CCh,R1,6,2,DMITRIEV_Denis,RUS,10003100142.0,29.6,24.644000000000002,25.049999999999997,2.0,
1126,Grenchen,2016,2015-10-18,CCh,R1,6,3,D'ALMEIDA_Michael,FRA,10004618796.0,28.1,21.991999999999997,22.73,5.0,
1127,Grenchen,2016,2015-10-18,CCh,R1,6,4,CRAMPTON_Matthew,GBR_,10003292122.0,29.4,29.971,29.492000000000004,1.0,
1128,Grenchen,2016,2015-10-18,CCh,R1,6,5,ASKURAVA_David,GEO,10006442501.0,25.2,9.0,15.112,6.0,
1129,Grenchen,2016,2015-10-18,CCh,R1,6,6,NOVIK_Uladzislau,BLR,10009049979.0,20.6,23.752,20.576,3.0,
1130,Grenchen,2016,2015-10-18,CCh,Rep,1,1,D'ALMEIDA_Michael,FRA,10004618796.0,28.1,22.73,23.41,1.0,
1131,Grenchen,2016,2015-10-18,CCh,Rep,1,2,OMELCHENKO_Sergii,AZE,10006319633.0,25.9,19.231,19.889,3.0,
1132,Grenchen,2016,2015-10-18,CCh,Rep,1,3,MINCHEV_Miroslav,BUL_,10005574854.0,26.8,21.057,18.308,2.0,
1133,Grenchen,2016,2015-10-18,CCh,Rep,1,4,MIKKONEN_Jani,FIN,10008987436.0,28.9,1.9589999999999996,1.9320000000000004,4.0,
1134,Grenchen,2016,2015-10-18,CCh,Rep,2,1,BÁBEK_Tomáš,CZE,10004612534.0,28.4,18.036,21.495,3.0,
1135,Grenchen,2016,2015-10-18,CCh,Rep,2,2,BÜCHLI_Matthijs,NED,10006900421.0,22.8,30.706,30.496,1.0,
1136,Grenchen,2016,2015-10-18,CCh,Rep,2,9,SZALONTAY_Sándor,HUN,10007073506.0,25.3,20.155,18.58,2.0,
1137,Grenchen,2016,2015-10-18,CCh,Rep,2,9,MULLEN_Eoin,IRL,10007782616.0,22.2,17.718999999999998,18.048000000000002,1.0,
1138,Grenchen,2016,2015-10-18,CCh,Rep,3,1,PERVIS_Francois,FRA,10003011125.0,31.0,32.867,32.915,1.0,
1139,Grenchen,2016,2015-10-18,CCh,Rep,3,2,HAAK_Hugo,NED_,10006900320.0,24.0,21.252000000000002,21.526,2.0,
1140,Grenchen,2016,2015-10-18,CCh,Rep,3,3,CECI_Luca,ITA,10006108051.0,26.8,1.5690000000000008,7.316,4.0,
1141,Grenchen,2016,2015-10-18,CCh,Rep,3,4,ASKURAVA_David,GEO,10006442501.0,25.2,15.112,11.405999999999999,3.0,
1142,Grenchen,2016,2015-10-18,CCh,Rep,4,1,DMITRIEV_Denis,RUS,10003100142.0,29.6,25.049999999999997,25.387,1.0,
1143,Grenchen,2016,2015-10-18,CCh,Rep,4,2,VYNOKUROV_Andrii,UKR,10002418415.0,33.2,21.575,21.917,3.0,
1144,Grenchen,2016,2015-10-18,CCh,Rep,4,3,CECI_Francesco,ITA,10006073493.0,25.8,23.317999999999998,23.244,2.0,
1145,Grenchen,2016,2015-10-18,CCh,Rep,4,4,VOLIKAKIS_Zafeiris,GRE,10005505439.0,26.3,17.900000000000002,16.689,4.0,
1146,Grenchen,2016,2015-10-18,CCh,Rep,5,1,ALIAGA_CHIVITE_Sergio,ESP,10006553039.0,24.0,19.733999999999998,20.856,3.0,
1147,Grenchen,2016,2015-10-18,CCh,Rep,5,2,BUCHYNYSKYY_Volodymyr,UKR,10006320037.0,25.5,5.728,16.839,5.0,
1148,Grenchen,2016,2015-10-18,CCh,Rep,5,3,CRAMPTON_Matthew,GBR_,10003292122.0,29.4,29.492000000000004,29.020000000000003,1.0,
1149,Grenchen,2016,2015-10-18,CCh,Rep,5,4,ZAITSAU_Artsiom,BLR,10009017243.0,20.4,17.131,17.681,4.0,
1150,Grenchen,2016,2015-10-18,CCh,Rep,5,5,LENDEL_Vasilijus,LTU,10009181234.0,20.5,20.081000000000003,19.009999999999998,2.0,
1151,Grenchen,2016,2015-10-18,CCh,Rep,6,1,KENNY_Jason,GBR,10004599194.0,27.6,31.077999999999996,31.257,1.0,
1152,Grenchen,2016,2015-10-18,CCh,Rep,6,2,MORENO_SANCHEZ_Jose,ESP,10007502427.0,21.9,21.937,22.990000000000002,3.0,
1153,Grenchen,2016,2015-10-18,CCh,Rep,6,3,JONAUSKAS_Svajūnas,LTU,10009181032.0,20.8,8.900000000000002,16.507,5.0,
1154,Grenchen,2016,2015-10-18,CCh,Rep,6,4,DÖRNBACH_Maximilian,GER,10007779683.0,19.8,25.534000000000002,22.039,2.0,
1155,Grenchen,2016,2015-10-18,CCh,Rep,6,9,NOVIK_Uladzislau,BLR,10009049979.0,20.6,20.576,19.094,4.0,
1156,Grenchen,2016,2015-10-18,CCh,R2,1,1,PERVIS_Francois,FRA,10003011125.0,31.0,32.915,33.202999999999996,1.0,
1157,Grenchen,2016,2015-10-18,CCh,R2,1,2,D'ALMEIDA_Michael,FRA,10004618796.0,28.1,23.41,24.647,5.0,
1158,Grenchen,2016,2015-10-18,CCh,R2,1,3,BÁBEK_Tomáš,CZE,10004612534.0,28.4,21.495,23.651,6.0,
1159,Grenchen,2016,2015-10-18,CCh,R2,1,4,SHURSHIN_Nikita,RUS,10007271546.0,22.5,28.694999999999997,28.495999999999995,4.0,
1160,Grenchen,2016,2015-10-18,CCh,R2,1,5,VOLIKAKIS_Christos,GRE,10004633247.0,27.6,30.182000000000002,29.977,2.0,
1161,Grenchen,2016,2015-10-18,CCh,R2,1,6,EILERS_Joachim,GER,10006379247.0,25.5,28.923000000000002,28.322,3.0,
1162,Grenchen,2016,2015-10-18,CCh,R2,2,1,MAKSEL_Krzysztof,POL,10006902239.0,24.3,24.669999999999998,25.947,5.0,
1163,Grenchen,2016,2015-10-18,CCh,R2,2,2,DMITRIEV_Denis,RUS,10003100142.0,29.6,25.387,25.854000000000003,4.0,
1164,Grenchen,2016,2015-10-18,CCh,R2,2,3,KELEMEN_Pavel,CZE,10006422895.0,24.4,25.629,26.125,3.0,
1165,Grenchen,2016,2015-10-18,CCh,R2,2,4,KENNY_Jason,GBR,10004599194.0,27.6,31.257,30.988000000000003,1.0,
1166,Grenchen,2016,2015-10-18,CCh,R2,2,5,LIPA_Mateusz,POL,10007891437.0,20.9,28.198,23.500999999999998,2.0,
1167,Grenchen,2016,2015-10-18,CCh,R2,2,6,ALIAGA_CHIVITE_Sergio,ESP,10006553039.0,24.0,20.856,20.586,6.0,
1168,Grenchen,2016,2015-10-18,CCh,Final,1,1,KELEMEN_Pavel,CZE,10006422895.0,24.4,26.125,27.558,2.0,
1169,Grenchen,2016,2015-10-18,CCh,Final,1,2,PERVIS_Francois,FRA,10003011125.0,31.0,33.202999999999996,33.166,1.0,
1170,Grenchen,2016,2015-10-18,CCh,Final,1,3,DMITRIEV_Denis,RUS,10003100142.0,29.6,25.854000000000003,26.122,4.0,
1171,Grenchen,2016,2015-10-18,CCh,Final,1,4,MAKSEL_Krzysztof,POL,10006902239.0,24.3,25.947,25.993,3.0,
1172,Grenchen,2016,2015-10-18,CCh,Final,1,5,D'ALMEIDA_Michael,FRA,10004618796.0,28.1,24.647,24.488,5.0,
1173,Grenchen,2016,2015-10-18,CCh,Final,1,6,BÁBEK_Tomáš,CZE,10004612534.0,28.4,23.651,22.441000000000003,6.0,
1174,Grenchen,2016,2015-10-18,CCh,Final,2,1,VOLIKAKIS_Christos,GRE,10004633247.0,27.6,29.977,30.288000000000004,2.0,
1175,Grenchen,2016,2015-10-18,CCh,Final,2,2,KENNY_Jason,GBR,10004599194.0,27.6,30.988000000000003,31.096999999999998,1.0,
1176,Grenchen,2016,2015-10-18,CCh,Final,2,3,SHURSHIN_Nikita,RUS,10007271546.0,22.5,28.495999999999995,28.586,3.0,
1177,Grenchen,2016,2015-10-18,CCh,Final,2,4,ALIAGA_CHIVITE_Sergio,ESP,10006553039.0,24.0,20.586,21.226,6.0,
1178,Grenchen,2016,2015-10-18,CCh,Final,2,5,LIPA_Mateusz,POL,10007891437.0,20.9,23.500999999999998,22.798,5.0,
1179,Grenchen,2016,2015-10-18,CCh,Final,2,6,EILERS_Joachim,GER,10006379247.0,25.5,28.322,27.669,4.0,
1180,Cali,2016,2015-10-31,WC,R1,1,1,PERVIS_Francois,FRA,10003011125.0,31.0,33.166,33.355000000000004,1.0,
1181,Cali,2016,2015-10-31,WC,R1,1,2,OMELCHENKO_Sergii,AZE,10006319633.0,25.9,19.889,21.903,5.0,
1182,Cali,2016,2015-10-31,WC,R1,1,3,LEVY_Maximilian,GER,10004601723.0,28.3,32.708999999999996,32.387,2.0,
1183,Cali,2016,2015-10-31,WC,R1,1,4,VYNOKUROV_Andrii,UKR,10002418415.0,33.2,21.917,22.169,4.0,
1184,Cali,2016,2015-10-31,WC,R1,1,5,CANELON_VERA_Hersony_Gadiel,VEN,10004717719.0,26.9,26.302000000000003,25.809,3.0,
1185,Cali,2016,2015-10-31,WC,R1,2,1,PUERTA_ZAPATA_Fabian_Hernando,COL,10006904360.0,24.3,31.828,31.99,1.0,
1186,Cali,2016,2015-10-31,WC,R1,2,2,CIPRIANO_Flavio_Vagner,BRA,10007165755.0,25.8,19.480999999999998,20.845,4.0,
1187,Cali,2016,2015-10-31,WC,R1,2,3,GLAETZER_Matthew,AUS,10006894559.0,23.2,28.933,28.655,2.0,
1188,Cali,2016,2015-10-31,WC,R1,2,4,SAHROM_Muhammad_Shah_Firdaus,MAS,10009150215.0,19.9,20.363,19.820999999999998,3.0,
1189,Cali,2016,2015-10-31,WC,R1,2,5,IM_Chaebin,KOR,10007787464.0,24.0,9.0,5.953999999999999,5.0,
1190,Cali,2016,2015-10-31,WC,R1,3,1,AWANG_Mohd_Azizulhasni,MAS,10004868370.0,27.8,28.601,28.868000000000002,2.0,
1191,Cali,2016,2015-10-31,WC,R1,3,2,BROWNE_Kwesi,TTO,10009010876.0,21.7,21.409,22.591,3.0,
1192,Cali,2016,2015-10-31,WC,R1,3,3,KENNY_Jason,GBR,10004599194.0,27.6,31.096999999999998,30.832,1.0,
1193,Cali,2016,2015-10-31,WC,R1,3,4,LENDEL_Vasilijus,LTU,10009181234.0,20.6,19.009999999999998,19.534,5.0,
1194,Cali,2016,2015-10-31,WC,R1,3,5,TJON_EN_FA_Jaïr,SUR,10117936018.0,22.0,9.921000000000001,12.939000000000002,6.0,
1195,Cali,2016,2015-10-31,WC,R1,3,6,WAKIMOTO_Yuta,JPN,10005964470.0,26.6,20.576999999999998,19.989,4.0,
1196,Cali,2016,2015-10-31,WC,R1,4,1,EILERS_Joachim,GER,10006379247.0,25.6,27.669,28.208,3.0,
1197,Cali,2016,2015-10-31,WC,R1,4,2,VAN_VELTHOOVEN_Simon,HPS_,10005506954.0,26.9,28.605,28.754,1.0,
1198,Cali,2016,2015-10-31,WC,R1,4,3,SHURSHIN_Nikita,RUS,10007271546.0,22.6,28.586,28.377,2.0,
1199,Cali,2016,2015-10-31,WC,R1,4,4,BÁBEK_Tomáš,CZE,10004612534.0,28.4,22.441000000000003,22.468000000000004,4.0,
1200,Cali,2016,2015-10-31,WC,R1,4,5,BOTTASSO_Leandro,ARG_,10010894696.0,,18.419,18.426,5.0,
1201,Cali,2016,2015-10-31,WC,R1,4,6,VELOCE_Joseph,CAN_,10006105930.0,26.5,10.721000000000002,9.530999999999999,6.0,
1202,Cali,2016,2015-10-31,WC,R1,5,1,DAWKINS_Edward,NZL,10005782695.0,26.3,28.799,29.133,1.0,
1203,Cali,2016,2015-10-31,WC,R1,5,2,CECI_Francesco,ITA,10006073493.0,25.9,23.244,23.592000000000002,5.0,
1204,Cali,2016,2015-10-31,WC,R1,5,3,WÄCHTER_Tobias,GER,10036244537.0,27.2,28.527,28.457,2.0,
1205,Cali,2016,2015-10-31,WC,R1,5,4,SZALONTAY_Sándor,HUN,10007073506.0,25.3,18.58,20.556,6.0,
1206,Cali,2016,2015-10-31,WC,R1,5,5,WATANABE_Kazunari,JPN,10003349716.0,30.5,26.448,26.286,3.0,
1207,Cali,2016,2015-10-31,WC,R1,5,6,DMITRIEV_Denis,RUS,10003100142.0,29.6,26.122,25.68,4.0,
1208,Cali,2016,2015-10-31,WC,R1,6,1,BARANOSKI_Matthew,USA_,10007500407.0,22.3,23.675,24.902,3.0,
1209,Cali,2016,2015-10-31,WC,R1,6,2,MAKSEL_Krzysztof,POL,10006902239.0,24.3,25.993,26.418,2.0,
1210,Cali,2016,2015-10-31,WC,R1,6,3,VOLIKAKIS_Christos,GRE,10004633247.0,27.6,30.288000000000004,30.153000000000002,1.0,
1211,Cali,2016,2015-10-31,WC,R1,6,4,VORZHEV_Pavel,KAZ,10007828183.0,22.1,9.0,16.955,6.0,
1212,Cali,2016,2015-10-31,WC,R1,6,5,XU_Chao,CHN,10007947011.0,21.0,18.932,19.097,5.0,
1213,Cali,2016,2015-10-31,WC,R1,6,6,HAAK_Hugo,NED_,10006900320.0,24.0,21.526,20.542,4.0,
1214,Cali,2016,2015-10-31,WC,Rep,1,1,WAKIMOTO_Yuta,JPN,10005964470.0,26.6,19.989,21.061,4.0,
1215,Cali,2016,2015-10-31,WC,Rep,1,2,VOLIKAKIS_Christos,GRE,10004633247.0,27.6,30.153000000000002,30.072,1.0,
1216,Cali,2016,2015-10-31,WC,Rep,1,3,OMELCHENKO_Sergii,AZE,10006319633.0,25.9,21.903,22.377000000000002,3.0,
1217,Cali,2016,2015-10-31,WC,Rep,1,4,SAHROM_Muhammad_Shah_Firdaus,MAS,10009150215.0,19.9,19.820999999999998,20.147,5.0,
1218,Cali,2016,2015-10-31,WC,Rep,1,5,WATANABE_Kazunari,JPN,10003349716.0,30.5,26.286,25.954,2.0,
1219,Cali,2016,2015-10-31,WC,Rep,2,1,WÄCHTER_Tobias,GER,10036244537.0,27.2,28.457,28.675,1.0,
1220,Cali,2016,2015-10-31,WC,Rep,2,2,XU_Chao,CHN,10007947011.0,21.0,19.097,19.992,4.0,
1221,Cali,2016,2015-10-31,WC,Rep,2,3,CIPRIANO_Flavio_Vagner,BRA,10007165755.0,25.8,20.845,20.974999999999998,3.0,
1222,Cali,2016,2015-10-31,WC,Rep,2,4,VYNOKUROV_Andrii,UKR,10002418415.0,33.2,22.169,21.833,2.0,
1223,Cali,2016,2015-10-31,WC,Rep,2,5,VELOCE_Joseph,CAN_,10006105930.0,26.5,9.530999999999999,8.968,5.0,
1224,Cali,2016,2015-10-31,WC,Rep,3,1,IM_Chaebin,KOR,10007787464.0,24.0,5.953999999999999,19.941,4.0,
1225,Cali,2016,2015-10-31,WC,Rep,3,2,SHURSHIN_Nikita,RUS,10007271546.0,22.6,28.377,28.285,1.0,
1226,Cali,2016,2015-10-31,WC,Rep,3,3,SZALONTAY_Sándor,HUN,10007073506.0,25.3,20.556,21.083,3.0,
1227,Cali,2016,2015-10-31,WC,Rep,3,4,BROWNE_Kwesi,TTO,10009010876.0,21.7,22.591,22.035999999999998,2.0,
1228,Cali,2016,2015-10-31,WC,Rep,4,1,VAN_VELTHOOVEN_Simon,HPS_,10005506954.0,26.9,28.754,29.079,2.0,
1229,Cali,2016,2015-10-31,WC,Rep,4,2,CANELON_VERA_Hersony_Gadiel,VEN,10004717719.0,26.9,25.809,26.117,3.0,
1230,Cali,2016,2015-10-31,WC,Rep,4,3,KENNY_Jason,GBR,10004599194.0,27.6,30.832,30.581000000000003,1.0,
1231,Cali,2016,2015-10-31,WC,Rep,4,4,VORZHEV_Pavel,KAZ,10007828183.0,22.1,16.955,16.136,4.0,
1232,Cali,2016,2015-10-31,WC,Rep,5,1,GLAETZER_Matthew,AUS,10006894559.0,23.2,28.655,28.891,1.0,
1233,Cali,2016,2015-10-31,WC,Rep,5,2,HAAK_Hugo,NED_,10006900320.0,24.0,20.542,21.418,3.0,
1234,Cali,2016,2015-10-31,WC,Rep,5,3,CECI_Francesco,ITA,10006073493.0,25.9,23.592000000000002,23.593,2.0,
1235,Cali,2016,2015-10-31,WC,Rep,5,4,LENDEL_Vasilijus,LTU,10009181234.0,20.6,19.534,19.442,4.0,
1236,Cali,2016,2015-10-31,WC,Rep,5,5,BOTTASSO_Leandro,ARG_,10010894696.0,,18.426,18.03,5.0,
1237,Cali,2016,2015-10-31,WC,Rep,6,1,LEVY_Maximilian,GER,10004601723.0,28.3,32.387,32.568000000000005,1.0,
1238,Cali,2016,2015-10-31,WC,Rep,6,2,MAKSEL_Krzysztof,POL,10006902239.0,24.3,26.418,26.731,2.0,
1239,Cali,2016,2015-10-31,WC,Rep,6,3,BÁBEK_Tomáš,CZE,10004612534.0,28.4,22.468000000000004,22.877,4.0,
1240,Cali,2016,2015-10-31,WC,Rep,6,4,TJON_EN_FA_Jaïr,SUR,10117936018.0,22.0,12.939000000000002,15.52,5.0,
1241,Cali,2016,2015-10-31,WC,Rep,6,5,DMITRIEV_Denis,RUS,10003100142.0,29.6,25.68,25.207,3.0,
1242,Cali,2016,2015-10-31,WC,R2,1,1,DAWKINS_Edward,NZL,10005782695.0,26.3,29.133,29.634999999999998,3.0,
1243,Cali,2016,2015-10-31,WC,R2,1,2,EILERS_Joachim,GER,10006379247.0,25.6,28.208,28.693,5.0,
1244,Cali,2016,2015-10-31,WC,R2,1,3,PERVIS_Francois,FRA,10003011125.0,31.0,33.355000000000004,33.265,1.0,
1245,Cali,2016,2015-10-31,WC,R2,1,4,IM_Chaebin,KOR,10007787464.0,24.0,19.941,23.44,6.0,
1246,Cali,2016,2015-10-31,WC,R2,1,5,LEVY_Maximilian,GER,10004601723.0,28.3,32.568000000000005,32.209,2.0,
1247,Cali,2016,2015-10-31,WC,R2,1,6,WÄCHTER_Tobias,GER,10036244537.0,27.2,28.675,28.243,4.0,
1248,Cali,2016,2015-10-31,WC,R2,2,1,GLAETZER_Matthew,AUS,10006894559.0,23.2,28.891,29.371000000000002,3.0,
1249,Cali,2016,2015-10-31,WC,R2,2,2,BARANOSKI_Matthew,USA_,10007500407.0,22.3,24.902,25.736,5.0,
1250,Cali,2016,2015-10-31,WC,R2,2,3,WAKIMOTO_Yuta,JPN,10005964470.0,26.6,21.061,21.838,6.0,
1251,Cali,2016,2015-10-31,WC,R2,2,4,PUERTA_ZAPATA_Fabian_Hernando,COL,10006904360.0,24.3,31.99,31.682000000000002,1.0,
1252,Cali,2016,2015-10-31,WC,R2,2,5,AWANG_Mohd_Azizulhasni,MAS,10004868370.0,27.8,28.868000000000002,28.67,4.0,
1253,Cali,2016,2015-10-31,WC,R2,2,6,VAN_VELTHOOVEN_Simon,HPS_,10005506954.0,26.9,29.079,28.622,2.0,
1254,Cali,2016,2015-10-31,WC,Final,1,1,EILERS_Joachim,GER,10006379247.0,25.6,28.693,29.284,4.0,
1255,Cali,2016,2015-10-31,WC,Final,1,2,GLAETZER_Matthew,AUS,10006894559.0,23.2,29.371000000000002,29.665999999999997,3.0,
1256,Cali,2016,2015-10-31,WC,Final,1,3,DAWKINS_Edward,NZL,10005782695.0,26.3,29.634999999999998,29.718,2.0,
1257,Cali,2016,2015-10-31,WC,Final,1,4,PERVIS_Francois,FRA,10003011125.0,31.0,33.265,32.963,1.0,
1258,Cali,2016,2015-10-31,WC,Final,1,5,BARANOSKI_Matthew,USA_,10007500407.0,22.3,25.736,25.582,5.0,
1259,Cali,2016,2015-10-31,WC,Final,1,6,WAKIMOTO_Yuta,JPN,10005964470.0,26.6,21.838,21.628999999999998,6.0,
1260,Cali,2016,2015-10-31,WC,Final,2,1,PUERTA_ZAPATA_Fabian_Hernando,COL,10006904360.0,24.3,31.682000000000002,32.040000000000006,2.0,
1261,Cali,2016,2015-10-31,WC,Final,2,2,VAN_VELTHOOVEN_Simon,HPS_,10005506954.0,26.9,28.622,28.945999999999998,4.0,
1262,Cali,2016,2015-10-31,WC,Final,2,3,AWANG_Mohd_Azizulhasni,MAS,10004868370.0,27.8,28.67,28.811,3.0,
1263,Cali,2016,2015-10-31,WC,Final,2,4,IM_Chaebin,KOR,10007787464.0,24.0,23.44,24.701999999999998,6.0,
1264,Cali,2016,2015-10-31,WC,Final,2,5,WÄCHTER_Tobias,GER,10036244537.0,27.2,28.243,28.1,5.0,
1265,Cali,2016,2015-10-31,WC,Final,2,6,LEVY_Maximilian,GER,10004601723.0,28.3,32.209,31.661,1.0,
1266,Cambridge,2016,2015-12-05,WC,R1,1,1,CANELON_VERA_Hersony_Gadiel,VEN,10004717719.0,27.0,26.117,26.599999999999998,2.0,
1267,Cambridge,2016,2015-12-05,WC,R1,1,2,CIPRIANO_Flavio_Vagner,BRA,10007165755.0,25.9,20.974999999999998,21.943,5.0,
1268,Cambridge,2016,2015-12-05,WC,R1,1,3,SHURSHIN_Nikita,RUS,10007271546.0,22.7,28.285,27.985999999999997,1.0,
1269,Cambridge,2016,2015-12-05,WC,R1,1,4,SZALONTAY_Sándor,HUN,10007073506.0,25.4,21.083,21.256999999999998,4.0,
1270,Cambridge,2016,2015-12-05,WC,R1,1,5,PHILLIP_Njisane,TTO,10006898401.0,24.5,24.852,24.272000000000002,3.0,
1271,Cambridge,2016,2015-12-05,WC,R1,2,1,WEBSTER_Sam,NZL,10006184742.0,24.4,25.886,28.247999999999998,2.0,
1272,Cambridge,2016,2015-12-05,WC,R1,2,2,SCHMID_Jacob,AUS,10007811817.0,21.9,24.505,25.833,3.0,
1273,Cambridge,2016,2015-12-05,WC,R1,2,3,VOLIKAKIS_Christos,GRE,10004633247.0,27.7,30.072,29.978,1.0,
1274,Cambridge,2016,2015-12-05,WC,R1,2,4,VORZHEV_Pavel,KAZ,10007828183.0,22.2,16.136,18.231,5.0,
1275,Cambridge,2016,2015-12-05,WC,R1,2,5,BARRETTE_Hugo,CAN,10007212639.0,24.4,23.898,23.519,4.0,
1276,Cambridge,2016,2015-12-05,WC,R1,3,1,EILERS_Joachim,GER,10006379247.0,25.7,29.284,29.671999999999997,2.0,
1277,Cambridge,2016,2015-12-05,WC,R1,3,2,D'ALMEIDA_Michael,FRA,10004618796.0,28.3,24.488,25.191,4.0,
1278,Cambridge,2016,2015-12-05,WC,R1,3,3,BÜCHLI_Matthijs,NED,10006900421.0,23.0,30.496,30.374000000000002,1.0,
1279,Cambridge,2016,2015-12-05,WC,R1,3,4,MAKSEL_Krzysztof,POL,10006902239.0,24.4,26.731,26.520000000000003,3.0,
1280,Cambridge,2016,2015-12-05,WC,R1,3,5,OMELCHENKO_Sergii,AZE,10006319633.0,26.0,22.377000000000002,21.909999999999997,5.0,
1281,Cambridge,2016,2015-12-05,WC,R1,4,1,LEVY_Maximilian,GER,10004601723.0,28.4,31.661,31.861,1.0,
1282,Cambridge,2016,2015-12-05,WC,R1,4,2,KELEMEN_Pavel,CZE,10006422895.0,24.5,27.558,27.799,2.0,
1283,Cambridge,2016,2015-12-05,WC,R1,4,3,CECI_Francesco,ITA,10006073493.0,26.0,23.593,23.695,3.0,
1284,Cambridge,2016,2015-12-05,WC,R1,4,4,WAKIMOTO_Yuta,JPN,10005964470.0,26.7,21.628999999999998,21.647000000000002,4.0,
1285,Cambridge,2016,2015-12-05,WC,R1,4,5,ENGLER_Eric,GER,10006665496.0,24.2,20.654,19.676000000000002,5.0,
1286,Cambridge,2016,2015-12-05,WC,R1,5,1,KENNY_Jason,GBR,10004599194.0,27.7,30.581000000000003,30.785,1.0,
1287,Cambridge,2016,2015-12-05,WC,R1,5,2,IM_Chaebin,KOR,10007787464.0,24.1,24.701999999999998,25.610999999999997,3.0,
1288,Cambridge,2016,2015-12-05,WC,R1,5,3,XU_Chao,CHN,10007947011.0,21.1,19.992,20.734,4.0,
1289,Cambridge,2016,2015-12-05,WC,R1,5,4,LENDEL_Vasilijus,LTU,10009181234.0,20.7,19.442,19.907,5.0,
1290,Cambridge,2016,2015-12-05,WC,R1,5,5,CONSTABLE_Patrick,AUS,10009009462.0,20.4,9.0,14.103,6.0,
1291,Cambridge,2016,2015-12-05,WC,R1,5,6,WATANABE_Kazunari,JPN,10003349716.0,30.6,25.954,25.552999999999997,2.0,
1292,Cambridge,2016,2015-12-05,WC,R1,6,1,BARANOSKI_Matthew,USA_,10007500407.0,22.4,25.582,26.365,3.0,
1293,Cambridge,2016,2015-12-05,WC,R1,6,2,VAN_VELTHOOVEN_Simon,HPS_,10005506954.0,27.0,28.945999999999998,28.994999999999997,1.0,
1294,Cambridge,2016,2015-12-05,WC,R1,6,3,TJON_EN_FA_Jaïr,SUR,10117936018.0,22.1,15.52,18.426000000000002,6.0,
1295,Cambridge,2016,2015-12-05,WC,R1,6,4,RAMIREZ_MORALES_Santiago,COL,10009039774.0,21.4,26.217,25.117,2.0,
1296,Cambridge,2016,2015-12-05,WC,R1,6,5,VYNOKUROV_Andrii,UKR,10002418415.0,33.3,21.833,21.749000000000002,4.0,
1297,Cambridge,2016,2015-12-05,WC,R1,6,6,SAHROM_Muhammad_Shah_Firdaus,MAS,10009150215.0,20.0,20.147,18.903,5.0,
1298,Cambridge,2016,2015-12-05,WC,Rep,1,1,ENGLER_Eric,GER,10006665496.0,24.2,19.676000000000002,21.241,3.0,
1299,Cambridge,2016,2015-12-05,WC,Rep,1,2,LENDEL_Vasilijus,LTU,10009181234.0,20.7,19.907,20.564,2.0,
1300,Cambridge,2016,2015-12-05,WC,Rep,1,3,CIPRIANO_Flavio_Vagner,BRA,10007165755.0,25.9,21.943,21.928,1.0,
1301,Cambridge,2016,2015-12-05,WC,Rep,1,4,TJON_EN_FA_Jaïr,SUR,10117936018.0,22.1,18.426000000000002,18.285999999999998,5.0,
1302,Cambridge,2016,2015-12-05,WC,Rep,1,5,SAHROM_Muhammad_Shah_Firdaus,MAS,10009150215.0,20.0,18.903,17.759999999999998,4.0,
1303,Cambridge,2016,2015-12-05,WC,Rep,2,1,WAKIMOTO_Yuta,JPN,10005964470.0,26.7,21.647000000000002,22.328,4.0,
1304,Cambridge,2016,2015-12-05,WC,Rep,2,2,OMELCHENKO_Sergii,AZE,10006319633.0,26.0,21.909999999999997,22.601,3.0,
1305,Cambridge,2016,2015-12-05,WC,Rep,2,3,WATANABE_Kazunari,JPN,10003349716.0,30.6,25.552999999999997,25.528,2.0,
1306,Cambridge,2016,2015-12-05,WC,Rep,2,4,SCHMID_Jacob,AUS,10007811817.0,21.9,25.833,24.730999999999998,1.0,
1307,Cambridge,2016,2015-12-05,WC,Rep,2,5,XU_Chao,CHN,10007947011.0,21.1,20.734,20.289,5.0,
1308,Cambridge,2016,2015-12-05,WC,Rep,3,1,MAKSEL_Krzysztof,POL,10006902239.0,24.4,26.520000000000003,26.95,1.0,
1309,Cambridge,2016,2015-12-05,WC,Rep,3,2,BARRETTE_Hugo,CAN,10007212639.0,24.4,23.519,23.795,4.0,
1310,Cambridge,2016,2015-12-05,WC,Rep,3,3,CECI_Francesco,ITA,10006073493.0,26.0,23.695,23.705,3.0,
1311,Cambridge,2016,2015-12-05,WC,Rep,3,4,D'ALMEIDA_Michael,FRA,10004618796.0,28.3,25.191,24.596000000000004,2.0,
1312,Cambridge,2016,2015-12-05,WC,Rep,4,1,KELEMEN_Pavel,CZE,10006422895.0,24.5,27.799,28.446,2.0,
1313,Cambridge,2016,2015-12-05,WC,Rep,4,2,PHILLIP_Njisane,TTO,10006898401.0,24.5,24.272000000000002,24.71,3.0,
1314,Cambridge,2016,2015-12-05,WC,Rep,4,3,BÜCHLI_Matthijs,NED,10006900421.0,23.0,30.374000000000002,30.131999999999998,1.0,
1315,Cambridge,2016,2015-12-05,WC,Rep,4,4,VORZHEV_Pavel,KAZ,10007828183.0,22.2,18.231,17.703000000000003,4.0,
1316,Cambridge,2016,2015-12-05,WC,Rep,5,1,VYNOKUROV_Andrii,UKR,10002418415.0,33.3,21.749000000000002,22.549000000000003,3.0,
1317,Cambridge,2016,2015-12-05,WC,Rep,5,2,VOLIKAKIS_Christos,GRE,10004633247.0,27.7,29.978,29.909000000000002,1.0,
1318,Cambridge,2016,2015-12-05,WC,Rep,5,3,IM_Chaebin,KOR,10007787464.0,24.1,25.610999999999997,25.124000000000002,2.0,
1319,Cambridge,2016,2015-12-05,WC,Rep,5,4,SZALONTAY_Sándor,HUN,10007073506.0,25.4,21.256999999999998,20.627000000000002,4.0,
1320,Cambridge,2016,2015-12-05,WC,Rep,6,1,SHURSHIN_Nikita,RUS,10007271546.0,22.7,27.985999999999997,28.539,2.0,
1321,Cambridge,2016,2015-12-05,WC,Rep,6,2,RAMIREZ_MORALES_Santiago,COL,10009039774.0,21.4,25.117,25.812,3.0,
1322,Cambridge,2016,2015-12-05,WC,Rep,6,3,VAN_VELTHOOVEN_Simon,HPS_,10005506954.0,27.0,28.994999999999997,28.802,1.0,
1323,Cambridge,2016,2015-12-05,WC,Rep,6,4,CONSTABLE_Patrick,AUS,10009009462.0,20.4,14.103,13.651,4.0,
1324,Cambridge,2016,2015-12-05,WC,R2,1,1,ENGLER_Eric,GER,10006665496.0,24.2,21.241,23.457,6.0,
1325,Cambridge,2016,2015-12-05,WC,R2,1,2,LEVY_Maximilian,GER,10004601723.0,28.4,31.861,31.844,1.0,
1326,Cambridge,2016,2015-12-05,WC,R2,1,3,BARANOSKI_Matthew,USA_,10007500407.0,22.4,26.365,26.602,4.0,
1327,Cambridge,2016,2015-12-05,WC,R2,1,4,VYNOKUROV_Andrii,UKR,10002418415.0,33.3,22.549000000000003,22.866,5.0,
1328,Cambridge,2016,2015-12-05,WC,R2,1,5,KELEMEN_Pavel,CZE,10006422895.0,24.5,28.446,27.826999999999998,2.0,
1329,Cambridge,2016,2015-12-05,WC,R2,1,6,CANELON_VERA_Hersony_Gadiel,VEN,10004717719.0,27.0,26.599999999999998,26.134999999999998,3.0,
1330,Cambridge,2016,2015-12-05,WC,R2,2,1,EILERS_Joachim,GER,10006379247.0,25.7,29.671999999999997,30.156999999999996,2.0,
1331,Cambridge,2016,2015-12-05,WC,R2,2,2,KENNY_Jason,GBR,10004599194.0,27.7,30.785,30.925,1.0,
1332,Cambridge,2016,2015-12-05,WC,R2,2,3,SHURSHIN_Nikita,RUS,10007271546.0,22.7,28.539,28.712999999999997,3.0,
1333,Cambridge,2016,2015-12-05,WC,R2,2,4,MAKSEL_Krzysztof,POL,10006902239.0,24.4,26.95,27.015,5.0,
1334,Cambridge,2016,2015-12-05,WC,R2,2,5,WEBSTER_Sam,NZL,10006184742.0,24.4,28.247999999999998,26.839,4.0,
1335,Cambridge,2016,2015-12-05,WC,R2,2,6,WAKIMOTO_Yuta,JPN,10005964470.0,26.7,22.328,22.134999999999998,6.0,
1336,Cambridge,2016,2015-12-05,WC,Final,1,1,EILERS_Joachim,GER,10006379247.0,25.7,30.156999999999996,30.629,3.0,
1337,Cambridge,2016,2015-12-05,WC,Final,1,2,LEVY_Maximilian,GER,10004601723.0,28.4,31.844,31.961999999999996,1.0,
1338,Cambridge,2016,2015-12-05,WC,Final,1,3,BARANOSKI_Matthew,USA_,10007500407.0,22.4,26.602,27.009,5.0,
1339,Cambridge,2016,2015-12-05,WC,Final,1,4,SHURSHIN_Nikita,RUS,10007271546.0,22.7,28.712999999999997,28.678,4.0,
1340,Cambridge,2016,2015-12-05,WC,Final,1,5,KENNY_Jason,GBR,10004599194.0,27.7,30.925,30.668,2.0,
1341,Cambridge,2016,2015-12-05,WC,Final,1,6,ENGLER_Eric,GER,10006665496.0,24.2,23.457,22.951999999999998,6.0,
1342,Cambridge,2016,2015-12-05,WC,Final,2,1,KELEMEN_Pavel,CZE,10006422895.0,24.5,27.826999999999998,28.58,1.0,
1343,Cambridge,2016,2015-12-05,WC,Final,2,2,WEBSTER_Sam,NZL,10006184742.0,24.4,26.839,27.558,3.0,
1344,Cambridge,2016,2015-12-05,WC,Final,2,3,VYNOKUROV_Andrii,UKR,10002418415.0,33.3,22.866,23.270999999999997,5.0,
1345,Cambridge,2016,2015-12-05,WC,Final,2,4,CANELON_VERA_Hersony_Gadiel,VEN,10004717719.0,27.0,26.134999999999998,26.093999999999998,4.0,
1346,Cambridge,2016,2015-12-05,WC,Final,2,5,MAKSEL_Krzysztof,POL,10006902239.0,24.4,27.015,26.644,2.0,
1347,Cambridge,2016,2015-12-05,WC,Final,2,6,WAKIMOTO_Yuta,JPN,10005964470.0,26.7,22.134999999999998,21.87,6.0,
1348,Hong_Kong,2016,2016-01-16,WC,R1,1,1,DMITRIEV_Denis,RUS,10003100142.0,29.8,25.207,25.747,3.0,
1349,Hong_Kong,2016,2016-01-16,WC,R1,1,2,OMELCHENKO_Sergii,AZE,10006319633.0,26.1,22.601,23.59,6.0,
1350,Hong_Kong,2016,2016-01-16,WC,R1,1,3,IM_Chaebin,KOR,10007787464.0,24.2,25.124000000000002,25.599,4.0,
1351,Hong_Kong,2016,2016-01-16,WC,R1,1,4,CECI_Francesco,ITA,10006073493.0,26.1,23.705,23.833000000000002,5.0,
1352,Hong_Kong,2016,2016-01-16,WC,R1,1,5,PUERTA_ZAPATA_Fabian_Hernando,COL,10006904360.0,24.5,32.040000000000006,31.560000000000002,1.0,
1353,Hong_Kong,2016,2016-01-16,WC,R1,1,6,SAHROM_Muhammad_Shah_Firdaus,MAS,10009150215.0,20.1,17.759999999999998,18.354,7.0,
1354,Hong_Kong,2016,2016-01-16,WC,R1,1,7,LEWIS_Peter,AUS_,10006182924.0,26.0,25.97,24.349,2.0,
1355,Hong_Kong,2016,2016-01-16,WC,R1,2,1,WÄCHTER_Tobias,GER,10036244537.0,27.5,28.1,28.688,3.0,
1356,Hong_Kong,2016,2016-01-16,WC,R1,2,2,WILLIAMS_Zac,NZL,10008997641.0,20.5,9.0,23.964999999999996,7.0,
1357,Hong_Kong,2016,2016-01-16,WC,R1,2,3,AWANG_Mohd_Azizulhasni,MAS,10004868370.0,28.0,28.811,28.891,2.0,
1358,Hong_Kong,2016,2016-01-16,WC,R1,2,4,BÜCHLI_Matthijs,NED,10006900421.0,23.1,30.131999999999998,30.013,1.0,
1359,Hong_Kong,2016,2016-01-16,WC,R1,2,5,CIPRIANO_Flavio_Vagner,BRA,10007165755.0,26.0,21.928,22.226,5.0,
1360,Hong_Kong,2016,2016-01-16,WC,R1,2,6,WATANABE_Kazunari,JPN,10003349716.0,30.7,25.528,25.375999999999998,4.0,
1361,Hong_Kong,2016,2016-01-16,WC,R1,2,7,SZALONTAY_Sándor,HUN,10007073506.0,25.5,20.627000000000002,19.808,6.0,
1362,Hong_Kong,2016,2016-01-16,WC,R1,3,1,BARRETTE_Hugo,CAN,10007212639.0,24.5,23.795,24.508,4.0,
1363,Hong_Kong,2016,2016-01-16,WC,R1,3,2,KELEMEN_Pavel,CZE,10006422895.0,24.6,28.58,28.718,2.0,
1364,Hong_Kong,2016,2016-01-16,WC,R1,3,3,XU_Chao,CHN,10007947011.0,21.2,20.289,21.135,6.0,
1365,Hong_Kong,2016,2016-01-16,WC,R1,3,4,EDELIN_Benjamin,FRA,10006584159.0,22.9,16.857,19.261000000000003,7.0,
1366,Hong_Kong,2016,2016-01-16,WC,R1,3,5,CRAMPTON_Matthew,GBR_,10003292122.0,29.7,29.020000000000003,28.572,1.0,
1367,Hong_Kong,2016,2016-01-16,WC,R1,3,6,LENDEL_Vasilijus,LTU,10009181234.0,20.8,20.564,20.601,5.0,
1368,Hong_Kong,2016,2016-01-16,WC,R1,3,7,BARANOSKI_Matthew,USA_,10007500407.0,22.5,27.009,26.219,3.0,
1369,Hong_Kong,2016,2016-01-16,WC,R1,4,1,WAKIMOTO_Yuta,JPN,10005964470.0,26.8,21.87,22.538,5.0,
1370,Hong_Kong,2016,2016-01-16,WC,R1,4,2,ENGLER_Eric,GER,10006665496.0,24.3,22.951999999999998,23.67,3.0,
1371,Hong_Kong,2016,2016-01-16,WC,R1,4,3,VYNOKUROV_Andrii,UKR,10002418415.0,33.4,23.270999999999997,23.478,2.0,
1372,Hong_Kong,2016,2016-01-16,WC,R1,4,4,PHILLIP_Njisane,TTO,10006898401.0,24.6,24.71,24.622,1.0,
1373,Hong_Kong,2016,2016-01-16,WC,R1,4,5,VORZHEV_Pavel,KAZ,10007828183.0,22.3,17.703000000000003,18.444000000000003,7.0,
1374,Hong_Kong,2016,2016-01-16,WC,R1,4,6,LIPA_Mateusz,POL,10007891437.0,21.2,22.798,21.059,4.0,
1375,Hong_Kong,2016,2016-01-16,WC,R1,4,7,PULGAR_Angel,VEN,10005511301.0,26.9,18.985000000000003,16.894,6.0,
1376,Hong_Kong,2016,2016-01-16,WC,Rep,1,1,IM_Chaebin,KOR,10007787464.0,24.2,25.599,26.868,2.0,
1377,Hong_Kong,2016,2016-01-16,WC,Rep,1,2,CRAMPTON_Matthew,GBR_,10003292122.0,29.7,28.572,28.686999999999998,1.0,
1378,Hong_Kong,2016,2016-01-16,WC,Rep,1,3,WATANABE_Kazunari,JPN,10003349716.0,30.7,25.375999999999998,25.456,3.0,
1379,Hong_Kong,2016,2016-01-16,WC,Rep,1,4,PHILLIP_Njisane,TTO,10006898401.0,24.6,24.622,24.546999999999997,4.0,
1380,Hong_Kong,2016,2016-01-16,WC,Rep,1,5,LEWIS_Peter,AUS_,10006182924.0,26.0,24.349,23.47,5.0,
1381,Hong_Kong,2016,2016-01-16,WC,Rep,2,1,AWANG_Mohd_Azizulhasni,MAS,10004868370.0,28.0,28.891,29.029,1.0,
1382,Hong_Kong,2016,2016-01-16,WC,Rep,2,2,EDELIN_Benjamin,FRA,10006584159.0,22.9,19.261000000000003,20.737000000000002,3.0,
1383,Hong_Kong,2016,2016-01-16,WC,Rep,2,3,SAHROM_Muhammad_Shah_Firdaus,MAS,10009150215.0,20.1,18.354,19.003,4.0,
1384,Hong_Kong,2016,2016-01-16,WC,Rep,2,4,PULGAR_Angel,VEN,10005511301.0,26.9,16.894,17.27,5.0,
1385,Hong_Kong,2016,2016-01-16,WC,Rep,2,5,CIPRIANO_Flavio_Vagner,BRA,10007165755.0,26.0,22.226,21.582,2.0,
1386,Hong_Kong,2016,2016-01-16,WC,Rep,3,1,BÜCHLI_Matthijs,NED,10006900421.0,23.1,30.013,30.210000000000004,2.0,
1387,Hong_Kong,2016,2016-01-16,WC,Rep,3,2,XU_Chao,CHN,10007947011.0,21.2,21.135,22.033,4.0,
1388,Hong_Kong,2016,2016-01-16,WC,Rep,3,3,LIPA_Mateusz,POL,10007891437.0,21.2,21.059,22.294999999999998,5.0,
1389,Hong_Kong,2016,2016-01-16,WC,Rep,3,4,BARANOSKI_Matthew,USA_,10007500407.0,22.5,26.219,26.093,3.0,
1390,Hong_Kong,2016,2016-01-16,WC,Rep,3,5,PUERTA_ZAPATA_Fabian_Hernando,COL,10006904360.0,24.5,31.560000000000002,31.002,1.0,
1391,Hong_Kong,2016,2016-01-16,WC,Rep,4,1,CECI_Francesco,ITA,10006073493.0,26.1,23.833000000000002,24.067,1.0,
1392,Hong_Kong,2016,2016-01-16,WC,Rep,4,2,VORZHEV_Pavel,KAZ,10007828183.0,22.3,18.444000000000003,19.885,5.0,
1393,Hong_Kong,2016,2016-01-16,WC,Rep,4,3,LENDEL_Vasilijus,LTU,10009181234.0,20.8,20.601,20.826,3.0,
1394,Hong_Kong,2016,2016-01-16,WC,Rep,4,4,VYNOKUROV_Andrii,UKR,10002418415.0,33.4,23.478,23.246000000000002,2.0,
1395,Hong_Kong,2016,2016-01-16,WC,Rep,4,5,SZALONTAY_Sándor,HUN,10007073506.0,25.5,19.808,18.958,4.0,
1396,Hong_Kong,2016,2016-01-16,WC,R2,1,1,WAKIMOTO_Yuta,JPN,10005964470.0,26.8,22.538,23.325,6.0,
1397,Hong_Kong,2016,2016-01-16,WC,R2,1,2,WILLIAMS_Zac,NZL,10008997641.0,20.5,23.964999999999996,26.225,5.0,
1398,Hong_Kong,2016,2016-01-16,WC,R2,1,3,IM_Chaebin,KOR,10007787464.0,24.2,26.868,27.092000000000002,2.0,
1399,Hong_Kong,2016,2016-01-16,WC,R2,1,4,KELEMEN_Pavel,CZE,10006422895.0,24.6,28.718,28.471,1.0,
1400,Hong_Kong,2016,2016-01-16,WC,R2,1,5,DMITRIEV_Denis,RUS,10003100142.0,29.8,25.747,25.619,3.0,
1401,Hong_Kong,2016,2016-01-16,WC,R2,1,6,CECI_Francesco,ITA,10006073493.0,26.1,24.067,23.892,4.0,
1402,Hong_Kong,2016,2016-01-16,WC,R2,2,1,BARRETTE_Hugo,CAN,10007212639.0,24.5,24.508,25.234,4.0,
1403,Hong_Kong,2016,2016-01-16,WC,R2,2,2,WÄCHTER_Tobias,GER,10036244537.0,27.5,28.688,28.899,3.0,
1404,Hong_Kong,2016,2016-01-16,WC,R2,2,3,BÜCHLI_Matthijs,NED,10006900421.0,23.1,30.210000000000004,30.168,1.0,
1405,Hong_Kong,2016,2016-01-16,WC,R2,2,4,AWANG_Mohd_Azizulhasni,MAS,10004868370.0,28.0,29.029,28.92,2.0,
1406,Hong_Kong,2016,2016-01-16,WC,R2,2,5,ENGLER_Eric,GER,10006665496.0,24.3,23.67,23.591,5.0,
1407,Hong_Kong,2016,2016-01-16,WC,R2,2,6,OMELCHENKO_Sergii,AZE,10006319633.0,26.1,23.59,23.060000000000002,6.0,
1408,Hong_Kong,2016,2016-01-16,WC,Final,1,1,BÜCHLI_Matthijs,NED,10006900421.0,23.1,30.168,30.425,1.0,
1409,Hong_Kong,2016,2016-01-16,WC,Final,1,2,BARRETTE_Hugo,CAN,10007212639.0,24.5,25.234,25.701,5.0,
1410,Hong_Kong,2016,2016-01-16,WC,Final,1,3,IM_Chaebin,KOR,10007787464.0,24.2,27.092000000000002,27.331999999999997,3.0,
1411,Hong_Kong,2016,2016-01-16,WC,Final,1,4,WILLIAMS_Zac,NZL,10008997641.0,20.5,26.225,25.771,4.0,
1412,Hong_Kong,2016,2016-01-16,WC,Final,1,5,WAKIMOTO_Yuta,JPN,10005964470.0,26.8,23.325,23.391000000000002,6.0,
1413,Hong_Kong,2016,2016-01-16,WC,Final,1,6,WÄCHTER_Tobias,GER,10036244537.0,27.5,28.899,28.360999999999997,2.0,
1414,Hong_Kong,2016,2016-01-16,WC,Final,2,1,KELEMEN_Pavel,CZE,10006422895.0,24.6,28.471,28.966,2.0,
1415,Hong_Kong,2016,2016-01-16,WC,Final,2,2,CECI_Francesco,ITA,10006073493.0,26.1,23.892,24.163,4.0,
1416,Hong_Kong,2016,2016-01-16,WC,Final,2,3,AWANG_Mohd_Azizulhasni,MAS,10004868370.0,28.0,28.92,28.869999999999997,1.0,
1417,Hong_Kong,2016,2016-01-16,WC,Final,2,4,ENGLER_Eric,GER,10006665496.0,24.3,23.591,23.736,5.0,
1418,Hong_Kong,2016,2016-01-16,WC,Final,2,5,OMELCHENKO_Sergii,AZE,10006319633.0,26.1,23.060000000000002,22.96,6.0,
1419,Hong_Kong,2016,2016-01-16,WC,Final,2,6,DMITRIEV_Denis,RUS,10003100142.0,29.8,25.619,25.235,3.0,
1420,London,2016,2016-03-06,WCH,R1,1,1,WEBSTER_Sam,NZL,10006184742.0,24.6,27.558,29.11,3.0,
1421,London,2016,2016-03-06,WCH,R1,1,2,IM_Chaebin,KOR,10007787464.0,24.4,27.331999999999997,27.987000000000002,4.0,
1422,London,2016,2016-03-06,WCH,R1,1,3,PTÁČNÍK_Adam,CZE_,10004722668.0,30.3,24.323,24.889,6.0,
1423,London,2016,2016-03-06,WCH,R1,1,4,SHURSHIN_Nikita,RUS,10007271546.0,22.9,28.678,28.610999999999997,2.0,
1424,London,2016,2016-03-06,WCH,R1,1,5,CANELON_VERA_Hersony_Gadiel,VEN,10004717719.0,27.2,26.093999999999998,26.077,5.0,
1425,London,2016,2016-03-06,WCH,R1,1,6,PERVIS_Francois,FRA,10003011125.0,31.4,32.963,32.373999999999995,1.0,
1426,London,2016,2016-03-06,WCH,R1,2,1,WAKIMOTO_Yuta,JPN,10005964470.0,27.0,23.391000000000002,23.999,5.0,
1427,London,2016,2016-03-06,WCH,R1,2,2,DAWKINS_Edward,NZL,10005782695.0,26.7,29.718,29.742,1.0,
1428,London,2016,2016-03-06,WCH,R1,2,3,BARRETTE_Hugo,CAN,10007212639.0,24.7,25.701,25.82,2.0,
1429,London,2016,2016-03-06,WCH,R1,2,4,SCHMID_Jacob,AUS,10007811817.0,22.1,24.730999999999998,24.576999999999998,3.0,
1430,London,2016,2016-03-06,WCH,R1,2,5,CECI_Francesco,ITA,10006073493.0,26.2,24.163,24.086000000000002,4.0,
1431,London,2016,2016-03-06,WCH,R1,2,6,XU_Chao,CHN,10007947011.0,21.3,22.033,21.588,6.0,
1432,London,2016,2016-03-06,WCH,R1,3,1,LEVY_Maximilian,GER,10004601723.0,28.7,31.961999999999996,32.254000000000005,1.0,
1433,London,2016,2016-03-06,WCH,R1,3,2,KENNY_Jason,GBR,10004599194.0,28.0,30.668,30.809,2.0,
1434,London,2016,2016-03-06,WCH,R1,3,3,AWANG_Mohd_Azizulhasni,MAS,10004868370.0,28.2,28.869999999999997,28.948999999999998,4.0,
1435,London,2016,2016-03-06,WCH,R1,3,4,SARNECKI_Rafal,POL,10005953154.0,26.2,19.887,21.724000000000004,6.0,
1436,London,2016,2016-03-06,WCH,R1,3,5,BÜCHLI_Matthijs,NED,10006900421.0,23.2,30.425,30.183999999999997,3.0,
1437,London,2016,2016-03-06,WCH,R1,3,6,BARANOSKI_Matthew,USA_,10007500407.0,22.6,26.093,25.709999999999997,5.0,
1438,London,2016,2016-03-06,WCH,R1,4,1,EILERS_Joachim,GER,10006379247.0,25.9,30.629,31.008000000000003,2.0,
1439,London,2016,2016-03-06,WCH,R1,4,2,OMELCHENKO_Sergii,AZE,10006319633.0,26.3,22.96,23.98,7.0,
1440,London,2016,2016-03-06,WCH,R1,4,3,PUERTA_ZAPATA_Fabian_Hernando,COL,10006904360.0,24.7,31.002,30.991,1.0,
1441,London,2016,2016-03-06,WCH,R1,4,4,KELEMEN_Pavel,CZE,10006422895.0,24.8,28.966,28.918,4.0,
1442,London,2016,2016-03-06,WCH,R1,4,5,GLAETZER_Matthew,AUS,10006894559.0,23.5,29.665999999999997,29.421,3.0,
1443,London,2016,2016-03-06,WCH,R1,4,6,VYNOKUROV_Andrii,UKR,10002418415.0,33.6,23.246000000000002,23.248,6.0,
1444,London,2016,2016-03-06,WCH,R1,4,7,D'ALMEIDA_Michael,FRA,10004618796.0,28.5,24.596000000000004,24.052,5.0,
1445,London,2016,2016-03-06,WCH,Rep,1,1,KELEMEN_Pavel,CZE,10006422895.0,24.8,28.918,29.25,2.0,
1446,London,2016,2016-03-06,WCH,Rep,1,2,XU_Chao,CHN,10007947011.0,21.3,21.588,22.249000000000002,4.0,
1447,London,2016,2016-03-06,WCH,Rep,1,3,BÜCHLI_Matthijs,NED,10006900421.0,23.2,30.183999999999997,29.989,1.0,
1448,London,2016,2016-03-06,WCH,Rep,1,9,PTÁČNÍK_Adam,CZE_,10004722668.0,30.3,24.889,24.554,3.0,
1449,London,2016,2016-03-06,WCH,Rep,2,1,PERVIS_Francois,FRA,10003011125.0,31.4,32.373999999999995,32.482,1.0,
1450,London,2016,2016-03-06,WCH,Rep,2,2,CECI_Francesco,ITA,10006073493.0,26.2,24.086000000000002,24.255000000000003,3.0,
1451,London,2016,2016-03-06,WCH,Rep,2,3,SARNECKI_Rafal,POL,10005953154.0,26.2,21.724000000000004,22.073,4.0,
1452,London,2016,2016-03-06,WCH,Rep,2,4,BARRETTE_Hugo,CAN,10007212639.0,24.7,25.82,25.495,2.0,
1453,London,2016,2016-03-06,WCH,Rep,3,1,AWANG_Mohd_Azizulhasni,MAS,10004868370.0,28.2,28.948999999999998,29.111,1.0,
1454,London,2016,2016-03-06,WCH,Rep,3,2,VYNOKUROV_Andrii,UKR,10002418415.0,33.6,23.248,23.549,4.0,
1455,London,2016,2016-03-06,WCH,Rep,3,3,SCHMID_Jacob,AUS,10007811817.0,22.1,24.576999999999998,24.465,3.0,
1456,London,2016,2016-03-06,WCH,Rep,3,4,CANELON_VERA_Hersony_Gadiel,VEN,10004717719.0,27.2,26.077,25.734,2.0,
1457,London,2016,2016-03-06,WCH,Rep,4,1,SHURSHIN_Nikita,RUS,10007271546.0,22.9,28.610999999999997,29.16,3.0,
1458,London,2016,2016-03-06,WCH,Rep,4,2,GLAETZER_Matthew,AUS,10006894559.0,23.5,29.421,29.587999999999997,2.0,
1459,London,2016,2016-03-06,WCH,Rep,4,3,PUERTA_ZAPATA_Fabian_Hernando,COL,10006904360.0,24.7,30.991,30.882,1.0,
1460,London,2016,2016-03-06,WCH,Rep,4,4,D'ALMEIDA_Michael,FRA,10004618796.0,28.5,24.052,24.152,5.0,
1461,London,2016,2016-03-06,WCH,Rep,4,5,BARANOSKI_Matthew,USA_,10007500407.0,22.6,25.709999999999997,25.364,4.0,
1462,London,2016,2016-03-06,WCH,R2,1,1,EILERS_Joachim,GER,10006379247.0,25.9,31.008000000000003,31.428999999999995,1.0,
1463,London,2016,2016-03-06,WCH,R2,1,2,DAWKINS_Edward,NZL,10005782695.0,26.7,29.742,30.005000000000003,3.0,
1464,London,2016,2016-03-06,WCH,R2,1,3,KENNY_Jason,GBR,10004599194.0,28.0,30.809,30.869,2.0,
1465,London,2016,2016-03-06,WCH,R2,1,4,SHURSHIN_Nikita,RUS,10007271546.0,22.9,29.16,29.182,5.0,
1466,London,2016,2016-03-06,WCH,R2,1,5,KELEMEN_Pavel,CZE,10006422895.0,24.8,29.25,29.057000000000002,4.0,
1467,London,2016,2016-03-06,WCH,R2,1,6,WEBSTER_Sam,NZL,10006184742.0,24.6,29.11,27.926000000000002,6.0,
1468,London,2016,2016-03-06,WCH,R2,2,1,LEVY_Maximilian,GER,10004601723.0,28.7,32.254000000000005,32.504999999999995,2.0,
1469,London,2016,2016-03-06,WCH,R2,2,2,AWANG_Mohd_Azizulhasni,MAS,10004868370.0,28.2,29.111,29.288,3.0,
1470,London,2016,2016-03-06,WCH,R2,2,3,WAKIMOTO_Yuta,JPN,10005964470.0,27.0,23.999,24.378,5.0,
1471,London,2016,2016-03-06,WCH,R2,2,4,PERVIS_Francois,FRA,10003011125.0,31.4,32.482,32.211,1.0,
1472,London,2016,2016-03-06,WCH,R2,2,5,OMELCHENKO_Sergii,AZE,10006319633.0,26.3,23.98,24.055,6.0,
1473,London,2016,2016-03-06,WCH,R2,2,6,IM_Chaebin,KOR,10007787464.0,24.4,27.987000000000002,27.177,4.0,
1474,London,2016,2016-03-06,WCH,Final,1,1,EILERS_Joachim,GER,10006379247.0,25.9,31.428999999999995,31.803,2.0,
1475,London,2016,2016-03-06,WCH,Final,1,2,DAWKINS_Edward,NZL,10005782695.0,26.7,30.005000000000003,30.229,4.0,
1476,London,2016,2016-03-06,WCH,Final,1,3,AWANG_Mohd_Azizulhasni,MAS,10004868370.0,28.2,29.288,29.395,5.0,
1477,London,2016,2016-03-06,WCH,Final,1,4,LEVY_Maximilian,GER,10004601723.0,28.7,32.504999999999995,32.324,1.0,
1478,London,2016,2016-03-06,WCH,Final,1,5,WAKIMOTO_Yuta,JPN,10005964470.0,27.0,24.378,24.492,6.0,
1479,London,2016,2016-03-06,WCH,Final,1,6,KENNY_Jason,GBR,10004599194.0,28.0,30.869,30.503000000000004,3.0,
1480,London,2016,2016-03-06,WCH,Final,2,1,OMELCHENKO_Sergii,AZE,10006319633.0,26.3,24.055,25.064,6.0,
1481,London,2016,2016-03-06,WCH,Final,2,2,SHURSHIN_Nikita,RUS,10007271546.0,22.9,29.182,29.45,2.0,
1482,London,2016,2016-03-06,WCH,Final,2,3,IM_Chaebin,KOR,10007787464.0,24.4,27.177,27.526,5.0,
1483,London,2016,2016-03-06,WCH,Final,2,4,WEBSTER_Sam,NZL,10006184742.0,24.6,27.926000000000002,27.913,4.0,
1484,London,2016,2016-03-06,WCH,Final,2,5,KELEMEN_Pavel,CZE,10006422895.0,24.8,29.057000000000002,28.844,3.0,
1485,London,2016,2016-03-06,WCH,Final,2,6,PERVIS_Francois,FRA,10003011125.0,31.4,32.211,31.738,1.0,
1486,Rio_de_Janeiro,2016,2016-08-16,OLY,R1,1,1,D'ALMEIDA_Michael,FRA,10004618796.0,29.0,24.152,25.085,4.0,
1487,Rio_de_Janeiro,2016,2016-08-16,OLY,R1,1,2,EILERS_Joachim,GER,10006379247.0,26.4,31.803,31.805000000000003,1.0,
1488,Rio_de_Janeiro,2016,2016-08-16,OLY,R1,1,3,BOS_Theo,NED,10050887493.0,33.0,9.0,21.105,6.0,
1489,Rio_de_Janeiro,2016,2016-08-16,OLY,R1,1,4,VOLIKAKIS_Christos,GRE,10004633247.0,28.4,29.909000000000002,29.768,2.0,
1490,Rio_de_Janeiro,2016,2016-08-16,OLY,R1,1,5,CONSTABLE_Patrick,AUS,10009009462.0,21.1,13.651,16.820999999999998,5.0,
1491,Rio_de_Janeiro,2016,2016-08-16,OLY,R1,1,6,IM_Chaebin,KOR,10007787464.0,24.8,27.526,26.736,3.0,
1492,Rio_de_Janeiro,2016,2016-08-16,OLY,R1,2,1,ZIELINSKI_Damian,POL,10002260888.0,34.7,9.0,27.876,6.0,
1493,Rio_de_Janeiro,2016,2016-08-16,OLY,R1,2,2,GLAETZER_Matthew,AUS,10006894559.0,24.0,29.587999999999997,29.927999999999997,2.0,
1494,Rio_de_Janeiro,2016,2016-08-16,OLY,R1,2,3,KANG_Dongjin,KOR_,10004601218.0,,9.0,23.399,6.0,
1495,Rio_de_Janeiro,2016,2016-08-16,OLY,R1,2,4,DAWKINS_Edward,NZL,10005782695.0,27.1,30.229,30.2,1.0,
1496,Rio_de_Janeiro,2016,2016-08-16,OLY,R1,2,5,WATANABE_Kazunari,JPN,10003349716.0,31.3,25.456,25.537,4.0,
1497,Rio_de_Janeiro,2016,2016-08-16,OLY,R1,2,6,KELEMEN_Pavel,CZE,10006422895.0,25.2,28.844,28.518,3.0,
1498,Rio_de_Janeiro,2016,2016-08-16,OLY,R1,2,7,DMITRIEV_Denis,RUS,10003100142.0,30.4,25.235,24.968999999999998,5.0,
1499,Rio_de_Janeiro,2016,2016-08-16,OLY,R1,3,1,WEBSTER_Sam,NZL,10006184742.0,25.1,27.913,29.066,4.0,
1500,Rio_de_Janeiro,2016,2016-08-16,OLY,R1,3,2,BÜCHLI_Matthijs,NED,10006900421.0,23.7,29.989,30.148,2.0,
1501,Rio_de_Janeiro,2016,2016-08-16,OLY,R1,3,3,PERVIS_Francois,FRA,10003011125.0,31.8,31.738,31.684999999999995,1.0,
1502,Rio_de_Janeiro,2016,2016-08-16,OLY,R1,3,4,MAKSEL_Krzysztof,POL,10006902239.0,25.1,26.644,26.738,5.0,
1503,Rio_de_Janeiro,2016,2016-08-16,OLY,R1,3,5,AWANG_Mohd_Azizulhasni,MAS,10004868370.0,28.6,29.395,29.212,3.0,
1504,Rio_de_Janeiro,2016,2016-08-16,OLY,R1,3,6,SKINNER_Callum,GBR,10006898296.0,24.0,12.831,14.825999999999999,7.0,
1505,Rio_de_Janeiro,2016,2016-08-16,OLY,R1,3,7,PULGAR_Angel,VEN,10005511301.0,27.5,17.27,16.382,6.0,
1506,Rio_de_Janeiro,2016,2016-08-16,OLY,R1,4,1,KENNY_Jason,GBR,10004599194.0,28.4,30.503000000000004,30.816000000000003,3.0,
1507,Rio_de_Janeiro,2016,2016-08-16,OLY,R1,4,2,PUERTA_ZAPATA_Fabian_Hernando,COL,10006904360.0,25.1,30.882,31.044999999999998,2.0,
1508,Rio_de_Janeiro,2016,2016-08-16,OLY,R1,4,3,LEVY_Maximilian,GER,10004601723.0,29.1,32.324,32.266999999999996,1.0,
1509,Rio_de_Janeiro,2016,2016-08-16,OLY,R1,4,4,BARRETTE_Hugo,CAN,10007212639.0,25.1,25.495,25.68,5.0,
1510,Rio_de_Janeiro,2016,2016-08-16,OLY,R1,4,5,BARANOSKI_Matthew,USA_,10007500407.0,23.1,25.364,25.391000000000002,6.0,
1511,Rio_de_Janeiro,2016,2016-08-16,OLY,R1,4,6,WAKIMOTO_Yuta,JPN,10005964470.0,27.4,24.492,24.417,7.0,
1512,Rio_de_Janeiro,2016,2016-08-16,OLY,R1,4,7,CANELON_VERA_Hersony_Gadiel,VEN,10004717719.0,27.7,25.734,25.336,4.0,
1513,Rio_de_Janeiro,2016,2016-08-16,OLY,Rep,1,1,AWANG_Mohd_Azizulhasni,MAS,10004868370.0,28.6,29.212,29.394,1.0,
1514,Rio_de_Janeiro,2016,2016-08-16,OLY,Rep,1,2,BARRETTE_Hugo,CAN,10007212639.0,25.1,25.68,25.904000000000003,3.0,
1515,Rio_de_Janeiro,2016,2016-08-16,OLY,Rep,1,3,BOS_Theo,NED,10050887493.0,33.0,21.105,22.144,4.0,
1516,Rio_de_Janeiro,2016,2016-08-16,OLY,Rep,1,4,KELEMEN_Pavel,CZE,10006422895.0,25.2,28.518,28.106,2.0,
1517,Rio_de_Janeiro,2016,2016-08-16,OLY,Rep,2,1,MAKSEL_Krzysztof,POL,10006902239.0,25.1,26.738,27.267,1.0,
1518,Rio_de_Janeiro,2016,2016-08-16,OLY,Rep,2,2,IM_Chaebin,KOR,10007787464.0,24.8,26.736,27.054000000000002,2.0,
1519,Rio_de_Janeiro,2016,2016-08-16,OLY,Rep,2,3,KANG_Dongjin,KOR_,10004601218.0,,23.399,23.979,5.0,
1520,Rio_de_Janeiro,2016,2016-08-16,OLY,Rep,2,4,WATANABE_Kazunari,JPN,10003349716.0,31.3,25.537,25.495,3.0,
1521,Rio_de_Janeiro,2016,2016-08-16,OLY,Rep,2,5,CANELON_VERA_Hersony_Gadiel,VEN,10004717719.0,27.7,25.336,25.032000000000004,4.0,
1522,Rio_de_Janeiro,2016,2016-08-16,OLY,Rep,3,1,PERVIS_Francois,FRA,10003011125.0,31.8,31.684999999999995,31.826999999999998,1.0,
1523,Rio_de_Janeiro,2016,2016-08-16,OLY,Rep,3,2,WAKIMOTO_Yuta,JPN,10005964470.0,27.4,24.417,24.692,3.0,
1524,Rio_de_Janeiro,2016,2016-08-16,OLY,Rep,3,3,DAWKINS_Edward,NZL,10005782695.0,27.1,30.2,29.994,2.0,
1525,Rio_de_Janeiro,2016,2016-08-16,OLY,Rep,3,4,PULGAR_Angel,VEN,10005511301.0,27.5,16.382,17.049,5.0,
1526,Rio_de_Janeiro,2016,2016-08-16,OLY,Rep,3,5,CONSTABLE_Patrick,AUS,10009009462.0,21.1,16.820999999999998,15.608,4.0,
1527,Rio_de_Janeiro,2016,2016-08-16,OLY,Rep,4,1,VOLIKAKIS_Christos,GRE,10004633247.0,28.4,29.768,29.954,2.0,
1528,Rio_de_Janeiro,2016,2016-08-16,OLY,Rep,4,2,DMITRIEV_Denis,RUS,10003100142.0,30.4,24.968999999999998,25.262,4.0,
1529,Rio_de_Janeiro,2016,2016-08-16,OLY,Rep,4,3,BARANOSKI_Matthew,USA_,10007500407.0,23.1,25.391000000000002,25.523,3.0,
1530,Rio_de_Janeiro,2016,2016-08-16,OLY,Rep,4,4,LEVY_Maximilian,GER,10004601723.0,29.1,32.266999999999996,31.877000000000002,1.0,
1531,Rio_de_Janeiro,2016,2016-08-16,OLY,Rep,4,5,SKINNER_Callum,GBR,10006898296.0,24.0,14.825999999999999,14.544,5.0,
1532,Rio_de_Janeiro,2016,2016-08-16,OLY,R2,1,1,KENNY_Jason,GBR,10004599194.0,28.4,30.816000000000003,31.105,1.0,
1533,Rio_de_Janeiro,2016,2016-08-16,OLY,R2,1,2,BÜCHLI_Matthijs,NED,10006900421.0,23.7,30.148,30.309,2.0,
1534,Rio_de_Janeiro,2016,2016-08-16,OLY,R2,1,3,AWANG_Mohd_Azizulhasni,MAS,10004868370.0,28.6,29.394,29.474,5.0,
1535,Rio_de_Janeiro,2016,2016-08-16,OLY,R2,1,4,GLAETZER_Matthew,AUS,10006894559.0,24.0,29.927999999999997,29.852,4.0,
1536,Rio_de_Janeiro,2016,2016-08-16,OLY,R2,1,5,VOLIKAKIS_Christos,GRE,10004633247.0,28.4,29.954,29.791,3.0,
1537,Rio_de_Janeiro,2016,2016-08-16,OLY,R2,1,6,D'ALMEIDA_Michael,FRA,10004618796.0,29.0,25.085,24.77,6.0,
1538,Rio_de_Janeiro,2016,2016-08-16,OLY,R2,2,1,EILERS_Joachim,GER,10006379247.0,26.4,31.805000000000003,32.238,2.0,
1539,Rio_de_Janeiro,2016,2016-08-16,OLY,R2,2,2,ZIELINSKI_Damian,POL,10002260888.0,34.7,27.876,30.619999999999997,5.0,
1540,Rio_de_Janeiro,2016,2016-08-16,OLY,R2,2,3,PUERTA_ZAPATA_Fabian_Hernando,COL,10006904360.0,25.1,31.044999999999998,31.156999999999996,3.0,
1541,Rio_de_Janeiro,2016,2016-08-16,OLY,R2,2,4,MAKSEL_Krzysztof,POL,10006902239.0,25.1,27.267,27.498,6.0,
1542,Rio_de_Janeiro,2016,2016-08-16,OLY,R2,2,5,PERVIS_Francois,FRA,10003011125.0,31.8,31.826999999999998,31.627999999999997,1.0,
1543,Rio_de_Janeiro,2016,2016-08-16,OLY,R2,2,6,WEBSTER_Sam,NZL,10006184742.0,25.1,29.066,28.338,4.0,
1544,Rio_de_Janeiro,2016,2016-08-16,OLY,Final,1,1,KENNY_Jason,GBR,10004599194.0,28.4,31.105,31.418,3.0,
1545,Rio_de_Janeiro,2016,2016-08-16,OLY,Final,1,2,BÜCHLI_Matthijs,NED,10006900421.0,23.7,30.309,30.509,5.0,
1546,Rio_de_Janeiro,2016,2016-08-16,OLY,Final,1,3,AWANG_Mohd_Azizulhasni,MAS,10004868370.0,28.6,29.474,29.603,6.0,
1547,Rio_de_Janeiro,2016,2016-08-16,OLY,Final,1,4,EILERS_Joachim,GER,10006379247.0,26.4,32.238,32.131,1.0,
1548,Rio_de_Janeiro,2016,2016-08-16,OLY,Final,1,5,PUERTA_ZAPATA_Fabian_Hernando,COL,10006904360.0,25.1,31.156999999999996,30.999000000000002,2.0,
1549,Rio_de_Janeiro,2016,2016-08-16,OLY,Final,1,6,ZIELINSKI_Damian,POL,10002260888.0,34.7,30.619999999999997,27.000999999999998,4.0,
1550,Rio_de_Janeiro,2016,2016-08-16,OLY,Final,2,1,WEBSTER_Sam,NZL,10006184742.0,25.1,28.338,29.233999999999998,4.0,
1551,Rio_de_Janeiro,2016,2016-08-16,OLY,Final,2,2,D'ALMEIDA_Michael,FRA,10004618796.0,29.0,24.77,25.432,6.0,
1552,Rio_de_Janeiro,2016,2016-08-16,OLY,Final,2,3,MAKSEL_Krzysztof,POL,10006902239.0,25.1,27.498,27.721,5.0,
1553,Rio_de_Janeiro,2016,2016-08-16,OLY,Final,2,4,GLAETZER_Matthew,AUS,10006894559.0,24.0,29.852,29.78,2.0,
1554,Rio_de_Janeiro,2016,2016-08-16,OLY,Final,2,5,PERVIS_Francois,FRA,10003011125.0,31.8,31.627999999999997,31.372,1.0,
1555,Rio_de_Janeiro,2016,2016-08-16,OLY,Final,2,6,VOLIKAKIS_Christos,GRE,10004633247.0,28.4,29.791,29.523,3.0,
1556,Glasgow,2017,2016-11-05,WC,R1,1,1,VYNOKUROV_Andrii,UKR,10002418415.0,34.2,23.549,23.918,2.0,
1557,Glasgow,2017,2016-11-05,WC,R1,1,2,KAWABATA_Tomoyuki,JPN,10008098470.0,31.7,24.487000000000002,24.342,1.0,
1558,Glasgow,2017,2016-11-05,WC,R1,1,3,LENDEL_Vasilijus,LTU,10009181234.0,21.6,20.826,20.854,3.0,
1559,Glasgow,2017,2016-11-05,WC,R1,1,4,CECI_Davide,ITA,10007508083.0,23.2,8.864,10.754999999999999,5.0,
1560,Glasgow,2017,2016-11-05,WC,R1,1,5,MULLEN_Eoin,IRL,10007782616.0,23.2,18.048000000000002,17.375999999999998,4.0,
1561,Glasgow,2017,2016-11-05,WC,R1,2,1,WILLIAMS_Zac,NZL,10008997641.0,21.3,25.771,27.148999999999997,1.0,
1562,Glasgow,2017,2016-11-05,WC,R1,2,2,SAHROM_Muhammad_Shah_Firdaus,MAS,10009150215.0,20.9,19.003,20.284000000000002,4.0,
1563,Glasgow,2017,2016-11-05,WC,R1,2,3,BROWNE_Kwesi,TTO,10009010876.0,22.8,22.035999999999998,22.375,3.0,
1564,Glasgow,2017,2016-11-05,WC,R1,2,4,OMELCHENKO_Sergii,AZE,10006319633.0,26.9,25.064,24.826,2.0,
1565,Glasgow,2017,2016-11-05,WC,R1,2,5,CLARKE_Thomas,AUS,10009009260.0,21.6,9.0,12.844,6.0,
1566,Glasgow,2017,2016-11-05,WC,R1,2,6,SZALONTAY_Sándor,HUN,10007073506.0,26.3,18.958,18.147,5.0,
1567,Glasgow,2017,2016-11-05,WC,R1,3,1,NITTA_Yudai,JPN,10005727327.0,30.8,23.191,24.152,3.0,
1568,Glasgow,2017,2016-11-05,WC,R1,3,2,JURCZYK_Marc,GER,10009178002.0,20.8,9.0,19.854,4.0,
1569,Glasgow,2017,2016-11-05,WC,R1,3,3,OLIVA_Lewis,GBR,10006898300.0,24.2,25.102,25.067,1.0,
1570,Glasgow,2017,2016-11-05,WC,R1,3,4,CECI_Francesco,ITA,10006073493.0,26.9,24.255000000000003,24.157,2.0,
1571,Glasgow,2017,2016-11-05,WC,R1,3,5,BI_Wenjun,CHN,10061258009.0,24.8,9.0,9.427999999999999,4.0,
1572,Glasgow,2017,2016-11-05,WC,R1,3,5,RAJKOWSKI_Patryk,POL,10009176281.0,20.7,9.0,9.425999999999998,1.0,
1573,Glasgow,2017,2016-11-05,WC,R1,4,1,VIGIER_Sébastien,FRA,10010678569.0,19.6,9.0,24.093000000000004,3.0,
1574,Glasgow,2017,2016-11-05,WC,R1,4,2,BÁBEK_Tomáš,CZE,10004612534.0,29.4,22.877,23.881,2.0,
1575,Glasgow,2017,2016-11-05,WC,R1,4,3,KANG_Shih_Feng,TPE,10010608447.0,19.4,9.0,18.784000000000002,3.0,
1576,Glasgow,2017,2016-11-05,WC,R1,4,4,TRUMAN_Joseph,GBR,10017950943.0,19.7,9.0,16.476999999999997,3.0,
1577,Glasgow,2017,2016-11-05,WC,R1,4,5,DUBCHENKO_Aleksandr,RUS,10007772108.0,21.7,9.0,14.178,3.0,
1578,Glasgow,2017,2016-11-05,WC,R1,4,6,PERALTA_Juan,ESP,10006552534.0,26.5,24.583,23.611,1.0,
1579,Glasgow,2017,2016-11-05,WC,Rep,1,1,LENDEL_Vasilijus,LTU,10009181234.0,21.6,20.854,21.417,1.0,
1580,Glasgow,2017,2016-11-05,WC,Rep,1,2,TRUMAN_Joseph,GBR,10017950943.0,19.7,16.476999999999997,17.862,3.0,
1581,Glasgow,2017,2016-11-05,WC,Rep,1,3,SZALONTAY_Sándor,HUN,10007073506.0,26.3,18.147,18.025,2.0,
1582,Glasgow,2017,2016-11-05,WC,Rep,1,4,BI_Wenjun,CHN,10061258009.0,24.8,9.427999999999999,7.981,4.0,
1583,Glasgow,2017,2016-11-05,WC,Rep,2,1,CLARKE_Thomas,AUS,10009009260.0,21.6,12.844,18.788,3.0,
1584,Glasgow,2017,2016-11-05,WC,Rep,2,2,BROWNE_Kwesi,TTO,10009010876.0,22.8,22.375,22.496000000000002,2.0,
1585,Glasgow,2017,2016-11-05,WC,Rep,2,3,CECI_Francesco,ITA,10006073493.0,26.9,24.157,23.997,1.0,
1586,Glasgow,2017,2016-11-05,WC,Rep,3,1,OLIVA_Lewis,GBR,10006898300.0,24.2,25.067,25.435,1.0,
1587,Glasgow,2017,2016-11-05,WC,Rep,3,2,PERALTA_Juan,ESP,10006552534.0,26.5,23.611,23.789,3.0,
1588,Glasgow,2017,2016-11-05,WC,Rep,3,3,MULLEN_Eoin,IRL,10007782616.0,23.2,17.375999999999998,17.831,4.0,
1589,Glasgow,2017,2016-11-05,WC,Rep,3,4,OMELCHENKO_Sergii,AZE,10006319633.0,26.9,24.826,24.29,2.0,
1590,Glasgow,2017,2016-11-05,WC,Rep,4,1,DUBCHENKO_Aleksandr,RUS,10007772108.0,21.7,14.178,18.930999999999997,2.0,
1591,Glasgow,2017,2016-11-05,WC,Rep,4,2,RAJKOWSKI_Patryk,POL,10009176281.0,20.7,9.425999999999998,14.524000000000001,4.0,
1592,Glasgow,2017,2016-11-05,WC,Rep,4,3,KANG_Shih_Feng,TPE,10010608447.0,19.4,18.784000000000002,16.594,1.0,
1593,Glasgow,2017,2016-11-05,WC,Rep,4,4,CECI_Davide,ITA,10007508083.0,23.2,10.754999999999999,10.394,3.0,
1594,Glasgow,2017,2016-11-05,WC,Final,1,1,BÁBEK_Tomáš,CZE,10004612534.0,29.4,23.881,24.971999999999998,3.0,
1595,Glasgow,2017,2016-11-05,WC,Final,1,2,LENDEL_Vasilijus,LTU,10009181234.0,21.6,21.417,22.088,4.0,
1596,Glasgow,2017,2016-11-05,WC,Final,1,3,OLIVA_Lewis,GBR,10006898300.0,24.2,25.435,25.466,1.0,
1597,Glasgow,2017,2016-11-05,WC,Final,1,4,NITTA_Yudai,JPN,10005727327.0,30.8,24.152,24.016,2.0,
1598,Glasgow,2017,2016-11-05,WC,Final,1,5,JURCZYK_Marc,GER,10009178002.0,20.8,19.854,18.651,5.0,
1599,Glasgow,2017,2016-11-05,WC,Final,1,6,DUBCHENKO_Aleksandr,RUS,10007772108.0,21.7,18.930999999999997,16.384,6.0,
1600,Glasgow,2017,2016-11-05,WC,Final,2,1,VYNOKUROV_Andrii,UKR,10002418415.0,34.2,23.918,24.438,4.0,
1601,Glasgow,2017,2016-11-05,WC,Final,2,2,SAHROM_Muhammad_Shah_Firdaus,MAS,10009150215.0,20.9,20.284000000000002,21.546,5.0,
1602,Glasgow,2017,2016-11-05,WC,Final,2,3,VIGIER_Sébastien,FRA,10010678569.0,19.6,24.093000000000004,23.971,3.0,
1603,Glasgow,2017,2016-11-05,WC,Final,2,4,WILLIAMS_Zac,NZL,10008997641.0,21.3,27.148999999999997,26.309,1.0,
1604,Glasgow,2017,2016-11-05,WC,Final,2,5,KAWABATA_Tomoyuki,JPN,10008098470.0,31.7,24.342,23.529,2.0,
1605,Glasgow,2017,2016-11-05,WC,Final,2,6,CLARKE_Thomas,AUS,10009009260.0,21.6,18.788,17.099,6.0,
1606,Apeldoorn,2017,2016-11-12,WC,R1,1,1,VYNOKUROV_Andrii,UKR,10002418415.0,34.2,24.438,24.899,3.0,
1607,Apeldoorn,2017,2016-11-12,WC,R1,1,2,HOOGLAND_Jeffrey,NED,10007379761.0,23.7,9.0,21.018,6.0,
1608,Apeldoorn,2017,2016-11-12,WC,R1,1,3,DUBCHENKO_Aleksandr,RUS,10007772108.0,21.7,16.384,19.375,5.0,
1609,Apeldoorn,2017,2016-11-12,WC,R1,1,4,OLIVA_Lewis,GBR,10006898300.0,24.2,25.466,25.374000000000002,2.0,
1610,Apeldoorn,2017,2016-11-12,WC,R1,1,5,CLARKE_Thomas,AUS,10009009260.0,21.6,17.099,18.093000000000004,4.0,
1611,Apeldoorn,2017,2016-11-12,WC,R1,1,6,VAN_VELTHOOVEN_Simon,NZL_,10005506954.0,27.9,28.802,28.250999999999998,1.0,
1612,Apeldoorn,2017,2016-11-12,WC,R1,2,1,BÁBEK_Tomáš,CZE,10004612534.0,29.4,24.971999999999998,25.668000000000003,1.0,
1613,Apeldoorn,2017,2016-11-12,WC,R1,2,2,SAHROM_Muhammad_Shah_Firdaus,MAS,10009150215.0,21.0,21.546,22.112,3.0,
1614,Apeldoorn,2017,2016-11-12,WC,R1,2,3,RAJKOWSKI_Patryk,POL,10009176281.0,20.7,14.524000000000001,17.34,5.0,
1615,Apeldoorn,2017,2016-11-12,WC,R1,2,4,BI_Wenjun,CHN,10061258009.0,24.8,7.981,12.804000000000002,6.0,
1616,Apeldoorn,2017,2016-11-12,WC,R1,2,5,KAWABATA_Tomoyuki,JPN,10008098470.0,31.8,23.529,22.149,2.0,
1617,Apeldoorn,2017,2016-11-12,WC,R1,2,6,MULLEN_Eoin,IRL,10007782616.0,23.3,17.831,17.39,4.0,
1618,Apeldoorn,2017,2016-11-12,WC,R1,3,1,TRUMAN_Joseph,GBR,10017950943.0,19.7,17.862,22.808999999999997,5.0,
1619,Apeldoorn,2017,2016-11-12,WC,R1,3,2,WÄCHTER_Tobias,GER,10036244537.0,28.3,28.360999999999997,28.419,1.0,
1620,Apeldoorn,2017,2016-11-12,WC,R1,3,3,BROWNE_Kwesi,TTO,10009010876.0,22.8,22.496000000000002,22.884,4.0,
1621,Apeldoorn,2017,2016-11-12,WC,R1,3,4,OMELCHENKO_Sergii,AZE,10006319633.0,27.0,24.29,24.206,2.0,
1622,Apeldoorn,2017,2016-11-12,WC,R1,3,5,NITTA_Yudai,JPN,10005727327.0,30.8,24.016,23.512,3.0,
1623,Apeldoorn,2017,2016-11-12,WC,R1,3,6,CECI_Davide,ITA,10007508083.0,23.2,10.394,10.245000000000001,6.0,
1624,Apeldoorn,2017,2016-11-12,WC,R1,4,1,LAFARGUE_Quentin,FRA,10005930724.0,26.0,24.785,25.752000000000002,1.0,
1625,Apeldoorn,2017,2016-11-12,WC,R1,4,2,PERALTA_Juan,ESP,10006552534.0,26.5,23.789,24.225,3.0,
1626,Apeldoorn,2017,2016-11-12,WC,R1,4,3,KANG_Shih_Feng,TPE,10010608447.0,19.4,16.594,19.189,6.0,
1627,Apeldoorn,2017,2016-11-12,WC,R1,4,4,LENDEL_Vasilijus,LTU,10009181234.0,21.6,22.088,22.101,4.0,
1628,Apeldoorn,2017,2016-11-12,WC,R1,4,5,SZALONTAY_Sándor,HUN,10007073506.0,26.4,18.025,18.173000000000002,5.0,
1629,Apeldoorn,2017,2016-11-12,WC,R1,4,6,CECI_Francesco,ITA,10006073493.0,26.9,23.997,23.721999999999998,2.0,
1630,Apeldoorn,2017,2016-11-12,WC,Rep,1,1,LENDEL_Vasilijus,LTU,10009181234.0,21.6,22.101,22.544,2.0,
1631,Apeldoorn,2017,2016-11-12,WC,Rep,1,2,MULLEN_Eoin,IRL,10007782616.0,23.3,17.39,17.980999999999998,4.0,
1632,Apeldoorn,2017,2016-11-12,WC,Rep,1,3,DUBCHENKO_Aleksandr,RUS,10007772108.0,21.7,19.375,19.266,3.0,
1633,Apeldoorn,2017,2016-11-12,WC,Rep,1,4,NITTA_Yudai,JPN,10005727327.0,30.8,23.512,22.829,1.0,
1634,Apeldoorn,2017,2016-11-12,WC,Rep,2,1,KAWABATA_Tomoyuki,JPN,10008098470.0,31.8,22.149,23.461,3.0,
1635,Apeldoorn,2017,2016-11-12,WC,Rep,2,2,OMELCHENKO_Sergii,AZE,10006319633.0,27.0,24.206,24.389,2.0,
1636,Apeldoorn,2017,2016-11-12,WC,Rep,2,3,RAJKOWSKI_Patryk,POL,10009176281.0,20.7,17.34,18.811,4.0,
1637,Apeldoorn,2017,2016-11-12,WC,Rep,2,4,VAN_VELTHOOVEN_Simon,NZL_,10005506954.0,27.9,28.250999999999998,27.827,1.0,
1638,Apeldoorn,2017,2016-11-12,WC,Rep,3,1,CECI_Francesco,ITA,10006073493.0,26.9,23.721999999999998,23.886,1.0,
1639,Apeldoorn,2017,2016-11-12,WC,Rep,3,2,CLARKE_Thomas,AUS,10009009260.0,21.6,18.093000000000004,19.205000000000002,3.0,
1640,Apeldoorn,2017,2016-11-12,WC,Rep,3,3,BROWNE_Kwesi,TTO,10009010876.0,22.8,22.884,22.54,2.0,
1641,Apeldoorn,2017,2016-11-12,WC,Rep,3,4,BI_Wenjun,CHN,10061258009.0,24.8,12.804000000000002,12.195,4.0,
1642,Apeldoorn,2017,2016-11-12,WC,Rep,4,1,OLIVA_Lewis,GBR,10006898300.0,24.2,25.374000000000002,25.557,1.0,
1643,Apeldoorn,2017,2016-11-12,WC,Rep,4,2,SZALONTAY_Sándor,HUN,10007073506.0,26.4,18.173000000000002,18.666,3.0,
1644,Apeldoorn,2017,2016-11-12,WC,Rep,4,3,KANG_Shih_Feng,TPE,10010608447.0,19.4,19.189,18.276,2.0,
1645,Apeldoorn,2017,2016-11-12,WC,Rep,4,4,CECI_Davide,ITA,10007508083.0,23.2,10.245000000000001,10.014000000000001,4.0,
1646,Apeldoorn,2017,2016-11-13,WC,Final,1,1,BÁBEK_Tomáš,CZE,10004612534.0,29.4,25.668000000000003,26.561,1.0,
1647,Apeldoorn,2017,2016-11-13,WC,Final,1,2,VYNOKUROV_Andrii,UKR,10002418415.0,34.3,24.899,25.172,3.0,
1648,Apeldoorn,2017,2016-11-13,WC,Final,1,3,PERALTA_Juan,ESP,10006552534.0,26.5,24.225,24.489,4.0,
1649,Apeldoorn,2017,2016-11-13,WC,Final,1,4,HOOGLAND_Jeffrey,NED,10007379761.0,23.7,21.018,21.423,6.0,
1650,Apeldoorn,2017,2016-11-13,WC,Final,1,5,LENDEL_Vasilijus,LTU,10009181234.0,21.6,22.544,22.487000000000002,5.0,
1651,Apeldoorn,2017,2016-11-13,WC,Final,1,6,OLIVA_Lewis,GBR,10006898300.0,24.2,25.557,25.087000000000003,2.0,
1652,Apeldoorn,2017,2016-11-13,WC,Final,2,1,LAFARGUE_Quentin,FRA,10005930724.0,26.0,25.752000000000002,26.757,2.0,
1653,Apeldoorn,2017,2016-11-13,WC,Final,2,2,SAHROM_Muhammad_Shah_Firdaus,MAS,10009150215.0,21.0,22.112,23.009999999999998,6.0,
1654,Apeldoorn,2017,2016-11-13,WC,Final,2,3,WÄCHTER_Tobias,GER,10036244537.0,28.3,28.419,28.363,1.0,
1655,Apeldoorn,2017,2016-11-13,WC,Final,2,4,TRUMAN_Joseph,GBR,10017950943.0,19.7,22.808999999999997,22.948999999999998,5.0,
1656,Apeldoorn,2017,2016-11-13,WC,Final,2,5,CECI_Francesco,ITA,10006073493.0,26.9,23.886,23.834000000000003,3.0,
1657,Apeldoorn,2017,2016-11-13,WC,Final,2,6,KAWABATA_Tomoyuki,JPN,10008098470.0,31.8,23.461,22.502,4.0,
1658,Cali,2017,2017-02-18,WC,R1,1,1,BÁBEK_Tomáš,CZE,10004612534.0,29.7,26.561,27.204,2.0,
1659,Cali,2017,2017-02-18,WC,R1,1,2,CLARKE_Thomas,AUS,10009009260.0,21.9,19.205000000000002,21.083000000000002,4.0,
1660,Cali,2017,2017-02-18,WC,R1,1,3,BARRETTE_Hugo,CAN,10007212639.0,25.6,25.904000000000003,25.895999999999997,3.0,
1661,Cali,2017,2017-02-18,WC,R1,1,4,IM_Chaebin,KOR,10007787464.0,25.3,27.054000000000002,26.641,1.0,
1662,Cali,2017,2017-02-18,WC,R1,1,5,LEWANDOWSKI_Michal,POL,10010641183.0,19.5,9.0,10.805000000000001,6.0,
1663,Cali,2017,2017-02-18,WC,R1,1,6,CECI_Davide,ITA,10007508083.0,23.5,10.014000000000001,9.701,5.0,
1664,Cali,2017,2017-02-18,WC,R1,2,1,VYNOKUROV_Andrii,UKR,10002418415.0,34.5,25.172,25.517,2.0,
1665,Cali,2017,2017-02-18,WC,R1,2,2,BROWNE_Kwesi,TTO,10009010876.0,23.0,22.54,23.084,3.0,
1666,Cali,2017,2017-02-18,WC,R1,2,3,SZALONTAY_Sándor,HUN,10007073506.0,26.6,18.666,19.468,5.0,
1667,Cali,2017,2017-02-18,WC,R1,2,4,SHURSHIN_Nikita,RUS,10007271546.0,23.9,29.45,29.002,1.0,
1668,Cali,2017,2017-02-18,WC,R1,2,5,DÖRNBACH_Maximilian,GER,10007779683.0,21.2,22.039,20.441,4.0,
1669,Cali,2017,2017-02-18,WC,R1,2,6,MULLEN_Eoin,IRL,10007782616.0,23.5,17.980999999999998,17.72,6.0,
1670,Cali,2017,2017-02-18,WC,R1,3,1,PERVIS_Francois,FRA,10003011125.0,32.3,31.372,31.634,1.0,
1671,Cali,2017,2017-02-18,WC,R1,3,2,WILLIAMS_Zac,NZL,10008997641.0,21.6,26.309,27.518,4.0,
1672,Cali,2017,2017-02-18,WC,R1,3,3,PUERTA_ZAPATA_Fabian_Hernando,COL,10006904360.0,25.6,30.999000000000002,30.972,2.0,
1673,Cali,2017,2017-02-18,WC,R1,3,4,PERKINS_Shane_Alan,RUS,10051694112.0,30.1,29.177,29.002,3.0,
1674,Cali,2017,2017-02-18,WC,R1,3,5,DUBCHENKO_Aleksandr,RUS,10007772108.0,22.0,19.266,19.969,6.0,
1675,Cali,2017,2017-02-18,WC,R1,3,6,OMELCHENKO_Sergii,AZE,10006319633.0,27.2,24.389,24.049,5.0,
1676,Cali,2017,2017-02-18,WC,R1,4,1,LENDEL_Vasilijus,LTU,10009181234.0,21.9,22.487000000000002,23.225,6.0,
1677,Cali,2017,2017-02-18,WC,R1,4,2,BALZER_Erik,ERD_,10006480186.0,25.6,23.19,24.134999999999998,3.0,
1678,Cali,2017,2017-02-18,WC,R1,4,3,PERALTA_Juan,ESP,10006552534.0,26.8,24.489,24.682,1.0,
1679,Cali,2017,2017-02-18,WC,R1,4,4,KAWABATA_Tomoyuki,JPN,10008098470.0,32.0,22.502,22.706000000000003,5.0,
1680,Cali,2017,2017-02-18,WC,R1,4,5,SAHROM_Muhammad_Shah_Firdaus,MAS,10009150215.0,21.2,23.009999999999998,22.884,4.0,
1681,Cali,2017,2017-02-18,WC,R1,4,6,KANG_Shih_Feng,TPE,10010608447.0,19.6,18.276,18.255,7.0,
1682,Cali,2017,2017-02-18,WC,R1,4,7,CECI_Francesco,ITA,10006073493.0,27.2,23.834000000000003,23.575999999999997,2.0,
1683,Cali,2017,2017-02-18,WC,Rep,1,1,KAWABATA_Tomoyuki,JPN,10008098470.0,32.0,22.706000000000003,23.494,2.0,
1684,Cali,2017,2017-02-18,WC,Rep,1,2,DUBCHENKO_Aleksandr,RUS,10007772108.0,22.0,19.969,20.826999999999998,3.0,
1685,Cali,2017,2017-02-18,WC,Rep,1,3,BARRETTE_Hugo,CAN,10007212639.0,25.6,25.895999999999997,25.678,1.0,
1686,Cali,2017,2017-02-18,WC,Rep,1,9,MULLEN_Eoin,IRL,10007782616.0,23.5,17.72,17.55,4.0,
1687,Cali,2017,2017-02-18,WC,Rep,2,1,PERKINS_Shane_Alan,RUS,10051694112.0,30.1,29.002,29.163,1.0,
1688,Cali,2017,2017-02-18,WC,Rep,2,2,SAHROM_Muhammad_Shah_Firdaus,MAS,10009150215.0,21.2,22.884,23.035,2.0,
1689,Cali,2017,2017-02-18,WC,Rep,2,3,SZALONTAY_Sándor,HUN,10007073506.0,26.6,19.468,19.377000000000002,3.0,
1690,Cali,2017,2017-02-18,WC,Rep,2,4,CECI_Davide,ITA,10007508083.0,23.5,9.701,9.568,4.0,
1691,Cali,2017,2017-02-18,WC,Rep,3,1,PUERTA_ZAPATA_Fabian_Hernando,COL,10006904360.0,25.6,30.972,31.078999999999997,1.0,
1692,Cali,2017,2017-02-18,WC,Rep,3,2,LEWANDOWSKI_Michal,POL,10010641183.0,19.5,10.805000000000001,18.135,4.0,
1693,Cali,2017,2017-02-18,WC,Rep,3,3,KANG_Shih_Feng,TPE,10010608447.0,19.6,18.255,19.278999999999996,3.0,
1694,Cali,2017,2017-02-18,WC,Rep,3,4,SHURSHIN_Nikita,RUS,10007271546.0,23.9,29.002,28.445999999999998,2.0,
1695,Cali,2017,2017-02-18,WC,Rep,4,1,DÖRNBACH_Maximilian,GER,10007779683.0,21.2,20.441,23.375999999999998,5.0,
1696,Cali,2017,2017-02-18,WC,Rep,4,2,OMELCHENKO_Sergii,AZE,10006319633.0,27.2,24.049,24.34,3.0,
1697,Cali,2017,2017-02-18,WC,Rep,4,3,PERALTA_Juan,ESP,10006552534.0,26.8,24.682,24.746,2.0,
1698,Cali,2017,2017-02-18,WC,Rep,4,4,CECI_Francesco,ITA,10006073493.0,27.2,23.575999999999997,23.56,4.0,
1699,Cali,2017,2017-02-18,WC,Rep,4,5,IM_Chaebin,KOR,10007787464.0,25.3,26.641,26.025000000000002,1.0,
1700,Cali,2017,2017-02-18,WC,Final,1,1,PUERTA_ZAPATA_Fabian_Hernando,COL,10006904360.0,25.6,31.078999999999997,31.343,2.0,
1701,Cali,2017,2017-02-18,WC,Final,1,2,PERVIS_Francois,FRA,10003011125.0,32.3,31.634,31.701999999999998,1.0,
1702,Cali,2017,2017-02-18,WC,Final,1,3,BÁBEK_Tomáš,CZE,10004612534.0,29.7,27.204,27.459,4.0,
1703,Cali,2017,2017-02-18,WC,Final,1,4,KAWABATA_Tomoyuki,JPN,10008098470.0,32.0,23.494,23.874000000000002,5.0,
1704,Cali,2017,2017-02-18,WC,Final,1,5,BROWNE_Kwesi,TTO,10009010876.0,23.0,23.084,23.174,6.0,
1705,Cali,2017,2017-02-18,WC,Final,1,6,PERKINS_Shane_Alan,RUS,10051694112.0,30.1,29.163,28.515,3.0,
1706,Cali,2017,2017-02-18,WC,Final,2,1,LENDEL_Vasilijus,LTU,10009181234.0,21.9,23.225,23.923000000000002,5.0,
1707,Cali,2017,2017-02-18,WC,Final,2,2,VYNOKUROV_Andrii,UKR,10002418415.0,34.5,25.517,25.744999999999997,2.0,
1708,Cali,2017,2017-02-18,WC,Final,2,3,DÖRNBACH_Maximilian,GER,10007779683.0,21.2,23.375999999999998,24.071,4.0,
1709,Cali,2017,2017-02-18,WC,Final,2,4,WILLIAMS_Zac,NZL,10008997641.0,21.6,27.518,26.894000000000002,1.0,
1710,Cali,2017,2017-02-18,WC,Final,2,5,CLARKE_Thomas,AUS,10009009260.0,21.9,21.083000000000002,21.124,6.0,
1711,Cali,2017,2017-02-18,WC,Final,2,6,BALZER_Erik,GER_,10006480186.0,25.6,24.134999999999998,23.085,3.0,
1712,Los_Angeles,2017,2017-02-26,WC,R1,1,1,PERVIS_Francois,FRA,10003011125.0,32.4,31.701999999999998,31.872000000000003,1.0,
1713,Los_Angeles,2017,2017-02-26,WC,R1,1,2,SAHROM_Muhammad_Shah_Firdaus,MAS,10009150215.0,21.3,23.035,23.796,5.0,
1714,Los_Angeles,2017,2017-02-26,WC,R1,1,3,SHURSHIN_Nikita,RUS,10007271546.0,23.9,28.445999999999998,28.445999999999998,2.0,
1715,Los_Angeles,2017,2017-02-26,WC,R1,1,4,MORENO_SANCHEZ_Jose,ESP,10007502427.0,23.3,22.990000000000002,23.355999999999998,6.0,
1716,Los_Angeles,2017,2017-02-26,WC,R1,1,5,VYNOKUROV_Andrii,UKR,10002418415.0,34.5,25.744999999999997,25.628,4.0,
1717,Los_Angeles,2017,2017-02-26,WC,R1,1,6,IM_Chaebin,KOR,10007787464.0,25.3,26.025000000000002,25.517,3.0,
1718,Los_Angeles,2017,2017-02-26,WC,R1,2,1,PUERTA_ZAPATA_Fabian_Hernando,COL,10006904360.0,25.6,31.343,31.497,1.0,
1719,Los_Angeles,2017,2017-02-26,WC,R1,2,2,BARRETTE_Hugo,CAN,10007212639.0,25.7,25.678,25.919999999999998,2.0,
1720,Los_Angeles,2017,2017-02-26,WC,R1,2,3,CLARKE_Thomas,AUS,10009009260.0,21.9,21.124,22.023999999999997,5.0,
1721,Los_Angeles,2017,2017-02-26,WC,R1,2,4,SARNECKI_Rafal,POL,10005953154.0,27.1,22.073,22.364,4.0,
1722,Los_Angeles,2017,2017-02-26,WC,R1,2,5,SZALONTAY_Sándor,HUN,10007073506.0,26.7,19.377000000000002,19.634,7.0,
1723,Los_Angeles,2017,2017-02-26,WC,R1,2,6,DUBCHENKO_Aleksandr,RUS,10007772108.0,22.0,20.826999999999998,20.432,6.0,
1724,Los_Angeles,2017,2017-02-26,WC,R1,2,7,CECI_Francesco,ITA,10006073493.0,27.2,23.56,23.315,3.0,
1725,Los_Angeles,2017,2017-02-26,WC,R1,3,1,OLIVA_Lewis,GBR,10006898300.0,24.5,25.087000000000003,25.408,1.0,
1726,Los_Angeles,2017,2017-02-26,WC,R1,3,2,BROWNE_Kwesi,TTO,10009010876.0,23.1,23.174,23.41,3.0,
1727,Los_Angeles,2017,2017-02-26,WC,R1,3,3,CECI_Davide,ITA,10007508083.0,23.5,9.568,12.059000000000001,5.0,
1728,Los_Angeles,2017,2017-02-26,WC,R1,3,4,SUOZZI_Dominic,USA,10009728373.0,19.9,9.0,14.532000000000002,6.0,
1729,Los_Angeles,2017,2017-02-26,WC,R1,3,5,OMELCHENKO_Sergii,AZE,10006319633.0,27.2,24.34,23.965,2.0,
1730,Los_Angeles,2017,2017-02-26,WC,R1,3,6,NITTA_Yudai,JPN,10005727327.0,31.1,22.829,22.09,4.0,
1731,Los_Angeles,2017,2017-02-26,WC,R1,4,1,WEBSTER_Sam,NZL,10006184742.0,25.6,29.233999999999998,29.709,1.0,
1732,Los_Angeles,2017,2017-02-26,WC,R1,4,2,LENDEL_Vasilijus,LTU,10009181234.0,21.9,23.923000000000002,24.323,4.0,
1733,Los_Angeles,2017,2017-02-26,WC,R1,4,3,KANG_Shih_Feng,TPE,10010608447.0,19.7,19.278999999999996,20.560000000000002,5.0,
1734,Los_Angeles,2017,2017-02-26,WC,R1,4,4,KELEMEN_Pavel,CZE,10006422895.0,25.8,28.106,27.842,2.0,
1735,Los_Angeles,2017,2017-02-26,WC,R1,4,5,WATANABE_Kazunari,JPN,10003349716.0,31.8,25.495,25.324,3.0,
1736,Los_Angeles,2017,2017-02-26,WC,R1,4,6,MULLEN_Eoin,IRL,10007782616.0,23.6,17.55,17.366,6.0,
1737,Los_Angeles,2017,2017-02-26,WC,Rep,1,1,OMELCHENKO_Sergii,AZE,10006319633.0,27.2,23.965,24.417,3.0,
1738,Los_Angeles,2017,2017-02-26,WC,Rep,1,2,KELEMEN_Pavel,CZE,10006422895.0,25.8,27.842,27.84,2.0,
1739,Los_Angeles,2017,2017-02-26,WC,Rep,1,3,DUBCHENKO_Aleksandr,RUS,10007772108.0,22.0,20.432,20.972,4.0,
1740,Los_Angeles,2017,2017-02-26,WC,Rep,1,4,SHURSHIN_Nikita,RUS,10007271546.0,23.9,28.445999999999998,27.99,1.0,
1741,Los_Angeles,2017,2017-02-26,WC,Rep,2,1,IM_Chaebin,KOR,10007787464.0,25.3,25.517,25.825,1.0,
1742,Los_Angeles,2017,2017-02-26,WC,Rep,2,2,CLARKE_Thomas,AUS,10009009260.0,21.9,22.023999999999997,22.354,2.0,
1743,Los_Angeles,2017,2017-02-26,WC,Rep,2,3,SUOZZI_Dominic,USA,10009728373.0,19.9,14.532000000000002,16.067999999999998,4.0,
1744,Los_Angeles,2017,2017-02-26,WC,Rep,2,4,SZALONTAY_Sándor,HUN,10007073506.0,26.7,19.634,19.269,3.0,
1745,Los_Angeles,2017,2017-02-26,WC,Rep,3,1,VYNOKUROV_Andrii,UKR,10002418415.0,34.5,25.628,25.782,1.0,
1746,Los_Angeles,2017,2017-02-26,WC,Rep,3,2,SARNECKI_Rafal,POL,10005953154.0,27.1,22.364,22.349999999999998,2.0,
1747,Los_Angeles,2017,2017-02-26,WC,Rep,3,3,CECI_Davide,ITA,10007508083.0,23.5,12.059000000000001,12.838999999999999,4.0,
1748,Los_Angeles,2017,2017-02-26,WC,Rep,3,4,MULLEN_Eoin,IRL,10007782616.0,23.6,17.366,16.995,3.0,
1749,Los_Angeles,2017,2017-02-26,WC,Rep,4,1,WATANABE_Kazunari,JPN,10003349716.0,31.8,25.324,25.544,1.0,
1750,Los_Angeles,2017,2017-02-26,WC,Rep,4,2,KANG_Shih_Feng,TPE,10010608447.0,19.7,20.560000000000002,21.517,5.0,
1751,Los_Angeles,2017,2017-02-26,WC,Rep,4,3,MORENO_SANCHEZ_Jose,ESP,10007502427.0,23.3,23.355999999999998,23.378,2.0,
1752,Los_Angeles,2017,2017-02-26,WC,Rep,4,4,CECI_Francesco,ITA,10006073493.0,27.2,23.315,23.253,3.0,
1753,Los_Angeles,2017,2017-02-26,WC,Rep,4,5,NITTA_Yudai,JPN,10005727327.0,31.1,22.09,21.634999999999998,4.0,
1754,Los_Angeles,2017,2017-02-26,WC,Final,1,1,PUERTA_ZAPATA_Fabian_Hernando,COL,10006904360.0,25.6,31.497,31.686000000000003,2.0,
1755,Los_Angeles,2017,2017-02-26,WC,Final,1,2,BARRETTE_Hugo,CAN,10007212639.0,25.7,25.919999999999998,26.222,3.0,
1756,Los_Angeles,2017,2017-02-26,WC,Final,1,3,SAHROM_Muhammad_Shah_Firdaus,MAS,10009150215.0,21.3,23.796,24.246,6.0,
1757,Los_Angeles,2017,2017-02-26,WC,Final,1,4,OLIVA_Lewis,GBR,10006898300.0,24.5,25.408,25.493000000000002,5.0,
1758,Los_Angeles,2017,2017-02-26,WC,Final,1,5,PERVIS_Francois,FRA,10003011125.0,32.4,31.872000000000003,31.537,1.0,
1759,Los_Angeles,2017,2017-02-26,WC,Final,1,6,WATANABE_Kazunari,JPN,10003349716.0,31.8,25.544,25.355,4.0,
1760,Los_Angeles,2017,2017-02-26,WC,Final,2,1,VYNOKUROV_Andrii,UKR,10002418415.0,34.5,25.782,26.147,3.0,
1761,Los_Angeles,2017,2017-02-26,WC,Final,2,2,LENDEL_Vasilijus,LTU,10009181234.0,21.9,24.323,24.716,5.0,
1762,Los_Angeles,2017,2017-02-26,WC,Final,2,3,OMELCHENKO_Sergii,AZE,10006319633.0,27.2,24.417,24.625,4.0,
1763,Los_Angeles,2017,2017-02-26,WC,Final,2,4,WEBSTER_Sam,NZL,10006184742.0,25.6,29.709,29.209000000000003,1.0,
1764,Los_Angeles,2017,2017-02-26,WC,Final,2,5,IM_Chaebin,KOR,10007787464.0,25.3,25.825,25.599,2.0,
1765,Los_Angeles,2017,2017-02-26,WC,Final,2,6,BROWNE_Kwesi,TTO,10009010876.0,23.1,23.41,23.02,6.0,
1766,Hong_Kong,2017,2017-04-13,WCH,R1,1,1,GLAETZER_Matthew,AUS,10006894559.0,24.6,29.78,30.198000000000004,3.0,
1767,Hong_Kong,2017,2017-04-13,WCH,R1,1,2,PERVIS_Francois,FRA,10003011125.0,32.5,31.537,31.649,2.0,
1768,Hong_Kong,2017,2017-04-13,WCH,R1,1,3,OLIVA_Lewis,GBR,10006898300.0,24.6,25.493000000000002,25.866,7.0,
1769,Hong_Kong,2017,2017-04-13,WCH,R1,1,4,EILERS_Joachim,GER,10006379247.0,27.0,32.131,31.976,1.0,
1770,Hong_Kong,2017,2017-04-13,WCH,R1,1,5,BARRETTE_Hugo,CAN,10007212639.0,25.8,26.222,26.267,5.0,
1771,Hong_Kong,2017,2017-04-13,WCH,R1,1,6,WILLIAMS_Zac,NZL,10008997641.0,21.7,26.894000000000002,26.369,4.0,
1772,Hong_Kong,2017,2017-04-13,WCH,R1,1,7,RAMIREZ_MORALES_Santiago,COL,10009039774.0,22.7,25.812,24.525000000000002,6.0,
1773,Hong_Kong,2017,2017-04-13,WCH,R1,2,1,DAWKINS_Edward,NZL,10005782695.0,27.8,29.994,30.249000000000002,1.0,
1774,Hong_Kong,2017,2017-04-13,WCH,R1,2,2,BÁBEK_Tomáš,CZE,10004612534.0,29.9,27.459,27.841,2.0,
1775,Hong_Kong,2017,2017-04-13,WCH,R1,2,3,KANG_Shih_Feng,TPE,10010608447.0,19.8,21.517,22.509,7.0,
1776,Hong_Kong,2017,2017-04-13,WCH,R1,2,4,DÖRNBACH_Maximilian,GER,10007779683.0,21.3,24.071,24.302999999999997,4.0,
1777,Hong_Kong,2017,2017-04-13,WCH,R1,2,5,KAWABATA_Tomoyuki,JPN,10008098470.0,32.2,23.874000000000002,23.831999999999997,5.0,
1778,Hong_Kong,2017,2017-04-13,WCH,R1,2,6,CECI_Francesco,ITA,10006073493.0,27.3,23.253,23.195,6.0,
1779,Hong_Kong,2017,2017-04-13,WCH,R1,2,7,LENDEL_Vasilijus,LTU,10009181234.0,22.0,24.716,24.277,3.0,
1780,Hong_Kong,2017,2017-04-13,WCH,R1,3,1,PUERTA_ZAPATA_Fabian_Hernando,COL,10006904360.0,25.8,31.686000000000003,31.877000000000002,1.0,
1781,Hong_Kong,2017,2017-04-13,WCH,R1,3,2,AWANG_Mohd_Azizulhasni,MAS,10004868370.0,29.3,29.603,29.695999999999998,2.0,
1782,Hong_Kong,2017,2017-04-13,WCH,R1,3,3,WAKIMOTO_Yuta,JPN,10005964470.0,28.1,24.692,24.911,4.0,
1783,Hong_Kong,2017,2017-04-13,WCH,R1,3,4,BROWNE_Kwesi,TTO,10009010876.0,23.2,23.02,23.266000000000002,6.0,
1784,Hong_Kong,2017,2017-04-13,WCH,R1,3,5,LAFARGUE_Quentin,FRA,10005930724.0,26.4,26.757,26.266,3.0,
1785,Hong_Kong,2017,2017-04-13,WCH,R1,3,6,OMELCHENKO_Sergii,AZE,10006319633.0,27.4,24.625,24.387,5.0,
1786,Hong_Kong,2017,2017-04-13,WCH,R1,3,7,SOJKA_David,CZE,10008950858.0,23.1,9.0,5.744999999999999,7.0,
1787,Hong_Kong,2017,2017-04-13,WCH,R1,4,1,WEBSTER_Sam,NZL,10006184742.0,25.7,29.209000000000003,29.769999999999996,1.0,
1788,Hong_Kong,2017,2017-04-13,WCH,R1,4,2,TRUMAN_Joseph,GBR,10017950943.0,20.2,22.948999999999998,24.787999999999997,5.0,
1789,Hong_Kong,2017,2017-04-13,WCH,R1,4,3,SAHROM_Muhammad_Shah_Firdaus,MAS,10009150215.0,21.4,24.246,24.615000000000002,4.0,
1790,Hong_Kong,2017,2017-04-13,WCH,R1,4,4,VYNOKUROV_Andrii,UKR,10002418415.0,34.7,26.147,26.166,3.0,
1791,Hong_Kong,2017,2017-04-13,WCH,R1,4,5,JURCZYK_Marc,GER,10009178002.0,21.2,18.651,19.970000000000002,7.0,
1792,Hong_Kong,2017,2017-04-13,WCH,R1,4,6,KELEMEN_Pavel,CZE,10006422895.0,25.9,27.84,27.457,2.0,
1793,Hong_Kong,2017,2017-04-13,WCH,R1,4,7,NITTA_Yudai,JPN,10005727327.0,31.2,21.634999999999998,21.270000000000003,6.0,
1794,Hong_Kong,2017,2017-04-13,WCH,Rep,1,1,VYNOKUROV_Andrii,UKR,10002418415.0,34.7,26.166,26.479,2.0,
1795,Hong_Kong,2017,2017-04-13,WCH,Rep,1,2,LAFARGUE_Quentin,FRA,10005930724.0,26.4,26.266,26.582,1.0,
1796,Hong_Kong,2017,2017-04-13,WCH,Rep,1,3,RAMIREZ_MORALES_Santiago,COL,10009039774.0,22.7,24.525000000000002,24.707,4.0,
1797,Hong_Kong,2017,2017-04-13,WCH,Rep,1,4,OLIVA_Lewis,GBR,10006898300.0,24.6,25.866,25.724,3.0,
1798,Hong_Kong,2017,2017-04-13,WCH,Rep,1,5,CECI_Francesco,ITA,10006073493.0,27.3,23.195,23.066000000000003,5.0,
1799,Hong_Kong,2017,2017-04-13,WCH,Rep,2,1,JURCZYK_Marc,GER,10009178002.0,21.2,19.970000000000002,22.666,4.0,
1800,Hong_Kong,2017,2017-04-13,WCH,Rep,2,2,KAWABATA_Tomoyuki,JPN,10008098470.0,32.2,23.831999999999997,24.196,2.0,
1801,Hong_Kong,2017,2017-04-13,WCH,Rep,2,3,WILLIAMS_Zac,NZL,10008997641.0,21.7,26.369,26.011,1.0,
1802,Hong_Kong,2017,2017-04-13,WCH,Rep,2,4,KANG_Shih_Feng,TPE,10010608447.0,19.8,22.509,22.147000000000002,3.0,
1803,Hong_Kong,2017,2017-04-13,WCH,Rep,2,5,SOJKA_David,CZE,10008950858.0,23.1,5.744999999999999,5.344999999999999,5.0,
1804,Hong_Kong,2017,2017-04-13,WCH,Rep,3,1,KELEMEN_Pavel,CZE,10006422895.0,25.9,27.457,27.782999999999998,1.0,
1805,Hong_Kong,2017,2017-04-13,WCH,Rep,3,2,DÖRNBACH_Maximilian,GER,10007779683.0,21.3,24.302999999999997,25.03,4.0,
1806,Hong_Kong,2017,2017-04-13,WCH,Rep,3,3,BROWNE_Kwesi,TTO,10009010876.0,23.2,23.266000000000002,23.486,5.0,
1807,Hong_Kong,2017,2017-04-13,WCH,Rep,3,4,BARRETTE_Hugo,CAN,10007212639.0,25.8,26.267,26.131999999999998,2.0,
1808,Hong_Kong,2017,2017-04-13,WCH,Rep,3,5,WAKIMOTO_Yuta,JPN,10005964470.0,28.1,24.911,24.651,3.0,
1809,Hong_Kong,2017,2017-04-13,WCH,Rep,4,1,EILERS_Joachim,GER,10006379247.0,27.0,31.976,32.106,1.0,
1810,Hong_Kong,2017,2017-04-13,WCH,Rep,4,2,SAHROM_Muhammad_Shah_Firdaus,MAS,10009150215.0,21.4,24.615000000000002,24.964,2.0,
1811,Hong_Kong,2017,2017-04-13,WCH,Rep,4,3,OMELCHENKO_Sergii,AZE,10006319633.0,27.4,24.387,24.466,3.0,
1812,Hong_Kong,2017,2017-04-13,WCH,Rep,4,4,LENDEL_Vasilijus,LTU,10009181234.0,22.0,24.277,24.159999999999997,4.0,
1813,Hong_Kong,2017,2017-04-13,WCH,Rep,4,5,NITTA_Yudai,JPN,10005727327.0,31.2,21.270000000000003,20.974,5.0,
1814,Hong_Kong,2017,2017-04-13,WCH,Final,1,1,AWANG_Mohd_Azizulhasni,MAS,10004868370.0,29.3,29.695999999999998,29.975,3.0,
1815,Hong_Kong,2017,2017-04-13,WCH,Final,1,2,PUERTA_ZAPATA_Fabian_Hernando,COL,10006904360.0,25.8,31.877000000000002,31.954,1.0,
1816,Hong_Kong,2017,2017-04-13,WCH,Final,1,3,BÁBEK_Tomáš,CZE,10004612534.0,29.9,27.841,28.11,4.0,
1817,Hong_Kong,2017,2017-04-13,WCH,Final,1,4,GLAETZER_Matthew,AUS,10006894559.0,24.6,30.198000000000004,30.094,2.0,
1818,Hong_Kong,2017,2017-04-13,WCH,Final,1,5,KELEMEN_Pavel,CZE,10006422895.0,25.9,27.782999999999998,27.637999999999998,5.0,
1819,Hong_Kong,2017,2017-04-13,WCH,Final,1,6,JURCZYK_Marc,GER,10009178002.0,21.2,22.666,21.758,6.0,
1820,Hong_Kong,2017,2017-04-13,WCH,Final,2,1,EILERS_Joachim,GER,10006379247.0,27.0,32.106,32.379999999999995,1.0,
1821,Hong_Kong,2017,2017-04-13,WCH,Final,2,2,TRUMAN_Joseph,GBR,10017950943.0,20.2,24.787999999999997,26.509,6.0,
1822,Hong_Kong,2017,2017-04-13,WCH,Final,2,3,VYNOKUROV_Andrii,UKR,10002418415.0,34.7,26.479,26.71,5.0,
1823,Hong_Kong,2017,2017-04-13,WCH,Final,2,4,PERVIS_Francois,FRA,10003011125.0,32.5,31.649,31.547000000000004,2.0,
1824,Hong_Kong,2017,2017-04-13,WCH,Final,2,5,WEBSTER_Sam,NZL,10006184742.0,25.7,29.769999999999996,29.456,4.0,
1825,Hong_Kong,2017,2017-04-13,WCH,Final,2,6,DAWKINS_Edward,NZL,10005782695.0,27.8,30.249000000000002,29.935,3.0,
1826,Pruszkow,2018,2017-11-04,WC,R1,1,1,RAJKOWSKI_Patryk,POL,10009176281.0,21.7,18.811,21.403,3.0,
1827,Pruszkow,2018,2017-11-04,WC,R1,1,2,OLIVA_Lewis,GBR,10006898300.0,25.2,25.724,25.771,1.0,
1828,Pruszkow,2018,2017-11-04,WC,R1,1,3,WATANABE_Kazunari,JPN,10003349716.0,32.5,25.355,25.271,2.0,
1829,Pruszkow,2018,2017-11-04,WC,R1,1,4,BRETAS_Sotirios,GRE,10006063086.0,27.6,9.0,11.068999999999999,4.0,
1830,Pruszkow,2018,2017-11-04,WC,R1,1,5,DE_PAUW_Ayrton,BEL,10010778704.0,19.6,9.0,4.038,4.0,
1831,Pruszkow,2018,2017-11-04,WC,R1,2,1,WAKIMOTO_Yuta,JPN,10005964470.0,28.6,24.651,25.029,2.0,
1832,Pruszkow,2018,2017-11-04,WC,R1,2,2,GLAETZER_Matthew,AUS,10006894559.0,25.2,30.094,30.026000000000003,1.0,
1833,Pruszkow,2018,2017-11-04,WC,R1,2,3,CARLIN_Jack,GBR,10009967641.0,20.5,9.0,17.713,5.0,
1834,Pruszkow,2018,2017-11-04,WC,R1,2,4,LENDEL_Vasilijus,LTU,10009181234.0,22.6,24.159999999999997,24.007,3.0,
1835,Pruszkow,2018,2017-11-04,WC,R1,2,5,BOTTASSO_Leandro,ARG,10010894696.0,31.5,18.03,17.786,4.0,
1836,Pruszkow,2018,2017-11-04,WC,R1,3,1,NITTA_Yudai,JPN,10005727327.0,31.8,20.974,21.756,4.0,
1837,Pruszkow,2018,2017-11-04,WC,R1,3,2,LAVREYSEN_Harrie,NED,10009535686.0,20.6,9.0,19.939,5.0,
1838,Pruszkow,2018,2017-11-04,WC,R1,3,3,PERALTA_Juan,ESP,10006552534.0,27.5,24.746,24.775,2.0,
1839,Pruszkow,2018,2017-11-04,WC,R1,3,4,SAHROM_Muhammad_Shah_Firdaus,MAS,10009150215.0,21.9,24.964,24.774,1.0,
1840,Pruszkow,2018,2017-11-04,WC,R1,3,5,OMELCHENKO_Sergii,AZE,10006319633.0,27.9,24.466,24.171,3.0,
1841,Pruszkow,2018,2017-11-04,WC,R1,4,1,EILERS_Joachim,GER,10006379247.0,27.6,32.379999999999995,32.577000000000005,1.0,
1842,Pruszkow,2018,2017-11-04,WC,R1,4,2,PUERTA_ZAPATA_Fabian_Hernando,COL,10006904360.0,26.3,31.954,31.948,2.0,
1843,Pruszkow,2018,2017-11-04,WC,R1,4,3,VIGIER_Sébastien,FRA,10010678569.0,20.5,23.971,23.895,3.0,
1844,Pruszkow,2018,2017-11-04,WC,R1,4,4,CECI_Davide,ITA,10007508083.0,24.2,12.838999999999999,13.902,5.0,
1845,Pruszkow,2018,2017-11-04,WC,R1,4,5,KANG_Shih_Feng,TPE,10010608447.0,20.3,22.147000000000002,21.355,4.0,
1846,Pruszkow,2018,2017-11-04,WC,R1,5,1,VYNOKUROV_Andrii,UKR,10002418415.0,35.2,26.71,26.974999999999998,2.0,
1847,Pruszkow,2018,2017-11-04,WC,R1,5,2,DAWKINS_Edward,NZL,10005782695.0,28.3,29.935,29.892,1.0,
1848,Pruszkow,2018,2017-11-04,WC,R1,5,3,NOVIK_Uladzislau,BLR,10009049979.0,22.6,19.094,20.269,4.0,
1849,Pruszkow,2018,2017-11-04,WC,R1,5,4,DÖRNBACH_Maximilian,GER,10007779683.0,21.9,25.03,24.244,3.0,
1850,Pruszkow,2018,2017-11-04,WC,R1,5,5,CECI_Luca,ITA,10006108051.0,28.8,7.316,7.221000000000001,5.0,
1851,Pruszkow,2018,2017-11-04,WC,R1,6,1,BÜCHLI_Matthijs,NED,10006900421.0,24.9,30.509,30.683999999999997,1.0,
1852,Pruszkow,2018,2017-11-04,WC,R1,6,2,BÁBEK_Tomáš,CZE,10004612534.0,30.4,28.11,28.296,3.0,
1853,Pruszkow,2018,2017-11-04,WC,R1,6,3,DUBCHENKO_Aleksandr,RUS,10007772108.0,22.7,20.972,21.746000000000002,4.0,
1854,Pruszkow,2018,2017-11-04,WC,R1,6,4,AWANG_Mohd_Azizulhasni,MAS,10004868370.0,29.8,29.975,29.752,2.0,
1855,Pruszkow,2018,2017-11-04,WC,R1,6,5,DANESHVARKHOURRAM_Mohammad,IRI,10007828082.0,23.9,17.961,17.441,5.0,
1856,Pruszkow,2018,2017-11-04,WC,Rep,1,1,DÖRNBACH_Maximilian,GER,10007779683.0,21.9,24.244,25.099,2.0,
1857,Pruszkow,2018,2017-11-04,WC,Rep,1,2,OLIVA_Lewis,GBR,10006898300.0,25.2,25.771,25.823,1.0,
1858,Pruszkow,2018,2017-11-04,WC,Rep,1,3,KANG_Shih_Feng,TPE,10010608447.0,20.3,21.355,21.461,4.0,
1859,Pruszkow,2018,2017-11-04,WC,Rep,1,4,DUBCHENKO_Aleksandr,RUS,10007772108.0,22.7,21.746000000000002,21.215,3.0,
1860,Pruszkow,2018,2017-11-04,WC,Rep,2,1,GLAETZER_Matthew,AUS,10006894559.0,25.2,30.026000000000003,30.086,1.0,
1861,Pruszkow,2018,2017-11-04,WC,Rep,2,2,CECI_Davide,ITA,10007508083.0,24.2,13.902,15.297,4.0,
1862,Pruszkow,2018,2017-11-04,WC,Rep,2,3,OMELCHENKO_Sergii,AZE,10006319633.0,27.9,24.171,24.009,2.0,
1863,Pruszkow,2018,2017-11-04,WC,Rep,2,4,NOVIK_Uladzislau,BLR,10009049979.0,22.6,20.269,19.126,3.0,
1864,Pruszkow,2018,2017-11-04,WC,Rep,3,1,VIGIER_Sébastien,FRA,10010678569.0,20.5,23.895,25.6,2.0,
1865,Pruszkow,2018,2017-11-04,WC,Rep,3,2,SAHROM_Muhammad_Shah_Firdaus,MAS,10009150215.0,21.9,24.774,24.856,1.0,
1866,Pruszkow,2018,2017-11-04,WC,Rep,3,3,BOTTASSO_Leandro,ARG,10010894696.0,31.5,17.786,18.098,4.0,
1867,Pruszkow,2018,2017-11-04,WC,Rep,3,4,LAVREYSEN_Harrie,NED,10009535686.0,20.6,19.939,16.584000000000003,3.0,
1868,Pruszkow,2018,2017-11-04,WC,Rep,4,1,PUERTA_ZAPATA_Fabian_Hernando,COL,10006904360.0,26.3,31.948,32.015,1.0,
1869,Pruszkow,2018,2017-11-04,WC,Rep,4,2,LENDEL_Vasilijus,LTU,10009181234.0,22.6,24.007,24.18,3.0,
1870,Pruszkow,2018,2017-11-04,WC,Rep,4,3,PERALTA_Juan,ESP,10006552534.0,27.5,24.775,24.557,2.0,
1871,Pruszkow,2018,2017-11-04,WC,Rep,4,4,DE_PAUW_Ayrton,BEL,10010778704.0,19.6,4.038,4.002000000000001,4.0,
1872,Pruszkow,2018,2017-11-04,WC,Rep,5,1,DAWKINS_Edward,NZL,10005782695.0,28.3,29.892,29.997,1.0,
1873,Pruszkow,2018,2017-11-04,WC,Rep,5,2,CARLIN_Jack,GBR,10009967641.0,20.5,17.713,20.061999999999998,2.0,
1874,Pruszkow,2018,2017-11-04,WC,Rep,5,3,BRETAS_Sotirios,GRE,10006063086.0,27.6,11.068999999999999,14.264,4.0,
1875,Pruszkow,2018,2017-11-04,WC,Rep,5,4,DANESHVARKHOURRAM_Mohammad,IRI,10007828082.0,23.9,17.441,16.549,3.0,
1876,Pruszkow,2018,2017-11-04,WC,Rep,6,1,BÁBEK_Tomáš,CZE,10004612534.0,30.4,28.296,28.564,2.0,
1877,Pruszkow,2018,2017-11-04,WC,Rep,6,2,CECI_Luca,ITA,10006108051.0,28.8,7.221000000000001,14.216000000000001,4.0,
1878,Pruszkow,2018,2017-11-04,WC,Rep,6,3,AWANG_Mohd_Azizulhasni,MAS,10004868370.0,29.8,29.752,29.540000000000003,1.0,
1879,Pruszkow,2018,2017-11-04,WC,Rep,6,4,WATANABE_Kazunari,JPN,10003349716.0,32.5,25.271,25.081000000000003,3.0,
1880,Pruszkow,2018,2017-11-04,WC,R2,1,1,EILERS_Joachim,GER,10006379247.0,27.6,32.577000000000005,32.815999999999995,1.0,
1881,Pruszkow,2018,2017-11-04,WC,R2,1,2,PUERTA_ZAPATA_Fabian_Hernando,COL,10006904360.0,26.3,32.015,32.079,2.0,
1882,Pruszkow,2018,2017-11-04,WC,R2,1,3,VYNOKUROV_Andrii,UKR,10002418415.0,35.2,26.974999999999998,27.121000000000002,4.0,
1883,Pruszkow,2018,2017-11-04,WC,R2,1,4,DÖRNBACH_Maximilian,GER,10007779683.0,21.9,25.099,25.337000000000003,5.0,
1884,Pruszkow,2018,2017-11-04,WC,R2,1,5,RAJKOWSKI_Patryk,POL,10009176281.0,21.7,21.403,21.887999999999998,6.0,
1885,Pruszkow,2018,2017-11-04,WC,R2,1,6,DAWKINS_Edward,NZL,10005782695.0,28.3,29.997,29.625,3.0,
1886,Pruszkow,2018,2017-11-04,WC,R2,2,1,BÜCHLI_Matthijs,NED,10006900421.0,24.9,30.683999999999997,30.922,1.0,
1887,Pruszkow,2018,2017-11-04,WC,R2,2,2,VIGIER_Sébastien,FRA,10010678569.0,20.5,25.6,27.255,4.0,
1888,Pruszkow,2018,2017-11-04,WC,R2,2,3,GLAETZER_Matthew,AUS,10006894559.0,25.2,30.086,30.080000000000002,2.0,
1889,Pruszkow,2018,2017-11-04,WC,R2,2,4,WAKIMOTO_Yuta,JPN,10005964470.0,28.6,25.029,25.133000000000003,5.0,
1890,Pruszkow,2018,2017-11-04,WC,R2,2,5,BÁBEK_Tomáš,CZE,10004612534.0,30.4,28.564,28.166,3.0,
1891,Pruszkow,2018,2017-11-04,WC,R2,2,6,NITTA_Yudai,JPN,10005727327.0,31.8,21.756,21.544999999999998,6.0,
1892,Pruszkow,2018,2017-11-04,WC,Final,1,1,BÜCHLI_Matthijs,NED,10006900421.0,24.9,30.922,31.224000000000004,3.0,
1893,Pruszkow,2018,2017-11-04,WC,Final,1,2,EILERS_Joachim,GER,10006379247.0,27.6,32.815999999999995,32.93,1.0,
1894,Pruszkow,2018,2017-11-04,WC,Final,1,3,VIGIER_Sébastien,FRA,10010678569.0,20.5,27.255,28.231,5.0,
1895,Pruszkow,2018,2017-11-04,WC,Final,1,4,PUERTA_ZAPATA_Fabian_Hernando,COL,10006904360.0,26.3,32.079,31.998,2.0,
1896,Pruszkow,2018,2017-11-04,WC,Final,1,5,GLAETZER_Matthew,AUS,10006894559.0,25.2,30.080000000000002,29.936999999999998,4.0,
1897,Pruszkow,2018,2017-11-04,WC,Final,1,6,VYNOKUROV_Andrii,UKR,10002418415.0,35.2,27.121000000000002,26.95,6.0,
1898,Pruszkow,2018,2017-11-04,WC,Final,2,1,BÁBEK_Tomáš,CZE,10004612534.0,30.4,28.166,28.634999999999998,2.0,
1899,Pruszkow,2018,2017-11-04,WC,Final,2,2,RAJKOWSKI_Patryk,POL,10009176281.0,21.7,21.887999999999998,23.457,5.0,
1900,Pruszkow,2018,2017-11-04,WC,Final,2,3,DÖRNBACH_Maximilian,GER,10007779683.0,21.9,25.337000000000003,25.624000000000002,3.0,
1901,Pruszkow,2018,2017-11-04,WC,Final,2,4,DAWKINS_Edward,NZL,10005782695.0,28.3,29.625,29.451,1.0,
1902,Pruszkow,2018,2017-11-04,WC,Final,2,5,NITTA_Yudai,JPN,10005727327.0,31.8,21.544999999999998,21.616,6.0,
1903,Pruszkow,2018,2017-11-04,WC,Final,2,6,WAKIMOTO_Yuta,JPN,10005964470.0,28.6,25.133000000000003,24.848000000000003,4.0,
1904,Manchester,2018,2017-11-12,WC,R1,1,1,BÜCHLI_Matthijs,NED,10006900421.0,24.9,31.224000000000004,31.378999999999998,1.0,
1905,Manchester,2018,2017-11-12,WC,R1,1,2,VYNOKUROV_Andrii,UKR,10002418415.0,35.2,26.95,27.119,2.0,
1906,Manchester,2018,2017-11-12,WC,R1,1,3,LAFARGUE_Quentin,FRA,10005930724.0,27.0,26.582,26.663999999999998,3.0,
1907,Manchester,2018,2017-11-12,WC,R1,1,4,OLIVA_Lewis,GBR,10006898300.0,25.2,25.823,25.767000000000003,4.0,
1908,Manchester,2018,2017-11-12,WC,R1,1,5,NITTA_Yudai,JPN,10005727327.0,31.8,21.616,21.576,5.0,
1909,Manchester,2018,2017-11-12,WC,R1,1,6,CECI_Luca,ITA,10006108051.0,28.9,14.216000000000001,14.321,6.0,
1910,Manchester,2018,2017-11-12,WC,R1,1,7,SPIES_Jean,RSA,10007351671.0,28.0,9.0,3.8179999999999996,7.0,
1911,Manchester,2018,2017-11-12,WC,R1,2,1,EILERS_Joachim,GER,10006379247.0,27.6,32.93,33.014,1.0,
1912,Manchester,2018,2017-11-12,WC,R1,2,2,BOTTASSO_Leandro,ARG,10010894696.0,31.5,18.098,19.138,5.0,
1913,Manchester,2018,2017-11-12,WC,R1,2,3,CASTLE_Jordan,NZL,10009138491.0,21.4,9.0,18.843000000000004,6.0,
1914,Manchester,2018,2017-11-12,WC,R1,2,4,KANG_Shih_Feng,TPE,10010608447.0,20.4,21.461,21.708,3.0,
1915,Manchester,2018,2017-11-12,WC,R1,2,5,DUBCHENKO_Aleksandr,RUS,10007772108.0,22.7,21.215,21.228,4.0,
1916,Manchester,2018,2017-11-12,WC,R1,2,6,BÁBEK_Tomáš,CZE,10004612534.0,30.4,28.634999999999998,27.89,2.0,
1917,Manchester,2018,2017-11-12,WC,R1,2,7,DE_PAUW_Ayrton,BEL,10010778704.0,19.7,4.002000000000001,3.867000000000001,7.0,
1918,Manchester,2018,2017-11-12,WC,R1,3,1,GLAETZER_Matthew,AUS,10006894559.0,25.2,29.936999999999998,30.136,1.0,
1919,Manchester,2018,2017-11-12,WC,R1,3,2,RAJKOWSKI_Patryk,POL,10009176281.0,21.7,23.457,24.413999999999998,4.0,
1920,Manchester,2018,2017-11-12,WC,R1,3,3,SAHROM_Muhammad_Shah_Firdaus,MAS,10009150215.0,22.0,24.856,24.988,2.0,
1921,Manchester,2018,2017-11-12,WC,R1,3,4,HOOGLAND_Jeffrey,NED,10007379761.0,24.7,21.423,21.581000000000003,5.0,
1922,Manchester,2018,2017-11-12,WC,R1,3,5,OMELCHENKO_Sergii,AZE,10006319633.0,28.0,24.009,23.843,3.0,
1923,Manchester,2018,2017-11-12,WC,R1,3,6,BRETAS_Sotirios,GRE,10006063086.0,27.7,14.264,13.105999999999998,6.0,
1924,Manchester,2018,2017-11-12,WC,R1,4,1,TRUMAN_Joseph,GBR,10017950943.0,20.7,26.509,27.769,2.0,
1925,Manchester,2018,2017-11-12,WC,R1,4,2,AWANG_Mohd_Azizulhasni,MAS,10004868370.0,29.9,29.540000000000003,29.583000000000002,1.0,
1926,Manchester,2018,2017-11-12,WC,R1,4,3,KAWABATA_Tomoyuki,JPN,10008098470.0,32.8,24.196,24.465,4.0,
1927,Manchester,2018,2017-11-12,WC,R1,4,4,LENDEL_Vasilijus,LTU,10009181234.0,22.6,24.18,24.182,5.0,
1928,Manchester,2018,2017-11-12,WC,R1,4,5,PERALTA_Juan,ESP,10006552534.0,27.5,24.557,24.254,3.0,
1929,Manchester,2018,2017-11-12,WC,R1,4,6,CECI_Davide,ITA,10007508083.0,24.2,15.297,15.096999999999998,6.0,
1930,Manchester,2018,2017-11-12,WC,Rep,1,1,LAFARGUE_Quentin,FRA,10005930724.0,27.0,26.663999999999998,27.194,2.0,
1931,Manchester,2018,2017-11-12,WC,Rep,1,2,LENDEL_Vasilijus,LTU,10009181234.0,22.6,24.182,24.413999999999998,3.0,
1932,Manchester,2018,2017-11-12,WC,Rep,1,3,BÁBEK_Tomáš,CZE,10004612534.0,30.4,27.89,27.677999999999997,1.0,
1933,Manchester,2018,2017-11-12,WC,Rep,1,4,OMELCHENKO_Sergii,AZE,10006319633.0,28.0,23.843,23.698999999999998,4.0,
1934,Manchester,2018,2017-11-12,WC,Rep,1,5,SPIES_Jean,RSA,10007351671.0,28.0,3.8179999999999996,3.742000000000001,5.0,
1935,Manchester,2018,2017-11-12,WC,Rep,2,1,CASTLE_Jordan,NZL,10009138491.0,21.4,18.843000000000004,22.43,3.0,
1936,Manchester,2018,2017-11-12,WC,Rep,2,2,DUBCHENKO_Aleksandr,RUS,10007772108.0,22.7,21.228,21.573,2.0,
1937,Manchester,2018,2017-11-12,WC,Rep,2,3,CECI_Luca,ITA,10006108051.0,28.9,14.321,15.672,4.0,
1938,Manchester,2018,2017-11-12,WC,Rep,2,4,HOOGLAND_Jeffrey,NED,10007379761.0,24.7,21.581000000000003,19.874000000000002,1.0,
1939,Manchester,2018,2017-11-12,WC,Rep,2,5,DE_PAUW_Ayrton,BEL,10010778704.0,19.7,3.867000000000001,3.6119999999999983,5.0,
1940,Manchester,2018,2017-11-12,WC,Rep,3,1,NITTA_Yudai,JPN,10005727327.0,31.8,21.576,21.992,3.0,
1941,Manchester,2018,2017-11-12,WC,Rep,3,2,SAHROM_Muhammad_Shah_Firdaus,MAS,10009150215.0,22.0,24.988,24.911,1.0,
1942,Manchester,2018,2017-11-12,WC,Rep,3,3,CECI_Davide,ITA,10007508083.0,24.2,15.096999999999998,15.629000000000001,4.0,
1943,Manchester,2018,2017-11-12,WC,Rep,3,4,KANG_Shih_Feng,TPE,10010608447.0,20.4,21.708,21.079,2.0,
1944,Manchester,2018,2017-11-12,WC,Rep,4,1,PERALTA_Juan,ESP,10006552534.0,27.5,24.254,24.671,3.0,
1945,Manchester,2018,2017-11-12,WC,Rep,4,2,KAWABATA_Tomoyuki,JPN,10008098470.0,32.8,24.465,24.591,2.0,
1946,Manchester,2018,2017-11-12,WC,Rep,4,3,OLIVA_Lewis,GBR,10006898300.0,25.2,25.767000000000003,25.596,1.0,
1947,Manchester,2018,2017-11-12,WC,Rep,4,4,BRETAS_Sotirios,GRE,10006063086.0,27.7,13.105999999999998,12.697,4.0,
1948,Manchester,2018,2017-11-12,WC,R2,1,1,TRUMAN_Joseph,GBR,10017950943.0,20.7,27.769,28.937,2.0,
1949,Manchester,2018,2017-11-12,WC,R2,1,2,BÜCHLI_Matthijs,NED,10006900421.0,24.9,31.378999999999998,31.404,1.0,
1950,Manchester,2018,2017-11-12,WC,R2,1,3,PERALTA_Juan,ESP,10006552534.0,27.5,24.671,24.943,4.0,
1951,Manchester,2018,2017-11-12,WC,R2,1,4,LAFARGUE_Quentin,FRA,10005930724.0,27.0,27.194,26.998,3.0,
1952,Manchester,2018,2017-11-12,WC,R2,1,5,BOTTASSO_Leandro,ARG,10010894696.0,31.5,19.138,19.397,6.0,
1953,Manchester,2018,2017-11-12,WC,R2,1,6,RAJKOWSKI_Patryk,POL,10009176281.0,21.7,24.413999999999998,23.359,5.0,
1954,Manchester,2018,2017-11-12,WC,R2,2,1,GLAETZER_Matthew,AUS,10006894559.0,25.2,30.136,30.396,2.0,
1955,Manchester,2018,2017-11-12,WC,R2,2,2,VYNOKUROV_Andrii,UKR,10002418415.0,35.2,27.119,27.325,4.0,
1956,Manchester,2018,2017-11-12,WC,R2,2,3,NITTA_Yudai,JPN,10005727327.0,31.8,21.992,22.5,6.0,
1957,Manchester,2018,2017-11-12,WC,R2,2,4,CASTLE_Jordan,NZL,10009138491.0,21.4,22.43,23.589,5.0,
1958,Manchester,2018,2017-11-12,WC,R2,2,5,EILERS_Joachim,GER,10006379247.0,27.6,33.014,32.659,1.0,
1959,Manchester,2018,2017-11-12,WC,R2,2,6,AWANG_Mohd_Azizulhasni,MAS,10004868370.0,29.9,29.583000000000002,29.323999999999998,3.0,
1960,Manchester,2018,2017-11-12,WC,Final,1,1,BÜCHLI_Matthijs,NED,10006900421.0,24.9,31.404,31.577,1.0,
1961,Manchester,2018,2017-11-12,WC,Final,1,2,VYNOKUROV_Andrii,UKR,10002418415.0,35.2,27.325,27.516,4.0,
1962,Manchester,2018,2017-11-12,WC,Final,1,3,PERALTA_Juan,ESP,10006552534.0,27.5,24.943,25.239,5.0,
1963,Manchester,2018,2017-11-12,WC,Final,1,4,GLAETZER_Matthew,AUS,10006894559.0,25.2,30.396,30.232999999999997,2.0,
1964,Manchester,2018,2017-11-12,WC,Final,1,5,NITTA_Yudai,JPN,10005727327.0,31.8,22.5,22.61,6.0,
1965,Manchester,2018,2017-11-12,WC,Final,1,6,TRUMAN_Joseph,GBR,10017950943.0,20.7,28.937,27.572,3.0,
1966,Manchester,2018,2017-11-12,WC,Final,2,1,LAFARGUE_Quentin,FRA,10005930724.0,27.0,26.998,27.773,3.0,
1967,Manchester,2018,2017-11-12,WC,Final,2,2,EILERS_Joachim,GER,10006379247.0,27.6,32.659,32.654999999999994,1.0,
1968,Manchester,2018,2017-11-12,WC,Final,2,3,CASTLE_Jordan,NZL,10009138491.0,21.4,23.589,24.872,4.0,
1969,Manchester,2018,2017-11-12,WC,Final,2,4,AWANG_Mohd_Azizulhasni,MAS,10004868370.0,29.9,29.323999999999998,29.232000000000003,2.0,
1970,Manchester,2018,2017-11-12,WC,Final,2,5,RAJKOWSKI_Patryk,POL,10009176281.0,21.7,23.359,23.178,5.0,
1971,Manchester,2018,2017-11-12,WC,Final,2,6,BOTTASSO_Leandro,ARG,10010894696.0,31.5,19.397,19.201,6.0,
1972,Milton,2018,2017-12-02,WC,R1,1,1,VYNOKUROV_Andrii,UKR,10002418415.0,35.3,27.516,27.773,3.0,
1973,Milton,2018,2017-12-02,WC,R1,1,2,WAKIMOTO_Yuta,JPN,10005964470.0,28.7,24.848000000000003,25.124000000000002,4.0,
1974,Milton,2018,2017-12-02,WC,R1,1,3,KELEMEN_Pavel,CZE,10006422895.0,26.5,27.637999999999998,27.671,2.0,
1975,Milton,2018,2017-12-02,WC,R1,1,4,PERVIS_Francois,FRA,10003011125.0,33.1,31.547000000000004,31.308000000000003,1.0,
1976,Milton,2018,2017-12-02,WC,R1,1,5,RASOL_Muhamad_Khairil_Nizam,MAS,10010648257.0,20.3,9.0,15.278999999999998,6.0,
1977,Milton,2018,2017-12-02,WC,R1,1,6,CECI_Francesco,ITA,10006073493.0,28.0,23.066000000000003,22.907,5.0,
1978,Milton,2018,2017-12-02,WC,R1,2,1,EILERS_Joachim,GER,10006379247.0,27.7,32.654999999999994,32.797,1.0,
1979,Milton,2018,2017-12-02,WC,R1,2,2,LAVREYSEN_Harrie,NED,10009535686.0,20.7,16.584000000000003,21.507,6.0,
1980,Milton,2018,2017-12-02,WC,R1,2,3,TRUMAN_Joseph,GBR,10017950943.0,20.8,27.572,27.574,2.0,
1981,Milton,2018,2017-12-02,WC,R1,2,4,KAWABATA_Tomoyuki,JPN,10008098470.0,32.8,24.591,24.647,3.0,
1982,Milton,2018,2017-12-02,WC,R1,2,5,RAJKOWSKI_Patryk,POL,10009176281.0,21.8,23.178,22.996,4.0,
1983,Milton,2018,2017-12-02,WC,R1,2,6,VERDUGO_OSUNA_Edgar,MEX,10007890932.0,20.4,21.805,21.135,5.0,
1984,Milton,2018,2017-12-02,WC,R1,3,1,BARRETTE_Hugo,CAN,10007212639.0,26.4,26.131999999999998,26.446,1.0,
1985,Milton,2018,2017-12-02,WC,R1,3,2,OLIVA_Lewis,GBR,10006898300.0,25.3,25.596,25.788,2.0,
1986,Milton,2018,2017-12-02,WC,R1,3,3,PERALTA_Juan,ESP,10006552534.0,27.5,25.239,25.332,3.0,
1987,Milton,2018,2017-12-02,WC,R1,3,4,KANG_Shih_Feng,TPE,10010608447.0,20.4,21.079,21.372999999999998,6.0,
1988,Milton,2018,2017-12-02,WC,R1,3,5,JONAUSKAS_Svajūnas,LTU,10009181032.0,22.9,16.507,17.874,7.0,
1989,Milton,2018,2017-12-02,WC,R1,3,6,NITTA_Yudai,JPN,10005727327.0,31.9,22.61,22.427999999999997,5.0,
1990,Milton,2018,2017-12-02,WC,R1,3,7,OMELCHENKO_Sergii,AZE,10006319633.0,28.0,23.698999999999998,23.346999999999998,4.0,
1991,Milton,2018,2017-12-02,WC,Rep,1,1,KAWABATA_Tomoyuki,JPN,10008098470.0,32.8,24.647,25.252000000000002,2.0,
1992,Milton,2018,2017-12-02,WC,Rep,1,2,KELEMEN_Pavel,CZE,10006422895.0,26.5,27.671,27.733,1.0,
1993,Milton,2018,2017-12-02,WC,Rep,1,3,NITTA_Yudai,JPN,10005727327.0,31.9,22.427999999999997,22.633,5.0,
1994,Milton,2018,2017-12-02,WC,Rep,1,4,RAJKOWSKI_Patryk,POL,10009176281.0,21.8,22.996,22.968999999999998,3.0,
1995,Milton,2018,2017-12-02,WC,Rep,1,5,KANG_Shih_Feng,TPE,10010608447.0,20.4,21.372999999999998,21.266,6.0,
1996,Milton,2018,2017-12-02,WC,Rep,1,6,CECI_Francesco,ITA,10006073493.0,28.0,22.907,22.715,4.0,
1997,Milton,2018,2017-12-02,WC,Rep,2,1,TRUMAN_Joseph,GBR,10017950943.0,20.8,27.574,28.381,2.0,
1998,Milton,2018,2017-12-02,WC,Rep,2,2,JONAUSKAS_Svajūnas,LTU,10009181032.0,22.9,17.874,21.443,6.0,
1999,Milton,2018,2017-12-02,WC,Rep,2,3,PERVIS_Francois,FRA,10003011125.0,33.1,31.308000000000003,31.191000000000003,1.0,
2000,Milton,2018,2017-12-02,WC,Rep,2,4,OMELCHENKO_Sergii,AZE,10006319633.0,28.0,23.346999999999998,23.469,4.0,
2001,Milton,2018,2017-12-02,WC,Rep,2,5,PERALTA_Juan,ESP,10006552534.0,27.5,25.332,25.189,3.0,
2002,Milton,2018,2017-12-02,WC,Rep,2,6,VERDUGO_OSUNA_Edgar,MEX,10007890932.0,20.4,21.135,20.859,5.0,
2003,Milton,2018,2017-12-02,WC,Rep,2,7,RASOL_Muhamad_Khairil_Nizam,MAS,10010648257.0,20.3,15.278999999999998,13.147000000000002,7.0,
2004,Milton,2018,2017-12-02,WC,R2,1,1,LAVREYSEN_Harrie,NED,10009535686.0,20.7,21.507,25.308,6.0,
2005,Milton,2018,2017-12-02,WC,R2,1,2,PERVIS_Francois,FRA,10003011125.0,33.1,31.191000000000003,31.246000000000002,1.0,
2006,Milton,2018,2017-12-02,WC,R2,1,3,OLIVA_Lewis,GBR,10006898300.0,25.3,25.788,25.993,5.0,
2007,Milton,2018,2017-12-02,WC,R2,1,4,KELEMEN_Pavel,CZE,10006422895.0,26.5,27.733,27.722,4.0,
2008,Milton,2018,2017-12-02,WC,R2,1,5,VYNOKUROV_Andrii,UKR,10002418415.0,35.3,27.773,27.672,3.0,
2009,Milton,2018,2017-12-02,WC,R2,1,6,TRUMAN_Joseph,GBR,10017950943.0,20.8,28.381,27.519000000000002,2.0,
2010,Milton,2018,2017-12-02,WC,R2,2,1,EILERS_Joachim,GER,10006379247.0,27.7,32.797,32.916000000000004,1.0,
2011,Milton,2018,2017-12-02,WC,R2,2,2,WAKIMOTO_Yuta,JPN,10005964470.0,28.7,25.124000000000002,25.375999999999998,4.0,
2012,Milton,2018,2017-12-02,WC,R2,2,3,BARRETTE_Hugo,CAN,10007212639.0,26.4,26.446,26.505,2.0,
2013,Milton,2018,2017-12-02,WC,R2,2,4,KAWABATA_Tomoyuki,JPN,10008098470.0,32.8,25.252000000000002,25.205,3.0,
2014,Milton,2018,2017-12-02,WC,R2,2,5,NITTA_Yudai,JPN,10005727327.0,31.9,22.633,22.587000000000003,5.0,
2015,Milton,2018,2017-12-02,WC,R2,2,6,JONAUSKAS_Svajūnas,LTU,10009181032.0,22.9,21.443,20.094,6.0,
2016,Milton,2018,2017-12-02,WC,Final,1,1,LAVREYSEN_Harrie,NED,10009535686.0,20.7,25.308,27.708000000000002,6.0,
2017,Milton,2018,2017-12-02,WC,Final,1,2,OLIVA_Lewis,GBR,10006898300.0,25.3,25.993,26.326,4.0,
2018,Milton,2018,2017-12-02,WC,Final,1,3,EILERS_Joachim,GER,10006379247.0,27.7,32.916000000000004,32.81,1.0,
2019,Milton,2018,2017-12-02,WC,Final,1,4,WAKIMOTO_Yuta,JPN,10005964470.0,28.7,25.375999999999998,25.500999999999998,5.0,
2020,Milton,2018,2017-12-02,WC,Final,1,5,PERVIS_Francois,FRA,10003011125.0,33.1,31.246000000000002,31.023999999999997,2.0,
2021,Milton,2018,2017-12-02,WC,Final,1,6,BARRETTE_Hugo,CAN,10007212639.0,26.4,26.505,26.290000000000003,3.0,
2022,Milton,2018,2017-12-02,WC,Final,2,1,VYNOKUROV_Andrii,UKR,10002418415.0,35.3,27.672,27.904,2.0,
2023,Milton,2018,2017-12-02,WC,Final,2,2,KELEMEN_Pavel,CZE,10006422895.0,26.5,27.722,27.848000000000003,1.0,
2024,Milton,2018,2017-12-02,WC,Final,2,3,NITTA_Yudai,JPN,10005727327.0,31.9,22.587000000000003,22.859,5.0,
2025,Milton,2018,2017-12-02,WC,Final,2,4,TRUMAN_Joseph,GBR,10017950943.0,20.8,27.519000000000002,27.186,3.0,
2026,Milton,2018,2017-12-02,WC,Final,2,5,KAWABATA_Tomoyuki,JPN,10008098470.0,32.8,25.205,24.967,4.0,
2027,Milton,2018,2017-12-02,WC,Final,2,6,JONAUSKAS_Svajūnas,LTU,10009181032.0,22.9,20.094,19.255,6.0,
2028,Santiago,2018,2017-12-09,WC,R1,1,1,WAKIMOTO_Yuta,JPN,10005964470.0,28.7,25.500999999999998,25.8,4.0,
2029,Santiago,2018,2017-12-09,WC,R1,1,2,PERKINS_Shane_Alan,RUS,10051694112.0,30.9,28.515,28.534,1.0,
2030,Santiago,2018,2017-12-09,WC,R1,1,3,BOTTASSO_Leandro,ARG,10010894696.0,31.6,19.201,19.761,5.0,
2031,Santiago,2018,2017-12-09,WC,R1,1,4,VYNOKUROV_Andrii,UKR,10002418415.0,35.3,27.904,27.738999999999997,2.0,
2032,Santiago,2018,2017-12-09,WC,R1,1,5,OLIVA_Lewis,GBR,10006898300.0,25.3,26.326,26.039,3.0,
2033,Santiago,2018,2017-12-09,WC,R1,2,1,PERALTA_Juan,ESP,10006552534.0,27.6,25.189,25.67,3.0,
2034,Santiago,2018,2017-12-09,WC,R1,2,2,PERVIS_Francois,FRA,10003011125.0,33.1,31.023999999999997,30.987,1.0,
2035,Santiago,2018,2017-12-09,WC,R1,2,3,HSIAO_Shih_Hsin,TPE,10006137252.0,27.7,14.294,18.660999999999998,5.0,
2036,Santiago,2018,2017-12-09,WC,R1,2,4,FUKAYA_Tomohiro,JPN,10005964672.0,27.9,9.0,17.192,6.0,
2037,Santiago,2018,2017-12-09,WC,R1,2,5,OMELCHENKO_Sergii,AZE,10006319633.0,28.0,23.469,23.394000000000002,4.0,
2038,Santiago,2018,2017-12-09,WC,R1,2,6,BARRETTE_Hugo,CAN,10007212639.0,26.4,26.290000000000003,25.950999999999997,2.0,
2039,Santiago,2018,2017-12-09,WC,R1,3,1,LENDEL_Vasilijus,LTU,10009181234.0,22.7,24.413999999999998,24.819000000000003,3.0,
2040,Santiago,2018,2017-12-09,WC,R1,3,2,KELEMEN_Pavel,CZE,10006422895.0,26.5,27.848000000000003,27.889,1.0,
2041,Santiago,2018,2017-12-09,WC,R1,3,3,JURCZYK_Marc,GER,10009178002.0,21.9,21.758,22.363999999999997,5.0,
2042,Santiago,2018,2017-12-09,WC,R1,3,4,RASOL_Muhamad_Khairil_Nizam,MAS,10010648257.0,20.3,13.147000000000002,16.262,6.0,
2043,Santiago,2018,2017-12-09,WC,R1,3,5,CECI_Francesco,ITA,10006073493.0,28.0,22.715,22.646,4.0,
2044,Santiago,2018,2017-12-09,WC,R1,3,6,WATANABE_Kazunari,JPN,10003349716.0,32.6,25.081000000000003,24.789,2.0,
2045,Santiago,2018,2017-12-09,WC,Rep,1,1,BARRETTE_Hugo,CAN,10007212639.0,26.4,25.950999999999997,26.191,2.0,
2046,Santiago,2018,2017-12-09,WC,Rep,1,2,OLIVA_Lewis,GBR,10006898300.0,25.3,26.039,26.114,1.0,
2047,Santiago,2018,2017-12-09,WC,Rep,1,3,CECI_Francesco,ITA,10006073493.0,28.0,22.646,22.713,3.0,
2048,Santiago,2018,2017-12-09,WC,Rep,1,4,FUKAYA_Tomohiro,JPN,10005964672.0,27.9,17.192,17.942999999999998,5.0,
2049,Santiago,2018,2017-12-09,WC,Rep,1,5,BOTTASSO_Leandro,ARG,10010894696.0,31.6,19.761,19.641,4.0,
2050,Santiago,2018,2017-12-09,WC,Rep,1,6,RASOL_Muhamad_Khairil_Nizam,MAS,10010648257.0,20.3,16.262,14.899000000000001,6.0,
2051,Santiago,2018,2017-12-09,WC,Rep,2,1,VYNOKUROV_Andrii,UKR,10002418415.0,35.3,27.738999999999997,27.898,1.0,
2052,Santiago,2018,2017-12-09,WC,Rep,2,2,WATANABE_Kazunari,JPN,10003349716.0,32.6,24.789,24.912,2.0,
2053,Santiago,2018,2017-12-09,WC,Rep,2,3,JURCZYK_Marc,GER,10009178002.0,21.9,22.363999999999997,22.617,4.0,
2054,Santiago,2018,2017-12-09,WC,Rep,2,4,HSIAO_Shih_Hsin,TPE,10006137252.0,27.7,18.660999999999998,18.982999999999997,5.0,
2055,Santiago,2018,2017-12-09,WC,Rep,2,5,OMELCHENKO_Sergii,AZE,10006319633.0,28.0,23.394000000000002,23.148,3.0,
2056,Santiago,2018,2017-12-09,WC,R2,1,1,WAKIMOTO_Yuta,JPN,10005964470.0,28.7,25.8,26.161,5.0,
2057,Santiago,2018,2017-12-09,WC,R2,1,2,KELEMEN_Pavel,CZE,10006422895.0,26.5,27.889,28.054,2.0,
2058,Santiago,2018,2017-12-09,WC,R2,1,3,PERVIS_Francois,FRA,10003011125.0,33.1,30.987,30.909,1.0,
2059,Santiago,2018,2017-12-09,WC,R2,1,4,BARRETTE_Hugo,CAN,10007212639.0,26.4,26.191,26.198,3.0,
2060,Santiago,2018,2017-12-09,WC,R2,1,5,OLIVA_Lewis,GBR,10006898300.0,25.3,26.114,25.995,4.0,
2061,Santiago,2018,2017-12-09,WC,R2,1,6,JURCZYK_Marc,GER,10009178002.0,21.9,22.617,21.886,6.0,
2062,Santiago,2018,2017-12-09,WC,R2,2,1,VYNOKUROV_Andrii,UKR,10002418415.0,35.3,27.898,28.102,2.0,
2063,Santiago,2018,2017-12-09,WC,R2,2,2,PERALTA_Juan,ESP,10006552534.0,27.6,25.67,25.914,3.0,
2064,Santiago,2018,2017-12-09,WC,R2,2,3,WATANABE_Kazunari,JPN,10003349716.0,32.6,24.912,25.005000000000003,4.0,
2065,Santiago,2018,2017-12-09,WC,R2,2,4,LENDEL_Vasilijus,LTU,10009181234.0,22.7,24.819000000000003,24.822,5.0,
2066,Santiago,2018,2017-12-09,WC,R2,2,5,CECI_Francesco,ITA,10006073493.0,28.0,22.713,22.709,6.0,
2067,Santiago,2018,2017-12-09,WC,R2,2,6,PERKINS_Shane_Alan,RUS,10051694112.0,30.9,28.534,27.868,1.0,
2068,Santiago,2018,2017-12-09,WC,Final,1,1,WAKIMOTO_Yuta,JPN,10005964470.0,28.7,26.161,26.511,4.0,
2069,Santiago,2018,2017-12-09,WC,Final,1,2,VYNOKUROV_Andrii,UKR,10002418415.0,35.3,28.102,28.232,2.0,
2070,Santiago,2018,2017-12-09,WC,Final,1,3,KELEMEN_Pavel,CZE,10006422895.0,26.5,28.054,28.11,3.0,
2071,Santiago,2018,2017-12-09,WC,Final,1,4,PERVIS_Francois,FRA,10003011125.0,33.1,30.909,30.76,1.0,
2072,Santiago,2018,2017-12-09,WC,Final,1,5,WATANABE_Kazunari,JPN,10003349716.0,32.6,25.005000000000003,24.973,6.0,
2073,Santiago,2018,2017-12-09,WC,Final,1,6,PERALTA_Juan,ESP,10006552534.0,27.6,25.914,25.599999999999998,5.0,
2074,Santiago,2018,2017-12-09,WC,Final,2,1,PERKINS_Shane_Alan,RUS,10051694112.0,30.9,27.868,28.244,1.0,
2075,Santiago,2018,2017-12-09,WC,Final,2,2,OLIVA_Lewis,GBR,10006898300.0,25.3,25.995,26.163,3.0,
2076,Santiago,2018,2017-12-09,WC,Final,2,3,LENDEL_Vasilijus,LTU,10009181234.0,22.7,24.822,24.935,4.0,
2077,Santiago,2018,2017-12-09,WC,Final,2,4,BARRETTE_Hugo,CAN,10007212639.0,26.4,26.198,26.127,2.0,
2078,Santiago,2018,2017-12-09,WC,Final,2,5,JURCZYK_Marc,GER,10009178002.0,21.9,21.886,21.703999999999997,6.0,
2079,Santiago,2018,2017-12-09,WC,Final,2,6,CECI_Francesco,ITA,10006073493.0,28.0,22.709,22.554,5.0,
2080,Minsk,2018,2018-01-20,WC,R1,1,1,MAKSEL_Krzysztof,POL,10006902239.0,26.5,27.721,28.042,2.0,
2081,Minsk,2018,2018-01-20,WC,R1,1,2,DUBCHENKO_Aleksandr,RUS,10007772108.0,22.9,21.573,22.303,4.0,
2082,Minsk,2018,2018-01-20,WC,R1,1,3,NOVIK_Uladzislau,BLR,10009049979.0,22.8,19.126,20.397,6.0,
2083,Minsk,2018,2018-01-20,WC,R1,1,4,KANG_Shih_Feng,TPE,10010608447.0,20.6,21.266,21.491,5.0,
2084,Minsk,2018,2018-01-20,WC,R1,1,5,LAFARGUE_Quentin,FRA,10005930724.0,27.2,27.773,27.222,1.0,
2085,Minsk,2018,2018-01-20,WC,R1,1,6,PERALTA_Juan,ESP,10006552534.0,27.7,25.599999999999998,25.221999999999998,3.0,
2086,Minsk,2018,2018-01-20,WC,R1,2,1,OLIVA_Lewis,GBR,10006898300.0,25.4,26.163,26.298000000000002,1.0,
2087,Minsk,2018,2018-01-20,WC,R1,2,2,BRETAS_Sotirios,GRE,10006063086.0,27.9,12.697,16.02,4.0,
2088,Minsk,2018,2018-01-20,WC,R1,2,3,BROWNE_Kwesi,TTO,10009010876.0,24.0,23.486,23.333,2.0,
2089,Minsk,2018,2018-01-20,WC,R1,2,9,CECI_Luca,ITA,10006108051.0,29.1,15.672,15.928,3.0,
2090,Minsk,2018,2018-01-20,WC,R1,2,9,FANTA_Jiří,CZE,10009175574.0,21.8,9.0,12.292,1.0,
2091,Minsk,2018,2018-01-20,WC,R1,2,9,HSIAO_Shih_Hsin,TPE,10006137252.0,27.8,18.982999999999997,18.314,1.0,
2092,Minsk,2018,2018-01-20,WC,R1,3,1,BÜCHLI_Matthijs,NED,10006900421.0,25.1,31.577,31.652,1.0,
2093,Minsk,2018,2018-01-20,WC,R1,3,2,JURCZYK_Marc,GER,10009178002.0,22.0,21.703999999999997,22.431,3.0,
2094,Minsk,2018,2018-01-20,WC,R1,3,3,OMELCHENKO_Sergii,AZE,10006319633.0,28.1,23.148,23.201,2.0,
2095,Minsk,2018,2018-01-20,WC,R1,3,4,JONAUSKAS_Svajūnas,LTU,10009181032.0,23.0,19.255,19.35,4.0,
2096,Minsk,2018,2018-01-20,WC,R1,3,5,RITTER_Stefan,CAN,10009821131.0,19.7,9.0,11.148,6.0,
2097,Minsk,2018,2018-01-20,WC,R1,3,6,CECI_Davide,ITA,10007508083.0,24.4,15.629000000000001,15.192,5.0,
2098,Minsk,2018,2018-01-20,WC,Rep,1,1,RITTER_Stefan,CAN,10009821131.0,19.7,11.148,19.365,6.0,
2099,Minsk,2018,2018-01-20,WC,Rep,1,2,PERALTA_Juan,ESP,10006552534.0,27.7,25.221999999999998,25.312,1.0,
2100,Minsk,2018,2018-01-20,WC,Rep,1,3,KANG_Shih_Feng,TPE,10010608447.0,20.6,21.491,21.679000000000002,2.0,
2101,Minsk,2018,2018-01-20,WC,Rep,1,4,JONAUSKAS_Svajūnas,LTU,10009181032.0,23.0,19.35,19.52,4.0,
2102,Minsk,2018,2018-01-20,WC,Rep,1,5,NOVIK_Uladzislau,BLR,10009049979.0,22.8,20.397,19.83,3.0,
2103,Minsk,2018,2018-01-20,WC,Rep,1,6,CECI_Luca,ITA,10006108051.0,29.1,15.928,15.225000000000001,5.0,
2104,Minsk,2018,2018-01-20,WC,Rep,2,1,LAFARGUE_Quentin,FRA,10005930724.0,27.2,27.222,27.534000000000002,1.0,
2105,Minsk,2018,2018-01-20,WC,Rep,2,2,BROWNE_Kwesi,TTO,10009010876.0,24.0,23.333,23.561,2.0,
2106,Minsk,2018,2018-01-20,WC,Rep,2,3,FANTA_Jiří,CZE,10009175574.0,21.8,12.292,16.335,6.0,
2107,Minsk,2018,2018-01-20,WC,Rep,2,4,CECI_Davide,ITA,10007508083.0,24.4,15.192,15.756,5.0,
2108,Minsk,2018,2018-01-20,WC,Rep,2,5,HSIAO_Shih_Hsin,TPE,10006137252.0,27.8,18.314,17.97,4.0,
2109,Minsk,2018,2018-01-20,WC,Rep,2,6,OMELCHENKO_Sergii,AZE,10006319633.0,28.1,23.201,22.847,3.0,
2110,Minsk,2018,2018-01-20,WC,R2,1,1,RITTER_Stefan,CAN,10009821131.0,19.7,19.365,23.786,5.0,
2111,Minsk,2018,2018-01-20,WC,R2,1,2,MAKSEL_Krzysztof,POL,10006902239.0,26.5,28.042,28.126,1.0,
2112,Minsk,2018,2018-01-20,WC,R2,1,3,JURCZYK_Marc,GER,10009178002.0,22.0,22.431,22.845000000000002,3.0,
2113,Minsk,2018,2018-01-20,WC,R2,1,4,KANG_Shih_Feng,TPE,10010608447.0,20.6,21.679000000000002,21.801000000000002,4.0,
2114,Minsk,2018,2018-01-20,WC,R2,1,5,PERALTA_Juan,ESP,10006552534.0,27.7,25.312,25.064,2.0,
2115,Minsk,2018,2018-01-20,WC,R2,1,6,BRETAS_Sotirios,GRE,10006063086.0,27.9,16.02,15.298000000000002,6.0,
2116,Minsk,2018,2018-01-20,WC,R2,2,1,BÜCHLI_Matthijs,NED,10006900421.0,25.1,31.652,31.772000000000002,1.0,
2117,Minsk,2018,2018-01-20,WC,R2,2,2,OLIVA_Lewis,GBR,10006898300.0,25.4,26.298000000000002,26.461,3.0,
2118,Minsk,2018,2018-01-20,WC,R2,2,3,BROWNE_Kwesi,TTO,10009010876.0,24.0,23.561,23.786,4.0,
2119,Minsk,2018,2018-01-20,WC,R2,2,4,FANTA_Jiří,CZE,10009175574.0,21.8,16.335,18.512,6.0,
2120,Minsk,2018,2018-01-20,WC,R2,2,5,DUBCHENKO_Aleksandr,RUS,10007772108.0,22.9,22.303,22.230999999999998,5.0,
2121,Minsk,2018,2018-01-20,WC,R2,2,6,LAFARGUE_Quentin,FRA,10005930724.0,27.2,27.534000000000002,26.831,2.0,
2122,Minsk,2018,2018-01-20,WC,Final,1,1,BÜCHLI_Matthijs,NED,10006900421.0,25.1,31.772000000000002,31.93,1.0,
2123,Minsk,2018,2018-01-20,WC,Final,1,2,RITTER_Stefan,CAN,10009821131.0,19.7,23.786,25.746000000000002,4.0,
2124,Minsk,2018,2018-01-20,WC,Final,1,3,OLIVA_Lewis,GBR,10006898300.0,25.4,26.461,26.557000000000002,3.0,
2125,Minsk,2018,2018-01-20,WC,Final,1,4,JURCZYK_Marc,GER,10009178002.0,22.0,22.845000000000002,23.154,6.0,
2126,Minsk,2018,2018-01-20,WC,Final,1,5,BROWNE_Kwesi,TTO,10009010876.0,24.0,23.786,23.758,4.0,
2127,Minsk,2018,2018-01-20,WC,Final,1,6,MAKSEL_Krzysztof,POL,10006902239.0,26.5,28.126,27.629,2.0,
2128,Minsk,2018,2018-01-20,WC,Final,2,1,DUBCHENKO_Aleksandr,RUS,10007772108.0,22.9,22.230999999999998,22.963,3.0,
2129,Minsk,2018,2018-01-20,WC,Final,2,2,PERALTA_Juan,ESP,10006552534.0,27.7,25.064,25.176,2.0,
2130,Minsk,2018,2018-01-20,WC,Final,2,3,KANG_Shih_Feng,TPE,10010608447.0,20.6,21.801000000000002,21.996000000000002,4.0,
2131,Minsk,2018,2018-01-20,WC,Final,2,4,BRETAS_Sotirios,GRE,10006063086.0,27.9,15.298000000000002,16.664,6.0,
2132,Minsk,2018,2018-01-20,WC,Final,2,5,LAFARGUE_Quentin,FRA,10005930724.0,27.2,26.831,26.272,1.0,
2133,Minsk,2018,2018-01-20,WC,Final,2,6,FANTA_Jiří,CZE,10009175574.0,21.8,18.512,17.19,5.0,
2134,Brisbane,2018,2018-02-03,NCh,R1,1,1,BOOTH_Oliver,AUS,,17.4,9.0,22.091,1.0,
2135,Brisbane,2018,2018-02-03,NCh,R1,1,2,CORNISH_Thomas,AUS,10055349695.0,18.0,9.0,17.986,1.0,
2136,Brisbane,2018,2018-02-03,NCh,R1,1,3,CARISIMO_Carlos,AUS,10075184882.0,16.2,9.0,14.16,1.0,
2137,Brisbane,2018,2018-02-03,NCh,R1,1,4,LOVERIDGE_Lachlan,AUS,,16.3,9.0,9.870000000000001,1.0,
2138,Brisbane,2018,2018-02-03,NCh,R1,1,5,HUTTON_Brandon,AUS,10075184680.0,16.2,9.0,3.365,1.0,
2139,Brisbane,2018,2018-02-03,NCh,R1,2,1,GALLAGHER_Sam,AUS,10072107558.0,16.7,9.0,23.342999999999996,1.0,
2140,Brisbane,2018,2018-02-03,NCh,R1,2,2,HOFFMAN_Leigh,AUS,10055348887.0,17.7,9.0,19.603,1.0,
2141,Brisbane,2018,2018-02-03,NCh,R1,2,3,LAWSON_Ryan,AUS,,16.5,9.0,16.281999999999996,1.0,
2142,Brisbane,2018,2018-02-03,NCh,R1,2,4,BOF_Nathan,AUS,,17.7,9.0,12.906,1.0,
2143,Brisbane,2018,2018-02-03,NCh,R1,2,5,MARSHALL_Zachary,AUS,,17.5,9.0,8.944999999999999,1.0,
2144,Brisbane,2018,2018-02-03,NCh,R1,2,6,TROVAS_John,AUS,10075185084.0,16.7,9.0,2.7489999999999988,1.0,
2145,Brisbane,2018,2018-02-03,NCh,Final,1,1,GALLAGHER_Sam,AUS,10072107558.0,16.7,23.342999999999996,30.912999999999997,1.0,
2146,Brisbane,2018,2018-02-03,NCh,Final,1,2,BOOTH_Oliver,AUS,,17.4,22.091,27.320999999999998,2.0,
2147,Brisbane,2018,2018-02-03,NCh,Final,1,3,CORNISH_Thomas,AUS,10055349695.0,18.0,17.986,22.941000000000003,4.0,
2148,Brisbane,2018,2018-02-03,NCh,Final,1,4,HOFFMAN_Leigh,AUS,10055348887.0,17.7,19.603,21.076999999999998,3.0,
2149,Brisbane,2018,2018-02-03,NCh,Final,1,5,LAWSON_Ryan,AUS,,16.5,16.281999999999996,16.939999999999998,5.0,
2150,Brisbane,2018,2018-02-03,NCh,Final,1,6,CARISIMO_Carlos,AUS,10075184882.0,16.2,14.16,11.8,6.0,
2151,Brisbane,2018,2018-02-03,NCh,Final,2,1,BOF_Nathan,AUS,,17.7,12.906,16.989,1.0,
2152,Brisbane,2018,2018-02-03,NCh,Final,2,2,TROVAS_John,AUS,10075185084.0,16.7,2.7489999999999988,9.588999999999999,4.0,
2153,Brisbane,2018,2018-02-03,NCh,Final,2,3,HUTTON_Brandon,AUS,10075184680.0,16.2,3.365,6.689,3.0,
2154,Brisbane,2018,2018-02-03,NCh,Final,2,4,LOVERIDGE_Lachlan,AUS,,16.3,9.870000000000001,5.643000000000001,2.0,
2155,Apeldoorn,2018,2018-03-01,WCH,R1,1,1,LEVY_Maximilian,GER,10004601723.0,30.7,31.877000000000002,32.062,1.0,
2156,Apeldoorn,2018,2018-03-01,WCH,R1,1,2,VYNOKUROV_Andrii,UKR,10002418415.0,35.5,28.232,28.348000000000003,3.0,
2157,Apeldoorn,2018,2018-03-01,WCH,R1,1,3,LENDEL_Vasilijus,LTU,10009181234.0,22.9,24.935,25.104,5.0,
2158,Apeldoorn,2018,2018-03-01,WCH,R1,1,4,WAKIMOTO_Yuta,JPN,10005964470.0,28.9,26.511,26.476,4.0,
2159,Apeldoorn,2018,2018-03-01,WCH,R1,1,5,WEBSTER_Sam,NZL,10006184742.0,26.6,29.456,28.791,2.0,
2160,Apeldoorn,2018,2018-03-01,WCH,R1,2,1,EILERS_Joachim,GER,10006379247.0,27.9,32.81,32.925,1.0,
2161,Apeldoorn,2018,2018-03-01,WCH,R1,2,2,TRUMAN_Joseph,GBR,10017950943.0,21.0,27.186,27.458000000000002,3.0,
2162,Apeldoorn,2018,2018-03-01,WCH,R1,2,3,NITTA_Yudai,JPN,10005727327.0,32.1,22.859,23.048000000000002,4.0,
2163,Apeldoorn,2018,2018-03-01,WCH,R1,2,4,DAWKINS_Edward,NZL,10005782695.0,28.6,29.451,29.174,2.0,
2164,Apeldoorn,2018,2018-03-01,WCH,R1,2,5,SPIES_Jean,RSA,10007351671.0,28.3,3.742000000000001,3.819000000000001,5.0,
2165,Apeldoorn,2018,2018-03-01,WCH,R1,3,1,CARLIN_Jack,GBR,10009967641.0,20.9,20.061999999999998,24.466,5.0,
2166,Apeldoorn,2018,2018-03-01,WCH,R1,3,2,KELEMEN_Pavel,CZE,10006422895.0,26.8,28.11,28.194,1.0,
2167,Apeldoorn,2018,2018-03-01,WCH,R1,3,3,DÖRNBACH_Maximilian,GER,10007779683.0,22.2,25.624000000000002,25.691,2.0,
2168,Apeldoorn,2018,2018-03-01,WCH,R1,3,4,PERALTA_Juan,ESP,10006552534.0,27.8,25.176,25.092,3.0,
2169,Apeldoorn,2018,2018-03-01,WCH,R1,3,5,KANG_Shih_Feng,TPE,10010608447.0,20.7,21.996000000000002,21.764000000000003,4.0,
2170,Apeldoorn,2018,2018-03-01,WCH,R1,4,1,GLAETZER_Matthew,AUS,10006894559.0,25.5,30.232999999999997,30.428,2.0,
2171,Apeldoorn,2018,2018-03-01,WCH,R1,4,2,KAWABATA_Tomoyuki,JPN,10008098470.0,33.1,24.967,25.35,3.0,
2172,Apeldoorn,2018,2018-03-01,WCH,R1,4,3,RAMIREZ_MORALES_Santiago,COL,10009039774.0,23.6,24.707,25.037000000000003,4.0,
2173,Apeldoorn,2018,2018-03-01,WCH,R1,4,4,RAJKOWSKI_Patryk,POL,10009176281.0,22.0,22.968999999999998,23.137,5.0,
2174,Apeldoorn,2018,2018-03-01,WCH,R1,4,5,PERVIS_Francois,FRA,10003011125.0,33.4,30.76,30.444,1.0,
2175,Apeldoorn,2018,2018-03-01,WCH,R1,5,1,BÜCHLI_Matthijs,NED,10006900421.0,25.2,31.93,32.02,1.0,
2176,Apeldoorn,2018,2018-03-01,WCH,R1,5,2,SAHROM_Muhammad_Shah_Firdaus,MAS,10009150215.0,22.3,24.911,25.169999999999998,4.0,
2177,Apeldoorn,2018,2018-03-01,WCH,R1,5,3,BARRETTE_Hugo,CAN,10007212639.0,26.7,26.127,26.102,3.0,
2178,Apeldoorn,2018,2018-03-01,WCH,R1,5,4,SOJKA_David,CZE,10008950858.0,23.9,5.344999999999999,12.574000000000002,5.0,
2179,Apeldoorn,2018,2018-03-01,WCH,R1,5,5,LAFARGUE_Quentin,FRA,10005930724.0,27.3,26.272,25.69,2.0,
2180,Apeldoorn,2018,2018-03-01,WCH,R1,6,1,PUERTA_ZAPATA_Fabian_Hernando,COL,10006904360.0,26.6,31.998,32.159,1.0,
2181,Apeldoorn,2018,2018-03-01,WCH,R1,6,2,CASTLE_Jordan,NZL,10009138491.0,21.7,24.872,26.163999999999998,4.0,
2182,Apeldoorn,2018,2018-03-01,WCH,R1,6,3,AWANG_Mohd_Azizulhasni,MAS,10004868370.0,30.2,29.232000000000003,29.203,2.0,
2183,Apeldoorn,2018,2018-03-01,WCH,R1,6,4,LAVREYSEN_Harrie,NED,10009535686.0,21.0,27.708000000000002,26.568,3.0,
2184,Apeldoorn,2018,2018-03-01,WCH,Rep,1,1,VYNOKUROV_Andrii,UKR,10002418415.0,35.5,28.348000000000003,28.531999999999996,3.0,
2185,Apeldoorn,2018,2018-03-01,WCH,Rep,1,2,AWANG_Mohd_Azizulhasni,MAS,10004868370.0,30.2,29.203,29.225,2.0,
2186,Apeldoorn,2018,2018-03-01,WCH,Rep,1,3,PERVIS_Francois,FRA,10003011125.0,33.4,30.444,30.286,1.0,
2187,Apeldoorn,2018,2018-03-01,WCH,Rep,1,4,SOJKA_David,CZE,10008950858.0,23.9,12.574000000000002,12.468,4.0,
2188,Apeldoorn,2018,2018-03-01,WCH,Rep,2,1,BARRETTE_Hugo,CAN,10007212639.0,26.7,26.102,26.310000000000002,2.0,
2189,Apeldoorn,2018,2018-03-01,WCH,Rep,2,2,RAJKOWSKI_Patryk,POL,10009176281.0,22.0,23.137,23.526,3.0,
2190,Apeldoorn,2018,2018-03-01,WCH,Rep,2,3,TRUMAN_Joseph,GBR,10017950943.0,21.0,27.458000000000002,27.094,1.0,
2191,Apeldoorn,2018,2018-03-01,WCH,Rep,2,4,KANG_Shih_Feng,TPE,10010608447.0,20.7,21.764000000000003,21.58,4.0,
2192,Apeldoorn,2018,2018-03-01,WCH,Rep,3,1,PERALTA_Juan,ESP,10006552534.0,27.8,25.092,25.45,3.0,
2193,Apeldoorn,2018,2018-03-01,WCH,Rep,3,2,KELEMEN_Pavel,CZE,10006422895.0,26.8,28.194,28.247,2.0,
2194,Apeldoorn,2018,2018-03-01,WCH,Rep,3,3,WEBSTER_Sam,NZL,10006184742.0,26.6,28.791,28.557000000000002,1.0,
2195,Apeldoorn,2018,2018-03-01,WCH,Rep,3,4,RAMIREZ_MORALES_Santiago,COL,10009039774.0,23.6,25.037000000000003,24.47,4.0,
2196,Apeldoorn,2018,2018-03-01,WCH,Rep,4,1,KAWABATA_Tomoyuki,JPN,10008098470.0,33.1,25.35,25.769000000000002,3.0,
2197,Apeldoorn,2018,2018-03-01,WCH,Rep,4,2,DAWKINS_Edward,NZL,10005782695.0,28.6,29.174,29.121,1.0,
2198,Apeldoorn,2018,2018-03-01,WCH,Rep,4,3,DÖRNBACH_Maximilian,GER,10007779683.0,22.2,25.691,25.368000000000002,2.0,
2199,Apeldoorn,2018,2018-03-01,WCH,Rep,4,4,SPIES_Jean,RSA,10007351671.0,28.3,3.819000000000001,3.873000000000001,4.0,
2200,Apeldoorn,2018,2018-03-01,WCH,Rep,5,1,WAKIMOTO_Yuta,JPN,10005964470.0,28.9,26.476,26.68,1.0,
2201,Apeldoorn,2018,2018-03-01,WCH,Rep,5,2,LENDEL_Vasilijus,LTU,10009181234.0,22.9,25.104,25.23,4.0,
2202,Apeldoorn,2018,2018-03-01,WCH,Rep,5,3,SAHROM_Muhammad_Shah_Firdaus,MAS,10009150215.0,22.3,25.169999999999998,25.124000000000002,3.0,
2203,Apeldoorn,2018,2018-03-01,WCH,Rep,5,4,LAFARGUE_Quentin,FRA,10005930724.0,27.3,25.69,25.332,2.0,
2204,Apeldoorn,2018,2018-03-01,WCH,Rep,6,1,LAVREYSEN_Harrie,NED,10009535686.0,21.0,26.568,27.494,1.0,
2205,Apeldoorn,2018,2018-03-01,WCH,Rep,6,2,CASTLE_Jordan,NZL,10009138491.0,21.7,26.163999999999998,26.133000000000003,2.0,
2206,Apeldoorn,2018,2018-03-01,WCH,Rep,6,3,NITTA_Yudai,JPN,10005727327.0,32.1,23.048000000000002,22.958,3.0,
2207,Apeldoorn,2018,2018-03-01,WCH,R2,1,1,LAVREYSEN_Harrie,NED,10009535686.0,21.0,27.494,29.205,4.0,
2208,Apeldoorn,2018,2018-03-01,WCH,R2,1,2,LEVY_Maximilian,GER,10004601723.0,30.7,32.062,32.18,2.0,
2209,Apeldoorn,2018,2018-03-01,WCH,R2,1,3,PUERTA_ZAPATA_Fabian_Hernando,COL,10006904360.0,26.6,32.159,32.146,1.0,
2210,Apeldoorn,2018,2018-03-01,WCH,R2,1,4,GLAETZER_Matthew,AUS,10006894559.0,25.5,30.428,30.364,3.0,
2211,Apeldoorn,2018,2018-03-01,WCH,R2,1,5,WAKIMOTO_Yuta,JPN,10005964470.0,28.9,26.68,26.643,5.0,
2212,Apeldoorn,2018,2018-03-01,WCH,R2,1,6,PERALTA_Juan,ESP,10006552534.0,27.8,25.45,25.262,6.0,
2213,Apeldoorn,2018,2018-03-01,WCH,R2,2,1,BÜCHLI_Matthijs,NED,10006900421.0,25.2,32.02,32.208,2.0,
2214,Apeldoorn,2018,2018-03-01,WCH,R2,2,2,CARLIN_Jack,GBR,10009967641.0,20.9,24.466,26.747,6.0,
2215,Apeldoorn,2018,2018-03-01,WCH,R2,2,3,KAWABATA_Tomoyuki,JPN,10008098470.0,33.1,25.769000000000002,26.083,5.0,
2216,Apeldoorn,2018,2018-03-01,WCH,R2,2,4,BARRETTE_Hugo,CAN,10007212639.0,26.7,26.310000000000002,26.392000000000003,4.0,
2217,Apeldoorn,2018,2018-03-01,WCH,R2,2,5,VYNOKUROV_Andrii,UKR,10002418415.0,35.5,28.531999999999996,28.448,3.0,
2218,Apeldoorn,2018,2018-03-01,WCH,R2,2,6,EILERS_Joachim,GER,10006379247.0,27.9,32.925,32.52,1.0,
2219,Apeldoorn,2018,2018-03-01,WCH,Final,1,1,PUERTA_ZAPATA_Fabian_Hernando,COL,10006904360.0,26.6,32.146,32.368,3.0,
2220,Apeldoorn,2018,2018-03-01,WCH,Final,1,2,KAWABATA_Tomoyuki,JPN,10008098470.0,33.1,26.083,26.612,6.0,
2221,Apeldoorn,2018,2018-03-01,WCH,Final,1,3,LEVY_Maximilian,GER,10004601723.0,30.7,32.18,32.175000000000004,2.0,
2222,Apeldoorn,2018,2018-03-01,WCH,Final,1,4,BÜCHLI_Matthijs,NED,10006900421.0,25.2,32.208,32.123,1.0,
2223,Apeldoorn,2018,2018-03-01,WCH,Final,1,5,CARLIN_Jack,GBR,10009967641.0,20.9,26.747,26.45,5.0,
2224,Apeldoorn,2018,2018-03-01,WCH,Final,1,6,LAVREYSEN_Harrie,NED,10009535686.0,21.0,29.205,28.113,4.0,
2225,Apeldoorn,2018,2018-03-01,WCH,Final,2,1,GLAETZER_Matthew,AUS,10006894559.0,25.5,30.364,30.601000000000003,2.0,
2226,Apeldoorn,2018,2018-03-01,WCH,Final,2,2,VYNOKUROV_Andrii,UKR,10002418415.0,35.5,28.448,28.580000000000002,3.0,
2227,Apeldoorn,2018,2018-03-01,WCH,Final,2,3,WAKIMOTO_Yuta,JPN,10005964470.0,28.9,26.643,26.759999999999998,4.0,
2228,Apeldoorn,2018,2018-03-01,WCH,Final,2,4,BARRETTE_Hugo,CAN,10007212639.0,26.7,26.392000000000003,26.43,5.0,
2229,Apeldoorn,2018,2018-03-01,WCH,Final,2,5,PERALTA_Juan,ESP,10006552534.0,27.8,25.262,25.25,6.0,
2230,Apeldoorn,2018,2018-03-01,WCH,Final,2,6,EILERS_Joachim,GER,10006379247.0,27.9,32.52,32.097,1.0,
2231,Brisbane,2018,2018-04-06,CWG,R1,1,1,CONSTABLE_Patrick,AUS,10009009462.0,22.7,15.608,19.722,4.0,
2232,Brisbane,2018,2018-04-06,CWG,R1,1,2,AWANG_Mohd_Azizulhasni,MAS,10004868370.0,30.3,29.225,29.200000000000003,1.0,
2233,Brisbane,2018,2018-04-06,CWG,R1,1,3,BROWNE_Kwesi,TTO,10009010876.0,24.2,23.758,23.87,3.0,
2234,Brisbane,2018,2018-04-06,CWG,R1,1,4,KUMAR_Sahil,IND,10011156903.0,20.0,9.0,16.042,6.0,
2235,Brisbane,2018,2018-04-06,CWG,R1,1,5,SKINNER_Callum,GBR,10006898296.0,25.6,14.544,15.748000000000001,5.0,
2236,Brisbane,2018,2018-04-06,CWG,R1,1,6,BARRETTE_Hugo,CAN,10007212639.0,26.8,26.43,26.082,2.0,
2237,Brisbane,2018,2018-04-06,CWG,R1,2,1,GLAETZER_Matthew,AUS,10006894559.0,25.6,30.601000000000003,30.788000000000004,1.0,
2238,Brisbane,2018,2018-04-06,CWG,R1,2,2,RITTER_Stefan,CAN,10009821131.0,19.9,25.746000000000002,26.575000000000003,2.0,
2239,Brisbane,2018,2018-04-06,CWG,R1,2,3,HINDES_Philip,GBR,10007499292.0,25.5,9.0,18.866,4.0,
2240,Brisbane,2018,2018-04-06,CWG,R1,2,4,SAHROM_Muhammad_Shah_Firdaus,MAS,10009150215.0,22.4,25.124000000000002,25.012999999999998,3.0,
2241,Brisbane,2018,2018-04-06,CWG,R1,2,5,SINGH_Ranjit,IND,10050854050.0,24.6,9.0,11.115,4.0,
2242,Brisbane,2018,2018-04-06,CWG,R1,2,6,KNIPE_Bradly,NZL,10009978048.0,19.3,9.0,4.071,4.0,
2243,Brisbane,2018,2018-04-06,CWG,R1,3,1,TRUMAN_Joseph,GBR,10017950943.0,21.1,27.094,27.647000000000002,2.0,
2244,Brisbane,2018,2018-04-06,CWG,R1,3,2,WEBSTER_Sam,NZL,10006184742.0,26.7,28.557000000000002,28.628999999999998,1.0,
2245,Brisbane,2018,2018-04-06,CWG,R1,3,3,OLIVA_Lewis,GBR,10006898300.0,25.6,26.557000000000002,26.542,3.0,
2246,Brisbane,2018,2018-04-06,CWG,R1,3,4,SANANDARAJ_Sanuraj,IND_,,,9.0,14.313999999999998,4.0,
2247,Brisbane,2018,2018-04-06,CWG,R1,3,5,PAUL_Nicholas,TTO,10010821241.0,19.5,9.0,9.897,4.0,
2248,Brisbane,2018,2018-04-06,CWG,R1,3,6,ST_LOUIS_PIVIN_Patrice,CAN_,10052410393.0,,9.0,3.3309999999999995,4.0,
2249,Brisbane,2018,2018-04-06,CWG,R1,4,1,CARLIN_Jack,GBR,10009967641.0,21.0,26.45,27.973999999999997,2.0,
2250,Brisbane,2018,2018-04-06,CWG,R1,4,2,SCHMID_Jacob,AUS,10007811817.0,24.2,24.465,25.319,4.0,
2251,Brisbane,2018,2018-04-06,CWG,R1,4,3,DAWKINS_Edward,NZL,10005782695.0,28.7,29.121,29.079,1.0,
2252,Brisbane,2018,2018-04-06,CWG,R1,4,4,OWENS_Ryan,GBR,10009316024.0,22.5,9.0,17.46,5.0,
2253,Brisbane,2018,2018-04-06,CWG,R1,4,5,MOHD_ZONIS_Muhammad_Fadhil,MAS,10010645732.0,20.3,9.0,14.891,5.0,
2254,Brisbane,2018,2018-04-06,CWG,R1,4,6,PHILLIP_Njisane,TTO,10006898401.0,26.9,24.546999999999997,24.016000000000002,3.0,
2255,Brisbane,2018,2018-04-06,CWG,Rep,1,1,OWENS_Ryan,GBR,10009316024.0,22.5,17.46,21.534,2.0,
2256,Brisbane,2018,2018-04-06,CWG,Rep,1,2,BROWNE_Kwesi,TTO,10009010876.0,24.2,23.87,23.893,1.0,
2257,Brisbane,2018,2018-04-06,CWG,Rep,1,3,SANANDARAJ_Sanuraj,IND_,,,14.313999999999998,14.363999999999999,3.0,
2258,Brisbane,2018,2018-04-06,CWG,Rep,1,4,KNIPE_Bradly,NZL,10009978048.0,19.3,4.071,3.3520000000000003,4.0,
2259,Brisbane,2018,2018-04-06,CWG,Rep,2,1,BARRETTE_Hugo,CAN,10007212639.0,26.8,26.082,26.198999999999998,1.0,
2260,Brisbane,2018,2018-04-06,CWG,Rep,2,2,PAUL_Nicholas,TTO,10010821241.0,19.5,9.897,15.681000000000001,4.0,
2261,Brisbane,2018,2018-04-06,CWG,Rep,2,3,HINDES_Philip,GBR,10007499292.0,25.5,18.866,17.437,2.0,
2262,Brisbane,2018,2018-04-06,CWG,Rep,2,4,SINGH_Ranjit,IND,10050854050.0,24.6,11.115,9.548999999999998,3.0,
2263,Brisbane,2018,2018-04-06,CWG,Rep,3,1,OLIVA_Lewis,GBR,10006898300.0,25.6,26.542,26.704,1.0,
2264,Brisbane,2018,2018-04-06,CWG,Rep,3,2,PHILLIP_Njisane,TTO,10006898401.0,26.9,24.016000000000002,24.176000000000002,3.0,
2265,Brisbane,2018,2018-04-06,CWG,Rep,3,3,SAHROM_Muhammad_Shah_Firdaus,MAS,10009150215.0,22.4,25.012999999999998,24.86,2.0,
2266,Brisbane,2018,2018-04-06,CWG,Rep,3,4,SKINNER_Callum,GBR,10006898296.0,25.6,15.748000000000001,15.331,4.0,
2267,Brisbane,2018,2018-04-06,CWG,Rep,4,1,DAWKINS_Edward,NZL,10005782695.0,28.7,29.079,29.157,1.0,
2268,Brisbane,2018,2018-04-06,CWG,Rep,4,2,MOHD_ZONIS_Muhammad_Fadhil,MAS,10010645732.0,20.3,14.891,17.742,3.0,
2269,Brisbane,2018,2018-04-06,CWG,Rep,4,3,KUMAR_Sahil,IND,10011156903.0,20.0,16.042,15.506,2.0,
2270,Brisbane,2018,2018-04-06,CWG,Rep,4,4,ST_LOUIS_PIVIN_Patrice,CAN_,10052410393.0,,3.3309999999999995,2.8000000000000007,4.0,
2271,Brisbane,2018,2018-04-06,CWG,R2,1,1,WEBSTER_Sam,NZL,10006184742.0,26.7,28.628999999999998,29.168000000000003,2.0,
2272,Brisbane,2018,2018-04-06,CWG,R2,1,2,CARLIN_Jack,GBR,10009967641.0,21.0,27.973999999999997,28.645,3.0,
2273,Brisbane,2018,2018-04-06,CWG,R2,1,3,DAWKINS_Edward,NZL,10005782695.0,28.7,29.157,29.179,1.0,
2274,Brisbane,2018,2018-04-06,CWG,R2,1,4,RITTER_Stefan,CAN,10009821131.0,19.9,26.575000000000003,26.275,4.0,
2275,Brisbane,2018,2018-04-06,CWG,R2,1,5,CONSTABLE_Patrick,AUS,10009009462.0,22.7,19.722,20.16,6.0,
2276,Brisbane,2018,2018-04-06,CWG,R2,1,6,OWENS_Ryan,GBR,10009316024.0,22.5,21.534,19.017000000000003,5.0,
2277,Brisbane,2018,2018-04-06,CWG,R2,2,1,GLAETZER_Matthew,AUS,10006894559.0,25.6,30.788000000000004,31.008,1.0,
2278,Brisbane,2018,2018-04-06,CWG,R2,2,2,AWANG_Mohd_Azizulhasni,MAS,10004868370.0,30.3,29.200000000000003,29.308999999999997,2.0,
2279,Brisbane,2018,2018-04-06,CWG,R2,2,3,OLIVA_Lewis,GBR,10006898300.0,25.6,26.704,26.817,4.0,
2280,Brisbane,2018,2018-04-06,CWG,R2,2,4,TRUMAN_Joseph,GBR,10017950943.0,21.1,27.647000000000002,27.56,3.0,
2281,Brisbane,2018,2018-04-06,CWG,R2,2,5,BARRETTE_Hugo,CAN,10007212639.0,26.8,26.198999999999998,26.130000000000003,5.0,
2282,Brisbane,2018,2018-04-06,CWG,R2,2,6,SCHMID_Jacob,AUS,10007811817.0,24.2,25.319,24.558,6.0,
2283,Brisbane,2018,2018-04-06,CWG,Final,1,1,GLAETZER_Matthew,AUS,10006894559.0,25.6,31.008,31.246999999999996,1.0,
2284,Brisbane,2018,2018-04-06,CWG,Final,1,2,OLIVA_Lewis,GBR,10006898300.0,25.6,26.817,27.071,6.0,
2285,Brisbane,2018,2018-04-06,CWG,Final,1,3,DAWKINS_Edward,NZL,10005782695.0,28.7,29.179,29.250999999999998,3.0,
2286,Brisbane,2018,2018-04-06,CWG,Final,1,4,CARLIN_Jack,GBR,10009967641.0,21.0,28.645,28.479999999999997,5.0,
2287,Brisbane,2018,2018-04-06,CWG,Final,1,5,WEBSTER_Sam,NZL,10006184742.0,26.7,29.168000000000003,28.937,4.0,
2288,Brisbane,2018,2018-04-06,CWG,Final,1,6,AWANG_Mohd_Azizulhasni,MAS,10004868370.0,30.3,29.308999999999997,29.097,2.0,
2289,Brisbane,2018,2018-04-06,CWG,Final,2,1,BARRETTE_Hugo,CAN,10007212639.0,26.8,26.130000000000003,26.384,3.0,
2290,Brisbane,2018,2018-04-06,CWG,Final,2,2,CONSTABLE_Patrick,AUS,10009009462.0,22.7,20.16,21.973,5.0,
2291,Brisbane,2018,2018-04-06,CWG,Final,2,3,SCHMID_Jacob,AUS,10007811817.0,24.2,24.558,24.849,4.0,
2292,Brisbane,2018,2018-04-06,CWG,Final,2,4,TRUMAN_Joseph,GBR,10017950943.0,21.1,27.56,27.342,1.0,
2293,Brisbane,2018,2018-04-06,CWG,Final,2,5,RITTER_Stefan,CAN,10009821131.0,19.9,26.275,25.3,2.0,
2294,Brisbane,2018,2018-04-06,CWG,Final,2,6,OWENS_Ryan,GBR,10009316024.0,22.5,19.017000000000003,17.722,6.0,
2295,Adelaide,2019,2018-10-13,CCh,R1,1,1,GLAETZER_Matthew,AUS,10006894559.0,26.1,31.246999999999996,31.485,1.0,
2296,Adelaide,2019,2018-10-13,CCh,R1,1,2,OGLE_Jackson,NZL,10015443087.0,19.7,9.0,23.866,4.0,
2297,Adelaide,2019,2018-10-13,CCh,R1,1,3,BONSER_Kye,AUS,,19.5,9.0,21.627,4.0,
2298,Adelaide,2019,2018-10-13,CCh,R1,1,4,DAKIN_Sam,NZL,10010624918.0,22.1,9.0,19.615,4.0,
2299,Adelaide,2019,2018-10-13,CCh,R1,1,5,WEBSTER_Sam,NZL,10006184742.0,27.2,28.937,28.648,2.0,
2300,Adelaide,2019,2018-10-13,CCh,R1,1,6,HOFFMAN_Leigh,AUS,10055348887.0,18.3,21.076999999999998,19.665000000000003,3.0,
2301,Adelaide,2019,2018-10-13,CCh,R1,1,7,SPENCER_Sam,NZL,,18.1,9.0,5.822000000000001,4.0,
2302,Adelaide,2019,2018-10-13,CCh,R1,2,1,CONSTABLE_Patrick,AUS,10009009462.0,23.2,21.973,23.857,5.0,
2303,Adelaide,2019,2018-10-13,CCh,R1,2,2,CLARKE_Thomas,AUS,10009009260.0,23.5,22.354,23.394000000000002,4.0,
2304,Adelaide,2019,2018-10-13,CCh,R1,2,3,DAWKINS_Edward,NZL,10005782695.0,29.3,29.250999999999998,29.205,1.0,
2305,Adelaide,2019,2018-10-13,CCh,R1,2,4,MEUNIER_Tylah,AUS,,19.2,9.0,18.36,6.0,
2306,Adelaide,2019,2018-10-13,CCh,R1,2,5,WILLIAMS_Zac,NZL,10008997641.0,23.2,26.011,25.563,2.0,
2307,Adelaide,2019,2018-10-13,CCh,R1,2,6,CORNISH_Thomas,AUS,10055349695.0,18.7,22.941000000000003,20.137,3.0,
2308,Adelaide,2019,2018-10-13,CCh,R1,2,7,WILLIAMS_Jackson,AUS,10010791030.0,24.1,9.0,5.491999999999999,6.0,
2309,Adelaide,2019,2018-10-13,CCh,R1,3,1,RICHARDSON_Matthew,AUS,10015145724.0,19.5,9.0,25.469,2.0,
2310,Adelaide,2019,2018-10-13,CCh,R1,3,2,POLLARD_Ned,AUS,10061341164.0,18.0,9.0,22.379,2.0,
2311,Adelaide,2019,2018-10-13,CCh,R1,3,3,CASTLE_Jordan,NZL,10009138491.0,22.4,26.133000000000003,26.277,1.0,
2312,Adelaide,2019,2018-10-13,CCh,R1,3,4,SAUNDERS_Callum,NZL,10009012391.0,23.0,9.0,16.339,2.0,
2313,Adelaide,2019,2018-10-13,CCh,R1,3,5,EGLINGTON_Simon,AUS,,,9.0,12.89,2.0,
2314,Adelaide,2019,2018-10-13,CCh,R1,3,6,GREEN_Jamie,AUS_,10007051274.0,25.8,9.0,8.896999999999998,2.0,
2315,Adelaide,2019,2018-10-13,CCh,R1,3,7,ROWLEY_Conor,AUS,10010664829.0,20.5,9.0,2.692,2.0,
2316,Adelaide,2019,2018-10-13,CCh,R1,4,1,KNIPE_Bradly,NZL,10009978048.0,19.8,3.3520000000000003,15.927999999999997,7.0,
2317,Adelaide,2019,2018-10-13,CCh,R1,4,2,SCHMID_Jacob,AUS,10007811817.0,24.7,24.849,24.898000000000003,1.0,
2318,Adelaide,2019,2018-10-13,CCh,R1,4,3,HOUSDEN_Max,AUS,10009117071.0,22.5,9.0,15.603,2.0,
2319,Adelaide,2019,2018-10-13,CCh,R1,4,4,HOFMAN_Charles,AUS_,10010794262.0,19.8,9.0,13.020999999999999,2.0,
2320,Adelaide,2019,2018-10-13,CCh,R1,4,5,MARSHALL_Zachary,AUS,,18.1,8.944999999999999,10.835,6.0,
2321,Adelaide,2019,2018-10-13,CCh,R1,4,6,RYAN_Blake,AUS,,24.0,9.0,6.797999999999998,2.0,
2322,Adelaide,2019,2018-10-13,CCh,R1,4,7,BRISTER_James,AUS,10011146694.0,19.6,9.0,1.205,2.0,
2323,Adelaide,2019,2018-10-13,CCh,Rep,1,1,BONSER_Kye,AUS,,19.5,21.627,24.998999999999995,1.0,
2324,Adelaide,2019,2018-10-13,CCh,Rep,1,2,CORNISH_Thomas,AUS,10055349695.0,18.7,20.137,21.484,2.0,
2325,Adelaide,2019,2018-10-13,CCh,Rep,1,3,EGLINGTON_Simon,AUS,,,12.89,15.560000000000002,4.0,
2326,Adelaide,2019,2018-10-13,CCh,Rep,1,4,HOFMAN_Charles,AUS_,10010794262.0,19.8,13.020999999999999,12.902,3.0,
2327,Adelaide,2019,2018-10-13,CCh,Rep,1,5,SPENCER_Sam,NZL,,18.1,5.822000000000001,4.225,5.0,
2328,Adelaide,2019,2018-10-13,CCh,Rep,2,1,WILLIAMS_Zac,NZL,10008997641.0,23.2,25.563,26.288,2.0,
2329,Adelaide,2019,2018-10-13,CCh,Rep,2,2,SAUNDERS_Callum,NZL,10009012391.0,23.0,16.339,21.03,4.0,
2330,Adelaide,2019,2018-10-13,CCh,Rep,2,3,DAWKINS_Edward,NZL,10005782695.0,29.3,29.205,29.049,1.0,
2331,Adelaide,2019,2018-10-13,CCh,Rep,2,4,BRISTER_James,AUS,10011146694.0,19.6,1.205,9.928,5.0,
2332,Adelaide,2019,2018-10-13,CCh,Rep,2,5,HOFFMAN_Leigh,AUS,10055348887.0,18.3,19.665000000000003,17.067,3.0,
2333,Adelaide,2019,2018-10-13,CCh,Rep,3,1,WEBSTER_Sam,NZL,10006184742.0,27.2,28.648,28.884999999999998,1.0,
2334,Adelaide,2019,2018-10-13,CCh,Rep,3,2,CASTLE_Jordan,NZL,10009138491.0,22.4,26.277,26.223,2.0,
2335,Adelaide,2019,2018-10-13,CCh,Rep,3,3,RYAN_Blake,AUS,,24.0,6.797999999999998,12.57,4.0,
2336,Adelaide,2019,2018-10-13,CCh,Rep,3,4,ROWLEY_Conor,AUS,10010664829.0,20.5,2.692,8.917,5.0,
2337,Adelaide,2019,2018-10-13,CCh,Rep,3,5,MEUNIER_Tylah,AUS,,19.2,18.36,13.919999999999998,3.0,
2338,Adelaide,2019,2018-10-13,CCh,Rep,4,1,DAKIN_Sam,NZL,10010624918.0,22.1,19.615,22.735999999999997,1.0,
2339,Adelaide,2019,2018-10-13,CCh,Rep,4,2,GREEN_Jamie,AUS_,10007051274.0,25.8,8.896999999999998,15.27,4.0,
2340,Adelaide,2019,2018-10-13,CCh,Rep,4,3,HOUSDEN_Max,AUS,10009117071.0,22.5,15.603,15.87,2.0,
2341,Adelaide,2019,2018-10-13,CCh,Rep,4,4,MARSHALL_Zachary,AUS,,18.1,10.835,11.168000000000001,3.0,
2342,Adelaide,2019,2018-10-13,CCh,Rep,4,5,WILLIAMS_Jackson,AUS,10010791030.0,24.1,5.491999999999999,3.5600000000000005,5.0,
2343,Adelaide,2019,2018-10-13,CCh,R2,1,1,GLAETZER_Matthew,AUS,10006894559.0,26.1,31.485,31.66,1.0,
2344,Adelaide,2019,2018-10-13,CCh,R2,1,2,DAKIN_Sam,NZL,10010624918.0,22.1,22.735999999999997,25.389000000000003,4.0,
2345,Adelaide,2019,2018-10-13,CCh,R2,1,3,CLARKE_Thomas,AUS,10009009260.0,23.5,23.394000000000002,23.929,3.0,
2346,Adelaide,2019,2018-10-13,CCh,R2,1,4,KNIPE_Bradly,NZL,10009978048.0,19.8,15.927999999999997,18.911,6.0,
2347,Adelaide,2019,2018-10-13,CCh,R2,1,5,BONSER_Kye,AUS,,19.5,24.998999999999995,22.666,2.0,
2348,Adelaide,2019,2018-10-13,CCh,R2,1,6,POLLARD_Ned,AUS,10061341164.0,18.0,22.379,17.905,5.0,
2349,Adelaide,2019,2018-10-13,CCh,R2,2,1,SCHMID_Jacob,AUS,10007811817.0,24.7,24.898000000000003,25.924999999999997,4.0,
2350,Adelaide,2019,2018-10-13,CCh,R2,2,2,CONSTABLE_Patrick,AUS,10009009462.0,23.2,23.857,25.041,6.0,
2351,Adelaide,2019,2018-10-13,CCh,R2,2,3,WEBSTER_Sam,NZL,10006184742.0,27.2,28.884999999999998,28.924,1.0,
2352,Adelaide,2019,2018-10-13,CCh,R2,2,4,RICHARDSON_Matthew,AUS,10015145724.0,19.5,25.469,24.273,3.0,
2353,Adelaide,2019,2018-10-13,CCh,R2,2,5,OGLE_Jackson,NZL,10015443087.0,19.7,23.866,22.664,5.0,
2354,Adelaide,2019,2018-10-13,CCh,R2,2,6,WILLIAMS_Zac,NZL,10008997641.0,23.2,26.288,25.633,2.0,
2355,Adelaide,2019,2018-10-13,CCh,Final,1,1,GLAETZER_Matthew,AUS,10006894559.0,26.1,31.66,31.853,1.0,
2356,Adelaide,2019,2018-10-13,CCh,Final,1,2,SCHMID_Jacob,AUS,10007811817.0,24.7,25.924999999999997,26.57,3.0,
2357,Adelaide,2019,2018-10-13,CCh,Final,1,3,DAKIN_Sam,NZL,10010624918.0,22.1,25.389000000000003,26.265,4.0,
2358,Adelaide,2019,2018-10-13,CCh,Final,1,4,CONSTABLE_Patrick,AUS,10009009462.0,23.2,25.041,25.284,5.0,
2359,Adelaide,2019,2018-10-13,CCh,Final,1,5,WEBSTER_Sam,NZL,10006184742.0,27.2,28.924,28.649,2.0,
2360,Adelaide,2019,2018-10-13,CCh,Final,1,6,CLARKE_Thomas,AUS,10009009260.0,23.5,23.929,23.453,6.0,
2361,Adelaide,2019,2018-10-13,CCh,Final,2,1,WILLIAMS_Zac,NZL,10008997641.0,23.2,25.633,26.471999999999998,1.0,
2362,Adelaide,2019,2018-10-13,CCh,Final,2,2,OGLE_Jackson,NZL,10015443087.0,19.7,22.664,24.792,4.0,
2363,Adelaide,2019,2018-10-13,CCh,Final,2,3,RICHARDSON_Matthew,AUS,10015145724.0,19.5,24.273,24.661,2.0,
2364,Adelaide,2019,2018-10-13,CCh,Final,2,4,POLLARD_Ned,AUS,10061341164.0,18.0,17.905,19.762999999999998,6.0,
2365,Adelaide,2019,2018-10-13,CCh,Final,2,5,KNIPE_Bradly,NZL,10009978048.0,19.8,18.911,19.162,5.0,
2366,Adelaide,2019,2018-10-13,CCh,Final,2,6,BONSER_Kye,AUS,,19.5,22.666,20.256999999999998,3.0,
2367,Paris,2019,2018-10-20,WC,R1,1,1,GLAETZER_Matthew,AUS,10006894559.0,26.2,31.853,31.999,1.0,
2368,Paris,2019,2018-10-20,WC,R1,1,2,VORZHEV_Pavel,KAZ,10007828183.0,25.1,19.885,22.0,5.0,
2369,Paris,2019,2018-10-20,WC,R1,1,3,QUINTERO_CHAVARRO_Kevin_Santiago,COL,10010830840.0,20.0,9.0,20.645,6.0,
2370,Paris,2019,2018-10-20,WC,R1,1,4,LENDEL_Vasilijus,LTU,10009181234.0,23.5,25.23,25.287,3.0,
2371,Paris,2019,2018-10-20,WC,R1,1,5,LIU_Kuan,CHN,10014664057.0,22.6,9.0,17.159,6.0,
2372,Paris,2019,2018-10-20,WC,R1,1,6,PERKINS_Shane_Alan,RUS,10051694112.0,31.8,28.244,27.801000000000002,2.0,
2373,Paris,2019,2018-10-20,WC,R1,1,7,OMELCHENKO_Sergii,AZE,10006319633.0,28.9,22.847,22.644,4.0,
2374,Paris,2019,2018-10-20,WC,R1,2,1,BOS_Theo,NED,10050887493.0,35.2,22.144,25.707,4.0,
2375,Paris,2019,2018-10-20,WC,R1,2,2,DAWKINS_Edward,NZL,10005782695.0,29.3,29.049,29.11,2.0,
2376,Paris,2019,2018-10-20,WC,R1,2,3,PERALTA_Juan,ESP,10006552534.0,28.4,25.25,25.352,3.0,
2377,Paris,2019,2018-10-20,WC,R1,2,4,SZALONTAY_Sándor,HUN,10007073506.0,28.3,19.269,19.767,6.0,
2378,Paris,2019,2018-10-20,WC,R1,2,5,NOVIK_Uladzislau,BLR,10009049979.0,23.6,19.83,20.128999999999998,5.0,
2379,Paris,2019,2018-10-20,WC,R1,2,6,AWANG_Mohd_Azizulhasni,MAS,10004868370.0,30.8,29.097,28.796000000000003,1.0,
2380,Paris,2019,2018-10-20,WC,R1,2,7,CECI_Luca,ITA,10006108051.0,29.8,15.225000000000001,14.866000000000001,7.0,
2381,Paris,2019,2018-10-20,WC,R1,3,1,CARLIN_Jack,GBR,10009967641.0,21.5,28.479999999999997,29.294,1.0,
2382,Paris,2019,2018-10-20,WC,R1,3,2,KAWABATA_Tomoyuki,JPN,10008098470.0,33.7,26.612,26.854000000000003,3.0,
2383,Paris,2019,2018-10-20,WC,R1,3,3,CANELON_VERA_Hersony_Gadiel,VEN,10004717719.0,29.9,25.032000000000004,25.191000000000003,4.0,
2384,Paris,2019,2018-10-20,WC,R1,3,4,JURCZYK_Marc,GER,10009178002.0,22.7,23.154,23.308,5.0,
2385,Paris,2019,2018-10-20,WC,R1,3,5,BÁBEK_Tomáš,CZE,10004612534.0,31.4,27.677999999999997,27.281,2.0,
2386,Paris,2019,2018-10-20,WC,R1,3,6,SPIES_Jean,RSA,10007351671.0,28.9,3.873000000000001,9.163000000000002,7.0,
2387,Paris,2019,2018-10-20,WC,R1,3,7,TJON_EN_FA_Jaïr,SUR,10117936018.0,25.0,18.285999999999998,16.984,6.0,
2388,Paris,2019,2018-10-20,WC,R1,4,1,PERVIS_Francois,FRA,10003011125.0,34.0,30.286,30.496999999999996,1.0,
2389,Paris,2019,2018-10-20,WC,R1,4,2,FONSECA_DA_SILVA_FREITAS_Kacio,BRA,10008108574.0,24.4,9.0,23.612000000000002,6.0,
2390,Paris,2019,2018-10-20,WC,R1,4,3,VYNOKUROV_Andrii,UKR,10002418415.0,36.2,28.580000000000002,28.625999999999998,2.0,
2391,Paris,2019,2018-10-20,WC,R1,4,4,MAKSEL_Krzysztof,POL,10006902239.0,27.3,27.629,27.593,3.0,
2392,Paris,2019,2018-10-20,WC,R1,4,5,WAKIMOTO_Yuta,JPN,10005964470.0,29.6,26.759999999999998,26.666,4.0,
2393,Paris,2019,2018-10-20,WC,R1,4,6,CECI_Francesco,ITA,10006073493.0,28.8,22.554,22.487000000000002,5.0,
2394,Paris,2019,2018-10-20,WC,R1,4,7,LIGTLEE_Sam,NED,10009972994.0,20.9,9.0,5.521000000000001,6.0,
2395,Paris,2019,2018-10-20,WC,Rep,1,1,MAKSEL_Krzysztof,POL,10006902239.0,27.3,27.593,27.958000000000002,2.0,
2396,Paris,2019,2018-10-20,WC,Rep,1,2,AWANG_Mohd_Azizulhasni,MAS,10004868370.0,30.8,28.796000000000003,28.853,1.0,
2397,Paris,2019,2018-10-20,WC,Rep,1,3,QUINTERO_CHAVARRO_Kevin_Santiago,COL,10010830840.0,20.0,20.645,22.498,5.0,
2398,Paris,2019,2018-10-20,WC,Rep,1,4,BÁBEK_Tomáš,CZE,10004612534.0,31.4,27.281,27.067,3.0,
2399,Paris,2019,2018-10-20,WC,Rep,1,5,OMELCHENKO_Sergii,AZE,10006319633.0,28.9,22.644,22.514000000000003,4.0,
2400,Paris,2019,2018-10-20,WC,Rep,2,1,JURCZYK_Marc,GER,10009178002.0,22.7,23.308,24.025,3.0,
2401,Paris,2019,2018-10-20,WC,Rep,2,2,PERKINS_Shane_Alan,RUS,10051694112.0,31.8,27.801000000000002,27.77,1.0,
2402,Paris,2019,2018-10-20,WC,Rep,2,3,NOVIK_Uladzislau,BLR,10009049979.0,23.6,20.128999999999998,20.559,4.0,
2403,Paris,2019,2018-10-20,WC,Rep,2,4,PERALTA_Juan,ESP,10006552534.0,28.4,25.352,25.139,2.0,
2404,Paris,2019,2018-10-20,WC,Rep,2,5,LIGTLEE_Sam,NED,10009972994.0,20.9,5.521000000000001,5.151,5.0,
2405,Paris,2019,2018-10-20,WC,Rep,3,1,CANELON_VERA_Hersony_Gadiel,VEN,10004717719.0,29.9,25.191000000000003,25.415999999999997,1.0,
2406,Paris,2019,2018-10-20,WC,Rep,3,2,SZALONTAY_Sándor,HUN,10007073506.0,28.3,19.767,20.180999999999997,3.0,
2407,Paris,2019,2018-10-20,WC,Rep,3,3,TJON_EN_FA_Jaïr,SUR,10117936018.0,25.0,16.984,17.683,5.0,
2408,Paris,2019,2018-10-20,WC,Rep,3,4,CECI_Francesco,ITA,10006073493.0,28.8,22.487000000000002,22.378,2.0,
2409,Paris,2019,2018-10-20,WC,Rep,3,5,LIU_Kuan,CHN,10014664057.0,22.6,17.159,14.239,4.0,
2410,Paris,2019,2018-10-20,WC,Rep,4,1,WAKIMOTO_Yuta,JPN,10005964470.0,29.6,26.666,26.811,2.0,
2411,Paris,2019,2018-10-20,WC,Rep,4,2,CECI_Luca,ITA,10006108051.0,29.8,14.866000000000001,16.668,4.0,
2412,Paris,2019,2018-10-20,WC,Rep,4,3,VYNOKUROV_Andrii,UKR,10002418415.0,36.2,28.625999999999998,28.464,1.0,
2413,Paris,2019,2018-10-20,WC,Rep,4,4,LENDEL_Vasilijus,LTU,10009181234.0,23.5,25.287,25.066,3.0,
2414,Paris,2019,2018-10-20,WC,Rep,4,5,SPIES_Jean,RSA,10007351671.0,28.9,9.163000000000002,8.94,5.0,
2415,Paris,2019,2018-10-20,WC,R2,1,1,DAWKINS_Edward,NZL,10005782695.0,29.3,29.11,29.365,3.0,
2416,Paris,2019,2018-10-20,WC,R2,1,2,MAKSEL_Krzysztof,POL,10006902239.0,27.3,27.958000000000002,28.224,4.0,
2417,Paris,2019,2018-10-20,WC,R2,1,3,WAKIMOTO_Yuta,JPN,10005964470.0,29.6,26.811,26.948,6.0,
2418,Paris,2019,2018-10-20,WC,R2,1,4,KAWABATA_Tomoyuki,JPN,10008098470.0,33.7,26.854000000000003,26.934,5.0,
2419,Paris,2019,2018-10-20,WC,R2,1,5,GLAETZER_Matthew,AUS,10006894559.0,26.2,31.999,31.766,1.0,
2420,Paris,2019,2018-10-20,WC,R2,1,6,PERVIS_Francois,FRA,10003011125.0,34.0,30.496999999999996,30.238,2.0,
2421,Paris,2019,2018-10-20,WC,R2,2,1,CARLIN_Jack,GBR,10009967641.0,21.5,29.294,30.144999999999996,1.0,
2422,Paris,2019,2018-10-20,WC,R2,2,2,BOS_Theo,NED,10050887493.0,35.2,25.707,27.107,2.0,
2423,Paris,2019,2018-10-20,WC,R2,2,3,CANELON_VERA_Hersony_Gadiel,VEN,10004717719.0,29.9,25.415999999999997,25.624,3.0,
2424,Paris,2019,2018-10-20,WC,R2,2,4,FONSECA_DA_SILVA_FREITAS_Kacio,BRA,10008108574.0,24.4,23.612000000000002,23.435000000000002,5.0,
2425,Paris,2019,2018-10-20,WC,R2,2,5,JURCZYK_Marc,GER,10009178002.0,22.7,24.025,23.909,4.0,
2426,Paris,2019,2018-10-20,WC,R2,2,6,VORZHEV_Pavel,KAZ,10007828183.0,25.1,22.0,21.23,6.0,
2427,Paris,2019,2018-10-20,WC,Final,1,1,WAKIMOTO_Yuta,JPN,10005964470.0,29.6,26.948,27.262,5.0,
2428,Paris,2019,2018-10-20,WC,Final,1,2,DAWKINS_Edward,NZL,10005782695.0,29.3,29.365,29.489,2.0,
2429,Paris,2019,2018-10-20,WC,Final,1,3,MAKSEL_Krzysztof,POL,10006902239.0,27.3,28.224,28.337,3.0,
2430,Paris,2019,2018-10-20,WC,Final,1,4,CARLIN_Jack,GBR,10009967641.0,21.5,30.144999999999996,29.767999999999997,1.0,
2431,Paris,2019,2018-10-20,WC,Final,1,5,BOS_Theo,NED,10050887493.0,35.2,27.107,26.274,4.0,
2432,Paris,2019,2018-10-20,WC,Final,1,6,CANELON_VERA_Hersony_Gadiel,VEN,10004717719.0,29.9,25.624,25.384999999999998,6.0,
2433,Paris,2019,2018-10-20,WC,Final,2,1,VORZHEV_Pavel,KAZ,10007828183.0,25.1,21.23,23.287999999999997,6.0,
2434,Paris,2019,2018-10-20,WC,Final,2,2,PERVIS_Francois,FRA,10003011125.0,34.0,30.238,30.294,2.0,
2435,Paris,2019,2018-10-20,WC,Final,2,3,GLAETZER_Matthew,AUS,10006894559.0,26.2,31.766,31.676000000000002,1.0,
2436,Paris,2019,2018-10-20,WC,Final,2,4,KAWABATA_Tomoyuki,JPN,10008098470.0,33.7,26.934,26.919,3.0,
2437,Paris,2019,2018-10-20,WC,Final,2,5,JURCZYK_Marc,GER,10009178002.0,22.7,23.909,23.858,4.0,
2438,Paris,2019,2018-10-20,WC,Final,2,6,FONSECA_DA_SILVA_FREITAS_Kacio,BRA,10008108574.0,24.4,23.435000000000002,21.174,5.0,
2439,Milton,2019,2018-10-27,WC,R1,1,1,BARRETTE_Hugo,CAN,10007212639.0,27.3,26.384,26.604,2.0,
2440,Milton,2019,2018-10-27,WC,R1,1,2,VYNOKUROV_Andrii,UKR,10002418415.0,36.2,28.464,28.476,1.0,
2441,Milton,2019,2018-10-27,WC,R1,1,3,PERALTA_Juan,ESP,10006552534.0,28.4,25.139,25.157,3.0,
2442,Milton,2019,2018-10-27,WC,R1,1,4,FONSECA_DA_SILVA_FREITAS_Kacio,BRA,10008108574.0,24.5,21.174,20.804,4.0,
2443,Milton,2019,2018-10-27,WC,R1,1,5,LAW_Tsz_Chun,HKG,10011155990.0,20.7,9.0,10.386999999999999,5.0,
2444,Milton,2019,2018-10-27,WC,R1,1,6,SPIES_Jean,RSA,10007351671.0,28.9,8.94,8.277,6.0,
2445,Milton,2019,2018-10-27,WC,R1,2,1,LAVREYSEN_Harrie,NED,10009535686.0,21.6,28.113,29.215000000000003,3.0,
2446,Milton,2019,2018-10-27,WC,R1,2,2,MAKSEL_Krzysztof,POL,10006902239.0,27.3,28.337,28.572,2.0,
2447,Milton,2019,2018-10-27,WC,R1,2,3,KENNY_Jason,GBR,10004599194.0,30.6,31.418,31.361000000000004,1.0,
2448,Milton,2019,2018-10-27,WC,R1,2,4,KAWABATA_Tomoyuki,JPN,10008098470.0,33.7,26.919,26.937,5.0,
2449,Milton,2019,2018-10-27,WC,R1,2,5,TJON_EN_FA_Jaïr,SUR,10117936018.0,25.0,17.683,18.686,7.0,
2450,Milton,2019,2018-10-27,WC,R1,2,6,BÁBEK_Tomáš,CZE,10004612534.0,31.4,27.067,26.717,4.0,
2451,Milton,2019,2018-10-27,WC,R1,2,7,CECI_Francesco,ITA,10006073493.0,28.9,22.378,22.241,6.0,
2452,Milton,2019,2018-10-27,WC,R1,3,1,BÜCHLI_Matthijs,NED,10006900421.0,25.9,32.123,32.222,1.0,
2453,Milton,2019,2018-10-27,WC,R1,3,3,WAKIMOTO_Yuta,JPN,10005964470.0,29.6,27.262,27.361,2.0,
2454,Milton,2019,2018-10-27,WC,R1,3,3,VIGIER_Sébastien,FRA,10010678569.0,21.5,28.231,28.302000000000003,1.0,
2455,Milton,2019,2018-10-27,WC,R1,3,4,NOVIK_Uladzislau,BLR,10009049979.0,23.6,20.559,21.188,4.0,
2456,Milton,2019,2018-10-27,WC,R1,3,5,DUBCHENKO_Aleksandr,RUS,10007772108.0,23.7,22.963,22.929,2.0,
2457,Milton,2019,2018-10-27,WC,R1,3,6,OMELCHENKO_Sergii,AZE,10006319633.0,28.9,22.514000000000003,22.386,3.0,
2458,Milton,2019,2018-10-27,WC,R1,3,7,ARCHAMBAULT_Joel,CAN,10009307435.0,26.6,9.0,5.171999999999999,5.0,
2459,Milton,2019,2018-10-27,WC,R1,4,1,CONSTABLE_Patrick,AUS,10009009462.0,23.3,25.284,26.45,4.0,
2460,Milton,2019,2018-10-27,WC,R1,4,2,DAWKINS_Edward,NZL,10005782695.0,29.3,29.489,29.569000000000003,1.0,
2461,Milton,2019,2018-10-27,WC,R1,4,3,DÖRNBACH_Maximilian,GER,10007779683.0,22.8,25.368000000000002,25.71,3.0,
2462,Milton,2019,2018-10-27,WC,R1,4,4,VERDUGO_OSUNA_Edgar,MEX,10007890932.0,24.4,20.859,21.564999999999998,7.0,
2463,Milton,2019,2018-10-27,WC,R1,4,5,QUINTERO_CHAVARRO_Kevin_Santiago,COL,10010830840.0,20.0,22.498,22.563,6.0,
2464,Milton,2019,2018-10-27,WC,R1,4,6,LENDEL_Vasilijus,LTU,10009181234.0,23.6,25.066,24.955,5.0,
2465,Milton,2019,2018-10-27,WC,R1,4,7,AWANG_Mohd_Azizulhasni,MAS,10004868370.0,30.8,28.853,28.56,2.0,
2466,Milton,2019,2018-10-27,WC,Rep,1,1,BÁBEK_Tomáš,CZE,10004612534.0,31.4,26.717,26.98,1.0,
2467,Milton,2019,2018-10-27,WC,Rep,1,2,PERALTA_Juan,ESP,10006552534.0,28.4,25.157,25.228,2.0,
2468,Milton,2019,2018-10-27,WC,Rep,1,3,DUBCHENKO_Aleksandr,RUS,10007772108.0,23.7,22.929,22.915000000000003,3.0,
2469,Milton,2019,2018-10-27,WC,Rep,1,4,VERDUGO_OSUNA_Edgar,MEX,10007890932.0,24.4,21.564999999999998,21.134,4.0,
2470,Milton,2019,2018-10-27,WC,Rep,2,1,KENNY_Jason,GBR,10004599194.0,30.6,31.361000000000004,31.447000000000003,1.0,
2471,Milton,2019,2018-10-27,WC,Rep,2,2,NOVIK_Uladzislau,BLR,10009049979.0,23.6,21.188,21.883000000000003,3.0,
2472,Milton,2019,2018-10-27,WC,Rep,2,3,AWANG_Mohd_Azizulhasni,MAS,10004868370.0,30.8,28.56,28.418999999999997,2.0,
2473,Milton,2019,2018-10-27,WC,Rep,2,4,SPIES_Jean,RSA,10007351671.0,28.9,8.277,10.780999999999999,5.0,
2474,Milton,2019,2018-10-27,WC,Rep,2,5,TJON_EN_FA_Jaïr,SUR,10117936018.0,25.0,18.686,17.865,4.0,
2475,Milton,2019,2018-10-27,WC,Rep,3,1,WAKIMOTO_Yuta,JPN,10005964470.0,29.6,27.361,27.511,1.0,
2476,Milton,2019,2018-10-27,WC,Rep,3,2,ARCHAMBAULT_Joel,CAN,10009307435.0,26.6,5.171999999999999,16.793,5.0,
2477,Milton,2019,2018-10-27,WC,Rep,3,3,KAWABATA_Tomoyuki,JPN,10008098470.0,33.7,26.937,26.808999999999997,2.0,
2478,Milton,2019,2018-10-27,WC,Rep,3,4,LENDEL_Vasilijus,LTU,10009181234.0,23.6,24.955,24.790999999999997,3.0,
2479,Milton,2019,2018-10-27,WC,Rep,3,5,LAW_Tsz_Chun,HKG,10011155990.0,20.7,10.386999999999999,9.584,4.0,
2480,Milton,2019,2018-10-27,WC,Rep,4,1,QUINTERO_CHAVARRO_Kevin_Santiago,COL,10010830840.0,20.0,22.563,24.618,2.0,
2481,Milton,2019,2018-10-27,WC,Rep,4,2,DÖRNBACH_Maximilian,GER,10007779683.0,22.8,25.71,25.882,1.0,
2482,Milton,2019,2018-10-27,WC,Rep,4,3,CECI_Francesco,ITA,10006073493.0,28.9,22.241,22.316,4.0,
2483,Milton,2019,2018-10-27,WC,Rep,4,4,FONSECA_DA_SILVA_FREITAS_Kacio,BRA,10008108574.0,24.5,20.804,20.555,5.0,
2484,Milton,2019,2018-10-27,WC,Rep,4,5,OMELCHENKO_Sergii,AZE,10006319633.0,28.9,22.386,22.188,3.0,
2485,Milton,2019,2018-10-27,WC,R2,1,1,VIGIER_Sébastien,FRA,10010678569.0,21.5,28.302000000000003,29.467,2.0,
2486,Milton,2019,2018-10-27,WC,R2,1,2,BÁBEK_Tomáš,CZE,10004612534.0,31.4,26.98,27.29,3.0,
2487,Milton,2019,2018-10-27,WC,R2,1,3,BARRETTE_Hugo,CAN,10007212639.0,27.3,26.604,26.712999999999997,4.0,
2488,Milton,2019,2018-10-27,WC,R2,1,4,MAKSEL_Krzysztof,POL,10006902239.0,27.3,28.572,28.497999999999998,1.0,
2489,Milton,2019,2018-10-27,WC,R2,1,5,QUINTERO_CHAVARRO_Kevin_Santiago,COL,10010830840.0,20.0,24.618,24.242,6.0,
2490,Milton,2019,2018-10-27,WC,R2,1,6,CONSTABLE_Patrick,AUS,10009009462.0,23.3,26.45,25.705,5.0,
2491,Milton,2019,2018-10-27,WC,R2,2,1,BÜCHLI_Matthijs,NED,10006900421.0,25.9,32.222,32.407999999999994,1.0,
2492,Milton,2019,2018-10-27,WC,R2,2,2,WAKIMOTO_Yuta,JPN,10005964470.0,29.6,27.511,27.737,6.0,
2493,Milton,2019,2018-10-27,WC,R2,2,3,KENNY_Jason,GBR,10004599194.0,30.6,31.447000000000003,31.442999999999998,2.0,
2494,Milton,2019,2018-10-27,WC,R2,2,4,DAWKINS_Edward,NZL,10005782695.0,29.3,29.569000000000003,29.551000000000002,3.0,
2495,Milton,2019,2018-10-27,WC,R2,2,5,VYNOKUROV_Andrii,UKR,10002418415.0,36.2,28.476,28.412,5.0,
2496,Milton,2019,2018-10-27,WC,R2,2,6,LAVREYSEN_Harrie,NED,10009535686.0,21.6,29.215000000000003,28.243000000000002,4.0,
2497,Milton,2019,2018-10-27,WC,Final,1,1,KENNY_Jason,GBR,10004599194.0,30.6,31.442999999999998,31.673999999999996,2.0,
2498,Milton,2019,2018-10-27,WC,Final,1,2,BARRETTE_Hugo,CAN,10007212639.0,27.3,26.712999999999997,26.963,6.0,
2499,Milton,2019,2018-10-27,WC,Final,1,3,BÜCHLI_Matthijs,NED,10006900421.0,25.9,32.407999999999994,32.367,1.0,
2500,Milton,2019,2018-10-27,WC,Final,1,4,VIGIER_Sébastien,FRA,10010678569.0,21.5,29.467,29.202999999999996,3.0,
2501,Milton,2019,2018-10-27,WC,Final,1,5,BÁBEK_Tomáš,CZE,10004612534.0,31.4,27.29,27.21,5.0,
2502,Milton,2019,2018-10-27,WC,Final,1,6,WAKIMOTO_Yuta,JPN,10005964470.0,29.6,27.737,27.552999999999997,4.0,
2503,Milton,2019,2018-10-27,WC,Final,2,1,CONSTABLE_Patrick,AUS,10009009462.0,23.3,25.705,26.761,5.0,
2504,Milton,2019,2018-10-27,WC,Final,2,2,DAWKINS_Edward,NZL,10005782695.0,29.3,29.551000000000002,29.659,1.0,
2505,Milton,2019,2018-10-27,WC,Final,2,3,LAVREYSEN_Harrie,NED,10009535686.0,21.6,28.243000000000002,28.395000000000003,4.0,
2506,Milton,2019,2018-10-27,WC,Final,2,4,QUINTERO_CHAVARRO_Kevin_Santiago,COL,10010830840.0,20.0,24.242,24.718999999999998,6.0,
2507,Milton,2019,2018-10-27,WC,Final,2,5,VYNOKUROV_Andrii,UKR,10002418415.0,36.2,28.412,28.311999999999998,3.0,
2508,Milton,2019,2018-10-27,WC,Final,2,6,MAKSEL_Krzysztof,POL,10006902239.0,27.3,28.497999999999998,28.172,2.0,
2509,Berlin,2019,2018-12-01,WC,R1,1,1,VYNOKUROV_Andrii,UKR,10002418415.0,36.3,28.311999999999998,28.423000000000002,1.0,
2510,Berlin,2019,2018-12-01,WC,R1,1,2,BROWNE_Kwesi,TTO,10009010876.0,24.8,23.893,24.090999999999998,4.0,
2511,Berlin,2019,2018-12-01,WC,R1,1,3,WATANABE_Kazunari,JPN,10003349716.0,33.6,24.973,24.942,2.0,
2512,Berlin,2019,2018-12-01,WC,R1,1,4,LENDEL_Vasilijus,LTU,10009181234.0,23.7,24.790999999999997,24.59,3.0,
2513,Berlin,2019,2018-12-01,WC,R1,2,1,QUINTERO_CHAVARRO_Kevin_Santiago,COL,10010830840.0,20.1,24.718999999999998,26.262999999999998,4.0,
2514,Berlin,2019,2018-12-01,WC,R1,2,2,PERKINS_Shane_Alan,RUS,10051694112.0,31.9,27.77,27.980999999999998,3.0,
2515,Berlin,2019,2018-12-01,WC,R1,2,3,LAVREYSEN_Harrie,NED,10009535686.0,21.7,28.395000000000003,28.344,2.0,
2516,Berlin,2019,2018-12-01,WC,R1,2,4,FONSECA_DA_SILVA_FREITAS_Kacio,BRA,10008108574.0,24.6,20.555,21.412,5.0,
2517,Berlin,2019,2018-12-01,WC,R1,2,5,KENNY_Jason,GBR,10004599194.0,30.7,31.673999999999996,31.313000000000002,1.0,
2518,Berlin,2019,2018-12-01,WC,R1,3,1,BÖTTICHER_Stefan,GER,10048325582.0,26.8,33.763999999999996,33.942,1.0,
2519,Berlin,2019,2018-12-01,WC,R1,3,2,NITTA_Yudai,JPN,10005727327.0,32.8,22.958,23.281,4.0,
2520,Berlin,2019,2018-12-01,WC,R1,3,3,PERALTA_Juan,ESP,10006552534.0,28.5,25.228,25.266000000000002,2.0,
2521,Berlin,2019,2018-12-01,WC,R1,3,4,LIPA_Mateusz,POL,10007891437.0,24.1,22.294999999999998,22.163999999999998,5.0,
2522,Berlin,2019,2018-12-01,WC,R1,3,5,VORZHEV_Pavel,KAZ,10007828183.0,25.2,23.287999999999997,22.533,3.0,
2523,Berlin,2019,2018-12-01,WC,R1,4,1,VIGIER_Sébastien,FRA,10010678569.0,21.6,29.202999999999996,29.640000000000004,1.0,
2524,Berlin,2019,2018-12-01,WC,R1,4,2,XU_Chao,CHN,10007947011.0,24.1,22.249000000000002,22.717000000000002,3.0,
2525,Berlin,2019,2018-12-01,WC,R1,4,3,KANG_Shih_Feng,TPE,10010608447.0,21.4,21.58,21.769000000000002,4.0,
2526,Berlin,2019,2018-12-01,WC,R1,4,4,SZALONTAY_Sándor,HUN,10007073506.0,28.4,20.180999999999997,20.291,5.0,
2527,Berlin,2019,2018-12-01,WC,R1,4,5,BARRETTE_Hugo,CAN,10007212639.0,27.4,26.963,26.677,2.0,
2528,Berlin,2019,2018-12-01,WC,R1,5,1,AWANG_Mohd_Azizulhasni,MAS,10004868370.0,30.9,28.418999999999997,28.569,1.0,
2529,Berlin,2019,2018-12-01,WC,R1,5,2,KELEMEN_Pavel,CZE,10006422895.0,27.5,28.247,28.286,2.0,
2530,Berlin,2019,2018-12-01,WC,R1,5,3,ARCHAMBAULT_Joel,CAN,10009307435.0,26.7,16.793,19.504,5.0,
2531,Berlin,2019,2018-12-01,WC,R1,5,4,OMELCHENKO_Sergii,AZE,10006319633.0,29.0,22.188,22.205,4.0,
2532,Berlin,2019,2018-12-01,WC,R1,5,5,CANELON_VERA_Hersony_Gadiel,VEN,10004717719.0,30.0,25.384999999999998,25.039,3.0,
2533,Berlin,2019,2018-12-01,WC,R1,6,1,GLAETZER_Matthew,AUS,10006894559.0,26.3,31.676000000000002,31.840999999999998,2.0,
2534,Berlin,2019,2018-12-01,WC,R1,6,2,BÜCHLI_Matthijs,NED,10006900421.0,26.0,32.367,32.348000000000006,1.0,
2535,Berlin,2019,2018-12-01,WC,R1,6,3,TRUMAN_Joseph,GBR,10017950943.0,21.8,27.342,27.313,3.0,
2536,Berlin,2019,2018-12-01,WC,R1,6,4,CECI_Francesco,ITA,10006073493.0,29.0,22.316,22.305999999999997,4.0,
2537,Berlin,2019,2018-12-01,WC,R1,6,5,OH_Jeseok,KOR,10010797393.0,21.2,9.0,5.973999999999998,5.0,
2538,Berlin,2019,2018-12-01,WC,Rep,1,1,TRUMAN_Joseph,GBR,10017950943.0,21.8,27.313,27.615000000000002,1.0,
2539,Berlin,2019,2018-12-01,WC,Rep,1,2,BROWNE_Kwesi,TTO,10009010876.0,24.8,24.090999999999998,24.264,3.0,
2540,Berlin,2019,2018-12-01,WC,Rep,1,3,CANELON_VERA_Hersony_Gadiel,VEN,10004717719.0,30.0,25.039,24.967000000000002,2.0,
2541,Berlin,2019,2018-12-01,WC,Rep,1,4,FONSECA_DA_SILVA_FREITAS_Kacio,BRA,10008108574.0,24.6,21.412,20.741999999999997,4.0,
2542,Berlin,2019,2018-12-01,WC,Rep,2,1,PERKINS_Shane_Alan,RUS,10051694112.0,31.9,27.980999999999998,28.15,1.0,
2543,Berlin,2019,2018-12-01,WC,Rep,2,2,LENDEL_Vasilijus,LTU,10009181234.0,23.7,24.59,24.637,2.0,
2544,Berlin,2019,2018-12-01,WC,Rep,2,3,OH_Jeseok,KOR,10010797393.0,21.2,5.973999999999998,12.669999999999998,4.0,
2545,Berlin,2019,2018-12-01,WC,Rep,2,4,ARCHAMBAULT_Joel,CAN,10009307435.0,26.7,19.504,17.621,3.0,
2546,Berlin,2019,2018-12-01,WC,Rep,3,1,NITTA_Yudai,JPN,10005727327.0,32.8,23.281,23.622,2.0,
2547,Berlin,2019,2018-12-01,WC,Rep,3,2,KANG_Shih_Feng,TPE,10010608447.0,21.4,21.769000000000002,22.089000000000002,4.0,
2548,Berlin,2019,2018-12-01,WC,Rep,3,3,KENNY_Jason,GBR,10004599194.0,30.7,31.313000000000002,31.025999999999996,1.0,
2549,Berlin,2019,2018-12-01,WC,Rep,3,4,OMELCHENKO_Sergii,AZE,10006319633.0,29.0,22.205,22.092000000000002,3.0,
2550,Berlin,2019,2018-12-01,WC,Rep,4,1,XU_Chao,CHN,10007947011.0,24.1,22.717000000000002,23.131,2.0,
2551,Berlin,2019,2018-12-01,WC,Rep,4,2,CECI_Francesco,ITA,10006073493.0,29.0,22.305999999999997,22.355,3.0,
2552,Berlin,2019,2018-12-01,WC,Rep,4,3,PERALTA_Juan,ESP,10006552534.0,28.5,25.266000000000002,25.051,1.0,
2553,Berlin,2019,2018-12-01,WC,Rep,5,1,LAVREYSEN_Harrie,NED,10009535686.0,21.7,28.344,28.864,1.0,
2554,Berlin,2019,2018-12-01,WC,Rep,5,2,KELEMEN_Pavel,CZE,10006422895.0,27.5,28.286,28.337999999999997,2.0,
2555,Berlin,2019,2018-12-01,WC,Rep,5,3,BARRETTE_Hugo,CAN,10007212639.0,27.4,26.677,26.642,3.0,
2556,Berlin,2019,2018-12-01,WC,Rep,5,4,LIPA_Mateusz,POL,10007891437.0,24.1,22.163999999999998,21.608,4.0,
2557,Berlin,2019,2018-12-01,WC,Rep,6,1,BÜCHLI_Matthijs,NED,10006900421.0,26.0,32.348000000000006,32.397000000000006,1.0,
2558,Berlin,2019,2018-12-01,WC,Rep,6,2,WATANABE_Kazunari,JPN,10003349716.0,33.6,24.942,25.026,2.0,
2559,Berlin,2019,2018-12-01,WC,Rep,6,3,SZALONTAY_Sándor,HUN,10007073506.0,28.4,20.291,20.469,4.0,
2560,Berlin,2019,2018-12-01,WC,Rep,6,4,VORZHEV_Pavel,KAZ,10007828183.0,25.2,22.533,21.879,3.0,
2561,Berlin,2019,2018-12-01,WC,R2,1,1,BÜCHLI_Matthijs,NED,10006900421.0,26.0,32.397000000000006,32.55200000000001,1.0,
2562,Berlin,2019,2018-12-01,WC,R2,1,2,AWANG_Mohd_Azizulhasni,MAS,10004868370.0,30.9,28.569,28.715,3.0,
2563,Berlin,2019,2018-12-01,WC,R2,1,3,VIGIER_Sébastien,FRA,10010678569.0,21.6,29.640000000000004,29.620999999999995,2.0,
2564,Berlin,2019,2018-12-01,WC,R2,1,4,NITTA_Yudai,JPN,10005727327.0,32.8,23.622,23.818,6.0,
2565,Berlin,2019,2018-12-01,WC,R2,1,5,PERKINS_Shane_Alan,RUS,10051694112.0,31.9,28.15,27.961,5.0,
2566,Berlin,2019,2018-12-01,WC,R2,1,6,VYNOKUROV_Andrii,UKR,10002418415.0,36.3,28.423000000000002,28.214000000000002,4.0,
2567,Berlin,2019,2018-12-01,WC,R2,2,1,GLAETZER_Matthew,AUS,10006894559.0,26.3,31.840999999999998,32.059,2.0,
2568,Berlin,2019,2018-12-01,WC,R2,2,2,LAVREYSEN_Harrie,NED,10009535686.0,21.7,28.864,29.370000000000005,3.0,
2569,Berlin,2019,2018-12-01,WC,R2,2,3,QUINTERO_CHAVARRO_Kevin_Santiago,COL,10010830840.0,20.1,26.262999999999998,26.991,5.0,
2570,Berlin,2019,2018-12-01,WC,R2,2,4,BÖTTICHER_Stefan,GER,10048325582.0,26.8,33.942,33.344,1.0,
2571,Berlin,2019,2018-12-01,WC,R2,2,5,TRUMAN_Joseph,GBR,10017950943.0,21.8,27.615000000000002,27.472,4.0,
2572,Berlin,2019,2018-12-01,WC,R2,2,6,XU_Chao,CHN,10007947011.0,24.1,23.131,22.914,6.0,
2573,Berlin,2019,2018-12-01,WC,Final,1,1,BÜCHLI_Matthijs,NED,10006900421.0,26.0,32.55200000000001,32.746,1.0,
2574,Berlin,2019,2018-12-01,WC,Final,1,2,GLAETZER_Matthew,AUS,10006894559.0,26.3,32.059,32.156,2.0,
2575,Berlin,2019,2018-12-01,WC,Final,1,3,AWANG_Mohd_Azizulhasni,MAS,10004868370.0,30.9,28.715,28.819,5.0,
2576,Berlin,2019,2018-12-01,WC,Final,1,4,VIGIER_Sébastien,FRA,10010678569.0,21.6,29.620999999999995,29.521,3.0,
2577,Berlin,2019,2018-12-01,WC,Final,1,5,QUINTERO_CHAVARRO_Kevin_Santiago,COL,10010830840.0,20.1,26.991,26.857999999999997,6.0,
2578,Berlin,2019,2018-12-01,WC,Final,1,6,LAVREYSEN_Harrie,NED,10009535686.0,21.7,29.370000000000005,28.754,4.0,
2579,Berlin,2019,2018-12-01,WC,Final,2,1,BÖTTICHER_Stefan,GER,10048325582.0,26.8,33.344,33.61,1.0,
2580,Berlin,2019,2018-12-01,WC,Final,2,2,TRUMAN_Joseph,GBR,10017950943.0,21.8,27.472,27.699,3.0,
2581,Berlin,2019,2018-12-01,WC,Final,2,3,NITTA_Yudai,JPN,10005727327.0,32.8,23.818,23.98,4.0,
2582,Berlin,2019,2018-12-01,WC,Final,2,4,XU_Chao,CHN,10007947011.0,24.1,22.914,22.997999999999998,5.0,
2583,Berlin,2019,2018-12-01,WC,Final,2,5,PERKINS_Shane_Alan,RUS,10051694112.0,31.9,27.961,27.558,2.0,
2584,London,2019,2018-12-15,WC,R1,1,1,BÜCHLI_Matthijs,NED,10006900421.0,26.0,32.746,32.887,1.0,
2585,London,2019,2018-12-15,WC,R1,1,2,QUINTERO_CHAVARRO_Kevin_Santiago,COL,10010830840.0,20.1,26.857999999999997,27.54,4.0,
2586,London,2019,2018-12-15,WC,R1,1,3,EILERS_Joachim,GER,10006379247.0,28.7,32.097,32.005,2.0,
2587,London,2019,2018-12-15,WC,R1,1,4,CECI_Francesco,ITA,10006073493.0,29.0,22.355,22.487,6.0,
2588,London,2019,2018-12-15,WC,R1,1,5,VYNOKUROV_Andrii,UKR,10002418415.0,36.3,28.214000000000002,28.073,3.0,
2589,London,2019,2018-12-15,WC,R1,1,6,XU_Chao,CHN,10007947011.0,24.1,22.997999999999998,22.708,5.0,
2590,London,2019,2018-12-15,WC,R1,2,1,BOS_Theo,NED,10050887493.0,35.3,26.274,27.852,3.0,
2591,London,2019,2018-12-15,WC,R1,2,2,BROWNE_Kwesi,TTO,10009010876.0,24.9,24.264,24.665,5.0,
2592,London,2019,2018-12-15,WC,R1,2,3,GLAETZER_Matthew,AUS,10006894559.0,26.3,32.156,32.044000000000004,1.0,
2593,London,2019,2018-12-15,WC,R1,2,4,CANELON_VERA_Hersony_Gadiel,VEN,10004717719.0,30.0,24.967000000000002,25.043,4.0,
2594,London,2019,2018-12-15,WC,R1,2,5,FONSECA_DA_SILVA_FREITAS_Kacio,BRA,10008108574.0,24.6,20.741999999999997,21.114,6.0,
2595,London,2019,2018-12-15,WC,R1,2,6,ARCHAMBAULT_Joel,CAN,10009307435.0,26.7,17.621,18.168,7.0,
2596,London,2019,2018-12-15,WC,R1,2,7,BARRETTE_Hugo,CAN,10007212639.0,27.4,26.642,26.357,2.0,
2597,London,2019,2018-12-15,WC,R1,3,1,HELAL_Rayan,FRA,10015683567.0,19.9,9.0,24.976,7.0,
2598,London,2019,2018-12-15,WC,R1,3,2,KELEMEN_Pavel,CZE,10006422895.0,27.6,28.337999999999997,28.456,2.0,
2599,London,2019,2018-12-15,WC,R1,3,3,SZALONTAY_Sándor,HUN,10007073506.0,28.5,20.469,21.022,5.0,
2600,London,2019,2018-12-15,WC,R1,3,4,PERALTA_Juan,ESP,10006552534.0,28.6,25.051,25.070999999999998,3.0,
2601,London,2019,2018-12-15,WC,R1,3,5,HSIAO_Shih_Hsin,TPE,10006137252.0,28.7,17.97,18.812,6.0,
2602,London,2019,2018-12-15,WC,R1,3,6,DUBCHENKO_Aleksandr,RUS,10007772108.0,23.8,22.915000000000003,22.753999999999998,4.0,
2603,London,2019,2018-12-15,WC,R1,3,7,AWANG_Mohd_Azizulhasni,MAS,10004868370.0,30.9,28.819,28.500999999999998,1.0,
2604,London,2019,2018-12-15,WC,R1,4,1,CARLIN_Jack,GBR,10009967641.0,21.6,29.767999999999997,30.377000000000002,1.0,
2605,London,2019,2018-12-15,WC,R1,4,2,TRUMAN_Joseph,GBR,10017950943.0,21.8,27.699,27.938000000000002,3.0,
2606,London,2019,2018-12-15,WC,R1,4,3,LENDEL_Vasilijus,LTU,10009181234.0,23.7,24.637,24.799,4.0,
2607,London,2019,2018-12-15,WC,R1,4,4,MAKSEL_Krzysztof,POL,10006902239.0,27.4,28.172,28.057000000000002,2.0,
2608,London,2019,2018-12-15,WC,R1,4,5,OH_Jeseok,KOR,10010797393.0,21.2,12.669999999999998,16.290999999999997,7.0,
2609,London,2019,2018-12-15,WC,R1,4,6,NOVIK_Uladzislau,BLR,10009049979.0,23.7,21.883000000000003,21.633,6.0,
2610,London,2019,2018-12-15,WC,R1,4,7,OMELCHENKO_Sergii,AZE,10006319633.0,29.0,22.092000000000002,21.876,5.0,
2611,London,2019,2018-12-15,WC,Rep,1,1,EILERS_Joachim,GER,10006379247.0,28.7,32.005,32.092,1.0,
2612,London,2019,2018-12-15,WC,Rep,1,2,MAKSEL_Krzysztof,POL,10006902239.0,27.4,28.057000000000002,28.072,2.0,
2613,London,2019,2018-12-15,WC,Rep,1,3,ARCHAMBAULT_Joel,CAN,10009307435.0,26.7,18.168,18.823,4.0,
2614,London,2019,2018-12-15,WC,Rep,1,4,HSIAO_Shih_Hsin,TPE,10006137252.0,28.7,18.812,18.353,3.0,
2615,London,2019,2018-12-15,WC,Rep,2,1,GLAETZER_Matthew,AUS,10006894559.0,26.3,32.044000000000004,32.116,1.0,
2616,London,2019,2018-12-15,WC,Rep,2,2,PERALTA_Juan,ESP,10006552534.0,28.6,25.070999999999998,25.207,2.0,
2617,London,2019,2018-12-15,WC,Rep,2,3,XU_Chao,CHN,10007947011.0,24.1,22.708,22.848,3.0,
2618,London,2019,2018-12-15,WC,Rep,2,4,FONSECA_DA_SILVA_FREITAS_Kacio,BRA,10008108574.0,24.6,21.114,21.041,5.0,
2619,London,2019,2018-12-15,WC,Rep,2,5,OMELCHENKO_Sergii,AZE,10006319633.0,29.0,21.876,21.705,4.0,
2620,London,2019,2018-12-15,WC,Rep,3,1,AWANG_Mohd_Azizulhasni,MAS,10004868370.0,30.9,28.500999999999998,28.633000000000003,1.0,
2621,London,2019,2018-12-15,WC,Rep,3,2,VYNOKUROV_Andrii,UKR,10002418415.0,36.3,28.073,28.095000000000002,2.0,
2622,London,2019,2018-12-15,WC,Rep,3,3,NOVIK_Uladzislau,BLR,10009049979.0,23.7,21.633,21.954,4.0,
2623,London,2019,2018-12-15,WC,Rep,3,4,SZALONTAY_Sándor,HUN,10007073506.0,28.5,21.022,21.084,5.0,
2624,London,2019,2018-12-15,WC,Rep,3,5,CANELON_VERA_Hersony_Gadiel,VEN,10004717719.0,30.0,25.043,24.721,3.0,
2625,London,2019,2018-12-15,WC,Rep,4,1,BARRETTE_Hugo,CAN,10007212639.0,27.4,26.357,26.503,1.0,
2626,London,2019,2018-12-15,WC,Rep,4,2,DUBCHENKO_Aleksandr,RUS,10007772108.0,23.8,22.753999999999998,23.027,3.0,
2627,London,2019,2018-12-15,WC,Rep,4,3,CECI_Francesco,ITA,10006073493.0,29.0,22.487,22.524,4.0,
2628,London,2019,2018-12-15,WC,Rep,4,4,OH_Jeseok,KOR,10010797393.0,21.2,16.290999999999997,17.091,5.0,
2629,London,2019,2018-12-15,WC,Rep,4,5,LENDEL_Vasilijus,LTU,10009181234.0,23.7,24.799,24.502,2.0,
2630,London,2019,2018-12-15,WC,R2,1,1,BÜCHLI_Matthijs,NED,10006900421.0,26.0,32.887,33.048,1.0,
2631,London,2019,2018-12-15,WC,R2,1,2,CARLIN_Jack,GBR,10009967641.0,21.6,30.377000000000002,30.702,3.0,
2632,London,2019,2018-12-15,WC,R2,1,3,BROWNE_Kwesi,TTO,10009010876.0,24.9,24.665,24.994,6.0,
2633,London,2019,2018-12-15,WC,R2,1,4,KELEMEN_Pavel,CZE,10006422895.0,27.6,28.456,28.459,4.0,
2634,London,2019,2018-12-15,WC,R2,1,5,EILERS_Joachim,GER,10006379247.0,28.7,32.092,31.851999999999997,2.0,
2635,London,2019,2018-12-15,WC,R2,1,6,BARRETTE_Hugo,CAN,10007212639.0,27.4,26.503,26.356,5.0,
2636,London,2019,2018-12-15,WC,R2,2,1,AWANG_Mohd_Azizulhasni,MAS,10004868370.0,30.9,28.633000000000003,28.904,2.0,
2637,London,2019,2018-12-15,WC,R2,2,2,HELAL_Rayan,FRA,10015683567.0,19.9,24.976,28.512999999999998,6.0,
2638,London,2019,2018-12-15,WC,R2,2,3,BOS_Theo,NED,10050887493.0,35.3,27.852,28.416999999999998,4.0,
2639,London,2019,2018-12-15,WC,R2,2,4,TRUMAN_Joseph,GBR,10017950943.0,21.8,27.938000000000002,28.032,3.0,
2640,London,2019,2018-12-15,WC,R2,2,5,QUINTERO_CHAVARRO_Kevin_Santiago,COL,10010830840.0,20.1,27.54,27.409,5.0,
2641,London,2019,2018-12-15,WC,R2,2,6,GLAETZER_Matthew,AUS,10006894559.0,26.3,32.116,31.830000000000002,1.0,
2642,London,2019,2018-12-15,WC,Final,1,1,BÜCHLI_Matthijs,NED,10006900421.0,26.0,33.048,33.206,1.0,
2643,London,2019,2018-12-15,WC,Final,1,2,AWANG_Mohd_Azizulhasni,MAS,10004868370.0,30.9,28.904,29.062,3.0,
2644,London,2019,2018-12-15,WC,Final,1,3,BOS_Theo,NED,10050887493.0,35.3,28.416999999999998,28.76,5.0,
2645,London,2019,2018-12-15,WC,Final,1,4,CARLIN_Jack,GBR,10009967641.0,21.6,30.702,30.451999999999998,2.0,
2646,London,2019,2018-12-15,WC,Final,1,5,BROWNE_Kwesi,TTO,10009010876.0,24.9,24.994,25.043,6.0,
2647,London,2019,2018-12-15,WC,Final,1,6,HELAL_Rayan,FRA,10015683567.0,19.9,28.512999999999998,24.772000000000002,4.0,
2648,London,2019,2018-12-15,WC,Final,2,1,GLAETZER_Matthew,AUS,10006894559.0,26.3,31.830000000000002,32.014,2.0,
2649,London,2019,2018-12-15,WC,Final,2,2,KELEMEN_Pavel,CZE,10006422895.0,27.6,28.459,28.664,3.0,
2650,London,2019,2018-12-15,WC,Final,2,3,QUINTERO_CHAVARRO_Kevin_Santiago,COL,10010830840.0,20.1,27.409,27.748,5.0,
2651,London,2019,2018-12-15,WC,Final,2,4,EILERS_Joachim,GER,10006379247.0,28.7,31.851999999999997,31.726999999999997,1.0,
2652,London,2019,2018-12-15,WC,Final,2,5,TRUMAN_Joseph,GBR,10017950943.0,21.8,28.032,27.884,4.0,
2653,London,2019,2018-12-15,WC,Final,2,6,BARRETTE_Hugo,CAN,10007212639.0,27.4,26.356,26.207,6.0,
2654,Cambridge,2019,2019-01-19,WC,R1,1,1,BÁBEK_Tomáš,CZE,10004612534.0,31.6,27.21,27.545,1.0,
2655,Cambridge,2019,2019-01-19,WC,R1,1,2,BARRETTE_Hugo,CAN,10007212639.0,27.5,26.207,26.329,3.0,
2656,Cambridge,2019,2019-01-19,WC,R1,1,3,SCHMID_Jacob,AUS,10007811817.0,25.0,26.57,26.581,2.0,
2657,Cambridge,2019,2019-01-19,WC,R1,1,4,RAJKOWSKI_Patryk,POL,10009176281.0,22.9,23.526,23.57,4.0,
2658,Cambridge,2019,2019-01-19,WC,R1,1,5,KANG_Shih_Feng,TPE,10010608447.0,21.6,22.089000000000002,22.046000000000003,5.0,
2659,Cambridge,2019,2019-01-19,WC,R1,1,6,JONAUSKAS_Svajūnas,LTU,10009181032.0,24.0,19.52,19.147,6.0,
2660,Cambridge,2019,2019-01-19,WC,R1,1,7,BI_Wenjun,CHN,10061258009.0,27.0,12.195,11.486999999999998,7.0,
2661,Cambridge,2019,2019-01-19,WC,R1,2,1,NITTA_Yudai,JPN,10005727327.0,33.0,23.98,24.418999999999997,4.0,
2662,Cambridge,2019,2019-01-19,WC,R1,2,2,DAKIN_Sam,NZL,10010624918.0,22.4,26.265,26.977,1.0,
2663,Cambridge,2019,2019-01-19,WC,R1,2,3,PONOMARYOV_Sergey,KAZ,10010797292.0,20.8,9.0,20.164,6.0,
2664,Cambridge,2019,2019-01-19,WC,R1,2,4,PERALTA_Juan,ESP,10006552534.0,28.7,25.207,25.228,3.0,
2665,Cambridge,2019,2019-01-19,WC,R1,2,5,WAMMES_Nick,CAN,10015713273.0,19.2,9.0,16.395,6.0,
2666,Cambridge,2019,2019-01-19,WC,R1,2,6,LAFARGUE_Quentin,FRA,10005930724.0,28.2,25.332,25.008000000000003,2.0,
2667,Cambridge,2019,2019-01-19,WC,R1,2,7,OMELCHENKO_Sergii,AZE,10006319633.0,29.1,21.705,21.522000000000002,5.0,
2668,Cambridge,2019,2019-01-19,WC,R1,3,1,DAWKINS_Edward,NZL,10005782695.0,29.5,29.659,29.816,1.0,
2669,Cambridge,2019,2019-01-19,WC,R1,3,2,SAHROM_Muhammad_Shah_Firdaus,MAS,10009150215.0,23.1,24.86,25.173000000000002,4.0,
2670,Cambridge,2019,2019-01-19,WC,R1,3,3,PERKINS_Shane_Alan,RUS,10051694112.0,32.1,27.558,27.559,2.0,
2671,Cambridge,2019,2019-01-19,WC,R1,3,4,WATANABE_Kazunari,JPN,10003349716.0,33.7,25.026,25.029,3.0,
2672,Cambridge,2019,2019-01-19,WC,R1,3,5,SZALONTAY_Sándor,HUN,10007073506.0,28.5,21.084,21.164,6.0,
2673,Cambridge,2019,2019-01-19,WC,R1,3,6,BOTTASSO_Leandro,ARG,10010894696.0,32.7,19.641,19.625999999999998,7.0,
2674,Cambridge,2019,2019-01-19,WC,R1,3,7,DUBCHENKO_Aleksandr,RUS,10007772108.0,23.9,23.027,22.534,5.0,
2675,Cambridge,2019,2019-01-19,WC,Rep,1,1,SCHMID_Jacob,AUS,10007811817.0,25.0,26.581,26.961000000000002,1.0,
2676,Cambridge,2019,2019-01-19,WC,Rep,1,2,WATANABE_Kazunari,JPN,10003349716.0,33.7,25.029,25.096,2.0,
2677,Cambridge,2019,2019-01-19,WC,Rep,1,3,JONAUSKAS_Svajūnas,LTU,10009181032.0,24.0,19.147,19.628,4.0,
2678,Cambridge,2019,2019-01-19,WC,Rep,1,4,WAMMES_Nick,CAN,10015713273.0,19.2,16.395,16.718,5.0,
2679,Cambridge,2019,2019-01-19,WC,Rep,1,5,OMELCHENKO_Sergii,AZE,10006319633.0,29.1,21.522000000000002,21.326999999999998,3.0,
2680,Cambridge,2019,2019-01-19,WC,Rep,2,1,RAJKOWSKI_Patryk,POL,10009176281.0,22.9,23.57,24.068,1.0,
2681,Cambridge,2019,2019-01-19,WC,Rep,2,2,SZALONTAY_Sándor,HUN,10007073506.0,28.5,21.164,21.452,3.0,
2682,Cambridge,2019,2019-01-19,WC,Rep,2,3,PONOMARYOV_Sergey,KAZ,10010797292.0,20.8,20.164,19.902,4.0,
2683,Cambridge,2019,2019-01-19,WC,Rep,2,4,DUBCHENKO_Aleksandr,RUS,10007772108.0,23.9,22.534,22.292,2.0,
2684,Cambridge,2019,2019-01-19,WC,Rep,2,5,BI_Wenjun,CHN,10061258009.0,27.0,11.486999999999998,11.126000000000001,5.0,
2685,Cambridge,2019,2019-01-19,WC,Rep,3,1,LAFARGUE_Quentin,FRA,10005930724.0,28.2,25.008000000000003,25.37,3.0,
2686,Cambridge,2019,2019-01-19,WC,Rep,3,2,KANG_Shih_Feng,TPE,10010608447.0,21.6,22.046000000000003,22.344,4.0,
2687,Cambridge,2019,2019-01-19,WC,Rep,3,3,PERALTA_Juan,ESP,10006552534.0,28.7,25.228,25.201999999999998,2.0,
2688,Cambridge,2019,2019-01-19,WC,Rep,3,4,BOTTASSO_Leandro,ARG,10010894696.0,32.7,19.625999999999998,19.773,5.0,
2689,Cambridge,2019,2019-01-19,WC,Rep,3,5,PERKINS_Shane_Alan,RUS,10051694112.0,32.1,27.559,27.091,1.0,
2690,Cambridge,2019,2019-01-19,WC,R2,1,1,BÁBEK_Tomáš,CZE,10004612534.0,31.6,27.545,27.891,1.0,
2691,Cambridge,2019,2019-01-19,WC,R2,1,2,LAFARGUE_Quentin,FRA,10005930724.0,28.2,25.37,25.693,4.0,
2692,Cambridge,2019,2019-01-19,WC,R2,1,3,SAHROM_Muhammad_Shah_Firdaus,MAS,10009150215.0,23.1,25.173000000000002,25.336000000000002,5.0,
2693,Cambridge,2019,2019-01-19,WC,R2,1,4,DAKIN_Sam,NZL,10010624918.0,22.4,26.977,26.392,2.0,
2694,Cambridge,2019,2019-01-19,WC,R2,1,5,SCHMID_Jacob,AUS,10007811817.0,25.0,26.961000000000002,26.59,3.0,
2695,Cambridge,2019,2019-01-19,WC,R2,1,6,SZALONTAY_Sándor,HUN,10007073506.0,28.5,21.452,21.254,6.0,
2696,Cambridge,2019,2019-01-19,WC,R2,2,1,DAWKINS_Edward,NZL,10005782695.0,29.5,29.816,29.955,1.0,
2697,Cambridge,2019,2019-01-19,WC,R2,2,2,BARRETTE_Hugo,CAN,10007212639.0,27.5,26.329,26.444,2.0,
2698,Cambridge,2019,2019-01-19,WC,R2,2,3,NITTA_Yudai,JPN,10005727327.0,33.0,24.418999999999997,24.532,4.0,
2699,Cambridge,2019,2019-01-19,WC,R2,2,4,KANG_Shih_Feng,TPE,10010608447.0,21.6,22.344,22.453,6.0,
2700,Cambridge,2019,2019-01-19,WC,R2,2,5,RAJKOWSKI_Patryk,POL,10009176281.0,22.9,24.068,23.838,5.0,
2701,Cambridge,2019,2019-01-19,WC,R2,2,6,WATANABE_Kazunari,JPN,10003349716.0,33.7,25.096,24.872999999999998,3.0,
2702,Cambridge,2019,2019-01-19,WC,Final,1,1,DAWKINS_Edward,NZL,10005782695.0,29.5,29.955,30.112,1.0,
2703,Cambridge,2019,2019-01-19,WC,Final,1,2,LAFARGUE_Quentin,FRA,10005930724.0,28.2,25.693,25.994999999999997,4.0,
2704,Cambridge,2019,2019-01-19,WC,Final,1,3,NITTA_Yudai,JPN,10005727327.0,33.0,24.532,24.694,6.0,
2705,Cambridge,2019,2019-01-19,WC,Final,1,4,SAHROM_Muhammad_Shah_Firdaus,MAS,10009150215.0,23.1,25.336000000000002,25.364,5.0,
2706,Cambridge,2019,2019-01-19,WC,Final,1,5,BÁBEK_Tomáš,CZE,10004612534.0,31.6,27.891,27.652,2.0,
2707,Cambridge,2019,2019-01-19,WC,Final,1,6,BARRETTE_Hugo,CAN,10007212639.0,27.5,26.444,26.245,3.0,
2708,Cambridge,2019,2019-01-19,WC,Final,2,1,WATANABE_Kazunari,JPN,10003349716.0,33.7,24.872999999999998,25.106,3.0,
2709,Cambridge,2019,2019-01-19,WC,Final,2,2,RAJKOWSKI_Patryk,POL,10009176281.0,22.9,23.838,24.201,4.0,
2710,Cambridge,2019,2019-01-19,WC,Final,2,3,KANG_Shih_Feng,TPE,10010608447.0,21.6,22.453,22.654999999999998,5.0,
2711,Cambridge,2019,2019-01-19,WC,Final,2,4,SZALONTAY_Sándor,HUN,10007073506.0,28.5,21.254,21.421999999999997,6.0,
2712,Cambridge,2019,2019-01-19,WC,Final,2,5,DAKIN_Sam,NZL,10010624918.0,22.4,26.392,25.281,2.0,
2713,Cambridge,2019,2019-01-19,WC,Final,2,9,SCHMID_Jacob,AUS,10007811817.0,25.0,26.59,25.935000000000002,1.0,
2714,Hong_Kong,2019,2019-01-26,WC,R1,1,1,HELAL_Rayan,FRA,10015683567.0,20.0,24.772000000000002,27.076,2.0,
2715,Hong_Kong,2019,2019-01-26,WC,R1,1,2,KELEMEN_Pavel,CZE,10006422895.0,27.7,28.664,28.71,1.0,
2716,Hong_Kong,2019,2019-01-26,WC,R1,1,3,NITTA_Yudai,JPN,10005727327.0,33.0,24.694,24.753,4.0,
2717,Hong_Kong,2019,2019-01-26,WC,R1,1,4,SPIES_Jean,RSA,10007351671.0,29.2,10.780999999999999,13.686,6.0,
2718,Hong_Kong,2019,2019-01-26,WC,R1,1,5,LAW_Tsz_Chun,HKG,10011155990.0,20.9,9.584,13.485,7.0,
2719,Hong_Kong,2019,2019-01-26,WC,R1,1,6,CANELON_VERA_Hersony_Gadiel,VEN,10004717719.0,30.1,24.721,24.398,3.0,
2720,Hong_Kong,2019,2019-01-26,WC,R1,1,7,OMELCHENKO_Sergii,AZE,10006319633.0,29.2,21.326999999999998,21.088,5.0,
2721,Hong_Kong,2019,2019-01-26,WC,R1,2,1,BOS_Theo,NED,10050887493.0,35.4,28.76,29.433999999999997,1.0,
2722,Hong_Kong,2019,2019-01-26,WC,R1,2,2,PERALTA_Juan,ESP,10006552534.0,28.7,25.201999999999998,25.382,3.0,
2723,Hong_Kong,2019,2019-01-26,WC,R1,2,3,WILLIAMS_Zac,NZL,10008997641.0,23.5,26.471999999999998,26.479,2.0,
2724,Hong_Kong,2019,2019-01-26,WC,R1,2,4,BOTTASSO_Leandro,ARG,10010894696.0,32.8,19.773,20.07,6.0,
2725,Hong_Kong,2019,2019-01-26,WC,R1,2,5,DUBCHENKO_Aleksandr,RUS,10007772108.0,23.9,22.292,22.24,5.0,
2726,Hong_Kong,2019,2019-01-26,WC,R1,2,6,BROWNE_Kwesi,TTO,10009010876.0,25.0,25.043,24.726,4.0,
2727,Hong_Kong,2019,2019-01-26,WC,R1,2,7,BI_Wenjun,CHN,10061258009.0,27.0,11.126000000000001,10.832,7.0,
2728,Hong_Kong,2019,2019-01-26,WC,R1,3,1,KAWABATA_Tomoyuki,JPN,10008098470.0,34.0,26.808999999999997,27.087,1.0,
2729,Hong_Kong,2019,2019-01-26,WC,R1,3,2,VORZHEV_Pavel,KAZ,10007828183.0,25.3,21.879,22.676000000000002,6.0,
2730,Hong_Kong,2019,2019-01-26,WC,R1,3,3,JURCZYK_Marc,GER,10009178002.0,23.0,23.858,24.021,4.0,
2731,Hong_Kong,2019,2019-01-26,WC,R1,3,4,LENDEL_Vasilijus,LTU,10009181234.0,23.8,24.502,24.468999999999998,2.0,
2732,Hong_Kong,2019,2019-01-26,WC,R1,3,5,CECI_Francesco,ITA,10006073493.0,29.1,22.524,22.483,5.0,
2733,Hong_Kong,2019,2019-01-26,WC,R1,3,6,RAJKOWSKI_Patryk,POL,10009176281.0,22.9,24.201,23.677,3.0,
2734,Hong_Kong,2019,2019-01-26,WC,R1,4,1,OH_Jeseok,KOR,10010797393.0,21.4,17.091,20.419999999999998,6.0,
2735,Hong_Kong,2019,2019-01-26,WC,R1,4,2,BARRETTE_Hugo,CAN,10007212639.0,27.6,26.245,26.295,1.0,
2736,Hong_Kong,2019,2019-01-26,WC,R1,4,3,SZALONTAY_Sándor,HUN,10007073506.0,28.6,21.421999999999997,21.642,5.0,
2737,Hong_Kong,2019,2019-01-26,WC,R1,4,4,NOVIK_Uladzislau,BLR,10009049979.0,23.8,21.954,22.005,4.0,
2738,Hong_Kong,2019,2019-01-26,WC,R1,4,5,KANG_Shih_Feng,TPE,10010608447.0,21.6,22.654999999999998,22.540000000000003,3.0,
2739,Hong_Kong,2019,2019-01-26,WC,R1,4,6,RICHARDSON_Matthew,AUS,10015145724.0,19.8,24.661,21.572000000000003,2.0,
2740,Hong_Kong,2019,2019-01-26,WC,Rep,1,1,NITTA_Yudai,JPN,10005727327.0,33.0,24.753,24.961,1.0,
2741,Hong_Kong,2019,2019-01-26,WC,Rep,1,2,BROWNE_Kwesi,TTO,10009010876.0,25.0,24.726,24.775,2.0,
2742,Hong_Kong,2019,2019-01-26,WC,Rep,1,3,CECI_Francesco,ITA,10006073493.0,29.1,22.483,22.477,3.0,
2743,Hong_Kong,2019,2019-01-26,WC,Rep,1,4,NOVIK_Uladzislau,BLR,10009049979.0,23.8,22.005,21.607,4.0,
2744,Hong_Kong,2019,2019-01-26,WC,Rep,2,1,LENDEL_Vasilijus,LTU,10009181234.0,23.8,24.468999999999998,24.692,2.0,
2745,Hong_Kong,2019,2019-01-26,WC,Rep,2,2,CANELON_VERA_Hersony_Gadiel,VEN,10004717719.0,30.1,24.398,24.497,3.0,
2746,Hong_Kong,2019,2019-01-26,WC,Rep,2,3,KANG_Shih_Feng,TPE,10010608447.0,21.6,22.540000000000003,22.585,4.0,
2747,Hong_Kong,2019,2019-01-26,WC,Rep,2,4,WILLIAMS_Zac,NZL,10008997641.0,23.5,26.479,25.825,1.0,
2748,Hong_Kong,2019,2019-01-26,WC,Rep,3,1,RICHARDSON_Matthew,AUS,10015145724.0,19.8,21.572000000000003,23.16,2.0,
2749,Hong_Kong,2019,2019-01-26,WC,Rep,3,2,JURCZYK_Marc,GER,10009178002.0,23.0,24.021,24.069999999999997,1.0,
2750,Hong_Kong,2019,2019-01-26,WC,Rep,3,3,BOTTASSO_Leandro,ARG,10010894696.0,32.8,20.07,20.089,3.0,
2751,Hong_Kong,2019,2019-01-26,WC,Rep,3,4,BI_Wenjun,CHN,10061258009.0,27.0,10.832,11.626000000000001,5.0,
2752,Hong_Kong,2019,2019-01-26,WC,Rep,3,5,LAW_Tsz_Chun,HKG,10011155990.0,20.9,13.485,11.825,4.0,
2753,Hong_Kong,2019,2019-01-26,WC,Rep,4,1,RAJKOWSKI_Patryk,POL,10009176281.0,22.9,23.677,24.034,1.0,
2754,Hong_Kong,2019,2019-01-26,WC,Rep,4,2,DUBCHENKO_Aleksandr,RUS,10007772108.0,23.9,22.24,22.389,2.0,
2755,Hong_Kong,2019,2019-01-26,WC,Rep,4,3,SPIES_Jean,RSA,10007351671.0,29.2,13.686,15.163,5.0,
2756,Hong_Kong,2019,2019-01-26,WC,Rep,4,4,OMELCHENKO_Sergii,AZE,10006319633.0,29.2,21.088,21.003999999999998,4.0,
2757,Hong_Kong,2019,2019-01-26,WC,Rep,4,5,SZALONTAY_Sándor,HUN,10007073506.0,28.6,21.642,21.281,3.0,
2758,Hong_Kong,2019,2019-01-26,WC,R2,1,1,NITTA_Yudai,JPN,10005727327.0,33.0,24.961,25.26,3.0,
2759,Hong_Kong,2019,2019-01-26,WC,R2,1,2,OH_Jeseok,KOR,10010797393.0,21.4,20.419999999999998,22.131,6.0,
2760,Hong_Kong,2019,2019-01-26,WC,R2,1,3,VORZHEV_Pavel,KAZ,10007828183.0,25.3,22.676000000000002,23.084,5.0,
2761,Hong_Kong,2019,2019-01-26,WC,R2,1,4,RAJKOWSKI_Patryk,POL,10009176281.0,22.9,24.034,24.054000000000002,4.0,
2762,Hong_Kong,2019,2019-01-26,WC,R2,1,5,PERALTA_Juan,ESP,10006552534.0,28.7,25.382,25.269,2.0,
2763,Hong_Kong,2019,2019-01-26,WC,R2,1,6,HELAL_Rayan,FRA,10015683567.0,20.0,27.076,24.272,1.0,
2764,Hong_Kong,2019,2019-01-26,WC,R2,2,1,BOS_Theo,NED,10050887493.0,35.4,29.433999999999997,30.153,1.0,
2765,Hong_Kong,2019,2019-01-26,WC,R2,2,2,BARRETTE_Hugo,CAN,10007212639.0,27.6,26.295,26.462,4.0,
2766,Hong_Kong,2019,2019-01-26,WC,R2,2,3,KAWABATA_Tomoyuki,JPN,10008098470.0,34.0,27.087,27.174,3.0,
2767,Hong_Kong,2019,2019-01-26,WC,R2,2,4,KELEMEN_Pavel,CZE,10006422895.0,27.7,28.71,28.618,2.0,
2768,Hong_Kong,2019,2019-01-26,WC,R2,2,5,LENDEL_Vasilijus,LTU,10009181234.0,23.8,24.692,24.644000000000002,5.0,
2769,Hong_Kong,2019,2019-01-26,WC,R2,2,6,RICHARDSON_Matthew,AUS,10015145724.0,19.8,23.16,21.880000000000003,6.0,
2770,Hong_Kong,2019,2019-01-26,WC,Final,1,1,BOS_Theo,NED,10050887493.0,35.4,30.153,30.731999999999996,1.0,
2771,Hong_Kong,2019,2019-01-26,WC,Final,1,2,KAWABATA_Tomoyuki,JPN,10008098470.0,34.0,27.174,27.364,2.0,
2772,Hong_Kong,2019,2019-01-26,WC,Final,1,3,OH_Jeseok,KOR,10010797393.0,21.4,22.131,23.09,6.0,
2773,Hong_Kong,2019,2019-01-26,WC,Final,1,4,NITTA_Yudai,JPN,10005727327.0,33.0,25.26,25.27,4.0,
2774,Hong_Kong,2019,2019-01-26,WC,Final,1,5,VORZHEV_Pavel,KAZ,10007828183.0,25.3,23.084,22.998,5.0,
2775,Hong_Kong,2019,2019-01-26,WC,Final,1,6,BARRETTE_Hugo,CAN,10007212639.0,27.6,26.462,26.248,3.0,
2776,Hong_Kong,2019,2019-01-26,WC,Final,2,1,RICHARDSON_Matthew,AUS,10015145724.0,19.8,21.880000000000003,24.041,6.0,
2777,Hong_Kong,2019,2019-01-26,WC,Final,2,2,HELAL_Rayan,FRA,10015683567.0,20.0,24.272,25.392,4.0,
2778,Hong_Kong,2019,2019-01-26,WC,Final,2,3,PERALTA_Juan,ESP,10006552534.0,28.7,25.269,25.365,2.0,
2779,Hong_Kong,2019,2019-01-26,WC,Final,2,4,KELEMEN_Pavel,CZE,10006422895.0,27.7,28.618,28.501,1.0,
2780,Hong_Kong,2019,2019-01-26,WC,Final,2,5,LENDEL_Vasilijus,LTU,10009181234.0,23.8,24.644000000000002,24.573999999999998,3.0,
2781,Hong_Kong,2019,2019-01-26,WC,Final,2,6,RAJKOWSKI_Patryk,POL,10009176281.0,22.9,24.054000000000002,23.7,5.0,
2782,Pruszkow,2019,2019-02-28,WCH,R1,1,1,BÖTTICHER_Stefan,GER,10048325582.0,27.1,33.61,33.853,1.0,
2783,Pruszkow,2019,2019-02-28,WCH,R1,1,2,KELEMEN_Pavel,CZE,10006422895.0,27.8,28.501,28.592,2.0,
2784,Pruszkow,2019,2019-02-28,WCH,R1,1,3,FONSECA_DA_SILVA_FREITAS_Kacio,BRA,10008108574.0,24.8,21.041,21.758,5.0,
2785,Pruszkow,2019,2019-02-28,WCH,R1,1,4,VORZHEV_Pavel,KAZ,10007828183.0,25.4,22.998,23.05,4.0,
2786,Pruszkow,2019,2019-02-28,WCH,R1,1,5,KAWABATA_Tomoyuki,JPN,10008098470.0,34.1,27.364,27.044,3.0,
2787,Pruszkow,2019,2019-02-28,WCH,R1,2,1,WAKIMOTO_Yuta,JPN,10005964470.0,29.9,27.552999999999997,27.784000000000002,3.0,
2788,Pruszkow,2019,2019-02-28,WCH,R1,2,2,DAWKINS_Edward,NZL,10005782695.0,29.6,30.112,30.143,2.0,
2789,Pruszkow,2019,2019-02-28,WCH,R1,2,3,PERALTA_Juan,ESP,10006552534.0,28.8,25.365,25.469,4.0,
2790,Pruszkow,2019,2019-02-28,WCH,R1,2,4,SAHROM_Muhammad_Shah_Firdaus,MAS,10009150215.0,23.3,25.364,25.377000000000002,5.0,
2791,Pruszkow,2019,2019-02-28,WCH,R1,2,5,EILERS_Joachim,GER,10006379247.0,28.9,31.726999999999997,31.388,1.0,
2792,Pruszkow,2019,2019-02-28,WCH,R1,3,1,GLAETZER_Matthew,AUS,10006894559.0,26.5,32.014,32.139,1.0,
2793,Pruszkow,2019,2019-02-28,WCH,R1,3,2,NITTA_Yudai,JPN,10005727327.0,33.1,25.27,25.516000000000002,4.0,
2794,Pruszkow,2019,2019-02-28,WCH,R1,3,3,QUINTERO_CHAVARRO_Kevin_Santiago,COL,10010830840.0,20.3,27.748,27.790000000000003,3.0,
2795,Pruszkow,2019,2019-02-28,WCH,R1,3,4,CANELON_VERA_Hersony_Gadiel,VEN,10004717719.0,30.2,24.497,24.57,5.0,
2796,Pruszkow,2019,2019-02-28,WCH,R1,3,5,ARCHAMBAULT_Joel,CAN,10009307435.0,26.9,18.823,19.572,6.0,
2797,Pruszkow,2019,2019-02-28,WCH,R1,3,6,BOS_Theo,NED,10050887493.0,35.5,30.731999999999996,29.421,2.0,
2798,Pruszkow,2019,2019-02-28,WCH,R1,4,1,VIGIER_Sébastien,FRA,10010678569.0,21.9,29.521,30.131,1.0,
2799,Pruszkow,2019,2019-02-28,WCH,R1,4,2,BÁBEK_Tomáš,CZE,10004612534.0,31.7,27.652,27.851,3.0,
2800,Pruszkow,2019,2019-02-28,WCH,R1,4,3,AWANG_Mohd_Azizulhasni,MAS,10004868370.0,31.1,29.062,29.05,2.0,
2801,Pruszkow,2019,2019-02-28,WCH,R1,4,4,BARRETTE_Hugo,CAN,10007212639.0,27.7,26.248,26.228,4.0,
2802,Pruszkow,2019,2019-02-28,WCH,R1,4,5,RAMIREZ_MORALES_Santiago,COL,10009039774.0,24.6,24.47,24.023,5.0,
2803,Pruszkow,2019,2019-02-28,WCH,R1,4,6,SPIES_Jean,RSA,10007351671.0,29.3,15.163,14.908999999999999,6.0,
2804,Pruszkow,2019,2019-02-28,WCH,R1,5,1,JURCZYK_Marc,GER,10009178002.0,23.1,24.069999999999997,24.916,6.0,
2805,Pruszkow,2019,2019-02-28,WCH,R1,5,2,CARLIN_Jack,GBR,10009967641.0,21.9,30.451999999999998,30.624,2.0,
2806,Pruszkow,2019,2019-02-28,WCH,R1,5,3,MAKSEL_Krzysztof,POL,10006902239.0,27.7,28.072,28.179000000000002,3.0,
2807,Pruszkow,2019,2019-02-28,WCH,R1,5,4,BÜCHLI_Matthijs,NED,10006900421.0,26.2,33.206,33.033,1.0,
2808,Pruszkow,2019,2019-02-28,WCH,R1,5,5,BROWNE_Kwesi,TTO,10009010876.0,25.1,24.775,24.788999999999998,5.0,
2809,Pruszkow,2019,2019-02-28,WCH,R1,5,6,CONSTABLE_Patrick,AUS,10009009462.0,23.6,26.761,26.135,4.0,
2810,Pruszkow,2019,2019-02-28,WCH,Rep,1,1,BÜCHLI_Matthijs,NED,10006900421.0,26.2,33.033,33.129000000000005,1.0,
2811,Pruszkow,2019,2019-02-28,WCH,Rep,1,2,BOS_Theo,NED,10050887493.0,35.5,29.421,29.509999999999998,2.0,
2812,Pruszkow,2019,2019-02-28,WCH,Rep,1,3,BARRETTE_Hugo,CAN,10007212639.0,27.7,26.228,26.225,3.0,
2813,Pruszkow,2019,2019-02-28,WCH,Rep,1,4,FONSECA_DA_SILVA_FREITAS_Kacio,BRA,10008108574.0,24.8,21.758,21.478,4.0,
2814,Pruszkow,2019,2019-02-28,WCH,Rep,2,1,CANELON_VERA_Hersony_Gadiel,VEN,10004717719.0,30.2,24.57,24.805999999999997,3.0,
2815,Pruszkow,2019,2019-02-28,WCH,Rep,2,2,SPIES_Jean,RSA,10007351671.0,29.3,14.908999999999999,16.805,5.0,
2816,Pruszkow,2019,2019-02-28,WCH,Rep,2,3,BROWNE_Kwesi,TTO,10009010876.0,25.1,24.788999999999998,24.741999999999997,2.0,
2817,Pruszkow,2019,2019-02-28,WCH,Rep,2,4,PERALTA_Juan,ESP,10006552534.0,28.8,25.469,25.325999999999997,1.0,
2818,Pruszkow,2019,2019-02-28,WCH,Rep,2,5,VORZHEV_Pavel,KAZ,10007828183.0,25.4,23.05,22.514,4.0,
2819,Pruszkow,2019,2019-02-28,WCH,Rep,3,1,KAWABATA_Tomoyuki,JPN,10008098470.0,34.1,27.044,27.372,3.0,
2820,Pruszkow,2019,2019-02-28,WCH,Rep,3,2,CONSTABLE_Patrick,AUS,10009009462.0,23.6,26.135,26.572,4.0,
2821,Pruszkow,2019,2019-02-28,WCH,Rep,3,3,RAMIREZ_MORALES_Santiago,COL,10009039774.0,24.6,24.023,24.502000000000002,5.0,
2822,Pruszkow,2019,2019-02-28,WCH,Rep,3,4,EILERS_Joachim,GER,10006379247.0,28.9,31.388,31.189,1.0,
2823,Pruszkow,2019,2019-02-28,WCH,Rep,3,5,QUINTERO_CHAVARRO_Kevin_Santiago,COL,10010830840.0,20.3,27.790000000000003,27.254,2.0,
2824,Pruszkow,2019,2019-02-28,WCH,Rep,4,1,MAKSEL_Krzysztof,POL,10006902239.0,27.7,28.179000000000002,28.360999999999997,2.0,
2825,Pruszkow,2019,2019-02-28,WCH,Rep,4,2,AWANG_Mohd_Azizulhasni,MAS,10004868370.0,31.1,29.05,29.017,1.0,
2826,Pruszkow,2019,2019-02-28,WCH,Rep,4,3,SAHROM_Muhammad_Shah_Firdaus,MAS,10009150215.0,23.3,25.377000000000002,25.244000000000003,3.0,
2827,Pruszkow,2019,2019-02-28,WCH,Rep,4,3,ARCHAMBAULT_Joel,CAN,10009307435.0,26.9,19.572,19.966,1.0,
2828,Pruszkow,2019,2019-02-28,WCH,R2,1,1,BÖTTICHER_Stefan,GER,10048325582.0,27.1,33.853,34.272,1.0,
2829,Pruszkow,2019,2019-02-28,WCH,R2,1,2,VIGIER_Sébastien,FRA,10010678569.0,21.9,30.131,30.538,3.0,
2830,Pruszkow,2019,2019-02-28,WCH,R2,1,3,AWANG_Mohd_Azizulhasni,MAS,10004868370.0,31.1,29.017,29.086,4.0,
2831,Pruszkow,2019,2019-02-28,WCH,R2,1,4,KAWABATA_Tomoyuki,JPN,10008098470.0,34.1,27.372,27.424,5.0,
2832,Pruszkow,2019,2019-02-28,WCH,R2,1,5,DAWKINS_Edward,NZL,10005782695.0,29.6,30.143,29.994999999999997,2.0,
2833,Pruszkow,2019,2019-02-28,WCH,R2,1,6,CANELON_VERA_Hersony_Gadiel,VEN,10004717719.0,30.2,24.805999999999997,24.650000000000002,6.0,
2834,Pruszkow,2019,2019-02-28,WCH,R2,2,1,BÜCHLI_Matthijs,NED,10006900421.0,26.2,33.129000000000005,33.235,1.0,
2835,Pruszkow,2019,2019-02-28,WCH,R2,2,2,NITTA_Yudai,JPN,10005727327.0,33.1,25.516000000000002,25.773999999999997,5.0,
2836,Pruszkow,2019,2019-02-28,WCH,R2,2,3,MAKSEL_Krzysztof,POL,10006902239.0,27.7,28.360999999999997,28.404,2.0,
2837,Pruszkow,2019,2019-02-28,WCH,R2,2,4,WAKIMOTO_Yuta,JPN,10005964470.0,29.9,27.784000000000002,27.753999999999998,3.0,
2838,Pruszkow,2019,2019-02-28,WCH,R2,2,5,JURCZYK_Marc,GER,10009178002.0,23.1,24.916,24.846,6.0,
2839,Pruszkow,2019,2019-02-28,WCH,R2,2,6,CONSTABLE_Patrick,AUS,10009009462.0,23.6,26.572,25.981,4.0,
2840,Pruszkow,2019,2019-02-28,WCH,R2,3,1,GLAETZER_Matthew,AUS,10006894559.0,26.5,32.139,32.331,1.0,
2841,Pruszkow,2019,2019-02-28,WCH,R2,3,2,CARLIN_Jack,GBR,10009967641.0,21.9,30.624,30.904000000000003,2.0,
2842,Pruszkow,2019,2019-02-28,WCH,R2,3,3,BOS_Theo,NED,10050887493.0,35.5,29.509999999999998,29.631999999999998,3.0,
2843,Pruszkow,2019,2019-02-28,WCH,R2,3,4,BROWNE_Kwesi,TTO,10009010876.0,25.1,24.741999999999997,24.912,6.0,
2844,Pruszkow,2019,2019-02-28,WCH,R2,3,5,KELEMEN_Pavel,CZE,10006422895.0,27.8,28.592,28.495,4.0,
2845,Pruszkow,2019,2019-02-28,WCH,R2,3,6,BÁBEK_Tomáš,CZE,10004612534.0,31.7,27.851,27.599,5.0,
2846,Pruszkow,2019,2019-02-28,WCH,R2,3,7,SPIES_Jean,RSA,10007351671.0,29.3,16.805,16.579,7.0,
2847,Pruszkow,2019,2019-02-28,WCH,R3,1,1,BÖTTICHER_Stefan,GER,10048325582.0,27.1,34.272,34.626999999999995,1.0,
2848,Pruszkow,2019,2019-02-28,WCH,R3,1,2,VIGIER_Sébastien,FRA,10010678569.0,21.9,30.538,30.838,2.0,
2849,Pruszkow,2019,2019-02-28,WCH,R3,1,3,NITTA_Yudai,JPN,10005727327.0,33.1,25.773999999999997,25.962,5.0,
2850,Pruszkow,2019,2019-02-28,WCH,R3,1,4,MAKSEL_Krzysztof,POL,10006902239.0,27.7,28.404,28.384,4.0,
2851,Pruszkow,2019,2019-02-28,WCH,R3,1,5,BROWNE_Kwesi,TTO,10009010876.0,25.1,24.912,24.93,6.0,
2852,Pruszkow,2019,2019-02-28,WCH,R3,1,6,BOS_Theo,NED,10050887493.0,35.5,29.631999999999998,28.845,3.0,
2853,Pruszkow,2019,2019-02-28,WCH,R3,2,1,BÜCHLI_Matthijs,NED,10006900421.0,26.2,33.235,33.412,1.0,
2854,Pruszkow,2019,2019-02-28,WCH,R3,2,2,GLAETZER_Matthew,AUS,10006894559.0,26.5,32.331,32.428,2.0,
2855,Pruszkow,2019,2019-02-28,WCH,R3,2,3,CARLIN_Jack,GBR,10009967641.0,21.9,30.904000000000003,30.991,3.0,
2856,Pruszkow,2019,2019-02-28,WCH,Final,2,4,AWANG_Mohd_Azizulhasni,MAS,10004868370.0,31.1,29.086,29.102,5.0,
2857,Pruszkow,2019,2019-02-28,WCH,R3,2,5,WAKIMOTO_Yuta,JPN,10005964470.0,29.9,27.753999999999998,27.724,6.0,
2858,Pruszkow,2019,2019-02-28,WCH,R3,2,6,DAWKINS_Edward,NZL,10005782695.0,29.6,29.994999999999997,29.781000000000002,4.0,
2859,Pruszkow,2019,2019-02-28,WCH,Final,1,1,BÜCHLI_Matthijs,NED,10006900421.0,26.2,33.412,33.587,2.0,
2860,Pruszkow,2019,2019-02-28,WCH,Final,1,2,NITTA_Yudai,JPN,10005727327.0,33.1,25.962,26.328,6.0,
2861,Pruszkow,2019,2019-02-28,WCH,Final,1,3,BÖTTICHER_Stefan,GER,10048325582.0,27.1,34.626999999999995,34.464999999999996,1.0,
2862,Pruszkow,2019,2019-02-28,WCH,Final,1,4,GLAETZER_Matthew,AUS,10006894559.0,26.5,32.428,32.382,3.0,
2863,Pruszkow,2019,2019-02-28,WCH,Final,1,5,CARLIN_Jack,GBR,10009967641.0,21.9,30.991,30.766999999999996,4.0,
2864,Pruszkow,2019,2019-02-28,WCH,Final,1,6,VIGIER_Sébastien,FRA,10010678569.0,21.9,30.838,30.253000000000004,5.0,
2865,Pruszkow,2019,2019-02-28,WCH,Final,2,1,AWANG_Mohd_Azizulhasni,MAS,10004868370.0,31.1,29.102,29.289,2.0,
2866,Pruszkow,2019,2019-02-28,WCH,Final,2,2,WAKIMOTO_Yuta,JPN,10005964470.0,29.9,27.724,27.88,5.0,
2867,Pruszkow,2019,2019-02-28,WCH,Final,2,3,DAWKINS_Edward,NZL,10005782695.0,29.6,29.781000000000002,29.788999999999998,1.0,
2868,Pruszkow,2019,2019-02-28,WCH,Final,2,4,MAKSEL_Krzysztof,POL,10006902239.0,27.7,28.384,28.351,4.0,
2869,Pruszkow,2019,2019-02-28,WCH,Final,2,5,BOS_Theo,NED,10050887493.0,35.5,28.845,28.441,3.0,
2870,Pruszkow,2019,2019-02-28,WCH,Final,2,6,BROWNE_Kwesi,TTO,10009010876.0,25.1,24.93,24.756,6.0,
2871,Brisbane,2019,2019-04-05,NCh,R1,1,1,GALLAGHER_Sam,AUS,10072107558.0,17.8,30.912999999999997,32.158,1.0,
2872,Brisbane,2019,2019-04-05,NCh,R1,1,2,KEY_Declan,AUS,,17.2,9.0,16.917,3.0,
2873,Brisbane,2019,2019-04-05,NCh,R1,1,3,TROVAS_John,AUS,10075185084.0,17.9,9.588999999999999,12.507000000000001,2.0,
2874,Brisbane,2019,2019-04-05,NCh,R1,1,4,HUTTON_Brandon,AUS,10075184680.0,17.4,6.689,8.268,5.0,
2875,Brisbane,2019,2019-04-05,NCh,R1,1,5,SHEEN_Lachlan,AUS,,16.8,9.0,1.9260000000000002,3.0,
2876,Brisbane,2019,2019-04-05,NCh,R1,2,1,CARISIMO_Carlos,AUS,10075184882.0,17.4,11.8,17.834000000000003,1.0,
2877,Brisbane,2019,2019-04-05,NCh,R1,2,2,ROLLISON_Jaden,AUS,,17.1,9.0,15.358,2.0,
2878,Brisbane,2019,2019-04-05,NCh,R1,2,3,STIBBARD_Louis,AUS,,17.0,9.0,12.028,2.0,
2879,Brisbane,2019,2019-04-05,NCh,R1,2,4,ALLEN_Duncan,AUS,10086832057.0,16.6,9.0,8.098000000000003,2.0,
2880,Brisbane,2019,2019-04-05,NCh,R1,2,5,LOVERIDGE_Lachlan,AUS,,17.5,5.643000000000001,4.286,5.0,
2881,Brisbane,2019,2019-04-05,NCh,Rep,1,1,TROVAS_John,AUS,10075185084.0,17.9,12.507000000000001,17.904,1.0,
2882,Brisbane,2019,2019-04-05,NCh,Final,1,1,CARISIMO_Carlos,AUS,10075184882.0,17.4,17.834000000000003,20.866,1.0,
2883,Brisbane,2019,2019-04-05,NCh,Rep,1,2,HUTTON_Brandon,AUS,10075184680.0,17.4,8.268,14.376999999999999,2.0,
2884,Brisbane,2019,2019-04-05,NCh,Final,1,2,GALLAGHER_Sam,AUS,10072107558.0,17.8,32.158,26.328,1.0,
2885,Brisbane,2019,2019-04-05,NCh,Rep,1,3,ALLEN_Duncan,AUS,10086832057.0,16.6,8.098000000000003,13.878999999999998,2.0,
2886,Brisbane,2019,2019-04-05,NCh,Final,1,3,ROLLISON_Jaden,AUS,,17.1,15.358,16.801000000000002,1.0,
2887,Brisbane,2019,2019-04-05,NCh,Rep,1,4,STIBBARD_Louis,AUS,,17.0,12.028,13.561,2.0,
2888,Brisbane,2019,2019-04-05,NCh,Final,1,4,TROVAS_John,AUS,10075185084.0,17.9,17.904,13.850000000000001,1.0,
2889,Brisbane,2019,2019-04-05,NCh,Rep,1,5,SHEEN_Lachlan,AUS,,16.8,1.9260000000000002,7.494,2.0,
2890,Brisbane,2019,2019-04-05,NCh,Final,1,5,HUTTON_Brandon,AUS,10075184680.0,17.4,14.376999999999999,9.833,1.0,
2891,Brisbane,2019,2019-04-05,NCh,Rep,1,6,LOVERIDGE_Lachlan,AUS,,17.5,4.286,5.974000000000001,2.0,
2892,Brisbane,2019,2019-04-05,NCh,Final,1,6,KEY_Declan,AUS,,17.2,16.917,10.138,1.0,
2893,Brisbane,2019,2019-04-05,NCh,Final,2,1,STIBBARD_Louis,AUS,,17.0,13.561,16.183999999999997,2.0,
2894,Brisbane,2019,2019-04-05,NCh,Final,2,2,ALLEN_Duncan,AUS,10086832057.0,16.6,13.878999999999998,14.347999999999999,1.0,
2895,Brisbane,2019,2019-04-05,NCh,Final,2,3,LOVERIDGE_Lachlan,AUS,,17.5,5.974000000000001,7.317999999999999,4.0,
2896,Brisbane,2019,2019-04-05,NCh,Final,2,4,SHEEN_Lachlan,AUS,,16.8,7.494,5.797,3.0,
2897,Brisbane,2019,2019-04-06,NCh,R1,1,1,CONSTABLE_Patrick,AUS,10009009462.0,23.7,25.981,26.449,1.0,
2898,Brisbane,2019,2019-04-06,NCh,R1,1,2,ROWLEY_Conor,AUS,10010664829.0,21.0,8.917,16.689,7.0,
2899,Brisbane,2019,2019-04-06,NCh,R1,1,3,HART_Nathan,AUS,10007811716.0,26.1,9.0,17.893,6.0,
2900,Brisbane,2019,2019-04-06,NCh,R1,1,4,CORNISH_Thomas,AUS,10055349695.0,19.1,21.484,21.343999999999998,2.0,
2901,Brisbane,2019,2019-04-06,NCh,R1,1,5,HOFFMAN_Leigh,AUS,10055348887.0,18.8,17.067,17.520999999999997,4.0,
2902,Brisbane,2019,2019-04-06,NCh,R1,1,6,BONSER_Kye,AUS,,20.0,20.256999999999998,18.919,3.0,
2903,Brisbane,2019,2019-04-06,NCh,R1,1,7,RYAN_Blake,AUS,,24.4,12.57,11.046000000000001,5.0,
2904,Brisbane,2019,2019-04-06,NCh,R1,2,1,CLARKE_Thomas,AUS,10009009260.0,24.0,23.453,24.063000000000002,2.0,
2905,Brisbane,2019,2019-04-06,NCh,R1,2,2,RICHARDSON_Matthew,AUS,10015145724.0,20.0,24.041,24.055,1.0,
2906,Brisbane,2019,2019-04-06,NCh,R1,2,3,BRISTER_James,AUS,10011146694.0,20.1,9.928,13.66,5.0,
2907,Brisbane,2019,2019-04-06,NCh,R1,2,4,WILLIAMS_Jackson,AUS,10010791030.0,24.6,3.5600000000000005,9.237,6.0,
2908,Brisbane,2019,2019-04-06,NCh,R1,2,5,GREEN_Jamie,AUS_,10007051274.0,26.3,15.27,13.533000000000001,3.0,
2909,Brisbane,2019,2019-04-06,NCh,R1,2,6,HOFMAN_Charles,AUS_,10010794262.0,20.3,12.902,10.43,4.0,
2910,Brisbane,2019,2019-04-06,NCh,Rep,1,1,HART_Nathan,AUS_,10007811716.0,26.1,17.893,21.204,2.0,
2911,Brisbane,2019,2019-04-06,NCh,Rep,1,2,WILLIAMS_Jackson,AUS,10010791030.0,24.6,9.237,13.754000000000001,5.0,
2912,Brisbane,2019,2019-04-06,NCh,Rep,1,3,HOFFMAN_Leigh,AUS,10055348887.0,18.8,17.520999999999997,17.745,3.0,
2913,Brisbane,2019,2019-04-06,NCh,Rep,1,4,BONSER_Kye,AUS,,20.0,18.919,18.013,1.0,
2914,Brisbane,2019,2019-04-06,NCh,Rep,1,5,HOFMAN_Charles,AUS_,10010794262.0,20.3,10.43,9.632000000000001,4.0,
2915,Brisbane,2019,2019-04-06,NCh,Rep,2,1,BRISTER_James,AUS,10011146694.0,20.1,13.66,17.019,2.0,
2916,Brisbane,2019,2019-04-06,NCh,Rep,2,2,GREEN_Jamie,AUS_,10007051274.0,26.3,13.533000000000001,15.614,3.0,
2917,Brisbane,2019,2019-04-06,NCh,Rep,2,3,CORNISH_Thomas,AUS,10055349695.0,19.1,21.343999999999998,20.145,1.0,
2918,Brisbane,2019,2019-04-06,NCh,Rep,2,4,RYAN_Blake,AUS,,24.4,11.046000000000001,10.366999999999999,4.0,
2919,Brisbane,2019,2019-04-06,NCh,Final,1,1,CLARKE_Thomas,AUS,10009009260.0,24.0,24.063000000000002,24.857999999999997,2.0,
2920,Brisbane,2019,2019-04-06,NCh,Final,1,2,BRISTER_James,AUS,10011146694.0,20.1,17.019,20.090000000000003,5.0,
2921,Brisbane,2019,2019-04-06,NCh,Final,1,3,RICHARDSON_Matthew,AUS,10015145724.0,20.0,24.055,24.285999999999998,3.0,
2922,Brisbane,2019,2019-04-06,NCh,Final,1,4,HART_Nathan,AUS,10007811716.0,26.1,21.204,21.336000000000002,4.0,
2923,Brisbane,2019,2019-04-06,NCh,Final,1,5,CONSTABLE_Patrick,AUS,10009009462.0,23.7,26.449,25.981,1.0,
2924,Brisbane,2019,2019-04-06,NCh,Final,1,6,ROWLEY_Conor,AUS,10010664829.0,21.0,16.689,15.572,6.0,
2925,Brisbane,2019,2019-04-06,NCh,Final,2,1,HOFMAN_Charles,AUS_,10010794262.0,20.3,9.632000000000001,14.378,7.0,
2926,Brisbane,2019,2019-04-06,NCh,Final,2,2,CORNISH_Thomas,AUS,10055349695.0,19.1,20.145,20.673000000000002,1.0,
2927,Brisbane,2019,2019-04-06,NCh,Final,2,3,HOFFMAN_Leigh,AUS,10055348887.0,18.8,17.745,18.271,3.0,
2928,Brisbane,2019,2019-04-06,NCh,Final,2,4,RYAN_Blake,AUS,,24.4,10.366999999999999,12.599,6.0,
2929,Brisbane,2019,2019-04-06,NCh,Final,2,5,WILLIAMS_Jackson,AUS,10010791030.0,24.6,13.754000000000001,14.142,5.0,
2930,Brisbane,2019,2019-04-06,NCh,Final,2,6,GREEN_Jamie,AUS_,10007051274.0,26.3,15.614,14.755000000000003,4.0,
2931,Brisbane,2019,2019-04-06,NCh,Final,2,9,BONSER_Kye,AUS,,20.0,18.013,16.311999999999998,2.0,
2932,Shizuoka-JKA,2020,2019-08-23,GP,R1,1,1,CARLIN_Jack,GBR,10009967641.0,22.3,30.766999999999996,31.117999999999995,1.0,
2933,Shizuoka-JKA,2020,2019-08-23,GP,R1,1,2,NITTA_Yudai,JPN,10005727327.0,33.6,26.328,26.526,2.0,
2934,Shizuoka-JKA,2020,2019-08-23,GP,R1,1,3,OBARA_Yuta,JPN,10010773549.0,23.5,9.0,20.747,7.0,
2935,Shizuoka-JKA,2020,2019-08-23,GP,R1,1,4,HART_Nathan,AUS,10007811716.0,26.5,21.336000000000002,22.345000000000002,5.0,
2936,Shizuoka-JKA,2020,2019-08-23,GP,R1,1,5,HINDES_Philip,GBR,10007499292.0,26.9,17.437,19.162999999999997,6.0,
2937,Shizuoka-JKA,2020,2019-08-23,GP,R1,1,6,LENDEL_Vasilijus,LTU,10009181234.0,24.4,24.573999999999998,24.465,4.0,
2938,Shizuoka-JKA,2020,2019-08-23,GP,R1,1,7,DMITRIEV_Denis,RUS,10003100142.0,33.4,25.262,24.881,3.0,
2939,Shizuoka-JKA,2020,2019-08-23,GP,R1,2,1,WAKIMOTO_Yuta,JPN,10005964470.0,30.4,27.88,28.064,2.0,
2940,Shizuoka-JKA,2020,2019-08-23,GP,R1,2,2,FUKAYA_Tomohiro,JPN,10005964672.0,29.6,17.942999999999998,21.516000000000002,4.0,
2941,Shizuoka-JKA,2020,2019-08-23,GP,R1,2,3,BOS_Theo,NED,10050887493.0,36.0,28.441,28.319000000000003,1.0,
2942,Shizuoka-JKA,2020,2019-08-23,GP,R1,2,4,PERKINS_Shane_Alan,RUS,10051694112.0,32.6,27.091,26.959,3.0,
2943,Shizuoka-JKA,2020,2019-08-23,GP,R1,2,5,KAPUNYA_Worayut,THA,10052265705.0,26.4,9.0,13.623000000000001,5.0,
2944,Shizuoka-JKA,2020,2019-08-23,GP,R1,2,6,TAKAHASHI_Shinya,JPN,,24.9,9.0,9.396,5.0,
2945,Shizuoka-JKA,2020,2019-08-23,GP,R1,2,7,SHINZAN_Kyohei,JPN,10007827880.0,25.8,9.0,2.994999999999999,5.0,
2946,Shizuoka-JKA,2020,2019-08-23,GP,R1,3,1,GLAETZER_Matthew,AUS,10006894559.0,27.0,32.382,32.474,1.0,
2947,Shizuoka-JKA,2020,2019-08-23,GP,R1,3,2,ANGSUTHASAWIT_Jai,AUS,10009009159.0,24.5,9.0,20.418,4.0,
2948,Shizuoka-JKA,2020,2019-08-23,GP,R1,3,3,YOSHIMOTO_Taisei,JPN,,21.0,9.0,17.146,4.0,
2949,Shizuoka-JKA,2020,2019-08-23,GP,R1,3,4,JONAUSKAS_Svajūnas,LTU,10009181032.0,24.6,19.628,19.721,2.0,
2950,Shizuoka-JKA,2020,2019-08-23,GP,R1,3,5,AMAGAI_Kazuki,JPN,10005964571.0,29.6,9.0,10.472999999999999,4.0,
2951,Shizuoka-JKA,2020,2019-08-23,GP,R1,3,6,LAW_Tsz_Chun,HKG,10011155990.0,21.5,11.825,10.953000000000001,3.0,
2952,Shizuoka-JKA,2020,2019-08-23,GP,R1,4,1,KAWABATA_Tomoyuki,JPN,10008098470.0,34.5,27.424,27.657,2.0,
2953,Shizuoka-JKA,2020,2019-08-23,GP,R1,4,2,TRUMAN_Joseph,GBR,10017950943.0,22.5,27.884,27.932000000000002,1.0,
2954,Shizuoka-JKA,2020,2019-08-23,GP,R1,4,3,OH_Jeseok,KOR,10010797393.0,21.9,23.09,23.248,3.0,
2955,Shizuoka-JKA,2020,2019-08-23,GP,R1,4,4,MATSUI_Koyu,JPN,10090680735.0,26.9,9.0,13.748000000000001,4.0,
2956,Shizuoka-JKA,2020,2019-08-23,GP,R1,4,5,HORI_Koki,JPN,10010638961.0,24.2,9.0,9.497000000000002,4.0,
2957,Shizuoka-JKA,2020,2019-08-23,GP,R1,4,6,KIM_Chengsu,KOR,10011164074.0,20.9,9.0,3.0679999999999996,4.0,
2958,Shizuoka-JKA,2020,2019-08-23,GP,Rep,1,1,MATSUI_Koyu,JPN,10090680735.0,26.9,13.748000000000001,20.704,3.0,
2959,Shizuoka-JKA,2020,2019-08-23,GP,Rep,1,2,DMITRIEV_Denis,RUS,10003100142.0,33.4,24.881,24.963,1.0,
2960,Shizuoka-JKA,2020,2019-08-23,GP,Rep,1,3,OBARA_Yuta,JPN,10010773549.0,23.5,20.747,20.057000000000002,2.0,
2961,Shizuoka-JKA,2020,2019-08-23,GP,Rep,1,4,AMAGAI_Kazuki,JPN,10005964571.0,29.6,10.472999999999999,12.059999999999999,4.0,
2962,Shizuoka-JKA,2020,2019-08-23,GP,Rep,1,5,TAKAHASHI_Shinya,JPN,,24.9,9.396,7.552000000000001,5.0,
2963,Shizuoka-JKA,2020,2019-08-23,GP,Rep,2,1,BOS_Theo,NED,10050887493.0,36.0,28.319000000000003,28.517,1.0,
2964,Shizuoka-JKA,2020,2019-08-23,GP,Rep,2,2,JONAUSKAS_Svajūnas,LTU,10009181032.0,24.6,19.721,20.328,3.0,
2965,Shizuoka-JKA,2020,2019-08-23,GP,Rep,2,3,LENDEL_Vasilijus,LTU,10009181234.0,24.4,24.465,24.364,2.0,
2966,Shizuoka-JKA,2020,2019-08-23,GP,Rep,2,4,KAPUNYA_Worayut,THA,10052265705.0,26.4,13.623000000000001,12.239999999999998,4.0,
2967,Shizuoka-JKA,2020,2019-08-23,GP,Rep,3,1,KIM_Chengsu,KOR,10011164074.0,20.9,3.0679999999999996,17.16,4.0,
2968,Shizuoka-JKA,2020,2019-08-23,GP,Rep,3,2,PERKINS_Shane_Alan,RUS,10051694112.0,32.6,26.959,26.904,1.0,
2969,Shizuoka-JKA,2020,2019-08-23,GP,Rep,3,3,HINDES_Philip,GBR,10007499292.0,26.9,19.162999999999997,19.342,2.0,
2970,Shizuoka-JKA,2020,2019-08-23,GP,Rep,3,4,YOSHIMOTO_Taisei,JPN,,21.0,17.146,14.608999999999998,3.0,
2971,Shizuoka-JKA,2020,2019-08-23,GP,Rep,4,1,HART_Nathan,AUS,10007811716.0,26.5,22.345000000000002,23.585,2.0,
2972,Shizuoka-JKA,2020,2019-08-23,GP,Rep,4,2,OH_Jeseok,KOR,10010797393.0,21.9,23.248,23.191,1.0,
2973,Shizuoka-JKA,2020,2019-08-23,GP,Rep,4,3,LAW_Tsz_Chun,HKG,10011155990.0,21.5,10.953000000000001,12.267999999999999,3.0,
2974,Shizuoka-JKA,2020,2019-08-23,GP,Rep,4,4,HORI_Koki,JPN,10010638961.0,24.2,9.497000000000002,9.129999999999999,4.0,
2975,Shizuoka-JKA,2020,2019-08-23,GP,Rep,4,5,SHINZAN_Kyohei,JPN,10007827880.0,25.8,2.994999999999999,1.2510000000000012,5.0,
2976,Shizuoka-JKA,2020,2019-08-23,GP,R2,1,1,KAWABATA_Tomoyuki,JPN,10008098470.0,34.5,27.657,28.0,2.0,
2977,Shizuoka-JKA,2020,2019-08-23,GP,R2,1,2,ANGSUTHASAWIT_Jai,AUS,10009009159.0,24.5,20.418,25.171,6.0,
2978,Shizuoka-JKA,2020,2019-08-23,GP,R2,1,3,MATSUI_Koyu,JPN,10090680735.0,26.9,20.704,23.54,5.0,
2979,Shizuoka-JKA,2020,2019-08-23,GP,R2,1,4,CARLIN_Jack,GBR,10009967641.0,22.3,31.117999999999995,30.813999999999997,1.0,
2980,Shizuoka-JKA,2020,2019-08-23,GP,R2,1,5,FUKAYA_Tomohiro,JPN,10005964672.0,29.6,21.516000000000002,21.753,4.0,
2981,Shizuoka-JKA,2020,2019-08-23,GP,R2,1,6,HART_Nathan,AUS,10007811716.0,26.5,23.585,22.384999999999998,3.0,
2982,Shizuoka-JKA,2020,2019-08-23,GP,R2,2,1,WAKIMOTO_Yuta,JPN,10005964470.0,30.4,28.064,28.308,3.0,
2983,Shizuoka-JKA,2020,2019-08-23,GP,R2,2,2,GLAETZER_Matthew,AUS,10006894559.0,27.0,32.474,32.472,1.0,
2984,Shizuoka-JKA,2020,2019-08-23,GP,R2,2,3,NITTA_Yudai,JPN,10005727327.0,33.6,26.526,26.642,5.0,
2985,Shizuoka-JKA,2020,2019-08-23,GP,R2,2,4,TRUMAN_Joseph,GBR,10017950943.0,22.5,27.932000000000002,27.874,4.0,
2986,Shizuoka-JKA,2020,2019-08-23,GP,R2,2,5,BOS_Theo,NED,10050887493.0,36.0,28.517,28.134999999999998,2.0,
2987,Shizuoka-JKA,2020,2019-08-23,GP,R2,2,6,KIM_Chengsu,KOR,10011164074.0,20.9,17.16,15.889000000000001,6.0,
2988,Shizuoka-JKA,2020,2019-08-23,GP,Final,1,1,KAWABATA_Tomoyuki,JPN,10008098470.0,34.5,28.0,28.336,3.0,
2989,Shizuoka-JKA,2020,2019-08-23,GP,Final,1,2,WAKIMOTO_Yuta,JPN,10005964470.0,30.4,28.308,28.454,2.0,
2990,Shizuoka-JKA,2020,2019-08-23,GP,Final,1,3,ANGSUTHASAWIT_Jai,AUS,10009009159.0,24.5,25.171,26.338,5.0,
2991,Shizuoka-JKA,2020,2019-08-23,GP,Final,1,4,GLAETZER_Matthew,AUS,10006894559.0,27.0,32.472,32.329,1.0,
2992,Shizuoka-JKA,2020,2019-08-23,GP,Final,1,5,NITTA_Yudai,JPN,10005727327.0,33.6,26.642,26.589,4.0,
2993,Shizuoka-JKA,2020,2019-08-23,GP,Final,1,6,MATSUI_Koyu,JPN,10090680735.0,26.9,23.54,21.904,6.0,
2994,Shizuoka-JKA,2020,2019-08-23,GP,Final,2,1,CARLIN_Jack,GBR,10009967641.0,22.3,30.813999999999997,31.137999999999998,1.0,
2995,Shizuoka-JKA,2020,2019-08-23,GP,Final,2,2,BOS_Theo,NED,10050887493.0,36.0,28.134999999999998,28.374,2.0,
2996,Shizuoka-JKA,2020,2019-08-23,GP,Final,2,3,TRUMAN_Joseph,GBR,10017950943.0,22.5,27.874,27.893,3.0,
2997,Shizuoka-JKA,2020,2019-08-23,GP,Final,2,4,KIM_Chengsu,KOR,10011164074.0,20.9,15.889000000000001,18.601,6.0,
2998,Shizuoka-JKA,2020,2019-08-23,GP,Final,2,5,FUKAYA_Tomohiro,JPN,10005964672.0,29.6,21.753,21.472,5.0,
2999,Shizuoka-JKA,2020,2019-08-23,GP,Final,2,6,HART_Nathan,AUS,10007811716.0,26.5,22.384999999999998,21.232999999999997,4.0,
3000,Shizuoka-JKA,2020,2019-08-25,GP,R1,1,1,NITTA_Yudai,JPN,10005727327.0,33.6,26.589,26.761,2.0,
3001,Shizuoka-JKA,2020,2019-08-25,GP,R1,1,2,PERKINS_Shane_Alan,RUS,10051694112.0,32.7,26.904,26.933,1.0,
3002,Shizuoka-JKA,2020,2019-08-25,GP,R1,1,3,LENDEL_Vasilijus,LTU,10009181234.0,24.4,24.364,24.349,3.0,
3003,Shizuoka-JKA,2020,2019-08-25,GP,R1,1,4,AMAGAI_Kazuki,JPN,10005964571.0,29.6,12.059999999999999,14.129000000000001,5.0,
3004,Shizuoka-JKA,2020,2019-08-25,GP,R1,1,5,KIM_Chengsu,KOR,10011164074.0,20.9,18.601,16.916,4.0,
3005,Shizuoka-JKA,2020,2019-08-25,GP,R1,2,1,WAKIMOTO_Yuta,JPN,10005964470.0,30.4,28.454,28.578,1.0,
3006,Shizuoka-JKA,2020,2019-08-25,GP,R1,2,2,FUKAYA_Tomohiro,JPN,10005964672.0,29.6,21.472,22.590000000000003,3.0,
3007,Shizuoka-JKA,2020,2019-08-25,GP,R1,2,3,OBARA_Yuta,JPN,10010773549.0,23.5,20.057000000000002,21.069,5.0,
3008,Shizuoka-JKA,2020,2019-08-25,GP,R1,2,4,OH_Jeseok,KOR,10010797393.0,21.9,23.191,22.878,2.0,
3009,Shizuoka-JKA,2020,2019-08-25,GP,R1,2,5,JONAUSKAS_Svajūnas,LTU,10009181032.0,24.6,20.328,19.926000000000002,4.0,
3010,Shizuoka-JKA,2020,2019-08-25,GP,R1,3,1,GLAETZER_Matthew,AUS,10006894559.0,27.0,32.329,32.486,2.0,
3011,Shizuoka-JKA,2020,2019-08-25,GP,R1,3,2,BÖTTICHER_Stefan,GER,10048325582.0,27.6,34.464999999999996,34.308,1.0,
3012,Shizuoka-JKA,2020,2019-08-25,GP,R1,3,3,TRUMAN_Joseph,GBR,10017950943.0,22.5,27.893,27.876,3.0,
3013,Shizuoka-JKA,2020,2019-08-25,GP,R1,3,4,TAKAHASHI_Shinya,JPN,,24.9,7.552000000000001,12.556000000000001,5.0,
3014,Shizuoka-JKA,2020,2019-08-25,GP,R1,3,5,HART_Nathan,AUS,10007811716.0,26.5,21.232999999999997,20.211,4.0,
3015,Shizuoka-JKA,2020,2019-08-25,GP,R1,4,1,KAWABATA_Tomoyuki,JPN,10008098470.0,34.5,28.336,28.543,1.0,
3016,Shizuoka-JKA,2020,2019-08-25,GP,R1,4,2,ANGSUTHASAWIT_Jai,AUS,10009009159.0,24.5,26.338,26.564,2.0,
3017,Shizuoka-JKA,2020,2019-08-25,GP,R1,4,3,SHINZAN_Kyohei,JPN,10007827880.0,25.8,1.2510000000000012,12.532,6.0,
3018,Shizuoka-JKA,2020,2019-08-25,GP,R1,4,4,MATSUI_Koyu,JPN,10090680735.0,26.9,21.904,21.614,4.0,
3019,Shizuoka-JKA,2020,2019-08-25,GP,R1,4,5,YOSHIMOTO_Taisei,JPN,,21.0,14.608999999999998,15.807000000000002,5.0,
3020,Shizuoka-JKA,2020,2019-08-25,GP,R1,4,6,DMITRIEV_Denis,RUS,10003100142.0,33.4,24.963,24.543,3.0,
3021,Shizuoka-JKA,2020,2019-08-25,GP,R1,5,1,BOS_Theo,NED,10050887493.0,36.0,28.374,28.646,2.0,
3022,Shizuoka-JKA,2020,2019-08-25,GP,R1,5,2,HINDES_Philip,GBR,10007499292.0,26.9,19.342,21.148000000000003,3.0,
3023,Shizuoka-JKA,2020,2019-08-25,GP,R1,5,3,HORI_Koki,JPN,10010638961.0,24.2,9.129999999999999,15.001999999999999,6.0,
3024,Shizuoka-JKA,2020,2019-08-25,GP,R1,5,4,CARLIN_Jack,GBR,10009967641.0,22.3,31.137999999999998,30.497000000000003,1.0,
3025,Shizuoka-JKA,2020,2019-08-25,GP,R1,5,5,LAW_Tsz_Chun,HKG,10011155990.0,21.5,12.267999999999999,13.003,4.0,
3026,Shizuoka-JKA,2020,2019-08-25,GP,R1,5,6,KAPUNYA_Worayut,THA,10052265705.0,26.4,12.239999999999998,10.482,5.0,
3027,Shizuoka-JKA,2020,2019-08-25,GP,Rep,1,1,CARLIN_Jack,GBR,10009967641.0,22.3,30.497000000000003,30.669999999999995,1.0,
3028,Shizuoka-JKA,2020,2019-08-25,GP,Rep,1,2,DMITRIEV_Denis,RUS,10003100142.0,33.4,24.543,24.714000000000002,2.0,
3029,Shizuoka-JKA,2020,2019-08-25,GP,Rep,1,3,MATSUI_Koyu,JPN,10090680735.0,26.9,21.614,21.843,4.0,
3030,Shizuoka-JKA,2020,2019-08-25,GP,Rep,1,4,LENDEL_Vasilijus,LTU,10009181234.0,24.4,24.349,24.195,3.0,
3031,Shizuoka-JKA,2020,2019-08-25,GP,Rep,2,1,OBARA_Yuta,JPN,10010773549.0,23.5,21.069,22.202,1.0,
3032,Shizuoka-JKA,2020,2019-08-25,GP,Rep,2,2,TAKAHASHI_Shinya,JPN,,24.9,12.556000000000001,14.862000000000002,4.0,
3033,Shizuoka-JKA,2020,2019-08-25,GP,Rep,2,3,AMAGAI_Kazuki,JPN,10005964571.0,29.6,14.129000000000001,14.282000000000002,2.0,
3034,Shizuoka-JKA,2020,2019-08-25,GP,Rep,2,4,LAW_Tsz_Chun,HKG,10011155990.0,21.5,13.003,12.398,3.0,
3035,Shizuoka-JKA,2020,2019-08-25,GP,Rep,3,1,OH_Jeseok,KOR,10010797393.0,21.9,22.878,23.658,2.0,
3036,Shizuoka-JKA,2020,2019-08-25,GP,Rep,3,2,KIM_Chengsu,KOR,10011164074.0,20.9,16.916,18.807000000000002,3.0,
3037,Shizuoka-JKA,2020,2019-08-25,GP,Rep,3,3,TRUMAN_Joseph,GBR,10017950943.0,22.5,27.876,27.589,1.0,
3038,Shizuoka-JKA,2020,2019-08-25,GP,Rep,3,4,YOSHIMOTO_Taisei,JPN,,21.0,15.807000000000002,15.150000000000002,4.0,
3039,Shizuoka-JKA,2020,2019-08-25,GP,Rep,4,1,SHINZAN_Kyohei,JPN,10007827880.0,25.8,12.532,16.875999999999998,4.0,
3040,Shizuoka-JKA,2020,2019-08-25,GP,Rep,4,2,HART_Nathan,AUS,10007811716.0,26.5,20.211,20.459999999999997,1.0,
3041,Shizuoka-JKA,2020,2019-08-25,GP,Rep,4,3,HORI_Koki,JPN,10010638961.0,24.2,15.001999999999999,15.704999999999998,3.0,
3042,Shizuoka-JKA,2020,2019-08-25,GP,Rep,4,4,JONAUSKAS_Svajūnas,LTU,10009181032.0,24.6,19.926000000000002,19.372,2.0,
3043,Shizuoka-JKA,2020,2019-08-25,GP,R2,1,1,FUKAYA_Tomohiro,JPN,10005964672.0,29.6,22.590000000000003,24.326999999999998,4.0,
3044,Shizuoka-JKA,2020,2019-08-25,GP,R2,1,2,OBARA_Yuta,JPN,10010773549.0,23.5,22.202,23.954,5.0,
3045,Shizuoka-JKA,2020,2019-08-25,GP,R2,1,3,NITTA_Yudai,JPN,10005727327.0,33.6,26.761,26.799,2.0,
3046,Shizuoka-JKA,2020,2019-08-25,GP,R2,1,4,KAWABATA_Tomoyuki,JPN,10008098470.0,34.5,28.543,28.409,1.0,
3047,Shizuoka-JKA,2020,2019-08-25,GP,R2,1,5,OH_Jeseok,KOR,10010797393.0,21.9,23.658,23.401,3.0,
3048,Shizuoka-JKA,2020,2019-08-25,GP,R2,1,6,HART_Nathan,AUS,10007811716.0,26.5,20.459999999999997,19.887999999999998,6.0,
3049,Shizuoka-JKA,2020,2019-08-25,GP,R2,2,1,WAKIMOTO_Yuta,JPN,10005964470.0,30.4,28.578,28.826999999999998,4.0,
3050,Shizuoka-JKA,2020,2019-08-25,GP,R2,2,2,CARLIN_Jack,GBR,10009967641.0,22.3,30.669999999999995,30.838,2.0,
3051,Shizuoka-JKA,2020,2019-08-25,GP,R2,2,3,BÖTTICHER_Stefan,GER,10048325582.0,27.6,34.308,33.993,1.0,
3052,Shizuoka-JKA,2020,2019-08-25,GP,R2,2,4,BOS_Theo,NED,10050887493.0,36.0,28.646,28.527,3.0,
3053,Shizuoka-JKA,2020,2019-08-25,GP,R2,2,5,KIM_Chengsu,KOR,10011164074.0,20.9,18.807000000000002,19.229999999999997,5.0,
3054,Shizuoka-JKA,2020,2019-08-25,GP,R2,2,6,SHINZAN_Kyohei,JPN,10007827880.0,25.8,16.875999999999998,15.986,6.0,
3055,Shizuoka-JKA,2020,2019-08-25,GP,R2,3,1,GLAETZER_Matthew,AUS,10006894559.0,27.0,32.486,32.6,1.0,
3056,Shizuoka-JKA,2020,2019-08-25,GP,R2,3,2,ANGSUTHASAWIT_Jai,AUS,10009009159.0,24.5,26.564,27.391000000000002,3.0,
3057,Shizuoka-JKA,2020,2019-08-25,GP,R2,3,3,DMITRIEV_Denis,RUS,10003100142.0,33.4,24.714000000000002,24.872,4.0,
3058,Shizuoka-JKA,2020,2019-08-25,GP,R2,3,4,PERKINS_Shane_Alan,RUS,10051694112.0,32.7,26.933,26.828,2.0,
3059,Shizuoka-JKA,2020,2019-08-25,GP,R2,3,5,TAKAHASHI_Shinya,JPN,,24.9,14.862000000000002,16.167,6.0,
3060,Shizuoka-JKA,2020,2019-08-25,GP,R2,3,6,HINDES_Philip,GBR,10007499292.0,26.9,21.148000000000003,19.853,5.0,
3061,Shizuoka-JKA,2020,2019-08-25,GP,R3,1,1,BÖTTICHER_Stefan,GER,10048325582.0,27.6,33.993,34.242000000000004,1.0,
3062,Shizuoka-JKA,2020,2019-08-25,GP,R3,1,2,PERKINS_Shane_Alan,RUS,10051694112.0,32.7,26.828,27.113,3.0,
3063,Shizuoka-JKA,2020,2019-08-25,GP,R3,1,3,CARLIN_Jack,GBR,10009967641.0,22.3,30.838,30.774,2.0,
3064,Shizuoka-JKA,2020,2019-08-25,GP,R3,1,4,DMITRIEV_Denis,RUS,10003100142.0,33.4,24.872,24.976,4.0,
3065,Shizuoka-JKA,2020,2019-08-25,GP,R3,1,5,OBARA_Yuta,JPN,10010773549.0,23.5,23.954,23.656000000000002,6.0,
3066,Shizuoka-JKA,2020,2019-08-25,GP,R3,1,6,FUKAYA_Tomohiro,JPN,10005964672.0,29.6,24.326999999999998,23.488,5.0,
3067,Shizuoka-JKA,2020,2019-08-25,GP,R3,2,1,KAWABATA_Tomoyuki,JPN,10008098470.0,34.5,28.409,28.713,4.0,
3068,Shizuoka-JKA,2020,2019-08-25,GP,R3,2,2,WAKIMOTO_Yuta,JPN,10005964470.0,30.4,28.826999999999998,28.954,2.0,
3069,Shizuoka-JKA,2020,2019-08-25,GP,R3,2,3,NITTA_Yudai,JPN,10005727327.0,33.6,26.799,26.93,6.0,
3070,Shizuoka-JKA,2020,2019-08-25,GP,R3,2,4,BOS_Theo,NED,10050887493.0,36.0,28.527,28.507,3.0,
3071,Shizuoka-JKA,2020,2019-08-25,GP,R3,2,5,GLAETZER_Matthew,AUS,10006894559.0,27.0,32.6,32.392,1.0,
3072,Shizuoka-JKA,2020,2019-08-25,GP,R3,2,6,ANGSUTHASAWIT_Jai,AUS,10009009159.0,24.5,27.391000000000002,26.055,5.0,
3073,Shizuoka-JKA,2020,2019-08-25,GP,Final,1,1,NITTA_Yudai,JPN,10005727327.0,33.6,26.93,27.233,6.0,
3074,Shizuoka-JKA,2020,2019-08-25,GP,Final,1,2,WAKIMOTO_Yuta,JPN,10005964470.0,30.4,28.954,29.083,3.0,
3075,Shizuoka-JKA,2020,2019-08-25,GP,Final,1,3,PERKINS_Shane_Alan,RUS,10051694112.0,32.7,27.113,27.29,5.0,
3076,Shizuoka-JKA,2020,2019-08-25,GP,Final,1,4,CARLIN_Jack,GBR,10009967641.0,22.3,30.774,30.655,2.0,
3077,Shizuoka-JKA,2020,2019-08-25,GP,Final,1,5,KAWABATA_Tomoyuki,JPN,10008098470.0,34.5,28.713,28.64,4.0,
3078,Shizuoka-JKA,2020,2019-08-25,GP,Final,1,6,BÖTTICHER_Stefan,GER,10048325582.0,27.6,34.242000000000004,33.473,1.0,
3079,Shizuoka-JKA,2020,2019-08-25,GP,Final,2,1,GLAETZER_Matthew,AUS,10006894559.0,27.0,32.392,32.525,1.0,
3080,Shizuoka-JKA,2020,2019-08-25,GP,Final,2,2,ANGSUTHASAWIT_Jai,AUS,10009009159.0,24.5,26.055,27.062,3.0,
3081,Shizuoka-JKA,2020,2019-08-25,GP,Final,2,3,BOS_Theo,NED,10050887493.0,36.0,28.507,28.561,2.0,
3082,Shizuoka-JKA,2020,2019-08-25,GP,Final,2,4,OBARA_Yuta,JPN,10010773549.0,23.5,23.656000000000002,24.008999999999997,5.0,
3083,Shizuoka-JKA,2020,2019-08-25,GP,Final,2,5,FUKAYA_Tomohiro,JPN,10005964672.0,29.6,23.488,23.380000000000003,6.0,
3084,Shizuoka-JKA,2020,2019-08-25,GP,Final,2,6,DMITRIEV_Denis,RUS,10003100142.0,33.4,24.976,24.735,4.0,
3085,Apeldoorn,2020,2019-10-19,CCh,R1,1,1,VIGIER_Sébastien,FRA,10010678569.0,22.5,30.253000000000004,30.714,2.0,
3086,Apeldoorn,2020,2019-10-19,CCh,R1,1,2,KENNY_Jason,GBR,10004599194.0,31.6,31.025999999999996,31.056000000000004,1.0,
3087,Apeldoorn,2020,2019-10-19,CCh,R1,1,3,RAJKOWSKI_Patryk,POL,10009176281.0,23.7,23.7,23.991,5.0,
3088,Apeldoorn,2020,2019-10-19,CCh,R1,1,4,LENDEL_Vasilijus,LTU,10009181234.0,24.5,24.195,24.242,4.0,
3089,Apeldoorn,2020,2019-10-19,CCh,R1,1,5,YAKUSHEVSKIY_Pavel,RUS,10004640220.0,32.1,9.0,15.850000000000001,6.0,
3090,Apeldoorn,2020,2019-10-19,CCh,R1,1,6,KELEMEN_Pavel,CZE,10006422895.0,28.4,28.495,28.182,3.0,
3091,Apeldoorn,2020,2019-10-19,CCh,R1,2,1,LEVY_Maximilian,GER,10004601723.0,32.3,32.175000000000004,32.324,1.0,
3092,Apeldoorn,2020,2019-10-19,CCh,R1,2,2,PERALTA_Juan,ESP,10006552534.0,29.4,25.325999999999997,25.523,3.0,
3093,Apeldoorn,2020,2019-10-19,CCh,R1,2,3,CARLIN_Jack,GBR,10009967641.0,22.5,30.655,30.493999999999996,2.0,
3094,Apeldoorn,2020,2019-10-19,CCh,R1,2,4,STOVBETSKYY_Dmytro,UKR,,21.8,9.0,17.057000000000002,6.0,
3095,Apeldoorn,2020,2019-10-19,CCh,R1,2,5,JONAUSKAS_Svajūnas,LTU,10009181032.0,24.8,19.372,19.48,5.0,
3096,Apeldoorn,2020,2019-10-19,CCh,R1,2,6,CECI_Francesco,ITA,10006073493.0,29.8,22.477,22.322000000000003,4.0,
3097,Apeldoorn,2020,2019-10-19,CCh,R1,3,1,BÜCHLI_Matthijs,NED,10006900421.0,26.8,33.587,33.662000000000006,1.0,
3098,Apeldoorn,2020,2019-10-19,CCh,R1,3,2,BÁBEK_Tomáš,CZE,10004612534.0,32.4,27.599,27.745,2.0,
3099,Apeldoorn,2020,2019-10-19,CCh,R1,3,3,JURCZYK_Marc,GER,10009178002.0,23.7,24.846,24.978,3.0,
3100,Apeldoorn,2020,2019-10-19,CCh,R1,3,4,NOVIK_Uladzislau,BLR,10009049979.0,24.6,21.607,21.756999999999998,5.0,
3101,Apeldoorn,2020,2019-10-19,CCh,R1,3,5,MORENO_SANCHEZ_Jose,ESP,10007502427.0,25.9,23.378,22.858999999999998,4.0,
3102,Apeldoorn,2020,2019-10-19,CCh,R1,3,6,SZABO_Norbert,ROU,10055137915.0,26.2,9.0,5.548,6.0,
3103,Apeldoorn,2020,2019-10-19,CCh,R1,4,1,LAVREYSEN_Harrie,NED,10009535686.0,22.6,28.754,29.302999999999997,1.0,
3104,Apeldoorn,2020,2019-10-19,CCh,R1,4,2,HELAL_Rayan,FRA,10015683567.0,20.7,25.392,26.392,3.0,
3105,Apeldoorn,2020,2019-10-19,CCh,R1,4,3,MAKSEL_Krzysztof,POL,10006902239.0,28.3,28.351,28.365,2.0,
3106,Apeldoorn,2020,2019-10-19,CCh,R1,4,4,CHEBANETS_Tadey-Ivan,UKR,,21.7,9.0,18.348,7.0,
3107,Apeldoorn,2020,2019-10-19,CCh,R1,4,5,SZALONTAY_Sándor,HUN,10007073506.0,29.3,21.281,21.379,5.0,
3108,Apeldoorn,2020,2019-10-19,CCh,R1,4,6,DMITRIEV_Denis,RUS,10003100142.0,33.6,24.735,24.53,4.0,
3109,Apeldoorn,2020,2019-10-19,CCh,R1,4,7,ZAITSAU_Artsiom,BLR,10009017243.0,24.4,17.681,16.563,6.0,
3110,Apeldoorn,2020,2019-10-19,CCh,Rep,1,1,RAJKOWSKI_Patryk,POL,10009176281.0,23.7,23.991,24.311999999999998,1.0,
3111,Apeldoorn,2020,2019-10-19,CCh,Rep,1,2,MORENO_SANCHEZ_Jose,ESP,10007502427.0,25.9,22.858999999999998,23.066,2.0,
3112,Apeldoorn,2020,2019-10-19,CCh,Rep,1,3,CECI_Francesco,ITA,10006073493.0,29.8,22.322000000000003,22.304,3.0,
3113,Apeldoorn,2020,2019-10-19,CCh,Rep,1,4,CHEBANETS_Tadey-Ivan,UKR,,21.7,18.348,15.818999999999999,4.0,
3114,Apeldoorn,2020,2019-10-19,CCh,Rep,2,1,CARLIN_Jack,GBR,10009967641.0,22.5,30.493999999999996,30.65,1.0,
3115,Apeldoorn,2020,2019-10-19,CCh,Rep,2,2,KELEMEN_Pavel,CZE,10006422895.0,28.4,28.182,28.182000000000002,2.0,
3116,Apeldoorn,2020,2019-10-19,CCh,Rep,2,3,JONAUSKAS_Svajūnas,LTU,10009181032.0,24.8,19.48,19.756,4.0,
3117,Apeldoorn,2020,2019-10-19,CCh,Rep,2,4,NOVIK_Uladzislau,BLR,10009049979.0,24.6,21.756999999999998,21.442,3.0,
3118,Apeldoorn,2020,2019-10-19,CCh,Rep,3,1,DMITRIEV_Denis,RUS,10003100142.0,33.6,24.53,24.767,2.0,
3119,Apeldoorn,2020,2019-10-19,CCh,Rep,3,2,YAKUSHEVSKIY_Pavel,RUS,10004640220.0,32.1,15.850000000000001,19.23,4.0,
3120,Apeldoorn,2020,2019-10-19,CCh,Rep,3,3,JURCZYK_Marc,GER,10009178002.0,23.7,24.978,24.802,1.0,
3121,Apeldoorn,2020,2019-10-19,CCh,Rep,3,4,STOVBETSKYY_Dmytro,UKR,,21.8,17.057000000000002,15.14,3.0,
3122,Apeldoorn,2020,2019-10-19,CCh,Rep,4,1,MAKSEL_Krzysztof,POL,10006902239.0,28.3,28.365,28.474,1.0,
3123,Apeldoorn,2020,2019-10-19,CCh,Rep,4,2,LENDEL_Vasilijus,LTU,10009181234.0,24.5,24.242,24.303,2.0,
3124,Apeldoorn,2020,2019-10-19,CCh,Rep,4,3,SZALONTAY_Sándor,HUN,10007073506.0,29.3,21.379,21.399,3.0,
3125,Apeldoorn,2020,2019-10-19,CCh,Rep,4,4,ZAITSAU_Artsiom,BLR,10009017243.0,24.4,16.563,16.304,4.0,
3126,Apeldoorn,2020,2019-10-19,CCh,Rep,4,5,SZABO_Norbert,ROU,10055137915.0,26.2,5.548,4.416,5.0,
3127,Apeldoorn,2020,2019-10-19,CCh,R2,1,1,LAVREYSEN_Harrie,NED,10009535686.0,22.6,29.302999999999997,29.882,2.0,
3128,Apeldoorn,2020,2019-10-19,CCh,R2,1,2,VIGIER_Sébastien,FRA,10010678569.0,22.5,30.714,30.863999999999997,1.0,
3129,Apeldoorn,2020,2019-10-19,CCh,R2,1,3,BÁBEK_Tomáš,CZE,10004612534.0,32.4,27.745,27.842,4.0,
3130,Apeldoorn,2020,2019-10-19,CCh,R2,1,4,RAJKOWSKI_Patryk,POL,10009176281.0,23.7,24.311999999999998,24.474999999999998,6.0,
3131,Apeldoorn,2020,2019-10-19,CCh,R2,1,5,MAKSEL_Krzysztof,POL,10006902239.0,28.3,28.474,28.309,3.0,
3132,Apeldoorn,2020,2019-10-19,CCh,R2,1,6,PERALTA_Juan,ESP,10006552534.0,29.4,25.523,25.358999999999998,5.0,
3133,Apeldoorn,2020,2019-10-19,CCh,R2,2,1,DMITRIEV_Denis,RUS,10003100142.0,33.6,24.767,25.299000000000003,6.0,
3134,Apeldoorn,2020,2019-10-19,CCh,R2,2,2,BÜCHLI_Matthijs,NED,10006900421.0,26.8,33.662000000000006,33.676,1.0,
3135,Apeldoorn,2020,2019-10-19,CCh,R2,2,3,HELAL_Rayan,FRA,10015683567.0,20.7,26.392,27.212,5.0,
3136,Apeldoorn,2020,2019-10-19,CCh,R2,2,4,KENNY_Jason,GBR,10004599194.0,31.6,31.056000000000004,31.01,3.0,
3137,Apeldoorn,2020,2019-10-19,CCh,R2,2,5,LEVY_Maximilian,GER,10004601723.0,32.3,32.324,32.108,2.0,
3138,Apeldoorn,2020,2019-10-19,CCh,R2,2,6,CARLIN_Jack,GBR,10009967641.0,22.5,30.65,30.298,4.0,
3139,Apeldoorn,2020,2019-10-19,CCh,Final,1,1,LAVREYSEN_Harrie,NED,10009535686.0,22.6,29.882,30.431,3.0,
3140,Apeldoorn,2020,2019-10-19,CCh,Final,1,2,DMITRIEV_Denis,RUS,10003100142.0,33.6,25.299000000000003,25.663,6.0,
3141,Apeldoorn,2020,2019-10-19,CCh,Final,1,3,BÜCHLI_Matthijs,NED,10006900421.0,26.8,33.676,33.599,1.0,
3142,Apeldoorn,2020,2019-10-19,CCh,Final,1,4,BÁBEK_Tomáš,CZE,10004612534.0,32.4,27.842,27.895999999999997,4.0,
3143,Apeldoorn,2020,2019-10-19,CCh,Final,1,5,VIGIER_Sébastien,FRA,10010678569.0,22.5,30.863999999999997,30.480000000000004,2.0,
3144,Apeldoorn,2020,2019-10-19,CCh,Final,1,6,HELAL_Rayan,FRA,10015683567.0,20.7,27.212,26.381,5.0,
3145,Apeldoorn,2020,2019-10-19,CCh,Final,2,1,KENNY_Jason,GBR,10004599194.0,31.6,31.01,31.229,2.0,
3146,Apeldoorn,2020,2019-10-19,CCh,Final,2,2,MAKSEL_Krzysztof,POL,10006902239.0,28.3,28.309,28.511,4.0,
3147,Apeldoorn,2020,2019-10-19,CCh,Final,2,3,LEVY_Maximilian,GER,10004601723.0,32.3,32.108,32.049,1.0,
3148,Apeldoorn,2020,2019-10-19,CCh,Final,2,4,CARLIN_Jack,GBR,10009967641.0,22.5,30.298,30.174000000000003,3.0,
3149,Apeldoorn,2020,2019-10-19,CCh,Final,2,5,PERALTA_Juan,ESP,10006552534.0,29.4,25.358999999999998,25.34,5.0,
3150,Apeldoorn,2020,2019-10-19,CCh,Final,2,6,RAJKOWSKI_Patryk,POL,10009176281.0,23.7,24.474999999999998,24.232,6.0,
3151,Invercargill,2020,2019-10-19,CCh,R1,1,1,DAWKINS_Edward,NZL,10005782695.0,30.3,29.788999999999998,29.929,1.0,
3152,Invercargill,2020,2019-10-19,CCh,R1,1,2,DAKIN_Sam,NZL,10010624918.0,23.1,25.281,25.917,2.0,
3153,Invercargill,2020,2019-10-19,CCh,R1,1,3,RICHARDSON_Matthew,AUS,10015145724.0,20.5,24.285999999999998,24.549,4.0,
3154,Invercargill,2020,2019-10-19,CCh,R1,1,4,CLARKE_Thomas,AUS,10009009260.0,24.5,24.857999999999997,24.698,3.0,
3155,Invercargill,2020,2019-10-19,CCh,R1,1,5,HOFFMAN_Leigh,AUS,10055348887.0,19.4,18.271,18.330000000000002,5.0,
3156,Invercargill,2020,2019-10-19,CCh,R1,1,6,BONSER_Kye,AUS,,20.5,16.311999999999998,15.774,6.0,
3157,Invercargill,2020,2019-10-19,CCh,R1,2,1,WEBSTER_Sam,NZL,10006184742.0,28.3,28.649,28.858,1.0,
3158,Invercargill,2020,2019-10-19,CCh,R1,2,2,KNIPE_Bradly,NZL,10009978048.0,20.9,19.162,20.980999999999998,4.0,
3159,Invercargill,2020,2019-10-19,CCh,R1,2,3,HART_Nathan,AUS,10007811716.0,26.6,19.887999999999998,20.424,3.0,
3160,Invercargill,2020,2019-10-19,CCh,R1,2,4,MEUNIER_Tylah,AUS,,20.2,13.919999999999998,16.029,5.0,
3161,Invercargill,2020,2019-10-19,CCh,R1,2,5,OGLE_Jackson,NZL,10015443087.0,20.7,24.792,22.369999999999997,2.0,
3162,Invercargill,2020,2019-10-19,CCh,R1,2,6,SHEARING_Conor,NZL,,18.0,9.0,4.949000000000002,6.0,
3163,Invercargill,2020,2019-10-19,CCh,R1,3,1,GLAETZER_Matthew,AUS,10006894559.0,27.2,32.525,32.635,1.0,
3164,Invercargill,2020,2019-10-19,CCh,R1,3,2,SAUNDERS_Callum,NZL,10009012391.0,24.0,21.03,24.209,4.0,
3165,Invercargill,2020,2019-10-19,CCh,R1,3,3,CASTLE_Jordan,NZL,10009138491.0,23.4,26.223,26.379,2.0,
3166,Invercargill,2020,2019-10-19,CCh,R1,3,4,WILLIAMS_Zac,NZL,10008997641.0,24.2,25.825,25.695999999999998,3.0,
3167,Invercargill,2020,2019-10-19,CCh,R1,3,5,CLANCY_Patrick,NZL,10021915920.0,18.7,9.0,13.267999999999999,6.0,
3168,Invercargill,2020,2019-10-19,CCh,R1,3,6,ROWLEY_Conor,AUS,10010664829.0,21.5,15.572,14.591999999999999,5.0,
3169,Invercargill,2020,2019-10-19,CCh,Rep,1,1,CASTLE_Jordan,NZL,10009138491.0,23.4,26.379,27.142999999999997,1.0,
3170,Invercargill,2020,2019-10-19,CCh,Rep,1,2,HART_Nathan,AUS,10007811716.0,26.6,20.424,21.388,4.0,
3171,Invercargill,2020,2019-10-19,CCh,Rep,1,3,OGLE_Jackson,NZL,10015443087.0,20.7,22.369999999999997,22.795,3.0,
3172,Invercargill,2020,2019-10-19,CCh,Rep,1,4,RICHARDSON_Matthew,AUS,10015145724.0,20.5,24.549,24.218,2.0,
3173,Invercargill,2020,2019-10-19,CCh,Rep,1,5,CLANCY_Patrick,NZL,10021915920.0,18.7,13.267999999999999,14.709,6.0,
3174,Invercargill,2020,2019-10-19,CCh,Rep,1,6,HOFFMAN_Leigh,AUS,10055348887.0,19.4,18.330000000000002,17.587,5.0,
3175,Invercargill,2020,2019-10-19,CCh,Rep,2,1,CLARKE_Thomas,AUS,10009009260.0,24.5,24.698,25.184,2.0,
3176,Invercargill,2020,2019-10-19,CCh,Rep,2,2,WILLIAMS_Zac,NZL,10008997641.0,24.2,25.695999999999998,25.704,1.0,
3177,Invercargill,2020,2019-10-19,CCh,Rep,2,3,ROWLEY_Conor,AUS,10010664829.0,21.5,14.591999999999999,16.173,5.0,
3178,Invercargill,2020,2019-10-19,CCh,Rep,2,4,SHEARING_Conor,NZL,,18.0,4.949000000000002,11.216000000000001,6.0,
3179,Invercargill,2020,2019-10-19,CCh,Rep,2,5,BONSER_Kye,AUS,,20.5,15.774,15.596,4.0,
3180,Invercargill,2020,2019-10-19,CCh,Rep,2,6,MEUNIER_Tylah,AUS,,20.2,16.029,14.059,3.0,
3181,Invercargill,2020,2019-10-19,CCh,R2,1,1,DAWKINS_Edward,NZL,10005782695.0,30.3,29.929,30.124,2.0,
3182,Invercargill,2020,2019-10-19,CCh,R2,1,2,CASTLE_Jordan,NZL,10009138491.0,23.4,27.142999999999997,27.803,3.0,
3183,Invercargill,2020,2019-10-19,CCh,R2,1,3,GLAETZER_Matthew,AUS,10006894559.0,27.2,32.635,32.551,1.0,
3184,Invercargill,2020,2019-10-19,CCh,R2,1,4,OGLE_Jackson,NZL,10015443087.0,20.7,22.795,23.38,5.0,
3185,Invercargill,2020,2019-10-19,CCh,R2,1,5,KNIPE_Bradly,NZL,10009978048.0,20.9,20.980999999999998,21.278999999999996,6.0,
3186,Invercargill,2020,2019-10-19,CCh,R2,1,6,WILLIAMS_Zac,NZL,10008997641.0,24.2,25.704,25.221,4.0,
3187,Invercargill,2020,2019-10-19,CCh,R2,2,1,SAUNDERS_Callum,NZL,10009012391.0,24.0,24.209,26.814,4.0,
3188,Invercargill,2020,2019-10-19,CCh,R2,2,2,WEBSTER_Sam,NZL,10006184742.0,28.3,28.858,28.959,1.0,
3189,Invercargill,2020,2019-10-19,CCh,R2,2,3,CLARKE_Thomas,AUS,10009009260.0,24.5,25.184,25.342000000000002,3.0,
3190,Invercargill,2020,2019-10-19,CCh,R2,2,4,ROWLEY_Conor,AUS,10010664829.0,21.5,16.173,17.752000000000002,6.0,
3191,Invercargill,2020,2019-10-19,CCh,R2,2,5,HART_Nathan,AUS,10007811716.0,26.6,21.388,21.337999999999997,5.0,
3192,Invercargill,2020,2019-10-19,CCh,R2,2,6,DAKIN_Sam,NZL,10010624918.0,23.1,25.917,24.658,2.0,
3193,Invercargill,2020,2019-10-19,CCh,Final,1,1,WEBSTER_Sam,NZL,10006184742.0,28.3,28.959,29.398000000000003,3.0,
3194,Invercargill,2020,2019-10-19,CCh,Final,1,2,DAWKINS_Edward,NZL,10005782695.0,30.3,30.124,30.235000000000003,2.0,
3195,Invercargill,2020,2019-10-19,CCh,Final,1,3,CASTLE_Jordan,NZL,10009138491.0,23.4,27.803,28.139,4.0,
3196,Invercargill,2020,2019-10-19,CCh,Final,1,4,SAUNDERS_Callum,NZL,10009012391.0,24.0,26.814,26.897,5.0,
3197,Invercargill,2020,2019-10-19,CCh,Final,1,5,CLARKE_Thomas,AUS,10009009260.0,24.5,25.342000000000002,25.399,6.0,
3198,Invercargill,2020,2019-10-19,CCh,Final,1,6,GLAETZER_Matthew,AUS,10006894559.0,27.2,32.551,32.269000000000005,1.0,
3199,Invercargill,2020,2019-10-19,CCh,Final,2,1,HART_Nathan,AUS,10007811716.0,26.6,21.337999999999997,22.349,4.0,
3200,Invercargill,2020,2019-10-19,CCh,Final,2,2,ROWLEY_Conor,AUS,10010664829.0,21.5,17.752000000000002,19.580000000000002,6.0,
3201,Invercargill,2020,2019-10-19,CCh,Final,2,3,DAKIN_Sam,NZL,10010624918.0,23.1,24.658,24.703,2.0,
3202,Invercargill,2020,2019-10-19,CCh,Final,2,4,KNIPE_Bradly,NZL,10009978048.0,20.9,21.278999999999996,21.516000000000002,5.0,
3203,Invercargill,2020,2019-10-19,CCh,Final,2,5,OGLE_Jackson,NZL,10015443087.0,20.7,23.38,22.793,3.0,
3204,Invercargill,2020,2019-10-19,CCh,Final,2,6,WILLIAMS_Zac,NZL,10008997641.0,24.2,25.221,24.646,1.0,
3205,Minsk,2020,2019-11-02,WC,R1,1,1,BÜCHLI_Matthijs,NED,10006900421.0,26.9,33.599,33.642999999999994,1.0,
3206,Minsk,2020,2019-11-02,WC,R1,1,2,LENDEL_Vasilijus,LTU,10009181234.0,24.6,24.303,24.464,3.0,
3207,Minsk,2020,2019-11-02,WC,R1,1,3,ZAITSAU_Artsiom,BLR,10009017243.0,24.5,16.304,18.096,4.0,
3208,Minsk,2020,2019-11-02,WC,R1,1,4,ZHOU_Yu,CHN,10052089586.0,20.8,9.0,16.393,5.0,
3209,Minsk,2020,2019-11-02,WC,R1,1,9,JURCZYK_Marc,GER,10009178002.0,23.8,24.802,24.531,2.0,
3210,Minsk,2020,2019-11-02,WC,R1,1,9,CANELON_VERA_Hersony_Gadiel,VEN,10004717719.0,30.9,24.650000000000002,24.482999999999997,1.0,
3211,Minsk,2020,2019-11-02,WC,R1,1,9,CECI_Francesco,ITA,10006073493.0,29.9,22.304,22.268,1.0,
3212,Minsk,2020,2019-11-02,WC,R1,2,1,DMITRIEV_Denis,RUS,10003100142.0,33.6,25.663,26.07,4.0,
3213,Minsk,2020,2019-11-02,WC,R1,2,2,BÖTTICHER_Stefan,GER,10048325582.0,27.8,33.473,33.37,1.0,
3214,Minsk,2020,2019-11-02,WC,R1,2,3,QUINTERO_CHAVARRO_Kevin_Santiago,COL,10010830840.0,21.0,27.254,27.421,3.0,
3215,Minsk,2020,2019-11-02,WC,R1,2,4,MATSUI_Koyu,JPN,10090680735.0,27.1,21.843,22.603,5.0,
3216,Minsk,2020,2019-11-02,WC,R1,2,5,MAKSEL_Krzysztof,POL,10006902239.0,28.3,28.511,28.337999999999997,2.0,
3217,Minsk,2020,2019-11-02,WC,R1,2,6,NOVIK_Uladzislau,BLR,10009049979.0,24.6,21.442,21.311,6.0,
3218,Minsk,2020,2019-11-02,WC,R1,2,9,STOVBETSKYI_Dmytro,UKR,10090555241.0,21.8,9.0,5.435000000000002,7.0,
3219,Minsk,2020,2019-11-02,WC,R1,3,1,VIGIER_Sébastien,FRA,10010678569.0,22.5,30.480000000000004,30.811999999999998,1.0,
3220,Minsk,2020,2019-11-02,WC,R1,3,2,SAHROM_Muhammad_Shah_Firdaus,MAS,10009150215.0,23.9,25.244000000000003,25.525,4.0,
3221,Minsk,2020,2019-11-02,WC,R1,3,3,KELEMEN_Pavel,CZE,10006422895.0,28.4,28.182000000000002,28.185000000000002,2.0,
3222,Minsk,2020,2019-11-02,WC,R1,3,4,SZALONTAY_Sándor,HUN,10007073506.0,29.3,21.399,21.625,5.0,
3223,Minsk,2020,2019-11-02,WC,R1,3,5,PINEDA_Brandon,GUA,10010829830.0,21.8,9.0,16.561,6.0,
3224,Minsk,2020,2019-11-02,WC,R1,3,9,TRUMAN_Joseph,GBR,10017950943.0,22.7,27.589,27.245,3.0,
3225,Minsk,2020,2019-11-02,WC,R1,3,9,OBARA_Yuta,JPN,10010773549.0,23.7,24.008999999999997,23.337000000000003,1.0,
3226,Minsk,2020,2019-11-02,WC,R1,4,1,LAVREYSEN_Harrie,NED,10009535686.0,22.6,30.431,30.896,1.0,
3227,Minsk,2020,2019-11-02,WC,R1,4,2,CARLIN_Jack,GBR,10009967641.0,22.5,30.174000000000003,30.314000000000004,2.0,
3228,Minsk,2020,2019-11-02,WC,R1,4,3,PONOMARYOV_Sergey,KAZ,10010797292.0,21.5,19.902,22.842,6.0,
3229,Minsk,2020,2019-11-02,WC,R1,4,4,PERKINS_Shane_Alan,RUS,10051694112.0,32.8,27.29,27.306,3.0,
3230,Minsk,2020,2019-11-02,WC,R1,4,5,ANGSUTHASAWIT_Jai,AUS,10009009159.0,24.7,27.062,26.567,4.0,
3231,Minsk,2020,2019-11-02,WC,R1,4,6,MORENO_SANCHEZ_Jose,ESP,10007502427.0,26.0,23.066,22.868,5.0,
3232,Minsk,2020,2019-11-02,WC,R1,4,7,MOHD_ZONIS_Muhammad_Fadhil,MAS,10010645732.0,21.9,17.742,16.137999999999998,7.0,
3233,Minsk,2020,2019-11-02,WC,Rep,1,1,CANELON_VERA_Hersony_Gadiel,VEN,10004717719.0,30.9,24.482999999999997,24.737000000000002,2.0,
3234,Minsk,2020,2019-11-02,WC,Rep,1,2,PERKINS_Shane_Alan,RUS,10051694112.0,32.8,27.306,27.282999999999998,1.0,
3235,Minsk,2020,2019-11-02,WC,Rep,1,3,NOVIK_Uladzislau,BLR,10009049979.0,24.6,21.311,21.430999999999997,3.0,
3236,Minsk,2020,2019-11-02,WC,Rep,1,4,ZAITSAU_Artsiom,BLR,10009017243.0,24.5,18.096,18.133,4.0,
3237,Minsk,2020,2019-11-02,WC,Rep,1,5,PINEDA_Brandon,GUA,10010829830.0,21.8,16.561,14.036,5.0,
3238,Minsk,2020,2019-11-02,WC,Rep,2,1,MAKSEL_Krzysztof,POL,10006902239.0,28.3,28.337999999999997,28.5,1.0,
3239,Minsk,2020,2019-11-02,WC,Rep,2,2,QUINTERO_CHAVARRO_Kevin_Santiago,COL,10010830840.0,21.0,27.421,27.469,2.0,
3240,Minsk,2020,2019-11-02,WC,Rep,2,3,MOHD_ZONIS_Muhammad_Fadhil,MAS,10010645732.0,21.9,16.137999999999998,18.241999999999997,5.0,
3241,Minsk,2020,2019-11-02,WC,Rep,2,4,SZALONTAY_Sándor,HUN,10007073506.0,29.3,21.625,21.595,4.0,
3242,Minsk,2020,2019-11-02,WC,Rep,2,9,CECI_Francesco,ITA,10006073493.0,29.9,22.268,22.125,3.0,
3243,Minsk,2020,2019-11-02,WC,Rep,3,1,MATSUI_Koyu,JPN,10090680735.0,27.1,22.603,23.953000000000003,4.0,
3244,Minsk,2020,2019-11-02,WC,Rep,3,2,KELEMEN_Pavel,CZE,10006422895.0,28.4,28.185000000000002,28.176,1.0,
3245,Minsk,2020,2019-11-02,WC,Rep,3,3,MORENO_SANCHEZ_Jose,ESP,10007502427.0,26.0,22.868,22.955000000000002,3.0,
3246,Minsk,2020,2019-11-02,WC,Rep,3,9,JURCZYK_Marc,GER,10009178002.0,23.8,24.531,24.253,2.0,
3247,Minsk,2020,2019-11-02,WC,Rep,4,1,OBARA_Yuta,JPN,10010773549.0,23.7,23.337000000000003,24.438,2.0,
3248,Minsk,2020,2019-11-02,WC,Rep,4,2,PONOMARYOV_Sergey,KAZ,10010797292.0,21.5,22.842,23.753999999999998,3.0,
3249,Minsk,2020,2019-11-02,WC,Rep,4,3,ANGSUTHASAWIT_Jai,AUS,10009009159.0,24.7,26.567,26.123,1.0,
3250,Minsk,2020,2019-11-02,WC,Rep,4,4,STOVBETSKYI_Dmytro,UKR,10090555241.0,21.8,5.435000000000002,11.354999999999999,5.0,
3251,Minsk,2020,2019-11-02,WC,Rep,4,5,ZHOU_Yu,CHN,10052089586.0,20.8,16.393,13.662999999999998,4.0,
3252,Minsk,2020,2019-11-02,WC,R2,1,1,BÖTTICHER_Stefan,GER,10048325582.0,27.8,33.37,33.71,2.0,
3253,Minsk,2020,2019-11-02,WC,R2,1,2,BÜCHLI_Matthijs,NED,10006900421.0,26.9,33.642999999999994,33.679,1.0,
3254,Minsk,2020,2019-11-02,WC,R2,1,3,LAVREYSEN_Harrie,NED,10009535686.0,22.6,30.896,30.899,3.0,
3255,Minsk,2020,2019-11-02,WC,R2,1,4,CANELON_VERA_Hersony_Gadiel,VEN,10004717719.0,30.9,24.737000000000002,24.862000000000002,5.0,
3256,Minsk,2020,2019-11-02,WC,R2,1,5,OBARA_Yuta,JPN,10010773549.0,23.7,24.438,24.333,6.0,
3257,Minsk,2020,2019-11-02,WC,R2,1,9,SAHROM_Muhammad_Shah_Firdaus,MAS,10009150215.0,23.9,25.525,25.293,4.0,
3258,Minsk,2020,2019-11-02,WC,R2,2,1,DMITRIEV_Denis,RUS,10003100142.0,33.6,26.07,26.426,4.0,
3259,Minsk,2020,2019-11-02,WC,R2,2,2,MATSUI_Koyu,JPN,10090680735.0,27.1,23.953000000000003,25.07,6.0,
3260,Minsk,2020,2019-11-02,WC,R2,2,3,CARLIN_Jack,GBR,10009967641.0,22.5,30.314000000000004,30.268,2.0,
3261,Minsk,2020,2019-11-02,WC,R2,2,4,MAKSEL_Krzysztof,POL,10006902239.0,28.3,28.5,28.455,3.0,
3262,Minsk,2020,2019-11-02,WC,R2,2,5,LENDEL_Vasilijus,LTU,10009181234.0,24.6,24.464,24.477999999999998,5.0,
3263,Minsk,2020,2019-11-02,WC,R2,2,6,VIGIER_Sébastien,FRA,10010678569.0,22.5,30.811999999999998,30.123,1.0,
3264,Minsk,2020,2019-11-02,WC,Final,1,1,LAVREYSEN_Harrie,NED,10009535686.0,22.6,30.899,31.351000000000003,3.0,
3265,Minsk,2020,2019-11-02,WC,Final,1,2,DMITRIEV_Denis,RUS,10003100142.0,33.6,26.426,26.74,5.0,
3266,Minsk,2020,2019-11-02,WC,Final,1,3,MATSUI_Koyu,JPN,10090680735.0,27.1,25.07,25.94,6.0,
3267,Minsk,2020,2019-11-02,WC,Final,1,4,CARLIN_Jack,GBR,10009967641.0,22.5,30.268,30.248,4.0,
3268,Minsk,2020,2019-11-02,WC,Final,1,5,BÜCHLI_Matthijs,NED,10006900421.0,26.9,33.679,33.498999999999995,2.0,
3269,Minsk,2020,2019-11-02,WC,Final,1,6,BÖTTICHER_Stefan,GER,10048325582.0,27.8,33.71,33.13,1.0,
3270,Minsk,2020,2019-11-02,WC,Final,2,1,VIGIER_Sébastien,FRA,10010678569.0,22.5,30.123,30.463999999999995,1.0,
3271,Minsk,2020,2019-11-02,WC,Final,2,2,MAKSEL_Krzysztof,POL,10006902239.0,28.3,28.455,28.558000000000003,2.0,
3272,Minsk,2020,2019-11-02,WC,Final,2,3,OBARA_Yuta,JPN,10010773549.0,23.7,24.333,24.741,6.0,
3273,Minsk,2020,2019-11-02,WC,Final,2,4,LENDEL_Vasilijus,LTU,10009181234.0,24.6,24.477999999999998,24.514,5.0,
3274,Minsk,2020,2019-11-02,WC,Final,2,5,CANELON_VERA_Hersony_Gadiel,VEN,10004717719.0,30.9,24.862000000000002,24.778,4.0,
3275,Minsk,2020,2019-11-02,WC,Final,2,9,SAHROM_Muhammad_Shah_Firdaus,MAS,10009150215.0,23.9,25.293,25.013,3.0,
3276,Glasgow,2020,2019-11-10,WC,R1,1,1,BÜCHLI_Matthijs,NED,10006900421.0,26.9,33.498999999999995,33.603,1.0,
3277,Glasgow,2020,2019-11-10,WC,R1,1,2,DMITRIEV_Denis,RUS,10003100142.0,33.6,26.74,26.978,4.0,
3278,Glasgow,2020,2019-11-10,WC,R1,1,3,KENNY_Jason,GBR,10004599194.0,31.6,31.229,31.178,2.0,
3279,Glasgow,2020,2019-11-10,WC,R1,1,4,BÁBEK_Tomáš,CZE,10004612534.0,32.4,27.895999999999997,27.852999999999998,3.0,
3280,Glasgow,2020,2019-11-10,WC,R1,1,5,SZALONTAY_Sándor,HUN,10007073506.0,29.4,21.595,21.702,6.0,
3281,Glasgow,2020,2019-11-10,WC,R1,1,6,ZHOU_Yu,CHN,10052089586.0,20.8,13.662999999999998,15.540000000000001,7.0,
3282,Glasgow,2020,2019-11-10,WC,R1,1,7,OBARA_Yuta,JPN,10010773549.0,23.7,24.741,23.815,5.0,
3283,Glasgow,2020,2019-11-10,WC,R1,2,1,LEVY_Maximilian,GER,10004601723.0,32.4,32.049,32.208999999999996,1.0,
3284,Glasgow,2020,2019-11-10,WC,R1,2,2,ANGSUTHASAWIT_Jai,AUS,10009009159.0,24.7,26.123,26.758999999999997,3.0,
3285,Glasgow,2020,2019-11-10,WC,R1,2,3,NOVIK_Uladzislau,BLR,10009049979.0,24.6,21.430999999999997,21.943,6.0,
3286,Glasgow,2020,2019-11-10,WC,R1,2,4,MOHD_ZONIS_Muhammad_Fadhil,MAS,10010645732.0,21.9,18.241999999999997,20.093,7.0,
3287,Glasgow,2020,2019-11-10,WC,R1,2,5,QUINTERO_CHAVARRO_Kevin_Santiago,COL,10010830840.0,21.0,27.469,27.187,2.0,
3288,Glasgow,2020,2019-11-10,WC,R1,2,6,PERALTA_Juan,ESP,10006552534.0,29.5,25.34,25.231,5.0,
3289,Glasgow,2020,2019-11-10,WC,R1,2,7,CLARKE_Thomas,AUS,10009009260.0,24.6,25.399,24.84,4.0,
3290,Glasgow,2020,2019-11-10,WC,R1,3,1,VIGIER_Sébastien,FRA,10010678569.0,22.6,30.463999999999995,30.717,1.0,
3291,Glasgow,2020,2019-11-10,WC,R1,3,2,PERKINS_Shane_Alan,RUS,10051694112.0,32.9,27.282999999999998,27.392,2.0,
3292,Glasgow,2020,2019-11-10,WC,R1,3,3,CANELON_VERA_Hersony_Gadiel,VEN,10004717719.0,30.9,24.778,24.845000000000002,3.0,
3293,Glasgow,2020,2019-11-10,WC,R1,3,4,PINEDA_Brandon,GUA,10010829830.0,21.8,14.036,16.767,6.0,
3294,Glasgow,2020,2019-11-10,WC,R1,3,5,SPIES_Jean,RSA,10007351671.0,30.0,16.579,17.086,5.0,
3295,Glasgow,2020,2019-11-10,WC,R1,3,6,HSIEH_Nien_Hsing,TPE,10011141846.0,20.9,9.0,12.262999999999998,7.0,
3296,Glasgow,2020,2019-11-10,WC,R1,3,7,LENDEL_Vasilijus,LTU,10009181234.0,24.6,24.514,24.209,4.0,
3297,Glasgow,2020,2019-11-10,WC,R1,4,1,BÖTTICHER_Stefan,GER,10048325582.0,27.8,33.13,33.300000000000004,1.0,
3298,Glasgow,2020,2019-11-10,WC,R1,4,2,VORZHEV_Pavel,KAZ,10007828183.0,26.1,22.514,23.254,5.0,
3299,Glasgow,2020,2019-11-10,WC,R1,4,3,MAKSEL_Krzysztof,POL,10006902239.0,28.4,28.558000000000003,28.553,2.0,
3300,Glasgow,2020,2019-11-10,WC,R1,4,4,SAHROM_Muhammad_Shah_Firdaus,MAS,10009150215.0,24.0,25.013,25.048000000000002,4.0,
3301,Glasgow,2020,2019-11-10,WC,R1,4,5,ZAITSAU_Artsiom,BLR,10009017243.0,24.5,18.133,18.854,7.0,
3302,Glasgow,2020,2019-11-10,WC,R1,4,6,HOOGLAND_Jeffrey,NED,10007379761.0,26.7,19.874000000000002,19.75,6.0,
3303,Glasgow,2020,2019-11-10,WC,R1,4,7,MATSUI_Koyu,JPN,10090680735.0,27.1,25.94,24.807000000000002,3.0,
3304,Glasgow,2020,2019-11-10,WC,Rep,1,1,KENNY_Jason,GBR,10004599194.0,31.6,31.178,31.274,1.0,
3305,Glasgow,2020,2019-11-10,WC,Rep,1,2,SAHROM_Muhammad_Shah_Firdaus,MAS,10009150215.0,24.0,25.048000000000002,25.214,3.0,
3306,Glasgow,2020,2019-11-10,WC,Rep,1,3,PERALTA_Juan,ESP,10006552534.0,29.5,25.231,25.236,2.0,
3307,Glasgow,2020,2019-11-10,WC,Rep,1,4,OBARA_Yuta,JPN,10010773549.0,23.7,23.815,23.528,4.0,
3308,Glasgow,2020,2019-11-10,WC,Rep,1,5,SPIES_Jean,RSA,10007351671.0,30.0,17.086,16.819000000000003,5.0,
3309,Glasgow,2020,2019-11-10,WC,Rep,2,1,QUINTERO_CHAVARRO_Kevin_Santiago,COL,10010830840.0,21.0,27.187,27.503999999999998,1.0,
3310,Glasgow,2020,2019-11-10,WC,Rep,2,2,MATSUI_Koyu,JPN,10090680735.0,27.1,24.807000000000002,25.02,2.0,
3311,Glasgow,2020,2019-11-10,WC,Rep,2,3,PINEDA_Brandon,GUA,10010829830.0,21.8,16.767,18.186,4.0,
3312,Glasgow,2020,2019-11-10,WC,Rep,2,4,NOVIK_Uladzislau,BLR,10009049979.0,24.6,21.943,21.791,3.0,
3313,Glasgow,2020,2019-11-10,WC,Rep,2,5,ZHOU_Yu,CHN,10052089586.0,20.8,15.540000000000001,14.583,5.0,
3314,Glasgow,2020,2019-11-10,WC,Rep,3,1,LENDEL_Vasilijus,LTU,10009181234.0,24.6,24.209,24.398,2.0,
3315,Glasgow,2020,2019-11-10,WC,Rep,3,2,HOOGLAND_Jeffrey,NED,10007379761.0,26.7,19.75,20.860000000000003,5.0,
3316,Glasgow,2020,2019-11-10,WC,Rep,3,3,CANELON_VERA_Hersony_Gadiel,VEN,10004717719.0,30.9,24.845000000000002,24.798000000000002,1.0,
3317,Glasgow,2020,2019-11-10,WC,Rep,3,4,SZALONTAY_Sándor,HUN,10007073506.0,29.4,21.702,21.648,3.0,
3318,Glasgow,2020,2019-11-10,WC,Rep,3,5,MOHD_ZONIS_Muhammad_Fadhil,MAS,10010645732.0,21.9,20.093,18.93,4.0,
3319,Glasgow,2020,2019-11-10,WC,Rep,4,1,CLARKE_Thomas,AUS,10009009260.0,24.6,24.84,25.34,3.0,
3320,Glasgow,2020,2019-11-10,WC,Rep,4,2,HSIEH_Nien_Hsing,TPE,10011141846.0,20.9,12.262999999999998,18.714,5.0,
3321,Glasgow,2020,2019-11-10,WC,Rep,4,3,MAKSEL_Krzysztof,POL,10006902239.0,28.4,28.553,28.449,1.0,
3322,Glasgow,2020,2019-11-10,WC,Rep,4,4,ZAITSAU_Artsiom,BLR,10009017243.0,24.5,18.854,19.319,4.0,
3323,Glasgow,2020,2019-11-10,WC,Rep,4,5,BÁBEK_Tomáš,CZE,10004612534.0,32.4,27.852999999999998,27.493000000000002,2.0,
3324,Glasgow,2020,2019-11-10,WC,R2,1,1,KENNY_Jason,GBR,10004599194.0,31.6,31.274,31.519,3.0,
3325,Glasgow,2020,2019-11-10,WC,R2,1,2,BÖTTICHER_Stefan,GER,10048325582.0,27.8,33.300000000000004,33.374,2.0,
3326,Glasgow,2020,2019-11-10,WC,R2,1,3,PERKINS_Shane_Alan,RUS,10051694112.0,32.9,27.392,27.582,4.0,
3327,Glasgow,2020,2019-11-10,WC,R2,1,4,BÜCHLI_Matthijs,NED,10006900421.0,26.9,33.603,33.473000000000006,1.0,
3328,Glasgow,2020,2019-11-10,WC,R2,1,5,ANGSUTHASAWIT_Jai,AUS,10009009159.0,24.7,26.758999999999997,26.605,5.0,
3329,Glasgow,2020,2019-11-10,WC,R2,1,6,CLARKE_Thomas,AUS,10009009260.0,24.6,25.34,25.064999999999998,6.0,
3330,Glasgow,2020,2019-11-10,WC,R2,2,1,DMITRIEV_Denis,RUS,10003100142.0,33.6,26.978,27.320999999999998,4.0,
3331,Glasgow,2020,2019-11-10,WC,R2,2,2,LEVY_Maximilian,GER,10004601723.0,32.4,32.208999999999996,32.231,1.0,
3332,Glasgow,2020,2019-11-10,WC,R2,2,3,VIGIER_Sébastien,FRA,10010678569.0,22.6,30.717,30.660000000000004,2.0,
3333,Glasgow,2020,2019-11-10,WC,R2,2,4,QUINTERO_CHAVARRO_Kevin_Santiago,COL,10010830840.0,21.0,27.503999999999998,27.459,3.0,
3334,Glasgow,2020,2019-11-10,WC,R2,2,5,VORZHEV_Pavel,KAZ,10007828183.0,26.1,23.254,23.268,6.0,
3335,Glasgow,2020,2019-11-10,WC,R2,2,6,LENDEL_Vasilijus,LTU,10009181234.0,24.6,24.398,24.247999999999998,5.0,
3336,Glasgow,2020,2019-11-10,WC,Final,1,1,VIGIER_Sébastien,FRA,10010678569.0,22.6,30.660000000000004,31.113,4.0,
3337,Glasgow,2020,2019-11-10,WC,Final,1,2,LEVY_Maximilian,GER,10004601723.0,32.4,32.231,32.329,2.0,
3338,Glasgow,2020,2019-11-10,WC,Final,1,3,DMITRIEV_Denis,RUS,10003100142.0,33.6,27.320999999999998,27.505,6.0,
3339,Glasgow,2020,2019-11-10,WC,Final,1,4,KENNY_Jason,GBR,10004599194.0,31.6,31.519,31.455000000000002,3.0,
3340,Glasgow,2020,2019-11-10,WC,Final,1,5,PERKINS_Shane_Alan,RUS,10051694112.0,32.9,27.582,27.574,5.0,
3341,Glasgow,2020,2019-11-10,WC,Final,1,6,BÖTTICHER_Stefan,GER,10048325582.0,27.8,33.374,32.834,1.0,
3342,Glasgow,2020,2019-11-10,WC,Final,2,1,ANGSUTHASAWIT_Jai,AUS,10009009159.0,24.7,26.605,27.44,3.0,
3343,Glasgow,2020,2019-11-10,WC,Final,2,2,LENDEL_Vasilijus,LTU,10009181234.0,24.6,24.247999999999998,24.480999999999998,5.0,
3344,Glasgow,2020,2019-11-10,WC,Final,2,3,CLARKE_Thomas,AUS,10009009260.0,24.6,25.064999999999998,25.335,4.0,
3345,Glasgow,2020,2019-11-10,WC,Final,2,4,BÜCHLI_Matthijs,NED,10006900421.0,26.9,33.473000000000006,33.272,1.0,
3346,Glasgow,2020,2019-11-10,WC,Final,2,5,QUINTERO_CHAVARRO_Kevin_Santiago,COL,10010830840.0,21.0,27.459,27.215,2.0,
3347,Glasgow,2020,2019-11-10,WC,Final,2,6,VORZHEV_Pavel,KAZ,10007828183.0,26.1,23.268,22.973,6.0,
3348,Hong_Kong,2019,2019-11-30,WC,R1,1,1,NITTA_Yudai,JPN,10005727327.0,,27.233,27.422,2.0,
3349,Hong_Kong,2019,2019-11-30,WC,R1,1,2,KENNY_Jason,GBR,10004599194.0,,31.455000000000002,31.371,1.0,
3350,Hong_Kong,2019,2019-11-30,WC,R1,1,3,BOTTASSO_Leandro,ARG,10010894696.0,,20.089,20.364,4.0,
3351,Hong_Kong,2019,2019-11-30,WC,R1,1,4,PERALTA_Juan,ESP,10006552534.0,,25.236,25.102,3.0,
3352,Hong_Kong,2019,2019-11-30,WC,R1,1,5,MELLEN_James,USA,10009504667.0,,9.0,5.823,5.0,
3353,Hong_Kong,2019,2019-11-30,WC,R1,2,1,AWANG_Mohd_Azizulhasni,MAS,10004868370.0,,29.289,29.439,1.0,
3354,Hong_Kong,2019,2019-11-30,WC,R1,2,2,KAWABATA_Tomoyuki,JPC,10008098470.0,,28.64,28.726,2.0,
3355,Hong_Kong,2019,2019-11-30,WC,R1,2,3,SAUNDERS_Callum,NZL,10009012391.0,,26.897,26.741,4.0,
3356,Hong_Kong,2019,2019-11-30,WC,R1,2,4,BÁBEK_Tomáš,CZE,10004612534.0,,27.493000000000002,27.34,3.0,
3357,Hong_Kong,2019,2019-11-30,WC,R1,2,5,STOVBETSKYI_Dmytro,UKR,10090555241.0,,11.354999999999999,11.087,5.0,
3358,Hong_Kong,2019,2019-11-30,WC,R1,3,1,BARRETTE_Hugo,CAN,10007212639.0,,26.225,26.407,2.0,
3359,Hong_Kong,2019,2019-11-30,WC,R1,3,2,BÜCHLI_Matthijs,BCC,10006900421.0,,33.272,33.126,1.0,
3360,Hong_Kong,2019,2019-11-30,WC,R1,3,3,LAW_Tsz_Chun,HKG,10011155990.0,,12.398,13.880999999999998,4.0,
3361,Hong_Kong,2019,2019-11-30,WC,R1,3,4,VORZHEV_Pavel,KAZ,10007828183.0,,22.973,22.520000000000003,3.0,
3362,Hong_Kong,2019,2019-11-30,WC,R1,4,1,LAVREYSEN_Harrie,NED,10009535686.0,,31.351000000000003,31.519,1.0,
3363,Hong_Kong,2019,2019-11-30,WC,R1,4,2,BROWNE_Kwesi,TTO,10009010876.0,,24.756,24.915,3.0,
3364,Hong_Kong,2019,2019-11-30,WC,R1,4,3,WAMMES_Nick,PTM,10015713273.0,,16.718,18.908,5.0,
3365,Hong_Kong,2019,2019-11-30,WC,R1,4,4,CANELON_VERA_Hersony_Gadiel,VEN,10004717719.0,,24.798000000000002,24.688000000000002,2.0,
3366,Hong_Kong,2019,2019-11-30,WC,R1,4,5,SZALONTAY_Sándor,HUN,10007073506.0,,21.648,21.464,4.0,
3367,Hong_Kong,2019,2019-11-30,WC,R1,5,1,LEVY_Maximilian,ERD,10004601723.0,,32.329,32.376,1.0,
3368,Hong_Kong,2019,2019-11-30,WC,R1,5,2,ZHOU_Yu,CHN,10052089586.0,,14.583,17.42,5.0,
3369,Hong_Kong,2019,2019-11-30,WC,R1,5,3,RAJKOWSKI_Patryk,POL,10009176281.0,,24.232,24.185,2.0,
3370,Hong_Kong,2019,2019-11-30,WC,R1,5,4,KANG_Shih_Feng,TPE,10010608447.0,,22.585,22.462,3.0,
3371,Hong_Kong,2019,2019-11-30,WC,R1,5,5,SPIES_Jean,RSA,10007351671.0,,16.819000000000003,16.478,4.0,
3372,Hong_Kong,2019,2019-11-30,WC,R1,6,1,ANGSUTHASAWIT_Jai,THA,10009009159.0,,27.44,28.176,2.0,
3373,Hong_Kong,2019,2019-11-30,WC,R1,6,2,BÖTTICHER_Stefan,GER,10048325582.0,,32.834,32.732,1.0,
3374,Hong_Kong,2019,2019-11-30,WC,R1,6,3,LENDEL_Vasilijus,LTU,10009181234.0,,24.480999999999998,24.562,3.0,
3375,Hong_Kong,2019,2019-11-30,WC,R1,6,4,DA_SILVA_Joao_Vitor,BRA,10010920665.0,,9.0,16.029,5.0,
3376,Hong_Kong,2019,2019-11-30,WC,R1,6,5,DUBCHENKO_Aleksandr,RUS,10007772108.0,,22.389,22.212,4.0,
3377,Hong_Kong,2019,2019-11-30,WC,R1,6,6,BIANCHI_Matteo,ITA,10028995102.0,,9.0,5.1899999999999995,5.0,
3378,Hong_Kong,2019,2019-11-30,WC,Rep,1,1,KENNY_Jason,GBR,10004599194.0,,31.371,31.420999999999996,1.0,
3379,Hong_Kong,2019,2019-11-30,WC,Rep,1,2,KANG_Shih_Feng,TPE,10010608447.0,,22.462,22.654999999999998,3.0,
3380,Hong_Kong,2019,2019-11-30,WC,Rep,1,3,SZALONTAY_Sándor,HUN,10007073506.0,,21.464,21.520999999999997,4.0,
3381,Hong_Kong,2019,2019-11-30,WC,Rep,1,4,LENDEL_Vasilijus,LTU,10009181234.0,,24.562,24.385,2.0,
3382,Hong_Kong,2019,2019-11-30,WC,Rep,2,1,KAWABATA_Tomoyuki,JPC,10008098470.0,,28.726,28.831,1.0,
3383,Hong_Kong,2019,2019-11-30,WC,Rep,2,2,CANELON_VERA_Hersony_Gadiel,VEN,10004717719.0,,24.688000000000002,24.747999999999998,2.0,
3384,Hong_Kong,2019,2019-11-30,WC,Rep,2,3,RAJKOWSKI_Patryk,POL,10009176281.0,,24.185,24.043,3.0,
3385,Hong_Kong,2019,2019-11-30,WC,Rep,2,4,BIANCHI_Matteo,ITA,10028995102.0,,5.1899999999999995,4.988999999999999,4.0,
3386,Hong_Kong,2019,2019-11-30,WC,Rep,3,1,BÜCHLI_Matthijs,BCC,10006900421.0,,33.126,33.149,1.0,
3387,Hong_Kong,2019,2019-11-30,WC,Rep,3,2,WAMMES_Nick,PTM,10015713273.0,,18.908,20.298,3.0,
3388,Hong_Kong,2019,2019-11-30,WC,Rep,3,3,STOVBETSKYI_Dmytro,UKR,10090555241.0,,11.087,14.143,4.0,
3389,Hong_Kong,2019,2019-11-30,WC,Rep,3,4,VORZHEV_Pavel,KAZ,10007828183.0,,22.520000000000003,22.107999999999997,2.0,
3390,Hong_Kong,2019,2019-11-30,WC,Rep,4,1,BÁBEK_Tomáš,CZE,10004612534.0,,27.34,27.444,1.0,
3391,Hong_Kong,2019,2019-11-30,WC,Rep,4,2,BROWNE_Kwesi,TTO,10009010876.0,,24.915,24.883,2.0,
3392,Hong_Kong,2019,2019-11-30,WC,Rep,4,3,LAW_Tsz_Chun,HKG,10011155990.0,,13.880999999999998,14.187000000000001,3.0,
3393,Hong_Kong,2019,2019-11-30,WC,Rep,4,4,MELLEN_James,USA,10009504667.0,,5.823,4.35,4.0,
3394,Hong_Kong,2019,2019-11-30,WC,Rep,5,1,SAUNDERS_Callum,NZL,10009012391.0,,26.741,27.412,1.0,
3395,Hong_Kong,2019,2019-11-30,WC,Rep,5,2,DUBCHENKO_Aleksandr,RUS,10007772108.0,,22.212,22.445,3.0,
3396,Hong_Kong,2019,2019-11-30,WC,Rep,5,3,PERALTA_Juan,ESP,10006552534.0,,25.102,25.022000000000002,2.0,
3397,Hong_Kong,2019,2019-11-30,WC,Rep,5,4,ZHOU_Yu,CHN,10052089586.0,,17.42,16.887999999999998,4.0,
3398,Hong_Kong,2019,2019-11-30,WC,Rep,6,1,BÖTTICHER_Stefan,GER,10048325582.0,,32.732,32.760000000000005,1.0,
3399,Hong_Kong,2019,2019-11-30,WC,Rep,6,2,SPIES_Jean,RSA,10007351671.0,,16.478,17.332,3.0,
3400,Hong_Kong,2019,2019-11-30,WC,Rep,6,3,DA_SILVA_Joao_Vitor,BRA,10010920665.0,,16.029,16.508000000000003,4.0,
3401,Hong_Kong,2019,2019-11-30,WC,Rep,6,4,BOTTASSO_Leandro,ARG,10010894696.0,,20.364,20.102,2.0,
3402,Hong_Kong,2019,2019-11-30,WC,R2,1,1,LAVREYSEN_Harrie,NED,10009535686.0,,31.519,31.979000000000003,4.0,
3403,Hong_Kong,2019,2019-11-30,WC,R2,1,2,BÜCHLI_Matthijs,BCC,10006900421.0,,33.149,33.208999999999996,1.0,
3404,Hong_Kong,2019,2019-11-30,WC,R2,1,3,NITTA_Yudai,JPN,10005727327.0,,27.422,27.592,6.0,
3405,Hong_Kong,2019,2019-11-30,WC,R2,1,4,KAWABATA_Tomoyuki,JPC,10008098470.0,,28.831,28.886,5.0,
3406,Hong_Kong,2019,2019-11-30,WC,R2,1,5,BÖTTICHER_Stefan,GER,10048325582.0,,32.760000000000005,32.486000000000004,2.0,
3407,Hong_Kong,2019,2019-11-30,WC,R2,1,6,LEVY_Maximilian,ERD,10004601723.0,,32.376,32.076,3.0,
3408,Hong_Kong,2019,2019-11-30,WC,R2,2,1,AWANG_Mohd_Azizulhasni,MAS,10004868370.0,,29.439,29.642,2.0,
3409,Hong_Kong,2019,2019-11-30,WC,R2,2,2,KENNY_Jason,GBR,10004599194.0,,31.420999999999996,31.488000000000003,1.0,
3410,Hong_Kong,2019,2019-11-30,WC,R2,2,3,SAUNDERS_Callum,NZL,10009012391.0,,27.412,27.816000000000003,5.0,
3411,Hong_Kong,2019,2019-11-30,WC,R2,2,4,ANGSUTHASAWIT_Jai,THA,10009009159.0,,28.176,28.116,3.0,
3412,Hong_Kong,2019,2019-11-30,WC,R2,2,5,BARRETTE_Hugo,CAN,10007212639.0,,26.407,26.374,6.0,
3413,Hong_Kong,2019,2019-11-30,WC,R2,2,6,BÁBEK_Tomáš,CZE,10004612534.0,,27.444,27.202,4.0,
3414,Hong_Kong,2019,2019-11-30,WC,Final,1,1,SAUNDERS_Callum,NZL,10009012391.0,,27.816000000000003,29.322,5.0,
3415,Hong_Kong,2019,2019-11-30,WC,Final,1,2,KENNY_Jason,GBR,10004599194.0,,31.488000000000003,31.615,3.0,
3416,Hong_Kong,2019,2019-11-30,WC,Final,1,3,BÜCHLI_Matthijs,BCC,10006900421.0,,33.208999999999996,33.194,1.0,
3417,Hong_Kong,2019,2019-11-30,WC,Final,1,4,LAVREYSEN_Harrie,NED,10009535686.0,,31.979000000000003,31.842999999999996,2.0,
3418,Hong_Kong,2019,2019-11-30,WC,Final,1,5,NITTA_Yudai,JPN,10005727327.0,,27.592,27.581000000000003,6.0,
3419,Hong_Kong,2019,2019-11-30,WC,Final,1,6,AWANG_Mohd_Azizulhasni,MAS,10004868370.0,,29.642,29.473,4.0,
3420,Hong_Kong,2019,2019-11-30,WC,Final,2,1,LEVY_Maximilian,ERD,10004601723.0,,32.076,32.263,2.0,
3421,Hong_Kong,2019,2019-11-30,WC,Final,2,2,BARRETTE_Hugo,CAN,10007212639.0,,26.374,26.58,6.0,
3422,Hong_Kong,2019,2019-11-30,WC,Final,2,3,ANGSUTHASAWIT_Jai,THA,10009009159.0,,28.116,28.323,4.0,
3423,Hong_Kong,2019,2019-11-30,WC,Final,2,4,KAWABATA_Tomoyuki,JPC,10008098470.0,,28.886,28.873,3.0,
3424,Hong_Kong,2019,2019-11-30,WC,Final,2,5,BÁBEK_Tomáš,CZE,10004612534.0,,27.202,27.162,5.0,
3425,Hong_Kong,2019,2019-11-30,WC,Final,2,6,BÖTTICHER_Stefan,GER,10048325582.0,,32.486000000000004,31.989,1.0,
3426,Cambridge,2020,2019-12-07,WC,R1,1,1,BARRETTE_Hugo,CAN,10007212639.0,28.4,26.58,26.772,4.0,
3427,Cambridge,2020,2019-12-07,WC,R1,1,2,BROWNE_Kwesi,TTO,10009010876.0,25.8,24.883,25.083,5.0,
3428,Cambridge,2020,2019-12-07,WC,R1,1,3,STOVBETSKYI_Dmytro,UKR,10090555241.0,21.9,14.143,18.083,6.0,
3429,Cambridge,2020,2019-12-07,WC,R1,1,4,MAKSEL_Krzysztof,POL,10006902239.0,28.4,28.449,28.341,1.0,
3430,Cambridge,2020,2019-12-07,WC,R1,1,5,NITTA_Yudai,JPN,10005727327.0,33.9,27.581000000000003,27.442,3.0,
3431,Cambridge,2020,2019-12-07,WC,R1,1,6,KELEMEN_Pavel,CZE,10006422895.0,28.5,28.176,27.904,2.0,
3432,Cambridge,2020,2019-12-07,WC,R1,2,1,GLAETZER_Matthew,AUS,10006894559.0,27.3,32.269000000000005,32.373,1.0,
3433,Cambridge,2020,2019-12-07,WC,R1,2,2,AWANG_Mohd_Azizulhasni,MAS,10004868370.0,31.9,29.473,29.521,2.0,
3434,Cambridge,2020,2019-12-07,WC,R1,2,3,CANELON_VERA_Hersony_Gadiel,VEN,10004717719.0,31.0,24.747999999999998,24.857,3.0,
3435,Cambridge,2020,2019-12-07,WC,R1,2,4,PONOMARYOV_Sergey,KAZ,10010797292.0,21.6,23.753999999999998,23.587,4.0,
3436,Cambridge,2020,2019-12-07,WC,R1,2,5,BOTTASSO_Leandro,ARG,10010894696.0,33.6,20.102,20.162,6.0,
3437,Cambridge,2020,2019-12-07,WC,R1,2,6,KANG_Shih_Feng,TPE,10010608447.0,22.4,22.654999999999998,22.404,5.0,
3438,Cambridge,2020,2019-12-07,WC,R1,3,1,WAKIMOTO_Yuta,JPN,10005964470.0,30.7,29.083,29.244,2.0,
3439,Cambridge,2020,2019-12-07,WC,R1,3,2,DMITRIEV_Denis,RUS,10003100142.0,33.7,27.505,27.631,3.0,
3440,Cambridge,2020,2019-12-07,WC,R1,3,3,ARCHAMBAULT_Joel,CAN,10009307435.0,27.7,19.966,21.193,6.0,
3441,Cambridge,2020,2019-12-07,WC,R1,3,4,SAHROM_Muhammad_Shah_Firdaus,MAS,10009150215.0,24.0,25.214,25.251,4.0,
3442,Cambridge,2020,2019-12-07,WC,R1,3,5,DA_SILVA_Joao_Vitor,BRA,10010920665.0,22.4,16.508000000000003,18.591,7.0,
3443,Cambridge,2020,2019-12-07,WC,R1,3,6,DAWKINS_Edward,NZL,10005782695.0,30.4,30.235000000000003,29.969,1.0,
3444,Cambridge,2020,2019-12-07,WC,R1,3,7,MORENO_SANCHEZ_Jose,ESP,10007502427.0,26.1,22.955000000000002,22.434,5.0,
3445,Cambridge,2020,2019-12-07,WC,R1,4,1,ANGSUTHASAWIT_Jai,AUS,10009009159.0,24.8,28.323,28.799,1.0,
3446,Cambridge,2020,2019-12-07,WC,R1,4,2,PERKINS_Shane_Alan,RUS,10051694112.0,32.9,27.574,27.684,2.0,
3447,Cambridge,2020,2019-12-07,WC,R1,4,3,SZALONTAY_Sándor,HUN,10007073506.0,29.4,21.520999999999997,21.788999999999998,5.0,
3448,Cambridge,2020,2019-12-07,WC,R1,4,4,QUINTERO_CHAVARRO_Kevin_Santiago,COL,10010830840.0,21.1,27.215,27.054,3.0,
3449,Cambridge,2020,2019-12-07,WC,R1,4,5,ZHOU_Yu,CHN,10052089586.0,20.9,16.887999999999998,17.854,7.0,
3450,Cambridge,2020,2019-12-07,WC,R1,4,6,HELAL_Rayan,FRA,10015683567.0,20.9,26.381,25.341,4.0,
3451,Cambridge,2020,2019-12-07,WC,R1,4,7,SPIES_Jean,RSA,10007351671.0,30.0,17.332,17.005000000000003,6.0,
3452,Cambridge,2020,2019-12-07,WC,Rep,1,1,QUINTERO_CHAVARRO_Kevin_Santiago,COL,10010830840.0,21.1,27.054,27.245,1.0,
3453,Cambridge,2020,2019-12-07,WC,Rep,1,2,KANG_Shih_Feng,TPE,10010608447.0,22.4,22.404,22.531,2.0,
3454,Cambridge,2020,2019-12-07,WC,Rep,1,3,DA_SILVA_Joao_Vitor,BRA,10010920665.0,22.4,18.591,18.764,3.0,
3455,Cambridge,2020,2019-12-07,WC,Rep,1,4,STOVBETSKYI_Dmytro,UKR,10090555241.0,21.9,18.083,17.098,4.0,
3456,Cambridge,2020,2019-12-07,WC,Rep,2,1,KELEMEN_Pavel,CZE,10006422895.0,28.5,27.904,28.027,1.0,
3457,Cambridge,2020,2019-12-07,WC,Rep,2,2,MORENO_SANCHEZ_Jose,ESP,10007502427.0,26.1,22.434,22.837,4.0,
3458,Cambridge,2020,2019-12-07,WC,Rep,2,3,CANELON_VERA_Hersony_Gadiel,VEN,10004717719.0,31.0,24.857,24.823,3.0,
3459,Cambridge,2020,2019-12-07,WC,Rep,2,4,SAHROM_Muhammad_Shah_Firdaus,MAS,10009150215.0,24.0,25.251,25.034,2.0,
3460,Cambridge,2020,2019-12-07,WC,Rep,3,1,PONOMARYOV_Sergey,KAZ,10010797292.0,21.6,23.587,24.927,3.0,
3461,Cambridge,2020,2019-12-07,WC,Rep,3,2,ARCHAMBAULT_Joel,CAN,10009307435.0,27.7,21.193,22.029,4.0,
3462,Cambridge,2020,2019-12-07,WC,Rep,3,3,HELAL_Rayan,FRA,10015683567.0,20.9,25.341,25.18,2.0,
3463,Cambridge,2020,2019-12-07,WC,Rep,3,4,SPIES_Jean,RSA,10007351671.0,30.0,17.005000000000003,17.479,5.0,
3464,Cambridge,2020,2019-12-07,WC,Rep,3,5,NITTA_Yudai,JPN,10005727327.0,33.9,27.442,27.165,1.0,
3465,Cambridge,2020,2019-12-07,WC,Rep,4,1,DAWKINS_Edward,NZL,10005782695.0,30.4,29.969,30.044,1.0,
3466,Cambridge,2020,2019-12-07,WC,Rep,4,2,BOTTASSO_Leandro,ARG,10010894696.0,33.6,20.162,20.583000000000002,4.0,
3467,Cambridge,2020,2019-12-07,WC,Rep,4,3,MAKSEL_Krzysztof,POL,10006902239.0,28.4,28.341,28.211,2.0,
3468,Cambridge,2020,2019-12-07,WC,Rep,4,4,SZALONTAY_Sándor,HUN,10007073506.0,29.4,21.788999999999998,21.750999999999998,3.0,
3469,Cambridge,2020,2019-12-07,WC,Rep,4,5,ZHOU_Yu,CHN,10052089586.0,20.9,17.854,17.285,5.0,
3470,Cambridge,2020,2019-12-07,WC,R2,1,1,AWANG_Mohd_Azizulhasni,MAS,10004868370.0,31.9,29.521,29.701,2.0,
3471,Cambridge,2020,2019-12-07,WC,R2,1,2,ANGSUTHASAWIT_Jai,AUS,10009009159.0,24.8,28.799,29.091,3.0,
3472,Cambridge,2020,2019-12-07,WC,R2,1,3,DMITRIEV_Denis,RUS,10003100142.0,33.7,27.631,27.72,4.0,
3473,Cambridge,2020,2019-12-07,WC,R2,1,4,BARRETTE_Hugo,CAN,10007212639.0,28.4,26.772,26.8,6.0,
3474,Cambridge,2020,2019-12-07,WC,R2,1,5,DAWKINS_Edward,NZL,10005782695.0,30.4,30.044,29.896,1.0,
3475,Cambridge,2020,2019-12-07,WC,R2,1,6,QUINTERO_CHAVARRO_Kevin_Santiago,COL,10010830840.0,21.1,27.245,26.89,5.0,
3476,Cambridge,2020,2019-12-07,WC,R2,2,1,GLAETZER_Matthew,AUS,10006894559.0,27.3,32.373,32.5,1.0,
3477,Cambridge,2020,2019-12-07,WC,R2,2,2,PERKINS_Shane_Alan,RUS,10051694112.0,32.9,27.684,27.875,4.0,
3478,Cambridge,2020,2019-12-07,WC,R2,2,3,WAKIMOTO_Yuta,JPN,10005964470.0,30.7,29.244,29.259999999999998,2.0,
3479,Cambridge,2020,2019-12-07,WC,R2,2,4,PONOMARYOV_Sergey,KAZ,10010797292.0,21.6,24.927,25.136,6.0,
3480,Cambridge,2020,2019-12-07,WC,R2,2,5,BROWNE_Kwesi,TTO,10009010876.0,25.8,25.083,25.057,5.0,
3481,Cambridge,2020,2019-12-07,WC,R2,2,6,KELEMEN_Pavel,CZE,10006422895.0,28.5,28.027,27.794,3.0,
3482,Cambridge,2020,2019-12-07,WC,Final,1,1,AWANG_Mohd_Azizulhasni,MAS,10004868370.0,31.9,29.701,29.894,2.0,
3483,Cambridge,2020,2019-12-07,WC,Final,1,2,PERKINS_Shane_Alan,RUS,10051694112.0,32.9,27.875,28.093999999999998,5.0,
3484,Cambridge,2020,2019-12-07,WC,Final,1,3,GLAETZER_Matthew,AUS,10006894559.0,27.3,32.5,32.459,1.0,
3485,Cambridge,2020,2019-12-07,WC,Final,1,4,ANGSUTHASAWIT_Jai,AUS,10009009159.0,24.8,29.091,29.043,4.0,
3486,Cambridge,2020,2019-12-07,WC,Final,1,5,WAKIMOTO_Yuta,JPN,10005964470.0,30.7,29.259999999999998,29.168,3.0,
3487,Cambridge,2020,2019-12-07,WC,Final,1,6,DMITRIEV_Denis,RUS,10003100142.0,33.7,27.72,27.53,6.0,
3488,Cambridge,2020,2019-12-07,WC,Final,2,1,DAWKINS_Edward,NZL,10005782695.0,30.4,29.896,30.052,1.0,
3489,Cambridge,2020,2019-12-07,WC,Final,2,2,PONOMARYOV_Sergey,KAZ,10010797292.0,21.6,25.136,25.999000000000002,5.0,
3490,Cambridge,2020,2019-12-07,WC,Final,2,3,BROWNE_Kwesi,TTO,10009010876.0,25.8,25.057,25.207,6.0,
3491,Cambridge,2020,2019-12-07,WC,Final,2,4,KELEMEN_Pavel,CZE,10006422895.0,28.5,27.794,27.749000000000002,2.0,
3492,Cambridge,2020,2019-12-07,WC,Final,2,5,BARRETTE_Hugo,CAN,10007212639.0,28.4,26.8,26.719,4.0,
3493,Cambridge,2020,2019-12-07,WC,Final,2,6,QUINTERO_CHAVARRO_Kevin_Santiago,COL,10010830840.0,21.1,26.89,26.503,3.0,
3494,Brisbane,2020,2019-12-14,WC,R1,1,1,BROWNE_Kwesi,TTO,10009010876.0,25.9,25.207,25.445999999999998,2.0,
3495,Brisbane,2020,2019-12-14,WC,R1,1,2,ZHOU_Yu,CHN,10052089586.0,20.9,17.285,18.982,3.0,
3496,Brisbane,2020,2019-12-14,WC,R1,1,9,PERKINS_Shane_Alan,RUS,10051694112.0,33.0,28.093999999999998,28.008,1.0,
3497,Brisbane,2020,2019-12-14,WC,R1,1,9,AWANG_Mohd_Azizulhasni,MAS,10004868370.0,31.9,29.894,29.783,1.0,
3498,Brisbane,2020,2019-12-14,WC,R1,1,9,KAWABATA_Tomoyuki,JPN,10008098470.0,34.8,28.873,28.767000000000003,1.0,
3499,Brisbane,2020,2019-12-14,WC,R1,1,9,MAKSEL_Krzysztof,POL,10006902239.0,28.4,28.211,28.137,1.0,
3500,Brisbane,2020,2019-12-14,WC,R1,2,1,SAUNDERS_Callum,NZL,10009012391.0,24.2,29.322,30.098,1.0,
3501,Brisbane,2020,2019-12-14,WC,R1,2,2,ANGSUTHASAWIT_Jai,AUS,10009009159.0,24.8,29.043,29.203999999999997,2.0,
3502,Brisbane,2020,2019-12-14,WC,R1,2,3,BÁBEK_Tomáš,CZE,10004612534.0,32.5,27.162,27.197,3.0,
3503,Brisbane,2020,2019-12-14,WC,R1,2,4,KANG_Shih_Feng,TPE,10010608447.0,22.5,22.531,22.633000000000003,5.0,
3504,Brisbane,2020,2019-12-14,WC,R1,2,5,DA_SILVA_Joao_Vitor,BRA,10010920665.0,22.4,18.764,19.12,6.0,
3505,Brisbane,2020,2019-12-14,WC,R1,2,6,PERALTA_Juan,ESP,10006552534.0,29.6,25.022000000000002,24.811,4.0,
3506,Brisbane,2020,2019-12-14,WC,R1,3,1,GLAETZER_Matthew,AUS,10006894559.0,27.3,32.459,32.569,1.0,
3507,Brisbane,2020,2019-12-14,WC,R1,3,2,CARLIN_Jack,GBR,10009967641.0,22.6,30.248,30.313999999999997,2.0,
3508,Brisbane,2020,2019-12-14,WC,R1,3,3,ARCHAMBAULT_Joel,CAN,10009307435.0,27.7,22.029,22.748,5.0,
3509,Brisbane,2020,2019-12-14,WC,R1,3,4,HELAL_Rayan,FRA,10015683567.0,20.9,25.18,25.114,4.0,
3510,Brisbane,2020,2019-12-14,WC,R1,3,5,STOVBETSKYI_Dmytro,UKR,10090555241.0,22.0,17.098,17.984,6.0,
3511,Brisbane,2020,2019-12-14,WC,R1,3,6,PONOMARYOV_Sergey,KAZ,10010797292.0,21.7,25.999000000000002,24.852,3.0,
3512,Brisbane,2020,2019-12-14,WC,R1,4,1,DMITRIEV_Denis,RUS,10003100142.0,33.7,27.53,27.755,2.0,
3513,Brisbane,2020,2019-12-14,WC,R1,4,2,BARRETTE_Hugo,CAN,10007212639.0,28.4,26.719,26.831,3.0,
3514,Brisbane,2020,2019-12-14,WC,R1,4,3,QUINTERO_CHAVARRO_Kevin_Santiago,COL,10010830840.0,21.1,26.503,26.583000000000002,4.0,
3515,Brisbane,2020,2019-12-14,WC,R1,4,4,BOTTASSO_Leandro,ARG,10010894696.0,33.6,20.583000000000002,20.874000000000002,7.0,
3516,Brisbane,2020,2019-12-14,WC,R1,4,5,CANELON_VERA_Hersony_Gadiel,VEN,10004717719.0,31.0,24.823,24.78,5.0,
3517,Brisbane,2020,2019-12-14,WC,R1,4,6,WAKIMOTO_Yuta,JPN,10005964470.0,30.7,29.168,28.935000000000002,1.0,
3518,Brisbane,2020,2019-12-14,WC,R1,4,7,SZALONTAY_Sándor,HUN,10007073506.0,29.4,21.750999999999998,21.567,6.0,
3519,Brisbane,2020,2019-12-14,WC,Rep,1,1,WAKIMOTO_Yuta,JPN,10005964470.0,30.7,28.935000000000002,28.97,1.0,
3520,Brisbane,2020,2019-12-14,WC,Rep,1,2,STOVBETSKYI_Dmytro,UKR,10090555241.0,22.0,17.984,18.698,3.0,
3521,Brisbane,2020,2019-12-14,WC,Rep,1,3,DA_SILVA_Joao_Vitor,BRA,10010920665.0,22.4,19.12,18.467999999999996,2.0,
3522,Brisbane,2020,2019-12-14,WC,Rep,2,1,BÁBEK_Tomáš,CZE,10004612534.0,32.5,27.197,27.375,2.0,
3523,Brisbane,2020,2019-12-14,WC,Rep,2,2,HELAL_Rayan,FRA,10015683567.0,20.9,25.114,25.317,3.0,
3524,Brisbane,2020,2019-12-14,WC,Rep,2,3,BOTTASSO_Leandro,ARG,10010894696.0,33.6,20.874000000000002,21.043,4.0,
3525,Brisbane,2020,2019-12-14,WC,Rep,2,4,PERKINS_Shane_Alan,RUS,10051694112.0,33.0,28.008,27.740000000000002,1.0,
3526,Brisbane,2020,2019-12-14,WC,Rep,3,1,ARCHAMBAULT_Joel,CAN,10009307435.0,27.7,22.748,23.522,3.0,
3527,Brisbane,2020,2019-12-14,WC,Rep,3,2,KANG_Shih_Feng,TPE,10010608447.0,22.5,22.633000000000003,22.794,4.0,
3528,Brisbane,2020,2019-12-14,WC,Rep,3,3,CANELON_VERA_Hersony_Gadiel,VEN,10004717719.0,31.0,24.78,24.728,2.0,
3529,Brisbane,2020,2019-12-14,WC,Rep,3,4,PONOMARYOV_Sergey,KAZ,10010797292.0,21.7,24.852,24.055,1.0,
3530,Brisbane,2020,2019-12-14,WC,Rep,4,1,QUINTERO_CHAVARRO_Kevin_Santiago,COL,10010830840.0,21.1,26.583000000000002,26.851,2.0,
3531,Brisbane,2020,2019-12-14,WC,Rep,4,2,PERALTA_Juan,ESP,10006552534.0,29.6,24.811,24.9,3.0,
3532,Brisbane,2020,2019-12-14,WC,Rep,4,3,MAKSEL_Krzysztof,POL,10006902239.0,28.4,28.137,28.008,1.0,
3533,Brisbane,2020,2019-12-14,WC,Rep,4,4,SZALONTAY_Sándor,HUN,10007073506.0,29.4,21.567,21.46,4.0,
3534,Brisbane,2020,2019-12-14,WC,R2,1,1,DMITRIEV_Denis,RUS,10003100142.0,33.7,27.755,28.014000000000003,4.0,
3535,Brisbane,2020,2019-12-14,WC,R2,1,2,CARLIN_Jack,GBR,10009967641.0,22.6,30.313999999999997,30.382999999999996,1.0,
3536,Brisbane,2020,2019-12-14,WC,R2,1,3,BROWNE_Kwesi,TTO,10009010876.0,25.9,25.445999999999998,25.593,5.0,
3537,Brisbane,2020,2019-12-14,WC,R2,1,4,ARCHAMBAULT_Joel,CAN,10009307435.0,27.7,23.522,23.855,6.0,
3538,Brisbane,2020,2019-12-14,WC,R2,1,5,WAKIMOTO_Yuta,JPN,10005964470.0,30.7,28.97,28.843999999999998,3.0,
3539,Brisbane,2020,2019-12-14,WC,R2,1,6,ANGSUTHASAWIT_Jai,AUS,10009009159.0,24.8,29.203999999999997,28.639,2.0,
3540,Brisbane,2020,2019-12-14,WC,R2,2,1,GLAETZER_Matthew,AUS,10006894559.0,27.3,32.569,32.675,1.0,
3541,Brisbane,2020,2019-12-14,WC,R2,2,2,BÁBEK_Tomáš,CZE,10004612534.0,32.5,27.375,27.55,3.0,
3542,Brisbane,2020,2019-12-14,WC,R2,2,3,QUINTERO_CHAVARRO_Kevin_Santiago,COL,10010830840.0,21.1,26.851,26.961,4.0,
3543,Brisbane,2020,2019-12-14,WC,R2,2,4,BARRETTE_Hugo,CAN,10007212639.0,28.4,26.831,26.817,5.0,
3544,Brisbane,2020,2019-12-14,WC,R2,2,5,ZHOU_Yu,CHN,10052089586.0,20.9,18.982,19.556,6.0,
3545,Brisbane,2020,2019-12-14,WC,R2,2,6,SAUNDERS_Callum,NZL,10009012391.0,24.2,30.098,28.698999999999998,2.0,
3546,Brisbane,2020,2019-12-14,WC,Final,1,1,QUINTERO_CHAVARRO_Kevin_Santiago,COL,10010830840.0,21.1,26.961,27.416,5.0,
3547,Brisbane,2020,2019-12-14,WC,Final,1,2,GLAETZER_Matthew,AUS,10006894559.0,27.3,32.675,32.675,1.0,
3548,Brisbane,2020,2019-12-14,WC,Final,1,3,BÁBEK_Tomáš,CZE,10004612534.0,32.5,27.55,27.644000000000002,4.0,
3549,Brisbane,2020,2019-12-14,WC,Final,1,4,CARLIN_Jack,GBR,10009967641.0,22.6,30.382999999999996,30.245,2.0,
3550,Brisbane,2020,2019-12-14,WC,Final,1,5,DMITRIEV_Denis,RUS,10003100142.0,33.7,28.014000000000003,27.877,3.0,
3551,Brisbane,2020,2019-12-14,WC,Final,1,5,BROWNE_Kwesi,TTO,10009010876.0,25.9,25.593,25.545,1.0,
3552,Brisbane,2020,2019-12-14,WC,Final,2,1,WAKIMOTO_Yuta,JPN,10005964470.0,30.7,28.843999999999998,29.025,1.0,
3553,Brisbane,2020,2019-12-14,WC,Final,2,2,ANGSUTHASAWIT_Jai,AUS,10009009159.0,24.8,28.639,28.833,3.0,
3554,Brisbane,2020,2019-12-14,WC,Final,2,3,SAUNDERS_Callum,NZL,10009012391.0,24.2,28.698999999999998,28.628999999999998,2.0,
3555,Brisbane,2020,2019-12-14,WC,Final,2,4,BARRETTE_Hugo,CAN,10007212639.0,28.4,26.817,26.79,4.0,
3556,Brisbane,2020,2019-12-14,WC,Final,2,5,ZHOU_Yu,CHN,10052089586.0,20.9,19.556,19.839000000000002,6.0,
3557,Brisbane,2020,2019-12-14,WC,Final,2,6,ARCHAMBAULT_Joel,CAN,10009307435.0,27.7,23.855,23.255,5.0,
3558,Berlin,2020,2020-02-27,WCH,R1,1,1,LAVREYSEN_Harrie,NED,10009535686.0,23.0,31.842999999999996,32.137,2.0,
3559,Berlin,2020,2020-02-27,WCH,R1,1,2,AWANG_Mohd_Azizulhasni,MAS,10004868370.0,32.1,29.783,29.865,3.0,
3560,Berlin,2020,2020-02-27,WCH,R1,1,3,BÖTTICHER_Stefan,GER,10048325582.0,28.1,31.989,31.854,1.0,
3561,Berlin,2020,2020-02-27,WCH,R1,1,4,PERKINS_Shane_Alan,RUS,10051694112.0,33.2,27.740000000000002,27.651,4.0,
3562,Berlin,2020,2020-02-27,WCH,R1,1,5,SPIES_Jean,RSA,10007351671.0,30.3,17.479,17.397000000000002,5.0,
3563,Berlin,2020,2020-02-27,WCH,R1,2,1,HELAL_Rayan,FRA,10015683567.0,21.1,25.317,26.251,4.0,
3564,Berlin,2020,2020-02-27,WCH,R1,2,2,CARLIN_Jack,GBR,10009967641.0,22.8,30.245,30.317999999999998,2.0,
3565,Berlin,2020,2020-02-27,WCH,R1,2,3,LEVY_Maximilian,GER,10004601723.0,32.7,32.263,32.141,1.0,
3566,Berlin,2020,2020-02-27,WCH,R1,2,4,NITTA_Yudai,JPN,10005727327.0,34.1,27.165,27.123,3.0,
3567,Berlin,2020,2020-02-27,WCH,R1,2,5,CANELON_VERA_Hersony_Gadiel,VEN,10004717719.0,31.2,24.728,24.605,5.0,
3568,Berlin,2020,2020-02-27,WCH,R1,3,1,HOOGLAND_Jeffrey,NED,10007379761.0,27.0,20.860000000000003,23.099999999999998,6.0,
3569,Berlin,2020,2020-02-27,WCH,R1,3,2,MAKSEL_Krzysztof,POL,10006902239.0,28.7,28.008,28.131,3.0,
3570,Berlin,2020,2020-02-27,WCH,R1,3,3,ANGSUTHASAWIT_Jai,AUS,10009009159.0,25.0,28.833,28.861,2.0,
3571,Berlin,2020,2020-02-27,WCH,R1,3,4,QUINTERO_CHAVARRO_Kevin_Santiago,COL,10010830840.0,21.3,27.416,27.406,4.0,
3572,Berlin,2020,2020-02-27,WCH,R1,3,5,KENNY_Jason,GBR,10004599194.0,31.9,31.615,31.384000000000004,1.0,
3573,Berlin,2020,2020-02-27,WCH,R1,3,6,PERALTA_Juan,ESP,10006552534.0,29.8,24.9,24.772000000000002,5.0,
3574,Berlin,2020,2020-02-27,WCH,R1,4,1,VIGIER_Sébastien,FRA,10010678569.0,22.9,31.113,31.439,1.0,
3575,Berlin,2020,2020-02-27,WCH,R1,4,2,DMITRIEV_Denis,RUS,10003100142.0,33.9,27.877,28.051,5.0,
3576,Berlin,2020,2020-02-27,WCH,R1,4,3,BOS_Theo,NED,10050887493.0,36.5,28.561,28.658,4.0,
3577,Berlin,2020,2020-02-27,WCH,R1,4,4,PONOMARYOV_Sergey,KAZ,10010797292.0,21.9,24.055,24.454,6.0,
3578,Berlin,2020,2020-02-27,WCH,R1,4,5,DAWKINS_Edward,NZL,10005782695.0,30.6,30.052,29.913,2.0,
3579,Berlin,2020,2020-02-27,WCH,R1,4,6,KAWABATA_Tomoyuki,JPN,10008098470.0,35.1,28.767000000000003,28.534,3.0,
3580,Berlin,2020,2020-02-27,WCH,R1,5,1,WAKIMOTO_Yuta,JPN,10005964470.0,30.9,29.025,29.233,3.0,
3581,Berlin,2020,2020-02-27,WCH,R1,5,2,BÜCHLI_Matthijs,NED,10006900421.0,27.2,33.194,33.188,1.0,
3582,Berlin,2020,2020-02-27,WCH,R1,5,3,WEBSTER_Sam,NZL,10006184742.0,28.6,29.398000000000003,29.424999999999997,2.0,
3583,Berlin,2020,2020-02-27,WCH,R1,5,4,BÁBEK_Tomáš,CZE,10004612534.0,32.7,27.644000000000002,27.619,4.0,
3584,Berlin,2020,2020-02-27,WCH,R1,5,5,KANG_Shih_Feng,TPE,10010608447.0,22.7,22.794,22.829,6.0,
3585,Berlin,2020,2020-02-27,WCH,R1,5,6,RAMIREZ_MORALES_Santiago,COL,10009039774.0,25.6,24.502000000000002,23.885,5.0,
3586,Berlin,2020,2020-02-27,WCH,Rep,1,1,BÖTTICHER_Stefan,GER,10048325582.0,28.1,31.854,31.982999999999997,1.0,
3587,Berlin,2020,2020-02-27,WCH,Rep,1,2,PONOMARYOV_Sergey,KAZ,10010797292.0,21.9,24.454,24.922,4.0,
3588,Berlin,2020,2020-02-27,WCH,Rep,1,3,PERALTA_Juan,ESP,10006552534.0,29.8,24.772000000000002,24.801000000000002,3.0,
3589,Berlin,2020,2020-02-27,WCH,Rep,1,4,BÁBEK_Tomáš,CZE,10004612534.0,32.7,27.619,27.41,2.0,
3590,Berlin,2020,2020-02-27,WCH,Rep,2,1,KAWABATA_Tomoyuki,JPN,10008098470.0,35.1,28.534,28.721,2.0,
3591,Berlin,2020,2020-02-27,WCH,Rep,2,2,KANG_Shih_Feng,TPE,10010608447.0,22.7,22.829,23.153000000000002,5.0,
3592,Berlin,2020,2020-02-27,WCH,Rep,2,3,PERKINS_Shane_Alan,RUS,10051694112.0,33.2,27.651,27.663,3.0,
3593,Berlin,2020,2020-02-27,WCH,Rep,2,4,QUINTERO_CHAVARRO_Kevin_Santiago,COL,10010830840.0,21.3,27.406,27.319,4.0,
3594,Berlin,2020,2020-02-27,WCH,Rep,2,5,LEVY_Maximilian,GER,10004601723.0,32.7,32.141,31.784,1.0,
3595,Berlin,2020,2020-02-27,WCH,Rep,3,1,NITTA_Yudai,JPN,10005727327.0,34.1,27.123,27.328000000000003,3.0,
3596,Berlin,2020,2020-02-27,WCH,Rep,3,2,ANGSUTHASAWIT_Jai,AUS,10009009159.0,25.0,28.861,28.938,2.0,
3597,Berlin,2020,2020-02-27,WCH,Rep,3,3,DAWKINS_Edward,NZL,10005782695.0,30.6,29.913,29.831000000000003,1.0,
3598,Berlin,2020,2020-02-27,WCH,Rep,3,4,RAMIREZ_MORALES_Santiago,COL,10009039774.0,25.6,23.885,23.727,4.0,
3599,Berlin,2020,2020-02-27,WCH,Rep,3,5,SPIES_Jean,RSA,10007351671.0,30.3,17.397000000000002,17.252,5.0,
3600,Berlin,2020,2020-02-27,WCH,Rep,4,1,KENNY_Jason,GBR,10004599194.0,31.9,31.384000000000004,31.508,1.0,
3601,Berlin,2020,2020-02-27,WCH,Rep,4,2,WEBSTER_Sam,NZL,10006184742.0,28.6,29.424999999999997,29.484,2.0,
3602,Berlin,2020,2020-02-27,WCH,Rep,4,3,CANELON_VERA_Hersony_Gadiel,VEN,10004717719.0,31.2,24.605,24.683,4.0,
3603,Berlin,2020,2020-02-27,WCH,Rep,4,4,BOS_Theo,NED,10050887493.0,36.5,28.658,28.313,3.0,
3604,Berlin,2020,2020-02-27,WCH,R2,1,1,LAVREYSEN_Harrie,NED,10009535686.0,23.0,32.137,32.482,1.0,
3605,Berlin,2020,2020-02-27,WCH,R2,1,2,VIGIER_Sébastien,FRA,10010678569.0,22.9,31.439,31.599000000000004,2.0,
3606,Berlin,2020,2020-02-27,WCH,R2,1,3,PONOMARYOV_Sergey,KAZ,10010797292.0,21.9,24.922,25.56,6.0,
3607,Berlin,2020,2020-02-27,WCH,R2,1,4,CARLIN_Jack,GBR,10009967641.0,22.8,30.317999999999998,30.259999999999998,3.0,
3608,Berlin,2020,2020-02-27,WCH,R2,1,5,KAWABATA_Tomoyuki,JPN,10008098470.0,35.1,28.721,28.644000000000002,5.0,
3609,Berlin,2020,2020-02-27,WCH,R2,1,6,WEBSTER_Sam,NZL,10006184742.0,28.6,29.484,29.143,4.0,
3610,Berlin,2020,2020-02-27,WCH,R2,2,1,BÜCHLI_Matthijs,NED,10006900421.0,27.2,33.188,33.315,1.0,
3611,Berlin,2020,2020-02-27,WCH,R2,2,2,WAKIMOTO_Yuta,JPN,10005964470.0,30.9,29.233,29.365000000000002,3.0,
3612,Berlin,2020,2020-02-27,WCH,R2,2,3,HELAL_Rayan,FRA,10015683567.0,21.1,26.251,26.686,6.0,
3613,Berlin,2020,2020-02-27,WCH,R2,2,4,KENNY_Jason,GBR,10004599194.0,31.9,31.508,31.417999999999996,2.0,
3614,Berlin,2020,2020-02-27,WCH,R2,2,5,MAKSEL_Krzysztof,POL,10006902239.0,28.7,28.131,28.07,5.0,
3615,Berlin,2020,2020-02-27,WCH,R2,2,6,ANGSUTHASAWIT_Jai,AUS,10009009159.0,25.0,28.938,28.557,4.0,
3616,Berlin,2020,2020-02-27,WCH,R2,3,1,NITTA_Yudai,JPN,10005727327.0,34.1,27.328000000000003,27.566,4.0,
3617,Berlin,2020,2020-02-27,WCH,R2,3,2,AWANG_Mohd_Azizulhasni,MAS,10004868370.0,32.1,29.865,29.924,2.0,
3618,Berlin,2020,2020-02-27,WCH,R2,3,3,HOOGLAND_Jeffrey,NED,10007379761.0,27.0,23.099999999999998,23.994999999999997,6.0,
3619,Berlin,2020,2020-02-27,WCH,R2,3,4,BÖTTICHER_Stefan,GER,10048325582.0,28.1,31.982999999999997,31.739,1.0,
3620,Berlin,2020,2020-02-27,WCH,R2,3,5,DMITRIEV_Denis,RUS,10003100142.0,33.9,28.051,27.927,3.0,
3621,Berlin,2020,2020-02-27,WCH,R2,3,6,KANG_Shih_Feng,TPE,10010608447.0,22.7,23.153000000000002,23.016,5.0,
3622,Berlin,2020,2020-02-27,WCH,R3,1,1,WAKIMOTO_Yuta,JPN,10005964470.0,30.9,29.365000000000002,29.575,4.0,
3623,Berlin,2020,2020-02-27,WCH,R3,1,2,PONOMARYOV_Sergey,KAZ,10010797292.0,21.9,25.56,26.328,5.0,
3624,Berlin,2020,2020-02-27,WCH,R3,1,3,LAVREYSEN_Harrie,NED,10009535686.0,23.0,32.482,32.413,1.0,
3625,Berlin,2020,2020-02-27,WCH,R3,1,4,KENNY_Jason,GBR,10004599194.0,31.9,31.417999999999996,31.349,3.0,
3626,Berlin,2020,2020-02-27,WCH,R3,1,5,VIGIER_Sébastien,FRA,10010678569.0,22.9,31.599000000000004,31.298000000000002,2.0,
3627,Berlin,2020,2020-02-27,WCH,R3,1,6,HOOGLAND_Jeffrey,NED,10007379761.0,27.0,23.994999999999997,23.567999999999998,6.0,
3628,Berlin,2020,2020-02-27,WCH,R3,2,1,AWANG_Mohd_Azizulhasni,MAS,10004868370.0,32.1,29.924,30.130000000000003,4.0,
3629,Berlin,2020,2020-02-27,WCH,R3,2,2,BÖTTICHER_Stefan,GER,10048325582.0,28.1,31.739,31.864000000000004,2.0,
3630,Berlin,2020,2020-02-27,WCH,R3,2,3,CARLIN_Jack,GBR,10009967641.0,22.8,30.259999999999998,30.329000000000004,3.0,
3631,Berlin,2020,2020-02-27,WCH,R3,2,4,BÜCHLI_Matthijs,NED,10006900421.0,27.2,33.315,33.202999999999996,1.0,
3632,Berlin,2020,2020-02-27,WCH,R3,2,5,NITTA_Yudai,JPN,10005727327.0,34.1,27.566,27.533,5.0,
3633,Berlin,2020,2020-02-27,WCH,R3,2,6,HELAL_Rayan,FRA,10015683567.0,21.1,26.686,26.267,6.0,
3634,Berlin,2020,2020-02-27,WCH,Final,1,1,LAVREYSEN_Harrie,NED,10009535686.0,23.0,32.413,32.726,1.0,
3635,Berlin,2020,2020-02-27,WCH,Final,1,2,WAKIMOTO_Yuta,JPN,10005964470.0,30.9,29.575,29.715,5.0,
3636,Berlin,2020,2020-02-27,WCH,Final,1,3,AWANG_Mohd_Azizulhasni,MAS,10004868370.0,32.1,30.130000000000003,30.179000000000002,4.0,
3637,Berlin,2020,2020-02-27,WCH,Final,1,4,CARLIN_Jack,GBR,10009967641.0,22.8,30.329000000000004,30.297000000000004,3.0,
3638,Berlin,2020,2020-02-27,WCH,Final,1,5,BÖTTICHER_Stefan,GER,10048325582.0,28.1,31.864000000000004,31.631,2.0,
3639,Berlin,2020,2020-02-27,WCH,Final,1,6,PONOMARYOV_Sergey,KAZ,10010797292.0,21.9,26.328,25.967000000000002,6.0,
3640,Berlin,2020,2020-02-27,WCH,Final,2,1,HOOGLAND_Jeffrey,NED,10007379761.0,27.0,23.567999999999998,25.137999999999998,6.0,
3641,Berlin,2020,2020-02-27,WCH,Final,2,2,KENNY_Jason,GBR,10004599194.0,31.9,31.349,31.415,2.0,
3642,Berlin,2020,2020-02-27,WCH,Final,2,3,HELAL_Rayan,FRA,10015683567.0,21.1,26.267,26.663,5.0,
3643,Berlin,2020,2020-02-27,WCH,Final,2,4,VIGIER_Sébastien,FRA,10010678569.0,22.9,31.298000000000002,31.165,3.0,
3644,Berlin,2020,2020-02-27,WCH,Final,2,5,BÜCHLI_Matthijs,NED,10006900421.0,27.2,33.202999999999996,33.016,1.0,
3645,Berlin,2020,2020-02-27,WCH,Final,2,6,NITTA_Yudai,JPN,10005727327.0,34.1,27.533,27.392,4.0,
3646,Milton,2020,2020-10-25,WC,R1,1,1,SZALONTAY_Sándor,HUN,10007073506.0,30.334246575342465,21.46,21.871000000000002,4.0,
3647,Milton,2020,2020-10-25,WC,R1,1,2,QUINTERO_CHAVARRO_Kevin_Santiago,COL,10010830840.0,22.008219178082193,27.319,27.369,2.0,
3648,Milton,2020,2020-10-25,WC,R1,1,3,PERKINS_Shane_Alan,RVL,10051694112.0,120.9013698630137,27.663,27.601999999999997,1.0,
3649,Milton,2020,2020-10-25,WC,R1,1,4,BRISTER_James,AUS,10011146694.0,,20.090000000000003,20.479999999999997,5.0,
3650,Milton,2020,2020-10-25,WC,R1,1,5,STOVBETSKYI_Dmytro,UKR,10090555241.0,120.9013698630137,18.698,18.765,6.0,
3651,Milton,2020,2020-10-25,WC,R1,1,6,VORZHEV_Pavel,KAZ,10007828183.0,120.9013698630137,22.107999999999997,21.69,3.0,
3652,Milton,2020,2020-10-25,WC,R1,2,1,ANGSUTHASAWIT_Jai,THA,10009009159.0,25.706849315068492,28.557,28.794,1.0,
3653,Milton,2020,2020-10-25,WC,R1,2,2,BROWNE_Kwesi,TTO,10009010876.0,26.75068493150685,25.545,25.651000000000003,2.0,
3654,Milton,2020,2020-10-25,WC,R1,2,3,PERALTA_Juan,ESP,10006552534.0,30.46301369863014,24.801000000000002,24.815,3.0,
3655,Milton,2020,2020-10-25,WC,R1,2,4,DUBCHENKO_Aleksandr,RUS,10007772108.0,,22.445,22.412000000000003,4.0,
3656,Milton,2020,2020-10-25,WC,R1,2,5,BIANCHI_Matteo,ITA,10028995102.0,19.024657534246575,4.988999999999999,10.637,6.0,
3657,Milton,2020,2020-10-25,WC,R1,2,6,NOVIK_Uladzislau,BLR,10009049979.0,25.589041095890412,21.791,21.325,5.0,
3658,Milton,2020,2020-10-25,WC,R1,3,1,EILERS_Joachim,GER,10006379247.0,30.586301369863012,31.189,31.330000000000002,1.0,
3659,Milton,2020,2020-10-25,WC,R1,3,2,MATSUI_Koyu,JPN,10090680735.0,28.104109589041094,25.02,25.601,4.0,
3660,Milton,2020,2020-10-25,WC,R1,3,3,HELAL_Rayan,FRA,10015683567.0,21.775342465753425,26.663,26.737,3.0,
3661,Milton,2020,2020-10-25,WC,R1,3,4,KANG_Shih_Feng,TPE,10010608447.0,120.9013698630137,23.016,23.106,5.0,
3662,Milton,2020,2020-10-25,WC,R1,3,5,KELEMEN_Pavel,CZE,10006422895.0,120.9013698630137,27.749000000000002,27.570999999999998,2.0,
3663,Milton,2020,2020-10-25,WC,R1,3,6,ZHOU_Yu,CHN,10052089586.0,21.81917808219178,19.839000000000002,19.474,6.0,
3664,Milton,2020,2020-10-25,WC,R1,4,1,LENDEL_Vasilijus,LTU,10009181234.0,25.564383561643837,24.385,24.594,3.0,
3665,Milton,2020,2020-10-25,WC,R1,4,2,SARNECKI_Rafal,POL,10005953154.0,30.816438356164383,22.349999999999998,23.064,5.0,
3666,Milton,2020,2020-10-25,WC,R1,4,3,CANELON_VERA_Hersony_Gadiel,VEN,10004717719.0,31.9013698630137,24.683,24.698999999999998,2.0,
3667,Milton,2020,2020-10-25,WC,R1,4,4,MELLEN_James,USA,10009504667.0,,4.35,12.669999999999998,6.0,
3668,Milton,2020,2020-10-25,WC,R1,4,5,BARRETTE_Hugo,CAN,10007212639.0,29.33150684931507,26.79,26.607,1.0,
3669,Milton,2020,2020-10-25,WC,R1,4,6,ARCHAMBAULT_Joel,PTM,10009307435.0,120.9013698630137,23.255,22.593,4.0,
3670,Milton,2020,2020-10-25,WC,Rep,1,1,PERKINS_Shane_Alan,RVL,10051694112.0,120.9013698630137,27.601999999999997,27.73,1.0,
3671,Milton,2020,2020-10-25,WC,Rep,1,2,KELEMEN_Pavel,CZE,10006422895.0,120.9013698630137,27.570999999999998,27.543,2.0,
3672,Milton,2020,2020-10-25,WC,Rep,1,3,NOVIK_Uladzislau,BLR,10009049979.0,25.589041095890412,21.325,21.316,3.0,
3673,Milton,2020,2020-10-25,WC,Rep,1,4,MELLEN_James,USA,10009504667.0,,12.669999999999998,12.102999999999998,4.0,
3674,Milton,2020,2020-10-25,WC,Rep,2,1,PERALTA_Juan,ESP,10006552534.0,30.46301369863014,24.815,24.928,1.0,
3675,Milton,2020,2020-10-25,WC,Rep,2,2,VORZHEV_Pavel,KAZ,10007828183.0,120.9013698630137,21.69,21.835,3.0,
3676,Milton,2020,2020-10-25,WC,Rep,2,3,KANG_Shih_Feng,TPE,10010608447.0,120.9013698630137,23.106,22.985999999999997,2.0,
3677,Milton,2020,2020-10-25,WC,Rep,2,4,BIANCHI_Matteo,ITA,10028995102.0,19.024657534246575,10.637,10.129999999999999,4.0,
3678,Milton,2020,2020-10-25,WC,Rep,3,1,HELAL_Rayan,FRA,10015683567.0,21.775342465753425,26.737,26.994,1.0,
3679,Milton,2020,2020-10-25,WC,Rep,3,2,DUBCHENKO_Aleksandr,RUS,10007772108.0,,22.412000000000003,22.585,3.0,
3680,Milton,2020,2020-10-25,WC,Rep,3,3,ARCHAMBAULT_Joel,PTM,10009307435.0,120.9013698630137,22.593,22.483,2.0,
3681,Milton,2020,2020-10-25,WC,Rep,3,4,STOVBETSKYI_Dmytro,UKR,10090555241.0,120.9013698630137,18.765,18.270000000000003,4.0,
3682,Milton,2020,2020-10-25,WC,Rep,4,1,BRISTER_James,AUS,10011146694.0,,20.479999999999997,22.142999999999997,3.0,
3683,Milton,2020,2020-10-25,WC,Rep,4,2,CANELON_VERA_Hersony_Gadiel,VEN,10004717719.0,31.9013698630137,24.698999999999998,24.754,2.0,
3684,Milton,2020,2020-10-25,WC,Rep,4,3,BARRETTE_Hugo,CAN,10007212639.0,29.33150684931507,26.607,26.507,1.0,
3685,Milton,2020,2020-10-25,WC,Rep,4,4,ZHOU_Yu,CHN,10052089586.0,21.81917808219178,19.474,19.189,4.0,
3686,Milton,2020,2020-10-25,WC,R2,1,1,LENDEL_Vasilijus,LTU,10009181234.0,25.564383561643837,24.594,24.86,5.0,
3687,Milton,2020,2020-10-25,WC,R2,1,2,PERKINS_Shane_Alan,RVL,10051694112.0,120.9013698630137,27.73,27.811999999999998,1.0,
3688,Milton,2020,2020-10-25,WC,R2,1,3,MATSUI_Koyu,JPN,10090680735.0,28.104109589041094,25.601,25.759,4.0,
3689,Milton,2020,2020-10-25,WC,R2,1,4,HELAL_Rayan,FRA,10015683567.0,21.775342465753425,26.994,26.839,2.0,
3690,Milton,2020,2020-10-25,WC,R2,1,5,BROWNE_Kwesi,TTO,10009010876.0,26.75068493150685,25.651000000000003,25.534000000000002,3.0,
3691,Milton,2020,2020-10-25,WC,R2,1,6,SZALONTAY_Sándor,HUN,10007073506.0,30.334246575342465,21.871000000000002,21.716,6.0,
3692,Milton,2020,2020-10-25,WC,R2,2,1,EILERS_Joachim,GER,10006379247.0,30.586301369863012,31.330000000000002,31.481,1.0,
3693,Milton,2020,2020-10-25,WC,R2,2,2,QUINTERO_CHAVARRO_Kevin_Santiago,COL,10010830840.0,22.008219178082193,27.369,27.560000000000002,3.0,
3694,Milton,2020,2020-10-25,WC,R2,2,3,SARNECKI_Rafal,POL,10005953154.0,30.816438356164383,23.064,23.757,5.0,
3695,Milton,2020,2020-10-25,WC,R2,2,4,ANGSUTHASAWIT_Jai,THA,10009009159.0,25.706849315068492,28.794,28.627,2.0,
3696,Milton,2020,2020-10-25,WC,R2,2,5,PERALTA_Juan,ESP,10006552534.0,30.46301369863014,24.928,24.874,4.0,
3697,Milton,2020,2020-10-25,WC,R2,2,6,BRISTER_James,AUS,10011146694.0,,22.142999999999997,21.294999999999998,6.0,
3698,Milton,2020,2020-10-25,WC,Final,1,1,EILERS_Joachim,GER,10006379247.0,30.586301369863012,31.481,31.627999999999997,1.0,
3699,Milton,2020,2020-10-25,WC,Final,1,2,QUINTERO_CHAVARRO_Kevin_Santiago,COL,10010830840.0,22.008219178082193,27.560000000000002,27.739,3.0,
3700,Milton,2020,2020-10-25,WC,Final,1,3,SARNECKI_Rafal,POL,10005953154.0,30.816438356164383,23.757,24.305999999999997,6.0,
3701,Milton,2020,2020-10-25,WC,Final,1,4,LENDEL_Vasilijus,LTU,10009181234.0,25.564383561643837,24.86,24.903,5.0,
3702,Milton,2020,2020-10-25,WC,Final,1,5,MATSUI_Koyu,JPN,10090680735.0,28.104109589041094,25.759,25.519000000000002,4.0,
3703,Milton,2020,2020-10-25,WC,Final,1,6,PERKINS_Shane_Alan,RVL,10051694112.0,120.9013698630137,27.811999999999998,27.566,2.0,
3704,Milton,2020,2020-10-25,WC,Final,2,1,HELAL_Rayan,FRA,10015683567.0,21.775342465753425,26.839,27.281,2.0,
3705,Milton,2020,2020-10-25,WC,Final,2,2,ANGSUTHASAWIT_Jai,THA,10009009159.0,25.706849315068492,28.627,28.686,1.0,
3706,Milton,2020,2020-10-25,WC,Final,2,3,SZALONTAY_Sándor,HUN,10007073506.0,30.334246575342465,21.716,21.923000000000002,5.0,
3707,Milton,2020,2020-10-25,WC,Final,2,4,BROWNE_Kwesi,TTO,10009010876.0,26.75068493150685,25.534000000000002,25.489,3.0,
3708,Milton,2020,2020-10-25,WC,Final,2,5,PERALTA_Juan,ESP,10006552534.0,30.46301369863014,24.874,24.775000000000002,4.0,
3709,Milton,2020,2020-10-25,WC,Final,2,6,BRISTER_James,AUS,10011146694.0,,21.294999999999998,20.47,6.0,
3710,Shizuoka,2020,2021-08-07,OLY,R1,1,1,HELAL_Rayan,FRA,10015683567.0,22.55890410958904,27.281,27.835,4.0,
3711,Shizuoka,2020,2021-08-07,OLY,R1,1,2,LEVY_Maximilian,GER,10004601723.0,,31.784,31.811,1.0,
3712,Shizuoka,2020,2021-08-07,OLY,R1,1,3,BROWNE_Kwesi,TTO,10009010876.0,27.534246575342465,25.489,25.643,5.0,
3713,Shizuoka,2020,2021-08-07,OLY,R1,1,4,KENNY_Jason,GBR,10004599194.0,,31.415,31.284,2.0,
3714,Shizuoka,2020,2021-08-07,OLY,R1,1,5,WEBSTER_Sam,NZL,10006184742.0,30.08219178082192,29.143,28.884,3.0,
3715,Shizuoka,2020,2021-08-07,OLY,R1,1,6,GLADYSHEV_Ivan,RUS,,19.997260273972604,9.0,7.009999999999998,6.0,
3716,Shizuoka,2020,2021-08-07,OLY,R1,2,1,CARLIN_Jack,GBR,10009967641.0,24.306849315068494,30.297000000000004,30.516,2.0,
3717,Shizuoka,2020,2021-08-07,OLY,R1,2,2,RICHARDSON_Matthew,AUS,10015145724.0,22.323287671232876,24.218,25.151,6.0,
3718,Shizuoka,2020,2021-08-07,OLY,R1,2,3,BÜCHLI_Matthijs,NED,10006900421.0,,33.016,32.924,1.0,
3719,Shizuoka,2020,2021-08-07,OLY,R1,2,4,BARRETTE_Hugo,CAN,10007212639.0,30.115068493150684,26.507,26.526000000000003,3.0,
3720,Shizuoka,2020,2021-08-07,OLY,R1,2,5,PONOMARYOV_Sergey,KAZ,10010797292.0,23.328767123287673,25.967000000000002,25.78,4.0,
3721,Shizuoka,2020,2021-08-07,OLY,R1,2,6,SAHROM_Muhammad_Shah_Firdaus,MAS,10009150215.0,25.715068493150685,25.034,24.837999999999997,5.0,
3722,Shizuoka,2020,2021-08-07,OLY,R1,3,1,AWANG_Mohd_Azizulhasni,MAS,10004868370.0,121.68493150684931,30.179000000000002,30.298000000000002,3.0,
3723,Shizuoka,2020,2021-08-07,OLY,R1,3,2,PAUL_Nicholas,TTO,10010821241.0,22.887671232876713,15.681000000000001,21.261000000000003,6.0,
3724,Shizuoka,2020,2021-08-07,OLY,R1,3,3,RAJKOWSKI_Patryk,POL,10009176281.0,25.473972602739725,24.043,24.277,4.0,
3725,Shizuoka,2020,2021-08-07,OLY,R1,3,4,BÖTTICHER_Stefan,GER,10048325582.0,29.534246575342465,31.631,31.369000000000003,1.0,
3726,Shizuoka,2020,2021-08-07,OLY,R1,3,5,SPIES_Jean,RSA,10007351671.0,31.715068493150685,17.252,17.811,5.0,
3727,Shizuoka,2020,2021-08-07,OLY,R1,3,6,VIGIER_Sébastien,FRA,10010678569.0,24.32054794520548,31.165,30.577,2.0,
3728,Shizuoka,2020,2021-08-07,OLY,R1,4,1,NITTA_Yudai,JPN,10005727327.0,121.68493150684931,27.392,27.622999999999998,4.0,
3729,Shizuoka,2020,2021-08-07,OLY,R1,4,2,DMITRIEV_Denis,RUS,10003100142.0,35.4,27.927,28.066,3.0,
3730,Shizuoka,2020,2021-08-07,OLY,R1,4,3,GLAETZER_Matthew,AUS,10006894559.0,28.972602739726028,32.675,32.581,2.0,
3731,Shizuoka,2020,2021-08-07,OLY,R1,4,4,XU_Chao,CHN,10007947011.0,,22.848,23.122999999999998,5.0,
3732,Shizuoka,2020,2021-08-07,OLY,R1,4,5,LAVREYSEN_Harrie,NED,10009535686.0,24.416438356164385,32.726,32.237,1.0,
3733,Shizuoka,2020,2021-08-07,OLY,R1,4,6,RUDYK_Mateusz,POL,10009079382.0,26.068493150684933,9.0,7.057,6.0,
3734,Shizuoka,2020,2021-08-07,OLY,R1,5,1,WAKIMOTO_Yuta,JPN,10005964470.0,121.68493150684931,29.715,29.869999999999997,1.0,
3735,Shizuoka,2020,2021-08-07,OLY,R1,5,2,SAUNDERS_Callum,NZL,10009012391.0,121.68493150684931,28.628999999999998,28.898,2.0,
3736,Shizuoka,2020,2021-08-07,OLY,R1,5,3,QUINTERO_CHAVARRO_Kevin_Santiago,COL,10010830840.0,22.791780821917808,27.739,27.776,3.0,
3737,Shizuoka,2020,2021-08-07,OLY,R1,5,4,BÁBEK_Tomáš,CZE,10004612534.0,34.2,27.41,27.341,4.0,
3738,Shizuoka,2020,2021-08-07,OLY,R1,5,5,WAMMES_Nick,CAN,10015713273.0,21.81095890410959,20.298,20.205000000000002,5.0,
3739,Shizuoka,2020,2021-08-07,OLY,R1,5,6,TJON_EN_FA_Jaïr,SUR,10117936018.0,27.81917808219178,17.865,17.517,6.0,
3740,Shizuoka,2020,2021-08-07,OLY,Rep,1,1,BROWNE_Kwesi,TTO,10009010876.0,27.534246575342465,25.643,25.89,3.0,
3741,Shizuoka,2020,2021-08-07,OLY,Rep,1,2,SAHROM_Muhammad_Shah_Firdaus,MAS,10009150215.0,25.715068493150685,24.837999999999997,25.041,4.0,
3742,Shizuoka,2020,2021-08-07,OLY,Rep,1,3,VIGIER_Sébastien,FRA,10010678569.0,24.32054794520548,30.577,30.392999999999997,1.0,
3743,Shizuoka,2020,2021-08-07,OLY,Rep,1,4,BÁBEK_Tomáš,CZE,10004612534.0,34.2,27.341,27.233,2.0,
3744,Shizuoka,2020,2021-08-07,OLY,Rep,1,5,XU_Chao,CHN,10007947011.0,,23.122999999999998,22.89,5.0,
3745,Shizuoka,2020,2021-08-07,OLY,Rep,2,1,KENNY_Jason,GBR,10004599194.0,,31.284,31.447,3.0,
3746,Shizuoka,2020,2021-08-07,OLY,Rep,2,2,BÖTTICHER_Stefan,GER,10048325582.0,29.534246575342465,31.369000000000003,31.424,2.0,
3747,Shizuoka,2020,2021-08-07,OLY,Rep,2,3,BÜCHLI_Matthijs,NED,10006900421.0,,32.924,32.818,1.0,
3748,Shizuoka,2020,2021-08-07,OLY,Rep,2,4,RUDYK_Mateusz,POL,10009079382.0,26.068493150684933,7.057,14.386999999999999,5.0,
3749,Shizuoka,2020,2021-08-07,OLY,Rep,2,5,WAMMES_Nick,CAN,10015713273.0,21.81095890410959,20.205000000000002,19.357999999999997,4.0,
3750,Shizuoka,2020,2021-08-07,OLY,Rep,3,1,LAVREYSEN_Harrie,NED,10009535686.0,24.416438356164385,32.237,32.355999999999995,1.0,
3751,Shizuoka,2020,2021-08-07,OLY,Rep,3,2,TJON_EN_FA_Jaïr,SUR,10117936018.0,27.81917808219178,17.517,18.990000000000002,5.0,
3752,Shizuoka,2020,2021-08-07,OLY,Rep,3,3,WEBSTER_Sam,NZL,10006184742.0,30.08219178082192,28.884,28.764,2.0,
3753,Shizuoka,2020,2021-08-07,OLY,Rep,3,4,BARRETTE_Hugo,CAN,10007212639.0,30.115068493150684,26.526000000000003,26.451,3.0,
3754,Shizuoka,2020,2021-08-07,OLY,Rep,3,5,RAJKOWSKI_Patryk,POL,10009176281.0,25.473972602739725,24.277,24.038,4.0,
3755,Shizuoka,2020,2021-08-07,OLY,Rep,4,1,GLAETZER_Matthew,AUS,10006894559.0,28.972602739726028,32.581,32.652,1.0,
3756,Shizuoka,2020,2021-08-07,OLY,Rep,4,2,QUINTERO_CHAVARRO_Kevin_Santiago,COL,10010830840.0,22.791780821917808,27.776,27.859,2.0,
3757,Shizuoka,2020,2021-08-07,OLY,Rep,4,3,PONOMARYOV_Sergey,KAZ,10010797292.0,23.328767123287673,25.78,25.717000000000002,3.0,
3758,Shizuoka,2020,2021-08-07,OLY,Rep,4,4,GLADYSHEV_Ivan,RUS,,19.997260273972604,7.009999999999998,12.497,5.0,
3759,Shizuoka,2020,2021-08-07,OLY,Rep,4,5,SPIES_Jean,RSA,10007351671.0,31.715068493150685,17.811,17.514,4.0,
3760,Shizuoka,2020,2021-08-08,OLY,R2,2,1,QUINTERO_CHAVARRO_Kevin_Santiago,COL,10010830840.0,22.794520547945204,27.859,28.22,3.0,
3761,Shizuoka,2020,2021-08-08,OLY,R2,1,2,KENNY_Jason,GBR,10004599194.0,,31.447,31.508000000000003,2.0,
3762,Shizuoka,2020,2021-08-08,OLY,R2,1,3,HELAL_Rayan,FRA,10015683567.0,22.561643835616437,27.835,28.025,4.0,
3763,Shizuoka,2020,2021-08-08,OLY,R2,1,4,LAVREYSEN_Harrie,NED,10009535686.0,24.41917808219178,32.355999999999995,32.141,1.0,
3764,Shizuoka,2020,2021-08-08,OLY,R2,1,5,RICHARDSON_Matthew,AUS,10015145724.0,22.326027397260273,25.151,25.136000000000003,6.0,
3765,Shizuoka,2020,2021-08-08,OLY,R2,1,6,NITTA_Yudai,JPN,10005727327.0,121.68767123287671,27.622999999999998,27.454,5.0,
3766,Shizuoka,2020,2021-08-08,OLY,R2,2,1,PAUL_Nicholas,TTO,10010821241.0,22.89041095890411,21.261000000000003,25.165,5.0,
3767,Shizuoka,2020,2021-08-08,OLY,R2,2,2,CARLIN_Jack,GBR,10009967641.0,24.30958904109589,30.516,30.572000000000003,2.0,
3768,Shizuoka,2020,2021-08-08,OLY,R2,2,3,TJON_EN_FA_Jaïr,SUR,10117936018.0,27.82191780821918,18.990000000000002,20.191,6.0,
3769,Shizuoka,2020,2021-08-08,OLY,R2,2,4,LEVY_Maximilian,GER,10004601723.0,,31.811,31.635,1.0,
3770,Shizuoka,2020,2021-08-08,OLY,R2,2,5,SAUNDERS_Callum,NZL,10009012391.0,121.68767123287671,28.898,28.384999999999998,3.0,
3771,Shizuoka,2020,2021-08-08,OLY,R2,2,6,SAHROM_Muhammad_Shah_Firdaus,MAS,10009150215.0,25.71780821917808,25.041,24.866,4.0,
3772,Shizuoka,2020,2021-08-08,OLY,R2,3,1,WAKIMOTO_Yuta,JPN,10005964470.0,121.68767123287671,29.869999999999997,30.061,4.0,
3773,Shizuoka,2020,2021-08-08,OLY,R2,3,2,AWANG_Mohd_Azizulhasni,MAS,10004868370.0,121.68767123287671,30.298000000000002,30.386000000000003,3.0,
3774,Shizuoka,2020,2021-08-08,OLY,R2,3,3,BROWNE_Kwesi,TTO,10009010876.0,27.53698630136986,25.89,26.072,6.0,
3775,Shizuoka,2020,2021-08-08,OLY,R2,3,4,GLAETZER_Matthew,AUS,10006894559.0,28.975342465753425,32.652,32.543,1.0,
3776,Shizuoka,2020,2021-08-08,OLY,R2,3,5,BÖTTICHER_Stefan,GER,10048325582.0,29.53698630136986,31.424,31.21,2.0,
3777,Shizuoka,2020,2021-08-08,OLY,R2,3,6,DMITRIEV_Denis,RUS,10003100142.0,35.4027397260274,28.066,27.897,5.0,
3778,Shizuoka,2020,2021-08-08,OLY,R3,1,1,KENNY_Jason,GBR,10004599194.0,,31.508000000000003,31.667,2.0,
3779,Shizuoka,2020,2021-08-08,OLY,R3,1,2,GLAETZER_Matthew,AUS,10006894559.0,28.975342465753425,32.543,32.554,1.0,
3780,Shizuoka,2020,2021-08-08,OLY,R3,1,3,TJON_EN_FA_Jaïr,SUR,10117936018.0,27.82191780821918,20.191,21.206,6.0,
3781,Shizuoka,2020,2021-08-08,OLY,R3,1,4,CARLIN_Jack,GBR,10009967641.0,24.30958904109589,30.572000000000003,30.445999999999998,3.0,
3782,Shizuoka,2020,2021-08-08,OLY,R3,1,5,BROWNE_Kwesi,TTO,10009010876.0,27.53698630136986,26.072,26.031000000000002,5.0,
3783,Shizuoka,2020,2021-08-08,OLY,R3,1,6,QUINTERO_CHAVARRO_Kevin_Santiago,COL,10010830840.0,22.794520547945204,28.22,27.934,4.0,
3784,Shizuoka,2020,2021-08-08,OLY,R3,2,1,AWANG_Mohd_Azizulhasni,MAS,10004868370.0,121.68767123287671,30.386000000000003,30.575,3.0,
3785,Shizuoka,2020,2021-08-08,OLY,R3,2,2,LEVY_Maximilian,GER,10004601723.0,,31.635,31.735,2.0,
3786,Shizuoka,2020,2021-08-08,OLY,R3,2,3,LAVREYSEN_Harrie,NED,10009535686.0,24.41917808219178,32.141,32.119,1.0,
3787,Shizuoka,2020,2021-08-08,OLY,R3,2,4,HELAL_Rayan,FRA,10015683567.0,22.561643835616437,28.025,28.09,5.0,
3788,Shizuoka,2020,2021-08-08,OLY,R3,2,5,WAKIMOTO_Yuta,JPN,10005964470.0,121.68767123287671,30.061,29.962,4.0,
3789,Shizuoka,2020,2021-08-08,OLY,R3,2,9,PAUL_Nicholas,TTO,10010821241.0,22.89041095890411,25.165,23.846,6.0,
3790,Shizuoka,2020,2021-08-08,OLY,Final,1,1,KENNY_Jason,GBR,10004599194.0,,31.667,31.851,4.0,
3791,Shizuoka,2020,2021-08-08,OLY,Final,1,2,AWANG_Mohd_Azizulhasni,MAS,10004868370.0,121.68767123287671,30.575,30.673000000000002,5.0,
3792,Shizuoka,2020,2021-08-08,OLY,Final,1,3,LAVREYSEN_Harrie,NED,10009535686.0,24.41917808219178,32.119,32.09,2.0,
3793,Shizuoka,2020,2021-08-08,OLY,Final,1,4,TJON_EN_FA_Jaïr,SUR,10117936018.0,27.82191780821918,21.206,21.987000000000002,6.0,
3794,Shizuoka,2020,2021-08-08,OLY,Final,1,5,GLAETZER_Matthew,AUS,10006894559.0,28.975342465753425,32.554,32.39,1.0,
3795,Shizuoka,2020,2021-08-08,OLY,Final,1,6,LEVY_Maximilian,GER,10004601723.0,,31.735,31.455,3.0,
3796,Shizuoka,2020,2021-08-08,OLY,Final,2,1,WAKIMOTO_Yuta,JPN,10005964470.0,121.68767123287671,29.962,30.112,2.0,
3797,Shizuoka,2020,2021-08-08,OLY,Final,2,2,CARLIN_Jack,GBR,10009967641.0,24.30958904109589,30.445999999999998,30.495,1.0,
3798,Shizuoka,2020,2021-08-08,OLY,Final,2,3,BROWNE_Kwesi,TTO,10009010876.0,27.53698630136986,26.031000000000002,26.122,5.0,
3799,Shizuoka,2020,2021-08-08,OLY,Final,2,4,HELAL_Rayan,FRA,10015683567.0,22.561643835616437,28.09,27.951,3.0,
3800,Shizuoka,2020,2021-08-08,OLY,Final,2,5,QUINTERO_CHAVARRO_Kevin_Santiago,COL,10010830840.0,22.794520547945204,27.934,27.703,4.0,
3801,Roubaix,2021,2021-10-24,WCH,R1,1,1,LAVREYSEN_Harrie,NED,10009535686.0,24.63013698630137,32.09,32.323,1.0,
3802,Roubaix,2021,2021-10-24,WCH,R1,1,2,ANGSUTHASAWIT_Jai,THA,10009009159.0,26.704109589041096,28.686,28.921,2.0,
3803,Roubaix,2021,2021-10-24,WCH,R1,1,3,MARTINEZ_CHORRO_Alejandro,ESP,10011152354.0,23.424657534246574,9.0,21.976,7.0,
3804,Roubaix,2021,2021-10-24,WCH,R1,1,4,TRUMAN_Joseph,GBR,10017950943.0,24.706849315068492,27.245,27.275,3.0,
3805,Roubaix,2021,2021-10-24,WCH,R1,1,5,SAHROM_Muhammad_Shah_Firdaus,MAS,10009150215.0,25.92876712328767,24.866,24.891000000000002,6.0,
3806,Roubaix,2021,2021-10-24,WCH,R1,1,6,BARRETTE_Hugo,CAN,10007212639.0,30.328767123287673,26.451,26.352999999999998,4.0,
3807,Roubaix,2021,2021-10-24,WCH,R1,1,7,LENDEL_Vasilijus,LTU,10009181234.0,26.561643835616437,24.903,24.732,5.0,
3808,Roubaix,2021,2021-10-24,WCH,R1,2,1,YAKOVLEV_Mikhail,RCF,10034964036.0,121.8986301369863,9.0,26.265,5.0,
3809,Roubaix,2021,2021-10-24,WCH,R1,2,2,BÖTTICHER_Stefan,GER,10048325582.0,29.747945205479454,31.21,31.284,1.0,
3810,Roubaix,2021,2021-10-24,WCH,R1,2,3,TURNBULL_Hamish,GBR,10015483305.0,22.2986301369863,9.0,20.59,5.0,
3811,Roubaix,2021,2021-10-24,WCH,R1,2,4,QUINTERO_CHAVARRO_Kevin_Santiago,COL,10010830840.0,23.005479452054793,27.703,27.619,2.0,
3812,Roubaix,2021,2021-10-24,WCH,R1,2,5,JONAUSKAS_Svajūnas,LTU,10009181032.0,,19.756,19.866,3.0,
3813,Roubaix,2021,2021-10-24,WCH,R1,2,6,ZAITSAU_Artsiom,BLR,10009017243.0,26.46849315068493,19.319,18.847,4.0,
3814,Roubaix,2021,2021-10-24,WCH,R1,3,1,HOOGLAND_Jeffrey,NED,10007379761.0,28.627397260273973,25.137999999999998,26.14,4.0,
3815,Roubaix,2021,2021-10-24,WCH,R1,3,2,MATSUI_Koyu,JPN,10090680735.0,29.101369863013698,25.519000000000002,25.967999999999996,3.0,
3816,Roubaix,2021,2021-10-24,WCH,R1,3,3,VIGIER_Sébastien,FRA,10010678569.0,24.534246575342465,30.392999999999997,30.284,1.0,
3817,Roubaix,2021,2021-10-24,WCH,R1,3,4,RAMIREZ_MORALES_Santiago,COL,10009039774.0,27.28219178082192,23.727,23.876,5.0,
3818,Roubaix,2021,2021-10-24,WCH,R1,3,5,PONOMARYOV_Sergey,KAZ,10010797292.0,23.542465753424658,25.717000000000002,25.454,2.0,
3819,Roubaix,2021,2021-10-24,WCH,R1,3,6,VERDUGO_OSUNA_Edgar,MEX,10007890932.0,27.367123287671234,21.134,20.745,6.0,
3820,Roubaix,2021,2021-10-24,WCH,R1,4,1,PAUL_Nicholas,TTO,10010821241.0,23.101369863013698,23.846,25.794,3.0,
3821,Roubaix,2021,2021-10-24,WCH,R1,4,2,TJON_EN_FA_Jaïr,SUR,10117936018.0,28.03287671232877,21.987000000000002,22.733999999999998,4.0,
3822,Roubaix,2021,2021-10-24,WCH,R1,4,3,EILERS_Joachim,GER,10006379247.0,31.583561643835615,31.627999999999997,31.486,1.0,
3823,Roubaix,2021,2021-10-24,WCH,R1,4,4,HELAL_Rayan,FRA,10015683567.0,22.77260273972603,27.951,27.75,2.0,
3824,Roubaix,2021,2021-10-24,WCH,R1,4,5,YAMASAKI_Kento,JPN,10020900955.0,28.87123287671233,9.0,11.847000000000001,5.0,
3825,Roubaix,2021,2021-10-24,WCH,R1,4,6,SPARROW_Mitchell,RSA,10010743439.0,24.350684931506848,9.0,4.497999999999999,5.0,
3826,Roubaix,2021,2021-10-24,WCH,Rep,1,1,HELAL_Rayan,FRA,10015683567.0,22.77260273972603,27.75,28.0,1.0,
3827,Roubaix,2021,2021-10-24,WCH,Rep,1,2,PONOMARYOV_Sergey,KAZ,10010797292.0,23.542465753424658,25.454,25.639,2.0,
3828,Roubaix,2021,2021-10-24,WCH,Rep,1,3,LENDEL_Vasilijus,LTU,10009181234.0,26.561643835616437,24.732,24.735,3.0,
3829,Roubaix,2021,2021-10-24,WCH,Rep,1,4,ZAITSAU_Artsiom,BLR,10009017243.0,26.46849315068493,18.847,19.064,5.0,
3830,Roubaix,2021,2021-10-24,WCH,Rep,1,5,MARTINEZ_CHORRO_Alejandro,ESP,10011152354.0,23.424657534246574,21.976,18.05,4.0,
3831,Roubaix,2021,2021-10-24,WCH,Rep,2,1,BARRETTE_Hugo,CAN,10007212639.0,30.328767123287673,26.352999999999998,26.457,1.0,
3832,Roubaix,2021,2021-10-24,WCH,Rep,2,2,RAMIREZ_MORALES_Santiago,COL,10009039774.0,27.28219178082192,23.876,24.007,2.0,
3833,Roubaix,2021,2021-10-24,WCH,Rep,2,3,JONAUSKAS_Svajūnas,LTU,10009181032.0,,19.866,20.000999999999998,4.0,
3834,Roubaix,2021,2021-10-24,WCH,Rep,2,4,TURNBULL_Hamish,GBR,10015483305.0,22.2986301369863,20.59,17.006,3.0,
3835,Roubaix,2021,2021-10-24,WCH,Rep,3,1,VIGIER_Sébastien,FRA,10010678569.0,24.534246575342465,30.284,30.427999999999997,1.0,
3836,Roubaix,2021,2021-10-24,WCH,Rep,3,2,QUINTERO_CHAVARRO_Kevin_Santiago,COL,10010830840.0,23.005479452054793,27.619,27.638,2.0,
3837,Roubaix,2021,2021-10-24,WCH,Rep,3,3,SAHROM_Muhammad_Shah_Firdaus,MAS,10009150215.0,25.92876712328767,24.891000000000002,24.818,3.0,
3838,Roubaix,2021,2021-10-24,WCH,Rep,3,4,SPARROW_Mitchell,RSA,10010743439.0,24.350684931506848,4.497999999999999,4.446,4.0,
3839,Roubaix,2021,2021-10-24,WCH,Rep,4,1,YAMASAKI_Kento,JPN,10020900955.0,28.87123287671233,11.847000000000001,21.643,4.0,
3840,Roubaix,2021,2021-10-24,WCH,Rep,4,2,EILERS_Joachim,GER,10006379247.0,31.583561643835615,31.486,31.414,1.0,
3841,Roubaix,2021,2021-10-24,WCH,Rep,4,3,VERDUGO_OSUNA_Edgar,MEX,10007890932.0,27.367123287671234,20.745,21.153,3.0,
3842,Roubaix,2021,2021-10-24,WCH,Rep,4,4,TRUMAN_Joseph,GBR,10017950943.0,24.706849315068492,27.275,26.991,2.0,
3843,Roubaix,2021,2021-10-24,WCH,R2,1,1,LAVREYSEN_Harrie,NED,10009535686.0,24.63013698630137,32.323,32.552,1.0,
3844,Roubaix,2021,2021-10-24,WCH,R2,1,2,PAUL_Nicholas,TTO,10010821241.0,23.101369863013698,25.794,27.122999999999998,6.0,
3845,Roubaix,2021,2021-10-24,WCH,R2,1,3,HELAL_Rayan,FRA,10015683567.0,22.77260273972603,28.0,28.141000000000002,3.0,
3846,Roubaix,2021,2021-10-24,WCH,R2,1,4,MATSUI_Koyu,JPN,10090680735.0,29.101369863013698,25.967999999999996,26.13,5.0,
3847,Roubaix,2021,2021-10-24,WCH,R2,1,5,BÖTTICHER_Stefan,GER,10048325582.0,29.747945205479454,31.284,31.044999999999998,2.0,
3848,Roubaix,2021,2021-10-24,WCH,R2,1,6,BARRETTE_Hugo,CAN,10007212639.0,30.328767123287673,26.457,26.331999999999997,4.0,
3849,Roubaix,2021,2021-10-24,WCH,R2,2,1,HOOGLAND_Jeffrey,NED,10007379761.0,28.627397260273973,26.14,27.238999999999997,4.0,
3850,Roubaix,2021,2021-10-24,WCH,R2,2,2,YAKOVLEV_Mikhail,RCF,10034964036.0,121.8986301369863,26.265,28.261000000000003,3.0,
3851,Roubaix,2021,2021-10-24,WCH,R2,2,3,YAMASAKI_Kento,JPN,10020900955.0,28.87123287671233,21.643,24.398000000000003,6.0,
3852,Roubaix,2021,2021-10-24,WCH,R2,2,4,TJON_EN_FA_Jaïr,SUR,10117936018.0,28.03287671232877,22.733999999999998,23.181,5.0,
3853,Roubaix,2021,2021-10-24,WCH,R2,2,5,VIGIER_Sébastien,FRA,10010678569.0,24.534246575342465,30.427999999999997,30.188000000000002,1.0,
3854,Roubaix,2021,2021-10-24,WCH,R2,2,6,ANGSUTHASAWIT_Jai,THA,10009009159.0,26.704109589041096,28.921,28.576999999999998,2.0,
3855,Roubaix,2021,2021-10-24,WCH,Final,1,1,LAVREYSEN_Harrie,NED,10009535686.0,24.63013698630137,32.552,32.802,1.0,
3856,Roubaix,2021,2021-10-24,WCH,Final,1,2,HOOGLAND_Jeffrey,NED,10007379761.0,28.627397260273973,27.238999999999997,27.945,4.0,
3857,Roubaix,2021,2021-10-24,WCH,Final,1,3,YAKOVLEV_Mikhail,RCF,10034964036.0,121.8986301369863,28.261000000000003,28.632,2.0,
3858,Roubaix,2021,2021-10-24,WCH,Final,1,4,PAUL_Nicholas,TTO,10010821241.0,23.101369863013698,27.122999999999998,27.286,5.0,
3859,Roubaix,2021,2021-10-24,WCH,Final,1,5,YAMASAKI_Kento,JPN,10020900955.0,28.87123287671233,24.398000000000003,24.316000000000003,6.0,
3860,Roubaix,2021,2021-10-24,WCH,Final,1,6,HELAL_Rayan,FRA,10015683567.0,22.77260273972603,28.141000000000002,27.845,3.0,
3861,Roubaix,2021,2021-10-24,WCH,Final,2,1,BÖTTICHER_Stefan,GER,10048325582.0,29.747945205479454,31.044999999999998,31.239,1.0,
3862,Roubaix,2021,2021-10-24,WCH,Final,2,2,ANGSUTHASAWIT_Jai,THA,10009009159.0,26.704109589041096,28.576999999999998,28.745,3.0,
3863,Roubaix,2021,2021-10-24,WCH,Final,2,3,BARRETTE_Hugo,CAN,10007212639.0,30.328767123287673,26.331999999999997,26.409,4.0,
3864,Roubaix,2021,2021-10-24,WCH,Final,2,4,VIGIER_Sébastien,FRA,10010678569.0,24.534246575342465,30.188000000000002,30.005000000000003,2.0,
3865,Roubaix,2021,2021-10-24,WCH,Final,2,5,MATSUI_Koyu,JPN,10090680735.0,29.101369863013698,26.13,25.858999999999998,5.0,
3866,Roubaix,2021,2021-10-24,WCH,Final,2,5,TJON_EN_FA_Jaïr,SUR,10117936018.0,28.03287671232877,23.181,23.148,1.0,
3867,Glasgow,2022,2022-04-23,WC,R1,1,1,LAVREYSEN_Harrie,NED,10009535686.0,25.126027397260273,32.802,32.98,1.0,
3868,Glasgow,2022,2022-04-23,WC,R1,1,2,ANGSUTHASAWIT_Jai,THA,10009009159.0,27.2,28.745,28.926,3.0,
3869,Glasgow,2022,2022-04-23,WC,R1,1,3,CARLIN_Jack,GBR,10009967641.0,25.016438356164382,30.495,30.449999999999996,2.0,
3870,Glasgow,2022,2022-04-23,WC,R1,1,4,BROWNE_Kwesi,TTO,10009010876.0,28.243835616438357,26.122,26.110999999999997,4.0,
3871,Glasgow,2022,2022-04-23,WC,R1,1,5,SYDNEY_Je'Land,CAN,10015718327.0,,9.0,14.289,6.0,
3872,Glasgow,2022,2022-04-23,WC,R1,1,6,MARTINEZ_CHORRO_Alejandro,ESP,10011152354.0,23.92054794520548,18.05,16.345,5.0,
3873,Glasgow,2022,2022-04-23,WC,R1,2,1,QUINTERO_CHAVARRO_Kevin_Santiago,COL,10010830840.0,23.5013698630137,27.638,27.765,1.0,
3874,Glasgow,2022,2022-04-23,WC,R1,2,2,TJON_EN_FA_Jaïr,SUR,10117936018.0,28.528767123287672,23.148,23.354999999999997,2.0,
3875,Glasgow,2022,2022-04-23,WC,R1,2,3,SZALONTAY_Sándor,HUN,10007073506.0,31.827397260273973,21.923000000000002,21.942999999999998,3.0,
3876,Glasgow,2022,2022-04-23,WC,R1,2,4,BRETAS_Sotirios,GRE,10006063086.0,32.136986301369866,16.664,16.796,5.0,
3877,Glasgow,2022,2022-04-23,WC,R1,2,5,SPIES_Jean,RSA,10007351671.0,32.42465753424658,17.514,17.183,4.0,
3878,Glasgow,2022,2022-04-23,WC,R1,3,1,RICHARDSON_Matthew,AUS,10015145724.0,23.03287671232877,25.136000000000003,25.868000000000002,3.0,
3879,Glasgow,2022,2022-04-23,WC,R1,3,2,BÁBEK_Tomáš,CZE,10004612534.0,34.90958904109589,27.233,27.305,2.0,
3880,Glasgow,2022,2022-04-23,WC,R1,3,3,TURNBULL_Hamish,TIN,10015483305.0,22.794520547945204,17.006,19.86,6.0,
3881,Glasgow,2022,2022-04-23,WC,R1,3,4,MOHD_ZONIS_Muhammad_Fadhil,MAS,10010645732.0,24.4027397260274,18.93,19.701999999999998,5.0,
3882,Glasgow,2022,2022-04-23,WC,R1,3,5,HELAL_Rayan,FRA,10015683567.0,23.268493150684932,27.845,27.503,1.0,
3883,Glasgow,2022,2022-04-23,WC,R1,3,6,ROWLEY_Conor,IRL,10010664829.0,24.06027397260274,19.580000000000002,18.939,4.0,
3884,Glasgow,2022,2022-04-23,WC,R1,4,1,CORNISH_Thomas,AUS,10055349695.0,22.2,20.673000000000002,21.671999999999997,1.0,
3885,Glasgow,2022,2022-04-23,WC,R1,4,2,SHINZAN_Kyohei,JPN,10007827880.0,28.49041095890411,15.986,17.331000000000003,2.0,
3886,Glasgow,2022,2022-04-23,WC,R1,4,3,DODYK_Ryan,CAN,10064209839.0,25.4,9.0,12.118,3.0,
3887,Glasgow,2022,2022-04-23,WC,R1,4,4,LIVANOS_Konstantinos,GRE,10081023272.0,20.512328767123286,9.0,8.300999999999998,3.0,
3888,Glasgow,2022,2022-04-23,WC,R1,4,5,ROCHNA_Daniel,POL,10015915559.0,22.663013698630138,9.0,2.273999999999999,3.0,
3889,Glasgow,2022,2022-04-23,WC,R1,5,1,SAHROM_Muhammad_Shah_Firdaus,MAS,10009150215.0,26.424657534246574,24.818,25.146,4.0,
3890,Glasgow,2022,2022-04-23,WC,R1,5,2,RAJKOWSKI_Patryk,POL,10009176281.0,26.183561643835617,24.038,24.37,5.0,
3891,Glasgow,2022,2022-04-23,WC,R1,5,3,EILERS_Joachim,GER,10006379247.0,32.07945205479452,31.414,31.302,1.0,
3892,Glasgow,2022,2022-04-23,WC,R1,5,4,ELKATHCHOONGO_David,IND,10095274996.0,18.602739726027398,9.0,18.461,6.0,
3893,Glasgow,2022,2022-04-23,WC,R1,5,5,MATSUI_Koyu,RKD,10090680735.0,29.5972602739726,25.858999999999998,25.654,3.0,
3894,Glasgow,2022,2022-04-23,WC,R1,5,6,TRUMAN_Joseph,GBR,10017950943.0,25.202739726027396,26.991,26.666,2.0,
3895,Glasgow,2022,2022-04-23,WC,R1,6,1,JURCZYK_Marc,GER,10009178002.0,26.27123287671233,24.253,24.668000000000003,1.0,
3896,Glasgow,2022,2022-04-23,WC,R1,6,2,LANDERNEAU_Melvin,FRA,10010713329.0,24.583561643835615,9.0,19.631999999999998,4.0,
3897,Glasgow,2022,2022-04-23,WC,R1,6,3,RAMIREZ_MORALES_Santiago,COL,10009039774.0,27.778082191780822,24.007,24.044,2.0,
3898,Glasgow,2022,2022-04-23,WC,R1,6,4,ESOW_Esow,IND,10050873046.0,21.134246575342466,9.0,14.649,4.0,
3899,Glasgow,2022,2022-04-23,WC,R1,6,5,CSENG?I_Bálint,HUN,10074984418.0,20.46849315068493,9.0,11.807999999999998,4.0,
3900,Glasgow,2022,2022-04-23,WC,R1,6,6,BOHUSLÁVEK_Mat?j,CZE,10009903983.0,23.726027397260275,9.0,8.578,4.0,
3901,Glasgow,2022,2022-04-23,WC,R1,6,7,BIANCHI_Matteo,ITA,10028995102.0,20.517808219178082,10.129999999999999,8.760000000000002,3.0,
3902,Glasgow,2022,2022-04-23,WC,Rep,1,1,MOHD_ZONIS_Muhammad_Fadhil,MAS,10010645732.0,24.4027397260274,19.701999999999998,21.328,4.0,
3903,Glasgow,2022,2022-04-23,WC,Rep,1,2,TRUMAN_Joseph,GBR,10017950943.0,25.202739726027396,26.666,26.673,2.0,
3904,Glasgow,2022,2022-04-23,WC,Rep,1,3,SZALONTAY_Sándor,HUN,10007073506.0,31.827397260273973,21.942999999999998,22.018,3.0,
3905,Glasgow,2022,2022-04-23,WC,Rep,1,4,ROCHNA_Daniel,POL,10015915559.0,22.663013698630138,2.273999999999999,11.794,5.0,
3906,Glasgow,2022,2022-04-23,WC,Rep,1,5,ANGSUTHASAWIT_Jai,THA,10009009159.0,27.2,28.926,28.404000000000003,1.0,
3907,Glasgow,2022,2022-04-23,WC,Rep,2,1,HELAL_Rayan,FRA,10015683567.0,23.268493150684932,27.503,27.833,2.0,
3908,Glasgow,2022,2022-04-23,WC,Rep,2,2,CARLIN_Jack,GBR,10009967641.0,25.016438356164382,30.449999999999996,30.458999999999996,1.0,
3909,Glasgow,2022,2022-04-23,WC,Rep,2,3,PAUL_Nicholas,TTO,10010821241.0,23.5972602739726,27.286,27.124000000000002,3.0,
3910,Glasgow,2022,2022-04-23,WC,Rep,2,4,RAMIREZ_MORALES_Santiago,COL,10009039774.0,27.778082191780822,24.044,23.931,4.0,
3911,Glasgow,2022,2022-04-23,WC,Rep,2,5,BRETAS_Sotirios,GRE,10006063086.0,32.136986301369866,16.796,16.525,5.0,
3912,Glasgow,2022,2022-04-23,WC,Rep,3,1,LANDERNEAU_Melvin,FRA,10010713329.0,24.583561643835615,19.631999999999998,24.139000000000003,3.0,
3913,Glasgow,2022,2022-04-23,WC,Rep,3,2,RAJKOWSKI_Patryk,POL,10009176281.0,26.183561643835617,24.37,24.53,2.0,
3914,Glasgow,2022,2022-04-23,WC,Rep,3,3,BROWNE_Kwesi,TTO,10009010876.0,28.243835616438357,26.110999999999997,26.048000000000002,1.0,
3915,Glasgow,2022,2022-04-23,WC,Rep,3,4,SPIES_Jean,RSA,10007351671.0,32.42465753424658,17.183,17.375,5.0,
3916,Glasgow,2022,2022-04-23,WC,Rep,3,5,ROWLEY_Conor,IRL,10010664829.0,24.06027397260274,18.939,18.224999999999998,4.0,
3917,Glasgow,2022,2022-04-23,WC,Rep,4,1,SHINZAN_Kyohei,JPN,10007827880.0,28.49041095890411,17.331000000000003,20.117,2.0,
3918,Glasgow,2022,2022-04-23,WC,Rep,4,2,EILERS_Joachim,GER,10006379247.0,32.07945205479452,31.302,31.149,1.0,
3919,Glasgow,2022,2022-04-23,WC,Rep,4,3,ESOW_Esow,IND,10050873046.0,21.134246575342466,14.649,16.334,3.0,
3920,Glasgow,2022,2022-04-23,WC,Rep,4,4,BIANCHI_Matteo,ITA,10028995102.0,20.517808219178082,8.760000000000002,10.384,5.0,
3921,Glasgow,2022,2022-04-23,WC,Rep,4,5,SYDNEY_Je'Land,CAN,10015718327.0,,14.289,10.643999999999998,4.0,
3922,Glasgow,2022,2022-04-23,WC,Rep,5,1,BÁBEK_Tomáš,CZE,10004612534.0,34.90958904109589,27.305,27.412,1.0,
3923,Glasgow,2022,2022-04-23,WC,Rep,5,2,MARTINEZ_CHORRO_Alejandro,ESP,10011152354.0,23.92054794520548,16.345,18.588,3.0,
3924,Glasgow,2022,2022-04-23,WC,Rep,5,3,ELKATHCHOONGO_David,IND,10095274996.0,18.602739726027398,18.461,18.506,2.0,
3925,Glasgow,2022,2022-04-23,WC,Rep,5,4,DODYK_Ryan,CAN,10064209839.0,25.4,12.118,12.991000000000001,4.0,
3926,Glasgow,2022,2022-04-23,WC,Rep,5,5,CSENG?I_Bálint,HUN,10074984418.0,20.46849315068493,11.807999999999998,9.646,5.0,
3927,Glasgow,2022,2022-04-23,WC,Rep,6,1,TJON_EN_FA_Jaïr,SUR,10117936018.0,28.528767123287672,23.354999999999997,23.794999999999998,2.0,
3928,Glasgow,2022,2022-04-23,WC,Rep,6,2,TURNBULL_Hamish,TIN,10015483305.0,22.794520547945204,19.86,21.015,3.0,
3929,Glasgow,2022,2022-04-23,WC,Rep,6,3,BOHUSLÁVEK_Mat?j,CZE,10009903983.0,23.726027397260275,8.578,14.269,4.0,
3930,Glasgow,2022,2022-04-23,WC,Rep,6,4,MATSUI_Koyu,RKD,10090680735.0,29.5972602739726,25.654,25.183,1.0,
3931,Glasgow,2022,2022-04-23,WC,Rep,6,5,LIVANOS_Konstantinos,GRE,10081023272.0,20.512328767123286,8.300999999999998,7.458,5.0,
3932,Glasgow,2022,2022-04-23,WC,R2,1,1,RICHARDSON_Matthew,AUS,10015145724.0,23.03287671232877,25.868000000000002,26.725,3.0,
3933,Glasgow,2022,2022-04-23,WC,R2,1,2,LAVREYSEN_Harrie,NED,10009535686.0,25.126027397260273,32.98,32.922999999999995,1.0,
3934,Glasgow,2022,2022-04-23,WC,R2,1,3,SAHROM_Muhammad_Shah_Firdaus,MAS,10009150215.0,26.424657534246574,25.146,25.282000000000004,4.0,
3935,Glasgow,2022,2022-04-23,WC,R2,1,4,HELAL_Rayan,FRA,10015683567.0,23.268493150684932,27.833,27.735,2.0,
3936,Glasgow,2022,2022-04-23,WC,R2,1,5,TJON_EN_FA_Jaïr,SUR,10117936018.0,28.528767123287672,23.794999999999998,23.692,5.0,
3937,Glasgow,2022,2022-04-23,WC,R2,1,6,SHINZAN_Kyohei,JPN,10007827880.0,28.49041095890411,20.117,19.310000000000002,6.0,
3938,Glasgow,2022,2022-04-23,WC,R2,2,1,QUINTERO_CHAVARRO_Kevin_Santiago,COL,10010830840.0,23.5013698630137,27.765,28.021,1.0,
3939,Glasgow,2022,2022-04-23,WC,R2,2,2,LANDERNEAU_Melvin,FRA,10010713329.0,24.583561643835615,24.139000000000003,25.843,4.0,
3940,Glasgow,2022,2022-04-23,WC,R2,2,3,CORNISH_Thomas,AUS,10055349695.0,22.2,21.671999999999997,22.599,5.0,
3941,Glasgow,2022,2022-04-23,WC,R2,2,4,JURCZYK_Marc,GER,10009178002.0,26.27123287671233,24.668000000000003,24.701,3.0,
3942,Glasgow,2022,2022-04-23,WC,R2,2,5,BÁBEK_Tomáš,CZE,10004612534.0,34.90958904109589,27.412,27.248,2.0,
3943,Glasgow,2022,2022-04-23,WC,R2,2,6,MOHD_ZONIS_Muhammad_Fadhil,MAS,10010645732.0,24.4027397260274,21.328,20.701,6.0,
3944,Glasgow,2022,2022-04-23,WC,Final,1,1,LAVREYSEN_Harrie,NED,10009535686.0,25.126027397260273,32.922999999999995,33.079,1.0,
3945,Glasgow,2022,2022-04-23,WC,Final,1,2,QUINTERO_CHAVARRO_Kevin_Santiago,COL,10010830840.0,23.5013698630137,28.021,28.182,2.0,
3946,Glasgow,2022,2022-04-23,WC,Final,1,3,RICHARDSON_Matthew,AUS,10015145724.0,23.03287671232877,26.725,26.907,3.0,
3947,Glasgow,2022,2022-04-23,WC,Final,1,4,CORNISH_Thomas,AUS,10055349695.0,22.2,22.599,23.051000000000002,6.0,
3948,Glasgow,2022,2022-04-23,WC,Final,1,5,SAHROM_Muhammad_Shah_Firdaus,MAS,10009150215.0,26.424657534246574,25.282000000000004,25.222,5.0,
3949,Glasgow,2022,2022-04-23,WC,Final,1,6,LANDERNEAU_Melvin,FRA,10010713329.0,24.583561643835615,25.843,23.277,4.0,
3950,Glasgow,2022,2022-04-23,WC,Final,2,1,JURCZYK_Marc,GER,10009178002.0,26.27123287671233,24.701,25.136,3.0,
3951,Glasgow,2022,2022-04-23,WC,Final,2,2,HELAL_Rayan,FRA,10015683567.0,23.268493150684932,27.735,27.81,1.0,
3952,Glasgow,2022,2022-04-23,WC,Final,2,3,TJON_EN_FA_Jaïr,SUR,10117936018.0,28.528767123287672,23.692,23.887,4.0,
3953,Glasgow,2022,2022-04-23,WC,Final,2,4,BÁBEK_Tomáš,CZE,10004612534.0,34.90958904109589,27.248,27.138,2.0,
3954,Glasgow,2022,2022-04-23,WC,Final,2,5,MOHD_ZONIS_Muhammad_Fadhil,MAS,10010645732.0,24.4027397260274,20.701,20.602,5.0,
3955,Glasgow,2022,2022-04-23,WC,Final,2,6,SHINZAN_Kyohei,JPN,10007827880.0,28.49041095890411,19.310000000000002,18.485999999999997,6.0,
3956,Milton,2022,2022-05-14,WC,R1,1,1,CARLIN_Jack,TIN,10009967641.0,25.073972602739726,30.458999999999996,30.57,1.0,
3957,Milton,2022,2022-05-14,WC,R1,1,2,HOOGLAND_Jeffrey,NED,10007379761.0,29.18082191780822,27.945,27.928,2.0,
3958,Milton,2022,2022-05-14,WC,R1,1,3,BOONE_Evan,USA,10072398356.0,21.964383561643835,9.0,13.167000000000002,3.0,
3959,Milton,2022,2022-05-14,WC,R1,1,4,JIMENEZ_ELIZONDO_Ekain,EUS,10041041993.0,20.90684931506849,9.0,5.250000000000002,3.0,
3960,Milton,2022,2022-05-14,WC,R1,2,1,QUINTERO_CHAVARRO_Kevin_Santiago,COL,10010830840.0,23.55890410958904,28.182,28.376,1.0,
3961,Milton,2022,2022-05-14,WC,R1,2,2,SARNECKI_Rafal,POL,10005953154.0,32.367123287671234,24.305999999999997,24.855,4.0,
3962,Milton,2022,2022-05-14,WC,R1,2,3,CANELON_VERA_Hersony_Gadiel,VEN,10004717719.0,33.45205479452055,24.754,24.825,3.0,
3963,Milton,2022,2022-05-14,WC,R1,2,4,TERASAKI_Kohei,RKD,10010592279.0,28.375342465753423,9.0,17.045,6.0,
3964,Milton,2022,2022-05-14,WC,R1,2,5,BÁBEK_Tomáš,CZE,10004612534.0,34.967123287671235,27.138,26.948999999999998,2.0,
3965,Milton,2022,2022-05-14,WC,R1,2,6,MARTINEZ_CHORRO_Alejandro,ESP,10011152354.0,23.97808219178082,18.588,17.578,5.0,
3966,Milton,2022,2022-05-14,WC,R1,3,1,RICHARDSON_Matthew,AUS,10015145724.0,23.09041095890411,26.907,27.353,1.0,
3967,Milton,2022,2022-05-14,WC,R1,3,2,NAKANO_Shinji,JPN,10021114658.0,22.947945205479453,9.0,19.674999999999997,4.0,
3968,Milton,2022,2022-05-14,WC,R1,3,3,JONAUSKAS_Svaj?nas,LTU,10009181032.0,27.38082191780822,9.0,16.945,4.0,
3969,Milton,2022,2022-05-14,WC,R1,3,4,SPIES_Jean,RSA,10007351671.0,32.48219178082192,17.375,17.665999999999997,3.0,
3970,Milton,2022,2022-05-14,WC,R1,3,5,QUINN_Thomas,USA,10016222121.0,22.01095890410959,9.0,12.127,4.0,
3971,Milton,2022,2022-05-14,WC,R1,3,6,SZALONTAY_Sándor,HUN,10007073506.0,31.884931506849316,22.018,21.753,2.0,
3972,Milton,2022,2022-05-14,WC,R1,4,1,DODYK_Ryan,CAN,10064209839.0,25.457534246575342,12.991000000000001,19.361,4.0,
3973,Milton,2022,2022-05-14,WC,R1,4,2,ČECHMAN_Martin,CZE,10010166590.0,23.58082191780822,9.0,19.618000000000002,6.0,
3974,Milton,2022,2022-05-14,WC,R1,4,3,OBARA_Yuta,JPN,10010773549.0,26.221917808219178,23.528,23.626,2.0,
3975,Milton,2022,2022-05-14,WC,R1,4,4,ROCHNA_Daniel,POL,10015915559.0,22.720547945205478,11.794,15.280000000000001,5.0,
3976,Milton,2022,2022-05-14,WC,R1,4,5,VERDUGO_OSUNA_Edgar,MEX,10007890932.0,27.92054794520548,21.153,20.977,3.0,
3977,Milton,2022,2022-05-14,WC,R1,4,6,LENDEL_Vasilijus,LTU,10009181234.0,27.115068493150684,24.735,24.497,1.0,
3978,Milton,2022,2022-05-14,WC,R1,5,1,YAMASAKI_Kento,RKD,10020900955.0,29.424657534246574,24.316000000000003,26.624000000000002,4.0,
3979,Milton,2022,2022-05-14,WC,R1,5,2,BÖTTICHER_Stefan,GER,10048325582.0,30.301369863013697,31.239,31.236,1.0,
3980,Milton,2022,2022-05-14,WC,R1,5,3,PERALTA_Juan,ESP,10006552534.0,32.013698630136986,24.775000000000002,24.863999999999997,3.0,
3981,Milton,2022,2022-05-14,WC,R1,5,4,BROWNE_Kwesi,TTO,10009010876.0,28.301369863013697,26.048000000000002,26.006,2.0,
3982,Milton,2022,2022-05-14,WC,R1,5,5,LOVASSY_Patrik_Rómeó,HUN,10061956813.0,20.53972602739726,9.0,14.374,6.0,
3983,Milton,2022,2022-05-14,WC,R1,5,6,TURNBULL_Hamish,GBR,10015483305.0,22.852054794520548,21.015,19.536,5.0,
3984,Milton,2022,2022-05-14,WC,R1,6,1,GLAETZER_Matthew,AUS,10006894559.0,29.73972602739726,32.39,32.447,1.0,
3985,Milton,2022,2022-05-14,WC,R1,6,2,RAMIREZ_MORALES_Santiago,COL,10009039774.0,27.835616438356166,23.931,24.310000000000002,3.0,
3986,Milton,2022,2022-05-14,WC,R1,6,3,ZHOU_Yu,CHN,10052089586.0,23.36986301369863,19.189,19.842,4.0,
3987,Milton,2022,2022-05-14,WC,R1,6,4,RUIZ_TERAN_Juan,MEX,10064034229.0,21.605479452054794,9.0,15.967,5.0,
3988,Milton,2022,2022-05-14,WC,R1,6,5,HEDGCOCK_James,CAN,10048888990.0,20.506849315068493,9.0,13.927000000000001,5.0,
3989,Milton,2022,2022-05-14,WC,R1,6,6,TRUMAN_Joseph,TIN,10017950943.0,25.26027397260274,26.673,26.259,2.0,
3990,Milton,2022,2022-05-14,WC,Rep,1,1,ZHOU_Yu,CHN,10052089586.0,23.36986301369863,19.842,20.832,5.0,
3991,Milton,2022,2022-05-14,WC,Rep,1,2,SZALONTAY_Sándor,HUN,10007073506.0,31.884931506849316,21.753,21.957,3.0,
3992,Milton,2022,2022-05-14,WC,Rep,1,3,HOOGLAND_Jeffrey,NED,10007379761.0,29.18082191780822,27.928,27.57,1.0,
3993,Milton,2022,2022-05-14,WC,Rep,1,4,BROWNE_Kwesi,TTO,10009010876.0,28.301369863013697,26.006,25.881,2.0,
3994,Milton,2022,2022-05-14,WC,Rep,1,5,VERDUGO_OSUNA_Edgar,MEX,10007890932.0,27.92054794520548,20.977,20.63,4.0,
3995,Milton,2022,2022-05-14,WC,Rep,2,1,LENDEL_Vasilijus,LTU,10009181234.0,27.115068493150684,24.497,24.664,2.0,
3996,Milton,2022,2022-05-14,WC,Rep,2,2,SARNECKI_Rafal,POL,10005953154.0,32.367123287671234,24.855,24.947,1.0,
3997,Milton,2022,2022-05-14,WC,Rep,2,3,BOONE_Evan,USA,10072398356.0,21.964383561643835,13.167000000000002,16.548000000000002,5.0,
3998,Milton,2022,2022-05-14,WC,Rep,2,4,LOVASSY_Patrik_Rómeó,HUN,10061956813.0,20.53972602739726,14.374,14.941999999999998,4.0,
3999,Milton,2022,2022-05-14,WC,Rep,2,5,RUIZ_TERAN_Juan,MEX,10064034229.0,21.605479452054794,15.967,13.21,3.0,
4000,Milton,2022,2022-05-14,WC,Rep,3,1,TURNBULL_Hamish,GBR,10015483305.0,22.852054794520548,19.536,21.054000000000002,2.0,
4001,Milton,2022,2022-05-14,WC,Rep,3,2,CANELON_VERA_Hersony_Gadiel,VEN,10004717719.0,33.45205479452055,24.825,24.788,1.0,
4002,Milton,2022,2022-05-14,WC,Rep,3,3,HEDGCOCK_James,CAN,10048888990.0,20.506849315068493,13.927000000000001,14.183,3.0,
4003,Milton,2022,2022-05-14,WC,Rep,3,4,JIMENEZ_ELIZONDO_Ekain,EUS,10041041993.0,20.90684931506849,5.250000000000002,4.007999999999999,4.0,
4004,Milton,2022,2022-05-14,WC,Rep,4,1,TRUMAN_Joseph,TIN,10017950943.0,25.26027397260274,26.259,26.464,1.0,
4005,Milton,2022,2022-05-14,WC,Rep,4,2,ČECHMAN_Martin,CZE,10010166590.0,23.58082191780822,19.618000000000002,21.326,2.0,
4006,Milton,2022,2022-05-14,WC,Rep,4,3,TERASAKI_Kohei,RKD,10010592279.0,28.375342465753423,17.045,17.852000000000004,3.0,
4007,Milton,2022,2022-05-14,WC,Rep,4,4,JONAUSKAS_Svaj?nas,LTU,10009181032.0,27.38082191780822,16.945,14.693999999999999,4.0,
4008,Milton,2022,2022-05-14,WC,Rep,5,1,BÖTTICHER_Stefan,GER,10048325582.0,30.301369863013697,31.236,31.303000000000004,1.0,
4009,Milton,2022,2022-05-14,WC,Rep,5,2,SPIES_Jean,RSA,10007351671.0,32.48219178082192,17.665999999999997,18.383999999999997,4.0,
4010,Milton,2022,2022-05-14,WC,Rep,5,3,BÁBEK_Tomáš,CZE,10004612534.0,34.967123287671235,26.948999999999998,26.86,2.0,
4011,Milton,2022,2022-05-14,WC,Rep,5,4,MARTINEZ_CHORRO_Alejandro,ESP,10011152354.0,23.97808219178082,17.578,18.094,5.0,
4012,Milton,2022,2022-05-14,WC,Rep,5,5,OBARA_Yuta,JPN,10010773549.0,26.221917808219178,23.626,23.009,3.0,
4013,Milton,2022,2022-05-14,WC,Rep,6,1,RAMIREZ_MORALES_Santiago,COL,10009039774.0,27.835616438356166,24.310000000000002,24.624000000000002,2.0,
4014,Milton,2022,2022-05-14,WC,Rep,6,2,ROCHNA_Daniel,POL,10015915559.0,22.720547945205478,15.280000000000001,17.491,3.0,
4015,Milton,2022,2022-05-14,WC,Rep,6,3,PERALTA_Juan,ESP,10006552534.0,32.013698630136986,24.863999999999997,24.745,1.0,
4016,Milton,2022,2022-05-14,WC,Rep,6,4,QUINN_Thomas,USA,10016222121.0,22.01095890410959,12.127,11.042000000000002,4.0,
4017,Milton,2022,2022-05-14,WC,R2,1,1,CARLIN_Jack,TIN,10009967641.0,25.073972602739726,30.57,30.754,2.0,
4018,Milton,2022,2022-05-14,WC,R2,1,2,GLAETZER_Matthew,AUS,10006894559.0,29.73972602739726,32.447,32.43,1.0,
4019,Milton,2022,2022-05-14,WC,R2,1,3,RAMIREZ_MORALES_Santiago,COL,10009039774.0,27.835616438356166,24.624000000000002,24.868,4.0,
4020,Milton,2022,2022-05-14,WC,R2,1,4,LENDEL_Vasilijus,LTU,10009181234.0,27.115068493150684,24.664,24.674999999999997,3.0,
4021,Milton,2022,2022-05-14,WC,R2,1,5,DODYK_Ryan,CAN,10064209839.0,25.457534246575342,19.361,19.429000000000002,6.0,
4022,Milton,2022,2022-05-14,WC,R2,1,6,TURNBULL_Hamish,GBR,10015483305.0,22.852054794520548,21.054000000000002,20.047,5.0,
4023,Milton,2022,2022-05-14,WC,R2,2,1,QUINTERO_CHAVARRO_Kevin_Santiago,COL,10010830840.0,23.55890410958904,28.376,28.64,2.0,
4024,Milton,2022,2022-05-14,WC,R2,2,2,RICHARDSON_Matthew,AUS,10015145724.0,23.09041095890411,27.353,27.737000000000002,3.0,
4025,Milton,2022,2022-05-14,WC,R2,2,3,BÖTTICHER_Stefan,GER,10048325582.0,30.301369863013697,31.303000000000004,31.235,1.0,
4026,Milton,2022,2022-05-14,WC,R2,2,4,TRUMAN_Joseph,TIN,10017950943.0,25.26027397260274,26.464,26.485,5.0,
4027,Milton,2022,2022-05-14,WC,R2,2,5,YAMASAKI_Kento,RKD,10020900955.0,29.424657534246574,26.624000000000002,25.633000000000003,4.0,
4028,Milton,2022,2022-05-14,WC,R2,2,6,ZHOU_Yu,CHN,10052089586.0,23.36986301369863,20.832,20.588,6.0,
4029,Milton,2022,2022-05-14,WC,Final,1,1,QUINTERO_CHAVARRO_Kevin_Santiago,COL,10010830840.0,23.55890410958904,28.64,28.927,4.0,
4030,Milton,2022,2022-05-14,WC,Final,1,2,RICHARDSON_Matthew,AUS,10015145724.0,23.09041095890411,27.737000000000002,28.168999999999997,5.0,
4031,Milton,2022,2022-05-14,WC,Final,1,3,BÖTTICHER_Stefan,GER,10048325582.0,30.301369863013697,31.235,31.227999999999998,2.0,
4032,Milton,2022,2022-05-14,WC,Final,1,4,RAMIREZ_MORALES_Santiago,COL,10009039774.0,27.835616438356166,24.868,25.145,6.0,
4033,Milton,2022,2022-05-14,WC,Final,1,5,GLAETZER_Matthew,AUS,10006894559.0,29.73972602739726,32.43,32.262,1.0,
4034,Milton,2022,2022-05-14,WC,Final,1,6,CARLIN_Jack,TIN,10009967641.0,25.073972602739726,30.754,30.497000000000003,3.0,
4035,Milton,2022,2022-05-14,WC,Final,2,1,YAMASAKI_Kento,RKD,10020900955.0,29.424657534246574,25.633000000000003,26.876,2.0,
4036,Milton,2022,2022-05-14,WC,Final,2,2,TRUMAN_Joseph,TIN,10017950943.0,25.26027397260274,26.485,26.605,1.0,
4037,Milton,2022,2022-05-14,WC,Final,2,3,DODYK_Ryan,CAN,10064209839.0,25.457534246575342,19.429000000000002,20.835,6.0,
4038,Milton,2022,2022-05-14,WC,Final,2,4,LENDEL_Vasilijus,LTU,10009181234.0,27.115068493150684,24.674999999999997,24.64,3.0,
4039,Milton,2022,2022-05-14,WC,Final,2,5,TURNBULL_Hamish,GBR,10015483305.0,22.852054794520548,20.047,19.895,5.0,
4040,Milton,2022,2022-05-14,WC,Final,2,6,ZHOU_Yu,CHN,10052089586.0,23.36986301369863,20.588,20.159000000000002,4.0,
4041,Cali,2022,2022-07-09,WC,R1,1,1,LAVREYSEN_Harrie,NED,10009535686.0,25.336986301369862,33.079,33.157,1.0,
4042,Cali,2022,2022-07-09,WC,R1,1,2,XUE_Chenxi,CHN,10129788610.0,21.46027397260274,9.0,18.802,4.0,
4043,Cali,2022,2022-07-09,WC,R1,1,3,HEDGCOCK_James,CAN,10048888990.0,20.660273972602738,14.183,16.381,3.0,
4044,Cali,2022,2022-07-09,WC,R1,1,4,MARTINEZ_CHORRO_Alejandro,ESP,10011152354.0,24.13150684931507,18.094,17.811999999999998,2.0,
4045,Cali,2022,2022-07-09,WC,R1,1,5,KALOGEROPOULOS_Ioannis,GRE,10009073524.0,28.50958904109589,9.0,4.478,4.0,
4046,Cali,2022,2022-07-09,WC,R1,2,1,HOOGLAND_Jeffrey,NED,10007379761.0,29.334246575342465,27.57,27.97,1.0,
4047,Cali,2022,2022-07-09,WC,R1,2,2,PONOMARYOV_Sergey,KAZ,10010797292.0,24.24931506849315,25.639,25.805,2.0,
4048,Cali,2022,2022-07-09,WC,R1,2,3,LENDEL_Vasilijus,LTU,10009181234.0,27.268493150684932,24.64,24.639999999999997,3.0,
4049,Cali,2022,2022-07-09,WC,R1,2,4,VILAR_Lucas_Oscar,ARG,10050089669.0,21.96712328767123,9.0,13.424999999999999,4.0,
4050,Cali,2022,2022-07-09,WC,R1,2,5,LEANDRO_MADRIGAL_Nayib,CRC,10060341054.0,25.649315068493152,9.0,9.259,4.0,
4051,Cali,2022,2022-07-09,WC,R1,2,6,REID_Malik,JAM,10057795513.0,20.334246575342465,9.0,2.908999999999999,4.0,
4052,Cali,2022,2022-07-09,WC,R1,3,1,QUINTERO_CHAVARRO_Kevin_Santiago,COL,10010830840.0,23.71232876712329,28.927,29.083000000000002,1.0,
4053,Cali,2022,2022-07-09,WC,R1,3,2,BROWNE_Kwesi,TTO,10009010876.0,28.454794520547946,25.881,25.985,3.0,
4054,Cali,2022,2022-07-09,WC,R1,3,3,VERDUGO_OSUNA_Edgar,MEX,10007890932.0,28.073972602739726,20.63,21.105,5.0,
4055,Cali,2022,2022-07-09,WC,R1,3,4,MORENO_SANCHEZ_Jose,ESP,10007502427.0,28.65753424657534,22.837,22.898,4.0,
4056,Cali,2022,2022-07-09,WC,R1,3,5,RAMIREZ_GOMEZ_Vicente,CHI,10092839892.0,21.02191780821918,9.0,14.912,6.0,
4057,Cali,2022,2022-07-09,WC,R1,3,6,WEBSTER_Sam,NZL,10006184742.0,31.002739726027396,28.764,28.271,2.0,
4058,Cali,2022,2022-07-09,WC,R1,4,1,BÖTTICHER_Stefan,GER,10048325582.0,30.454794520547946,31.227999999999998,31.332000000000004,1.0,
4059,Cali,2022,2022-07-09,WC,R1,4,2,TJON_EN_FA_Jaïr,SUR,10117936018.0,28.73972602739726,23.887,24.214999999999996,3.0,
4060,Cali,2022,2022-07-09,WC,R1,4,3,TO_Cheuk_Hei,HKG,10063279447.0,22.994520547945207,9.0,18.075,5.0,
4061,Cali,2022,2022-07-09,WC,R1,4,4,CANELON_VERA_Hersony_Gadiel,VEN,10004717719.0,33.605479452054794,24.788,24.720000000000002,2.0,
4062,Cali,2022,2022-07-09,WC,R1,4,5,ZHOU_Yu,CHN,10052089586.0,23.523287671232875,20.159000000000002,20.001,4.0,
4063,Cali,2022,2022-07-09,WC,R1,4,6,CORDON_PAZ_Luis,GUA,10010931880.0,25.328767123287673,9.0,4.838999999999999,5.0,
4064,Cali,2022,2022-07-09,WC,R1,5,1,PAUL_Nicholas,TTO,10010821241.0,23.80821917808219,27.124000000000002,27.979000000000003,2.0,
4065,Cali,2022,2022-07-09,WC,R1,5,2,ANGSUTHASAWIT_Jai,THA,10009009159.0,27.410958904109588,28.404000000000003,28.479,1.0,
4066,Cali,2022,2022-07-09,WC,R1,5,3,DÖRNBACH_Maximilian,GER,10007779683.0,26.55890410958904,25.882,25.91,3.0,
4067,Cali,2022,2022-07-09,WC,R1,5,4,BRETAS_Sotirios,GRE,10006063086.0,32.347945205479455,16.525,17.502,6.0,
4068,Cali,2022,2022-07-09,WC,R1,5,5,BOTTASSO_Leandro,ARG,10010894696.0,36.23561643835617,21.043,21.005,4.0,
4069,Cali,2022,2022-07-09,WC,R1,5,6,RUIZ_TERAN_Juan,MEX,10064034229.0,21.75890410958904,13.21,13.856000000000002,7.0,
4070,Cali,2022,2022-07-09,WC,R1,5,7,PINEDA_Brandon,GUA,10010829830.0,24.504109589041096,18.186,16.61,5.0,
4071,Cali,2022,2022-07-09,WC,R1,6,1,RAMIREZ_MORALES_Santiago,COL,10009039774.0,27.98904109589041,25.145,25.55,1.0,
4072,Cali,2022,2022-07-09,WC,R1,6,2,LANDERNEAU_Melvin,FRA,10010713329.0,24.794520547945204,23.277,23.932,3.0,
4073,Cali,2022,2022-07-09,WC,R1,6,3,DAKIN_Sam,NZL,10010624918.0,25.86027397260274,24.703,24.517,2.0,
4074,Cali,2022,2022-07-09,WC,R1,6,4,JONAUSKAS_Svaj?nas,LTU,10009181032.0,27.534246575342465,14.693999999999999,15.134,4.0,
4075,Cali,2022,2022-07-09,WC,R1,6,5,CHUGAY_Andrey,KAZ,10023551075.0,22.49041095890411,9.0,4.699,5.0,
4076,Cali,2022,2022-07-09,WC,Rep,1,1,DAKIN_Sam,NZL,10010624918.0,25.86027397260274,24.517,25.018,1.0,
4077,Cali,2022,2022-07-09,WC,Rep,1,2,BRETAS_Sotirios,GRE,10006063086.0,32.347945205479455,17.502,18.523000000000003,3.0,
4078,Cali,2022,2022-07-09,WC,Rep,1,3,XUE_Chenxi,CHN,10129788610.0,21.46027397260274,18.802,18.558999999999997,2.0,
4079,Cali,2022,2022-07-09,WC,Rep,1,4,RAMIREZ_GOMEZ_Vicente,CHI,10092839892.0,21.02191780821918,14.912,15.145999999999999,5.0,
4080,Cali,2022,2022-07-09,WC,Rep,1,5,PINEDA_Brandon,GUA,10010829830.0,24.504109589041096,16.61,15.723,4.0,
4081,Cali,2022,2022-07-09,WC,Rep,2,1,PONOMARYOV_Sergey,KAZ,10010797292.0,24.24931506849315,25.805,26.015,1.0,
4082,Cali,2022,2022-07-09,WC,Rep,2,2,BOTTASSO_Leandro,ARG,10010894696.0,36.23561643835617,21.005,21.157,2.0,
4083,Cali,2022,2022-07-09,WC,Rep,2,3,JONAUSKAS_Svaj?nas,LTU,10009181032.0,27.534246575342465,15.134,16.094,4.0,
4084,Cali,2022,2022-07-09,WC,Rep,2,4,HEDGCOCK_James,CAN,10048888990.0,20.660273972602738,16.381,15.517,3.0,
4085,Cali,2022,2022-07-09,WC,Rep,2,5,CORDON_PAZ_Luis,GUA,10010931880.0,25.328767123287673,4.838999999999999,3.6739999999999995,5.0,
4086,Cali,2022,2022-07-09,WC,Rep,3,1,CHUGAY_Andrey,KAZ,10023551075.0,22.49041095890411,4.699,17.898000000000003,5.0,
4087,Cali,2022,2022-07-09,WC,Rep,3,2,BROWNE_Kwesi,TTO,10009010876.0,28.454794520547946,25.985,25.993,1.0,
4088,Cali,2022,2022-07-09,WC,Rep,3,3,MARTINEZ_CHORRO_Alejandro,ESP,10011152354.0,24.13150684931507,17.811999999999998,18.556,3.0,
4089,Cali,2022,2022-07-09,WC,Rep,3,4,LENDEL_Vasilijus,LTU,10009181234.0,27.268493150684932,24.639999999999997,24.499,2.0,
4090,Cali,2022,2022-07-09,WC,Rep,3,5,RUIZ_TERAN_Juan,MEX,10064034229.0,21.75890410958904,13.856000000000002,13.146,4.0,
4091,Cali,2022,2022-07-09,WC,Rep,4,1,TJON_EN_FA_Jaïr,SUR,10117936018.0,28.73972602739726,24.214999999999996,24.48,1.0,
4092,Cali,2022,2022-07-09,WC,Rep,4,2,VILAR_Lucas_Oscar,ARG,10050089669.0,21.96712328767123,13.424999999999999,17.126,3.0,
4093,Cali,2022,2022-07-09,WC,Rep,4,3,VERDUGO_OSUNA_Edgar,MEX,10007890932.0,28.073972602739726,21.105,20.983,2.0,
4094,Cali,2022,2022-07-09,WC,Rep,4,4,KALOGEROPOULOS_Ioannis,GRE,10009073524.0,28.50958904109589,4.478,7.698,5.0,
4095,Cali,2022,2022-07-09,WC,Rep,4,5,ELSENFAWI_Ahmed,EGY,10088465091.0,20.202739726027396,9.0,2.2490000000000006,4.0,
4096,Cali,2022,2022-07-09,WC,Rep,5,1,ANGSUTHASAWIT_Jai,THA,10009009159.0,27.410958904109588,28.479,28.68,1.0,
4097,Cali,2022,2022-07-09,WC,Rep,5,2,WEBSTER_Sam,NZL,10006184742.0,31.002739726027396,28.271,28.286,2.0,
4098,Cali,2022,2022-07-09,WC,Rep,5,3,MORENO_SANCHEZ_Jose,ESP,10007502427.0,28.65753424657534,22.898,23.003,3.0,
4099,Cali,2022,2022-07-09,WC,Rep,5,4,TO_Cheuk_Hei,HKG,10063279447.0,22.994520547945207,18.075,17.313,4.0,
4100,Cali,2022,2022-07-09,WC,Rep,5,5,LEANDRO_MADRIGAL_Nayib,CRC,10060341054.0,25.649315068493152,9.259,8.266,5.0,
4101,Cali,2022,2022-07-09,WC,Rep,6,1,ZHOU_Yu,CHN,10052089586.0,23.523287671232875,20.001,20.802,4.0,
4102,Cali,2022,2022-07-09,WC,Rep,6,2,DÖRNBACH_Maximilian,GER,10007779683.0,26.55890410958904,25.91,25.949,1.0,
4103,Cali,2022,2022-07-09,WC,Rep,6,3,LANDERNEAU_Melvin,FRA,10010713329.0,24.794520547945204,23.932,23.561,3.0,
4104,Cali,2022,2022-07-09,WC,Rep,6,4,REID_Malik,JAM,10057795513.0,20.334246575342465,2.908999999999999,11.514,5.0,
4105,Cali,2022,2022-07-09,WC,Rep,6,5,CANELON_VERA_Hersony_Gadiel,VEN,10004717719.0,33.605479452054794,24.720000000000002,24.472,2.0,
4106,Cali,2022,2022-07-09,WC,R2,1,1,BÖTTICHER_Stefan,GER,10048325582.0,30.454794520547946,31.332000000000004,31.525000000000002,2.0,
4107,Cali,2022,2022-07-09,WC,R2,1,2,PONOMARYOV_Sergey,KAZ,10010797292.0,24.24931506849315,26.015,26.468,4.0,
4108,Cali,2022,2022-07-09,WC,R2,1,3,ANGSUTHASAWIT_Jai,THA,10009009159.0,27.410958904109588,28.68,28.758,3.0,
4109,Cali,2022,2022-07-09,WC,R2,1,4,LAVREYSEN_Harrie,NED,10009535686.0,25.336986301369862,33.157,32.929,1.0,
4110,Cali,2022,2022-07-09,WC,R2,1,5,RAMIREZ_MORALES_Santiago,COL,10009039774.0,27.98904109589041,25.55,25.492,5.0,
4111,Cali,2022,2022-07-09,WC,R2,1,6,TJON_EN_FA_Jaïr,SUR,10117936018.0,28.73972602739726,24.48,24.227,6.0,
4112,Cali,2022,2022-07-09,WC,R2,2,1,PAUL_Nicholas,TTO,10010821241.0,23.80821917808219,27.979000000000003,28.688000000000002,2.0,
4113,Cali,2022,2022-07-09,WC,R2,2,2,DAKIN_Sam,NZL,10010624918.0,25.86027397260274,25.018,25.503999999999998,3.0,
4114,Cali,2022,2022-07-09,WC,R2,2,3,QUINTERO_CHAVARRO_Kevin_Santiago,COL,10010830840.0,23.71232876712329,29.083000000000002,29.002000000000002,1.0,
4115,Cali,2022,2022-07-09,WC,R2,2,4,CHUGAY_Andrey,KAZ,10023551075.0,22.49041095890411,17.898000000000003,18.743,5.0,
4116,Cali,2022,2022-07-09,WC,R2,2,5,ZHOU_Yu,CHN,10052089586.0,23.523287671232875,20.802,20.547,4.0,
4117,Cali,2022,2022-07-09,WC,Final,1,1,PAUL_Nicholas,TTO,10010821241.0,23.80821917808219,28.688000000000002,29.584,4.0,
4118,Cali,2022,2022-07-09,WC,Final,1,2,ANGSUTHASAWIT_Jai,THA,10009009159.0,27.410958904109588,28.758,28.948999999999998,3.0,
4119,Cali,2022,2022-07-09,WC,Final,1,3,DAKIN_Sam,NZL,10010624918.0,25.86027397260274,25.503999999999998,25.982,6.0,
4120,Cali,2022,2022-07-09,WC,Final,1,4,BÖTTICHER_Stefan,GER,10048325582.0,30.454794520547946,31.525000000000002,31.401000000000003,1.0,
4121,Cali,2022,2022-07-09,WC,Final,1,5,PONOMARYOV_Sergey,KAZ,10010797292.0,24.24931506849315,26.468,26.404,5.0,
4122,Cali,2022,2022-07-09,WC,Final,1,6,QUINTERO_CHAVARRO_Kevin_Santiago,COL,10010830840.0,23.71232876712329,29.002000000000002,28.762999999999998,2.0,
4123,Cali,2022,2022-07-09,WC,Final,2,1,LAVREYSEN_Harrie,NED,10009535686.0,25.336986301369862,32.929,33.036,1.0,
4124,Cali,2022,2022-07-09,WC,Final,2,2,RAMIREZ_MORALES_Santiago,COL,10009039774.0,27.98904109589041,25.492,25.793,3.0,
4125,Cali,2022,2022-07-09,WC,Final,2,3,ZHOU_Yu,CHN,10052089586.0,23.523287671232875,20.547,21.062,5.0,
4126,Cali,2022,2022-07-09,WC,Final,2,4,HOOGLAND_Jeffrey,NED,10007379761.0,29.334246575342465,27.97,27.661,2.0,
4127,Cali,2022,2022-07-09,WC,Final,2,5,TJON_EN_FA_Jaïr,SUR,10117936018.0,28.73972602739726,24.227,24.070999999999998,4.0,
4128,Cali,2022,2022-07-09,WC,Final,2,6,CHUGAY_Andrey,KAZ,10023551075.0,22.49041095890411,18.743,17.222,6.0,
4129,Birmingham,2022,2022-07-30,CWG,R1,1,1,GLAETZER_Matthew,AUS,10006894559.0,29.95068493150685,32.262,32.36,1.0,
4130,Birmingham,2022,2022-07-30,CWG,R1,1,2,SAUNDERS_Callum,NZL,10009012391.0,122.66301369863014,28.384999999999998,28.618,2.0,
4131,Birmingham,2022,2022-07-30,CWG,R1,1,3,TRUMAN_Joseph,ENG,10017950943.0,25.471232876712328,26.605,26.649,3.0,
4132,Birmingham,2022,2022-07-30,CWG,R1,1,4,BROWNE_Kwesi,TTO,10009010876.0,28.512328767123286,25.993,25.934,4.0,
4133,Birmingham,2022,2022-07-30,CWG,R1,1,5,SAHROM_Muhammad_Ridwan,MAS,10049101683.0,21.413698630136988,9.0,11.481,5.0,
4134,Birmingham,2022,2022-07-30,CWG,R1,1,6,RORKE_Tyler,CAN,10048224138.0,19.186301369863013,9.0,4.285,5.0,
4135,Birmingham,2022,2022-07-30,CWG,R1,2,1,PAUL_Nicholas,TTO,10010821241.0,23.865753424657534,29.584,30.079,1.0,
4136,Birmingham,2022,2022-07-30,CWG,R1,2,2,WEBSTER_Sam,NZL,10006184742.0,31.06027397260274,28.286,28.36,2.0,
4137,Birmingham,2022,2022-07-30,CWG,R1,2,3,CORNISH_Thomas,AUS,10055349695.0,22.46849315068493,23.051000000000002,23.343000000000004,3.0,
4138,Birmingham,2022,2022-07-30,CWG,R1,2,4,ELKATHCHOONGO_David,IND,10095274996.0,18.87123287671233,18.506,18.924,4.0,
4139,Birmingham,2022,2022-07-30,CWG,R1,2,5,NORRIS_Hayden,ENG,10083501624.0,19.953424657534246,9.0,11.107,6.0,
4140,Birmingham,2022,2022-07-30,CWG,R1,2,6,REID_Malik,JAM,10057795513.0,20.39178082191781,11.514,10.049999999999997,5.0,
4141,Birmingham,2022,2022-07-30,CWG,R1,3,1,TURNBULL_Hamish,ENG,10015483305.0,23.063013698630137,19.895,21.804000000000002,4.0,
4142,Birmingham,2022,2022-07-30,CWG,R1,3,2,CARLIN_Jack,SCO,10009967641.0,25.284931506849315,30.497000000000003,30.461,1.0,
4143,Birmingham,2022,2022-07-30,CWG,R1,3,3,RICHARDSON_Matthew,AUS,10015145724.0,23.301369863013697,28.168999999999997,28.020999999999997,2.0,
4144,Birmingham,2022,2022-07-30,CWG,R1,3,4,WAMMES_Nick,CAN,10015713273.0,22.78904109589041,19.357999999999997,19.828,5.0,
4145,Birmingham,2022,2022-07-30,CWG,R1,3,5,MOHD_ZONIS_Muhammad_Fadhil,MAS,10010645732.0,24.671232876712327,20.602,20.299,3.0,
4146,Birmingham,2022,2022-07-30,CWG,R1,3,6,PALMER_Daniel,JAM,10010821645.0,,9.0,5.016,6.0,
4147,Birmingham,2022,2022-07-30,CWG,R1,4,1,SAHROM_Muhammad_Shah_Firdaus,MAS,10009150215.0,26.693150684931506,25.222,25.451999999999998,2.0,
4148,Birmingham,2022,2022-07-30,CWG,R1,4,2,DAKIN_Sam,NZL,10010624918.0,25.91780821917808,25.982,26.127,1.0,
4149,Birmingham,2022,2022-07-30,CWG,R1,4,3,DODYK_Ryan,CAN,10064209839.0,25.66849315068493,20.835,21.417,3.0,
4150,Birmingham,2022,2022-07-30,CWG,R1,4,4,FIELDING_Alistair,SCO,10014936364.0,22.421917808219177,9.0,14.869,6.0,
4151,Birmingham,2022,2022-07-30,CWG,R1,4,5,ALEXANDER_Quincy,TTO,10007501821.0,,16.171,15.939,5.0,
4152,Birmingham,2022,2022-07-30,CWG,R1,4,6,ESOW_Esow,IND,10050873046.0,21.4027397260274,16.334,14.195,4.0,
4153,Birmingham,2022,2022-07-30,CWG,Rep,1,1,TRUMAN_Joseph,ENG,10017950943.0,25.471232876712328,26.649,26.764,1.0,
4154,Birmingham,2022,2022-07-30,CWG,Rep,1,2,FIELDING_Alistair,SCO,10014936364.0,22.421917808219177,14.869,17.632,3.0,
4155,Birmingham,2022,2022-07-30,CWG,Rep,1,3,MOHD_ZONIS_Muhammad_Fadhil,MAS,10010645732.0,24.671232876712327,20.299,20.069000000000003,2.0,
4156,Birmingham,2022,2022-07-30,CWG,Rep,1,4,RORKE_Tyler,CAN,10048224138.0,19.186301369863013,4.285,3.7540000000000013,4.0,
4157,Birmingham,2022,2022-07-30,CWG,Rep,2,1,CORNISH_Thomas,AUS,10055349695.0,22.46849315068493,23.343000000000004,23.618,1.0,
4158,Birmingham,2022,2022-07-30,CWG,Rep,2,2,NORRIS_Hayden,ENG,10083501624.0,19.953424657534246,11.107,13.04,2.0,
4159,Birmingham,2022,2022-07-30,CWG,Rep,2,3,REID_Malik,JAM,10057795513.0,20.39178082191781,10.049999999999997,9.402000000000001,3.0,
4160,Birmingham,2022,2022-07-30,CWG,Rep,3,1,RICHARDSON_Matthew,AUS,10015145724.0,23.301369863013697,28.020999999999997,28.256,1.0,
4161,Birmingham,2022,2022-07-30,CWG,Rep,3,2,ELKATHCHOONGO_David,IND,10095274996.0,18.87123287671233,18.924,20.616,3.0,
4162,Birmingham,2022,2022-07-30,CWG,Rep,3,3,SAHROM_Muhammad_Shah_Firdaus,MAS,10009150215.0,26.693150684931506,25.451999999999998,25.356,2.0,
4163,Birmingham,2022,2022-07-30,CWG,Rep,3,4,ALEXANDER_Quincy,TTO,10007501821.0,,15.939,15.274999999999999,4.0,
4164,Birmingham,2022,2022-07-30,CWG,Rep,4,1,BROWNE_Kwesi,TTO,10009010876.0,28.512328767123286,25.934,26.01,1.0,
4165,Birmingham,2022,2022-07-30,CWG,Rep,4,2,ESOW_Esow,IND,10050873046.0,21.4027397260274,14.195,16.391,3.0,
4166,Birmingham,2022,2022-07-30,CWG,Rep,4,3,DODYK_Ryan,CAN,10064209839.0,25.66849315068493,21.417,20.675,2.0,
4167,Birmingham,2022,2022-07-30,CWG,Rep,4,4,PALMER_Daniel,JAM,10010821645.0,,5.016,4.454000000000001,4.0,
4168,Birmingham,2022,2022-07-30,CWG,R2,1,1,SAHROM_Muhammad_Shah_Firdaus,MAS,10009150215.0,26.693150684931506,25.356,25.689999999999998,6.0,
4169,Birmingham,2022,2022-07-30,CWG,R2,1,2,BROWNE_Kwesi,TTO,10009010876.0,28.512328767123286,26.01,26.194000000000003,5.0,
4170,Birmingham,2022,2022-07-30,CWG,R2,1,3,CARLIN_Jack,SCO,10009967641.0,25.284931506849315,30.461,30.439,2.0,
4171,Birmingham,2022,2022-07-30,CWG,R2,1,4,WEBSTER_Sam,NZL,10006184742.0,31.06027397260274,28.36,28.333,3.0,
4172,Birmingham,2022,2022-07-30,CWG,R2,1,5,GLAETZER_Matthew,AUS,10006894559.0,29.95068493150685,32.36,32.163999999999994,1.0,
4173,Birmingham,2022,2022-07-30,CWG,R2,1,6,TRUMAN_Joseph,ENG,10017950943.0,25.471232876712328,26.764,26.561,4.0,
4174,Birmingham,2022,2022-07-30,CWG,R2,2,1,PAUL_Nicholas,TTO,10010821241.0,23.865753424657534,30.079,30.716,1.0,
4175,Birmingham,2022,2022-07-30,CWG,R2,2,2,SAUNDERS_Callum,NZL,10009012391.0,122.66301369863014,28.618,28.942,2.0,
4176,Birmingham,2022,2022-07-30,CWG,R2,2,3,RICHARDSON_Matthew,AUS,10015145724.0,23.301369863013697,28.256,28.326999999999998,3.0,
4177,Birmingham,2022,2022-07-30,CWG,R2,2,4,DAKIN_Sam,NZL,10010624918.0,25.91780821917808,26.127,26.126,4.0,
4178,Birmingham,2022,2022-07-30,CWG,R2,2,5,TURNBULL_Hamish,ENG,10015483305.0,23.063013698630137,21.804000000000002,21.892,6.0,
4179,Birmingham,2022,2022-07-30,CWG,R2,2,6,CORNISH_Thomas,AUS,10055349695.0,22.46849315068493,23.618,22.985,5.0,
4180,Birmingham,2022,2022-07-30,CWG,Final,1,1,PAUL_Nicholas,TTO,10010821241.0,23.865753424657534,30.716,31.316999999999997,1.0,
4181,Birmingham,2022,2022-07-30,CWG,Final,1,2,CARLIN_Jack,SCO,10009967641.0,25.284931506849315,30.439,30.533,2.0,
4182,Birmingham,2022,2022-07-30,CWG,Final,1,3,SAHROM_Muhammad_Shah_Firdaus,MAS,10009150215.0,26.693150684931506,25.689999999999998,25.856,6.0,
4183,Birmingham,2022,2022-07-30,CWG,Final,1,4,RICHARDSON_Matthew,AUS,10015145724.0,23.301369863013697,28.326999999999998,28.28,4.0,
4184,Birmingham,2022,2022-07-30,CWG,Final,1,5,SAUNDERS_Callum,NZL,10009012391.0,122.66301369863014,28.942,28.583,3.0,
4185,Birmingham,2022,2022-07-30,CWG,Final,1,6,BROWNE_Kwesi,TTO,10009010876.0,28.512328767123286,26.194000000000003,26.053,5.0,
4186,Birmingham,2022,2022-07-30,CWG,Final,2,1,WEBSTER_Sam,NZL,10006184742.0,31.06027397260274,28.333,28.593999999999998,2.0,
4187,Birmingham,2022,2022-07-30,CWG,Final,2,2,CORNISH_Thomas,AUS,10055349695.0,22.46849315068493,22.985,23.852,5.0,
4188,Birmingham,2022,2022-07-30,CWG,Final,2,3,TURNBULL_Hamish,ENG,10015483305.0,23.063013698630137,21.892,22.713,6.0,
4189,Birmingham,2022,2022-07-30,CWG,Final,2,4,DAKIN_Sam,NZL,10010624918.0,25.91780821917808,26.126,26.131,4.0,
4190,Birmingham,2022,2022-07-30,CWG,Final,2,5,GLAETZER_Matthew,AUS,10006894559.0,29.95068493150685,32.163999999999994,31.942000000000004,1.0,
4191,Birmingham,2022,2022-07-30,CWG,Final,2,6,TRUMAN_Joseph,ENG,10017950943.0,25.471232876712328,26.561,26.334,3.0,
4192,Paris,2022,2022-10-13,WCH,R1,1,1,LAVREYSEN_Harrie,NED,10009535686.0,25.6,33.036,33.117,1.0,
4193,Paris,2022,2022-10-13,WCH,R1,1,2,SAHROM_Muhammad_Shah_Firdaus,MAS,10009150215.0,26.898630136986302,25.856,25.971,3.0,
4194,Paris,2022,2022-10-13,WCH,R1,1,3,JONAUSKAS_Svaj?nas,LTU,10009181032.0,27.797260273972604,16.094,18.314,5.0,
4195,Paris,2022,2022-10-13,WCH,R1,1,4,HELAL_Rayan,FRA,10015683567.0,23.742465753424657,27.81,27.560000000000002,2.0,
4196,Paris,2022,2022-10-13,WCH,R1,1,5,MARTINEZ_CHORRO_Alejandro,ESP,10011152354.0,24.394520547945206,18.556,18.142,4.0,
4197,Paris,2022,2022-10-13,WCH,R1,2,1,BÖTTICHER_Stefan,GER,10048325582.0,30.71780821917808,31.401000000000003,31.548,1.0,
4198,Paris,2022,2022-10-13,WCH,R1,2,2,TERASAKI_Kohei,JPN,10010592279.0,28.791780821917808,17.852000000000004,22.137999999999998,5.0,
4199,Paris,2022,2022-10-13,WCH,R1,2,3,VIGIER_Sébastien,FRA,10010678569.0,25.504109589041096,30.005000000000003,29.929,2.0,
4200,Paris,2022,2022-10-13,WCH,R1,2,4,RAMIREZ_MORALES_Santiago,COL,10009039774.0,28.252054794520546,25.793,25.756999999999998,4.0,
4201,Paris,2022,2022-10-13,WCH,R1,2,5,BÁBEK_Tomáš,CZE,10004612534.0,35.38356164383562,26.86,26.688000000000002,3.0,
4202,Paris,2022,2022-10-13,WCH,R1,3,1,QUINTERO_CHAVARRO_Kevin_Santiago,COL,10010830840.0,23.975342465753425,28.762999999999998,28.955000000000002,1.0,
4203,Paris,2022,2022-10-13,WCH,R1,3,2,RICHARDSON_Matthew,AUS,10015145724.0,23.506849315068493,28.28,28.413999999999998,2.0,
4204,Paris,2022,2022-10-13,WCH,R1,3,3,BROWNE_Kwesi,TTO,10009010876.0,28.71780821917808,26.053,26.099,3.0,
4205,Paris,2022,2022-10-13,WCH,R1,3,4,ZHOU_Yu,CHN,10052089586.0,23.786301369863015,21.062,21.326999999999998,6.0,
4206,Paris,2022,2022-10-13,WCH,R1,3,5,LANDERNEAU_Melvin,FRA,10010713329.0,25.057534246575344,23.561,23.046999999999997,5.0,
4207,Paris,2022,2022-10-13,WCH,R1,3,6,JURCZYK_Marc,GER,10009178002.0,26.745205479452054,25.136,24.788,4.0,
4208,Paris,2022,2022-10-13,WCH,R1,4,1,GLAETZER_Matthew,AUS,10006894559.0,30.156164383561645,31.942000000000004,32.033,1.0,
4209,Paris,2022,2022-10-13,WCH,R1,4,2,YAMASAKI_Kento,JPN,10020900955.0,29.84109589041096,26.876,27.325,2.0,
4210,Paris,2022,2022-10-13,WCH,R1,4,3,TJON_EN_FA_Jaïr,SUR,10117936018.0,29.002739726027396,24.070999999999998,24.219,4.0,
4211,Paris,2022,2022-10-13,WCH,R1,4,4,PONOMARYOV_Sergey,KAZ,10010797292.0,24.512328767123286,26.404,26.194000000000003,3.0,
4212,Paris,2022,2022-10-13,WCH,R1,4,5,ESOW_Esow,IND,10050873046.0,21.60821917808219,16.391,15.905999999999999,5.0,
4213,Paris,2022,2022-10-13,WCH,R1,5,1,CARLIN_Jack,GBR,10009967641.0,25.49041095890411,30.533,30.678,1.0,
4214,Paris,2022,2022-10-13,WCH,R1,5,2,HOOGLAND_Jeffrey,NED,10007379761.0,29.5972602739726,27.661,27.886000000000003,3.0,
4215,Paris,2022,2022-10-13,WCH,R1,5,3,CORNISH_Thomas,AUS,10055349695.0,22.673972602739727,23.852,24.201,4.0,
4216,Paris,2022,2022-10-13,WCH,R1,5,4,ANGSUTHASAWIT_Jai,THA,10009009159.0,27.673972602739727,28.948999999999998,28.759999999999998,2.0,
4217,Paris,2022,2022-10-13,WCH,R1,5,5,HEDGCOCK_James,CAN,10048888990.0,20.923287671232877,15.517,16.279,6.0,
4218,Paris,2022,2022-10-13,WCH,R1,5,6,SPIES_Jean,RSA,10007351671.0,32.8986301369863,18.383999999999997,18.137999999999998,5.0,
4219,Paris,2022,2022-10-13,WCH,Rep,1,1,ANGSUTHASAWIT_Jai,THA,10009009159.0,27.673972602739727,28.759999999999998,28.912,1.0,
4220,Paris,2022,2022-10-13,WCH,Rep,1,2,PONOMARYOV_Sergey,KAZ,10010797292.0,24.512328767123286,26.194000000000003,26.282,2.0,
4221,Paris,2022,2022-10-13,WCH,Rep,1,3,JURCZYK_Marc,GER,10009178002.0,26.745205479452054,24.788,24.726,3.0,
4222,Paris,2022,2022-10-13,WCH,Rep,1,4,JONAUSKAS_Svaj?nas,LTU,10009181032.0,27.797260273972604,18.314,17.772,4.0,
4223,Paris,2022,2022-10-13,WCH,Rep,2,1,VIGIER_Sébastien,FRA,10010678569.0,25.504109589041096,29.929,30.064,1.0,
4224,Paris,2022,2022-10-13,WCH,Rep,2,2,HELAL_Rayan,FRA,10015683567.0,23.742465753424657,27.560000000000002,27.572,2.0,
4225,Paris,2022,2022-10-13,WCH,Rep,2,3,HEDGCOCK_James,CAN,10048888990.0,20.923287671232877,16.279,17.509,4.0,
4226,Paris,2022,2022-10-13,WCH,Rep,2,4,ZHOU_Yu,CHN,10052089586.0,23.786301369863015,21.326999999999998,21.153000000000002,3.0,
4227,Paris,2022,2022-10-13,WCH,Rep,2,5,VAN_LOON_Tijmen,NED,10023438921.0,21.58082191780822,9.0,4.964,5.0,
4228,Paris,2022,2022-10-13,WCH,Rep,3,1,RAMIREZ_MORALES_Santiago,COL,10009039774.0,28.252054794520546,25.756999999999998,26.000999999999998,2.0,
4229,Paris,2022,2022-10-13,WCH,Rep,3,2,ESOW_Esow,IND,10050873046.0,21.60821917808219,15.905999999999999,18.044999999999998,5.0,
4230,Paris,2022,2022-10-13,WCH,Rep,3,3,BROWNE_Kwesi,TTO,10009010876.0,28.71780821917808,26.099,26.003999999999998,1.0,
4231,Paris,2022,2022-10-13,WCH,Rep,3,4,MARTINEZ_CHORRO_Alejandro,ESP,10011152354.0,24.394520547945206,18.142,18.168,3.0,
4232,Paris,2022,2022-10-13,WCH,Rep,3,5,SPIES_Jean,RSA,10007351671.0,32.8986301369863,18.137999999999998,17.877,4.0,
4233,Paris,2022,2022-10-13,WCH,Rep,4,1,LANDERNEAU_Melvin,FRA,10010713329.0,25.057534246575344,23.046999999999997,24.242,4.0,
4234,Paris,2022,2022-10-13,WCH,Rep,4,2,TJON_EN_FA_Jaïr,SUR,10117936018.0,29.002739726027396,24.219,24.397000000000002,2.0,
4235,Paris,2022,2022-10-13,WCH,Rep,4,3,CORNISH_Thomas,AUS,10055349695.0,22.673972602739727,24.201,24.164,3.0,
4236,Paris,2022,2022-10-13,WCH,Rep,4,4,BÁBEK_Tomáš,CZE,10004612534.0,35.38356164383562,26.688000000000002,26.497,1.0,
4237,Paris,2022,2022-10-13,WCH,R2,1,1,LAVREYSEN_Harrie,NED,10009535686.0,25.6,33.117,33.303999999999995,1.0,
4238,Paris,2022,2022-10-13,WCH,R2,1,2,TERASAKI_Kohei,JPN,10010592279.0,28.791780821917808,22.137999999999998,25.110999999999997,6.0,
4239,Paris,2022,2022-10-13,WCH,R2,1,3,GLAETZER_Matthew,AUS,10006894559.0,30.156164383561645,32.033,32.006,2.0,
4240,Paris,2022,2022-10-13,WCH,R2,1,4,VIGIER_Sébastien,FRA,10010678569.0,25.504109589041096,30.064,29.984,3.0,
4241,Paris,2022,2022-10-13,WCH,R2,1,5,RAMIREZ_MORALES_Santiago,COL,10009039774.0,28.252054794520546,26.000999999999998,25.938000000000002,4.0,
4242,Paris,2022,2022-10-13,WCH,R2,1,6,TJON_EN_FA_Jaïr,SUR,10117936018.0,29.002739726027396,24.397000000000002,24.185000000000002,5.0,
4243,Paris,2022,2022-10-13,WCH,R2,2,1,RICHARDSON_Matthew,AUS,10015145724.0,23.506849315068493,28.413999999999998,28.823999999999998,4.0,
4244,Paris,2022,2022-10-13,WCH,R2,2,2,LANDERNEAU_Melvin,FRA,10010713329.0,25.057534246575344,24.242,25.32,5.0,
4245,Paris,2022,2022-10-13,WCH,R2,2,3,ESOW_Esow,IND,10050873046.0,21.60821917808219,18.044999999999998,20.333,6.0,
4246,Paris,2022,2022-10-13,WCH,R2,2,4,CARLIN_Jack,GBR,10009967641.0,25.49041095890411,30.678,30.572999999999997,2.0,
4247,Paris,2022,2022-10-13,WCH,R2,2,5,BÖTTICHER_Stefan,GER,10048325582.0,30.71780821917808,31.548,31.324,1.0,
4248,Paris,2022,2022-10-13,WCH,R2,2,6,ANGSUTHASAWIT_Jai,THA,10009009159.0,27.673972602739727,28.912,28.635,3.0,
4249,Paris,2022,2022-10-13,WCH,R2,3,1,QUINTERO_CHAVARRO_Kevin_Santiago,COL,10010830840.0,23.975342465753425,28.955000000000002,29.174,1.0,
4250,Paris,2022,2022-10-13,WCH,R2,3,2,HOOGLAND_Jeffrey,NED,10007379761.0,29.5972602739726,27.886000000000003,28.166999999999998,2.0,
4251,Paris,2022,2022-10-13,WCH,R2,3,3,SAHROM_Muhammad_Shah_Firdaus,MAS,10009150215.0,26.898630136986302,25.971,26.087,6.0,
4252,Paris,2022,2022-10-13,WCH,R2,3,4,PONOMARYOV_Sergey,KAZ,10010797292.0,24.512328767123286,26.282,26.314,5.0,
4253,Paris,2022,2022-10-13,WCH,R2,3,5,YAMASAKI_Kento,JPN,10020900955.0,29.84109589041096,27.325,26.706,4.0,
4254,Paris,2022,2022-10-13,WCH,R2,3,6,HELAL_Rayan,FRA,10015683567.0,23.742465753424657,27.572,27.288,3.0,
4255,Paris,2022,2022-10-13,WCH,R3,1,1,LANDERNEAU_Melvin,FRA,10010713329.0,25.057534246575344,25.32,26.66,4.0,
4256,Paris,2022,2022-10-13,WCH,R3,1,2,LAVREYSEN_Harrie,NED,10009535686.0,25.6,33.303999999999995,33.268,1.0,
4257,Paris,2022,2022-10-13,WCH,R3,1,3,TERASAKI_Kohei,JPN,10010592279.0,28.791780821917808,25.110999999999997,25.785,5.0,
4258,Paris,2022,2022-10-13,WCH,R3,1,4,ESOW_Esow,IND,10050873046.0,21.60821917808219,20.333,21.268,6.0,
4259,Paris,2022,2022-10-13,WCH,R3,1,5,PONOMARYOV_Sergey,KAZ,10010797292.0,24.512328767123286,26.314,26.16,2.0,
4260,Paris,2022,2022-10-13,WCH,R3,1,6,SAHROM_Muhammad_Shah_Firdaus,MAS,10009150215.0,26.898630136986302,26.087,25.889,3.0,
4261,Paris,2022,2022-10-13,WCH,R3,2,1,QUINTERO_CHAVARRO_Kevin_Santiago,COL,10010830840.0,23.975342465753425,29.174,29.438000000000002,4.0,
4262,Paris,2022,2022-10-13,WCH,R3,2,2,HOOGLAND_Jeffrey,NED,10007379761.0,29.5972602739726,28.166999999999998,28.564,6.0,
4263,Paris,2022,2022-10-13,WCH,R3,2,3,VIGIER_Sébastien,FRA,10010678569.0,25.504109589041096,29.984,30.049,3.0,
4264,Paris,2022,2022-10-13,WCH,R3,2,4,RICHARDSON_Matthew,AUS,10015145724.0,23.506849315068493,28.823999999999998,28.849,5.0,
4265,Paris,2022,2022-10-13,WCH,R3,2,5,GLAETZER_Matthew,AUS,10006894559.0,30.156164383561645,32.006,31.869,1.0,
4266,Paris,2022,2022-10-13,WCH,R3,2,6,CARLIN_Jack,GBR,10009967641.0,25.49041095890411,30.572999999999997,30.353,2.0,
4267,Paris,2022,2022-10-13,WCH,Final,1,1,LAVREYSEN_Harrie,NED,10009535686.0,25.6,33.268,33.451,1.0,
4268,Paris,2022,2022-10-13,WCH,Final,1,2,HOOGLAND_Jeffrey,NED,10007379761.0,29.5972602739726,28.564,28.924,4.0,
4269,Paris,2022,2022-10-13,WCH,Final,1,3,QUINTERO_CHAVARRO_Kevin_Santiago,COL,10010830840.0,23.975342465753425,29.438000000000002,29.5,3.0,
4270,Paris,2022,2022-10-13,WCH,Final,1,4,VIGIER_Sébastien,FRA,10010678569.0,25.504109589041096,30.049,29.991,2.0,
4271,Paris,2022,2022-10-13,WCH,Final,1,5,LANDERNEAU_Melvin,FRA,10010713329.0,25.057534246575344,26.66,26.459,5.0,
4272,Paris,2022,2022-10-13,WCH,Final,1,6,TERASAKI_Kohei,JPN,10010592279.0,28.791780821917808,25.785,24.681,6.0,
4273,Paris,2022,2022-10-13,WCH,Final,2,1,GLAETZER_Matthew,AUS,10006894559.0,30.156164383561645,31.869,31.994999999999997,1.0,
4274,Paris,2022,2022-10-13,WCH,Final,2,2,RICHARDSON_Matthew,AUS,10015145724.0,23.506849315068493,28.849,29.059,3.0,
4275,Paris,2022,2022-10-13,WCH,Final,2,3,CARLIN_Jack,GBR,10009967641.0,25.49041095890411,30.353,30.332,2.0,
4276,Paris,2022,2022-10-13,WCH,Final,2,4,SAHROM_Muhammad_Shah_Firdaus,MAS,10009150215.0,26.898630136986302,25.889,25.919,5.0,
4277,Paris,2022,2022-10-13,WCH,Final,2,5,PONOMARYOV_Sergey,KAZ,10010797292.0,24.512328767123286,26.16,26.016000000000002,4.0,
4278,Paris,2022,2022-10-13,WCH,Final,2,6,ESOW_Esow,IND,10050873046.0,21.60821917808219,21.268,20.713,6.0,
4279,Jakarta,2023,2023-02-25,NC,R1,1,1,LAVREYSEN_Harrie,NED,,,33.451,33.556999999999995,1.0,
4280,Jakarta,2023,2023-02-25,NC,R1,1,2,VIGIER_Sébastien,FRA,,,29.991,30.020999999999997,2.0,
4281,Jakarta,2023,2023-02-25,NC,R1,1,3,DANYLCHUK_Bohdan,UKR,,,9.0,17.204,4.0,
4282,Jakarta,2023,2023-02-25,NC,R1,1,4,TURNBULL_Hamish,GBR,,,22.713,22.318,3.0,
4283,Jakarta,2023,2023-02-25,NC,R1,2,1,YAMASAKI_Kento,RKD,,,26.706,27.704,2.0,
4284,Jakarta,2023,2023-02-25,NC,R1,2,2,DERACHE_Tom,FRA,,,9.0,22.01,5.0,
4285,Jakarta,2023,2023-02-25,NC,R1,2,3,RICHARDSON_Matthew,AUS,,,29.059,28.977,1.0,
4286,Jakarta,2023,2023-02-25,NC,R1,2,4,TJON_EN_FA_Jaïr,SUR,,,24.185000000000002,24.174,3.0,
4287,Jakarta,2023,2023-02-25,NC,R1,2,5,MORENO_SANCHEZ_Jose,ESP,,,23.003,22.706,4.0,
4288,Jakarta,2023,2023-02-25,NC,R1,3,1,OBARA_Yuta,JPN,,,23.009,23.852,4.0,
4289,Jakarta,2023,2023-02-25,NC,R1,3,2,RAJKOWSKI_Patryk,POL,,,24.53,24.782999999999998,3.0,
4290,Jakarta,2023,2023-02-25,NC,R1,3,3,YAKOVLEV_Mikhail,ISR,,,28.632,27.560000000000002,2.0,
4291,Jakarta,2023,2023-02-25,NC,R1,3,4,ESOW_Esow,IND,,,20.713,21.202,5.0,
4292,Jakarta,2023,2023-02-25,NC,R1,3,5,QUINTERO_CHAVARRO_Kevin_Santiago,COL,,,29.5,29.245,1.0,
4293,Jakarta,2023,2023-02-25,NC,R1,3,6,NAPOLITANO_Daniele,ITA,,,9.0,6.289999999999999,6.0,
4294,Jakarta,2023,2023-02-25,NC,R1,4,1,HOOGLAND_Jeffrey,NED,,,28.924,29.256,2.0,
4295,Jakarta,2023,2023-02-25,NC,R1,4,2,OH_Jeseok,KOR,,,23.401,24.132,3.0,
4296,Jakarta,2023,2023-02-25,NC,R1,4,3,?ECHMAN_Martin,CZE,,,9.0,19.705,7.0,
4297,Jakarta,2023,2023-02-25,NC,R1,4,4,SAHROM_Muhammad_Ridwan,AZA,,,11.481,17.418,6.0,
4298,Jakarta,2023,2023-02-25,NC,R1,4,5,BOONE_Evan,USA,,,16.548000000000002,18.220999999999997,5.0,
4299,Jakarta,2023,2023-02-25,NC,R1,4,6,HEDGCOCK_James,NCI,,,17.509,17.942,4.0,
4300,Jakarta,2023,2023-02-25,NC,R1,4,7,CARLIN_Jack,GBR,,,30.332,29.942,1.0,
4301,Jakarta,2023,2023-02-25,NC,R1,5,1,TERASAKI_Kohei,RKD,,,24.681,26.076,2.0,
4302,Jakarta,2023,2023-02-25,NC,R1,5,2,RAMIREZ_MORALES_Santiago,COL,,,25.938000000000002,26.150000000000002,1.0,
4303,Jakarta,2023,2023-02-25,NC,R1,5,3,KANG_Seojun,KOR,,,9.0,19.268,6.0,
4304,Jakarta,2023,2023-02-25,NC,R1,5,4,LENDEL_Vasilijus,LTU,,,24.499,24.499,3.0,
4305,Jakarta,2023,2023-02-25,NC,R1,5,5,DODYK_Ryan,NCI,,,20.675,20.674999999999997,5.0,
4306,Jakarta,2023,2023-02-25,NC,R1,5,6,Š?ASTNÝ_Jakub,CZE,,,9.0,12.592999999999998,6.0,
4307,Jakarta,2023,2023-02-25,NC,R1,5,7,VERDUGO_OSUNA_Edgar,MEX,,,20.983,20.491,4.0,
4308,Jakarta,2023,2023-02-25,NC,R1,6,1,DAKIN_Sam,NZL,,,26.131,26.733,3.0,
4309,Jakarta,2023,2023-02-25,NC,R1,6,2,DENYSENKO_Vladyslav,UKR,,,9.0,22.119999999999997,7.0,
4310,Jakarta,2023,2023-02-25,NC,R1,6,3,SARNECKI_Rafal,POL,,,24.947,25.215,4.0,
4311,Jakarta,2023,2023-02-25,NC,R1,6,4,RUIZ_TERAN_Juan,MEX,,,13.146,16.255,6.0,
4312,Jakarta,2023,2023-02-25,NC,R1,6,5,ANGSUTHASAWIT_Jai,THA,,,28.635,28.423000000000002,1.0,
4313,Jakarta,2023,2023-02-25,NC,R1,6,6,TRUMAN_Joseph,TIN,,,26.334,26.125,2.0,
4314,Jakarta,2023,2023-02-25,NC,R1,6,7,XUE_Chenxi,CHN,,,18.558999999999997,16.572000000000003,5.0,
4315,Jakarta,2023,2023-02-25,NC,R1,7,1,SAHROM_Muhammad_Shah_Firdaus,MAS,,,25.919,26.113999999999997,2.0,
4316,Jakarta,2023,2023-02-25,NC,R1,7,2,JURCZYK_Marc,GER,,,24.726,24.91,3.0,
4317,Jakarta,2023,2023-02-25,NC,R1,7,3,PONOMARYOV_Sergey,KAZ,,,26.016000000000002,25.988,1.0,
4318,Jakarta,2023,2023-02-25,NC,R1,7,4,BRETAS_Sotirios,GRE,,,18.523000000000003,19.02,5.0,
4319,Jakarta,2023,2023-02-25,NC,R1,7,5,TO_Cheuk_Hei,HKG,,,17.313,17.485,6.0,
4320,Jakarta,2023,2023-02-25,NC,R1,7,6,ELKATHCHOONGO_David,IND,,,20.616,19.258000000000003,4.0,
4321,Jakarta,2023,2023-02-25,NC,R1,7,7,REID_Malik,JAM,,,9.402000000000001,8.835,7.0,
4322,Jakarta,2023,2023-02-25,NC,R1,8,1,CORNISH_Thomas,AUS,,,24.164,24.936,2.0,
4323,Jakarta,2023,2023-02-25,NC,R1,8,2,BÖTTICHER_Stefan,GER,,,31.324,31.258,1.0,
4324,Jakarta,2023,2023-02-25,NC,R1,8,3,KANG_Shih_Feng,TPE,,,22.985999999999997,23.11,3.0,
4325,Jakarta,2023,2023-02-25,NC,R1,8,4,MARTINEZ_CHORRO_Alejandro,ESP,,,18.168,18.772000000000002,5.0,
4326,Jakarta,2023,2023-02-25,NC,R1,8,5,DHENTAKA_Dika_Alif,INA,,,9.0,14.155,7.0,
4327,Jakarta,2023,2023-02-25,NC,R1,8,6,WAMMES_Nick,CAN,,,19.828,19.274,4.0,
4328,Jakarta,2023,2023-02-25,NC,R1,8,7,CHUGAY_Andrey,KAZ,,,17.222,15.532999999999998,6.0,
4329,Jakarta,2023,2023-02-25,NC,Rep,1,1,VIGIER_Sébastien,FRA,,,30.020999999999997,30.203,1.0,
4330,Jakarta,2023,2023-02-25,NC,Rep,1,2,PONOMARYOV_Sergey,KAZ,,,25.988,26.214,3.0,
4331,Jakarta,2023,2023-02-25,NC,Rep,1,3,CARLIN_Jack,GBR,,,29.942,29.865000000000002,2.0,
4332,Jakarta,2023,2023-02-25,NC,Rep,1,4,SARNECKI_Rafal,POL,,,25.215,25.046,4.0,
4333,Jakarta,2023,2023-02-25,NC,Rep,1,5,BOONE_Evan,USA,,,18.220999999999997,17.425,5.0,
4334,Jakarta,2023,2023-02-25,NC,Rep,2,1,QUINTERO_CHAVARRO_Kevin_Santiago,COL,,,29.245,29.393,1.0,
4335,Jakarta,2023,2023-02-25,NC,Rep,2,2,KANG_Shih_Feng,TPE,,,23.11,23.375,3.0,
4336,Jakarta,2023,2023-02-25,NC,Rep,2,3,KANG_Seojun,KOR,,,19.268,21.759,5.0,
4337,Jakarta,2023,2023-02-25,NC,Rep,2,4,DERACHE_Tom,FRA,,,22.01,21.884,4.0,
4338,Jakarta,2023,2023-02-25,NC,Rep,2,5,ANGSUTHASAWIT_Jai,THA,,,28.423000000000002,28.169999999999998,2.0,
4339,Jakarta,2023,2023-02-25,NC,Rep,2,6,CHUGAY_Andrey,KAZ,,,15.532999999999998,15.105999999999998,6.0,
4340,Jakarta,2023,2023-02-25,NC,Rep,3,1,?ECHMAN_Martin,CZE,,,19.705,24.288,4.0,
4341,Jakarta,2023,2023-02-25,NC,Rep,3,2,TURNBULL_Hamish,GBR,,,22.318,22.954,3.0,
4342,Jakarta,2023,2023-02-25,NC,Rep,3,3,TO_Cheuk_Hei,HKG,,,17.485,19.34,5.0,
4343,Jakarta,2023,2023-02-25,NC,Rep,3,4,XUE_Chenxi,CHN,,,16.572000000000003,18.043,6.0,
4344,Jakarta,2023,2023-02-25,NC,Rep,3,5,MORENO_SANCHEZ_Jose,ESP,,,22.706,22.514,2.0,
4345,Jakarta,2023,2023-02-25,NC,Rep,3,6,RAJKOWSKI_Patryk,POL,,,24.782999999999998,24.431,1.0,
4346,Jakarta,2023,2023-02-25,NC,Rep,4,1,YAKOVLEV_Mikhail,ISR,,,27.560000000000002,29.218,1.0,
4347,Jakarta,2023,2023-02-25,NC,Rep,4,2,NAKANO_Shinji,JPN,,,19.674999999999997,24.283,5.0,
4348,Jakarta,2023,2023-02-25,NC,Rep,4,3,DHENTAKA_Dika_Alif,INA,,,14.155,19.819,7.0,
4349,Jakarta,2023,2023-02-25,NC,Rep,4,4,TJON_EN_FA_Jaïr,SUR,,,24.174,24.273,3.0,
4350,Jakarta,2023,2023-02-25,NC,Rep,4,5,ELKATHCHOONGO_David,IND,,,19.258000000000003,19.979999999999997,6.0,
4351,Jakarta,2023,2023-02-25,NC,Rep,4,6,TRUMAN_Joseph,TIN,,,26.125,25.942999999999998,2.0,
4352,Jakarta,2023,2023-02-25,NC,Rep,4,7,OH_Jeseok,KOR,,,24.132,23.424,4.0,
4353,Jakarta,2023,2023-02-25,NC,Rep,5,1,RICHARDSON_Matthew,AUS,,,28.977,29.253,2.0,
4354,Jakarta,2023,2023-02-25,NC,Rep,5,2,AWANG_Mohd_Azizulhasni,MAS,,,30.673000000000002,30.663,1.0,
4355,Jakarta,2023,2023-02-25,NC,Rep,5,3,RAMIREZ_MORALES_Santiago,COL,,,26.150000000000002,26.152,3.0,
4356,Jakarta,2023,2023-02-25,NC,Rep,5,4,Š?ASTNÝ_Jakub,CZE,,,12.592999999999998,15.567,5.0,
4357,Jakarta,2023,2023-02-25,NC,Rep,5,5,ESOW_Esow,IND,,,21.202,20.588,4.0,
4358,Jakarta,2023,2023-02-25,NC,Rep,6,1,BÖTTICHER_Stefan,GER,,,31.258,31.325,1.0,
4359,Jakarta,2023,2023-02-25,NC,Rep,6,2,BRETAS_Sotirios,GRE,,,19.02,20.022,5.0,
4360,Jakarta,2023,2023-02-25,NC,Rep,6,3,VERDUGO_OSUNA_Edgar,MEX,,,20.491,20.805999999999997,3.0,
4361,Jakarta,2023,2023-02-25,NC,Rep,6,4,WAMMES_Nick,CAN,,,19.274,19.634,4.0,
4362,Jakarta,2023,2023-02-25,NC,Rep,6,5,MORO_Stefano,ITA,,,9.0,13.816,7.0,
4363,Jakarta,2023,2023-02-25,NC,Rep,6,6,SAHROM_Muhammad_Ridwan,AZA,,,17.418,16.512,6.0,
4364,Jakarta,2023,2023-02-25,NC,Rep,6,7,DENYSENKO_Vladyslav,UKR,,,22.119999999999997,16.559,2.0,
4365,Jakarta,2023,2023-02-25,NC,Rep,7,1,JURCZYK_Marc,GER,,,24.91,25.212,1.0,
4366,Jakarta,2023,2023-02-25,NC,Rep,7,2,DANYLCHUK_Bohdan,UKR,,,17.204,20.86,4.0,
4367,Jakarta,2023,2023-02-25,NC,Rep,7,3,LENDEL_Vasilijus,LTU,,,24.499,24.492,2.0,
4368,Jakarta,2023,2023-02-25,NC,Rep,7,4,HEDGCOCK_James,NCI,,,17.942,18.292,3.0,
4369,Jakarta,2023,2023-02-25,NC,Rep,7,5,NAPOLITANO_Daniele,ITA,,,6.289999999999999,11.093999999999998,7.0,
4370,Jakarta,2023,2023-02-25,NC,Rep,7,6,RUIZ_TERAN_Juan,MEX,,,16.255,15.477,5.0,
4371,Jakarta,2023,2023-02-25,NC,Rep,7,7,REID_Malik,JAM,,,8.835,8.074000000000002,6.0,
4372,Jakarta,2023,2023-02-25,NC,R2,1,1,LAVREYSEN_Harrie,NED,,,33.556999999999995,33.69499999999999,1.0,
4373,Jakarta,2023,2023-02-25,NC,R2,1,2,CORNISH_Thomas,AUS,,,24.936,25.599,4.0,
4374,Jakarta,2023,2023-02-25,NC,R2,1,3,VIGIER_Sébastien,FRA,,,30.203,30.191,3.0,
4375,Jakarta,2023,2023-02-25,NC,R2,1,4,NAKANO_Shinji,JPN,,,24.283,24.455000000000002,5.0,
4376,Jakarta,2023,2023-02-25,NC,R2,1,5,AWANG_Mohd_Azizulhasni,MAS,,,30.663,30.486,2.0,
4377,Jakarta,2023,2023-02-25,NC,R2,2,1,YAMASAKI_Kento,RKD,,,27.704,28.404,2.0,
4378,Jakarta,2023,2023-02-25,NC,R2,2,2,QUINTERO_CHAVARRO_Kevin_Santiago,COL,,,29.393,29.398999999999997,1.0,
4379,Jakarta,2023,2023-02-25,NC,R2,2,3,TURNBULL_Hamish,GBR,,,22.954,23.146,4.0,
4380,Jakarta,2023,2023-02-25,NC,R2,2,4,JURCZYK_Marc,GER,,,25.212,25.004,3.0,
4381,Jakarta,2023,2023-02-25,NC,R2,3,1,OBARA_Yuta,JPN,,,23.852,24.654999999999998,4.0,
4382,Jakarta,2023,2023-02-25,NC,R2,3,2,DAKIN_Sam,NZL,,,26.733,27.004,2.0,
4383,Jakarta,2023,2023-02-25,NC,R2,3,3,BÖTTICHER_Stefan,GER,,,31.325,31.208,1.0,
4384,Jakarta,2023,2023-02-25,NC,R2,3,4,?ECHMAN_Martin,CZE,,,24.288,23.463,3.0,
4385,Jakarta,2023,2023-02-25,NC,R2,3,5,DANYLCHUK_Bohdan,UKR,,,20.86,19.317,5.0,
4386,Jakarta,2023,2023-02-25,NC,R2,4,1,YAKOVLEV_Mikhail,ISR,,,29.218,30.673000000000002,3.0,
4387,Jakarta,2023,2023-02-25,NC,R2,4,2,HOOGLAND_Jeffrey,NED,,,29.256,29.499,1.0,
4388,Jakarta,2023,2023-02-25,NC,R2,4,3,RICHARDSON_Matthew,AUS,,,29.253,29.296,2.0,
4389,Jakarta,2023,2023-02-25,NC,R2,4,4,TERASAKI_Kohei,RKD,,,26.076,26.080000000000002,5.0,
4390,Jakarta,2023,2023-02-25,NC,R2,4,5,PONOMARYOV_Sergey,KAZ,,,26.214,26.089,4.0,
4391,Jakarta,2023,2023-02-25,NC,R2,4,6,BRETAS_Sotirios,GRE,,,20.022,19.752000000000002,6.0,
4392,Jakarta,2023,2023-02-25,NC,Rep,1,1,AWANG_Mohd_Azizulhasni,MAS,,,30.486,30.637,1.0,
4393,Jakarta,2023,2023-02-25,NC,Rep,1,2,RICHARDSON_Matthew,AUS,,,29.296,29.471999999999998,3.0,
4394,Jakarta,2023,2023-02-25,NC,Rep,1,3,VIGIER_Sébastien,FRA,,,30.191,30.188,2.0,
4395,Jakarta,2023,2023-02-25,NC,Rep,1,4,KANG_Shih_Feng,TPE,,,23.375,23.538,7.0,
4396,Jakarta,2023,2023-02-25,NC,Rep,1,5,JURCZYK_Marc,GER,,,25.004,25.013,5.0,
4397,Jakarta,2023,2023-02-25,NC,Rep,1,6,?ECHMAN_Martin,CZE,,,23.463,22.654000000000003,6.0,
4398,Jakarta,2023,2023-02-25,NC,Rep,1,7,TERASAKI_Kohei,RKD,,,26.080000000000002,24.957,4.0,
4399,Jakarta,2023,2023-02-25,NC,Rep,2,1,NAKANO_Shinji,JPN,,,24.455000000000002,26.949,4.0,
4400,Jakarta,2023,2023-02-25,NC,Rep,2,2,SAHROM_Muhammad_Shah_Firdaus,MAS,,,26.113999999999997,26.28,2.0,
4401,Jakarta,2023,2023-02-25,NC,Rep,2,3,BÖTTICHER_Stefan,GER,,,31.208,31.107999999999997,1.0,
4402,Jakarta,2023,2023-02-25,NC,Rep,2,4,PONOMARYOV_Sergey,KAZ,,,26.089,26.042,3.0,
4403,Jakarta,2023,2023-02-25,NC,Rep,2,5,BRETAS_Sotirios,GRE,,,19.752000000000002,19.871,5.0,
4404,Jakarta,2023,2023-02-25,NC,Rep,2,6,DANYLCHUK_Bohdan,UKR,,,19.317,17.717,6.0,
4405,Jakarta,2023,2023-02-25,NC,R3,1,1,YAKOVLEV_Mikhail,ISR,,,30.673000000000002,32.091,2.0,
4406,Jakarta,2023,2023-02-25,NC,R3,1,2,LAVREYSEN_Harrie,NED,,,33.69499999999999,33.753,1.0,
4407,Jakarta,2023,2023-02-25,NC,R3,1,3,DAKIN_Sam,NZL,,,27.004,27.356,5.0,
4408,Jakarta,2023,2023-02-25,NC,R3,1,4,QUINTERO_CHAVARRO_Kevin_Santiago,COL,,,29.398999999999997,29.402,4.0,
4409,Jakarta,2023,2023-02-25,NC,R3,1,5,RICHARDSON_Matthew,AUS,,,29.471999999999998,29.333,3.0,
4410,Jakarta,2023,2023-02-25,NC,R3,1,6,NAKANO_Shinji,JPN,,,26.949,25.43,6.0,
4411,Jakarta,2023,2023-02-25,NC,R3,2,1,AWANG_Mohd_Azizulhasni,MAS,,,30.637,30.726,1.0,
4412,Jakarta,2023,2023-02-25,NC,R3,2,2,SAHROM_Muhammad_Shah_Firdaus,MAS,,,26.28,26.394,3.0,
4413,Jakarta,2023,2023-02-25,NC,R3,2,3,CORNISH_Thomas,AUS,,,25.599,25.647,4.0,
4414,Jakarta,2023,2023-02-25,NC,R3,2,4,YAMASAKI_Kento,RKD,,,28.404,27.603,2.0,
4415,Jakarta,2023,2023-02-25,NC,Final,1,1,LAVREYSEN_Harrie,NED,,,33.753,33.935,1.0,
4416,Jakarta,2023,2023-02-25,NC,FInal,1,2,AWANG_Mohd_Azizulhasni,MAS,,,30.726,30.832000000000004,3.0,
4417,Jakarta,2023,2023-02-25,NC,Final,1,3,YAKOVLEV_Mikhail,ISR,,,32.091,31.814000000000004,2.0,
4418,Jakarta,2023,2023-02-25,NC,Final,1,4,CORNISH_Thomas,AUS,,,25.647,25.866,6.0,
4419,Jakarta,2023,2023-02-25,NC,Final,1,5,DAKIN_Sam,NZL,,,27.356,27.221,4.0,
4420,Jakarta,2023,2023-02-25,NC,Final,1,6,SAHROM_Muhammad_Shah_Firdaus,MAS,,,26.394,26.246,5.0,
4421,Jakarta,2023,2023-02-25,NC,Final,2,1,RICHARDSON_Matthew,AUS,,,29.333,29.650000000000002,3.0,
4422,Jakarta,2023,2023-02-25,NC,Final,2,2,QUINTERO_CHAVARRO_Kevin_Santiago,COL,,,29.402,29.509,2.0,
4423,Jakarta,2023,2023-02-25,NC,Final,2,3,NAKANO_Shinji,JPN,,,25.43,26.178,5.0,
4424,Jakarta,2023,2023-02-25,NC,Final,2,4,OBARA_Yuta,JPN,,,24.654999999999998,24.883000000000003,6.0,
4425,Jakarta,2023,2023-02-25,NC,Final,2,5,HOOGLAND_Jeffrey,NED,,,29.499,29.225,1.0,
4426,Jakarta,2023,2023-02-25,NC,Final,2,6,YAMASAKI_Kento,RKD,,,27.603,26.841,4.0,
4427,Cairo,2023,2023-03-16,NC,R1,1,1,LAVREYSEN_Harrie,NED,10009535686.0,,33.935,34.011,1.0,
4428,Cairo,2023,2023-03-16,NC,R1,1,2,VIGIER_Sébastien,FRA,10010678569.0,,30.188,30.177999999999997,2.0,
4429,Cairo,2023,2023-03-16,NC,R1,1,3,SPIES_Jean,RSA,10007351671.0,,17.877,18.286,4.0,
4430,Cairo,2023,2023-03-16,NC,R1,1,4,VILAR_Lucas_Oscar,ARG,10050089669.0,,17.126,17.372,5.0,
4431,Cairo,2023,2023-03-16,NC,R1,1,5,ELKATHCHOONGO_David,IND,10095274996.0,,19.979999999999997,19.058,3.0,
4432,Cairo,2023,2023-03-16,NC,R1,2,1,NAKANO_Shinji,JPN,10021114658.0,,26.178,27.578,3.0,
4433,Cairo,2023,2023-03-16,NC,R1,2,2,SAUNDERS_Callum,NZL,10009012391.0,,28.583,28.759999999999998,2.0,
4434,Cairo,2023,2023-03-16,NC,R1,2,3,?ECHMAN_Martin,CZE,10010166590.0,,22.654000000000003,23.569000000000003,4.0,
4435,Cairo,2023,2023-03-16,NC,R1,2,4,?_KANG_??_Shih_Feng,TPE,10010608447.0,,9.0,17.399,5.0,
4436,Cairo,2023,2023-03-16,NC,R1,2,5,QUINTERO_CHAVARRO_Kevin_Santiago,COL,10010830840.0,,29.509,29.261999999999997,1.0,
4437,Cairo,2023,2023-03-16,NC,R1,3,1,OTA_Kaiya,JPN,10122775712.0,,9.0,24.232,5.0,
4438,Cairo,2023,2023-03-16,NC,R1,3,2,DERACHE_Tom,FRA,10026071156.0,,21.884,24.009,3.0,
4439,Cairo,2023,2023-03-16,NC,R1,3,3,RAMIREZ_MORALES_Santiago,COL,10009039774.0,,26.152,26.168,1.0,
4440,Cairo,2023,2023-03-16,NC,R1,3,4,DANYLCHUK_Bohdan,UKR,10088729419.0,,17.717,18.643,4.0,
4441,Cairo,2023,2023-03-16,NC,R1,3,5,RAJKOWSKI_Patryk,POL,10009176281.0,,24.431,24.181,2.0,
4442,Cairo,2023,2023-03-16,NC,R1,4,1,ANGSUTHASAWIT_Jai,THA,10009009159.0,,28.169999999999998,28.334,1.0,
4443,Cairo,2023,2023-03-16,NC,R1,4,2,SARNECKI_Rafal,POL,10005953154.0,,25.046,25.288,2.0,
4444,Cairo,2023,2023-03-16,NC,R1,4,3,TJON_EN_FA_Jaïr,SUR,10117936018.0,,24.273,24.294999999999998,3.0,
4445,Cairo,2023,2023-03-16,NC,R1,4,4,SZALONTAY_Sándor,HUN,10007073506.0,,21.957,21.933,4.0,
4446,Cairo,2023,2023-03-16,NC,R1,4,5,TO_Cheuk_Hei,HKG,10063279447.0,,19.34,18.285,5.0,
4447,Cairo,2023,2023-03-16,NC,R1,5,1,TURNBULL_Hamish,GBR,10015483305.0,,23.146,23.798000000000002,2.0,
4448,Cairo,2023,2023-03-16,NC,R1,5,2,DÖRNBACH_Maximilian,GER,10007779683.0,,25.949,25.945,1.0,
4449,Cairo,2023,2023-03-16,NC,R1,5,3,XUE_Chenxi,CHN,10129788610.0,,18.043,18.738,3.0,
4450,Cairo,2023,2023-03-16,NC,R1,5,4,CHUGAY_Andrey,KAZ,10023551075.0,,15.105999999999998,15.566000000000003,5.0,
4451,Cairo,2023,2023-03-16,NC,R1,5,5,BOONE_Evan,USA,10072398356.0,,17.425,15.951999999999998,4.0,
4452,Cairo,2023,2023-03-16,NC,R1,6,1,JURCZYK_Marc,GER,10009178002.0,,25.013,25.267999999999997,2.0,
4453,Cairo,2023,2023-03-16,NC,R1,6,2,PONOMARYOV_Sergey,KAZ,10010797292.0,,26.042,26.068,1.0,
4454,Cairo,2023,2023-03-16,NC,R1,6,3,MOHD_ZONIS_Muhammad_Fadhil,MAS,10010645732.0,,20.069000000000003,20.356,3.0,
4455,Cairo,2023,2023-03-16,NC,R1,6,4,BOHUSLÁVEK_Mat?j,CZE,10009903983.0,,14.269,15.464000000000002,5.0,
4456,Cairo,2023,2023-03-16,NC,R1,6,5,DENYSENKO_Vladyslav,UKR,10088726789.0,,16.559,15.442,4.0,
4457,Cairo,2023,2023-03-16,NC,R1,6,6,SALEM_Abdelrahman,EGY,10122266258.0,,9.0,3.6319999999999997,6.0,
4458,Cairo,2023,2023-03-16,NC,R1,7,1,PAUL_Nicholas,TTO,10010821241.0,,31.316999999999997,31.531000000000002,1.0,
4459,Cairo,2023,2023-03-16,NC,R1,7,2,MARTINEZ_CHORRO_Alejandro,ESP,10011152354.0,,18.772000000000002,19.907,5.0,
4460,Cairo,2023,2023-03-16,NC,R1,7,3,VERDUGO_OSUNA_Edgar,MEX,10007890932.0,,20.805999999999997,21.132,4.0,
4461,Cairo,2023,2023-03-16,NC,R1,7,4,SAHROM_Muhammad_Shah_Firdaus,MAS,10009150215.0,,26.246,26.145,2.0,
4462,Cairo,2023,2023-03-16,NC,R1,7,5,HASSAN_Hussein,EGY,10092163118.0,,9.0,13.863999999999999,6.0,
4463,Cairo,2023,2023-03-16,NC,R1,7,6,CANELON_VERA_Hersony_Gadiel,VEN,10004717719.0,,24.472,24.232999999999997,3.0,
4464,Cairo,2023,2023-03-16,NC,R1,8,1,TERASAKI_Kohei,RKD,10010592279.0,,24.957,25.932000000000002,2.0,
4465,Cairo,2023,2023-03-16,NC,R1,8,2,BENIUŠIS_Justas,LTU,10010170331.0,,9.0,20.808,5.0,
4466,Cairo,2023,2023-03-16,NC,R1,8,3,MORENO_SANCHEZ_Jose,ESP,10007502427.0,,22.514,22.774,3.0,
4467,Cairo,2023,2023-03-16,NC,R1,8,4,SWART_James,RSA,10089127018.0,,9.0,16.547,5.0,
4468,Cairo,2023,2023-03-16,NC,R1,8,5,BROWNE_Kwesi,TTO,10009010876.0,,26.003999999999998,25.858,1.0,
4469,Cairo,2023,2023-03-16,NC,R1,8,6,BRETAS_Sotirios,GRE,10006063086.0,,19.871,19.483,4.0,
4470,Cairo,2023,2023-03-16,NC,R1,9,1,CARLIN_Jack,GBR,10009967641.0,,29.865000000000002,29.945,2.0,
4471,Cairo,2023,2023-03-16,NC,R1,9,2,BIANCHI_Matteo,ITA,10028995102.0,,10.384,14.75,5.0,
4472,Cairo,2023,2023-03-16,NC,R1,9,3,LENDEL_Vasilijus,LTU,10009181234.0,,24.492,24.514,3.0,
4473,Cairo,2023,2023-03-16,NC,R1,9,4,YAKOVLEV_Mikhail,ISR,10034964036.0,,31.814000000000004,30.148999999999997,1.0,
4474,Cairo,2023,2023-03-16,NC,R1,9,5,KALOGEROPOULOS_Ioannis,GRE,10009073524.0,,7.698,11.213999999999999,6.0,
4475,Cairo,2023,2023-03-16,NC,R1,9,6,SAHROM_Muhammad_Ridwan,AZA,10049101683.0,,16.512,14.927,4.0,
4476,Cairo,2023,2023-03-16,NC,R1,10,1,YAMASAKI_Kento,RKD,10020900955.0,,26.841,27.38,1.0,
4477,Cairo,2023,2023-03-16,NC,R1,10,2,PREDOMO_Mattia,ITA,10034048600.0,,9.0,19.622,5.0,
4478,Cairo,2023,2023-03-16,NC,R1,10,3,ESOW_Esow,IND,10050873046.0,,20.588,20.977999999999998,3.0,
4479,Cairo,2023,2023-03-16,NC,R1,10,4,RUIZ_TERAN_Juan,MEX,10064034229.0,,15.477,16.402,4.0,
4480,Cairo,2023,2023-03-16,NC,R1,10,5,TRUMAN_Joseph,TIN,10017950943.0,,25.942999999999998,25.65,2.0,
4481,Cairo,2023,2023-03-16,NC,R1,10,6,REID_Malik,JAM,10057795513.0,,8.074000000000002,7.923,6.0,
4482,Cairo,2023,2023-03-16,NC,Rep,1,1,VIGIER_Sébastien,FRA,10010678569.0,,30.177999999999997,30.310999999999996,1.0,
4483,Cairo,2023,2023-03-16,NC,Rep,1,2,DÖRNBACH_Maximilian,GER,10007779683.0,,25.945,26.162000000000003,2.0,
4484,Cairo,2023,2023-03-16,NC,Rep,1,3,PREDOMO_Mattia,ITA,10034048600.0,,19.622,20.861,3.0,
4485,Cairo,2023,2023-03-16,NC,Rep,1,4,TO_Cheuk_Hei,HKG,10063279447.0,,18.285,18.665,4.0,
4486,Cairo,2023,2023-03-16,NC,Rep,1,5,SWART_James,RSA,10089127018.0,,16.547,15.105,5.0,
4487,Cairo,2023,2023-03-16,NC,Rep,1,6,SALEM_Abdelrahman,EGY,10122266258.0,,3.6319999999999997,2.984,6.0,
4488,Cairo,2023,2023-03-16,NC,Rep,2,1,SZALONTAY_Sándor,HUN,10007073506.0,,21.933,22.202,2.0,
4489,Cairo,2023,2023-03-16,NC,Rep,2,2,MARTINEZ_CHORRO_Alejandro,ESP,10011152354.0,,19.907,20.582,4.0,
4490,Cairo,2023,2023-03-16,NC,Rep,2,3,BROWNE_Kwesi,TTO,10009010876.0,,25.858,25.797,1.0,
4491,Cairo,2023,2023-03-16,NC,Rep,2,4,XUE_Chenxi,CHN,10129788610.0,,18.738,18.976000000000003,5.0,
4492,Cairo,2023,2023-03-16,NC,Rep,2,5,SPIES_Jean,RSA,10007351671.0,,18.286,18.278,6.0,
4493,Cairo,2023,2023-03-16,NC,Rep,2,6,ESOW_Esow,IND,10050873046.0,,20.977999999999998,20.181,3.0,
4494,Cairo,2023,2023-03-16,NC,Rep,3,1,TJON_EN_FA_Jaïr,SUR,10117936018.0,,24.294999999999998,24.5,1.0,
4495,Cairo,2023,2023-03-16,NC,Rep,3,2,CHUGAY_Andrey,KAZ,10023551075.0,,15.566000000000003,17.134,5.0,
4496,Cairo,2023,2023-03-16,NC,Rep,3,3,VERDUGO_OSUNA_Edgar,MEX,10007890932.0,,21.132,21.142,2.0,
4497,Cairo,2023,2023-03-16,NC,Rep,3,4,VILAR_Lucas_Oscar,ARG,10050089669.0,,17.372,17.101,4.0,
4498,Cairo,2023,2023-03-16,NC,Rep,3,5,BRETAS_Sotirios,GRE,10006063086.0,,19.483,18.974999999999998,3.0,
4499,Cairo,2023,2023-03-16,NC,Rep,4,1,SAHROM_Muhammad_Shah_Firdaus,MAS,10009150215.0,,26.145,26.285999999999998,1.0,
4500,Cairo,2023,2023-03-16,NC,Rep,4,2,SARNECKI_Rafal,POL,10005953154.0,,25.288,25.358999999999998,2.0,
4501,Cairo,2023,2023-03-16,NC,Rep,4,3,RUIZ_TERAN_Juan,MEX,10064034229.0,,16.402,17.367,4.0,
4502,Cairo,2023,2023-03-16,NC,Rep,4,4,BOONE_Evan,USA,10072398356.0,,15.951999999999998,16.575,5.0,
4503,Cairo,2023,2023-03-16,NC,Rep,4,5,ELKATHCHOONGO_David,IND,10095274996.0,,19.058,18.524,3.0,
4504,Cairo,2023,2023-03-16,NC,Rep,4,6,BIANCHI_Matteo,ITA,10028995102.0,,14.75,13.860999999999997,6.0,
4505,Cairo,2023,2023-03-16,NC,Rep,5,1,SAUNDERS_Callum,NZL,10009012391.0,,28.759999999999998,29.049,1.0,
4506,Cairo,2023,2023-03-16,NC,Rep,5,2,LENDEL_Vasilijus,LTU,10009181234.0,,24.514,24.622,3.0,
4507,Cairo,2023,2023-03-16,NC,Rep,5,3,PONOMARYOV_Sergey,KAZ,10010797292.0,,26.068,26.018,2.0,
4508,Cairo,2023,2023-03-16,NC,Rep,5,4,RAJKOWSKI_Patryk,POL,10009176281.0,,24.181,24.05,4.0,
4509,Cairo,2023,2023-03-16,NC,Rep,5,5,REID_Malik,JAM,10057795513.0,,7.923,9.407,6.0,
4510,Cairo,2023,2023-03-16,NC,Rep,5,6,HASSAN_Hussein,EGY,10092163118.0,,13.863999999999999,10.539000000000001,5.0,
4511,Cairo,2023,2023-03-16,NC,Rep,6,1,YAKOVLEV_Mikhail,ISR,10034964036.0,,30.148999999999997,30.445999999999998,1.0,
4512,Cairo,2023,2023-03-16,NC,Rep,6,2,MOHD_ZONIS_Muhammad_Fadhil,MAS,10010645732.0,,20.356,20.991,3.0,
4513,Cairo,2023,2023-03-16,NC,Rep,6,3,?ECHMAN_Martin,CZE,10010166590.0,,23.569000000000003,23.134999999999998,2.0,
4514,Cairo,2023,2023-03-16,NC,Rep,6,4,DANYLCHUK_Bohdan,UKR,10088729419.0,,18.643,17.991999999999997,4.0,
4515,Cairo,2023,2023-03-16,NC,Rep,7,1,?_KANG_??_Shih_Feng,TPE,10010608447.0,,17.399,22.815,3.0,
4516,Cairo,2023,2023-03-16,NC,Rep,7,2,RAMIREZ_MORALES_Santiago,COL,10009039774.0,,26.168,26.240000000000002,1.0,
4517,Cairo,2023,2023-03-16,NC,Rep,7,3,BENIUŠIS_Justas,LTU,10010170331.0,,20.808,20.449,2.0,
4518,Cairo,2023,2023-03-16,NC,Rep,7,4,KALOGEROPOULOS_Ioannis,GRE,10009073524.0,,11.213999999999999,12.947,5.0,
4519,Cairo,2023,2023-03-16,NC,Rep,7,5,BOHUSLÁVEK_Mat?j,CZE,10009903983.0,,15.464000000000002,14.142000000000003,4.0,
4520,Cairo,2023,2023-03-16,NC,Rep,8,1,QUINTERO_CHAVARRO_Kevin_Santiago,COL,10010830840.0,,29.261999999999997,29.282,1.0,
4521,Cairo,2023,2023-03-16,NC,Rep,8,2,SAHROM_Muhammad_Ridwan,AZA,10049101683.0,,14.927,16.008,3.0,
4522,Cairo,2023,2023-03-16,NC,Rep,8,3,DENYSENKO_Vladyslav,UKR,10088726789.0,,15.442,14.587,2.0,
4523,Cairo,2023,2023-03-16,NC,R2,1,1,YAMASAKI_Kento,RKD,10020900955.0,,27.38,28.078999999999997,3.0,
4524,Cairo,2023,2023-03-16,NC,R2,1,2,TJON_EN_FA_Jaïr,SUR,10117936018.0,,24.5,24.823,5.0,
4525,Cairo,2023,2023-03-16,NC,R2,1,3,SZALONTAY_Sándor,HUN,10007073506.0,,22.202,22.447,6.0,
4526,Cairo,2023,2023-03-16,NC,R2,1,4,QUINTERO_CHAVARRO_Kevin_Santiago,COL,10010830840.0,,29.282,29.205000000000002,2.0,
4527,Cairo,2023,2023-03-16,NC,R2,1,5,LAVREYSEN_Harrie,NED,10009535686.0,,34.011,33.651,1.0,
4528,Cairo,2023,2023-03-16,NC,R2,1,6,JURCZYK_Marc,GER,10009178002.0,,25.267999999999997,25.064,4.0,
4529,Cairo,2023,2023-03-16,NC,R2,2,1,NAKANO_Shinji,JPN,10021114658.0,,27.578,28.891,3.0,
4530,Cairo,2023,2023-03-16,NC,R2,2,2,VIGIER_Sébastien,FRA,10010678569.0,,30.310999999999996,30.405,2.0,
4531,Cairo,2023,2023-03-16,NC,R2,2,3,SAHROM_Muhammad_Shah_Firdaus,MAS,10009150215.0,,26.285999999999998,26.405,4.0,
4532,Cairo,2023,2023-03-16,NC,R2,2,4,?_KANG_??_Shih_Feng,TPE,10010608447.0,,22.815,23.756999999999998,6.0,
4533,Cairo,2023,2023-03-16,NC,R2,2,5,TURNBULL_Hamish,GBR,10015483305.0,,23.798000000000002,23.889,5.0,
4534,Cairo,2023,2023-03-16,NC,R2,2,6,PAUL_Nicholas,TTO,10010821241.0,,31.531000000000002,30.565999999999995,1.0,
4535,Cairo,2023,2023-03-16,NC,R2,3,1,OTA_Kaiya,JPN,10122775712.0,,24.232,30.905,6.0,
4536,Cairo,2023,2023-03-16,NC,R2,3,2,SAUNDERS_Callum,NZL,10009012391.0,,29.049,29.479,3.0,
4537,Cairo,2023,2023-03-16,NC,R2,3,3,CARLIN_Jack,GBR,10009967641.0,,29.945,30.012999999999998,2.0,
4538,Cairo,2023,2023-03-16,NC,R2,3,4,TERASAKI_Kohei,RKD,10010592279.0,,25.932000000000002,26.303,5.0,
4539,Cairo,2023,2023-03-16,NC,R2,3,5,YAKOVLEV_Mikhail,ISR,10034964036.0,,30.445999999999998,29.824,1.0,
4540,Cairo,2023,2023-03-16,NC,R2,3,6,ANGSUTHASAWIT_Jai,THA,10009009159.0,,28.334,28.137,4.0,
4541,Cairo,2023,2023-03-16,NC,R3,1,1,VIGIER_Sébastien,FRA,10010678569.0,,30.405,30.586000000000002,2.0,
4542,Cairo,2023,2023-03-16,NC,R3,1,2,SAHROM_Muhammad_Shah_Firdaus,MAS,10009150215.0,,26.405,26.564,4.0,
4543,Cairo,2023,2023-03-16,NC,R3,1,3,OTA_Kaiya,JPN,10122775712.0,,30.905,28.08,1.0,
4544,Cairo,2023,2023-03-16,NC,R3,1,4,QUINTERO_CHAVARRO_Kevin_Santiago,COL,10010830840.0,,29.205000000000002,29.063,3.0,
4545,Cairo,2023,2023-03-16,NC,R3,2,1,NAKANO_Shinji,JPN,10021114658.0,,28.891,29.768,2.0,
4546,Cairo,2023,2023-03-16,NC,R3,2,2,TJON_EN_FA_Jaïr,SUR,10117936018.0,,24.823,25.144,4.0,
4547,Cairo,2023,2023-03-16,NC,R3,2,3,TERASAKI_Kohei,RKD,10010592279.0,,26.303,26.553,3.0,
4548,Cairo,2023,2023-03-16,NC,R3,2,4,SAUNDERS_Callum,NZL,10009012391.0,,29.479,29.244,1.0,
4549,Cairo,2023,2023-03-16,NC,R3,2,5,?_KANG_??_Shih_Feng,TPE,10010608447.0,,23.756999999999998,23.05,5.0,
4550,Cairo,2023,2023-03-16,NC,R3,2,6,SZALONTAY_Sándor,HUN,10007073506.0,,22.447,22.326,6.0,
4551,Cairo,2023,2023-03-16,NC,Final,1,1,NAKANO_Shinji,JPN,10021114658.0,,29.768,31.071999999999996,3.0,
4552,Cairo,2023,2023-03-16,NC,Final,1,2,SAHROM_Muhammad_Shah_Firdaus,MAS,10009150215.0,,26.564,26.875999999999998,8.0,
4553,Cairo,2023,2023-03-16,NC,Final,1,3,OTA_Kaiya,JPN,10122775712.0,,28.08,29.729999999999997,6.0,
4554,Cairo,2023,2023-03-16,NC,Final,1,4,TERASAKI_Kohei,RKD,10010592279.0,,26.553,27.2,9.0,
4555,Cairo,2023,2023-03-16,NC,Final,1,5,TJON_EN_FA_Jaïr,SUR,10117936018.0,,25.144,25.435,10.0,
4556,Cairo,2023,2023-03-16,NC,Final,1,6,VIGIER_Sébastien,FRA,10010678569.0,,30.586000000000002,30.555999999999997,1.0,
4557,Cairo,2023,2023-03-16,NC,Final,2,7,QUINTERO_CHAVARRO_Kevin_Santiago,COL,10010830840.0,,29.063,29.041999999999998,5.0,
4558,Cairo,2023,2023-03-16,NC,Final,2,8,CARLIN_Jack,GBR,10009967641.0,,30.012999999999998,29.913,2.0,
4559,Cairo,2023,2023-03-16,NC,Final,2,9,?_KANG_??_Shih_Feng,TPE,10010608447.0,,23.05,23.264,11.0,
4560,Cairo,2023,2023-03-16,NC,Final,2,10,YAMASAKI_Kento,RKD,10020900955.0,,28.078999999999997,27.567,7.0,
4561,Cairo,2023,2023-03-16,NC,Final,2,11,SAUNDERS_Callum,NZL,10009012391.0,,29.244,28.675,4.0,
4562,Cairo,2023,2023-03-16,NC,Final,2,12,SZALONTAY_Sándor,HUN,10007073506.0,,22.326,22.162,12.0,
4563,Bremer,2023,2023-03-16,NC,Final,2,1,Bremer,HUN,10007073506.0,,9.0,,1.0,
4564,Bremer,2023,2023-03-16,NC,Final,2,1,Bremer,HUN,10007073506.0,,,,,
