Location,Year,Date,Event,Stage,Round,Heat,Athlete,Country,Age,Final_Rank,Rank,Time,Avg Speed
Cairo,2023,2023-03-17,NC,R16,1,1,OTA Kaiya,JPN,,3.0,1.0,10.775,
Cairo,2023,2023-03-17,NC,R16,1,1,ČECHMAN Martin,CZE,,28.0,2.0,11.065,
Cairo,2023,2023-03-17,NC,R16,1,2,PAUL Nicholas,TTO,,10.0,1.0,10.505,
Cairo,2023,2023-03-17,NC,R16,1,2,ANGSUTHASAWIT Jai,THA,,27.0,2.0,10.574000000000002,
Cairo,2023,2023-03-17,NC,R16,1,3,BROWNE Kwesi,TTO,,16.0,1.0,10.248,
Cairo,2023,2023-03-17,NC,R16,1,3,ZHOU Yu,CHN,,17.0,2.0,REL,
Cairo,2023,2023-03-17,NC,R16,1,4,TJON EN FA Jair,SUR,,5.0,1.0,10.007,
Cairo,2023,2023-03-17,NC,R16,1,4,SAUNDERS Callum,NZL,,26.0,2.0,10.203,
Cairo,2023,2023-03-17,NC,R16,1,5,QUINTERO CHAVARRO Kevin Santiago,COL,,11.0,1.0,10.699,
Cairo,2023,2023-03-17,NC,R16,1,5,CHUGAY Andrey,KAZ,,25.0,2.0,10.807,
Cairo,2023,2023-03-17,NC,R16,1,6,TRUMAN Joseph,TIN,,6.0,1.0,10.273,
Cairo,2023,2023-03-17,NC,R16,1,6,JURCZYK Marc,GER,,24.0,2.0,10.485,
Cairo,2023,2023-03-17,NC,R16,1,7,VIGIER Sebastien,FRA,,7.0,1.0,10.373,
Cairo,2023,2023-03-17,NC,R16,1,7,SAHROM Muhammad Shah Firdaus,MAS,,23.0,2.0,10.61,
Cairo,2023,2023-03-17,NC,R16,1,8,SZALONTAY Sandor,HUN,,15.0,1.0,10.447,
Cairo,2023,2023-03-17,NC,R16,1,8,van LOON Tijmen,BCC,,18.0,2.0,10.447999999999999,
Cairo,2023,2023-03-17,NC,R16,1,9,TERASAKI Kohei,RKD,,8.0,1.0,10.384,
Cairo,2023,2023-03-17,NC,R16,1,9,ORTEGA FONTALVO Cristian David,COL,,19.0,2.0,10.47,
Cairo,2023,2023-03-17,NC,R16,1,10,TURNBULL Hamish,GBR,,14.0,1.0,10.353,
Cairo,2023,2023-03-17,NC,R16,1,10,MARTINEZ CHORRO Alejandro,ESP,,20.0,2.0,10.423,
Cairo,2023,2023-03-17,NC,R16,1,11,CARLIN Jack,GBR,,13.0,1.0,10.243,
Cairo,2023,2023-03-17,NC,R16,1,11,YAMASAKI Kento,RKD,,21.0,2.0,10.292,
Cairo,2023,2023-03-17,NC,R16,1,12,OBARA Yuta,JPN,,12.0,1.0,10.117,
Cairo,2023,2023-03-17,NC,R16,1,12,LENDEL Vasilijus,LTU,,22.0,2.0,10.155000000000001,
Cairo,2023,2023-03-17,NC,R8,1,1,LAVREYSEN Harrie,NED,,1.0,1.0,10.106,
Cairo,2023,2023-03-17,NC,R8,1,1,OBARA Yuta,JPN,,12.0,2.0,10.555,
Cairo,2023,2023-03-17,NC,R8,1,2,YAKOVLEV Mikhail,ISR,,2.0,1.0,9.964,
Cairo,2023,2023-03-17,NC,R8,1,2,CARLIN Jack,GBR,,13.0,2.0,9.988,
Cairo,2023,2023-03-17,NC,R8,1,3,RUDYK Mateusz,POL,,4.0,1.0,10.443,
Cairo,2023,2023-03-17,NC,R8,1,3,TURNBULL Hamish,GBR,,14.0,2.0,10.478,
Cairo,2023,2023-03-17,NC,R8,1,4,TERASAKI Kohei,RKD,,8.0,1.0,10.292,
Cairo,2023,2023-03-17,NC,R8,1,4,YAN Weiming,CHN,,9.0,2.0,10.379,
Cairo,2023,2023-03-17,NC,R8,1,5,OTA Kaiya,JPN,,3.0,1.0,10.127,
Cairo,2023,2023-03-17,NC,R8,1,5,SZALONTAY Sandor,HUN,,15.0,2.0,10.345,
Cairo,2023,2023-03-17,NC,R8,1,6,VIGIER Sebastien,FRA,,7.0,1.0,10.016,
Cairo,2023,2023-03-17,NC,R8,1,6,PAUL Nicholas,TTO,,10.0,2.0,10.096,
Cairo,2023,2023-03-17,NC,R8,1,7,TRUMAN Joseph,TIN,,6.0,1.0,10.303,
Cairo,2023,2023-03-17,NC,R8,1,7,BROWNE Kwesi,TTO,,16.0,2.0,10.529000000000002,
Cairo,2023,2023-03-17,NC,R8,1,8,TJON EN FA Jair,SUR,,5.0,1.0,10.283,
Cairo,2023,2023-03-17,NC,R8,1,8,QUINTERO CHAVARRO Kevin Santiago,COL,,11.0,2.0,10.302999999999999,
Cairo,2023,2023-03-17,NC,QF,1,1,LAVREYSEN Harrie,NED,,1.0,1.0,9.881,
Cairo,2023,2023-03-17,NC,QF,1,1,TJON EN FA Jair,SUR,,5.0,2.0,9.913,
Cairo,2023,2023-03-17,NC,QF,1,2,YAKOVLEV Mikhail,ISR,,2.0,1.0,10.096,
Cairo,2023,2023-03-17,NC,QF,1,2,TRUMAN Joseph,TIN,,6.0,2.0,10.182,
Cairo,2023,2023-03-17,NC,QF,1,3,RUDYK Mateusz,POL,,4.0,1.0,10.28,
Cairo,2023,2023-03-17,NC,QF,1,3,VIGIER Sebastien,FRA,,7.0,2.0,10.427999999999999,
Cairo,2023,2023-03-17,NC,QF,1,4,OTA Kaiya,JPN,,3.0,1.0,10.11,
Cairo,2023,2023-03-17,NC,QF,1,4,TERASAKI Kohei,RKD,,8.0,2.0,10.189,
Cairo,2023,2023-03-17,NC,SF,1,1,LAVREYSEN Harrie,NED,,1.0,2.0,10.191999999999998,
Cairo,2023,2023-03-17,NC,SF,1,1,OTA Kaiya,JPN,,3.0,1.0,10.181,
Cairo,2023,2023-03-17,NC,SF,1,2,YAKOVLEV Mikhail,ISR,,2.0,1.0,10.119,
Cairo,2023,2023-03-17,NC,SF,1,2,RUDYK Mateusz,POL,,4.0,2.0,11.035,
Cairo,2023,2023-03-17,NC,F,1,G,LAVREYSEN Harrie,NED,,1.0,1.0,9.948,
Cairo,2023,2023-03-17,NC,F,1,G,YAKOVLEV Mikhail,ISR,,2.0,2.0,10.013,
Cairo,2023,2023-03-17,NC,F,1,B,OTA Kaiya,JPN,,3.0,1.0,10.185,
Cairo,2023,2023-03-17,NC,F,1,B,RUDYK Mateusz,POL,,4.0,2.0,10.363000000000001,
Jakarta,2023,2023-02-26,NC,R16,1,1,ZHOU Yu,CHN,,4.0,1.0,10.035,
Jakarta,2023,2023-02-26,NC,R16,1,1,SARNECKI Rafal,POL,,28.0,2.0,10.135,
Jakarta,2023,2023-02-26,NC,R16,1,2,OTA Kaiya,JPN,,2.0,1.0,9.979,
Jakarta,2023,2023-02-26,NC,R16,1,2,WAMMES Nick,CAN,,27.0,2.0,10.52,
Jakarta,2023,2023-02-26,NC,R16,1,3,AWANG Mohd Azizulhasni,MAS,,7.0,1.0,10.485,
Jakarta,2023,2023-02-26,NC,R16,1,3,TERASAKI Kohei,RKD,,26.0,2.0,10.498,
Jakarta,2023,2023-02-26,NC,R16,1,4,LENDEL Vasilijus,LTU,,9.0,1.0,10.103,
Jakarta,2023,2023-02-26,NC,R16,1,4,ANGSUTHASAWIT Jai,THA,,25.0,2.0,10.174999999999999,
Jakarta,2023,2023-02-26,NC,R16,1,5,RICHARDSON Matthew,AUS,,8.0,1.0,10.153,
Jakarta,2023,2023-02-26,NC,R16,1,5,YAMASAKI Kento,RKD,,24.0,2.0,10.253,
Jakarta,2023,2023-02-26,NC,R16,1,6,RUDYK Mateusz,POL,,10.0,1.0,10.232,
Jakarta,2023,2023-02-26,NC,R16,1,6,van LOON Tijmen,BCC,,23.0,2.0,10.408999999999999,
Jakarta,2023,2023-02-26,NC,R16,1,7,QUINTERO CHAVARRO Kevin Santiago,COL,,16.0,1.0,10.106,
Jakarta,2023,2023-02-26,NC,R16,1,7,TJON EN FA Jair,SUR,,17.0,2.0,10.151,
Jakarta,2023,2023-02-26,NC,R16,1,8,HELAL Rayan,FRA,,11.0,1.0,10.076,
Jakarta,2023,2023-02-26,NC,R16,1,8,ČECHMAN Martin,CZE,,22.0,2.0,10.113000000000001,
Jakarta,2023,2023-02-26,NC,R16,1,9,CARLIN Jack,GBR,,12.0,1.0,10.292,
Jakarta,2023,2023-02-26,NC,R16,1,9,RORKE Tyler,CAN,,21.0,2.0,10.386,
Jakarta,2023,2023-02-26,NC,R16,1,10,BOTTICHER Stefan,GER,,13.0,1.0,10.048,
Jakarta,2023,2023-02-26,NC,R16,1,10,TRUMAN Joseph,TIN,,20.0,2.0,10.048,
Jakarta,2023,2023-02-26,NC,R16,1,11,CORNISH Thomas,AUS,,14.0,1.0,10.301,
Jakarta,2023,2023-02-26,NC,R16,1,11,DORNBACH Maximilian,GER,,19.0,2.0,10.373,
Jakarta,2023,2023-02-26,NC,R16,1,12,NAKANO Shinji,JPN,,15.0,1.0,10.271,
Jakarta,2023,2023-02-26,NC,R16,1,12,TURNBULL Hamish,GBR,,18.0,2.0,10.295,
Jakarta,2023,2023-02-26,NC,R8,1,1,LAVREYSEN Harrie,NED,,1.0,1.0,10.084,
Jakarta,2023,2023-02-26,NC,R8,1,1,NAKANO Shinji,JPN,,15.0,2.0,10.187999999999999,
Jakarta,2023,2023-02-26,NC,R8,1,2,YAKOVLEV Mikhail,ISR,,3.0,1.0,10.027,
Jakarta,2023,2023-02-26,NC,R8,1,2,CORNISH Thomas,AUS,,14.0,2.0,10.039,
Jakarta,2023,2023-02-26,NC,R8,1,3,HOOGLAND Jeffrey,NED,,5.0,1.0,10.012,
Jakarta,2023,2023-02-26,NC,R8,1,3,BOTTICHER Stefan,GER,,13.0,2.0,10.360000000000001,
Jakarta,2023,2023-02-26,NC,R8,1,4,VIGIER Sebastien,FRA,,6.0,1.0,10.312,
Jakarta,2023,2023-02-26,NC,R8,1,4,CARLIN Jack,GBR,,12.0,2.0,10.381,
Jakarta,2023,2023-02-26,NC,R8,1,5,ZHOU Yu,CHN,,4.0,1.0,9.932,
Jakarta,2023,2023-02-26,NC,R8,1,5,HELAL Rayan,FRA,,11.0,2.0,9.967,
Jakarta,2023,2023-02-26,NC,R8,1,6,OTA Kaiya,JPN,,2.0,1.0,9.844,
Jakarta,2023,2023-02-26,NC,R8,1,6,QUINTERO CHAVARRO Kevin Santiago,COL,,16.0,2.0,10.565,
Jakarta,2023,2023-02-26,NC,R8,1,7,AWANG Mohd Azizulhasni,MAS,,7.0,1.0,9.995,
Jakarta,2023,2023-02-26,NC,R8,1,7,RUDYK Mateusz,POL,,10.0,2.0,10.338999999999999,
Jakarta,2023,2023-02-26,NC,R8,1,8,RICHARDSON Matthew,AUS,,8.0,1.0,10.071,
Jakarta,2023,2023-02-26,NC,R8,1,8,LENDEL Vasilijus,LTU,,9.0,2.0,10.173,
Jakarta,2023,2023-02-26,NC,QF,1,1,LAVREYSEN Harrie,NED,,1.0,1.0,9.889,
Jakarta,2023,2023-02-26,NC,QF,1,1,RICHARDSON Matthew,AUS,,8.0,2.0,9.942,
Jakarta,2023,2023-02-26,NC,QF,1,2,YAKOVLEV Mikhail,ISR,,3.0,2.0,10.125,
Jakarta,2023,2023-02-26,NC,QF,1,2,AWANG Mohd Azizulhasni,MAS,,7.0,1.0,10.063,
Jakarta,2023,2023-02-26,NC,QF,1,3,OTA Kaiya,JPN,,2.0,1.0,9.762,
Jakarta,2023,2023-02-26,NC,QF,1,3,HOOGLAND Jeffrey,NED,,5.0,2.0,9.784,
Jakarta,2023,2023-02-26,NC,QF,1,4,ZHOU Yu,CHN,,4.0,2.0,10.413,
Jakarta,2023,2023-02-26,NC,QF,1,4,VIGIER Sebastien,FRA,,6.0,1.0,10.385,
Jakarta,2023,2023-02-26,NC,SF,1,1,LAVREYSEN Harrie,NED,,1.0,1.0,10.098,
Jakarta,2023,2023-02-26,NC,SF,1,1,ZHOU Yu,CHN,,4.0,2.0,11.193000000000001,
Jakarta,2023,2023-02-26,NC,SF,1,2,OTA Kaiya,JPN,,2.0,1.0,9.864,
Jakarta,2023,2023-02-26,NC,SF,1,2,YAKOVLEV Mikhail,ISR,,3.0,2.0,9.882000000000001,
Jakarta,2023,2023-02-26,NC,F,1,G,LAVREYSEN Harrie,NED,,1.0,1.0,10.006,
Jakarta,2023,2023-02-26,NC,F,1,G,OTA Kaiya,JPN,,2.0,2.0,10.024000000000001,
Jakarta,2023,2023-02-26,NC,F,1,B,YAKOVLEV Mikhail,ISR,,3.0,1.0,10.262,
Jakarta,2023,2023-02-26,NC,F,1,B,ZHOU Yu,CHN,,4.0,2.0,10.727,
Paris,2022,2022-10-15,WCH,R16,1,1,CORNISH Thomas,AUS,,9.0,1.0,10.263,70.1549254603917
Paris,2022,2022-10-15,WCH,R16,1,1,MARTINEZ CHORRO Alejandro,ESP,24.4,28.0,2.0,10.449,68.90611541774332
Paris,2022,2022-10-15,WCH,R16,1,2,OTA Kaiya,JPN,,10.0,1.0,10.272,70.09345794392523
Paris,2022,2022-10-15,WCH,R16,1,2,SAHROM Muhammad Shah Firdaus,MAS,26.904109589041095,27.0,2.0,10.345,69.59884001933301
Paris,2022,2022-10-15,WCH,R16,1,3,SARNECKI Rafal,POL,32.78904109589041,16.0,1.0,10.082,71.41440190438405
Paris,2022,2022-10-15,WCH,R16,1,3,DERACHE Tom,FRA,23.726027397260275,17.0,2.0,REL,
Paris,2022,2022-10-15,WCH,R16,1,4,VIGIER Sébastien,FRA,25.50958904109589,11.0,1.0,10.361,69.49136183766045
Paris,2022,2022-10-15,WCH,R16,1,4,LIU Qi,CHN,,26.0,2.0,10.408000000000001,69.17755572636433
Paris,2022,2022-10-15,WCH,R16,1,5,TURNBULL Hamish,GBR,23.273972602739725,5.0,1.0,10.206,70.54673721340389
Paris,2022,2022-10-15,WCH,R16,1,5,DODYK Ryan,CAN,25.87945205479452,25.0,2.0,10.365,69.46454413892909
Paris,2022,2022-10-15,WCH,R16,1,6,CARLIN Jack,GBR,,6.0,1.0,10.282,70.02528690916164
Paris,2022,2022-10-15,WCH,R16,1,6,DÖRNBACH Maximilian,GER,,24.0,2.0,10.371,69.42435637836275
Paris,2022,2022-10-15,WCH,R16,1,7,HELAL Rayan,FRA,23.747945205479454,7.0,1.0,10.028,71.79896290386917
Paris,2022,2022-10-15,WCH,R16,1,7,YAMASAKI Kento,JPN,29.846575342465755,23.0,2.0,10.052,71.62753680859531
Paris,2022,2022-10-15,WCH,R16,1,8,TJON EN FA Jaïr,SUR,,8.0,1.0,10.078,71.44274657670174
Paris,2022,2022-10-15,WCH,R16,1,8,WAMMES Nick,CAN,23.0,18.0,2.0,10.210999999999999,70.51219273332681
Paris,2022,2022-10-15,WCH,R16,1,9,BÖTTICHER Stefan,GER,,12.0,1.0,10.02,71.8562874251497
Paris,2022,2022-10-15,WCH,R16,1,9,van LOON Tijmen,NED,,22.0,2.0,10.097999999999999,71.30124777183602
Paris,2022,2022-10-15,WCH,R16,1,10,ČECHMAN Martin,CZE,24.002739726027396,15.0,1.0,10.232,70.36747458952307
Paris,2022,2022-10-15,WCH,R16,1,10,SZALONTAY Sándor,HUN,32.30684931506849,19.0,2.0,10.332,69.68641114982577
Paris,2022,2022-10-15,WCH,R16,1,11,ORTEGA FONTALVO Cristian David,COL,,13.0,1.0,9.942,72.4200362100181
Paris,2022,2022-10-15,WCH,R16,1,11,LIGTLEE Sam,NED,24.85753424657534,21.0,2.0,10.281,70.03209804493726
Paris,2022,2022-10-15,WCH,R16,1,12,QUINTERO CHAVARRO Kevin Santiago,COL,23.980821917808218,14.0,1.0,10.112,71.20253164556962
Paris,2022,2022-10-15,WCH,R16,1,12,TERASAKI Kohei,JPN,28.797260273972604,20.0,2.0,10.148,70.94994087504928
Paris,2022,2022-10-15,WCH,R8,1,1,LAVREYSEN Harrie,NED,25.605479452054794,1.0,1.0,9.889,72.8081706947113
Paris,2022,2022-10-15,WCH,R8,1,1,QUINTERO CHAVARRO Kevin Santiago,COL,23.980821917808218,14.0,2.0,10.363,69.47795040046319
Paris,2022,2022-10-15,WCH,R8,1,2,RICHARDSON Matthew,AUS,,2.0,1.0,9.857,73.04453687734605
Paris,2022,2022-10-15,WCH,R8,1,2,ORTEGA FONTALVO Cristian David,COL,,13.0,2.0,10.033,71.76318150104655
Paris,2022,2022-10-15,WCH,R8,1,3,GLAETZER Matthew,AUS,,3.0,1.0,9.962,72.27464364585425
Paris,2022,2022-10-15,WCH,R8,1,3,ČECHMAN Martin,CZE,24.002739726027396,15.0,2.0,10.056,71.59904534606206
Paris,2022,2022-10-15,WCH,R8,1,4,RUDYK Mateusz,POL,27.257534246575343,4.0,1.0,10.108,71.23070834982192
Paris,2022,2022-10-15,WCH,R8,1,4,BÖTTICHER Stefan,GER,,12.0,2.0,10.162,70.85219444991142
Paris,2022,2022-10-15,WCH,R8,1,5,TJON EN FA Jaïr,SUR,,8.0,1.0,10.117,71.16734209745971
Paris,2022,2022-10-15,WCH,R8,1,5,CORNISH Thomas,AUS,,9.0,2.0,10.648000000000001,67.61833208114199
Paris,2022,2022-10-15,WCH,R8,1,6,HELAL Rayan,FRA,23.747945205479454,7.0,1.0,9.854,73.06677491374062
Paris,2022,2022-10-15,WCH,R8,1,6,OTA Kaiya,JPN,,10.0,2.0,9.880999999999998,72.86711871268092
Paris,2022,2022-10-15,WCH,R8,1,7,CARLIN Jack,GBR,,6.0,1.0,10.283,70.01847709812311
Paris,2022,2022-10-15,WCH,R8,1,7,SARNECKI Rafal,POL,32.78904109589041,16.0,2.0,10.338999999999999,69.6392300996228
Paris,2022,2022-10-15,WCH,R8,1,8,TURNBULL Hamish,GBR,23.273972602739725,5.0,1.0,9.99,72.07207207207207
Paris,2022,2022-10-15,WCH,R8,1,8,VIGIER Sébastien,FRA,25.50958904109589,11.0,2.0,9.991,72.06485837253528
Paris,2022,2022-10-15,WCH,QF,1,1,LAVREYSEN Harrie,NED,25.605479452054794,1.0,1.0,10.04,71.71314741035857
Paris,2022,2022-10-15,WCH,QF,1,1,TURNBULL Hamish,GBR,23.273972602739725,5.0,2.0,10.133999999999999,71.04795737122559
Paris,2022,2022-10-15,WCH,QF,1,2,RICHARDSON Matthew,AUS,,2.0,1.0,9.872,72.93354943273906
Paris,2022,2022-10-15,WCH,QF,1,2,CARLIN Jack,GBR,,6.0,2.0,12.139,59.31295823379191
Paris,2022,2022-10-15,WCH,QF,1,3,GLAETZER Matthew,AUS,,3.0,1.0,9.765,73.73271889400921
Paris,2022,2022-10-15,WCH,QF,1,3,HELAL Rayan,FRA,23.747945205479454,7.0,2.0,10.338000000000001,69.64596633778294
Paris,2022,2022-10-15,WCH,QF,1,4,RUDYK Mateusz,POL,27.257534246575343,4.0,1.0,10.007,71.94963525532128
Paris,2022,2022-10-15,WCH,QF,1,4,TJON EN FA Jaïr,SUR,,8.0,2.0,10.048,71.65605095541402
Paris,2022,2022-10-15,WCH,SF,1,1,LAVREYSEN Harrie,NED,25.605479452054794,1.0,1.0,9.934,72.47835715723778
Paris,2022,2022-10-15,WCH,SF,1,1,RUDYK Mateusz,POL,27.257534246575343,4.0,2.0,10.332999999999998,69.67966708603504
Paris,2022,2022-10-15,WCH,SF,1,2,RICHARDSON Matthew,AUS,,2.0,1.0,9.79,73.5444330949949
Paris,2022,2022-10-15,WCH,SF,1,2,GLAETZER Matthew,AUS,,3.0,2.0,9.805,73.43192248852627
Paris,2022,2022-10-15,WCH,F,1,G,LAVREYSEN Harrie,NED,25.605479452054794,1.0,1.0,9.686,74.33409043981004
Paris,2022,2022-10-15,WCH,F,1,G,RICHARDSON Matthew,AUS,,2.0,2.0,9.841,73.16329641296616
Paris,2022,2022-10-15,WCH,F,1,B,GLAETZER Matthew,AUS,,3.0,1.0,9.838,73.18560683065664
Paris,2022,2022-10-15,WCH,F,1,B,RUDYK Mateusz,POL,27.257534246575343,4.0,2.0,10.061,71.56346287645363
Cali,2022,2022-07-10,NC,R16,1,1,DÖRNBACH Maximilian,GER,,5.0,1.0,10.246,70.27132539527621
Cali,2022,2022-07-10,NC,R16,1,1,VERDUGO OSUNA Edgar,MEX,,28.0,2.0,10.397,69.25074540732903
Cali,2022,2022-07-10,NC,R16,1,2,TJON EN FA Jaïr,SUR,,9.0,1.0,10.554,68.22057987492893
Cali,2022,2022-07-10,NC,R16,1,2,JONAUSKAS Svaj?nas,LTU,27.53698630136986,27.0,2.0,10.63,67.73283160865475
Cali,2022,2022-07-10,NC,R16,1,3,ZHOU Yu,CHN,23.526027397260275,6.0,1.0,10.512,68.4931506849315
Cali,2022,2022-07-10,NC,R16,1,3,RUIZ TERAN Juan,MEX,,26.0,2.0,10.753,66.95805821631173
Cali,2022,2022-07-10,NC,R16,1,4,LANDERNEAU Melvin,FRA,24.797260273972604,7.0,1.0,11.048,65.17016654598117
Cali,2022,2022-07-10,NC,R16,1,4,KALOGEROPOULOS Ioannis,GRE,28.512328767123286,25.0,2.0,11.275,63.85809312638581
Cali,2022,2022-07-10,NC,R16,1,5,XUE Chenxi,CHN,21.46301369863014,10.0,1.0,10.354,69.53834266949971
Cali,2022,2022-07-10,NC,R16,1,5,MORENO SANCHEZ Jose,ESP,28.660273972602738,24.0,2.0,10.604,67.89890607317994
Cali,2022,2022-07-10,NC,R16,1,6,WEBSTER Sam,NZL,,11.0,1.0,10.383,69.34412019647502
Cali,2022,2022-07-10,NC,R16,1,6,BOTTASSO Leandro,ARG,,23.0,2.0,10.575999999999999,68.07866868381241
Cali,2022,2022-07-10,NC,R16,1,7,RAMIREZ MORALES Santiago,COL,27.991780821917807,8.0,1.0,10.156,70.89405277668374
Cali,2022,2022-07-10,NC,R16,1,7,HSIEH Nien Hsing,TPE,,22.0,2.0,10.517000000000001,68.46058762004373
Cali,2022,2022-07-10,NC,R16,1,8,PONOMARYOV Sergey,KAZ,24.252054794520546,16.0,1.0,10.369,69.43774713087086
Cali,2022,2022-07-10,NC,R16,1,8,ANGSUTHASAWIT Jai,THA,27.413698630136988,17.0,2.0,10.431,69.02502157031924
Cali,2022,2022-07-10,NC,R16,1,9,VILAR Lucas Oscar,ARG,,15.0,1.0,10.686,67.3778775968557
Cali,2022,2022-07-10,NC,R16,1,9,CHUGAY Andrey,KAZ,22.493150684931507,18.0,2.0,10.713,67.20806496779615
Cali,2022,2022-07-10,NC,R16,1,10,LIU Qi,BDR,21.624657534246577,12.0,1.0,10.409,69.17090978960515
Cali,2022,2022-07-10,NC,R16,1,10,LENDEL Vasilijus,LTU,27.27123287671233,21.0,2.0,10.429,69.03825870169719
Cali,2022,2022-07-10,NC,R16,1,11,DAKIN Sam,NZL,,13.0,1.0,10.418,69.11115377231715
Cali,2022,2022-07-10,NC,R16,1,11,MARTINEZ CHORRO Alejandro,ESP,24.134246575342466,20.0,2.0,10.536,68.3371298405467
Cali,2022,2022-07-10,NC,R16,1,12,BROWNE Kwesi,TTO,,14.0,1.0,10.416,69.12442396313364
Cali,2022,2022-07-10,NC,R16,1,12,HEDGCOCK James,CAN,20.663013698630138,19.0,2.0,10.452,68.88633754305395
Cali,2022,2022-07-10,NC,R8,1,1,LAVREYSEN Harrie,NED,25.339726027397262,2.0,1.0,10.231,70.37435245821523
Cali,2022,2022-07-10,NC,R8,1,1,BROWNE Kwesi,TTO,,14.0,2.0,10.599,67.93093688083782
Cali,2022,2022-07-10,NC,R8,1,2,PAUL Nicholas,TTO,23.81095890410959,1.0,1.0,10.082,71.41440190438405
Cali,2022,2022-07-10,NC,R8,1,2,DAKIN Sam,NZL,,13.0,2.0,10.226,70.40876197926852
Cali,2022,2022-07-10,NC,R8,1,3,HOOGLAND Jeffrey,NED,29.336986301369862,3.0,1.0,10.192,70.6436420722135
Cali,2022,2022-07-10,NC,R8,1,3,LIU Qi,BDR,21.624657534246577,12.0,2.0,10.416,69.12442396313364
Cali,2022,2022-07-10,NC,R8,1,4,ORTEGA FONTALVO Cristian David,COL,21.791780821917808,4.0,1.0,10.177,70.74776456716125
Cali,2022,2022-07-10,NC,R8,1,4,VILAR Lucas Oscar,ARG,,15.0,2.0,10.221,70.44320516583504
Cali,2022,2022-07-10,NC,R8,1,5,DÖRNBACH Maximilian,GER,,5.0,1.0,10.205,70.55365017148456
Cali,2022,2022-07-10,NC,R8,1,5,PONOMARYOV Sergey,KAZ,24.252054794520546,16.0,2.0,10.245,70.27818448023426
Cali,2022,2022-07-10,NC,R8,1,6,RAMIREZ MORALES Santiago,COL,27.991780821917807,8.0,1.0,10.078,71.44274657670174
Cali,2022,2022-07-10,NC,R8,1,6,TJON EN FA Jaïr,SUR,,9.0,2.0,10.149999999999999,70.93596059113301
Cali,2022,2022-07-10,NC,R8,1,7,ZHOU Yu,CHN,23.526027397260275,6.0,1.0,10.09,71.35777998017839
Cali,2022,2022-07-10,NC,R8,1,7,WEBSTER Sam,NZL,,11.0,2.0,10.134,71.04795737122558
Cali,2022,2022-07-10,NC,R8,1,8,LANDERNEAU Melvin,FRA,24.797260273972604,7.0,1.0,10.283,70.01847709812311
Cali,2022,2022-07-10,NC,R8,1,8,XUE Chenxi,CHN,21.46301369863014,10.0,2.0,10.299,69.90969997087096
Cali,2022,2022-07-10,NC,QF,1,1,LAVREYSEN Harrie,NED,25.339726027397262,2.0,1.0,10.259,70.18227897455893
Cali,2022,2022-07-10,NC,QF,1,1,LANDERNEAU Melvin,FRA,24.797260273972604,7.0,2.0,10.448,68.91271056661562
Cali,2022,2022-07-10,NC,QF,1,2,PAUL Nicholas,TTO,23.81095890410959,1.0,1.0,10.069,71.50660442943688
Cali,2022,2022-07-10,NC,QF,1,2,ZHOU Yu,CHN,23.526027397260275,6.0,2.0,10.719000000000001,67.17044500419814
Cali,2022,2022-07-10,NC,QF,1,3,HOOGLAND Jeffrey,NED,29.336986301369862,3.0,1.0,9.883,72.85237276130731
Cali,2022,2022-07-10,NC,QF,1,3,RAMIREZ MORALES Santiago,COL,27.991780821917807,8.0,2.0,10.026,71.8132854578097
Cali,2022,2022-07-10,NC,QF,1,4,ORTEGA FONTALVO Cristian David,COL,21.791780821917808,4.0,1.0,10.086,71.38607971445568
Cali,2022,2022-07-10,NC,QF,1,4,DÖRNBACH Maximilian,GER,,5.0,2.0,10.164,70.83825265643448
Cali,2022,2022-07-10,NC,SF,1,1,LAVREYSEN Harrie,NED,25.339726027397262,2.0,1.0,9.935,72.47106190236538
Cali,2022,2022-07-10,NC,SF,1,1,ORTEGA FONTALVO Cristian David,COL,21.791780821917808,4.0,2.0,10.026,71.8132854578097
Cali,2022,2022-07-10,NC,SF,1,2,PAUL Nicholas,TTO,23.81095890410959,1.0,1.0,10.125,71.11111111111111
Cali,2022,2022-07-10,NC,SF,1,2,HOOGLAND Jeffrey,NED,29.336986301369862,3.0,2.0,10.567,68.13665184063593
Cali,2022,2022-07-10,NC,F,1,G,PAUL Nicholas,TTO,23.81095890410959,1.0,1.0,9.802,73.45439706182412
Cali,2022,2022-07-10,NC,F,1,G,LAVREYSEN Harrie,NED,25.339726027397262,2.0,2.0,9.915,72.61724659606658
Cali,2022,2022-07-10,NC,F,1,B,HOOGLAND Jeffrey,NED,29.336986301369862,3.0,1.0,10.245,70.27818448023426
Cali,2022,2022-07-10,NC,F,1,B,ORTEGA FONTALVO Cristian David,COL,21.791780821917808,4.0,2.0,10.37,69.43105110896818
Milton,2022,2022-05-15,NC,R16,1,1,SZALONTAY Sándor,HUN,31.887671232876713,9.0,1.0,10.107,71.23775601068567
Milton,2022,2022-05-15,NC,R16,1,1,SPIES Jean,RSA,32.484931506849314,28.0,2.0,10.991,65.50814302611228
Milton,2022,2022-05-15,NC,R16,1,2,WAMMES Nick,CAN,22.58082191780822,10.0,1.0,10.166,70.82431634861302
Milton,2022,2022-05-15,NC,R16,1,2,BROWNE Kwesi,TTO,28.304109589041097,27.0,2.0,10.819,66.54958868656992
Milton,2022,2022-05-15,NC,R16,1,3,DODYK Ryan,CAN,25.46027397260274,11.0,1.0,10.659,67.54855052068675
Milton,2022,2022-05-15,NC,R16,1,3,PERALTA Juan,ESP,32.016438356164386,26.0,2.0,10.850000000000001,66.35944700460828
Milton,2022,2022-05-15,NC,R16,1,4,TRUMAN Joseph,TIN,25.263013698630136,12.0,1.0,10.317,69.78772899098576
Milton,2022,2022-05-15,NC,R16,1,4,TOPINKA Dominik,CZE,28.80821917808219,25.0,2.0,10.456,68.85998469778119
Milton,2022,2022-05-15,NC,R16,1,5,LIGTLEE Sam,BCC,24.438356164383563,6.0,1.0,10.256,70.20280811232449
Milton,2022,2022-05-15,NC,R16,1,5,MARTINEZ CHORRO Alejandro,ESP,23.980821917808218,24.0,2.0,10.449,68.90611541774332
Milton,2022,2022-05-15,NC,R16,1,6,HOOGLAND Jeffrey,NED,29.183561643835617,2.0,1.0,10.024,71.82761372705508
Milton,2022,2022-05-15,NC,R16,1,6,RAMIREZ MORALES Santiago,COL,27.838356164383562,23.0,2.0,10.354,69.53834266949971
Milton,2022,2022-05-15,NC,R16,1,7,YAMASAKI Kento,RKD,29.427397260273974,7.0,1.0,10.313,69.81479685833413
Milton,2022,2022-05-15,NC,R16,1,7,ROCHNA Daniel,POL,22.723287671232878,22.0,2.0,10.325000000000001,69.73365617433413
Milton,2022,2022-05-15,NC,R16,1,8,OBARA Yuta,JPN,26.224657534246575,8.0,1.0,10.042,71.69886476797451
Milton,2022,2022-05-15,NC,R16,1,8,TERASAKI Kohei,RKD,28.378082191780823,21.0,2.0,10.047,71.66318303971335
Milton,2022,2022-05-15,NC,R16,1,9,YAN Weiming,CHN,24.18082191780822,13.0,1.0,10.14,71.00591715976331
Milton,2022,2022-05-15,NC,R16,1,9,ZHOU Yu,CHN,23.372602739726027,20.0,2.0,10.329,69.70665117629973
Milton,2022,2022-05-15,NC,R16,1,10,TURNBULL Hamish,GBR,22.854794520547944,16.0,1.0,10.427,69.0515009110962
Milton,2022,2022-05-15,NC,R16,1,10,LENDEL Vasilijus,LTU,27.117808219178084,17.0,2.0,10.44,68.96551724137932
Milton,2022,2022-05-15,NC,R16,1,11,QUINTERO CHAVARRO Kevin Santiago,COL,23.561643835616437,14.0,1.0,10.336,69.6594427244582
Milton,2022,2022-05-15,NC,R16,1,11,van LOON Tijmen,BCC,21.167123287671235,19.0,2.0,10.412,69.15097963887821
Milton,2022,2022-05-15,NC,R16,1,12,ČECHMAN Martin,CZE,23.583561643835615,15.0,1.0,10.422,69.08462867012089
Milton,2022,2022-05-15,NC,R16,1,12,BÖTTICHER Stefan,GER,30.304109589041097,18.0,2.0,10.523000000000001,68.42155278912857
Milton,2022,2022-05-15,NC,R8,1,1,RICHARDSON Matthew,AUS,23.09315068493151,1.0,1.0,10.494,68.61063464837049
Milton,2022,2022-05-15,NC,R8,1,1,ČECHMAN Martin,CZE,23.583561643835615,15.0,2.0,12.221,58.91498240733164
Milton,2022,2022-05-15,NC,R8,1,2,GLAETZER Matthew,AUS,29.742465753424657,5.0,1.0,9.994,72.04322593556134
Milton,2022,2022-05-15,NC,R8,1,2,QUINTERO CHAVARRO Kevin Santiago,COL,23.561643835616437,14.0,2.0,10.188,70.67137809187278
Milton,2022,2022-05-15,NC,R8,1,3,RUDYK Mateusz,POL,26.838356164383562,4.0,1.0,10.147,70.95693308367005
Milton,2022,2022-05-15,NC,R8,1,3,TURNBULL Hamish,GBR,22.854794520547944,16.0,2.0,10.196,70.61592781482935
Milton,2022,2022-05-15,NC,R8,1,4,CARLIN Jack,TIN,25.076712328767123,3.0,1.0,10.172,70.78254030672434
Milton,2022,2022-05-15,NC,R8,1,4,YAN Weiming,CHN,24.18082191780822,13.0,2.0,10.215,70.48458149779736
Milton,2022,2022-05-15,NC,R8,1,5,OBARA Yuta,JPN,26.224657534246575,8.0,1.0,10.121,71.13921549254026
Milton,2022,2022-05-15,NC,R8,1,5,SZALONTAY Sándor,HUN,31.887671232876713,9.0,2.0,10.232000000000001,70.36747458952306
Milton,2022,2022-05-15,NC,R8,1,6,YAMASAKI Kento,RKD,29.427397260273974,7.0,1.0,10.147,70.95693308367005
Milton,2022,2022-05-15,NC,R8,1,6,WAMMES Nick,CAN,22.58082191780822,10.0,2.0,10.296,69.93006993006993
Milton,2022,2022-05-15,NC,R8,1,7,HOOGLAND Jeffrey,NED,29.183561643835617,2.0,1.0,10.884,66.1521499448732
Milton,2022,2022-05-15,NC,R8,1,7,DODYK Ryan,CAN,25.46027397260274,11.0,2.0,11.295,63.745019920318725
Milton,2022,2022-05-15,NC,R8,1,8,LIGTLEE Sam,BCC,24.438356164383563,6.0,1.0,10.034,71.75602949970101
Milton,2022,2022-05-15,NC,R8,1,8,TRUMAN Joseph,TIN,25.263013698630136,12.0,2.0,10.086,71.38607971445568
Milton,2022,2022-05-15,NC,QF,1,1,RICHARDSON Matthew,AUS,23.09315068493151,1.0,1.0,10.629,67.73920406435225
Milton,2022,2022-05-15,NC,QF,1,1,LIGTLEE Sam,BCC,24.438356164383563,6.0,2.0,11.482999999999999,62.70138465557782
Milton,2022,2022-05-15,NC,QF,1,2,HOOGLAND Jeffrey,NED,29.183561643835617,2.0,2.0,10.046000000000001,71.67031654389807
Milton,2022,2022-05-15,NC,QF,1,2,GLAETZER Matthew,AUS,29.742465753424657,5.0,1.0,9.983,72.12260843433837
Milton,2022,2022-05-15,NC,QF,1,3,RUDYK Mateusz,POL,26.838356164383562,4.0,1.0,10.095,71.32243684992571
Milton,2022,2022-05-15,NC,QF,1,3,YAMASAKI Kento,RKD,29.427397260273974,7.0,2.0,10.217,70.47078398747186
Milton,2022,2022-05-15,NC,QF,1,4,CARLIN Jack,TIN,25.076712328767123,3.0,1.0,10.257,70.1959637320854
Milton,2022,2022-05-15,NC,QF,1,4,OBARA Yuta,JPN,26.224657534246575,8.0,2.0,10.283999999999999,70.01166861143524
Milton,2022,2022-05-15,NC,SF,1,1,RICHARDSON Matthew,AUS,23.09315068493151,1.0,1.0,9.869,72.95571993109738
Milton,2022,2022-05-15,NC,SF,1,1,CARLIN Jack,TIN,25.076712328767123,3.0,2.0,10.155,70.90103397341211
Milton,2022,2022-05-15,NC,SF,1,2,HOOGLAND Jeffrey,NED,29.183561643835617,2.0,2.0,10.214,70.49148227922458
Milton,2022,2022-05-15,NC,SF,1,2,RUDYK Mateusz,POL,26.838356164383562,4.0,1.0,10.122,71.13218731475993
Milton,2022,2022-05-15,NC,F,1,G,RICHARDSON Matthew,AUS,23.09315068493151,1.0,1.0,9.956,72.31820008035356
Milton,2022,2022-05-15,NC,F,1,G,HOOGLAND Jeffrey,NED,29.183561643835617,2.0,2.0,10.161999999999999,70.85219444991144
Milton,2022,2022-05-15,NC,F,1,B,CARLIN Jack,TIN,25.076712328767123,3.0,1.0,10.285,70.00486144871172
Milton,2022,2022-05-15,NC,F,1,B,RUDYK Mateusz,POL,26.838356164383562,4.0,2.0,10.49,68.6367969494757
Glasgow,2022,2022-04-24,NC,R16,1,1,CORNISH Thomas,AUS,22.202739726027396,6.0,1.0,10.683,67.39679865206402
Glasgow,2022,2022-04-24,NC,R16,1,1,HOHNE Anton,GER,,28.0,2.0,10.729,67.10783856836612
Glasgow,2022,2022-04-24,NC,R16,1,2,RICHARDSON Matthew,AUS,23.035616438356165,2.0,1.0,10.403,69.21080457560319
Glasgow,2022,2022-04-24,NC,R16,1,2,WAGNER Robin,CZE,29.224657534246575,27.0,2.0,10.498000000000001,68.5844922842446
Glasgow,2022,2022-04-24,NC,R16,1,3,TJON EN FA Jair,SUR,28.53150684931507,7.0,1.0,10.508,68.51922344880091
Glasgow,2022,2022-04-24,NC,R16,1,3,MARTINEZ CHORRO Alejandro,ESP,23.923287671232877,26.0,2.0,10.609,67.86690545763031
Glasgow,2022,2022-04-24,NC,R16,1,4,ČECHMAN Martin,CZE,23.526027397260275,9.0,1.0,10.482,68.68918145392101
Glasgow,2022,2022-04-24,NC,R16,1,4,MATSUI Koyu,RKD,29.6,25.0,2.0,10.495999999999999,68.59756097560977
Glasgow,2022,2022-04-24,NC,R16,1,5,WAMMES Nick,CAN,22.523287671232875,8.0,1.0,10.206,70.54673721340389
Glasgow,2022,2022-04-24,NC,R16,1,5,LIVANOS Konstantinos,GRE,20.515068493150686,24.0,2.0,10.732999999999999,67.08282865927514
Glasgow,2022,2022-04-24,NC,R16,1,6,RAMIREZ MORALES Santiago,COL,27.78082191780822,16.0,1.0,10.383,69.34412019647502
Glasgow,2022,2022-04-24,NC,R16,1,6,JURCZYK Marc,GER,26.273972602739725,17.0,2.0,10.390999999999998,69.29073236454626
Glasgow,2022,2022-04-24,NC,R16,1,7,SZALONTAY Sandor,HUN,,10.0,1.0,10.311,69.82833866744254
Glasgow,2022,2022-04-24,NC,R16,1,7,van LOON Tijmen,NED,21.10958904109589,23.0,2.0,10.414,69.13769925100826
Glasgow,2022,2022-04-24,NC,R16,1,8,LIGTLEE Sam,BCC,24.38082191780822,15.0,1.0,10.255,70.20965382740127
Glasgow,2022,2022-04-24,NC,R16,1,8,TURNBULL Hamish,TIN,22.797260273972604,18.0,2.0,10.271,70.10028234835946
Glasgow,2022,2022-04-24,NC,R16,1,9,DODYK Ryan,CAN,25.4027397260274,14.0,1.0,10.321,69.76068210444724
Glasgow,2022,2022-04-24,NC,R16,1,9,SHINZAN Kyohei,JPN,28.493150684931507,19.0,2.0,10.336,69.6594427244582
Glasgow,2022,2022-04-24,NC,R16,1,10,TRUMAN Joseph,GBR,25.205479452054796,11.0,1.0,10.163,70.8452228672636
Glasgow,2022,2022-04-24,NC,R16,1,10,ROCHNA Daniel,POL,22.665753424657535,22.0,2.0,10.176,70.75471698113208
Glasgow,2022,2022-04-24,NC,R16,1,11,SARNECKI Rafal,POL,32.31232876712329,13.0,1.0,10.182,70.71302298173246
Glasgow,2022,2022-04-24,NC,R16,1,11,QUINTERO CHAVARRO Kevin Santiago,COL,23.504109589041096,20.0,2.0,10.199,70.59515638788116
Glasgow,2022,2022-04-24,NC,R16,1,12,SAHROM Muhammad Shah Firdaus,MAS,26.427397260273974,12.0,1.0,10.3,69.90291262135922
Glasgow,2022,2022-04-24,NC,R16,1,12,LANDERNEAU Melvin,FRA,24.586301369863012,21.0,2.0,10.439,68.97212376664432
Glasgow,2022,2022-04-24,NC,R8,1,1,LAVREYSEN Harrie,NED,25.12876712328767,1.0,1.0,10.221,70.44320516583504
Glasgow,2022,2022-04-24,NC,R8,1,1,SAHROM Muhammad Shah Firdaus,MAS,26.427397260273974,12.0,2.0,10.356,69.52491309385863
Glasgow,2022,2022-04-24,NC,R8,1,2,PAUL Nicholas,TTO,23.6,4.0,1.0,10.189,70.66444204534302
Glasgow,2022,2022-04-24,NC,R8,1,2,SARNECKI Rafal,POL,32.31232876712329,13.0,2.0,11.21,64.22836752899197
Glasgow,2022,2022-04-24,NC,R8,1,3,CARLIN Jack,GBR,25.019178082191782,5.0,1.0,10.072,71.48530579825258
Glasgow,2022,2022-04-24,NC,R8,1,3,TRUMAN Joseph,GBR,25.205479452054796,11.0,2.0,10.846,66.38392033929559
Glasgow,2022,2022-04-24,NC,R8,1,4,VIGIER Sebastien,FRA,,3.0,1.0,9.276,77.61966364812419
Glasgow,2022,2022-04-24,NC,R8,1,4,DODYK Ryan,CAN,25.4027397260274,14.0,2.0,9.571,75.22724898129768
Glasgow,2022,2022-04-24,NC,R8,1,5,CORNISH Thomas,AUS,22.202739726027396,6.0,1.0,10.388,69.3107431651906
Glasgow,2022,2022-04-24,NC,R8,1,5,LIGTLEE Sam,BCC,24.38082191780822,15.0,2.0,10.528,68.38905775075987
Glasgow,2022,2022-04-24,NC,R8,1,6,RICHARDSON Matthew,AUS,23.035616438356165,2.0,1.0,10.172,70.78254030672434
Glasgow,2022,2022-04-24,NC,R8,1,6,SZALONTAY Sandor,HUN,,10.0,2.0,10.225000000000001,70.41564792176038
Glasgow,2022,2022-04-24,NC,R8,1,7,TJON EN FA Jair,SUR,28.53150684931507,7.0,1.0,10.309,69.84188573091474
Glasgow,2022,2022-04-24,NC,R8,1,7,RAMIREZ MORALES Santiago,COL,27.78082191780822,16.0,2.0,10.412999999999998,69.14433880726017
Glasgow,2022,2022-04-24,NC,R8,1,8,WAMMES Nick,CAN,22.523287671232875,8.0,1.0,10.109,71.22366208329211
Glasgow,2022,2022-04-24,NC,R8,1,8,ČECHMAN Martin,CZE,23.526027397260275,9.0,2.0,10.147,70.95693308367005
Glasgow,2022,2022-04-24,NC,QF,1,1,LAVREYSEN Harrie,NED,25.12876712328767,1.0,1.0,10.311,69.82833866744254
Glasgow,2022,2022-04-24,NC,QF,1,1,WAMMES Nick,CAN,22.523287671232875,8.0,2.0,10.404,69.20415224913495
Glasgow,2022,2022-04-24,NC,QF,1,2,PAUL Nicholas,TTO,23.6,4.0,1.0,10.277,70.05935584314489
Glasgow,2022,2022-04-24,NC,QF,1,2,TJON EN FA Jair,SUR,28.53150684931507,7.0,2.0,10.42,69.0978886756238
Glasgow,2022,2022-04-24,NC,QF,1,3,RICHARDSON Matthew,AUS,23.035616438356165,2.0,1.0,11.873,60.64179230186137
Glasgow,2022,2022-04-24,NC,QF,1,3,CARLIN Jack,GBR,25.019178082191782,5.0,2.0,14.164,50.83309799491669
Glasgow,2022,2022-04-24,NC,QF,1,4,VIGIER Sebastien,FRA,,3.0,1.0,10.008,71.94244604316548
Glasgow,2022,2022-04-24,NC,QF,1,4,CORNISH Thomas,AUS,22.202739726027396,6.0,2.0,10.655999999999999,67.56756756756758
Glasgow,2022,2022-04-24,NC,SF,1,1,LAVREYSEN Harrie,NED,25.12876712328767,1.0,1.0,10.254,70.21650087770627
Glasgow,2022,2022-04-24,NC,SF,1,1,VIGIER Sebastien,FRA,,3.0,2.0,10.344,69.60556844547564
Glasgow,2022,2022-04-24,NC,SF,1,2,RICHARDSON Matthew,AUS,23.035616438356165,2.0,2.0,,
Glasgow,2022,2022-04-24,NC,SF,1,2,PAUL Nicholas,TTO,23.6,4.0,1.0,9.915,72.61724659606658
Glasgow,2022,2022-04-24,NC,F,1,G,LAVREYSEN Harrie,NED,25.12876712328767,1.0,1.0,10.083,71.40731925022315
Glasgow,2022,2022-04-24,NC,F,1,G,RICHARDSON Matthew,AUS,23.035616438356165,2.0,2.0,10.183,70.7060787587155
Glasgow,2022,2022-04-24,NC,F,1,B,VIGIER Sebastien,FRA,,3.0,1.0,,
Glasgow,2022,2022-04-24,NC,F,1,B,PAUL Nicholas,TTO,23.6,4.0,2.0,DNS,
Roubaix,2021,2021-10-23,WCH,R16,1,1,RUDYK Mateusz,POL,,7.0,1.0,10.787,
Roubaix,2021,2021-10-23,WCH,R16,1,1,RUIZ TERAN Juan Carlos,MEX,,28.0,2.0,10.896,
Roubaix,2021,2021-10-23,WCH,R16,1,2,HOOGLAND Jeffrey,NED,,2.0,1.0,10.801,
Roubaix,2021,2021-10-23,WCH,R16,1,2,SZABO Norbert,ROU,,27.0,2.0,10.885,
Roubaix,2021,2021-10-23,WCH,R16,1,3,BOETTICHER Stefan,GER,,4.0,1.0,10.179,
Roubaix,2021,2021-10-23,WCH,R16,1,3,VERDUGO OSUNA Edgar Ismael,MEX,,26.0,2.0,10.321,
Roubaix,2021,2021-10-23,WCH,R16,1,4,TJON EN FA Jair,SUR,,9.0,1.0,10.249,
Roubaix,2021,2021-10-23,WCH,R16,1,4,OCHOA HENAO Juan David,COL,,25.0,2.0,10.451,
Roubaix,2021,2021-10-23,WCH,R16,1,5,HELAL Rayan,FRA,,8.0,1.0,10.316,
Roubaix,2021,2021-10-23,WCH,R16,1,5,LENDEL Vasilijus,LTU,,24.0,2.0,10.554,
Roubaix,2021,2021-10-23,WCH,R16,1,6,ROCHNA Daniel,POL,,10.0,1.0,10.542,
Roubaix,2021,2021-10-23,WCH,R16,1,6,ANGSUTHASAWIT Jai,THA,,23.0,2.0,10.587,
Roubaix,2021,2021-10-23,WCH,R16,1,7,SAHROM Muhammad Shah Firdaus,MAS,,11.0,1.0,10.233,
Roubaix,2021,2021-10-23,WCH,R16,1,7,CECHMAN Martin,CZE,,22.0,2.0,11.393,
Roubaix,2021,2021-10-23,WCH,R16,1,8,WAMMES Nick,CAN,,12.0,1.0,10.355,
Roubaix,2021,2021-10-23,WCH,R16,1,8,PERALTA Juan,ESP,,21.0,2.0,10.516,
Roubaix,2021,2021-10-23,WCH,R16,1,9,HOEHNE Anton,GER,,13.0,1.0,10.375,
Roubaix,2021,2021-10-23,WCH,R16,1,9,QUINTERO CHAVARRO Kevin Santiago,COL,,20.0,2.0,10.435,
Roubaix,2021,2021-10-23,WCH,R16,1,10,YAMASAKI Kento,JPN,,14.0,1.0,10.131,
Roubaix,2021,2021-10-23,WCH,R16,1,10,TERASAKI Kohei,JPN,,19.0,2.0,10.178,
Roubaix,2021,2021-10-23,WCH,R16,1,11,TRUMAN Joseph,GBR,,15.0,1.0,10.264,
Roubaix,2021,2021-10-23,WCH,R16,1,11,YAKUSHEVSKIY Pavel,RCF,,18.0,2.0,10.321,
Roubaix,2021,2021-10-23,WCH,R16,1,12,TURNBULL Hamish,GBR,,16.0,1.0,10.314,
Roubaix,2021,2021-10-23,WCH,R16,1,12,SZALONTAY Sandor,HUN,,17.0,2.0,10.386,
Roubaix,2021,2021-10-23,WCH,R8,1,1,LAVREYSEN Harrie,NED,,1.0,1.0,9.96,
Roubaix,2021,2021-10-23,WCH,R8,1,1,TURNBULL Hamish,GBR,,16.0,2.0,10.911000000000001,
Roubaix,2021,2021-10-23,WCH,R8,1,2,PAUL Nicholas,TTO,,5.0,1.0,9.707,
Roubaix,2021,2021-10-23,WCH,R8,1,2,TRUMAN Joseph,GBR,,15.0,2.0,10.302000000000001,
Roubaix,2021,2021-10-23,WCH,R8,1,3,IAKOVLEV Mikhail,RCF,,6.0,1.0,10.147,
Roubaix,2021,2021-10-23,WCH,R8,1,3,YAMASAKI Kento,JPN,,14.0,2.0,10.168000000000001,
Roubaix,2021,2021-10-23,WCH,R8,1,4,VIGIER Sebastien,FRA,,3.0,1.0,9.969,
Roubaix,2021,2021-10-23,WCH,R8,1,4,HOEHNE Anton,GER,,13.0,2.0,10.190999999999999,
Roubaix,2021,2021-10-23,WCH,R8,1,5,RUDYK Mateusz,POL,,7.0,1.0,10.255,
Roubaix,2021,2021-10-23,WCH,R8,1,5,WAMMES Nick,CAN,,12.0,2.0,10.314,
Roubaix,2021,2021-10-23,WCH,R8,1,6,HOOGLAND Jeffrey,NED,,2.0,1.0,10.509,
Roubaix,2021,2021-10-23,WCH,R8,1,6,SAHROM Muhammad Shah Firdaus,MAS,,11.0,2.0,10.614,
Roubaix,2021,2021-10-23,WCH,R8,1,7,BOETTICHER Stefan,GER,,4.0,1.0,9.969,
Roubaix,2021,2021-10-23,WCH,R8,1,7,ROCHNA Daniel,POL,,10.0,2.0,10.889999999999999,
Roubaix,2021,2021-10-23,WCH,R8,1,8,HELAL Rayan,FRA,,8.0,1.0,9.985,
Roubaix,2021,2021-10-23,WCH,R8,1,8,TJON EN FA Jair,SUR,,9.0,2.0,10.099,
Roubaix,2021,2021-10-23,WCH,QF,1,1,LAVREYSEN Harrie,NED,,1.0,1.0,10.058,
Roubaix,2021,2021-10-23,WCH,QF,1,1,HELAL Rayan,FRA,,8.0,2.0,10.17,
Roubaix,2021,2021-10-23,WCH,QF,1,2,BOETTICHER Stefan,GER,,4.0,2.0,10.58,
Roubaix,2021,2021-10-23,WCH,QF,1,2,PAUL Nicholas,TTO,,5.0,1.0,9.808,
Roubaix,2021,2021-10-23,WCH,QF,1,3,HOOGLAND Jeffrey,NED,,2.0,2.0,9.879999999999999,
Roubaix,2021,2021-10-23,WCH,QF,1,3,IAKOVLEV Mikhail,RCF,,6.0,1.0,9.879,
Roubaix,2021,2021-10-23,WCH,QF,1,4,VIGIER Sebastien,FRA,,3.0,1.0,10.159,
Roubaix,2021,2021-10-23,WCH,QF,1,4,RUDYK Mateusz,POL,,7.0,2.0,10.260000000000002,
Roubaix,2021,2021-10-23,WCH,SF,1,1,LAVREYSEN Harrie,NED,,1.0,1.0,9.992,
Roubaix,2021,2021-10-23,WCH,SF,1,1,VIGIER Sebastien,FRA,,3.0,2.0,10.079,
Roubaix,2021,2021-10-23,WCH,SF,1,2,HOOGLAND Jeffrey,NED,,2.0,2.0,12.686,
Roubaix,2021,2021-10-23,WCH,SF,1,2,BOETTICHER Stefan,GER,,4.0,1.0,10.193,
Roubaix,2021,2021-10-23,WCH,F,1,G,LAVREYSEN Harrie,NED,,1.0,1.0,9.881,
Roubaix,2021,2021-10-23,WCH,F,1,G,HOOGLAND Jeffrey,NED,,2.0,2.0,10.033,
Roubaix,2021,2021-10-23,WCH,F,1,B,VIGIER Sebastien,FRA,,3.0,1.0,10.235,
Roubaix,2021,2021-10-23,WCH,F,1,B,BOETTICHER Stefan,GER,,4.0,2.0,REL,
Cali,2021,2021-09-12,NC,R16,1,1,WAGNER Robin,CZE,,11.0,1.0,10.657,
Cali,2021,2021-09-12,NC,R16,1,1,PACHECO Pablo,ECU,,22.0,2.0,11.356,
Cali,2021,2021-09-12,NC,R16,1,2,LAITONJAM Ronaldo,IND,,12.0,1.0,10.492,
Cali,2021,2021-09-12,NC,R16,1,2,LEANDRO MADRIGAL Nayib,CRC,,21.0,2.0,10.826,
Cali,2021,2021-09-12,NC,R16,1,3,VERDUGO OSUNA Edgar Ismael,MEX,,13.0,1.0,10.712,
Cali,2021,2021-09-12,NC,R16,1,3,BONE NAZARENO Francisco Miguel,ECU,,20.0,2.0,10.722999999999999,
Cali,2021,2021-09-12,NC,R16,1,4,BOHUSLAVEK Matej,CZE,,14.0,1.0,10.947,
Cali,2021,2021-09-12,NC,R16,1,4,DANYLCHUK Bohdan,UKR,,19.0,2.0,10.997,
Cali,2021,2021-09-12,NC,R16,1,5,ESOW Esow,IND,,15.0,1.0,10.92,
Cali,2021,2021-09-12,NC,R16,1,5,ALEXANDER Quincy,TTO,,18.0,2.0,10.968,
Cali,2021,2021-09-12,NC,R16,1,6,MASRI Amar Danial,MAS,,16.0,1.0,10.752,
Cali,2021,2021-09-12,NC,R16,1,6,RUIZ TERAN Juan Carlos,MEX,,17.0,2.0,REL,
Cali,2021,2021-09-12,NC,R8,1,1,PAUL Nicholas,TTO,,1.0,1.0,10.449,
Cali,2021,2021-09-12,NC,R8,1,1,MASRI Amar Danial,MAS,,16.0,2.0,10.748,
Cali,2021,2021-09-12,NC,R8,1,2,WAMMES Nick,CAN,,4.0,1.0,10.38,
Cali,2021,2021-09-12,NC,R8,1,2,ESOW Esow,IND,,15.0,2.0,13.874,
Cali,2021,2021-09-12,NC,R8,1,3,QUINTERO CHAVARRO Kevin Santiago,COL,,2.0,1.0,10.587,
Cali,2021,2021-09-12,NC,R8,1,3,BOHUSLAVEK Matej,CZE,,14.0,2.0,11.029,
Cali,2021,2021-09-12,NC,R8,1,4,HELAL Rayan,FRA,,3.0,1.0,10.474,
Cali,2021,2021-09-12,NC,R8,1,4,VERDUGO OSUNA Edgar Ismael,MEX,,13.0,2.0,10.545,
Cali,2021,2021-09-12,NC,R8,1,5,VIGIER Sebastien,FRA,,5.0,1.0,10.375,
Cali,2021,2021-09-12,NC,R8,1,5,LAITONJAM Ronaldo,IND,,12.0,2.0,10.46,
Cali,2021,2021-09-12,NC,R8,1,6,RAMIREZ MORALES Santiago,COL,,6.0,1.0,10.29,
Cali,2021,2021-09-12,NC,R8,1,6,WAGNER Robin,CZE,,11.0,2.0,10.418,
Cali,2021,2021-09-12,NC,R8,1,7,RAJKOWSKI Patryk,POL,,7.0,1.0,10.391,
Cali,2021,2021-09-12,NC,R8,1,7,SAHROM Muhammad Ridwan,MAS,,10.0,2.0,10.523,
Cali,2021,2021-09-12,NC,R8,1,8,ROCHNA Daniel,POL,,8.0,1.0,10.398,
Cali,2021,2021-09-12,NC,R8,1,8,DODYK Ryan,CAN,,9.0,2.0,10.475999999999999,
Cali,2021,2021-09-12,NC,QF,1,1,PAUL Nicholas,TTO,,1.0,1.0,10.745,
Cali,2021,2021-09-12,NC,QF,1,1,ROCHNA Daniel,POL,,8.0,2.0,10.937999999999999,
Cali,2021,2021-09-12,NC,QF,1,2,WAMMES Nick,CAN,,4.0,1.0,10.308,
Cali,2021,2021-09-12,NC,QF,1,2,RAJKOWSKI Patryk,POL,,7.0,2.0,10.458,
Cali,2021,2021-09-12,NC,QF,1,3,QUINTERO CHAVARRO Kevin Santiago,COL,,2.0,2.0,10.363999999999999,
Cali,2021,2021-09-12,NC,QF,1,3,RAMIREZ MORALES Santiago,COL,,6.0,1.0,10.245,
Cali,2021,2021-09-12,NC,QF,1,4,HELAL Rayan,FRA,,3.0,1.0,10.155,
Cali,2021,2021-09-12,NC,QF,1,4,VIGIER Sebastien,FRA,,5.0,2.0,10.357,
Cali,2021,2021-09-12,NC,SF,1,1,PAUL Nicholas,TTO,,1.0,1.0,10.003,
Cali,2021,2021-09-12,NC,SF,1,1,HELAL Rayan,FRA,,3.0,2.0,10.189,
Cali,2021,2021-09-12,NC,SF,1,2,QUINTERO CHAVARRO Kevin Santiago,COL,,2.0,2.0,10.162,
Cali,2021,2021-09-12,NC,SF,1,2,WAMMES Nick,CAN,,4.0,1.0,10.115,
Cali,2021,2021-09-12,NC,F,1,G,PAUL Nicholas,TTO,,1.0,1.0,10.196,
Cali,2021,2021-09-12,NC,F,1,G,QUINTERO CHAVARRO Kevin Santiago,COL,,2.0,2.0,10.321,
Cali,2021,2021-09-12,NC,F,1,B,HELAL Rayan,FRA,,3.0,1.0,10.054,
Cali,2021,2021-09-12,NC,F,1,B,WAMMES Nick,CAN,,4.0,2.0,10.097,
Tokyo,2021,2021-08-04,OLY,R32,1,1,HOOGLAND Jeffrey,NED,,2.0,1.0,9.821,
Tokyo,2021,2021-08-04,OLY,R32,1,1,MITCHELL Ethan,NZL,,24.0,2.0,10.054,
Tokyo,2021,2021-08-04,OLY,R32,1,2,LAVREYSEN Harrie,NED,,1.0,1.0,10.005,
Tokyo,2021,2021-08-04,OLY,R32,1,2,SAHROM Muhammad Shah Firdaus,MAS,,12.0,2.0,10.068000000000001,
Tokyo,2021,2021-08-04,OLY,R32,1,3,CARLIN Jack,GBR,,3.0,1.0,9.829,
Tokyo,2021,2021-08-04,OLY,R32,1,3,HART Nathan,AUS,,23.0,2.0,10.135,
Tokyo,2021,2021-08-04,OLY,R32,1,4,PAUL Nicholas,TTO,,6.0,1.0,9.824,
Tokyo,2021,2021-08-04,OLY,R32,1,4,RICHARDSON Matthew,AUS,,22.0,2.0,10.442,
Tokyo,2021,2021-08-04,OLY,R32,1,5,DMITRIEV Denis,ROC,,4.0,1.0,9.859,
Tokyo,2021,2021-08-04,OLY,R32,1,5,HELAL Rayan,FRA,,21.0,2.0,10.338,
Tokyo,2021,2021-08-04,OLY,R32,1,6,LEVY Maximilian,GER,,5.0,1.0,9.922,
Tokyo,2021,2021-08-04,OLY,R32,1,6,TJON EN FA Jair,SUR,,13.0,2.0,9.924000000000001,
Tokyo,2021,2021-08-04,OLY,R32,1,7,WEBSTER Sam,NZL,,11.0,1.0,10.099,
Tokyo,2021,2021-08-04,OLY,R32,1,7,RUDYK Mateusz,POL,,17.0,2.0,10.279,
Tokyo,2021,2021-08-04,OLY,R32,1,8,KENNY Jason,GBR,,8.0,1.0,9.791,
Tokyo,2021,2021-08-04,OLY,R32,1,8,AWANG Mohd Azizulhasni,MAS,,10.0,2.0,9.823,
Tokyo,2021,2021-08-04,OLY,R32,1,9,WAKIMOTO Yuta,JPN,,9.0,1.0,9.997,
Tokyo,2021,2021-08-04,OLY,R32,1,9,QUINTERO CHAVARRO Kevin Santiago,COL,,20.0,2.0,10.081,
Tokyo,2021,2021-08-04,OLY,R32,1,10,VIGIER Sebastien,FRA,,7.0,1.0,10.182,
Tokyo,2021,2021-08-04,OLY,R32,1,10,BARRETTE Hugo,CAN,,19.0,2.0,10.202,
Tokyo,2021,2021-08-04,OLY,R32,1,11,RAJKOWSKI Patryk,POL,,16.0,1.0,10.465,
Tokyo,2021,2021-08-04,OLY,R32,1,11,XU Chao,CHN,,18.0,2.0,10.756,
Tokyo,2021,2021-08-04,OLY,R32,1,12,WAMMES Nick,CAN,,14.0,1.0,10.228,
Tokyo,2021,2021-08-04,OLY,R32,1,12,BOETTICHER Stefan,GER,,15.0,2.0,10.243,
Tokyo,2021,2021-08-04,OLY,Rep32,1,1,AWANG Mohd Azizulhasni,MAS,,10.0,1.0,10.056,
Tokyo,2021,2021-08-04,OLY,Rep32,1,1,QUINTERO CHAVARRO Kevin Santiago,COL,,20.0,2.0,10.26,
Tokyo,2021,2021-08-04,OLY,Rep32,1,1,MITCHELL Ethan,NZL,,24.0,3.0,10.604999999999999,
Tokyo,2021,2021-08-04,OLY,Rep32,1,2,SAHROM Muhammad Shah Firdaus,MAS,,12.0,1.0,9.667,
Tokyo,2021,2021-08-04,OLY,Rep32,1,2,BARRETTE Hugo,CAN,,19.0,2.0,10.286,
Tokyo,2021,2021-08-04,OLY,Rep32,1,2,RUDYK Mateusz,POL,,17.0,3.0,10.334999999999999,
Tokyo,2021,2021-08-04,OLY,Rep32,1,3,TJON EN FA Jair,SUR,,13.0,1.0,10.016,
Tokyo,2021,2021-08-04,OLY,Rep32,1,3,XU Chao,CHN,,18.0,2.0,10.078,
Tokyo,2021,2021-08-04,OLY,Rep32,1,3,HART Nathan,AUS,,23.0,3.0,10.201,
Tokyo,2021,2021-08-04,OLY,Rep32,1,4,BOETTICHER Stefan,GER,,15.0,1.0,10.03,
Tokyo,2021,2021-08-04,OLY,Rep32,1,4,HELAL Rayan,FRA,,21.0,2.0,10.062,
Tokyo,2021,2021-08-04,OLY,Rep32,1,4,RICHARDSON Matthew,AUS,,22.0,3.0,10.450999999999999,
Tokyo,2021,2021-08-04,OLY,R16,1,1,HOOGLAND Jeffrey,NED,,2.0,1.0,10.034,
Tokyo,2021,2021-08-04,OLY,R16,1,1,BOETTICHER Stefan,GER,,15.0,2.0,10.145000000000001,
Tokyo,2021,2021-08-04,OLY,R16,1,2,LAVREYSEN Harrie,NED,,1.0,1.0,9.766,
Tokyo,2021,2021-08-04,OLY,R16,1,2,TJON EN FA Jair,SUR,,13.0,2.0,10.025,
Tokyo,2021,2021-08-04,OLY,R16,1,3,CARLIN Jack,GBR,,3.0,1.0,9.884,
Tokyo,2021,2021-08-04,OLY,R16,1,3,SAHROM Muhammad Shah Firdaus,MAS,,12.0,2.0,10.016,
Tokyo,2021,2021-08-04,OLY,R16,1,4,PAUL Nicholas,TTO,,6.0,1.0,9.798,
Tokyo,2021,2021-08-04,OLY,R16,1,4,AWANG Mohd Azizulhasni,MAS,,10.0,2.0,9.824,
Tokyo,2021,2021-08-04,OLY,R16,1,5,DMITRIEV Denis,ROC,,4.0,1.0,10.127,
Tokyo,2021,2021-08-04,OLY,R16,1,5,WAMMES Nick,CAN,,14.0,2.0,10.234,
Tokyo,2021,2021-08-04,OLY,R16,1,6,LEVY Maximilian,GER,,5.0,1.0,10.247,
Tokyo,2021,2021-08-04,OLY,R16,1,6,RAJKOWSKI Patryk,POL,,16.0,2.0,10.395999999999999,
Tokyo,2021,2021-08-04,OLY,R16,1,7,WEBSTER Sam,NZL,,11.0,1.0,9.845,
Tokyo,2021,2021-08-04,OLY,R16,1,7,VIGIER Sebastien,FRA,,7.0,2.0,9.883000000000001,
Tokyo,2021,2021-08-04,OLY,R16,1,8,KENNY Jason,GBR,,8.0,1.0,9.916,
Tokyo,2021,2021-08-04,OLY,R16,1,8,WAKIMOTO Yuta,JPN,,9.0,2.0,9.937000000000001,
Tokyo,2021,2021-08-04,OLY,Rep16,1,1,WAKIMOTO Yuta,JPN,,9.0,1.0,10.323,
Tokyo,2021,2021-08-04,OLY,Rep16,1,1,BOETTICHER Stefan,GER,,15.0,2.0,10.499,
Tokyo,2021,2021-08-04,OLY,Rep16,1,2,VIGIER Sebastien,FRA,,7.0,1.0,9.9,
Tokyo,2021,2021-08-04,OLY,Rep16,1,2,TJON EN FA Jair,SUR,,13.0,2.0,9.985000000000001,
Tokyo,2021,2021-08-04,OLY,Rep16,1,3,SAHROM Muhammad Shah Firdaus,MAS,,12.0,1.0,10.317,
Tokyo,2021,2021-08-04,OLY,Rep16,1,3,RAJKOWSKI Patryk,POL,,16.0,2.0,10.577,
Tokyo,2021,2021-08-04,OLY,Rep16,1,4,AWANG Mohd Azizulhasni,MAS,,10.0,1.0,10.131,
Tokyo,2021,2021-08-04,OLY,Rep16,1,4,WAMMES Nick,CAN,,14.0,2.0,10.235,
Tokyo,2021,2021-08-04,OLY,R8,1,1,HOOGLAND Jeffrey,NED,,2.0,1.0,9.831,
Tokyo,2021,2021-08-04,OLY,R8,1,1,AWANG Mohd Azizulhasni,MAS,,10.0,2.0,9.870999999999999,
Tokyo,2021,2021-08-04,OLY,R8,1,2,LAVREYSEN Harrie,NED,,1.0,1.0,9.635,
Tokyo,2021,2021-08-04,OLY,R8,1,2,SAHROM Muhammad Shah Firdaus,MAS,,12.0,2.0,10.084,
Tokyo,2021,2021-08-04,OLY,R8,1,3,CARLIN Jack,GBR,,3.0,1.0,9.963,
Tokyo,2021,2021-08-04,OLY,R8,1,3,VIGIER Sebastien,FRA,,7.0,2.0,10.133999999999999,
Tokyo,2021,2021-08-04,OLY,R8,1,4,PAUL Nicholas,TTO,,6.0,1.0,10.091,
Tokyo,2021,2021-08-04,OLY,R8,1,4,WAKIMOTO Yuta,JPN,,9.0,2.0,10.548,
Tokyo,2021,2021-08-04,OLY,R8,1,5,DMITRIEV Denis,ROC,,4.0,1.0,9.828,
Tokyo,2021,2021-08-04,OLY,R8,1,5,KENNY Jason,GBR,,8.0,2.0,9.904,
Tokyo,2021,2021-08-04,OLY,R8,1,6,LEVY Maximilian,GER,,5.0,1.0,10.355,
Tokyo,2021,2021-08-04,OLY,R8,1,6,WEBSTER Sam,NZL,,11.0,2.0,10.487,
Tokyo,2021,2021-08-04,OLY,Rep8,1,1,KENNY Jason,GBR,,8.0,1.0,10.066,
Tokyo,2021,2021-08-04,OLY,Rep8,1,1,AWANG Mohd Azizulhasni,MAS,,10.0,2.0,10.108,
Tokyo,2021,2021-08-04,OLY,Rep8,1,1,WAKIMOTO Yuta,JPN,,9.0,3.0,10.391,
Tokyo,2021,2021-08-04,OLY,Rep8,1,2,VIGIER Sebastien,FRA,,7.0,1.0,10.169,
Tokyo,2021,2021-08-04,OLY,Rep8,1,2,WEBSTER Sam,NZL,,11.0,2.0,10.270000000000001,
Tokyo,2021,2021-08-04,OLY,Rep8,1,2,SAHROM Muhammad Shah Firdaus,MAS,,12.0,3.0,10.302,
Tokyo,2021,2021-08-04,OLY,QF,1,1,HOOGLAND Jeffrey,NED,,2.0,1.0,10.204,
Tokyo,2021,2021-08-04,OLY,QF,1,1,VIGIER Sebastien,FRA,,7.0,2.0,12.644,
Tokyo,2021,2021-08-04,OLY,QF,1,2,LAVREYSEN Harrie,NED,,1.0,1.0,10.243,
Tokyo,2021,2021-08-04,OLY,QF,1,2,KENNY Jason,GBR,,8.0,2.0,10.290000000000001,
Tokyo,2021,2021-08-04,OLY,QF,1,3,CARLIN Jack,GBR,,3.0,1.0,9.68,
Tokyo,2021,2021-08-04,OLY,QF,1,3,LEVY Maximilian,GER,,5.0,2.0,12.187,
Tokyo,2021,2021-08-04,OLY,QF,1,4,DMITRIEV Denis,ROC,,4.0,2.0,9.943,
Tokyo,2021,2021-08-04,OLY,QF,1,4,PAUL Nicholas,TTO,,6.0,1.0,9.648,
Tokyo,2021,2021-08-04,OLY,5to8,1,1,LEVY Maximilian,GER,,5.0,1.0,9.879,
Tokyo,2021,2021-08-04,OLY,5to8,1,1,PAUL Nicholas,TTO,,6.0,2.0,10.030999999999999,
Tokyo,2021,2021-08-04,OLY,5to8,1,1,VIGIER Sebastien,FRA,,7.0,3.0,10.674999999999999,
Tokyo,2021,2021-08-04,OLY,5to8,1,1,KENNY Jason,GBR,,8.0,4.0,11.553999999999998,
Tokyo,2021,2021-08-04,OLY,SF,1,1,HOOGLAND Jeffrey,NED,,2.0,1.0,9.692,
Tokyo,2021,2021-08-04,OLY,SF,1,1,DMITRIEV Denis,ROC,,4.0,2.0,9.799,
Tokyo,2021,2021-08-04,OLY,SF,1,2,LAVREYSEN Harrie,NED,,1.0,1.0,9.747,
Tokyo,2021,2021-08-04,OLY,SF,1,2,CARLIN Jack,GBR,,3.0,2.0,9.814,
Tokyo,2021,2021-08-04,OLY,F,1,G,LAVREYSEN Harrie,NED,,1.0,2.0,9.736,
Tokyo,2021,2021-08-04,OLY,F,1,G,HOOGLAND Jeffrey,NED,,2.0,1.0,9.724,
Tokyo,2021,2021-08-04,OLY,F,1,B,CARLIN Jack,GBR,,3.0,1.0,9.786,
Tokyo,2021,2021-08-04,OLY,F,1,B,DMITRIEV Denis,ROC,,4.0,2.0,10.272,
St Petersburg,2021,2021-07-11,NC,R16,1,1,ROSTOV Pavel,MCT,,11.0,1.0,10.501,
St Petersburg,2021,2021-07-11,NC,R16,1,1,SAFAROV Alexandr,NCT,,23.0,2.0,10.583,
St Petersburg,2021,2021-07-11,NC,R16,1,2,JAGER Julien,GER,,12.0,1.0,10.507,
St Petersburg,2021,2021-07-11,NC,R16,1,2,ESOW Esow,IND,,22.0,2.0,10.597999999999999,
St Petersburg,2021,2021-07-11,NC,R16,1,3,CHUGAY Andrey,KAZ,,13.0,1.0,10.414,
St Petersburg,2021,2021-07-11,NC,R16,1,3,DANYLCHUK Bohdan,UKR,,21.0,2.0,10.464,
St Petersburg,2021,2021-07-11,NC,R16,1,4,LOVASSY Patrik Romeo,HUN,,14.0,1.0,10.46,
St Petersburg,2021,2021-07-11,NC,R16,1,4,HLOVA Aliaksandr,BLR,,20.0,2.0,10.593,
St Petersburg,2021,2021-07-11,NC,R16,1,5,ZAITSAU Artsiom,BLR,,15.0,1.0,10.371,
St Petersburg,2021,2021-07-11,NC,R16,1,5,LAITONJAM Ronaldo,IND,,19.0,2.0,11.252,
St Petersburg,2021,2021-07-11,NC,R16,1,6,NESTEROV Dmitry,MCT,,8.0,1.0,10.704,
St Petersburg,2021,2021-07-11,NC,R16,1,6,STOVBETSKYI Dmytro,UKR,,17.0,2.0,11.645000000000001,
St Petersburg,2021,2021-07-11,NC,R16,1,7,JONAUSKAS Svajunas,LTU,,16.0,1.0,10.467,
St Petersburg,2021,2021-07-11,NC,R16,1,7,BIANCHI Matteo,ITA,,18.0,2.0,10.524000000000001,
St Petersburg,2021,2021-07-11,NC,R8,1,1,IAKOVLEV Mikhail,RUS,,2.0,1.0,10.396,
St Petersburg,2021,2021-07-11,NC,R8,1,1,JONAUSKAS Svajunas,LTU,,16.0,2.0,10.547,
St Petersburg,2021,2021-07-11,NC,R8,1,2,NESTEROV Dmitry,MCT,,8.0,1.0,10.288,
St Petersburg,2021,2021-07-11,NC,R8,1,2,CALEYRON Quentin,FRA,,9.0,2.0,REL,
St Petersburg,2021,2021-07-11,NC,R8,1,3,QUINTERO CHAVARRO Kevin Santiago,COL,,1.0,1.0,10.113,
St Petersburg,2021,2021-07-11,NC,R8,1,3,ZAITSAU Artsiom,BLR,,15.0,2.0,10.357,
St Petersburg,2021,2021-07-11,NC,R8,1,4,DERACHE Tom,FRA,,3.0,1.0,10.494,
St Petersburg,2021,2021-07-11,NC,R8,1,4,LOVASSY Patrik Romeo,HUN,,14.0,2.0,10.644,
St Petersburg,2021,2021-07-11,NC,R8,1,5,HOHNE Anton,GER,,5.0,1.0,10.17,
St Petersburg,2021,2021-07-11,NC,R8,1,5,CHUGAY Andrey,KAZ,,13.0,2.0,10.258,
St Petersburg,2021,2021-07-11,NC,R8,1,6,LENDEL Vasilijus,LTU,,6.0,1.0,10.563,
St Petersburg,2021,2021-07-11,NC,R8,1,6,JAGER Julien,GER,,12.0,2.0,10.631,
St Petersburg,2021,2021-07-11,NC,R8,1,7,SZALONTAY Sandor,HUN,,4.0,1.0,10.236,
St Petersburg,2021,2021-07-11,NC,R8,1,7,ROSTOV Pavel,MCT,,11.0,2.0,10.324,
St Petersburg,2021,2021-07-11,NC,R8,1,8,RAMIREZ MORALES Santiago,COL,,7.0,1.0,10.308,
St Petersburg,2021,2021-07-11,NC,R8,1,8,BURLAKOV Danila,RUS,,10.0,2.0,10.333,
St Petersburg,2021,2021-07-11,NC,QF,1,1,IAKOVLEV Mikhail,RUS,,2.0,1.0,10.24,
St Petersburg,2021,2021-07-11,NC,QF,1,1,RAMIREZ MORALES Santiago,COL,,7.0,2.0,11.697000000000001,
St Petersburg,2021,2021-07-11,NC,QF,1,2,SZALONTAY Sandor,HUN,,4.0,2.0,10.589,
St Petersburg,2021,2021-07-11,NC,QF,1,2,NESTEROV Dmitry,MCT,,8.0,1.0,10.586,
St Petersburg,2021,2021-07-11,NC,QF,1,3,QUINTERO CHAVARRO Kevin Santiago,COL,,1.0,1.0,10.105,
St Petersburg,2021,2021-07-11,NC,QF,1,3,LENDEL Vasilijus,LTU,,6.0,2.0,10.246,
St Petersburg,2021,2021-07-11,NC,QF,1,4,DERACHE Tom,FRA,,3.0,1.0,10.127,
St Petersburg,2021,2021-07-11,NC,QF,1,4,HOHNE Anton,GER,,5.0,2.0,10.157,
St Petersburg,2021,2021-07-11,NC,SF,1,1,IAKOVLEV Mikhail,RUS,,2.0,1.0,10.112,
St Petersburg,2021,2021-07-11,NC,SF,1,1,DERACHE Tom,FRA,,3.0,2.0,10.162,
St Petersburg,2021,2021-07-11,NC,SF,1,2,QUINTERO CHAVARRO Kevin Santiago,COL,,1.0,1.0,10.195,
St Petersburg,2021,2021-07-11,NC,SF,1,2,SZALONTAY Sandor,HUN,,4.0,2.0,10.742,
St Petersburg,2021,2021-07-11,NC,F,1,G,QUINTERO CHAVARRO Kevin Santiago,COL,,1.0,2.0,10.151,
St Petersburg,2021,2021-07-11,NC,F,1,G,IAKOVLEV Mikhail,RUS,,2.0,1.0,10.144,
St Petersburg,2021,2021-07-11,NC,F,1,B,DERACHE Tom,FRA,,3.0,1.0,10.211,
St Petersburg,2021,2021-07-11,NC,F,1,B,SZALONTAY Sandor,HUN,,4.0,2.0,10.297,
Hong Kong,2021,2021-05-16,NC,R16,1,1,MATSUI Koyu,RKD,,4.0,1.0,10.5,
Hong Kong,2021,2021-05-16,NC,R16,1,1,MOHAMED YUSOFF Mohamed Elyas,SIN,,21.0,2.0,10.646,
Hong Kong,2021,2021-05-16,NC,R16,1,2,LAW Tsz Chun,HKG,,8.0,1.0,10.65,
Hong Kong,2021,2021-05-16,NC,R16,1,2,MASRI Amar Danial,MAS,,20.0,2.0,10.712,
Hong Kong,2021,2021-05-16,NC,R16,1,3,JONAUSKAS Svajunas,LTU,,14.0,1.0,10.78,
Hong Kong,2021,2021-05-16,NC,R16,1,3,DANYLCHUK Bohdan,UKR,,19.0,2.0,10.879,
Hong Kong,2021,2021-05-16,NC,R16,1,4,SAHROM Muhammad Ridwan,MAS,,16.0,1.0,10.74,
Hong Kong,2021,2021-05-16,NC,R16,1,4,SZABO Norbert,ROU,,17.0,2.0,10.85,
Hong Kong,2021,2021-05-16,NC,R16,1,5,TO Cheuk Hei,HKG,,15.0,1.0,11.031,
Hong Kong,2021,2021-05-16,NC,R16,1,5,DENYSENKO Vladyslav,UKR,,18.0,2.0,11.099,
Hong Kong,2021,2021-05-16,NC,R8,1,1,WAKIMOTO Yuta,JPN,,2.0,1.0,10.152,
Hong Kong,2021,2021-05-16,NC,R8,1,1,TO Cheuk Hei,HKG,,15.0,2.0,11.174999999999999,
Hong Kong,2021,2021-05-16,NC,R8,1,2,NITTA Yudai,JPN,,1.0,1.0,10.328,
Hong Kong,2021,2021-05-16,NC,R8,1,2,SAHROM Muhammad Ridwan,MAS,,16.0,2.0,10.413,
Hong Kong,2021,2021-05-16,NC,R8,1,3,FUKAYA Tomohiro,DSR,,3.0,1.0,10.551,
Hong Kong,2021,2021-05-16,NC,R8,1,3,JONAUSKAS Svajunas,LTU,,14.0,2.0,10.654,
Hong Kong,2021,2021-05-16,NC,R8,1,4,LAW Tsz Chun,HKG,,8.0,1.0,10.534,
Hong Kong,2021,2021-05-16,NC,R8,1,4,YAMASAKI Kento,RKD,,9.0,2.0,REL,
Hong Kong,2021,2021-05-16,NC,R8,1,5,MATSUI Koyu,RKD,,4.0,1.0,10.471,
Hong Kong,2021,2021-05-16,NC,R8,1,5,PERALTA Juan,ESP,,10.0,2.0,10.475,
Hong Kong,2021,2021-05-16,NC,R8,1,6,ANGSUTHASAWIT Jai,THA,,7.0,1.0,10.242,
Hong Kong,2021,2021-05-16,NC,R8,1,6,SHINZAN Kyohei,BGT,,11.0,2.0,10.332,
Hong Kong,2021,2021-05-16,NC,R8,1,7,NAKANO Shinji,DSR,,5.0,1.0,10.389,
Hong Kong,2021,2021-05-16,NC,R8,1,7,MARTINEZ CHORRO Alejandro,ESP,,13.0,2.0,10.517999999999999,
Hong Kong,2021,2021-05-16,NC,R8,1,8,MOHD ZONIS Muhammad Fadhil,SDF,,6.0,1.0,10.262,
Hong Kong,2021,2021-05-16,NC,R8,1,8,LENDEL Vasilijus,LTU,,12.0,2.0,10.441,
Hong Kong,2021,2021-05-16,NC,QF,1,1,WAKIMOTO Yuta,JPN,,2.0,1.0,10.276,
Hong Kong,2021,2021-05-16,NC,QF,1,1,MOHD ZONIS Muhammad Fadhil,SDF,,6.0,2.0,10.295,
Hong Kong,2021,2021-05-16,NC,QF,1,2,NITTA Yudai,JPN,,1.0,1.0,10.554,
Hong Kong,2021,2021-05-16,NC,QF,1,2,NAKANO Shinji,DSR,,5.0,2.0,10.594,
Hong Kong,2021,2021-05-16,NC,QF,1,3,FUKAYA Tomohiro,DSR,,3.0,1.0,10.311,
Hong Kong,2021,2021-05-16,NC,QF,1,3,ANGSUTHASAWIT Jai,THA,,7.0,2.0,10.386,
Hong Kong,2021,2021-05-16,NC,QF,1,4,MATSUI Koyu,RKD,,4.0,1.0,10.216,
Hong Kong,2021,2021-05-16,NC,QF,1,4,LAW Tsz Chun,HKG,,8.0,2.0,11.059999999999999,
Hong Kong,2021,2021-05-16,NC,SF,1,1,WAKIMOTO Yuta,JPN,,2.0,1.0,10.11,
Hong Kong,2021,2021-05-16,NC,SF,1,1,MATSUI Koyu,RKD,,4.0,2.0,10.293,
Hong Kong,2021,2021-05-16,NC,SF,1,2,NITTA Yudai,JPN,,1.0,1.0,10.178,
Hong Kong,2021,2021-05-16,NC,SF,1,2,FUKAYA Tomohiro,DSR,,3.0,2.0,10.455,
Hong Kong,2021,2021-05-16,NC,F,1,G,NITTA Yudai,JPN,,1.0,1.0,10.291,
Hong Kong,2021,2021-05-16,NC,F,1,G,WAKIMOTO Yuta,JPN,,2.0,2.0,10.325000000000001,
Hong Kong,2021,2021-05-16,NC,F,1,B,FUKAYA Tomohiro,DSR,,3.0,1.0,10.414,
Hong Kong,2021,2021-05-16,NC,F,1,B,MATSUI Koyu,RKD,,4.0,2.0,10.597999999999999,
Berlin,2020,2020-02-29,WCH,R16,1,1,AWANG Mohd Azizulhasni,MAS,,3.0,1.0,9.976,
Berlin,2020,2020-02-29,WCH,R16,1,1,LENDEL Vasilijus,LTU,,28.0,2.0,10.255,
Berlin,2020,2020-02-29,WCH,R16,1,2,PAUL Nicholas,TTO,,10.0,1.0,10.088,
Berlin,2020,2020-02-29,WCH,R16,1,2,HSIEH Nien Hsing,TPE,,27.0,2.0,10.181,
Berlin,2020,2020-02-29,WCH,R16,1,3,KENNY Jason,GBR,,11.0,1.0,10.234,
Berlin,2020,2020-02-29,WCH,R16,1,3,MITCHELL Ethan,NZL,,26.0,2.0,11.493,
Berlin,2020,2020-02-29,WCH,R16,1,4,NITTA Yudai,JPN,,5.0,1.0,9.983,
Berlin,2020,2020-02-29,WCH,R16,1,4,LIGTLEE Sam,NED,,25.0,2.0,10.033000000000001,
Berlin,2020,2020-02-29,WCH,R16,1,5,CALEYRON Quentin,FRA,,12.0,1.0,10.218,
Berlin,2020,2020-02-29,WCH,R16,1,5,XU Chao,CHN,,24.0,2.0,10.383,
Berlin,2020,2020-02-29,WCH,R16,1,6,BOTTICHER Stefan,GER,,6.0,1.0,10.135,
Berlin,2020,2020-02-29,WCH,R16,1,6,QUINTERO CHAVARRO Kevin Santiago,COL,,23.0,2.0,10.17,
Berlin,2020,2020-02-29,WCH,R16,1,7,BUCHLI Matthijs,NED,,7.0,1.0,10.3,
Berlin,2020,2020-02-29,WCH,R16,1,7,ZHOU Yu,CHN,,22.0,2.0,10.341000000000001,
Berlin,2020,2020-02-29,WCH,R16,1,8,TJON EN FA Jair,SUR,,16.0,1.0,10.094,
Berlin,2020,2020-02-29,WCH,R16,1,8,VIGIER Sebastien,FRA,,17.0,2.0,10.1,
Berlin,2020,2020-02-29,WCH,R16,1,9,FUKAYA Tomohiro,JPN,,8.0,1.0,9.998,
Berlin,2020,2020-02-29,WCH,R16,1,9,PERALTA Juan,ESP,,21.0,2.0,10.091999999999999,
Berlin,2020,2020-02-29,WCH,R16,1,10,SAHROM Muhammad Shah Firdaus,MAS,,13.0,1.0,9.931,
Berlin,2020,2020-02-29,WCH,R16,1,10,CARLIN Jack,GBR,,20.0,2.0,9.963,
Berlin,2020,2020-02-29,WCH,R16,1,11,WEBSTER Sam,NZL,,14.0,1.0,9.993,
Berlin,2020,2020-02-29,WCH,R16,1,11,SZALONTAY Sandor,HUN,,19.0,2.0,10.089,
Berlin,2020,2020-02-29,WCH,R16,1,12,HART Nathan,AUS,,15.0,1.0,10.005,
Berlin,2020,2020-02-29,WCH,R16,1,12,RICHARDSON Matthew,AUS,,18.0,2.0,10.077,
Berlin,2020,2020-02-29,WCH,R8,1,1,LAVREYSEN Harrie,NED,,1.0,1.0,9.948,
Berlin,2020,2020-02-29,WCH,R8,1,1,HART Nathan,AUS,,15.0,2.0,10.295,
Berlin,2020,2020-02-29,WCH,R8,1,2,HOOGLAND Jeffrey,NED,,2.0,1.0,9.808,
Berlin,2020,2020-02-29,WCH,R8,1,2,WEBSTER Sam,NZL,,14.0,2.0,9.857,
Berlin,2020,2020-02-29,WCH,R8,1,3,RUDYK Mateusz,POL,,4.0,1.0,9.945,
Berlin,2020,2020-02-29,WCH,R8,1,3,SAHROM Muhammad Shah Firdaus,MAS,,13.0,2.0,9.946,
Berlin,2020,2020-02-29,WCH,R8,1,4,FUKAYA Tomohiro,JPN,,8.0,1.0,9.782,
Berlin,2020,2020-02-29,WCH,R8,1,4,DMITRIEV Denis,RUS,,9.0,2.0,10.178,
Berlin,2020,2020-02-29,WCH,R8,1,5,AWANG Mohd Azizulhasni,MAS,,3.0,1.0,10.145,
Berlin,2020,2020-02-29,WCH,R8,1,5,TJON EN FA Jair,SUR,,16.0,2.0,10.264999999999999,
Berlin,2020,2020-02-29,WCH,R8,1,6,BUCHLI Matthijs,NED,,7.0,1.0,10.191,
Berlin,2020,2020-02-29,WCH,R8,1,6,PAUL Nicholas,TTO,,10.0,2.0,10.239,
Berlin,2020,2020-02-29,WCH,R8,1,7,BOTTICHER Stefan,GER,,6.0,1.0,10.053,
Berlin,2020,2020-02-29,WCH,R8,1,7,KENNY Jason,GBR,,11.0,2.0,10.100000000000001,
Berlin,2020,2020-02-29,WCH,R8,1,8,NITTA Yudai,JPN,,5.0,1.0,10.003,
Berlin,2020,2020-02-29,WCH,R8,1,8,CALEYRON Quentin,FRA,,12.0,2.0,10.074,
Berlin,2020,2020-02-29,WCH,QF,1,1,LAVREYSEN Harrie,NED,,1.0,1.0,9.974,
Berlin,2020,2020-02-29,WCH,QF,1,1,NITTA Yudai,JPN,,5.0,2.0,10.08,
Berlin,2020,2020-02-29,WCH,QF,1,2,HOOGLAND Jeffrey,NED,,2.0,1.0,9.89,
Berlin,2020,2020-02-29,WCH,QF,1,2,BOTTICHER Stefan,GER,,6.0,2.0,10.016,
Berlin,2020,2020-02-29,WCH,QF,1,3,RUDYK Mateusz,POL,,4.0,1.0,10.085,
Berlin,2020,2020-02-29,WCH,QF,1,3,BUCHLI Matthijs,NED,,7.0,2.0,10.216000000000001,
Berlin,2020,2020-02-29,WCH,QF,1,4,AWANG Mohd Azizulhasni,MAS,,3.0,1.0,9.998,
Berlin,2020,2020-02-29,WCH,QF,1,4,FUKAYA Tomohiro,JPN,,8.0,2.0,10.081,
Berlin,2020,2020-02-29,WCH,SF,1,1,LAVREYSEN Harrie,NED,,1.0,1.0,9.842,
Berlin,2020,2020-02-29,WCH,SF,1,1,AWANG Mohd Azizulhasni,MAS,,3.0,2.0,10.317,
Berlin,2020,2020-02-29,WCH,SF,1,2,HOOGLAND Jeffrey,NED,,2.0,1.0,9.761,
Berlin,2020,2020-02-29,WCH,SF,1,2,RUDYK Mateusz,POL,,4.0,2.0,10.414,
Berlin,2020,2020-02-29,WCH,F,1,G,LAVREYSEN Harrie,NED,,1.0,1.0,9.79,
Berlin,2020,2020-02-29,WCH,F,1,G,HOOGLAND Jeffrey,NED,,2.0,2.0,9.854,
Berlin,2020,2020-02-29,WCH,F,1,B,AWANG Mohd Azizulhasni,MAS,,3.0,1.0,10.145,
Berlin,2020,2020-02-29,WCH,F,1,B,RUDYK Mateusz,POL,,4.0,2.0,10.145,
Milton,2020,2020-01-26,NC,R16,1,1,HELAL Rayan,FRA,,3.0,1.0,10.465,
Milton,2020,2020-01-26,NC,R16,1,1,CHUGAY Andrey,KAZ,,28.0,2.0,10.789,
Milton,2020,2020-01-26,NC,R16,1,2,ALEXANDER Quincy,TTO,,16.0,1.0,10.511,
Milton,2020,2020-01-26,NC,R16,1,2,TJON EN FA Jair,SUR,,17.0,2.0,10.555,
Milton,2020,2020-01-26,NC,R16,1,3,BRISTER James,AUS,,5.0,1.0,10.489,
Milton,2020,2020-01-26,NC,R16,1,3,MELLEN James,USA,,27.0,2.0,10.542000000000002,
Milton,2020,2020-01-26,NC,R16,1,4,SZALONTAY Sandor,HUN,,11.0,1.0,10.48,
Milton,2020,2020-01-26,NC,R16,1,4,HINZE Carl,GER,,26.0,2.0,10.689,
Milton,2020,2020-01-26,NC,R16,1,5,XU Chao,CHN,,6.0,1.0,10.392,
Milton,2020,2020-01-26,NC,R16,1,5,JAGER Julien,GER,,25.0,2.0,12.516,
Milton,2020,2020-01-26,NC,R16,1,6,PERALTA Juan,ESP,,12.0,1.0,10.308,
Milton,2020,2020-01-26,NC,R16,1,6,RAMIREZ MORALES Santiago,COL,,24.0,2.0,10.516,
Milton,2020,2020-01-26,NC,R16,1,7,LENDEL Vasilijus,LTU,,7.0,1.0,10.461,
Milton,2020,2020-01-26,NC,R16,1,7,SHARAPOV Alexander,RUS,,23.0,2.0,10.486,
Milton,2020,2020-01-26,NC,R16,1,8,QUINTERO CHAVARRO Kevin Santiago,COL,,15.0,1.0,10.378,
Milton,2020,2020-01-26,NC,R16,1,8,BARRETTE Hugo,CAN,,18.0,2.0,10.384,
Milton,2020,2020-01-26,NC,R16,1,9,AMAGAI Kazuki,JPN,,8.0,1.0,10.465,
Milton,2020,2020-01-26,NC,R16,1,9,KELEMEN Pavel,CZE,,22.0,2.0,10.695,
Milton,2020,2020-01-26,NC,R16,1,10,LAW Tsz Chun,HKG,,4.0,1.0,10.492,
Milton,2020,2020-01-26,NC,R16,1,10,SHURSHIN Nikita,RUS,,21.0,2.0,10.516,
Milton,2020,2020-01-26,NC,R16,1,11,ZHOU Yu,CHN,,13.0,1.0,10.336,
Milton,2020,2020-01-26,NC,R16,1,11,CECHMAN Martin,CZE,,20.0,2.0,10.583,
Milton,2020,2020-01-26,NC,R16,1,12,MORENO SANCHEZ Jose,ESP,,14.0,1.0,10.245,
Milton,2020,2020-01-26,NC,R16,1,12,PAUL Nicholas,TTO,,19.0,2.0,10.667,
Milton,2020,2020-01-26,NC,R8,1,1,RUDYK Mateusz,POL,,1.0,1.0,9.967,
Milton,2020,2020-01-26,NC,R8,1,1,MORENO SANCHEZ Jose,ESP,,14.0,2.0,10.635,
Milton,2020,2020-01-26,NC,R8,1,2,CALEYRON Quentin,FRA,,2.0,1.0,10.257,
Milton,2020,2020-01-26,NC,R8,1,2,ZHOU Yu,CHN,,13.0,2.0,10.703999999999999,
Milton,2020,2020-01-26,NC,R8,1,3,LAW Tsz Chun,HKG,,4.0,1.0,10.392,
Milton,2020,2020-01-26,NC,R8,1,3,WAMMES Nick,PTM,,9.0,2.0,10.437,
Milton,2020,2020-01-26,NC,R8,1,4,AMAGAI Kazuki,JPN,,8.0,1.0,10.437,
Milton,2020,2020-01-26,NC,R8,1,4,OBARA Yuta,JPN,,10.0,2.0,10.453999999999999,
Milton,2020,2020-01-26,NC,R8,1,5,HELAL Rayan,FRA,,3.0,1.0,10.23,
Milton,2020,2020-01-26,NC,R8,1,5,QUINTERO CHAVARRO Kevin Santiago,COL,,15.0,2.0,10.268,
Milton,2020,2020-01-26,NC,R8,1,6,LENDEL Vasilijus,LTU,,7.0,1.0,10.409,
Milton,2020,2020-01-26,NC,R8,1,6,ALEXANDER Quincy,TTO,,16.0,2.0,10.553,
Milton,2020,2020-01-26,NC,R8,1,7,BRISTER James,AUS,,5.0,1.0,10.036,
Milton,2020,2020-01-26,NC,R8,1,7,PERALTA Juan,ESP,,12.0,2.0,10.09,
Milton,2020,2020-01-26,NC,R8,1,8,XU Chao,CHN,,6.0,1.0,10.327,
Milton,2020,2020-01-26,NC,R8,1,8,SZALONTAY Sandor,HUN,,11.0,2.0,10.357,
Milton,2020,2020-01-26,NC,QF,1,1,RUDYK Mateusz,POL,,1.0,1.0,10.335,
Milton,2020,2020-01-26,NC,QF,1,1,XU Chao,CHN,,6.0,2.0,10.448,
Milton,2020,2020-01-26,NC,QF,1,2,CALEYRON Quentin,FRA,,2.0,1.0,10.297,
Milton,2020,2020-01-26,NC,QF,1,2,BRISTER James,AUS,,5.0,2.0,10.359,
Milton,2020,2020-01-26,NC,QF,1,3,LAW Tsz Chun,HKG,,4.0,1.0,10.464,
Milton,2020,2020-01-26,NC,QF,1,3,LENDEL Vasilijus,LTU,,7.0,2.0,10.544,
Milton,2020,2020-01-26,NC,QF,1,4,HELAL Rayan,FRA,,3.0,2.0,10.821,
Milton,2020,2020-01-26,NC,QF,1,4,AMAGAI Kazuki,JPN,,8.0,1.0,10.25,
Milton,2020,2020-01-26,NC,SF,1,1,RUDYK Mateusz,POL,,1.0,2.0,10.238999999999999,
Milton,2020,2020-01-26,NC,SF,1,1,HELAL Rayan,FRA,,3.0,1.0,10.219,
Milton,2020,2020-01-26,NC,SF,1,2,CALEYRON Quentin,FRA,,2.0,1.0,10.185,
Milton,2020,2020-01-26,NC,SF,1,2,LAW Tsz Chun,HKG,,4.0,2.0,11.067,
Milton,2020,2020-01-26,NC,F,1,G,RUDYK Mateusz,POL,,1.0,1.0,10.388,
Milton,2020,2020-01-26,NC,F,1,G,CALEYRON Quentin,FRA,,2.0,2.0,10.469,
Milton,2020,2020-01-26,NC,F,1,B,HELAL Rayan,FRA,,3.0,1.0,10.581,
Milton,2020,2020-01-26,NC,F,1,B,LAW Tsz Chun,HKG,,4.0,2.0,10.619,
Brisbane,2019,2019-12-15,NC,R16,1,1,TJON EN FA Jair,SUR,,4.0,1.0,10.303,
Brisbane,2019,2019-12-15,NC,R16,1,1,SHURSHIN Nikita,RUS,,28.0,2.0,10.326,
Brisbane,2019,2019-12-15,NC,R16,1,2,HART Nathan,AUS,,11.0,1.0,10.168,
Brisbane,2019,2019-12-15,NC,R16,1,2,ZHANG Cheng,CYT,,27.0,2.0,10.354999999999999,
Brisbane,2019,2019-12-15,NC,R16,1,3,WEBSTER Sam,NZL,,2.0,1.0,10.319,
Brisbane,2019,2019-12-15,NC,R16,1,3,CANELON VERA Hersony,VEN,,26.0,2.0,10.4,
Brisbane,2019,2019-12-15,NC,R16,1,4,CHUGAY Andrey,KAZ,,16.0,1.0,10.21,
Brisbane,2019,2019-12-15,NC,R16,1,4,ZHOU Yu,CHN,,17.0,2.0,10.236,
Brisbane,2019,2019-12-15,NC,R16,1,5,TRUMAN Joseph,GBR,,5.0,1.0,10.107,
Brisbane,2019,2019-12-15,NC,R16,1,5,MORENO SANCHEZ Jose,ESP,,25.0,2.0,10.232999999999999,
Brisbane,2019,2019-12-15,NC,R16,1,6,CECHMAN Martin,CZE,,12.0,1.0,10.474,
Brisbane,2019,2019-12-15,NC,R16,1,6,ARCHAMBAULT Joel,PTM,,24.0,2.0,10.556000000000001,
Brisbane,2019,2019-12-15,NC,R16,1,7,WAKIMOTO Yuta,JPN,,6.0,1.0,10.374,
Brisbane,2019,2019-12-15,NC,R16,1,7,LAW Tsz Chun,HKG,,23.0,2.0,10.471,
Brisbane,2019,2019-12-15,NC,R16,1,8,KAWABATA Tomoyuki,JPC,,13.0,1.0,10.16,
Brisbane,2019,2019-12-15,NC,R16,1,8,RAMIREZ MORALES Santiago,COL,,22.0,2.0,10.355,
Brisbane,2019,2019-12-15,NC,R16,1,9,MITCHELL Ethan,NZL,,7.0,1.0,10.234,
Brisbane,2019,2019-12-15,NC,R16,1,9,QUINTERO CHAVARRO Kevin Santiago,COL,,21.0,2.0,10.257,
Brisbane,2019,2019-12-15,NC,R16,1,10,PERALTA GASCON Juan,ESP,,14.0,1.0,10.513,
Brisbane,2019,2019-12-15,NC,R16,1,10,BARRETTE Hugo,CAN,,20.0,2.0,10.600999999999999,
Brisbane,2019,2019-12-15,NC,R16,1,11,YAKUSHEVSKIY Pavel,RUS,,8.0,1.0,10.261,
Brisbane,2019,2019-12-15,NC,R16,1,11,SAHROM Muhammad Shah Firdaus,SDF,,19.0,2.0,10.266,
Brisbane,2019,2019-12-15,NC,R16,1,12,CARLIN Jack,GBR,,15.0,1.0,10.422,
Brisbane,2019,2019-12-15,NC,R16,1,12,KELEMEN Pavel,CZE,,18.0,2.0,10.436,
Brisbane,2019,2019-12-15,NC,R8,1,1,RUDYK Mateusz,POL,,1.0,1.0,10.191,
Brisbane,2019,2019-12-15,NC,R8,1,1,CARLIN Jack,GBR,,15.0,2.0,10.270000000000001,
Brisbane,2019,2019-12-15,NC,R8,1,2,YAKUSHEVSKIY Pavel,RUS,,8.0,1.0,10.342,
Brisbane,2019,2019-12-15,NC,R8,1,2,SZALONTAY Sandor,HUN,,9.0,2.0,10.370000000000001,
Brisbane,2019,2019-12-15,NC,R8,1,3,GLAETZER Matthew,AUS,,3.0,1.0,10.204,
Brisbane,2019,2019-12-15,NC,R8,1,3,PERALTA GASCON Juan,ESP,,14.0,2.0,10.276,
Brisbane,2019,2019-12-15,NC,R8,1,4,MITCHELL Ethan,NZL,,7.0,1.0,10.165,
Brisbane,2019,2019-12-15,NC,R8,1,4,PAUL Nicholas,TTO,,10.0,2.0,11.69,
Brisbane,2019,2019-12-15,NC,R8,1,5,TJON EN FA Jair,SUR,,4.0,1.0,9.988,
Brisbane,2019,2019-12-15,NC,R8,1,5,KAWABATA Tomoyuki,JPC,,13.0,2.0,10.062,
Brisbane,2019,2019-12-15,NC,R8,1,6,WAKIMOTO Yuta,JPN,,6.0,1.0,10.165,
Brisbane,2019,2019-12-15,NC,R8,1,6,HART Nathan,AUS,,11.0,2.0,10.177999999999999,
Brisbane,2019,2019-12-15,NC,R8,1,7,WEBSTER Sam,NZL,,2.0,1.0,10.148,
Brisbane,2019,2019-12-15,NC,R8,1,7,CECHMAN Martin,CZE,,12.0,2.0,10.231,
Brisbane,2019,2019-12-15,NC,R8,1,8,TRUMAN Joseph,GBR,,5.0,1.0,10.198,
Brisbane,2019,2019-12-15,NC,R8,1,8,CHUGAY Andrey,KAZ,,16.0,2.0,10.23,
Brisbane,2019,2019-12-15,NC,QF,1,1,RUDYK Mateusz,POL,,1.0,1.0,10.224,
Brisbane,2019,2019-12-15,NC,QF,1,1,TRUMAN Joseph,GBR,,5.0,2.0,10.416,
Brisbane,2019,2019-12-15,NC,QF,1,2,WEBSTER Sam,NZL,,2.0,1.0,10.437,
Brisbane,2019,2019-12-15,NC,QF,1,2,YAKUSHEVSKIY Pavel,RUS,,8.0,2.0,10.57,
Brisbane,2019,2019-12-15,NC,QF,1,3,GLAETZER Matthew,AUS,,3.0,1.0,10.004,
Brisbane,2019,2019-12-15,NC,QF,1,3,WAKIMOTO Yuta,JPN,,6.0,2.0,10.052999999999999,
Brisbane,2019,2019-12-15,NC,QF,1,4,TJON EN FA Jair,SUR,,4.0,1.0,10.296,
Brisbane,2019,2019-12-15,NC,QF,1,4,MITCHELL Ethan,NZL,,7.0,2.0,10.799,
Brisbane,2019,2019-12-15,NC,SF,1,1,RUDYK Mateusz,POL,,1.0,1.0,10.151,
Brisbane,2019,2019-12-15,NC,SF,1,1,TJON EN FA Jair,SUR,,4.0,2.0,10.216,
Brisbane,2019,2019-12-15,NC,SF,1,2,WEBSTER Sam,NZL,,2.0,1.0,10.324,
Brisbane,2019,2019-12-15,NC,SF,1,2,GLAETZER Matthew,AUS,,3.0,2.0,10.358,
Brisbane,2019,2019-12-15,NC,F,1,G,RUDYK Mateusz,POL,,1.0,1.0,10.163,
Brisbane,2019,2019-12-15,NC,F,1,G,WEBSTER Sam,NZL,,2.0,2.0,10.195,
Brisbane,2019,2019-12-15,NC,F,1,B,GLAETZER Matthew,AUS,,3.0,1.0,10.407,
Brisbane,2019,2019-12-15,NC,F,1,B,TJON EN FA Jair,SUR,,4.0,2.0,10.409,
Cambridge,2019,2019-12-08,NC,R16,1,1,SZALONTAY Sandor,HUN,,5.0,1.0,10.451,
Cambridge,2019,2019-12-08,NC,R16,1,1,VORZHEV Pavel,KAZ,,28.0,2.0,10.527000000000001,
Cambridge,2019,2019-12-08,NC,R16,1,2,WEBSTER Sam,NZL,,6.0,1.0,10.072,
Cambridge,2019,2019-12-08,NC,R16,1,2,WAKIMOTO Yuta,BGT,,27.0,2.0,10.133,
Cambridge,2019,2019-12-08,NC,R16,1,3,AWANG Mohd Azizulhasni,MAS,,7.0,1.0,10.497,
Cambridge,2019,2019-12-08,NC,R16,1,3,CHUGAY Andrey,KAZ,,26.0,2.0,10.52,
Cambridge,2019,2019-12-08,NC,R16,1,4,TJON EN FA Jair,SUR,,9.0,1.0,10.927,
Cambridge,2019,2019-12-08,NC,R16,1,4,MORENO SANCHEZ Jose,ESP,,25.0,2.0,10.929,
Cambridge,2019,2019-12-08,NC,R16,1,5,PAUL Nicholas,TTO,,8.0,1.0,10.433,
Cambridge,2019,2019-12-08,NC,R16,1,5,HSIEH Nien Hsing,TPE,,24.0,2.0,10.456999999999999,
Cambridge,2019,2019-12-08,NC,R16,1,6,YAKUSHEVSKIY Pavel,RUS,,10.0,1.0,10.623,
Cambridge,2019,2019-12-08,NC,R16,1,6,ZHOU Yu,CHN,,23.0,2.0,10.706999999999999,
Cambridge,2019,2019-12-08,NC,R16,1,7,MITCHELL Ethan,NZL,,11.0,1.0,10.213,
Cambridge,2019,2019-12-08,NC,R16,1,7,KELEMEN Pavel,CZE,,22.0,2.0,10.286999999999999,
Cambridge,2019,2019-12-08,NC,R16,1,8,GLAETZER Matthew,AUS,,12.0,1.0,10.278,
Cambridge,2019,2019-12-08,NC,R16,1,8,HELAL Rayan,FRA,,21.0,2.0,10.278,
Cambridge,2019,2019-12-08,NC,R16,1,9,QUINTERO CHAVARRO Kevin Santiago,COL,,13.0,1.0,10.328,
Cambridge,2019,2019-12-08,NC,R16,1,9,ARCHAMBAULT Joel,PTM,,20.0,2.0,10.427,
Cambridge,2019,2019-12-08,NC,R16,1,10,PERALTA GASCON Juan,ESP,,14.0,1.0,10.344,
Cambridge,2019,2019-12-08,NC,R16,1,10,RAMIREZ MORALES Santiago,COL,,19.0,2.0,10.363,
Cambridge,2019,2019-12-08,NC,R16,1,11,SHARAPOV Alexander,RUS,,15.0,1.0,10.098,
Cambridge,2019,2019-12-08,NC,R16,1,11,SAHROM Muhammad Shah Firdaus,SDF,,18.0,2.0,10.272,
Cambridge,2019,2019-12-08,NC,R16,1,12,BARRETTE Hugo,CAN,,16.0,1.0,10.512,
Cambridge,2019,2019-12-08,NC,R16,1,12,CECHMAN Martin,CZE,,17.0,2.0,10.528,
Cambridge,2019,2019-12-08,NC,R8,1,1,RUDYK Mateusz,POL,,1.0,1.0,10.317,
Cambridge,2019,2019-12-08,NC,R8,1,1,BARRETTE Hugo,CAN,,16.0,2.0,10.418000000000001,
Cambridge,2019,2019-12-08,NC,R8,1,2,FUKAYA Tomohiro,JPN,,2.0,1.0,10.125,
Cambridge,2019,2019-12-08,NC,R8,1,2,SHARAPOV Alexander,RUS,,15.0,2.0,10.207,
Cambridge,2019,2019-12-08,NC,R8,1,3,HART Nathan,AUS,,4.0,1.0,10.181,
Cambridge,2019,2019-12-08,NC,R8,1,3,PERALTA GASCON Juan,ESP,,14.0,2.0,10.507,
Cambridge,2019,2019-12-08,NC,R8,1,4,NITTA Yudai,JPN,,3.0,1.0,10.199,
Cambridge,2019,2019-12-08,NC,R8,1,4,QUINTERO CHAVARRO Kevin Santiago,COL,,13.0,2.0,10.304,
Cambridge,2019,2019-12-08,NC,R8,1,5,SZALONTAY Sandor,HUN,,5.0,1.0,10.524,
Cambridge,2019,2019-12-08,NC,R8,1,5,GLAETZER Matthew,AUS,,12.0,2.0,10.54,
Cambridge,2019,2019-12-08,NC,R8,1,6,WEBSTER Sam,NZL,,6.0,1.0,10.109,
Cambridge,2019,2019-12-08,NC,R8,1,6,MITCHELL Ethan,NZL,,11.0,2.0,10.6,
Cambridge,2019,2019-12-08,NC,R8,1,7,AWANG Mohd Azizulhasni,MAS,,7.0,1.0,10.201,
Cambridge,2019,2019-12-08,NC,R8,1,7,YAKUSHEVSKIY Pavel,RUS,,10.0,2.0,10.280000000000001,
Cambridge,2019,2019-12-08,NC,R8,1,8,PAUL Nicholas,TTO,,8.0,1.0,11.066,
Cambridge,2019,2019-12-08,NC,R8,1,8,TJON EN FA Jair,SUR,,9.0,2.0,11.163,
Cambridge,2019,2019-12-08,NC,QF,1,1,RUDYK Mateusz,POL,,1.0,1.0,10.369,
Cambridge,2019,2019-12-08,NC,QF,1,1,PAUL Nicholas,TTO,,8.0,2.0,11.437999999999999,
Cambridge,2019,2019-12-08,NC,QF,1,2,FUKAYA Tomohiro,JPN,,2.0,1.0,10.202,
Cambridge,2019,2019-12-08,NC,QF,1,2,AWANG Mohd Azizulhasni,MAS,,7.0,2.0,10.231,
Cambridge,2019,2019-12-08,NC,QF,1,3,HART Nathan,AUS,,4.0,1.0,10.045,
Cambridge,2019,2019-12-08,NC,QF,1,3,WEBSTER Sam,NZL,,6.0,2.0,11.158,
Cambridge,2019,2019-12-08,NC,QF,1,4,NITTA Yudai,JPN,,3.0,1.0,10.154,
Cambridge,2019,2019-12-08,NC,QF,1,4,SZALONTAY Sandor,HUN,,5.0,2.0,10.241,
Cambridge,2019,2019-12-08,NC,SF,1,1,RUDYK Mateusz,POL,,1.0,1.0,10.159,
Cambridge,2019,2019-12-08,NC,SF,1,1,NITTA Yudai,JPN,,3.0,2.0,10.166,
Cambridge,2019,2019-12-08,NC,SF,1,2,FUKAYA Tomohiro,JPN,,2.0,1.0,10.287,
Cambridge,2019,2019-12-08,NC,SF,1,2,HART Nathan,AUS,,4.0,2.0,10.294,
Cambridge,2019,2019-12-08,NC,F,1,G,RUDYK Mateusz,POL,,1.0,1.0,10.039,
Cambridge,2019,2019-12-08,NC,F,1,G,FUKAYA Tomohiro,JPN,,2.0,2.0,10.134,
Cambridge,2019,2019-12-08,NC,F,1,B,NITTA Yudai,JPN,,3.0,1.0,10.068,
Cambridge,2019,2019-12-08,NC,F,1,B,HART Nathan,AUS,,4.0,2.0,10.089,
Hong Kong,2019,2019-12-01,NC,R16,1,1,PAUL Nicholas,TTO,,9.0,1.0,10.671,
Hong Kong,2019,2019-12-01,NC,R16,1,1,SAUNDERS Callum,NZL,,28.0,2.0,10.756,
Hong Kong,2019,2019-12-01,NC,R16,1,2,KENNY Jason,GBR,,10.0,1.0,10.494,
Hong Kong,2019,2019-12-01,NC,R16,1,2,WAMMES Nick,PTM,,27.0,2.0,10.506,
Hong Kong,2019,2019-12-01,NC,R16,1,3,NITTA Yudai,JPN,,5.0,1.0,10.378,
Hong Kong,2019,2019-12-01,NC,R16,1,3,D'ALMEIDA Michael,FRA,,26.0,2.0,10.514,
Hong Kong,2019,2019-12-01,NC,R16,1,4,TJON EN FA Jair,SUR,,6.0,1.0,10.486,
Hong Kong,2019,2019-12-01,NC,R16,1,4,CECHMAN Martin,CZE,,25.0,2.0,10.598,
Hong Kong,2019,2019-12-01,NC,R16,1,5,BUCHLI Matthijs,BCC,,11.0,1.0,10.349,
Hong Kong,2019,2019-12-01,NC,R16,1,5,DORNBACH Maximilian,ERD,,24.0,2.0,10.437,
Hong Kong,2019,2019-12-01,NC,R16,1,6,BOTTICHER Stefan,GER,,12.0,1.0,10.342,
Hong Kong,2019,2019-12-01,NC,R16,1,6,MORENO SANCHEZ Jose,ESP,,23.0,2.0,10.809000000000001,
Hong Kong,2019,2019-12-01,NC,R16,1,7,BAUGE Gregory,FRA,,7.0,1.0,10.354,
Hong Kong,2019,2019-12-01,NC,R16,1,7,LAW Tsz Chun,HKG,,22.0,2.0,10.457999999999998,
Hong Kong,2019,2019-12-01,NC,R16,1,8,KAWABATA Tomoyuki,JPC,,8.0,1.0,10.255,
Hong Kong,2019,2019-12-01,NC,R16,1,8,KELEMEN Pavel,CZE,,21.0,2.0,10.345,
Hong Kong,2019,2019-12-01,NC,R16,1,9,AWANG Mohd Azizulhasni,MAS,,13.0,1.0,10.225,
Hong Kong,2019,2019-12-01,NC,R16,1,9,MELLEN James,USA,,20.0,2.0,10.321,
Hong Kong,2019,2019-12-01,NC,R16,1,10,LENDEL Vasilijus,LTU,,14.0,1.0,10.452,
Hong Kong,2019,2019-12-01,NC,R16,1,10,BARRETTE Hugo,CAN,,19.0,2.0,12.04,
Hong Kong,2019,2019-12-01,NC,R16,1,11,SZALONTAY Sandor,HUN,,15.0,1.0,10.323,
Hong Kong,2019,2019-12-01,NC,R16,1,11,HSIEH Nien Hsing,TPE,,18.0,2.0,10.463000000000001,
Hong Kong,2019,2019-12-01,NC,R16,1,12,LEVY Maximilian,ERD,,16.0,1.0,10.26,
Hong Kong,2019,2019-12-01,NC,R16,1,12,PERALTA GASCON Juan,ESP,,17.0,2.0,10.331999999999999,
Hong Kong,2019,2019-12-01,NC,R8,1,1,HOOGLAND Jeffrey,NED,,2.0,1.0,9.961,
Hong Kong,2019,2019-12-01,NC,R8,1,1,LEVY Maximilian,ERD,,16.0,2.0,10.111,
Hong Kong,2019,2019-12-01,NC,R8,1,2,LAVREYSEN Harrie,NED,,1.0,1.0,10.243,
Hong Kong,2019,2019-12-01,NC,R8,1,2,SZALONTAY Sandor,HUN,,15.0,2.0,10.361,
Hong Kong,2019,2019-12-01,NC,R8,1,3,RUDYK Mateusz,POL,,4.0,1.0,11.22,
Hong Kong,2019,2019-12-01,NC,R8,1,3,LENDEL Vasilijus,LTU,,14.0,2.0,REL,
Hong Kong,2019,2019-12-01,NC,R8,1,4,FUKAYA Tomohiro,JPN,,3.0,1.0,9.939,
Hong Kong,2019,2019-12-01,NC,R8,1,4,AWANG Mohd Azizulhasni,MAS,,13.0,2.0,10.855,
Hong Kong,2019,2019-12-01,NC,R8,1,5,KAWABATA Tomoyuki,JPC,,8.0,1.0,10.124,
Hong Kong,2019,2019-12-01,NC,R8,1,5,PAUL Nicholas,TTO,,9.0,2.0,10.257000000000001,
Hong Kong,2019,2019-12-01,NC,R8,1,6,BAUGE Gregory,FRA,,7.0,1.0,10.042,
Hong Kong,2019,2019-12-01,NC,R8,1,6,KENNY Jason,GBR,,10.0,2.0,10.219,
Hong Kong,2019,2019-12-01,NC,R8,1,7,NITTA Yudai,JPN,,5.0,1.0,10.208,
Hong Kong,2019,2019-12-01,NC,R8,1,7,BOTTICHER Stefan,GER,,12.0,2.0,10.234,
Hong Kong,2019,2019-12-01,NC,R8,1,8,TJON EN FA Jair,SUR,,6.0,1.0,10.236,
Hong Kong,2019,2019-12-01,NC,R8,1,8,BUCHLI Matthijs,BCC,,11.0,2.0,10.265,
Hong Kong,2019,2019-12-01,NC,QF,1,1,HOOGLAND Jeffrey,NED,,2.0,1.0,10.149,
Hong Kong,2019,2019-12-01,NC,QF,1,1,TJON EN FA Jair,SUR,,6.0,2.0,10.235,
Hong Kong,2019,2019-12-01,NC,QF,1,2,LAVREYSEN Harrie,NED,,1.0,1.0,10.107,
Hong Kong,2019,2019-12-01,NC,QF,1,2,NITTA Yudai,JPN,,5.0,2.0,10.144,
Hong Kong,2019,2019-12-01,NC,QF,1,3,RUDYK Mateusz,POL,,4.0,1.0,10.115,
Hong Kong,2019,2019-12-01,NC,QF,1,3,BAUGE Gregory,FRA,,7.0,2.0,10.126,
Hong Kong,2019,2019-12-01,NC,QF,1,4,FUKAYA Tomohiro,JPN,,3.0,1.0,10.121,
Hong Kong,2019,2019-12-01,NC,QF,1,4,KAWABATA Tomoyuki,JPC,,8.0,2.0,11.049000000000001,
Hong Kong,2019,2019-12-01,NC,SF,1,1,HOOGLAND Jeffrey,NED,,2.0,1.0,9.898,
Hong Kong,2019,2019-12-01,NC,SF,1,1,FUKAYA Tomohiro,JPN,,3.0,2.0,10.003,
Hong Kong,2019,2019-12-01,NC,SF,1,2,LAVREYSEN Harrie,NED,,1.0,1.0,10.114,
Hong Kong,2019,2019-12-01,NC,SF,1,2,RUDYK Mateusz,POL,,4.0,2.0,10.204,
Hong Kong,2019,2019-12-01,NC,F,1,G,LAVREYSEN Harrie,NED,,1.0,1.0,9.926,
Hong Kong,2019,2019-12-01,NC,F,1,G,HOOGLAND Jeffrey,NED,,2.0,2.0,9.939,
Hong Kong,2019,2019-12-01,NC,F,1,B,FUKAYA Tomohiro,JPN,,3.0,1.0,10.144,
Hong Kong,2019,2019-12-01,NC,F,1,B,RUDYK Mateusz,POL,,4.0,2.0,10.147,
Glasgow,2019,2019-11-09,NC,R16,1,1,BOTTICHER Stefan,GER,,9.0,1.0,10.263,
Glasgow,2019,2019-11-09,NC,R16,1,1,VORZHEV Pavel,KAZ,,28.0,2.0,10.326,
Glasgow,2019,2019-11-09,NC,R16,1,2,DMITRIEV Denis,RUS,,5.0,1.0,10.413,
Glasgow,2019,2019-11-09,NC,R16,1,2,ZHOU Yu,CHN,,27.0,2.0,10.444,
Glasgow,2019,2019-11-09,NC,R16,1,3,LENDEL Vasilijus,LTU,,6.0,1.0,11.305,
Glasgow,2019,2019-11-09,NC,R16,1,3,DORNBACH Maximilian,ERD,,26.0,2.0,13.731,
Glasgow,2019,2019-11-09,NC,R16,1,4,SAHROM Muhammad Shah Firdaus,SDF,,16.0,1.0,10.175,
Glasgow,2019,2019-11-09,NC,R16,1,4,LEVY Maximilian,ERD,,17.0,2.0,10.179,
Glasgow,2019,2019-11-09,NC,R16,1,5,KENNY Jason,GBR,,7.0,1.0,10.04,
Glasgow,2019,2019-11-09,NC,R16,1,5,OBARA Yuta,JPN,,25.0,2.0,13.315,
Glasgow,2019,2019-11-09,NC,R16,1,6,BUCHLI Matthijs,BCC,,10.0,1.0,10.396,
Glasgow,2019,2019-11-09,NC,R16,1,6,HSIEH Nien Hsing,TPE,,24.0,2.0,10.448,
Glasgow,2019,2019-11-09,NC,R16,1,7,RICHARDSON Matthew,AUS,,11.0,1.0,10.452,
Glasgow,2019,2019-11-09,NC,R16,1,7,QUINTERO CHAVARRO Kevin Santiago,COL,,23.0,2.0,10.459,
Glasgow,2019,2019-11-09,NC,R16,1,8,TJON EN FA Jair,SUR,,8.0,1.0,10.404,
Glasgow,2019,2019-11-09,NC,R16,1,8,CLARKE Thomas,AUS,,22.0,2.0,10.419,
Glasgow,2019,2019-11-09,NC,R16,1,9,YAKUSHEVSKIY Pavel,RUS,,12.0,1.0,10.259,
Glasgow,2019,2019-11-09,NC,R16,1,9,CECHMAN Martin,CZE,,21.0,2.0,10.32,
Glasgow,2019,2019-11-09,NC,R16,1,10,PERALTA GASCON Juan,ESP,,13.0,1.0,10.338,
Glasgow,2019,2019-11-09,NC,R16,1,10,OWENS Ryan,GBR,,20.0,2.0,10.439,
Glasgow,2019,2019-11-09,NC,R16,1,11,KELEMEN Pavel,CZE,,14.0,1.0,10.415,
Glasgow,2019,2019-11-09,NC,R16,1,11,CALEYRON Quentin,FRA,,19.0,2.0,10.514,
Glasgow,2019,2019-11-09,NC,R16,1,12,LANDERNEAU Melvin,FRA,,15.0,1.0,10.177,
Glasgow,2019,2019-11-09,NC,R16,1,12,SZALONTAY Sandor,HUN,,18.0,2.0,10.323,
Glasgow,2019,2019-11-09,NC,R8,1,1,LAVREYSEN Harrie,NED,,1.0,1.0,9.924,
Glasgow,2019,2019-11-09,NC,R8,1,1,LANDERNEAU Melvin,FRA,,15.0,2.0,9.947999999999999,
Glasgow,2019,2019-11-09,NC,R8,1,2,RUDYK Mateusz,POL,,4.0,1.0,10.115,
Glasgow,2019,2019-11-09,NC,R8,1,2,KELEMEN Pavel,CZE,,14.0,2.0,10.141,
Glasgow,2019,2019-11-09,NC,R8,1,3,HOOGLAND Jeffrey,NED,,2.0,1.0,10.017,
Glasgow,2019,2019-11-09,NC,R8,1,3,PERALTA GASCON Juan,ESP,,13.0,2.0,13.921,
Glasgow,2019,2019-11-09,NC,R8,1,4,FUKAYA Tomohiro,JPN,,3.0,1.0,10.258,
Glasgow,2019,2019-11-09,NC,R8,1,4,YAKUSHEVSKIY Pavel,RUS,,12.0,2.0,10.329999999999998,
Glasgow,2019,2019-11-09,NC,R8,1,5,TJON EN FA Jair,SUR,,8.0,1.0,10.169,
Glasgow,2019,2019-11-09,NC,R8,1,5,BOTTICHER Stefan,GER,,9.0,2.0,10.183,
Glasgow,2019,2019-11-09,NC,R8,1,6,DMITRIEV Denis,RUS,,5.0,1.0,10.358,
Glasgow,2019,2019-11-09,NC,R8,1,6,RICHARDSON Matthew,AUS,,11.0,2.0,10.358,
Glasgow,2019,2019-11-09,NC,R8,1,7,LENDEL Vasilijus,LTU,,6.0,1.0,10.268,
Glasgow,2019,2019-11-09,NC,R8,1,7,BUCHLI Matthijs,BCC,,10.0,2.0,10.348,
Glasgow,2019,2019-11-09,NC,R8,1,8,KENNY Jason,GBR,,7.0,1.0,10.235,
Glasgow,2019,2019-11-09,NC,R8,1,8,SAHROM Muhammad Shah Firdaus,SDF,,16.0,2.0,10.247,
Glasgow,2019,2019-11-09,NC,QF,1,1,LAVREYSEN Harrie,NED,,1.0,1.0,10.497,
Glasgow,2019,2019-11-09,NC,QF,1,1,KENNY Jason,GBR,,7.0,2.0,10.583,
Glasgow,2019,2019-11-09,NC,QF,1,2,RUDYK Mateusz,POL,,4.0,1.0,10.072,
Glasgow,2019,2019-11-09,NC,QF,1,2,LENDEL Vasilijus,LTU,,6.0,2.0,10.095999999999998,
Glasgow,2019,2019-11-09,NC,QF,1,3,HOOGLAND Jeffrey,NED,,2.0,1.0,9.838,
Glasgow,2019,2019-11-09,NC,QF,1,3,DMITRIEV Denis,RUS,,5.0,2.0,12.488999999999999,
Glasgow,2019,2019-11-09,NC,QF,1,4,FUKAYA Tomohiro,JPN,,3.0,1.0,10.114,
Glasgow,2019,2019-11-09,NC,QF,1,4,TJON EN FA Jair,SUR,,8.0,2.0,10.42,
Glasgow,2019,2019-11-09,NC,SF,1,1,LAVREYSEN Harrie,NED,,1.0,1.0,9.995,
Glasgow,2019,2019-11-09,NC,SF,1,1,FUKAYA Tomohiro,JPN,,3.0,2.0,10.267999999999999,
Glasgow,2019,2019-11-09,NC,SF,1,2,HOOGLAND Jeffrey,NED,,2.0,1.0,9.856,
Glasgow,2019,2019-11-09,NC,SF,1,2,RUDYK Mateusz,POL,,4.0,2.0,10.061,
Glasgow,2019,2019-11-09,NC,F,1,G,LAVREYSEN Harrie,NED,,1.0,1.0,9.917,
Glasgow,2019,2019-11-09,NC,F,1,G,HOOGLAND Jeffrey,NED,,2.0,2.0,10.075,
Glasgow,2019,2019-11-09,NC,F,1,B,FUKAYA Tomohiro,JPN,,3.0,1.0,10.145,
Glasgow,2019,2019-11-09,NC,F,1,B,RUDYK Mateusz,POL,,4.0,2.0,10.148,
Minsk,2019,2019-11-03,NC,R16,1,1,BUCHLI Matthijs,BCC,,3.0,1.0,10.904,
Minsk,2019,2019-11-03,NC,R16,1,1,ZAITSAU Artsiom,MCC,,28.0,2.0,11.404,
Minsk,2019,2019-11-03,NC,R16,1,2,DMITRIEV Denis,RUS,,6.0,1.0,10.865,
Minsk,2019,2019-11-03,NC,R16,1,2,GUO Shuai,CHN,,27.0,2.0,10.963000000000001,
Minsk,2019,2019-11-03,NC,R16,1,3,CARLIN Jack,GBR,,7.0,1.0,10.301,
Minsk,2019,2019-11-03,NC,R16,1,3,RAMIREZ MORALES Santiago,COL,,26.0,2.0,10.44,
Minsk,2019,2019-11-03,NC,R16,1,4,KENNY Jason,GBR,,8.0,1.0,10.279,
Minsk,2019,2019-11-03,NC,R16,1,4,ROSTOV Pavel,MCT,,25.0,2.0,10.453,
Minsk,2019,2019-11-03,NC,R16,1,5,LENDEL Vasilijus,LTU,,9.0,1.0,10.181,
Minsk,2019,2019-11-03,NC,R16,1,5,DORNBACH Maximilian,ERD,,24.0,2.0,10.614999999999998,
Minsk,2019,2019-11-03,NC,R16,1,6,BOTTICHER Stefan,GER,,10.0,1.0,10.339,
Minsk,2019,2019-11-03,NC,R16,1,6,CHUGAY Andrey,KAZ,,23.0,2.0,10.419,
Minsk,2019,2019-11-03,NC,R16,1,7,YAKUSHEVSKIY Pavel,RUS,,11.0,1.0,10.477,
Minsk,2019,2019-11-03,NC,R16,1,7,LAW Tsz Chun,HKG,,22.0,2.0,11.120000000000001,
Minsk,2019,2019-11-03,NC,R16,1,8,LANDERNEAU Melvin,FRA,,12.0,1.0,10.327,
Minsk,2019,2019-11-03,NC,R16,1,8,ZHOU Yu,CHN,,21.0,2.0,10.397,
Minsk,2019,2019-11-03,NC,R16,1,9,PERALTA GASCON Juan,ESP,,13.0,1.0,10.136,
Minsk,2019,2019-11-03,NC,R16,1,9,MORENO SANCHEZ Jose,ESP,,20.0,2.0,11.043,
Minsk,2019,2019-11-03,NC,R16,1,10,KELEMEN Pavel,CZE,,14.0,1.0,10.343,
Minsk,2019,2019-11-03,NC,R16,1,10,SZALONTAY Sandor,HUN,,19.0,2.0,10.431,
Minsk,2019,2019-11-03,NC,R16,1,11,SAHROM Muhammad Shah Firdaus,SDF,,16.0,1.0,10.172,
Minsk,2019,2019-11-03,NC,R16,1,11,CECHMAN Martin,CZE,,17.0,2.0,10.213000000000001,
Minsk,2019,2019-11-03,NC,R16,1,12,OBARA Yuta,JPN,,15.0,1.0,10.211,
Minsk,2019,2019-11-03,NC,R16,1,12,QUINTERO CHAVARRO Kevin Santiago,COL,,18.0,2.0,10.269,
Minsk,2019,2019-11-03,NC,R8,1,1,LAVREYSEN Harrie,NED,,1.0,1.0,10.157,
Minsk,2019,2019-11-03,NC,R8,1,1,OBARA Yuta,JPN,,15.0,2.0,10.336,
Minsk,2019,2019-11-03,NC,R8,1,2,HOOGLAND Jeffrey,NED,,2.0,1.0,9.889,
Minsk,2019,2019-11-03,NC,R8,1,2,SAHROM Muhammad Shah Firdaus,SDF,,16.0,2.0,9.896999999999998,
Minsk,2019,2019-11-03,NC,R8,1,3,VIGIER Sebastien,FRA,,4.0,1.0,10.017,
Minsk,2019,2019-11-03,NC,R8,1,3,KELEMEN Pavel,CZE,,14.0,2.0,10.065,
Minsk,2019,2019-11-03,NC,R8,1,4,RUDYK Mateusz,POL,,5.0,1.0,10.069,
Minsk,2019,2019-11-03,NC,R8,1,4,PERALTA GASCON Juan,ESP,,13.0,2.0,10.31,
Minsk,2019,2019-11-03,NC,R8,1,5,BUCHLI Matthijs,BCC,,3.0,1.0,10.248,
Minsk,2019,2019-11-03,NC,R8,1,5,LANDERNEAU Melvin,FRA,,12.0,2.0,10.251,
Minsk,2019,2019-11-03,NC,R8,1,6,DMITRIEV Denis,RUS,,6.0,1.0,10.246,
Minsk,2019,2019-11-03,NC,R8,1,6,YAKUSHEVSKIY Pavel,RUS,,11.0,2.0,10.435,
Minsk,2019,2019-11-03,NC,R8,1,7,CARLIN Jack,GBR,,7.0,1.0,10.172,
Minsk,2019,2019-11-03,NC,R8,1,7,BOTTICHER Stefan,GER,,10.0,2.0,10.200000000000001,
Minsk,2019,2019-11-03,NC,R8,1,8,KENNY Jason,GBR,,8.0,1.0,10.246,
Minsk,2019,2019-11-03,NC,R8,1,8,LENDEL Vasilijus,LTU,,9.0,2.0,10.286,
Minsk,2019,2019-11-03,NC,QF,1,1,LAVREYSEN Harrie,NED,,1.0,1.0,10.075,
Minsk,2019,2019-11-03,NC,QF,1,1,KENNY Jason,GBR,,8.0,2.0,10.222999999999999,
Minsk,2019,2019-11-03,NC,QF,1,2,HOOGLAND Jeffrey,NED,,2.0,1.0,9.726,
Minsk,2019,2019-11-03,NC,QF,1,2,CARLIN Jack,GBR,,7.0,2.0,9.778,
Minsk,2019,2019-11-03,NC,QF,1,3,VIGIER Sebastien,FRA,,4.0,1.0,10.053,
Minsk,2019,2019-11-03,NC,QF,1,3,DMITRIEV Denis,RUS,,6.0,2.0,10.065000000000001,
Minsk,2019,2019-11-03,NC,QF,1,4,BUCHLI Matthijs,BCC,,3.0,1.0,10.191,
Minsk,2019,2019-11-03,NC,QF,1,4,RUDYK Mateusz,POL,,5.0,2.0,10.256,
Minsk,2019,2019-11-03,NC,SF,1,1,LAVREYSEN Harrie,NED,,1.0,1.0,10.069,
Minsk,2019,2019-11-03,NC,SF,1,1,BUCHLI Matthijs,BCC,,3.0,2.0,10.162,
Minsk,2019,2019-11-03,NC,SF,1,2,HOOGLAND Jeffrey,NED,,2.0,1.0,9.79,
Minsk,2019,2019-11-03,NC,SF,1,2,VIGIER Sebastien,FRA,,4.0,2.0,9.886999999999999,
Minsk,2019,2019-11-03,NC,F,1,G,LAVREYSEN Harrie,NED,,1.0,2.0,9.882,
Minsk,2019,2019-11-03,NC,F,1,G,HOOGLAND Jeffrey,NED,,2.0,1.0,9.874,
Minsk,2019,2019-11-03,NC,F,1,B,BUCHLI Matthijs,BCC,,3.0,1.0,10.239,
Minsk,2019,2019-11-03,NC,F,1,B,VIGIER Sebastien,FRA,,4.0,2.0,10.263,
Pruszkow,2019,2019-03-02,WCH,R16,1,1,GLAETZER Matthew,AUS,,4.0,1.0,10.3,
Pruszkow,2019,2019-03-02,WCH,R16,1,1,QUINTERO CHAVARRO Kevin Santiago,COL,,28.0,2.0,10.391,
Pruszkow,2019,2019-03-02,WCH,R16,1,2,DMITRIEV Denis,RUS,,5.0,1.0,10.035,
Pruszkow,2019,2019-03-02,WCH,R16,1,2,LENDEL Vasilijus,LTU,,27.0,2.0,10.174,
Pruszkow,2019,2019-03-02,WCH,R16,1,3,HART Nathan,AUS,,6.0,1.0,10.108,
Pruszkow,2019,2019-03-02,WCH,R16,1,3,PERALTA GASCON Juan,ESP,,26.0,2.0,10.345,
Pruszkow,2019,2019-03-02,WCH,R16,1,4,PAUL Nicholas,TTO,,7.0,1.0,10.374,
Pruszkow,2019,2019-03-02,WCH,R16,1,4,WAKIMOTO Yuta,JPN,,25.0,2.0,10.472000000000001,
Pruszkow,2019,2019-03-02,WCH,R16,1,5,BOTTICHER Stefan,GER,,10.0,1.0,10.159,
Pruszkow,2019,2019-03-02,WCH,R16,1,5,XU Chao,CHN,,24.0,2.0,10.197000000000001,
Pruszkow,2019,2019-03-02,WCH,R16,1,6,TRUMAN Joseph,GBR,,11.0,1.0,10.144,
Pruszkow,2019,2019-03-02,WCH,R16,1,6,YAKUSHEVSKIY Pavel,RUS,,23.0,2.0,10.278,
Pruszkow,2019,2019-03-02,WCH,R16,1,7,CARLIN Jack,GBR,,12.0,1.0,10.173,
Pruszkow,2019,2019-03-02,WCH,R16,1,7,DORNBACH Maximilian,GER,,22.0,2.0,10.231,
Pruszkow,2019,2019-03-02,WCH,R16,1,8,FUKAYA Tomohiro,JPN,,16.0,1.0,10.335,
Pruszkow,2019,2019-03-02,WCH,R16,1,8,TJON EN FA Jair,SUR,,17.0,2.0,10.369000000000002,
Pruszkow,2019,2019-03-02,WCH,R16,1,9,MITCHELL Ethan,NZL,,8.0,1.0,10.151,
Pruszkow,2019,2019-03-02,WCH,R16,1,9,PHILLIP Njisane,TTO,,18.0,2.0,REL,
Pruszkow,2019,2019-03-02,WCH,R16,1,10,BARRETTE Hugo,CAN,,15.0,1.0,10.362,
Pruszkow,2019,2019-03-02,WCH,R16,1,10,CALEYRON Quentin,FRA,,19.0,2.0,10.481,
Pruszkow,2019,2019-03-02,WCH,R16,1,11,WEBSTER Sam,NZL,,14.0,1.0,10.266,
Pruszkow,2019,2019-03-02,WCH,R16,1,11,BUCHLI Matthijs,NED,,20.0,2.0,10.319,
Pruszkow,2019,2019-03-02,WCH,R16,1,12,KELEMEN Pavel,CZE,,13.0,1.0,10.55,
Pruszkow,2019,2019-03-02,WCH,R16,1,12,SZALONTAY Sandor,HUN,,21.0,2.0,10.587000000000002,
Pruszkow,2019,2019-03-02,WCH,R8,1,1,HOOGLAND Jeffrey,NED,,2.0,1.0,10.072,
Pruszkow,2019,2019-03-02,WCH,R8,1,1,KELEMEN Pavel,CZE,,13.0,2.0,10.145,
Pruszkow,2019,2019-03-02,WCH,R8,1,2,LAVREYSEN Harrie,NED,,1.0,1.0,10.023,
Pruszkow,2019,2019-03-02,WCH,R8,1,2,WEBSTER Sam,NZL,,14.0,2.0,11.468,
Pruszkow,2019,2019-03-02,WCH,R8,1,3,RUDYK Mateusz,POL,,3.0,1.0,10.26,
Pruszkow,2019,2019-03-02,WCH,R8,1,3,BARRETTE Hugo,CAN,,15.0,2.0,10.359,
Pruszkow,2019,2019-03-02,WCH,R8,1,4,MITCHELL Ethan,NZL,,8.0,1.0,10.286,
Pruszkow,2019,2019-03-02,WCH,R8,1,4,VIGIER Sebastien,FRA,,9.0,2.0,10.293,
Pruszkow,2019,2019-03-02,WCH,R8,1,5,GLAETZER Matthew,AUS,,4.0,1.0,10.25,
Pruszkow,2019,2019-03-02,WCH,R8,1,5,FUKAYA Tomohiro,JPN,,16.0,2.0,10.34,
Pruszkow,2019,2019-03-02,WCH,R8,1,6,DMITRIEV Denis,RUS,,5.0,1.0,10.17,
Pruszkow,2019,2019-03-02,WCH,R8,1,6,CARLIN Jack,GBR,,12.0,2.0,10.188,
Pruszkow,2019,2019-03-02,WCH,R8,1,7,HART Nathan,AUS,,6.0,1.0,10.184,
Pruszkow,2019,2019-03-02,WCH,R8,1,7,TRUMAN Joseph,GBR,,11.0,2.0,REL,
Pruszkow,2019,2019-03-02,WCH,R8,1,8,PAUL Nicholas,TTO,,7.0,1.0,10.206,
Pruszkow,2019,2019-03-02,WCH,R8,1,8,BOTTICHER Stefan,GER,,10.0,2.0,10.209999999999999,
Pruszkow,2019,2019-03-02,WCH,QF,1,1,HOOGLAND Jeffrey,NED,,2.0,1.0,9.983,
Pruszkow,2019,2019-03-02,WCH,QF,1,1,PAUL Nicholas,TTO,,7.0,2.0,10.226,
Pruszkow,2019,2019-03-02,WCH,QF,1,2,LAVREYSEN Harrie,NED,,1.0,1.0,13.709,
Pruszkow,2019,2019-03-02,WCH,QF,1,2,HART Nathan,AUS,,6.0,2.0,13.850999999999999,
Pruszkow,2019,2019-03-02,WCH,QF,1,3,RUDYK Mateusz,POL,,3.0,1.0,10.239,
Pruszkow,2019,2019-03-02,WCH,QF,1,3,DMITRIEV Denis,RUS,,5.0,2.0,10.499,
Pruszkow,2019,2019-03-02,WCH,QF,1,4,GLAETZER Matthew,AUS,,4.0,1.0,10.775,
Pruszkow,2019,2019-03-02,WCH,QF,1,4,MITCHELL Ethan,NZL,,8.0,2.0,10.799,
Pruszkow,2019,2019-03-02,WCH,SF,1,1,HOOGLAND Jeffrey,NED,,2.0,1.0,10.012,
Pruszkow,2019,2019-03-02,WCH,SF,1,1,GLAETZER Matthew,AUS,,4.0,2.0,10.028,
Pruszkow,2019,2019-03-02,WCH,SF,1,2,LAVREYSEN Harrie,NED,,1.0,2.0,10.081,
Pruszkow,2019,2019-03-02,WCH,SF,1,2,RUDYK Mateusz,POL,,3.0,1.0,10.075,
Pruszkow,2019,2019-03-02,WCH,F,1,G,LAVREYSEN Harrie,NED,,1.0,1.0,9.99,
Pruszkow,2019,2019-03-02,WCH,F,1,G,HOOGLAND Jeffrey,NED,,2.0,2.0,10.156,
Pruszkow,2019,2019-03-02,WCH,F,1,B,RUDYK Mateusz,POL,,3.0,1.0,10.412,
Pruszkow,2019,2019-03-02,WCH,F,1,B,GLAETZER Matthew,AUS,,4.0,2.0,REL,
Hong Kong,2019,2019-01-27,NC,R16,1,1,BRISTER James,AUS,,2.0,1.0,10.88,
Hong Kong,2019,2019-01-27,NC,R16,1,1,RAJKOWSKI Patryk,POL,,28.0,2.0,11.025,
Hong Kong,2019,2019-01-27,NC,R16,1,2,HELAL Rayan,FRA,,7.0,1.0,10.49,
Hong Kong,2019,2019-01-27,NC,R16,1,2,VORZHEV Pavel,KAZ,,27.0,2.0,10.533,
Hong Kong,2019,2019-01-27,NC,R16,1,3,CLARKE Thomas,AUS,,1.0,1.0,10.32,
Hong Kong,2019,2019-01-27,NC,R16,1,3,SHARAPOV Alexander,RUS,,26.0,2.0,10.374,
Hong Kong,2019,2019-01-27,NC,R16,1,4,XU Chao,CHN,,3.0,1.0,10.226,
Hong Kong,2019,2019-01-27,NC,R16,1,4,KNIPE Bradly,NZL,,25.0,2.0,10.326,
Hong Kong,2019,2019-01-27,NC,R16,1,5,BARRETTE Hugo,CAN,,10.0,1.0,10.403,
Hong Kong,2019,2019-01-27,NC,R16,1,5,WILLIAMS Zac,NZL,,24.0,2.0,10.498000000000001,
Hong Kong,2019,2019-01-27,NC,R16,1,6,FUKAYA Tomohiro,JPN,,11.0,1.0,10.689,
Hong Kong,2019,2019-01-27,NC,R16,1,6,NALYOTOV Maxim,KAZ,,23.0,2.0,10.692,
Hong Kong,2019,2019-01-27,NC,R16,1,7,YAKUSHEVSKIY Pavel,RUS,,12.0,1.0,10.563,
Hong Kong,2019,2019-01-27,NC,R16,1,7,BABEK Tomas,CZE,,22.0,2.0,10.66,
Hong Kong,2019,2019-01-27,NC,R16,1,8,JURCZYK Marc,GER,,13.0,1.0,10.55,
Hong Kong,2019,2019-01-27,NC,R16,1,8,MORENO SANCHEZ Jose,ESP,,21.0,2.0,10.582,
Hong Kong,2019,2019-01-27,NC,R16,1,9,BOS Theo,BCC,,8.0,1.0,10.473,
Hong Kong,2019,2019-01-27,NC,R16,1,9,LENDEL Vasilijus,LTU,,17.0,2.0,10.566,
Hong Kong,2019,2019-01-27,NC,R16,1,10,PERALTA GASCON Juan,ESP,,14.0,1.0,10.704,
Hong Kong,2019,2019-01-27,NC,R16,1,10,KAWABATA Tomoyuki,JPC,,20.0,2.0,10.713000000000001,
Hong Kong,2019,2019-01-27,NC,R16,1,11,OH Jeseok,KOR,,16.0,1.0,10.566,
Hong Kong,2019,2019-01-27,NC,R16,1,11,BIELECKI Maciej,POL,,18.0,2.0,11.066,
Hong Kong,2019,2019-01-27,NC,R16,1,12,NITTA Yudai,JPN,,15.0,1.0,10.701,
Hong Kong,2019,2019-01-27,NC,R16,1,12,WAGNER Robin,CZE,,19.0,2.0,10.853,
Hong Kong,2019,2019-01-27,NC,R8,1,1,PHILLIP Njisane,TTO,,5.0,1.0,10.849,
Hong Kong,2019,2019-01-27,NC,R8,1,1,NITTA Yudai,JPN,,15.0,2.0,10.870000000000001,
Hong Kong,2019,2019-01-27,NC,R8,1,2,PAUL Nicholas,TTO,,6.0,1.0,10.147,
Hong Kong,2019,2019-01-27,NC,R8,1,2,OH Jeseok,KOR,,16.0,2.0,10.668000000000001,
Hong Kong,2019,2019-01-27,NC,R8,1,3,CALEYRON Quentin,FRA,,4.0,1.0,10.294,
Hong Kong,2019,2019-01-27,NC,R8,1,3,PERALTA GASCON Juan,ESP,,14.0,2.0,10.373000000000001,
Hong Kong,2019,2019-01-27,NC,R8,1,4,BOS Theo,BCC,,8.0,1.0,10.562,
Hong Kong,2019,2019-01-27,NC,R8,1,4,SZALONTAY Sandor,HUN,,9.0,2.0,10.607999999999999,
Hong Kong,2019,2019-01-27,NC,R8,1,5,BRISTER James,AUS,,2.0,1.0,10.622,
Hong Kong,2019,2019-01-27,NC,R8,1,5,JURCZYK Marc,GER,,13.0,2.0,10.675,
Hong Kong,2019,2019-01-27,NC,R8,1,6,HELAL Rayan,FRA,,7.0,1.0,10.344,
Hong Kong,2019,2019-01-27,NC,R8,1,6,YAKUSHEVSKIY Pavel,RUS,,12.0,2.0,10.370999999999999,
Hong Kong,2019,2019-01-27,NC,R8,1,7,CLARKE Thomas,AUS,,1.0,1.0,10.118,
Hong Kong,2019,2019-01-27,NC,R8,1,7,FUKAYA Tomohiro,JPN,,11.0,2.0,10.119,
Hong Kong,2019,2019-01-27,NC,R8,1,8,XU Chao,CHN,,3.0,1.0,10.368,
Hong Kong,2019,2019-01-27,NC,R8,1,8,BARRETTE Hugo,CAN,,10.0,2.0,10.397,
Hong Kong,2019,2019-01-27,NC,QF,1,1,XU Chao,CHN,,3.0,1.0,10.348,
Hong Kong,2019,2019-01-27,NC,QF,1,1,PHILLIP Njisane,TTO,,5.0,2.0,10.474,
Hong Kong,2019,2019-01-27,NC,QF,1,2,CLARKE Thomas,AUS,,1.0,1.0,11.051,
Hong Kong,2019,2019-01-27,NC,QF,1,2,PAUL Nicholas,TTO,,6.0,2.0,11.309000000000001,
Hong Kong,2019,2019-01-27,NC,QF,1,3,CALEYRON Quentin,FRA,,4.0,1.0,10.239,
Hong Kong,2019,2019-01-27,NC,QF,1,3,HELAL Rayan,FRA,,7.0,2.0,10.301,
Hong Kong,2019,2019-01-27,NC,QF,1,4,BRISTER James,AUS,,2.0,1.0,10.551,
Hong Kong,2019,2019-01-27,NC,QF,1,4,BOS Theo,BCC,,8.0,2.0,10.964,
Hong Kong,2019,2019-01-27,NC,SF,1,1,BRISTER James,AUS,,2.0,1.0,10.473,
Hong Kong,2019,2019-01-27,NC,SF,1,1,XU Chao,CHN,,3.0,2.0,10.590000000000002,
Hong Kong,2019,2019-01-27,NC,SF,1,2,CLARKE Thomas,AUS,,1.0,1.0,10.487,
Hong Kong,2019,2019-01-27,NC,SF,1,2,CALEYRON Quentin,FRA,,4.0,2.0,10.502,
Hong Kong,2019,2019-01-27,NC,F,1,G,CLARKE Thomas,AUS,,1.0,1.0,10.823,
Hong Kong,2019,2019-01-27,NC,F,1,G,BRISTER James,AUS,,2.0,2.0,10.838000000000001,
Hong Kong,2019,2019-01-27,NC,F,1,B,XU Chao,CHN,,3.0,1.0,10.258,
Hong Kong,2019,2019-01-27,NC,F,1,B,CALEYRON Quentin,FRA,,4.0,2.0,10.28,
Cambridge,2019,2019-01-20,NC,R16,1,1,BAUGE Gregory,FRA,,9.0,1.0,10.626,
Cambridge,2019,2019-01-20,NC,R16,1,1,JONAUSKAS Svajunas,LTU,,26.0,2.0,10.702,
Cambridge,2019,2019-01-20,NC,R16,1,2,SZALONTAY Sandor,HUN,,10.0,1.0,10.659,
Cambridge,2019,2019-01-20,NC,R16,1,2,NOSOV Alexey,RUS,,25.0,2.0,10.815000000000001,
Cambridge,2019,2019-01-20,NC,R16,1,3,XU Chao,CHN,,7.0,1.0,10.23,
Cambridge,2019,2019-01-20,NC,R16,1,3,WAMMES Nick,PTM,,24.0,2.0,10.445,
Cambridge,2019,2019-01-20,NC,R16,1,4,FUKAYA Tomohiro,JPN,,8.0,1.0,10.501,
Cambridge,2019,2019-01-20,NC,R16,1,4,DUBCHENKO Aleksandr,RUS,,23.0,2.0,10.548,
Cambridge,2019,2019-01-20,NC,R16,1,5,KELEMEN Pavel,CZE,,11.0,1.0,10.464,
Cambridge,2019,2019-01-20,NC,R16,1,5,VORZHEV Pavel,KAZ,,22.0,2.0,10.513,
Cambridge,2019,2019-01-20,NC,R16,1,6,BARRETTE Hugo,CAN,,12.0,1.0,10.463,
Cambridge,2019,2019-01-20,NC,R16,1,6,WILLIAMS Zac,VNZ,,21.0,2.0,10.665999999999999,
Cambridge,2019,2019-01-20,NC,R16,1,7,PERALTA GASCON Juan,ESP,,13.0,1.0,10.421,
Cambridge,2019,2019-01-20,NC,R16,1,7,NALYOTOV Maxim,KAZ,,20.0,2.0,10.786,
Cambridge,2019,2019-01-20,NC,R16,1,8,NITTA Yudai,JPN,,14.0,1.0,10.556,
Cambridge,2019,2019-01-20,NC,R16,1,8,WATANABE Kazunari,JPC,,19.0,2.0,10.607999999999999,
Cambridge,2019,2019-01-20,NC,R16,1,9,BIELECKI Maciej,POL,,16.0,1.0,10.609,
Cambridge,2019,2019-01-20,NC,R16,1,9,WAGNER Robin,CZE,,17.0,2.0,10.667,
Cambridge,2019,2019-01-20,NC,R16,1,10,MORENO SANCHEZ Jose,ESP,,15.0,1.0,10.279,
Cambridge,2019,2019-01-20,NC,R16,1,10,SAHROM Muhammad Shah Firdaus,MAS,,18.0,2.0,10.315,
Cambridge,2019,2019-01-20,NC,R8,1,1,RUDYK Mateusz,POL,,2.0,1.0,10.193,
Cambridge,2019,2019-01-20,NC,R8,1,1,MORENO SANCHEZ Jose,ESP,,15.0,2.0,10.261,
Cambridge,2019,2019-01-20,NC,R8,1,2,HART Nathan,AUS,,1.0,1.0,10.363,
Cambridge,2019,2019-01-20,NC,R8,1,2,BIELECKI Maciej,POL,,16.0,2.0,10.865,
Cambridge,2019,2019-01-20,NC,R8,1,3,SCHMID Jacob,AUS,,5.0,1.0,10.605,
Cambridge,2019,2019-01-20,NC,R8,1,3,NITTA Yudai,JPN,,14.0,2.0,11.217,
Cambridge,2019,2019-01-20,NC,R8,1,4,WEBSTER Sam,NZL,,6.0,1.0,10.4,
Cambridge,2019,2019-01-20,NC,R8,1,4,PERALTA GASCON Juan,ESP,,13.0,2.0,10.852,
Cambridge,2019,2019-01-20,NC,R8,1,5,MITCHELL Ethan,NZL,,4.0,1.0,10.039,
Cambridge,2019,2019-01-20,NC,R8,1,5,BARRETTE Hugo,CAN,,12.0,2.0,10.125,
Cambridge,2019,2019-01-20,NC,R8,1,6,VIGIER Sebastien,FRA,,3.0,1.0,10.243,
Cambridge,2019,2019-01-20,NC,R8,1,6,KELEMEN Pavel,CZE,,11.0,2.0,10.328000000000001,
Cambridge,2019,2019-01-20,NC,R8,1,7,FUKAYA Tomohiro,JPN,,8.0,1.0,10.284,
Cambridge,2019,2019-01-20,NC,R8,1,7,BAUGE Gregory,FRA,,9.0,2.0,10.375,
Cambridge,2019,2019-01-20,NC,R8,1,8,XU Chao,CHN,,7.0,1.0,10.346,
Cambridge,2019,2019-01-20,NC,R8,1,8,SZALONTAY Sandor,HUN,,10.0,2.0,10.37,
Cambridge,2019,2019-01-20,NC,QF,1,1,RUDYK Mateusz,POL,,2.0,1.0,10.205,
Cambridge,2019,2019-01-20,NC,QF,1,1,XU Chao,CHN,,7.0,2.0,10.427,
Cambridge,2019,2019-01-20,NC,QF,1,2,HART Nathan,AUS,,1.0,1.0,10.4,
Cambridge,2019,2019-01-20,NC,QF,1,2,FUKAYA Tomohiro,JPN,,8.0,2.0,10.776,
Cambridge,2019,2019-01-20,NC,QF,1,3,VIGIER Sebastien,FRA,,3.0,1.0,10.179,
Cambridge,2019,2019-01-20,NC,QF,1,3,SCHMID Jacob,AUS,,5.0,2.0,10.319,
Cambridge,2019,2019-01-20,NC,QF,1,4,MITCHELL Ethan,NZL,,4.0,2.0,10.256,
Cambridge,2019,2019-01-20,NC,QF,1,4,WEBSTER Sam,NZL,,6.0,1.0,10.052,
Cambridge,2019,2019-01-20,NC,SF,1,1,RUDYK Mateusz,POL,,2.0,1.0,10.132,
Cambridge,2019,2019-01-20,NC,SF,1,1,MITCHELL Ethan,NZL,,4.0,2.0,10.148,
Cambridge,2019,2019-01-20,NC,SF,1,2,HART Nathan,AUS,,1.0,1.0,10.361,
Cambridge,2019,2019-01-20,NC,SF,1,2,VIGIER Sebastien,FRA,,3.0,2.0,10.408000000000001,
Cambridge,2019,2019-01-20,NC,F,1,G,HART Nathan,AUS,,1.0,1.0,10.391,
Cambridge,2019,2019-01-20,NC,F,1,G,RUDYK Mateusz,POL,,2.0,2.0,10.736,
Cambridge,2019,2019-01-20,NC,F,1,B,VIGIER Sebastien,FRA,,3.0,1.0,10.298,
Cambridge,2019,2019-01-20,NC,F,1,B,MITCHELL Ethan,NZL,,4.0,2.0,10.386,
London,2018,2018-12-16,NC,R16,1,1,CARLIN Jack,TIN,,4.0,1.0,10.236,
London,2018,2018-12-16,NC,R16,1,1,MORENO SANCHEZ Jose,ESP,,28.0,2.0,10.559000000000001,
London,2018,2018-12-16,NC,R16,1,2,TJON EN FA Jair,SUR,,6.0,1.0,10.444,
London,2018,2018-12-16,NC,R16,1,2,ARCHAMBAULT Joel,PTM,,27.0,2.0,11.048,
London,2018,2018-12-16,NC,R16,1,3,OWENS Ryan,GBR,,7.0,1.0,10.259,
London,2018,2018-12-16,NC,R16,1,3,TKACHEV Aleksei,RUS,,26.0,2.0,10.738,
London,2018,2018-12-16,NC,R16,1,4,RUDYK Mateusz,POL,,8.0,1.0,10.599,
London,2018,2018-12-16,NC,R16,1,4,VYNOKUROV Andrii,UKR,,25.0,2.0,10.673,
London,2018,2018-12-16,NC,R16,1,5,KENNY Jason,GBR,,9.0,1.0,10.609,
London,2018,2018-12-16,NC,R16,1,5,SAHROM Muhammad Shah Firdaus,MAS,,24.0,2.0,12.157,
London,2018,2018-12-16,NC,R16,1,6,OH Jeseok,KOR,,16.0,1.0,10.426,
London,2018,2018-12-16,NC,R16,1,6,BOS Theo,BCC,,17.0,2.0,10.429,
London,2018,2018-12-16,NC,R16,1,7,LENDEL Vasilijus,LTU,,10.0,1.0,10.239,
London,2018,2018-12-16,NC,R16,1,7,SZALONTAY Sandor,HUN,,23.0,2.0,10.520000000000001,
London,2018,2018-12-16,NC,R16,1,8,AWANG Mohd Azizulhasni,MAS,,15.0,1.0,10.216,
London,2018,2018-12-16,NC,R16,1,8,PHILLIP Njisane,TTO,,18.0,2.0,10.28,
London,2018,2018-12-16,NC,R16,1,9,QUINTERO CHAVARRO Kevin Santiago,COL,,14.0,1.0,10.365,
London,2018,2018-12-16,NC,R16,1,9,LAFARGUE Quentin,FRA,,19.0,2.0,10.369,
London,2018,2018-12-16,NC,R16,1,10,LANDERNEAU Melvin,FRA,,13.0,1.0,10.378,
London,2018,2018-12-16,NC,R16,1,10,BARRETTE Hugo,CAN,,20.0,2.0,10.382,
London,2018,2018-12-16,NC,R16,1,11,BOTTICHER Stefan,GER,,11.0,1.0,10.357,
London,2018,2018-12-16,NC,R16,1,11,KELEMEN Pavel,CZE,,22.0,2.0,10.421,
London,2018,2018-12-16,NC,R16,1,12,DORNBACH Maximilian,GER,,12.0,1.0,10.528,
London,2018,2018-12-16,NC,R16,1,12,PERALTA GASCON Juan,ESP,,21.0,2.0,10.577,
London,2018,2018-12-16,NC,R8,1,1,LAVREYSEN Harrie,NED,,1.0,1.0,10.075,
London,2018,2018-12-16,NC,R8,1,1,DORNBACH Maximilian,GER,,12.0,2.0,10.155,
London,2018,2018-12-16,NC,R8,1,2,HOOGLAND Jeffrey,NED,,3.0,1.0,10.107,
London,2018,2018-12-16,NC,R8,1,2,BOTTICHER Stefan,GER,,11.0,2.0,10.149,
London,2018,2018-12-16,NC,R8,1,3,GLAETZER Matthew,AUS,,2.0,1.0,10.179,
London,2018,2018-12-16,NC,R8,1,3,LANDERNEAU Melvin,FRA,,13.0,2.0,10.333,
London,2018,2018-12-16,NC,R8,1,4,PAUL Nicholas,TTO,,5.0,1.0,10.174,
London,2018,2018-12-16,NC,R8,1,4,QUINTERO CHAVARRO Kevin Santiago,COL,,14.0,2.0,10.253,
London,2018,2018-12-16,NC,R8,1,5,CARLIN Jack,TIN,,4.0,1.0,10.262,
London,2018,2018-12-16,NC,R8,1,5,AWANG Mohd Azizulhasni,MAS,,15.0,2.0,10.275,
London,2018,2018-12-16,NC,R8,1,6,TJON EN FA Jair,SUR,,6.0,1.0,10.27,
London,2018,2018-12-16,NC,R8,1,6,LENDEL Vasilijus,LTU,,10.0,2.0,10.272,
London,2018,2018-12-16,NC,R8,1,7,OWENS Ryan,GBR,,7.0,1.0,10.344,
London,2018,2018-12-16,NC,R8,1,7,OH Jeseok,KOR,,16.0,2.0,10.376999999999999,
London,2018,2018-12-16,NC,R8,1,8,RUDYK Mateusz,POL,,8.0,1.0,10.271,
London,2018,2018-12-16,NC,R8,1,8,KENNY Jason,GBR,,9.0,2.0,10.346,
London,2018,2018-12-16,NC,QF,1,1,LAVREYSEN Harrie,NED,,1.0,1.0,10.33,
London,2018,2018-12-16,NC,QF,1,1,RUDYK Mateusz,POL,,8.0,2.0,10.411,
London,2018,2018-12-16,NC,QF,1,2,HOOGLAND Jeffrey,NED,,3.0,1.0,9.889,
London,2018,2018-12-16,NC,QF,1,2,OWENS Ryan,GBR,,7.0,2.0,9.918,
London,2018,2018-12-16,NC,QF,1,3,GLAETZER Matthew,AUS,,2.0,1.0,10.266,
London,2018,2018-12-16,NC,QF,1,3,TJON EN FA Jair,SUR,,6.0,2.0,10.42,
London,2018,2018-12-16,NC,QF,1,4,CARLIN Jack,TIN,,4.0,1.0,10.669,
London,2018,2018-12-16,NC,QF,1,4,PAUL Nicholas,TTO,,5.0,2.0,REL,
London,2018,2018-12-16,NC,SF,1,1,LAVREYSEN Harrie,NED,,1.0,2.0,15.459999999999999,
London,2018,2018-12-16,NC,SF,1,1,CARLIN Jack,TIN,,4.0,1.0,11.014,
London,2018,2018-12-16,NC,SF,1,2,GLAETZER Matthew,AUS,,2.0,1.0,10.536,
London,2018,2018-12-16,NC,SF,1,2,HOOGLAND Jeffrey,NED,,3.0,2.0,10.629999999999999,
London,2018,2018-12-16,NC,F,1,G,LAVREYSEN Harrie,NED,,1.0,1.0,10.108,
London,2018,2018-12-16,NC,F,1,G,GLAETZER Matthew,AUS,,2.0,2.0,10.200000000000001,
London,2018,2018-12-16,NC,F,1,B,HOOGLAND Jeffrey,NED,,3.0,2.0,10.472000000000001,
London,2018,2018-12-16,NC,F,1,B,CARLIN Jack,TIN,,4.0,1.0,10.451,
Berlin,2018,2018-12-02,NC,R16,1,1,BUCHLI Matthijs,BCC,,2.0,1.0,10.468,
Berlin,2018,2018-12-02,NC,R16,1,1,YAKUSHEVSKIY Pavel,RUS,,,2.0,10.541,
Berlin,2018,2018-12-02,NC,R16,1,2,PAUL Nicholas,TTO,,,1.0,10.256,
Berlin,2018,2018-12-02,NC,R16,1,2,SARNECKI Rafal,POL,,,2.0,10.584,
Berlin,2018,2018-12-02,NC,R16,1,3,HELAL Rayan,FRA,,3.0,1.0,10.282,
Berlin,2018,2018-12-02,NC,R16,1,3,OH Jeseok,KOR,,,2.0,10.511,
Berlin,2018,2018-12-02,NC,R16,1,4,XU Chao,CHN,,,1.0,10.299,
Berlin,2018,2018-12-02,NC,R16,1,4,TJON EN FA Jair,SUR,,,2.0,10.322999999999999,
Berlin,2018,2018-12-02,NC,R16,1,5,LEVY Maximilian,GER,,,1.0,10.38,
Berlin,2018,2018-12-02,NC,R16,1,5,FUKAYA Tomohiro,JPN,,,2.0,10.39,
Berlin,2018,2018-12-02,NC,R16,1,6,KENNY Jason,GBR,,,1.0,10.341,
Berlin,2018,2018-12-02,NC,R16,1,6,BOTTICHER Stefan,GER,,,2.0,10.58,
Berlin,2018,2018-12-02,NC,R16,1,7,DMITRIEV Denis,RUS,,,1.0,10.539,
Berlin,2018,2018-12-02,NC,R16,1,7,QUINTERO CHAVARRO Kevin Santiago,COL,,,2.0,10.568999999999999,
Berlin,2018,2018-12-02,NC,R16,1,8,HINDES Philip,GBR,,,1.0,10.332,
Berlin,2018,2018-12-02,NC,R16,1,8,VYNOKUROV Andrii,UKR,,,2.0,10.440000000000001,
Berlin,2018,2018-12-02,NC,R16,1,9,KELEMEN Pavel,CZE,,,1.0,10.382,
Berlin,2018,2018-12-02,NC,R16,1,9,WAGNER Robin,CZE,,,2.0,10.433,
Berlin,2018,2018-12-02,NC,R16,1,10,LENDEL Vasilijus,LTU,,,1.0,10.148,
Berlin,2018,2018-12-02,NC,R16,1,10,LIGTLEE Sam,NED,,,2.0,10.19,
Berlin,2018,2018-12-02,NC,R16,1,11,TRUMAN Joseph,TIN,,,1.0,10.258,
Berlin,2018,2018-12-02,NC,R16,1,11,PHILLIP Njisane,TTO,,,2.0,12.485,
Berlin,2018,2018-12-02,NC,R16,1,12,PERALTA GASCON Juan,ESP,,,1.0,10.429,
Berlin,2018,2018-12-02,NC,R16,1,12,BARRETTE Hugo,CAN,,,2.0,REL,
Berlin,2018,2018-12-02,NC,R8,1,1,RUDYK Mateusz,POL,,4.0,1.0,10.305,
Berlin,2018,2018-12-02,NC,R8,1,1,PERALTA GASCON Juan,ESP,,,2.0,10.484,
Berlin,2018,2018-12-02,NC,R8,1,2,TRUMAN Joseph,TIN,,,1.0,10.114,
Berlin,2018,2018-12-02,NC,R8,1,2,HOOGLAND Jeffrey,NED,,,2.0,10.151000000000002,
Berlin,2018,2018-12-02,NC,R8,1,3,GLAETZER Matthew,AUS,,1.0,1.0,10.293,
Berlin,2018,2018-12-02,NC,R8,1,3,LENDEL Vasilijus,LTU,,,2.0,10.372,
Berlin,2018,2018-12-02,NC,R8,1,4,KELEMEN Pavel,CZE,,,1.0,10.248,
Berlin,2018,2018-12-02,NC,R8,1,4,CALEYRON Quentin,FRA,,,2.0,10.337,
Berlin,2018,2018-12-02,NC,R8,1,5,BUCHLI Matthijs,BCC,,2.0,1.0,10.122,
Berlin,2018,2018-12-02,NC,R8,1,5,HINDES Philip,GBR,,,2.0,10.946,
Berlin,2018,2018-12-02,NC,R8,1,6,DMITRIEV Denis,RUS,,,1.0,10.41,
Berlin,2018,2018-12-02,NC,R8,1,6,PAUL Nicholas,TTO,,,2.0,10.473,
Berlin,2018,2018-12-02,NC,R8,1,7,HELAL Rayan,FRA,,3.0,1.0,10.279,
Berlin,2018,2018-12-02,NC,R8,1,7,KENNY Jason,GBR,,,2.0,10.427999999999999,
Berlin,2018,2018-12-02,NC,R8,1,8,LEVY Maximilian,GER,,,1.0,10.208,
Berlin,2018,2018-12-02,NC,R8,1,8,XU Chao,CHN,,,2.0,10.287,
Berlin,2018,2018-12-02,NC,QF,1,1,RUDYK Mateusz,POL,,4.0,1.0,10.049,
Berlin,2018,2018-12-02,NC,QF,1,1,LEVY Maximilian,GER,,,2.0,15.033,
Berlin,2018,2018-12-02,NC,QF,1,2,HELAL Rayan,FRA,,3.0,1.0,10.25,
Berlin,2018,2018-12-02,NC,QF,1,2,TRUMAN Joseph,TIN,,,2.0,10.289,
Berlin,2018,2018-12-02,NC,QF,1,3,GLAETZER Matthew,AUS,,1.0,1.0,10.22,
Berlin,2018,2018-12-02,NC,QF,1,3,DMITRIEV Denis,RUS,,,2.0,10.269,
Berlin,2018,2018-12-02,NC,QF,1,4,BUCHLI Matthijs,BCC,,2.0,1.0,10.271,
Berlin,2018,2018-12-02,NC,QF,1,4,KELEMEN Pavel,CZE,,,2.0,10.307,
Berlin,2018,2018-12-02,NC,SF,1,1,BUCHLI Matthijs,BCC,,2.0,1.0,10.296,
Berlin,2018,2018-12-02,NC,SF,1,1,RUDYK Mateusz,POL,,4.0,2.0,10.439,
Berlin,2018,2018-12-02,NC,SF,1,2,GLAETZER Matthew,AUS,,1.0,1.0,10.22,
Berlin,2018,2018-12-02,NC,SF,1,2,HELAL Rayan,FRA,,3.0,2.0,10.306000000000001,
Berlin,2018,2018-12-02,NC,F,1,G,GLAETZER Matthew,AUS,,1.0,1.0,10.223,
Berlin,2018,2018-12-02,NC,F,1,G,BUCHLI Matthijs,BCC,,2.0,2.0,10.255,
Berlin,2018,2018-12-02,NC,F,1,B,HELAL Rayan,FRA,,3.0,1.0,10.419,
Berlin,2018,2018-12-02,NC,F,1,B,RUDYK Mateusz,POL,,4.0,2.0,10.459,
Milton,2018,2018-10-28,NC,R16,1,1,BARRETTE Hugo,CAN,,16.0,1.0,10.178,
Milton,2018,2018-10-28,NC,R16,1,1,MITCHELL Ethan,NZL,,17.0,2.0,10.225000000000001,
Milton,2018,2018-10-28,NC,R16,1,2,BAUGE Gregory,FRA,,5.0,1.0,10.595,
Milton,2018,2018-10-28,NC,R16,1,2,MORENO SANCHEZ Jose,ESP,,28.0,2.0,10.676,
Milton,2018,2018-10-28,NC,R16,1,3,RUDYK Mateusz,POL,,9.0,1.0,10.204,
Milton,2018,2018-10-28,NC,R16,1,3,PERALTA GASCON Juan,ESP,,27.0,2.0,10.293000000000001,
Milton,2018,2018-10-28,NC,R16,1,4,D'ALMEIDA Michael,FRA,,10.0,1.0,10.128,
Milton,2018,2018-10-28,NC,R16,1,4,DORNBACH Maximilian,GER,,26.0,2.0,10.835,
Milton,2018,2018-10-28,NC,R16,1,5,FUKAYA Tomohiro,JPN,,6.0,1.0,10.389,
Milton,2018,2018-10-28,NC,R16,1,5,SARNECKI Rafal,POL,,25.0,2.0,REL,
Milton,2018,2018-10-28,NC,R16,1,6,DMITRIEV Denis,RUS,,7.0,1.0,10.236,
Milton,2018,2018-10-28,NC,R16,1,6,VYNOKUROV Andrii,UKR,,24.0,2.0,10.372,
Milton,2018,2018-10-28,NC,R16,1,7,TJON EN FA Jair,SUR,,15.0,1.0,10.204,
Milton,2018,2018-10-28,NC,R16,1,7,KELEMEN Pavel,CZE,,18.0,2.0,10.224,
Milton,2018,2018-10-28,NC,R16,1,8,BOS Theo,BCC,,8.0,1.0,10.179,
Milton,2018,2018-10-28,NC,R16,1,8,AWANG Mohd Azizulhasni,MAS,,23.0,2.0,10.179,
Milton,2018,2018-10-28,NC,R16,1,9,WAKIMOTO Yuta,JPC,,14.0,1.0,10.371,
Milton,2018,2018-10-28,NC,R16,1,9,OWENS Ryan,GBR,,19.0,2.0,10.388,
Milton,2018,2018-10-28,NC,R16,1,10,WEBSTER Sam,NZL,,11.0,1.0,10.237,
Milton,2018,2018-10-28,NC,R16,1,10,YAKUSHEVSKIY Pavel,RUS,,22.0,2.0,10.46,
Milton,2018,2018-10-28,NC,R16,1,11,HINDES Philip,GBR,,12.0,1.0,10.255,
Milton,2018,2018-10-28,NC,R16,1,11,ENGLER Eric,GER,,21.0,2.0,10.381,
Milton,2018,2018-10-28,NC,R16,1,12,LENDEL Vasilijus,LTU,,13.0,1.0,10.249,
Milton,2018,2018-10-28,NC,R16,1,12,KAWABATA Tomoyuki,JPN,,20.0,2.0,10.274000000000001,
Milton,2018,2018-10-28,NC,R8,1,1,GLAETZER Matthew,AUS,,1.0,1.0,10.182,
Milton,2018,2018-10-28,NC,R8,1,1,LENDEL Vasilijus,LTU,,13.0,2.0,10.279,
Milton,2018,2018-10-28,NC,R8,1,2,LAVREYSEN Harrie,NED,,2.0,1.0,10.262,
Milton,2018,2018-10-28,NC,R8,1,2,HINDES Philip,GBR,,12.0,2.0,10.332,
Milton,2018,2018-10-28,NC,R8,1,3,HOOGLAND Jeffrey,NED,,3.0,1.0,10.159,
Milton,2018,2018-10-28,NC,R8,1,3,WEBSTER Sam,NZL,,11.0,2.0,REL,
Milton,2018,2018-10-28,NC,R8,1,4,HART Nathan,AUS,,4.0,1.0,10.196,
Milton,2018,2018-10-28,NC,R8,1,4,WAKIMOTO Yuta,JPC,,14.0,2.0,10.241,
Milton,2018,2018-10-28,NC,R8,1,5,BOS Theo,BCC,,8.0,1.0,10.728,
Milton,2018,2018-10-28,NC,R8,1,5,BARRETTE Hugo,CAN,,16.0,2.0,10.792,
Milton,2018,2018-10-28,NC,R8,1,6,BAUGE Gregory,FRA,,5.0,1.0,10.155,
Milton,2018,2018-10-28,NC,R8,1,6,TJON EN FA Jair,SUR,,15.0,2.0,10.173,
Milton,2018,2018-10-28,NC,R8,1,7,DMITRIEV Denis,RUS,,7.0,1.0,10.213,
Milton,2018,2018-10-28,NC,R8,1,7,RUDYK Mateusz,POL,,9.0,2.0,10.226999999999999,
Milton,2018,2018-10-28,NC,R8,1,8,FUKAYA Tomohiro,JPN,,6.0,1.0,10.382,
Milton,2018,2018-10-28,NC,R8,1,8,D'ALMEIDA Michael,FRA,,10.0,2.0,10.401,
Milton,2018,2018-10-28,NC,QF,1,1,GLAETZER Matthew,AUS,,1.0,1.0,10.49,
Milton,2018,2018-10-28,NC,QF,1,1,FUKAYA Tomohiro,JPN,,6.0,2.0,10.568,
Milton,2018,2018-10-28,NC,QF,1,2,LAVREYSEN Harrie,NED,,2.0,1.0,10.221,
Milton,2018,2018-10-28,NC,QF,1,2,DMITRIEV Denis,RUS,,7.0,2.0,10.268,
Milton,2018,2018-10-28,NC,QF,1,3,HOOGLAND Jeffrey,NED,,3.0,1.0,10.209,
Milton,2018,2018-10-28,NC,QF,1,3,BAUGE Gregory,FRA,,5.0,2.0,10.442,
Milton,2018,2018-10-28,NC,QF,1,4,HART Nathan,AUS,,4.0,1.0,10.384,
Milton,2018,2018-10-28,NC,QF,1,4,BOS Theo,BCC,,8.0,2.0,11.157,
Milton,2018,2018-10-28,NC,SF,1,1,GLAETZER Matthew,AUS,,1.0,1.0,10.218,
Milton,2018,2018-10-28,NC,SF,1,1,HART Nathan,AUS,,4.0,2.0,10.246,
Milton,2018,2018-10-28,NC,SF,1,2,LAVREYSEN Harrie,NED,,2.0,1.0,10.194,
Milton,2018,2018-10-28,NC,SF,1,2,HOOGLAND Jeffrey,NED,,3.0,2.0,10.458,
Milton,2018,2018-10-28,NC,F,1,G,GLAETZER Matthew,AUS,,1.0,2.0,10.013000000000002,
Milton,2018,2018-10-28,NC,F,1,G,LAVREYSEN Harrie,NED,,2.0,1.0,9.912,
Milton,2018,2018-10-28,NC,F,1,B,HOOGLAND Jeffrey,NED,,3.0,1.0,10,
Milton,2018,2018-10-28,NC,F,1,B,HART Nathan,AUS,,4.0,2.0,10.044,
Cairo,2023,2023-03-17,NC,QF,2,1,LAVREYSEN Harrie,NED,,1.0,1.0,10.265,
Cairo,2023,2023-03-17,NC,QF,2,1,TJON EN FA Jair,SUR,,5.0,2.0,10.395000000000001,
Cairo,2023,2023-03-17,NC,QF,2,2,YAKOVLEV Mikhail,ISR,,2.0,1.0,10.061,
Cairo,2023,2023-03-17,NC,QF,2,2,TRUMAN Joseph,TIN,,6.0,2.0,10.125,
Cairo,2023,2023-03-17,NC,QF,2,3,RUDYK Mateusz,POL,,4.0,1.0,10.361,
Cairo,2023,2023-03-17,NC,QF,2,3,VIGIER Sebastien,FRA,,7.0,2.0,10.397,
Cairo,2023,2023-03-17,NC,QF,2,4,OTA Kaiya,JPN,,3.0,1.0,10.061,
Cairo,2023,2023-03-17,NC,QF,2,4,TERASAKI Kohei,RKD,,8.0,2.0,10.12,
Cairo,2023,2023-03-17,NC,SF,2,1,LAVREYSEN Harrie,NED,,1.0,1.0,10.071,
Cairo,2023,2023-03-17,NC,SF,2,1,OTA Kaiya,JPN,,3.0,2.0,10.278,
Cairo,2023,2023-03-17,NC,SF,2,2,YAKOVLEV Mikhail,ISR,,2.0,1.0,10.468,
Cairo,2023,2023-03-17,NC,SF,2,2,RUDYK Mateusz,POL,,4.0,2.0,10.491999999999999,
Cairo,2023,2023-03-17,NC,F,2,G,LAVREYSEN Harrie,NED,,1.0,1.0,10.019,
Cairo,2023,2023-03-17,NC,F,2,G,YAKOVLEV Mikhail,ISR,,2.0,2.0,11.862,
Cairo,2023,2023-03-17,NC,F,2,B,OTA Kaiya,JPN,,3.0,1.0,10.364,
Cairo,2023,2023-03-17,NC,F,2,B,RUDYK Mateusz,POL,,4.0,2.0,10.481000000000002,
Jakarta,2023,2023-02-26,NC,QF,2,1,LAVREYSEN Harrie,NED,,1.0,1.0,10.017,
Jakarta,2023,2023-02-26,NC,QF,2,1,RICHARDSON Matthew,AUS,,8.0,2.0,10.017,
Jakarta,2023,2023-02-26,NC,QF,2,2,YAKOVLEV Mikhail,ISR,,3.0,1.0,9.812,
Jakarta,2023,2023-02-26,NC,QF,2,2,AWANG Mohd Azizulhasni,MAS,,7.0,2.0,10.008999999999999,
Jakarta,2023,2023-02-26,NC,QF,2,3,OTA Kaiya,JPN,,2.0,1.0,9.804,
Jakarta,2023,2023-02-26,NC,QF,2,3,HOOGLAND Jeffrey,NED,,5.0,2.0,13.823,
Jakarta,2023,2023-02-26,NC,QF,2,4,ZHOU Yu,CHN,,4.0,1.0,10.184,
Jakarta,2023,2023-02-26,NC,QF,2,4,VIGIER Sebastien,FRA,,6.0,2.0,10.238,
Jakarta,2023,2023-02-26,NC,SF,2,1,LAVREYSEN Harrie,NED,,1.0,1.0,10.109,
Jakarta,2023,2023-02-26,NC,SF,2,1,ZHOU Yu,CHN,,4.0,2.0,11.622,
Jakarta,2023,2023-02-26,NC,SF,2,2,OTA Kaiya,JPN,,2.0,1.0,9.895,
Jakarta,2023,2023-02-26,NC,SF,2,2,YAKOVLEV Mikhail,ISR,,3.0,2.0,16.259999999999998,
Jakarta,2023,2023-02-26,NC,F,2,G,LAVREYSEN Harrie,NED,,1.0,1.0,9.563,
Jakarta,2023,2023-02-26,NC,F,2,G,OTA Kaiya,JPN,,2.0,2.0,9.653,
Jakarta,2023,2023-02-26,NC,F,2,B,YAKOVLEV Mikhail,ISR,,3.0,1.0,9.875,
Jakarta,2023,2023-02-26,NC,F,2,B,ZHOU Yu,CHN,,4.0,2.0,9.965,
Paris,2022,2022-10-15,WCH,SF,2,1,LAVREYSEN Harrie,NED,25.605479452054794,1.0,1.0,9.699,72.47835715723778
Paris,2022,2022-10-15,WCH,SF,2,1,RUDYK Mateusz,POL,27.257534246575343,4.0,2.0,9.845,69.67966708603504
Paris,2022,2022-10-15,WCH,SF,2,2,RICHARDSON Matthew,AUS,,2.0,1.0,9.684,73.5444330949949
Paris,2022,2022-10-15,WCH,SF,2,2,GLAETZER Matthew,AUS,,3.0,2.0,9.722,73.43192248852627
Paris,2022,2022-10-15,WCH,F,2,G,LAVREYSEN Harrie,NED,25.605479452054794,1.0,1.0,9.773,74.33409043981004
Paris,2022,2022-10-15,WCH,F,2,G,RICHARDSON Matthew,AUS,,2.0,2.0,9.856,73.16329641296616
Paris,2022,2022-10-15,WCH,F,2,B,GLAETZER Matthew,AUS,,3.0,1.0,9.964,73.18560683065664
Paris,2022,2022-10-15,WCH,F,2,B,RUDYK Mateusz,POL,27.257534246575343,4.0,2.0,10.223,71.56346287645363
Cali,2022,2022-07-10,NC,QF,2,1,LAVREYSEN Harrie,NED,25.339726027397262,2.0,1.0,10.206,70.18227897455893
Cali,2022,2022-07-10,NC,QF,2,1,LANDERNEAU Melvin,FRA,24.797260273972604,7.0,2.0,10.306,68.91271056661562
Cali,2022,2022-07-10,NC,QF,2,2,PAUL Nicholas,TTO,23.81095890410959,1.0,1.0,10.338,71.50660442943688
Cali,2022,2022-07-10,NC,QF,2,2,ZHOU Yu,CHN,23.526027397260275,6.0,2.0,11.052,67.17044500419814
Cali,2022,2022-07-10,NC,QF,2,3,HOOGLAND Jeffrey,NED,29.336986301369862,3.0,1.0,10.009,72.85237276130731
Cali,2022,2022-07-10,NC,QF,2,3,RAMIREZ MORALES Santiago,COL,27.991780821917807,8.0,2.0,10.297,71.8132854578097
Cali,2022,2022-07-10,NC,QF,2,4,ORTEGA FONTALVO Cristian David,COL,21.791780821917808,4.0,1.0,10.215,71.38607971445568
Cali,2022,2022-07-10,NC,QF,2,4,DÖRNBACH Maximilian,GER,,5.0,2.0,10.248,70.83825265643448
Cali,2022,2022-07-10,NC,SF,2,1,LAVREYSEN Harrie,NED,25.339726027397262,2.0,1.0,10.15,72.47106190236538
Cali,2022,2022-07-10,NC,SF,2,1,ORTEGA FONTALVO Cristian David,COL,21.791780821917808,4.0,2.0,10.353,71.8132854578097
Cali,2022,2022-07-10,NC,SF,2,2,PAUL Nicholas,TTO,23.81095890410959,1.0,1.0,9.825,71.11111111111111
Cali,2022,2022-07-10,NC,SF,2,2,HOOGLAND Jeffrey,NED,29.336986301369862,3.0,2.0,10.087,68.13665184063593
Cali,2022,2022-07-10,NC,F,2,G,PAUL Nicholas,TTO,23.81095890410959,1.0,1.0,9.814,73.45439706182412
Cali,2022,2022-07-10,NC,F,2,G,LAVREYSEN Harrie,NED,25.339726027397262,2.0,2.0,9.826,72.61724659606658
Cali,2022,2022-07-10,NC,F,2,B,HOOGLAND Jeffrey,NED,29.336986301369862,3.0,1.0,10.78,70.27818448023426
Cali,2022,2022-07-10,NC,F,2,B,ORTEGA FONTALVO Cristian David,COL,21.791780821917808,4.0,2.0,24.752,69.43105110896818
Milton,2022,2022-05-15,NC,QF,2,1,RICHARDSON Matthew,AUS,23.09315068493151,1.0,1.0,10.114,67.73920406435225
Milton,2022,2022-05-15,NC,QF,2,1,LIGTLEE Sam,BCC,24.438356164383563,6.0,2.0,10.209000000000001,62.70138465557782
Milton,2022,2022-05-15,NC,QF,2,2,HOOGLAND Jeffrey,NED,29.183561643835617,2.0,1.0,9.919,71.67031654389807
Milton,2022,2022-05-15,NC,QF,2,2,GLAETZER Matthew,AUS,29.742465753424657,5.0,2.0,9.938,72.12260843433837
Milton,2022,2022-05-15,NC,QF,2,3,RUDYK Mateusz,POL,26.838356164383562,4.0,1.0,10.26,71.32243684992571
Milton,2022,2022-05-15,NC,QF,2,3,YAMASAKI Kento,RKD,29.427397260273974,7.0,2.0,10.315999999999999,70.47078398747186
Milton,2022,2022-05-15,NC,QF,2,4,CARLIN Jack,TIN,25.076712328767123,3.0,1.0,10.284,70.1959637320854
Milton,2022,2022-05-15,NC,QF,2,4,OBARA Yuta,JPN,26.224657534246575,8.0,2.0,10.433,70.01166861143524
Milton,2022,2022-05-15,NC,SF,2,1,RICHARDSON Matthew,AUS,23.09315068493151,1.0,1.0,9.83,72.95571993109738
Milton,2022,2022-05-15,NC,SF,2,1,CARLIN Jack,TIN,25.076712328767123,3.0,2.0,10.01,70.90103397341211
Milton,2022,2022-05-15,NC,SF,2,2,HOOGLAND Jeffrey,NED,29.183561643835617,2.0,1.0,10.184,70.49148227922458
Milton,2022,2022-05-15,NC,SF,2,2,RUDYK Mateusz,POL,26.838356164383562,4.0,2.0,10.199,71.13218731475993
Milton,2022,2022-05-15,NC,F,2,G,RICHARDSON Matthew,AUS,23.09315068493151,1.0,1.0,9.945,72.31820008035356
Milton,2022,2022-05-15,NC,F,2,G,HOOGLAND Jeffrey,NED,29.183561643835617,2.0,2.0,15.193999999999999,70.85219444991144
Milton,2022,2022-05-15,NC,F,2,B,CARLIN Jack,TIN,25.076712328767123,3.0,1.0,10.315,70.00486144871172
Milton,2022,2022-05-15,NC,F,2,B,RUDYK Mateusz,POL,26.838356164383562,4.0,2.0,10.458,68.6367969494757
Glasgow,2022,2022-04-24,NC,QF,2,1,LAVREYSEN Harrie,NED,25.12876712328767,1.0,1.0,10.326,69.82833866744254
Glasgow,2022,2022-04-24,NC,QF,2,1,WAMMES Nick,CAN,22.523287671232875,8.0,2.0,10.439,69.20415224913495
Glasgow,2022,2022-04-24,NC,QF,2,2,PAUL Nicholas,TTO,23.6,4.0,1.0,10.367,70.05935584314489
Glasgow,2022,2022-04-24,NC,QF,2,2,TJON EN FA Jair,SUR,28.53150684931507,7.0,2.0,10.418000000000001,69.0978886756238
Glasgow,2022,2022-04-24,NC,QF,2,3,RICHARDSON Matthew,AUS,23.035616438356165,2.0,2.0,10.131,60.64179230186137
Glasgow,2022,2022-04-24,NC,QF,2,3,CARLIN Jack,GBR,25.019178082191782,5.0,1.0,10.051,50.83309799491669
Glasgow,2022,2022-04-24,NC,QF,2,4,VIGIER Sebastien,FRA,,3.0,1.0,10.312,71.94244604316548
Glasgow,2022,2022-04-24,NC,QF,2,4,CORNISH Thomas,AUS,22.202739726027396,6.0,2.0,10.343,67.56756756756758
Glasgow,2022,2022-04-24,NC,SF,2,1,LAVREYSEN Harrie,NED,25.12876712328767,1.0,1.0,10.106,70.21650087770627
Glasgow,2022,2022-04-24,NC,SF,2,1,VIGIER Sebastien,FRA,,3.0,2.0,10.17,69.60556844547564
Glasgow,2022,2022-04-24,NC,SF,2,2,RICHARDSON Matthew,AUS,23.035616438356165,2.0,1.0,,
Glasgow,2022,2022-04-24,NC,SF,2,2,PAUL Nicholas,TTO,23.6,4.0,2.0,DNS,72.61724659606658
Glasgow,2022,2022-04-24,NC,F,2,G,LAVREYSEN Harrie,NED,25.12876712328767,1.0,1.0,10.13,71.40731925022315
Glasgow,2022,2022-04-24,NC,F,2,G,RICHARDSON Matthew,AUS,23.035616438356165,2.0,2.0,10.377,70.7060787587155
Roubaix,2021,2021-10-23,WCH,QF,2,1,LAVREYSEN Harrie,NED,,1.0,1.0,9.931,
Roubaix,2021,2021-10-23,WCH,QF,2,1,HELAL Rayan,FRA,,8.0,2.0,11.412999999999998,
Roubaix,2021,2021-10-23,WCH,QF,2,2,BOETTICHER Stefan,GER,,4.0,1.0,10.043,
Roubaix,2021,2021-10-23,WCH,QF,2,2,PAUL Nicholas,TTO,,5.0,2.0,10.052,
Roubaix,2021,2021-10-23,WCH,QF,2,3,HOOGLAND Jeffrey,NED,,2.0,1.0,9.991,
Roubaix,2021,2021-10-23,WCH,QF,2,3,IAKOVLEV Mikhail,RCF,,6.0,2.0,10.145999999999999,
Roubaix,2021,2021-10-23,WCH,QF,2,4,VIGIER Sebastien,FRA,,3.0,1.0,9.983,
Roubaix,2021,2021-10-23,WCH,QF,2,4,RUDYK Mateusz,POL,,7.0,2.0,10.835,
Roubaix,2021,2021-10-23,WCH,SF,2,1,LAVREYSEN Harrie,NED,,1.0,1.0,9.852,
Roubaix,2021,2021-10-23,WCH,SF,2,1,VIGIER Sebastien,FRA,,3.0,2.0,10.1,
Roubaix,2021,2021-10-23,WCH,SF,2,2,HOOGLAND Jeffrey,NED,,2.0,1.0,10.031,
Roubaix,2021,2021-10-23,WCH,SF,2,2,BOETTICHER Stefan,GER,,4.0,2.0,10.127,
Roubaix,2021,2021-10-23,WCH,F,2,G,LAVREYSEN Harrie,NED,,1.0,1.0,9.977,
Roubaix,2021,2021-10-23,WCH,F,2,G,HOOGLAND Jeffrey,NED,,2.0,2.0,10.155000000000001,
Roubaix,2021,2021-10-23,WCH,F,2,B,VIGIER Sebastien,FRA,,3.0,2.0,10.172,
Roubaix,2021,2021-10-23,WCH,F,2,B,BOETTICHER Stefan,GER,,4.0,1.0,10.137,
Cali,2021,2021-09-12,NC,QF,2,1,PAUL Nicholas,TTO,,1.0,1.0,10.93,
Cali,2021,2021-09-12,NC,QF,2,1,ROCHNA Daniel,POL,,8.0,2.0,11.107,
Cali,2021,2021-09-12,NC,QF,2,2,WAMMES Nick,CAN,,4.0,1.0,10.312,
Cali,2021,2021-09-12,NC,QF,2,2,RAJKOWSKI Patryk,POL,,7.0,2.0,10.357,
Cali,2021,2021-09-12,NC,QF,2,3,QUINTERO CHAVARRO Kevin Santiago,COL,,2.0,1.0,10.345,
Cali,2021,2021-09-12,NC,QF,2,3,RAMIREZ MORALES Santiago,COL,,6.0,2.0,10.402000000000001,
Cali,2021,2021-09-12,NC,QF,2,4,HELAL Rayan,FRA,,3.0,1.0,10.416,
Cali,2021,2021-09-12,NC,QF,2,4,VIGIER Sebastien,FRA,,5.0,2.0,10.532,
Cali,2021,2021-09-12,NC,SF,2,1,PAUL Nicholas,TTO,,1.0,1.0,10.247,
Cali,2021,2021-09-12,NC,SF,2,1,HELAL Rayan,FRA,,3.0,2.0,12.786,
Cali,2021,2021-09-12,NC,SF,2,2,QUINTERO CHAVARRO Kevin Santiago,COL,,2.0,1.0,10.23,
Cali,2021,2021-09-12,NC,SF,2,2,WAMMES Nick,CAN,,4.0,2.0,10.395,
Cali,2021,2021-09-12,NC,F,2,G,PAUL Nicholas,TTO,,1.0,1.0,9.845,
Cali,2021,2021-09-12,NC,F,2,G,QUINTERO CHAVARRO Kevin Santiago,COL,,2.0,2.0,10.361,
Cali,2021,2021-09-12,NC,F,2,B,HELAL Rayan,FRA,,3.0,1.0,10.035,
Cali,2021,2021-09-12,NC,F,2,B,WAMMES Nick,CAN,,4.0,2.0,10.926,
Tokyo,2021,2021-08-04,OLY,QF,2,1,HOOGLAND Jeffrey,NED,,2.0,1.0,9.902,
Tokyo,2021,2021-08-04,OLY,QF,2,1,VIGIER Sebastien,FRA,,7.0,2.0,9.960999999999999,
Tokyo,2021,2021-08-04,OLY,QF,2,2,LAVREYSEN Harrie,NED,,1.0,1.0,10.551,
Tokyo,2021,2021-08-04,OLY,QF,2,2,KENNY Jason,GBR,,8.0,2.0,11.493,
Tokyo,2021,2021-08-04,OLY,QF,2,3,CARLIN Jack,GBR,,3.0,1.0,9.795,
Tokyo,2021,2021-08-04,OLY,QF,2,3,LEVY Maximilian,GER,,5.0,2.0,10.191,
Tokyo,2021,2021-08-04,OLY,QF,2,4,DMITRIEV Denis,ROC,,4.0,1.0,9.824,
Tokyo,2021,2021-08-04,OLY,QF,2,4,PAUL Nicholas,TTO,,6.0,2.0,REL,
Tokyo,2021,2021-08-04,OLY,SF,2,1,HOOGLAND Jeffrey,NED,,2.0,1.0,9.786,
Tokyo,2021,2021-08-04,OLY,SF,2,1,DMITRIEV Denis,ROC,,4.0,2.0,9.796,
Tokyo,2021,2021-08-04,OLY,SF,2,2,LAVREYSEN Harrie,NED,,1.0,1.0,9.784,
Tokyo,2021,2021-08-04,OLY,SF,2,2,CARLIN Jack,GBR,,3.0,2.0,9.826,
Tokyo,2021,2021-08-04,OLY,F,2,G,LAVREYSEN Harrie,NED,,1.0,1.0,9.776,
Tokyo,2021,2021-08-04,OLY,F,2,G,HOOGLAND Jeffrey,NED,,2.0,2.0,9.791,
Tokyo,2021,2021-08-04,OLY,F,2,B,CARLIN Jack,GBR,,3.0,1.0,9.943,
Tokyo,2021,2021-08-04,OLY,F,2,B,DMITRIEV Denis,ROC,,4.0,2.0,9.958,
St Petersburg,2021,2021-07-11,NC,QF,2,1,IAKOVLEV Mikhail,RUS,,2.0,1.0,10.105,
St Petersburg,2021,2021-07-11,NC,QF,2,1,RAMIREZ MORALES Santiago,COL,,7.0,2.0,10.315000000000001,
St Petersburg,2021,2021-07-11,NC,QF,2,2,SZALONTAY Sandor,HUN,,4.0,1.0,10.956,
St Petersburg,2021,2021-07-11,NC,QF,2,2,NESTEROV Dmitry,MCT,,8.0,2.0,10.959999999999999,
St Petersburg,2021,2021-07-11,NC,QF,2,3,QUINTERO CHAVARRO Kevin Santiago,COL,,1.0,1.0,10.4,
St Petersburg,2021,2021-07-11,NC,QF,2,3,LENDEL Vasilijus,LTU,,6.0,2.0,10.776,
St Petersburg,2021,2021-07-11,NC,QF,2,4,DERACHE Tom,FRA,,3.0,1.0,10.498,
St Petersburg,2021,2021-07-11,NC,QF,2,4,HOHNE Anton,GER,,5.0,2.0,10.505999999999998,
St Petersburg,2021,2021-07-11,NC,SF,2,1,IAKOVLEV Mikhail,RUS,,2.0,1.0,9.946,
St Petersburg,2021,2021-07-11,NC,SF,2,1,DERACHE Tom,FRA,,3.0,2.0,10.209,
St Petersburg,2021,2021-07-11,NC,SF,2,2,QUINTERO CHAVARRO Kevin Santiago,COL,,1.0,1.0,10.396,
St Petersburg,2021,2021-07-11,NC,SF,2,2,SZALONTAY Sandor,HUN,,4.0,2.0,11.078000000000001,
St Petersburg,2021,2021-07-11,NC,F,2,G,QUINTERO CHAVARRO Kevin Santiago,COL,,1.0,1.0,10.201,
St Petersburg,2021,2021-07-11,NC,F,2,G,IAKOVLEV Mikhail,RUS,,2.0,2.0,10.294,
St Petersburg,2021,2021-07-11,NC,F,2,B,DERACHE Tom,FRA,,3.0,1.0,10.253,
St Petersburg,2021,2021-07-11,NC,F,2,B,SZALONTAY Sandor,HUN,,4.0,2.0,10.419,
Hong Kong,2021,2021-05-16,NC,QF,2,1,WAKIMOTO Yuta,JPN,,2.0,1.0,10.264,
Hong Kong,2021,2021-05-16,NC,QF,2,1,MOHD ZONIS Muhammad Fadhil,SDF,,6.0,2.0,10.466,
Hong Kong,2021,2021-05-16,NC,QF,2,2,NITTA Yudai,JPN,,1.0,1.0,10.344,
Hong Kong,2021,2021-05-16,NC,QF,2,2,NAKANO Shinji,DSR,,5.0,2.0,10.641,
Hong Kong,2021,2021-05-16,NC,QF,2,3,FUKAYA Tomohiro,DSR,,3.0,1.0,10.228,
Hong Kong,2021,2021-05-16,NC,QF,2,3,ANGSUTHASAWIT Jai,THA,,7.0,2.0,10.327,
Hong Kong,2021,2021-05-16,NC,QF,2,4,MATSUI Koyu,RKD,,4.0,1.0,10.43,
Hong Kong,2021,2021-05-16,NC,QF,2,4,LAW Tsz Chun,HKG,,8.0,2.0,10.568,
Hong Kong,2021,2021-05-16,NC,SF,2,1,WAKIMOTO Yuta,JPN,,2.0,1.0,10.262,
Hong Kong,2021,2021-05-16,NC,SF,2,1,MATSUI Koyu,RKD,,4.0,2.0,10.428,
Hong Kong,2021,2021-05-16,NC,SF,2,2,NITTA Yudai,JPN,,1.0,1.0,10.304,
Hong Kong,2021,2021-05-16,NC,SF,2,2,FUKAYA Tomohiro,DSR,,3.0,2.0,11.191,
Hong Kong,2021,2021-05-16,NC,F,2,G,NITTA Yudai,JPN,,1.0,1.0,10.289,
Hong Kong,2021,2021-05-16,NC,F,2,G,WAKIMOTO Yuta,JPN,,2.0,2.0,10.314,
Hong Kong,2021,2021-05-16,NC,F,2,B,FUKAYA Tomohiro,DSR,,3.0,1.0,10.307,
Hong Kong,2021,2021-05-16,NC,F,2,B,MATSUI Koyu,RKD,,4.0,2.0,10.587,
Berlin,2020,2020-02-29,WCH,QF,2,1,LAVREYSEN Harrie,NED,,1.0,1.0,9.783,
Berlin,2020,2020-02-29,WCH,QF,2,1,NITTA Yudai,JPN,,5.0,2.0,9.934,
Berlin,2020,2020-02-29,WCH,QF,2,2,HOOGLAND Jeffrey,NED,,2.0,1.0,9.776,
Berlin,2020,2020-02-29,WCH,QF,2,2,BOTTICHER Stefan,GER,,6.0,2.0,9.926,
Berlin,2020,2020-02-29,WCH,QF,2,3,RUDYK Mateusz,POL,,4.0,1.0,10.073,
Berlin,2020,2020-02-29,WCH,QF,2,3,BUCHLI Matthijs,NED,,7.0,2.0,10.258000000000001,
Berlin,2020,2020-02-29,WCH,QF,2,4,AWANG Mohd Azizulhasni,MAS,,3.0,1.0,10.071,
Berlin,2020,2020-02-29,WCH,QF,2,4,FUKAYA Tomohiro,JPN,,8.0,2.0,10.071,
Berlin,2020,2020-02-29,WCH,SF,2,1,LAVREYSEN Harrie,NED,,1.0,1.0,9.904,
Berlin,2020,2020-02-29,WCH,SF,2,1,AWANG Mohd Azizulhasni,MAS,,3.0,2.0,10.234,
Berlin,2020,2020-02-29,WCH,SF,2,2,HOOGLAND Jeffrey,NED,,2.0,1.0,9.808,
Berlin,2020,2020-02-29,WCH,SF,2,2,RUDYK Mateusz,POL,,4.0,2.0,9.921,
Berlin,2020,2020-02-29,WCH,F,2,G,LAVREYSEN Harrie,NED,,1.0,1.0,9.691,
Berlin,2020,2020-02-29,WCH,F,2,G,HOOGLAND Jeffrey,NED,,2.0,2.0,9.886000000000001,
Berlin,2020,2020-02-29,WCH,F,2,B,AWANG Mohd Azizulhasni,MAS,,3.0,1.0,10.089,
Berlin,2020,2020-02-29,WCH,F,2,B,RUDYK Mateusz,POL,,4.0,2.0,10.942,
Milton,2020,2020-01-26,NC,QF,2,1,RUDYK Mateusz,POL,,1.0,1.0,10.797,
Milton,2020,2020-01-26,NC,QF,2,1,XU Chao,CHN,,6.0,2.0,13.496,
Milton,2020,2020-01-26,NC,QF,2,2,CALEYRON Quentin,FRA,,2.0,1.0,10.038,
Milton,2020,2020-01-26,NC,QF,2,2,BRISTER James,AUS,,5.0,2.0,11.636000000000001,
Milton,2020,2020-01-26,NC,QF,2,3,LAW Tsz Chun,HKG,,4.0,1.0,10.641,
Milton,2020,2020-01-26,NC,QF,2,3,LENDEL Vasilijus,LTU,,7.0,2.0,10.69,
Milton,2020,2020-01-26,NC,QF,2,4,HELAL Rayan,FRA,,3.0,1.0,10.325,
Milton,2020,2020-01-26,NC,QF,2,4,AMAGAI Kazuki,JPN,,8.0,2.0,10.766,
Milton,2020,2020-01-26,NC,SF,2,1,RUDYK Mateusz,POL,,1.0,1.0,10.312,
Milton,2020,2020-01-26,NC,SF,2,1,HELAL Rayan,FRA,,3.0,2.0,REL,
Milton,2020,2020-01-26,NC,SF,2,2,CALEYRON Quentin,FRA,,2.0,2.0,10.319999999999999,
Milton,2020,2020-01-26,NC,SF,2,2,LAW Tsz Chun,HKG,,4.0,1.0,10.293,
Milton,2020,2020-01-26,NC,F,2,G,RUDYK Mateusz,POL,,1.0,1.0,10.29,
Milton,2020,2020-01-26,NC,F,2,G,CALEYRON Quentin,FRA,,2.0,2.0,10.412999999999998,
Milton,2020,2020-01-26,NC,F,2,B,HELAL Rayan,FRA,,3.0,1.0,10.343,
Milton,2020,2020-01-26,NC,F,2,B,LAW Tsz Chun,HKG,,4.0,2.0,11.233,
Brisbane,2019,2019-12-15,NC,QF,2,1,RUDYK Mateusz,POL,,1.0,1.0,10.199,
Brisbane,2019,2019-12-15,NC,QF,2,1,TRUMAN Joseph,GBR,,5.0,2.0,10.561,
Brisbane,2019,2019-12-15,NC,QF,2,2,WEBSTER Sam,NZL,,2.0,1.0,10.16,
Brisbane,2019,2019-12-15,NC,QF,2,2,YAKUSHEVSKIY Pavel,RUS,,8.0,2.0,10.186,
Brisbane,2019,2019-12-15,NC,QF,2,3,GLAETZER Matthew,AUS,,3.0,1.0,9.949,
Brisbane,2019,2019-12-15,NC,QF,2,3,WAKIMOTO Yuta,JPN,,6.0,2.0,10.491999999999999,
Brisbane,2019,2019-12-15,NC,QF,2,4,TJON EN FA Jair,SUR,,4.0,1.0,10.311,
Brisbane,2019,2019-12-15,NC,QF,2,4,MITCHELL Ethan,NZL,,7.0,2.0,10.354,
Brisbane,2019,2019-12-15,NC,SF,2,1,RUDYK Mateusz,POL,,1.0,1.0,10.353,
Brisbane,2019,2019-12-15,NC,SF,2,1,TJON EN FA Jair,SUR,,4.0,2.0,10.426,
Brisbane,2019,2019-12-15,NC,SF,2,2,WEBSTER Sam,NZL,,2.0,1.0,9.831,
Brisbane,2019,2019-12-15,NC,SF,2,2,GLAETZER Matthew,AUS,,3.0,2.0,9.857,
Brisbane,2019,2019-12-15,NC,F,2,G,RUDYK Mateusz,POL,,1.0,1.0,10.17,
Brisbane,2019,2019-12-15,NC,F,2,G,WEBSTER Sam,NZL,,2.0,2.0,10.749,
Brisbane,2019,2019-12-15,NC,F,2,B,GLAETZER Matthew,AUS,,3.0,1.0,10.16,
Brisbane,2019,2019-12-15,NC,F,2,B,TJON EN FA Jair,SUR,,4.0,2.0,10.605,
Cambridge,2019,2019-12-08,NC,QF,2,1,RUDYK Mateusz,POL,,1.0,1.0,10.222,
Cambridge,2019,2019-12-08,NC,QF,2,1,PAUL Nicholas,TTO,,8.0,2.0,10.363,
Cambridge,2019,2019-12-08,NC,QF,2,2,FUKAYA Tomohiro,JPN,,2.0,1.0,10.295,
Cambridge,2019,2019-12-08,NC,QF,2,2,AWANG Mohd Azizulhasni,MAS,,7.0,2.0,10.823,
Cambridge,2019,2019-12-08,NC,QF,2,3,HART Nathan,AUS,,4.0,1.0,10.273,
Cambridge,2019,2019-12-08,NC,QF,2,3,WEBSTER Sam,NZL,,6.0,2.0,10.974,
Cambridge,2019,2019-12-08,NC,QF,2,4,NITTA Yudai,JPN,,3.0,1.0,10.238,
Cambridge,2019,2019-12-08,NC,QF,2,4,SZALONTAY Sandor,HUN,,5.0,2.0,10.338,
Cambridge,2019,2019-12-08,NC,SF,2,1,RUDYK Mateusz,POL,,1.0,1.0,9.748,
Cambridge,2019,2019-12-08,NC,SF,2,1,NITTA Yudai,JPN,,3.0,2.0,10.239999999999998,
Cambridge,2019,2019-12-08,NC,SF,2,2,FUKAYA Tomohiro,JPN,,2.0,1.0,10.009,
Cambridge,2019,2019-12-08,NC,SF,2,2,HART Nathan,AUS,,4.0,2.0,10.534,
Cambridge,2019,2019-12-08,NC,F,2,G,RUDYK Mateusz,POL,,1.0,1.0,10.12,
Cambridge,2019,2019-12-08,NC,F,2,G,FUKAYA Tomohiro,JPN,,2.0,2.0,10.187999999999999,
Cambridge,2019,2019-12-08,NC,F,2,B,NITTA Yudai,JPN,,3.0,1.0,10.37,
Cambridge,2019,2019-12-08,NC,F,2,B,HART Nathan,AUS,,4.0,2.0,10.553999999999998,
Hong Kong,2019,2019-12-01,NC,QF,2,1,HOOGLAND Jeffrey,NED,,2.0,1.0,10.151,
Hong Kong,2019,2019-12-01,NC,QF,2,1,TJON EN FA Jair,SUR,,6.0,2.0,12.762,
Hong Kong,2019,2019-12-01,NC,QF,2,2,LAVREYSEN Harrie,NED,,1.0,1.0,10.298,
Hong Kong,2019,2019-12-01,NC,QF,2,2,NITTA Yudai,JPN,,5.0,2.0,10.498,
Hong Kong,2019,2019-12-01,NC,QF,2,3,RUDYK Mateusz,POL,,4.0,1.0,10.556,
Hong Kong,2019,2019-12-01,NC,QF,2,3,BAUGE Gregory,FRA,,7.0,2.0,11.088,
Hong Kong,2019,2019-12-01,NC,QF,2,4,FUKAYA Tomohiro,JPN,,3.0,1.0,10.231,
Hong Kong,2019,2019-12-01,NC,QF,2,4,KAWABATA Tomoyuki,JPC,,8.0,2.0,10.262,
Hong Kong,2019,2019-12-01,NC,SF,2,1,HOOGLAND Jeffrey,NED,,2.0,1.0,10.258,
Hong Kong,2019,2019-12-01,NC,SF,2,1,FUKAYA Tomohiro,JPN,,3.0,2.0,10.518999999999998,
Hong Kong,2019,2019-12-01,NC,SF,2,2,LAVREYSEN Harrie,NED,,1.0,1.0,10.234,
Hong Kong,2019,2019-12-01,NC,SF,2,2,RUDYK Mateusz,POL,,4.0,2.0,10.32,
Hong Kong,2019,2019-12-01,NC,F,2,G,LAVREYSEN Harrie,NED,,1.0,1.0,10.156,
Hong Kong,2019,2019-12-01,NC,F,2,G,HOOGLAND Jeffrey,NED,,2.0,2.0,10.273000000000001,
Hong Kong,2019,2019-12-01,NC,F,2,B,FUKAYA Tomohiro,JPN,,3.0,1.0,9.948,
Hong Kong,2019,2019-12-01,NC,F,2,B,RUDYK Mateusz,POL,,4.0,2.0,10.043000000000001,
Glasgow,2019,2019-11-09,NC,QF,2,1,LAVREYSEN Harrie,NED,,1.0,1.0,10.077,
Glasgow,2019,2019-11-09,NC,QF,2,1,KENNY Jason,GBR,,7.0,2.0,10.22,
Glasgow,2019,2019-11-09,NC,QF,2,2,RUDYK Mateusz,POL,,4.0,1.0,10.16,
Glasgow,2019,2019-11-09,NC,QF,2,2,LENDEL Vasilijus,LTU,,6.0,2.0,10.313,
Glasgow,2019,2019-11-09,NC,QF,2,3,HOOGLAND Jeffrey,NED,,2.0,1.0,10.089,
Glasgow,2019,2019-11-09,NC,QF,2,3,DMITRIEV Denis,RUS,,5.0,2.0,10.103,
Glasgow,2019,2019-11-09,NC,QF,2,4,FUKAYA Tomohiro,JPN,,3.0,1.0,10.005,
Glasgow,2019,2019-11-09,NC,QF,2,4,TJON EN FA Jair,SUR,,8.0,2.0,10.567,
Glasgow,2019,2019-11-09,NC,SF,2,1,LAVREYSEN Harrie,NED,,1.0,1.0,9.97,
Glasgow,2019,2019-11-09,NC,SF,2,1,FUKAYA Tomohiro,JPN,,3.0,2.0,9.995000000000001,
Glasgow,2019,2019-11-09,NC,SF,2,2,HOOGLAND Jeffrey,NED,,2.0,1.0,10.055,
Glasgow,2019,2019-11-09,NC,SF,2,2,RUDYK Mateusz,POL,,4.0,2.0,11.224,
Glasgow,2019,2019-11-09,NC,F,2,G,LAVREYSEN Harrie,NED,,1.0,1.0,9.906,
Glasgow,2019,2019-11-09,NC,F,2,G,HOOGLAND Jeffrey,NED,,2.0,2.0,9.952,
Glasgow,2019,2019-11-09,NC,F,2,B,FUKAYA Tomohiro,JPN,,3.0,1.0,10.141,
Glasgow,2019,2019-11-09,NC,F,2,B,RUDYK Mateusz,POL,,4.0,2.0,10.33,
Minsk,2019,2019-11-03,NC,QF,2,1,LAVREYSEN Harrie,NED,,1.0,1.0,10.081,
Minsk,2019,2019-11-03,NC,QF,2,1,KENNY Jason,GBR,,8.0,2.0,10.732,
Minsk,2019,2019-11-03,NC,QF,2,2,HOOGLAND Jeffrey,NED,,2.0,1.0,9.803,
Minsk,2019,2019-11-03,NC,QF,2,2,CARLIN Jack,GBR,,7.0,2.0,10.041,
Minsk,2019,2019-11-03,NC,QF,2,3,VIGIER Sebastien,FRA,,4.0,1.0,9.982,
Minsk,2019,2019-11-03,NC,QF,2,3,DMITRIEV Denis,RUS,,6.0,2.0,9.991,
Minsk,2019,2019-11-03,NC,QF,2,4,BUCHLI Matthijs,BCC,,3.0,1.0,9.997,
Minsk,2019,2019-11-03,NC,QF,2,4,RUDYK Mateusz,POL,,5.0,2.0,10.089,
Minsk,2019,2019-11-03,NC,SF,2,1,LAVREYSEN Harrie,NED,,1.0,1.0,10.05,
Minsk,2019,2019-11-03,NC,SF,2,1,BUCHLI Matthijs,BCC,,3.0,2.0,10.129000000000001,
Minsk,2019,2019-11-03,NC,SF,2,2,HOOGLAND Jeffrey,NED,,2.0,1.0,9.957,
Minsk,2019,2019-11-03,NC,SF,2,2,VIGIER Sebastien,FRA,,4.0,2.0,16.312,
Minsk,2019,2019-11-03,NC,F,2,G,LAVREYSEN Harrie,NED,,1.0,1.0,9.97,
Minsk,2019,2019-11-03,NC,F,2,G,HOOGLAND Jeffrey,NED,,2.0,2.0,10.112,
Minsk,2019,2019-11-03,NC,F,2,B,BUCHLI Matthijs,BCC,,3.0,2.0,REL,
Minsk,2019,2019-11-03,NC,F,2,B,VIGIER Sebastien,FRA,,4.0,1.0,,
Pruszkow,2019,2019-03-02,WCH,QF,2,1,HOOGLAND Jeffrey,NED,,2.0,1.0,9.991,
Pruszkow,2019,2019-03-02,WCH,QF,2,1,PAUL Nicholas,TTO,,7.0,2.0,11.171,
Pruszkow,2019,2019-03-02,WCH,QF,2,2,LAVREYSEN Harrie,NED,,1.0,1.0,10.042,
Pruszkow,2019,2019-03-02,WCH,QF,2,2,HART Nathan,AUS,,6.0,2.0,10.196,
Pruszkow,2019,2019-03-02,WCH,QF,2,3,RUDYK Mateusz,POL,,3.0,1.0,9.933,
Pruszkow,2019,2019-03-02,WCH,QF,2,3,DMITRIEV Denis,RUS,,5.0,2.0,11.100999999999999,
Pruszkow,2019,2019-03-02,WCH,QF,2,4,GLAETZER Matthew,AUS,,4.0,1.0,10.183,
Pruszkow,2019,2019-03-02,WCH,QF,2,4,MITCHELL Ethan,NZL,,8.0,2.0,10.251,
Pruszkow,2019,2019-03-02,WCH,SF,2,1,HOOGLAND Jeffrey,NED,,2.0,1.0,10.004,
Pruszkow,2019,2019-03-02,WCH,SF,2,1,GLAETZER Matthew,AUS,,4.0,2.0,10.129999999999999,
Pruszkow,2019,2019-03-02,WCH,SF,2,2,LAVREYSEN Harrie,NED,,1.0,1.0,10.17,
Pruszkow,2019,2019-03-02,WCH,SF,2,2,RUDYK Mateusz,POL,,3.0,2.0,10.209999999999999,
Pruszkow,2019,2019-03-02,WCH,F,2,G,LAVREYSEN Harrie,NED,,1.0,1.0,9.932,
Pruszkow,2019,2019-03-02,WCH,F,2,G,HOOGLAND Jeffrey,NED,,2.0,2.0,9.964,
Pruszkow,2019,2019-03-02,WCH,F,2,B,RUDYK Mateusz,POL,,3.0,1.0,10.121,
Pruszkow,2019,2019-03-02,WCH,F,2,B,GLAETZER Matthew,AUS,,4.0,2.0,10.162,
Hong Kong,2019,2019-01-27,NC,QF,2,1,XU Chao,CHN,,3.0,1.0,10.373,
Hong Kong,2019,2019-01-27,NC,QF,2,1,PHILLIP Njisane,TTO,,5.0,2.0,REL,
Hong Kong,2019,2019-01-27,NC,QF,2,2,CLARKE Thomas,AUS,,1.0,1.0,10.201,
Hong Kong,2019,2019-01-27,NC,QF,2,2,PAUL Nicholas,TTO,,6.0,2.0,10.205,
Hong Kong,2019,2019-01-27,NC,QF,2,3,CALEYRON Quentin,FRA,,4.0,2.0,10.290000000000001,
Hong Kong,2019,2019-01-27,NC,QF,2,3,HELAL Rayan,FRA,,7.0,1.0,10.288,
Hong Kong,2019,2019-01-27,NC,QF,2,4,BRISTER James,AUS,,2.0,1.0,10.656,
Hong Kong,2019,2019-01-27,NC,QF,2,4,BOS Theo,BCC,,8.0,2.0,10.705,
Hong Kong,2019,2019-01-27,NC,SF,2,1,BRISTER James,AUS,,2.0,1.0,10.429,
Hong Kong,2019,2019-01-27,NC,SF,2,1,XU Chao,CHN,,3.0,2.0,10.481,
Hong Kong,2019,2019-01-27,NC,SF,2,2,CLARKE Thomas,AUS,,1.0,1.0,11.627,
Hong Kong,2019,2019-01-27,NC,SF,2,2,CALEYRON Quentin,FRA,,4.0,2.0,12.177000000000001,
Hong Kong,2019,2019-01-27,NC,F,2,G,CLARKE Thomas,AUS,,1.0,1.0,10.418,
Hong Kong,2019,2019-01-27,NC,F,2,G,BRISTER James,AUS,,2.0,2.0,10.495,
Hong Kong,2019,2019-01-27,NC,F,2,B,XU Chao,CHN,,3.0,1.0,10.319,
Hong Kong,2019,2019-01-27,NC,F,2,B,CALEYRON Quentin,FRA,,4.0,2.0,10.49,
Cambridge,2019,2019-01-20,NC,QF,2,1,RUDYK Mateusz,POL,,2.0,1.0,10.236,
Cambridge,2019,2019-01-20,NC,QF,2,1,XU Chao,CHN,,7.0,2.0,10.302000000000001,
Cambridge,2019,2019-01-20,NC,QF,2,2,HART Nathan,AUS,,1.0,1.0,10.148,
Cambridge,2019,2019-01-20,NC,QF,2,2,FUKAYA Tomohiro,JPN,,8.0,2.0,10.815,
Cambridge,2019,2019-01-20,NC,QF,2,3,VIGIER Sebastien,FRA,,3.0,2.0,10.408,
Cambridge,2019,2019-01-20,NC,QF,2,3,SCHMID Jacob,AUS,,5.0,1.0,10.314,
Cambridge,2019,2019-01-20,NC,QF,2,4,MITCHELL Ethan,NZL,,4.0,1.0,10.048,
Cambridge,2019,2019-01-20,NC,QF,2,4,WEBSTER Sam,NZL,,6.0,2.0,10.083,
Cambridge,2019,2019-01-20,NC,SF,2,1,RUDYK Mateusz,POL,,2.0,1.0,10.355,
Cambridge,2019,2019-01-20,NC,SF,2,1,MITCHELL Ethan,NZL,,4.0,2.0,10.369,
Cambridge,2019,2019-01-20,NC,SF,2,2,HART Nathan,AUS,,1.0,1.0,10.078,
Cambridge,2019,2019-01-20,NC,SF,2,2,VIGIER Sebastien,FRA,,3.0,2.0,10.975,
Cambridge,2019,2019-01-20,NC,F,2,G,HART Nathan,AUS,,1.0,1.0,10.115,
Cambridge,2019,2019-01-20,NC,F,2,G,RUDYK Mateusz,POL,,2.0,2.0,10.222,
Cambridge,2019,2019-01-20,NC,F,2,B,VIGIER Sebastien,FRA,,3.0,2.0,10.282,
Cambridge,2019,2019-01-20,NC,F,2,B,MITCHELL Ethan,NZL,,4.0,1.0,10.259,
London,2018,2018-12-16,NC,QF,2,1,LAVREYSEN Harrie,NED,,1.0,1.0,10.105,
London,2018,2018-12-16,NC,QF,2,1,RUDYK Mateusz,POL,,8.0,2.0,10.163,
London,2018,2018-12-16,NC,QF,2,2,HOOGLAND Jeffrey,NED,,3.0,1.0,10.092,
London,2018,2018-12-16,NC,QF,2,2,OWENS Ryan,GBR,,7.0,2.0,11.021,
London,2018,2018-12-16,NC,QF,2,3,GLAETZER Matthew,AUS,,2.0,1.0,10.233,
London,2018,2018-12-16,NC,QF,2,3,TJON EN FA Jair,SUR,,6.0,2.0,10.373000000000001,
London,2018,2018-12-16,NC,QF,2,4,CARLIN Jack,TIN,,4.0,1.0,10.2,
London,2018,2018-12-16,NC,QF,2,4,PAUL Nicholas,TTO,,5.0,2.0,10.362,
London,2018,2018-12-16,NC,SF,2,1,LAVREYSEN Harrie,NED,,1.0,1.0,10.182,
London,2018,2018-12-16,NC,SF,2,1,CARLIN Jack,TIN,,4.0,2.0,10.231,
London,2018,2018-12-16,NC,SF,2,2,GLAETZER Matthew,AUS,,2.0,2.0,10.144,
London,2018,2018-12-16,NC,SF,2,2,HOOGLAND Jeffrey,NED,,3.0,1.0,9.986,
London,2018,2018-12-16,NC,F,2,G,LAVREYSEN Harrie,NED,,1.0,1.0,10.282,
London,2018,2018-12-16,NC,F,2,G,GLAETZER Matthew,AUS,,2.0,2.0,10.693,
London,2018,2018-12-16,NC,F,2,B,HOOGLAND Jeffrey,NED,,3.0,1.0,10.595,
London,2018,2018-12-16,NC,F,2,B,CARLIN Jack,TIN,,4.0,2.0,10.716000000000001,
Berlin,2018,2018-12-02,NC,QF,2,1,RUDYK Mateusz,POL,,4.0,1.0,10.09,
Berlin,2018,2018-12-02,NC,QF,2,1,LEVY Maximilian,GER,,,2.0,10.181,
Berlin,2018,2018-12-02,NC,QF,2,2,HELAL Rayan,FRA,,3.0,1.0,10.295,
Berlin,2018,2018-12-02,NC,QF,2,2,TRUMAN Joseph,TIN,,,2.0,10.343,
Berlin,2018,2018-12-02,NC,QF,2,3,GLAETZER Matthew,AUS,,1.0,1.0,10.16,
Berlin,2018,2018-12-02,NC,QF,2,3,DMITRIEV Denis,RUS,,,2.0,10.608,
Berlin,2018,2018-12-02,NC,QF,2,4,BUCHLI Matthijs,BCC,,2.0,1.0,10.178,
Berlin,2018,2018-12-02,NC,QF,2,4,KELEMEN Pavel,CZE,,,2.0,10.222000000000001,
Berlin,2018,2018-12-02,NC,SF,2,1,BUCHLI Matthijs,BCC,,2.0,1.0,10.446,
Berlin,2018,2018-12-02,NC,SF,2,1,RUDYK Mateusz,POL,,4.0,2.0,10.664,
Berlin,2018,2018-12-02,NC,SF,2,2,GLAETZER Matthew,AUS,,1.0,2.0,10.321000000000002,
Berlin,2018,2018-12-02,NC,SF,2,2,HELAL Rayan,FRA,,3.0,1.0,10.316,
Berlin,2018,2018-12-02,NC,F,2,G,GLAETZER Matthew,AUS,,1.0,1.0,10.433,
Berlin,2018,2018-12-02,NC,F,2,G,BUCHLI Matthijs,BCC,,2.0,2.0,10.465,
Berlin,2018,2018-12-02,NC,F,2,B,HELAL Rayan,FRA,,3.0,1.0,10.381,
Berlin,2018,2018-12-02,NC,F,2,B,RUDYK Mateusz,POL,,4.0,2.0,10.614,
Milton,2018,2018-10-28,NC,QF,2,1,GLAETZER Matthew,AUS,,1.0,1.0,10.213,
Milton,2018,2018-10-28,NC,QF,2,1,FUKAYA Tomohiro,JPN,,6.0,2.0,10.254,
Milton,2018,2018-10-28,NC,QF,2,2,LAVREYSEN Harrie,NED,,2.0,1.0,10.165,
Milton,2018,2018-10-28,NC,QF,2,2,DMITRIEV Denis,RUS,,7.0,2.0,10.257,
Milton,2018,2018-10-28,NC,QF,2,3,HOOGLAND Jeffrey,NED,,3.0,1.0,10.045,
Milton,2018,2018-10-28,NC,QF,2,3,BAUGE Gregory,FRA,,5.0,2.0,10.527,
Milton,2018,2018-10-28,NC,QF,2,4,HART Nathan,AUS,,4.0,1.0,10.784,
Milton,2018,2018-10-28,NC,QF,2,4,BOS Theo,BCC,,8.0,2.0,10.88,
Milton,2018,2018-10-28,NC,SF,2,2,LAVREYSEN Harrie,NED,,2.0,1.0,10.208,
Milton,2018,2018-10-28,NC,SF,2,2,HOOGLAND Jeffrey,NED,,3.0,2.0,10.465,
Milton,2018,2018-10-28,NC,F,2,G,GLAETZER Matthew,AUS,,1.0,1.0,10.085,
Milton,2018,2018-10-28,NC,F,2,G,LAVREYSEN Harrie,NED,,2.0,2.0,10.125,
Milton,2018,2018-10-28,NC,F,2,B,HOOGLAND Jeffrey,NED,,3.0,1.0,9.956,
Milton,2018,2018-10-28,NC,F,2,B,HART Nathan,AUS,,4.0,2.0,10.700999999999999,
Cairo,2023,2023-03-17,NC,SF,3,1,LAVREYSEN Harrie,NED,,1.0,1.0,10.32,
Cairo,2023,2023-03-17,NC,SF,3,1,OTA Kaiya,JPN,,3.0,2.0,10.459,
Jakarta,2023,2023-02-26,NC,QF,3,2,YAKOVLEV Mikhail,ISR,,3.0,1.0,9.845,
Jakarta,2023,2023-02-26,NC,QF,3,2,AWANG Mohd Azizulhasni,MAS,,7.0,2.0,10.352,
Jakarta,2023,2023-02-26,NC,QF,3,4,ZHOU Yu,CHN,,4.0,1.0,10.11,
Jakarta,2023,2023-02-26,NC,QF,3,4,VIGIER Sebastien,FRA,,6.0,2.0,10.11,
Milton,2022,2022-05-15,NC,QF,3,2,HOOGLAND Jeffrey,NED,29.183561643835617,2.0,1.0,10.135,71.67031654389807
Milton,2022,2022-05-15,NC,QF,3,2,GLAETZER Matthew,AUS,29.742465753424657,5.0,2.0,11.436,72.12260843433837
Milton,2022,2022-05-15,NC,SF,3,2,HOOGLAND Jeffrey,NED,29.183561643835617,2.0,1.0,10.331,70.49148227922458
Milton,2022,2022-05-15,NC,SF,3,2,RUDYK Mateusz,POL,26.838356164383562,4.0,2.0,10.695,71.13218731475993
Glasgow,2022,2022-04-24,NC,QF,3,3,RICHARDSON Matthew,AUS,23.035616438356165,2.0,1.0,10.73,60.64179230186137
Glasgow,2022,2022-04-24,NC,QF,3,3,CARLIN Jack,GBR,25.019178082191782,5.0,2.0,10.737,50.83309799491669
Roubaix,2021,2021-10-23,WCH,QF,3,2,BOETTICHER Stefan,GER,,4.0,1.0,10.002,
Roubaix,2021,2021-10-23,WCH,QF,3,2,PAUL Nicholas,TTO,,5.0,2.0,10.039000000000001,
Roubaix,2021,2021-10-23,WCH,QF,3,3,HOOGLAND Jeffrey,NED,,2.0,1.0,9.877,
Roubaix,2021,2021-10-23,WCH,QF,3,3,IAKOVLEV Mikhail,RCF,,6.0,2.0,10.223,
Roubaix,2021,2021-10-23,WCH,SF,3,2,HOOGLAND Jeffrey,NED,,2.0,1.0,9.883,
Roubaix,2021,2021-10-23,WCH,SF,3,2,BOETTICHER Stefan,GER,,4.0,2.0,9.968,
Cali,2021,2021-09-12,NC,QF,3,3,QUINTERO CHAVARRO Kevin Santiago,COL,,2.0,1.0,10.683,
Cali,2021,2021-09-12,NC,QF,3,3,RAMIREZ MORALES Santiago,COL,,6.0,2.0,12.221,
Cali,2021,2021-09-12,NC,SF,3,2,QUINTERO CHAVARRO Kevin Santiago,COL,,2.0,1.0,10.496,
Cali,2021,2021-09-12,NC,SF,3,2,WAMMES Nick,CAN,,4.0,2.0,10.5,
Tokyo,2021,2021-08-04,OLY,QF,3,4,DMITRIEV Denis,ROC,,4.0,1.0,10.381,
Tokyo,2021,2021-08-04,OLY,QF,3,4,PAUL Nicholas,TTO,,6.0,2.0,14.764,
Tokyo,2021,2021-08-04,OLY,F,3,G,LAVREYSEN Harrie,NED,,1.0,1.0,10.681,
Tokyo,2021,2021-08-04,OLY,F,3,G,HOOGLAND Jeffrey,NED,,2.0,2.0,10.889,
St Petersburg,2021,2021-07-11,NC,QF,3,2,SZALONTAY Sandor,HUN,,4.0,1.0,10.554,
St Petersburg,2021,2021-07-11,NC,QF,3,2,NESTEROV Dmitry,MCT,,8.0,2.0,10.658,
St Petersburg,2021,2021-07-11,NC,F,3,G,QUINTERO CHAVARRO Kevin Santiago,COL,,1.0,1.0,10.122,
St Petersburg,2021,2021-07-11,NC,F,3,G,IAKOVLEV Mikhail,RUS,,2.0,2.0,10.209,
Milton,2020,2020-01-26,NC,QF,3,4,HELAL Rayan,FRA,,3.0,1.0,10.496,
Milton,2020,2020-01-26,NC,QF,3,4,AMAGAI Kazuki,JPN,,8.0,2.0,10.598,
Milton,2020,2020-01-26,NC,SF,3,1,RUDYK Mateusz,POL,,1.0,1.0,10.206,
Milton,2020,2020-01-26,NC,SF,3,1,HELAL Rayan,FRA,,3.0,2.0,10.221,
Milton,2020,2020-01-26,NC,SF,3,2,CALEYRON Quentin,FRA,,2.0,1.0,10.308,
Milton,2020,2020-01-26,NC,SF,3,2,LAW Tsz Chun,HKG,,4.0,2.0,12.875,
Minsk,2019,2019-11-03,NC,F,3,G,LAVREYSEN Harrie,NED,,1.0,1.0,9.857,
Minsk,2019,2019-11-03,NC,F,3,G,HOOGLAND Jeffrey,NED,,2.0,2.0,9.942,
Minsk,2019,2019-11-03,NC,F,3,B,BUCHLI Matthijs,BCC,,3.0,1.0,10.21,
Minsk,2019,2019-11-03,NC,F,3,B,VIGIER Sebastien,FRA,,4.0,2.0,10.25,
Pruszkow,2019,2019-03-02,WCH,SF,3,2,LAVREYSEN Harrie,NED,,1.0,1.0,9.952,
Pruszkow,2019,2019-03-02,WCH,SF,3,2,RUDYK Mateusz,POL,,3.0,2.0,10.505,
Hong Kong,2019,2019-01-27,NC,QF,3,3,CALEYRON Quentin,FRA,,4.0,1.0,10.392,
Hong Kong,2019,2019-01-27,NC,QF,3,3,HELAL Rayan,FRA,,7.0,2.0,11.943999999999999,
Cambridge,2019,2019-01-20,NC,QF,3,3,VIGIER Sebastien,FRA,,3.0,1.0,10.421,
Cambridge,2019,2019-01-20,NC,QF,3,3,SCHMID Jacob,AUS,,5.0,2.0,10.433,
Cambridge,2019,2019-01-20,NC,QF,3,4,MITCHELL Ethan,NZL,,4.0,1.0,10.555,
Cambridge,2019,2019-01-20,NC,QF,3,4,WEBSTER Sam,NZL,,6.0,2.0,10.935,
Cambridge,2019,2019-01-20,NC,F,3,B,VIGIER Sebastien,FRA,,3.0,1.0,10.342,
Cambridge,2019,2019-01-20,NC,F,3,B,MITCHELL Ethan,NZL,,4.0,2.0,10.476,
London,2018,2018-12-16,NC,SF,3,1,LAVREYSEN Harrie,NED,,1.0,1.0,10.26,
London,2018,2018-12-16,NC,SF,3,1,CARLIN Jack,TIN,,4.0,2.0,10.353,
London,2018,2018-12-16,NC,SF,3,2,GLAETZER Matthew,AUS,,2.0,1.0,10.412,
London,2018,2018-12-16,NC,SF,3,2,HOOGLAND Jeffrey,NED,,3.0,2.0,10.724,
London,2018,2018-12-16,NC,F,3,B,HOOGLAND Jeffrey,NED,,3.0,1.0,10.294,
London,2018,2018-12-16,NC,F,3,B,CARLIN Jack,TIN,,4.0,2.0,11.473,
Berlin,2018,2018-12-02,NC,SF,3,2,GLAETZER Matthew,AUS,,1.0,1.0,10.163,
Berlin,2018,2018-12-02,NC,SF,3,2,HELAL Rayan,FRA,,3.0,2.0,10.198,
Milton,2018,2018-10-28,NC,F,3,G,GLAETZER Matthew,AUS,,1.0,1.0,10.271,
Milton,2018,2018-10-28,NC,F,3,G,LAVREYSEN Harrie,NED,,2.0,2.0,10.364,
