index,Location,Year,Date,Event,Round,Stage,Heat,Athlete,Country,Age,Final_Rank,Rank,Time,Avg Speed,Initial_CSE,Final_CSE,Mu,Sigma,ExpectedRank,RatingChange
0,Milton,2018,2018-10-28,NC,1,R16,1,BARRETTE_Hugo,CAN,,16.0,1.0,10.178,,Holder,Holder,Holder,Holder,Holder,Holder
1,Milton,2018,2018-10-28,NC,1,R16,1,MITCHELL_Ethan,NZL,,17.0,2.0,10.225000000000001,,Holder,Holder,Holder,Holder,Holder,Holder
2,Milton,2018,2018-10-28,NC,1,R16,2,BAUGE_Gregory,FRA,,5.0,1.0,10.595,,Holder,Holder,Holder,Holder,Holder,Holder
3,Milton,2018,2018-10-28,NC,1,R16,2,MORENO_SANCHEZ_Jose,ESP,,28.0,2.0,10.676,,Holder,Holder,Holder,Holder,Holder,Holder
4,Milton,2018,2018-10-28,NC,1,R16,3,RUDYK_Mateusz,POL,,9.0,1.0,10.204,,Holder,Holder,Holder,Holder,Holder,Holder
5,Milton,2018,2018-10-28,NC,1,R16,3,PERALTA_GASCON_Juan,ESP,,27.0,2.0,10.293000000000001,,Holder,Holder,Holder,Holder,Holder,Holder
6,Milton,2018,2018-10-28,NC,1,R16,4,D'ALMEIDA_Michael,FRA,,10.0,1.0,10.128,,Holder,Holder,Holder,Holder,Holder,Holder
7,Milton,2018,2018-10-28,NC,1,R16,4,DORNBACH_Maximilian,GER,,26.0,2.0,10.835,,Holder,Holder,Holder,Holder,Holder,Holder
8,Milton,2018,2018-10-28,NC,1,R16,5,FUKAYA_Tomohiro,JPN,,6.0,1.0,10.389,,Holder,Holder,Holder,Holder,Holder,Holder
9,Milton,2018,2018-10-28,NC,1,R16,5,SARNECKI_Rafal,POL,,25.0,2.0,REL,,Holder,Holder,Holder,Holder,Holder,Holder
10,Milton,2018,2018-10-28,NC,1,R16,6,DMITRIEV_Denis,RUS,,7.0,1.0,10.236,,Holder,Holder,Holder,Holder,Holder,Holder
11,Milton,2018,2018-10-28,NC,1,R16,6,VYNOKUROV_Andrii,UKR,,24.0,2.0,10.372,,Holder,Holder,Holder,Holder,Holder,Holder
12,Milton,2018,2018-10-28,NC,1,R16,7,TJON_EN_FA_Jair,SUR,,15.0,1.0,10.204,,Holder,Holder,Holder,Holder,Holder,Holder
13,Milton,2018,2018-10-28,NC,1,R16,7,KELEMEN_Pavel,CZE,,18.0,2.0,10.224,,Holder,Holder,Holder,Holder,Holder,Holder
14,Milton,2018,2018-10-28,NC,1,R16,8,BOS_Theo,BCC,,8.0,1.0,10.179,,Holder,Holder,Holder,Holder,Holder,Holder
15,Milton,2018,2018-10-28,NC,1,R16,8,AWANG_Mohd_Azizulhasni,MAS,,23.0,2.0,10.179,,Holder,Holder,Holder,Holder,Holder,Holder
16,Milton,2018,2018-10-28,NC,1,R16,9,WAKIMOTO_Yuta,JPC,,14.0,1.0,10.371,,Holder,Holder,Holder,Holder,Holder,Holder
17,Milton,2018,2018-10-28,NC,1,R16,9,OWENS_Ryan,GBR,,19.0,2.0,10.388,,Holder,Holder,Holder,Holder,Holder,Holder
18,Milton,2018,2018-10-28,NC,1,R16,10,WEBSTER_Sam,NZL,,11.0,1.0,10.237,,Holder,Holder,Holder,Holder,Holder,Holder
19,Milton,2018,2018-10-28,NC,1,R16,10,YAKUSHEVSKIY_Pavel,RUS,,22.0,2.0,10.46,,Holder,Holder,Holder,Holder,Holder,Holder
20,Milton,2018,2018-10-28,NC,1,R16,11,HINDES_Philip,GBR,,12.0,1.0,10.255,,Holder,Holder,Holder,Holder,Holder,Holder
21,Milton,2018,2018-10-28,NC,1,R16,11,ENGLER_Eric,GER,,21.0,2.0,10.381,,Holder,Holder,Holder,Holder,Holder,Holder
22,Milton,2018,2018-10-28,NC,1,R16,12,LENDEL_Vasilijus,LTU,,13.0,1.0,10.249,,Holder,Holder,Holder,Holder,Holder,Holder
23,Milton,2018,2018-10-28,NC,1,R16,12,KAWABATA_Tomoyuki,JPN,,20.0,2.0,10.274000000000001,,Holder,Holder,Holder,Holder,Holder,Holder
24,Milton,2018,2018-10-28,NC,1,R8,1,GLAETZER_Matthew,AUS,,1.0,1.0,10.182,,Holder,Holder,Holder,Holder,Holder,Holder
25,Milton,2018,2018-10-28,NC,1,R8,1,LENDEL_Vasilijus,LTU,,13.0,2.0,10.279,,Holder,Holder,Holder,Holder,Holder,Holder
26,Milton,2018,2018-10-28,NC,1,R8,2,LAVREYSEN_Harrie,NED,,2.0,1.0,10.262,,Holder,Holder,Holder,Holder,Holder,Holder
27,Milton,2018,2018-10-28,NC,1,R8,2,HINDES_Philip,GBR,,12.0,2.0,10.332,,Holder,Holder,Holder,Holder,Holder,Holder
28,Milton,2018,2018-10-28,NC,1,R8,3,HOOGLAND_Jeffrey,NED,,3.0,1.0,10.159,,Holder,Holder,Holder,Holder,Holder,Holder
29,Milton,2018,2018-10-28,NC,1,R8,3,WEBSTER_Sam,NZL,,11.0,2.0,REL,,Holder,Holder,Holder,Holder,Holder,Holder
30,Milton,2018,2018-10-28,NC,1,R8,4,HART_Nathan,AUS,,4.0,1.0,10.196,,Holder,Holder,Holder,Holder,Holder,Holder
31,Milton,2018,2018-10-28,NC,1,R8,4,WAKIMOTO_Yuta,JPC,,14.0,2.0,10.241,,Holder,Holder,Holder,Holder,Holder,Holder
32,Milton,2018,2018-10-28,NC,1,R8,5,BOS_Theo,BCC,,8.0,1.0,10.728,,Holder,Holder,Holder,Holder,Holder,Holder
33,Milton,2018,2018-10-28,NC,1,R8,5,BARRETTE_Hugo,CAN,,16.0,2.0,10.792,,Holder,Holder,Holder,Holder,Holder,Holder
34,Milton,2018,2018-10-28,NC,1,R8,6,BAUGE_Gregory,FRA,,5.0,1.0,10.155,,Holder,Holder,Holder,Holder,Holder,Holder
35,Milton,2018,2018-10-28,NC,1,R8,6,TJON_EN_FA_Jair,SUR,,15.0,2.0,10.173,,Holder,Holder,Holder,Holder,Holder,Holder
36,Milton,2018,2018-10-28,NC,1,R8,7,DMITRIEV_Denis,RUS,,7.0,1.0,10.213,,Holder,Holder,Holder,Holder,Holder,Holder
37,Milton,2018,2018-10-28,NC,1,R8,7,RUDYK_Mateusz,POL,,9.0,2.0,10.226999999999999,,Holder,Holder,Holder,Holder,Holder,Holder
38,Milton,2018,2018-10-28,NC,1,R8,8,FUKAYA_Tomohiro,JPN,,6.0,1.0,10.382,,Holder,Holder,Holder,Holder,Holder,Holder
39,Milton,2018,2018-10-28,NC,1,R8,8,D'ALMEIDA_Michael,FRA,,10.0,2.0,10.401,,Holder,Holder,Holder,Holder,Holder,Holder
40,Milton,2018,2018-10-28,NC,1,QF,1,GLAETZER_Matthew,AUS,,1.0,1.0,10.49,,Holder,Holder,Holder,Holder,Holder,Holder
41,Milton,2018,2018-10-28,NC,1,QF,1,FUKAYA_Tomohiro,JPN,,6.0,2.0,10.568,,Holder,Holder,Holder,Holder,Holder,Holder
42,Milton,2018,2018-10-28,NC,1,QF,2,LAVREYSEN_Harrie,NED,,2.0,1.0,10.221,,Holder,Holder,Holder,Holder,Holder,Holder
43,Milton,2018,2018-10-28,NC,1,QF,2,DMITRIEV_Denis,RUS,,7.0,2.0,10.268,,Holder,Holder,Holder,Holder,Holder,Holder
44,Milton,2018,2018-10-28,NC,1,QF,3,HOOGLAND_Jeffrey,NED,,3.0,1.0,10.209,,Holder,Holder,Holder,Holder,Holder,Holder
45,Milton,2018,2018-10-28,NC,1,QF,3,BAUGE_Gregory,FRA,,5.0,2.0,10.442,,Holder,Holder,Holder,Holder,Holder,Holder
46,Milton,2018,2018-10-28,NC,1,QF,4,HART_Nathan,AUS,,4.0,1.0,10.384,,Holder,Holder,Holder,Holder,Holder,Holder
47,Milton,2018,2018-10-28,NC,1,QF,4,BOS_Theo,BCC,,8.0,2.0,11.157,,Holder,Holder,Holder,Holder,Holder,Holder
40,Milton,2018,2018-10-28,NC,2,QF,1,GLAETZER_Matthew,AUS,,1.0,1.0,10.213,,Holder,Holder,Holder,Holder,Holder,Holder
41,Milton,2018,2018-10-28,NC,2,QF,1,FUKAYA_Tomohiro,JPN,,6.0,2.0,10.254,,Holder,Holder,Holder,Holder,Holder,Holder
42,Milton,2018,2018-10-28,NC,2,QF,2,LAVREYSEN_Harrie,NED,,2.0,1.0,10.165,,Holder,Holder,Holder,Holder,Holder,Holder
43,Milton,2018,2018-10-28,NC,2,QF,2,DMITRIEV_Denis,RUS,,7.0,2.0,10.257,,Holder,Holder,Holder,Holder,Holder,Holder
44,Milton,2018,2018-10-28,NC,2,QF,3,HOOGLAND_Jeffrey,NED,,3.0,1.0,10.045,,Holder,Holder,Holder,Holder,Holder,Holder
45,Milton,2018,2018-10-28,NC,2,QF,3,BAUGE_Gregory,FRA,,5.0,2.0,10.527,,Holder,Holder,Holder,Holder,Holder,Holder
46,Milton,2018,2018-10-28,NC,2,QF,4,HART_Nathan,AUS,,4.0,1.0,10.784,,Holder,Holder,Holder,Holder,Holder,Holder
47,Milton,2018,2018-10-28,NC,2,QF,4,BOS_Theo,BCC,,8.0,2.0,10.88,,Holder,Holder,Holder,Holder,Holder,Holder
48,Milton,2018,2018-10-28,NC,1,SF,1,GLAETZER_Matthew,AUS,,1.0,1.0,10.218,,Holder,Holder,Holder,Holder,Holder,Holder
49,Milton,2018,2018-10-28,NC,1,SF,1,HART_Nathan,AUS,,4.0,2.0,10.246,,Holder,Holder,Holder,Holder,Holder,Holder
50,Milton,2018,2018-10-28,NC,1,SF,2,LAVREYSEN_Harrie,NED,,2.0,1.0,10.194,,Holder,Holder,Holder,Holder,Holder,Holder
51,Milton,2018,2018-10-28,NC,1,SF,2,HOOGLAND_Jeffrey,NED,,3.0,2.0,10.458,,Holder,Holder,Holder,Holder,Holder,Holder
50,Milton,2018,2018-10-28,NC,2,SF,2,LAVREYSEN_Harrie,NED,,2.0,1.0,10.208,,Holder,Holder,Holder,Holder,Holder,Holder
51,Milton,2018,2018-10-28,NC,2,SF,2,HOOGLAND_Jeffrey,NED,,3.0,2.0,10.465,,Holder,Holder,Holder,Holder,Holder,Holder
52,Milton,2018,2018-10-28,NC,1,F,G,GLAETZER_Matthew,AUS,,1.0,2.0,10.013000000000002,,Holder,Holder,Holder,Holder,Holder,Holder
53,Milton,2018,2018-10-28,NC,1,F,G,LAVREYSEN_Harrie,NED,,2.0,1.0,9.912,,Holder,Holder,Holder,Holder,Holder,Holder
54,Milton,2018,2018-10-28,NC,1,F,B,HOOGLAND_Jeffrey,NED,,3.0,1.0,10,,Holder,Holder,Holder,Holder,Holder,Holder
55,Milton,2018,2018-10-28,NC,1,F,B,HART_Nathan,AUS,,4.0,2.0,10.044,,Holder,Holder,Holder,Holder,Holder,Holder
52,Milton,2018,2018-10-28,NC,2,F,G,GLAETZER_Matthew,AUS,,1.0,1.0,10.085,,Holder,Holder,Holder,Holder,Holder,Holder
53,Milton,2018,2018-10-28,NC,2,F,G,LAVREYSEN_Harrie,NED,,2.0,2.0,10.125,,Holder,Holder,Holder,Holder,Holder,Holder
54,Milton,2018,2018-10-28,NC,2,F,B,HOOGLAND_Jeffrey,NED,,3.0,1.0,9.956,,Holder,Holder,Holder,Holder,Holder,Holder
55,Milton,2018,2018-10-28,NC,2,F,B,HART_Nathan,AUS,,4.0,2.0,10.700999999999999,,Holder,Holder,Holder,Holder,Holder,Holder
52,Milton,2018,2018-10-28,NC,3,F,G,GLAETZER_Matthew,AUS,,1.0,1.0,10.271,,Holder,Holder,Holder,Holder,Holder,Holder
53,Milton,2018,2018-10-28,NC,3,F,G,LAVREYSEN_Harrie,NED,,2.0,2.0,10.364,,Holder,Holder,Holder,Holder,Holder,Holder
56,Berlin,2018,2018-12-02,NC,1,R16,1,BUCHLI_Matthijs,BCC,,2.0,1.0,10.468,,Holder,Holder,Holder,Holder,Holder,Holder
57,Berlin,2018,2018-12-02,NC,1,R16,1,YAKUSHEVSKIY_Pavel,RUS,,,2.0,10.541,,Holder,Holder,Holder,Holder,Holder,Holder
58,Berlin,2018,2018-12-02,NC,1,R16,2,PAUL_Nicholas,TTO,,,1.0,10.256,,Holder,Holder,Holder,Holder,Holder,Holder
59,Berlin,2018,2018-12-02,NC,1,R16,2,SARNECKI_Rafal,POL,,,2.0,10.584,,Holder,Holder,Holder,Holder,Holder,Holder
60,Berlin,2018,2018-12-02,NC,1,R16,3,HELAL_Rayan,FRA,,3.0,1.0,10.282,,Holder,Holder,Holder,Holder,Holder,Holder
61,Berlin,2018,2018-12-02,NC,1,R16,3,OH_Jeseok,KOR,,,2.0,10.511,,Holder,Holder,Holder,Holder,Holder,Holder
62,Berlin,2018,2018-12-02,NC,1,R16,4,XU_Chao,CHN,,,1.0,10.299,,Holder,Holder,Holder,Holder,Holder,Holder
63,Berlin,2018,2018-12-02,NC,1,R16,4,TJON_EN_FA_Jair,SUR,,,2.0,10.322999999999999,,Holder,Holder,Holder,Holder,Holder,Holder
64,Berlin,2018,2018-12-02,NC,1,R16,5,LEVY_Maximilian,GER,,,1.0,10.38,,Holder,Holder,Holder,Holder,Holder,Holder
65,Berlin,2018,2018-12-02,NC,1,R16,5,FUKAYA_Tomohiro,JPN,,,2.0,10.39,,Holder,Holder,Holder,Holder,Holder,Holder
66,Berlin,2018,2018-12-02,NC,1,R16,6,KENNY_Jason,GBR,,,1.0,10.341,,Holder,Holder,Holder,Holder,Holder,Holder
67,Berlin,2018,2018-12-02,NC,1,R16,6,BOTTICHER_Stefan,GER,,,2.0,10.58,,Holder,Holder,Holder,Holder,Holder,Holder
68,Berlin,2018,2018-12-02,NC,1,R16,7,DMITRIEV_Denis,RUS,,,1.0,10.539,,Holder,Holder,Holder,Holder,Holder,Holder
69,Berlin,2018,2018-12-02,NC,1,R16,7,QUINTERO_CHAVARRO_Kevin_Santiago,COL,,,2.0,10.568999999999999,,Holder,Holder,Holder,Holder,Holder,Holder
70,Berlin,2018,2018-12-02,NC,1,R16,8,HINDES_Philip,GBR,,,1.0,10.332,,Holder,Holder,Holder,Holder,Holder,Holder
71,Berlin,2018,2018-12-02,NC,1,R16,8,VYNOKUROV_Andrii,UKR,,,2.0,10.440000000000001,,Holder,Holder,Holder,Holder,Holder,Holder
72,Berlin,2018,2018-12-02,NC,1,R16,9,KELEMEN_Pavel,CZE,,,1.0,10.382,,Holder,Holder,Holder,Holder,Holder,Holder
73,Berlin,2018,2018-12-02,NC,1,R16,9,WAGNER_Robin,CZE,,,2.0,10.433,,Holder,Holder,Holder,Holder,Holder,Holder
74,Berlin,2018,2018-12-02,NC,1,R16,10,LENDEL_Vasilijus,LTU,,,1.0,10.148,,Holder,Holder,Holder,Holder,Holder,Holder
75,Berlin,2018,2018-12-02,NC,1,R16,10,LIGTLEE_Sam,NED,,,2.0,10.19,,Holder,Holder,Holder,Holder,Holder,Holder
76,Berlin,2018,2018-12-02,NC,1,R16,11,TRUMAN_Joseph,TIN,,,1.0,10.258,,Holder,Holder,Holder,Holder,Holder,Holder
77,Berlin,2018,2018-12-02,NC,1,R16,11,PHILLIP_Njisane,TTO,,,2.0,12.485,,Holder,Holder,Holder,Holder,Holder,Holder
78,Berlin,2018,2018-12-02,NC,1,R16,12,PERALTA_GASCON_Juan,ESP,,,1.0,10.429,,Holder,Holder,Holder,Holder,Holder,Holder
79,Berlin,2018,2018-12-02,NC,1,R16,12,BARRETTE_Hugo,CAN,,,2.0,REL,,Holder,Holder,Holder,Holder,Holder,Holder
80,Berlin,2018,2018-12-02,NC,1,R8,1,RUDYK_Mateusz,POL,,4.0,1.0,10.305,,Holder,Holder,Holder,Holder,Holder,Holder
81,Berlin,2018,2018-12-02,NC,1,R8,1,PERALTA_GASCON_Juan,ESP,,,2.0,10.484,,Holder,Holder,Holder,Holder,Holder,Holder
82,Berlin,2018,2018-12-02,NC,1,R8,2,TRUMAN_Joseph,TIN,,,1.0,10.114,,Holder,Holder,Holder,Holder,Holder,Holder
83,Berlin,2018,2018-12-02,NC,1,R8,2,HOOGLAND_Jeffrey,NED,,,2.0,10.151000000000002,,Holder,Holder,Holder,Holder,Holder,Holder
84,Berlin,2018,2018-12-02,NC,1,R8,3,GLAETZER_Matthew,AUS,,1.0,1.0,10.293,,Holder,Holder,Holder,Holder,Holder,Holder
85,Berlin,2018,2018-12-02,NC,1,R8,3,LENDEL_Vasilijus,LTU,,,2.0,10.372,,Holder,Holder,Holder,Holder,Holder,Holder
86,Berlin,2018,2018-12-02,NC,1,R8,4,KELEMEN_Pavel,CZE,,,1.0,10.248,,Holder,Holder,Holder,Holder,Holder,Holder
87,Berlin,2018,2018-12-02,NC,1,R8,4,CALEYRON_Quentin,FRA,,,2.0,10.337,,Holder,Holder,Holder,Holder,Holder,Holder
88,Berlin,2018,2018-12-02,NC,1,R8,5,BUCHLI_Matthijs,BCC,,2.0,1.0,10.122,,Holder,Holder,Holder,Holder,Holder,Holder
89,Berlin,2018,2018-12-02,NC,1,R8,5,HINDES_Philip,GBR,,,2.0,10.946,,Holder,Holder,Holder,Holder,Holder,Holder
90,Berlin,2018,2018-12-02,NC,1,R8,6,DMITRIEV_Denis,RUS,,,1.0,10.41,,Holder,Holder,Holder,Holder,Holder,Holder
91,Berlin,2018,2018-12-02,NC,1,R8,6,PAUL_Nicholas,TTO,,,2.0,10.473,,Holder,Holder,Holder,Holder,Holder,Holder
92,Berlin,2018,2018-12-02,NC,1,R8,7,HELAL_Rayan,FRA,,3.0,1.0,10.279,,Holder,Holder,Holder,Holder,Holder,Holder
93,Berlin,2018,2018-12-02,NC,1,R8,7,KENNY_Jason,GBR,,,2.0,10.427999999999999,,Holder,Holder,Holder,Holder,Holder,Holder
94,Berlin,2018,2018-12-02,NC,1,R8,8,LEVY_Maximilian,GER,,,1.0,10.208,,Holder,Holder,Holder,Holder,Holder,Holder
95,Berlin,2018,2018-12-02,NC,1,R8,8,XU_Chao,CHN,,,2.0,10.287,,Holder,Holder,Holder,Holder,Holder,Holder
96,Berlin,2018,2018-12-02,NC,1,QF,1,RUDYK_Mateusz,POL,,4.0,1.0,10.049,,Holder,Holder,Holder,Holder,Holder,Holder
97,Berlin,2018,2018-12-02,NC,1,QF,1,LEVY_Maximilian,GER,,,2.0,15.033,,Holder,Holder,Holder,Holder,Holder,Holder
98,Berlin,2018,2018-12-02,NC,1,QF,2,HELAL_Rayan,FRA,,3.0,1.0,10.25,,Holder,Holder,Holder,Holder,Holder,Holder
99,Berlin,2018,2018-12-02,NC,1,QF,2,TRUMAN_Joseph,TIN,,,2.0,10.289,,Holder,Holder,Holder,Holder,Holder,Holder
100,Berlin,2018,2018-12-02,NC,1,QF,3,GLAETZER_Matthew,AUS,,1.0,1.0,10.22,,Holder,Holder,Holder,Holder,Holder,Holder
101,Berlin,2018,2018-12-02,NC,1,QF,3,DMITRIEV_Denis,RUS,,,2.0,10.269,,Holder,Holder,Holder,Holder,Holder,Holder
102,Berlin,2018,2018-12-02,NC,1,QF,4,BUCHLI_Matthijs,BCC,,2.0,1.0,10.271,,Holder,Holder,Holder,Holder,Holder,Holder
103,Berlin,2018,2018-12-02,NC,1,QF,4,KELEMEN_Pavel,CZE,,,2.0,10.307,,Holder,Holder,Holder,Holder,Holder,Holder
96,Berlin,2018,2018-12-02,NC,2,QF,1,RUDYK_Mateusz,POL,,4.0,1.0,10.09,,Holder,Holder,Holder,Holder,Holder,Holder
97,Berlin,2018,2018-12-02,NC,2,QF,1,LEVY_Maximilian,GER,,,2.0,10.181,,Holder,Holder,Holder,Holder,Holder,Holder
98,Berlin,2018,2018-12-02,NC,2,QF,2,HELAL_Rayan,FRA,,3.0,1.0,10.295,,Holder,Holder,Holder,Holder,Holder,Holder
99,Berlin,2018,2018-12-02,NC,2,QF,2,TRUMAN_Joseph,TIN,,,2.0,10.343,,Holder,Holder,Holder,Holder,Holder,Holder
100,Berlin,2018,2018-12-02,NC,2,QF,3,GLAETZER_Matthew,AUS,,1.0,1.0,10.16,,Holder,Holder,Holder,Holder,Holder,Holder
101,Berlin,2018,2018-12-02,NC,2,QF,3,DMITRIEV_Denis,RUS,,,2.0,10.608,,Holder,Holder,Holder,Holder,Holder,Holder
102,Berlin,2018,2018-12-02,NC,2,QF,4,BUCHLI_Matthijs,BCC,,2.0,1.0,10.178,,Holder,Holder,Holder,Holder,Holder,Holder
103,Berlin,2018,2018-12-02,NC,2,QF,4,KELEMEN_Pavel,CZE,,,2.0,10.222000000000001,,Holder,Holder,Holder,Holder,Holder,Holder
104,Berlin,2018,2018-12-02,NC,1,SF,1,BUCHLI_Matthijs,BCC,,2.0,1.0,10.296,,Holder,Holder,Holder,Holder,Holder,Holder
105,Berlin,2018,2018-12-02,NC,1,SF,1,RUDYK_Mateusz,POL,,4.0,2.0,10.439,,Holder,Holder,Holder,Holder,Holder,Holder
106,Berlin,2018,2018-12-02,NC,1,SF,2,GLAETZER_Matthew,AUS,,1.0,1.0,10.22,,Holder,Holder,Holder,Holder,Holder,Holder
107,Berlin,2018,2018-12-02,NC,1,SF,2,HELAL_Rayan,FRA,,3.0,2.0,10.306000000000001,,Holder,Holder,Holder,Holder,Holder,Holder
104,Berlin,2018,2018-12-02,NC,2,SF,1,BUCHLI_Matthijs,BCC,,2.0,1.0,10.446,,Holder,Holder,Holder,Holder,Holder,Holder
105,Berlin,2018,2018-12-02,NC,2,SF,1,RUDYK_Mateusz,POL,,4.0,2.0,10.664,,Holder,Holder,Holder,Holder,Holder,Holder
106,Berlin,2018,2018-12-02,NC,2,SF,2,GLAETZER_Matthew,AUS,,1.0,2.0,10.321000000000002,,Holder,Holder,Holder,Holder,Holder,Holder
107,Berlin,2018,2018-12-02,NC,2,SF,2,HELAL_Rayan,FRA,,3.0,1.0,10.316,,Holder,Holder,Holder,Holder,Holder,Holder
106,Berlin,2018,2018-12-02,NC,3,SF,2,GLAETZER_Matthew,AUS,,1.0,1.0,10.163,,Holder,Holder,Holder,Holder,Holder,Holder
107,Berlin,2018,2018-12-02,NC,3,SF,2,HELAL_Rayan,FRA,,3.0,2.0,10.198,,Holder,Holder,Holder,Holder,Holder,Holder
108,Berlin,2018,2018-12-02,NC,1,F,G,GLAETZER_Matthew,AUS,,1.0,1.0,10.223,,Holder,Holder,Holder,Holder,Holder,Holder
109,Berlin,2018,2018-12-02,NC,1,F,G,BUCHLI_Matthijs,BCC,,2.0,2.0,10.255,,Holder,Holder,Holder,Holder,Holder,Holder
110,Berlin,2018,2018-12-02,NC,1,F,B,HELAL_Rayan,FRA,,3.0,1.0,10.419,,Holder,Holder,Holder,Holder,Holder,Holder
111,Berlin,2018,2018-12-02,NC,1,F,B,RUDYK_Mateusz,POL,,4.0,2.0,10.459,,Holder,Holder,Holder,Holder,Holder,Holder
108,Berlin,2018,2018-12-02,NC,2,F,G,GLAETZER_Matthew,AUS,,1.0,1.0,10.433,,Holder,Holder,Holder,Holder,Holder,Holder
109,Berlin,2018,2018-12-02,NC,2,F,G,BUCHLI_Matthijs,BCC,,2.0,2.0,10.465,,Holder,Holder,Holder,Holder,Holder,Holder
110,Berlin,2018,2018-12-02,NC,2,F,B,HELAL_Rayan,FRA,,3.0,1.0,10.381,,Holder,Holder,Holder,Holder,Holder,Holder
111,Berlin,2018,2018-12-02,NC,2,F,B,RUDYK_Mateusz,POL,,4.0,2.0,10.614,,Holder,Holder,Holder,Holder,Holder,Holder
112,London,2018,2018-12-16,NC,1,R16,1,CARLIN_Jack,TIN,,4.0,1.0,10.236,,Holder,Holder,Holder,Holder,Holder,Holder
113,London,2018,2018-12-16,NC,1,R16,1,MORENO_SANCHEZ_Jose,ESP,,28.0,2.0,10.559000000000001,,Holder,Holder,Holder,Holder,Holder,Holder
114,London,2018,2018-12-16,NC,1,R16,2,TJON_EN_FA_Jair,SUR,,6.0,1.0,10.444,,Holder,Holder,Holder,Holder,Holder,Holder
115,London,2018,2018-12-16,NC,1,R16,2,ARCHAMBAULT_Joel,PTM,,27.0,2.0,11.048,,Holder,Holder,Holder,Holder,Holder,Holder
116,London,2018,2018-12-16,NC,1,R16,3,OWENS_Ryan,GBR,,7.0,1.0,10.259,,Holder,Holder,Holder,Holder,Holder,Holder
117,London,2018,2018-12-16,NC,1,R16,3,TKACHEV_Aleksei,RUS,,26.0,2.0,10.738,,Holder,Holder,Holder,Holder,Holder,Holder
118,London,2018,2018-12-16,NC,1,R16,4,RUDYK_Mateusz,POL,,8.0,1.0,10.599,,Holder,Holder,Holder,Holder,Holder,Holder
119,London,2018,2018-12-16,NC,1,R16,4,VYNOKUROV_Andrii,UKR,,25.0,2.0,10.673,,Holder,Holder,Holder,Holder,Holder,Holder
120,London,2018,2018-12-16,NC,1,R16,5,KENNY_Jason,GBR,,9.0,1.0,10.609,,Holder,Holder,Holder,Holder,Holder,Holder
121,London,2018,2018-12-16,NC,1,R16,5,SAHROM_Muhammad_Shah_Firdaus,MAS,,24.0,2.0,12.157,,Holder,Holder,Holder,Holder,Holder,Holder
122,London,2018,2018-12-16,NC,1,R16,6,OH_Jeseok,KOR,,16.0,1.0,10.426,,Holder,Holder,Holder,Holder,Holder,Holder
123,London,2018,2018-12-16,NC,1,R16,6,BOS_Theo,BCC,,17.0,2.0,10.429,,Holder,Holder,Holder,Holder,Holder,Holder
124,London,2018,2018-12-16,NC,1,R16,7,LENDEL_Vasilijus,LTU,,10.0,1.0,10.239,,Holder,Holder,Holder,Holder,Holder,Holder
125,London,2018,2018-12-16,NC,1,R16,7,SZALONTAY_Sandor,HUN,,23.0,2.0,10.520000000000001,,Holder,Holder,Holder,Holder,Holder,Holder
126,London,2018,2018-12-16,NC,1,R16,8,AWANG_Mohd_Azizulhasni,MAS,,15.0,1.0,10.216,,Holder,Holder,Holder,Holder,Holder,Holder
127,London,2018,2018-12-16,NC,1,R16,8,PHILLIP_Njisane,TTO,,18.0,2.0,10.28,,Holder,Holder,Holder,Holder,Holder,Holder
128,London,2018,2018-12-16,NC,1,R16,9,QUINTERO_CHAVARRO_Kevin_Santiago,COL,,14.0,1.0,10.365,,Holder,Holder,Holder,Holder,Holder,Holder
129,London,2018,2018-12-16,NC,1,R16,9,LAFARGUE_Quentin,FRA,,19.0,2.0,10.369,,Holder,Holder,Holder,Holder,Holder,Holder
130,London,2018,2018-12-16,NC,1,R16,10,LANDERNEAU_Melvin,FRA,,13.0,1.0,10.378,,Holder,Holder,Holder,Holder,Holder,Holder
131,London,2018,2018-12-16,NC,1,R16,10,BARRETTE_Hugo,CAN,,20.0,2.0,10.382,,Holder,Holder,Holder,Holder,Holder,Holder
132,London,2018,2018-12-16,NC,1,R16,11,BOTTICHER_Stefan,GER,,11.0,1.0,10.357,,Holder,Holder,Holder,Holder,Holder,Holder
133,London,2018,2018-12-16,NC,1,R16,11,KELEMEN_Pavel,CZE,,22.0,2.0,10.421,,Holder,Holder,Holder,Holder,Holder,Holder
134,London,2018,2018-12-16,NC,1,R16,12,DORNBACH_Maximilian,GER,,12.0,1.0,10.528,,Holder,Holder,Holder,Holder,Holder,Holder
135,London,2018,2018-12-16,NC,1,R16,12,PERALTA_GASCON_Juan,ESP,,21.0,2.0,10.577,,Holder,Holder,Holder,Holder,Holder,Holder
136,London,2018,2018-12-16,NC,1,R8,1,LAVREYSEN_Harrie,NED,,1.0,1.0,10.075,,Holder,Holder,Holder,Holder,Holder,Holder
137,London,2018,2018-12-16,NC,1,R8,1,DORNBACH_Maximilian,GER,,12.0,2.0,10.155,,Holder,Holder,Holder,Holder,Holder,Holder
138,London,2018,2018-12-16,NC,1,R8,2,HOOGLAND_Jeffrey,NED,,3.0,1.0,10.107,,Holder,Holder,Holder,Holder,Holder,Holder
139,London,2018,2018-12-16,NC,1,R8,2,BOTTICHER_Stefan,GER,,11.0,2.0,10.149,,Holder,Holder,Holder,Holder,Holder,Holder
140,London,2018,2018-12-16,NC,1,R8,3,GLAETZER_Matthew,AUS,,2.0,1.0,10.179,,Holder,Holder,Holder,Holder,Holder,Holder
141,London,2018,2018-12-16,NC,1,R8,3,LANDERNEAU_Melvin,FRA,,13.0,2.0,10.333,,Holder,Holder,Holder,Holder,Holder,Holder
142,London,2018,2018-12-16,NC,1,R8,4,PAUL_Nicholas,TTO,,5.0,1.0,10.174,,Holder,Holder,Holder,Holder,Holder,Holder
143,London,2018,2018-12-16,NC,1,R8,4,QUINTERO_CHAVARRO_Kevin_Santiago,COL,,14.0,2.0,10.253,,Holder,Holder,Holder,Holder,Holder,Holder
144,London,2018,2018-12-16,NC,1,R8,5,CARLIN_Jack,TIN,,4.0,1.0,10.262,,Holder,Holder,Holder,Holder,Holder,Holder
145,London,2018,2018-12-16,NC,1,R8,5,AWANG_Mohd_Azizulhasni,MAS,,15.0,2.0,10.275,,Holder,Holder,Holder,Holder,Holder,Holder
146,London,2018,2018-12-16,NC,1,R8,6,TJON_EN_FA_Jair,SUR,,6.0,1.0,10.27,,Holder,Holder,Holder,Holder,Holder,Holder
147,London,2018,2018-12-16,NC,1,R8,6,LENDEL_Vasilijus,LTU,,10.0,2.0,10.272,,Holder,Holder,Holder,Holder,Holder,Holder
148,London,2018,2018-12-16,NC,1,R8,7,OWENS_Ryan,GBR,,7.0,1.0,10.344,,Holder,Holder,Holder,Holder,Holder,Holder
149,London,2018,2018-12-16,NC,1,R8,7,OH_Jeseok,KOR,,16.0,2.0,10.376999999999999,,Holder,Holder,Holder,Holder,Holder,Holder
150,London,2018,2018-12-16,NC,1,R8,8,RUDYK_Mateusz,POL,,8.0,1.0,10.271,,Holder,Holder,Holder,Holder,Holder,Holder
151,London,2018,2018-12-16,NC,1,R8,8,KENNY_Jason,GBR,,9.0,2.0,10.346,,Holder,Holder,Holder,Holder,Holder,Holder
152,London,2018,2018-12-16,NC,1,QF,1,LAVREYSEN_Harrie,NED,,1.0,1.0,10.33,,Holder,Holder,Holder,Holder,Holder,Holder
153,London,2018,2018-12-16,NC,1,QF,1,RUDYK_Mateusz,POL,,8.0,2.0,10.411,,Holder,Holder,Holder,Holder,Holder,Holder
154,London,2018,2018-12-16,NC,1,QF,2,HOOGLAND_Jeffrey,NED,,3.0,1.0,9.889,,Holder,Holder,Holder,Holder,Holder,Holder
155,London,2018,2018-12-16,NC,1,QF,2,OWENS_Ryan,GBR,,7.0,2.0,9.918,,Holder,Holder,Holder,Holder,Holder,Holder
156,London,2018,2018-12-16,NC,1,QF,3,GLAETZER_Matthew,AUS,,2.0,1.0,10.266,,Holder,Holder,Holder,Holder,Holder,Holder
157,London,2018,2018-12-16,NC,1,QF,3,TJON_EN_FA_Jair,SUR,,6.0,2.0,10.42,,Holder,Holder,Holder,Holder,Holder,Holder
158,London,2018,2018-12-16,NC,1,QF,4,CARLIN_Jack,TIN,,4.0,1.0,10.669,,Holder,Holder,Holder,Holder,Holder,Holder
159,London,2018,2018-12-16,NC,1,QF,4,PAUL_Nicholas,TTO,,5.0,2.0,REL,,Holder,Holder,Holder,Holder,Holder,Holder
152,London,2018,2018-12-16,NC,2,QF,1,LAVREYSEN_Harrie,NED,,1.0,1.0,10.105,,Holder,Holder,Holder,Holder,Holder,Holder
153,London,2018,2018-12-16,NC,2,QF,1,RUDYK_Mateusz,POL,,8.0,2.0,10.163,,Holder,Holder,Holder,Holder,Holder,Holder
154,London,2018,2018-12-16,NC,2,QF,2,HOOGLAND_Jeffrey,NED,,3.0,1.0,10.092,,Holder,Holder,Holder,Holder,Holder,Holder
155,London,2018,2018-12-16,NC,2,QF,2,OWENS_Ryan,GBR,,7.0,2.0,11.021,,Holder,Holder,Holder,Holder,Holder,Holder
156,London,2018,2018-12-16,NC,2,QF,3,GLAETZER_Matthew,AUS,,2.0,1.0,10.233,,Holder,Holder,Holder,Holder,Holder,Holder
157,London,2018,2018-12-16,NC,2,QF,3,TJON_EN_FA_Jair,SUR,,6.0,2.0,10.373000000000001,,Holder,Holder,Holder,Holder,Holder,Holder
158,London,2018,2018-12-16,NC,2,QF,4,CARLIN_Jack,TIN,,4.0,1.0,10.2,,Holder,Holder,Holder,Holder,Holder,Holder
159,London,2018,2018-12-16,NC,2,QF,4,PAUL_Nicholas,TTO,,5.0,2.0,10.362,,Holder,Holder,Holder,Holder,Holder,Holder
160,London,2018,2018-12-16,NC,1,SF,1,LAVREYSEN_Harrie,NED,,1.0,2.0,15.459999999999999,,Holder,Holder,Holder,Holder,Holder,Holder
161,London,2018,2018-12-16,NC,1,SF,1,CARLIN_Jack,TIN,,4.0,1.0,11.014,,Holder,Holder,Holder,Holder,Holder,Holder
162,London,2018,2018-12-16,NC,1,SF,2,GLAETZER_Matthew,AUS,,2.0,1.0,10.536,,Holder,Holder,Holder,Holder,Holder,Holder
163,London,2018,2018-12-16,NC,1,SF,2,HOOGLAND_Jeffrey,NED,,3.0,2.0,10.629999999999999,,Holder,Holder,Holder,Holder,Holder,Holder
160,London,2018,2018-12-16,NC,2,SF,1,LAVREYSEN_Harrie,NED,,1.0,1.0,10.182,,Holder,Holder,Holder,Holder,Holder,Holder
161,London,2018,2018-12-16,NC,2,SF,1,CARLIN_Jack,TIN,,4.0,2.0,10.231,,Holder,Holder,Holder,Holder,Holder,Holder
162,London,2018,2018-12-16,NC,2,SF,2,GLAETZER_Matthew,AUS,,2.0,2.0,10.144,,Holder,Holder,Holder,Holder,Holder,Holder
163,London,2018,2018-12-16,NC,2,SF,2,HOOGLAND_Jeffrey,NED,,3.0,1.0,9.986,,Holder,Holder,Holder,Holder,Holder,Holder
160,London,2018,2018-12-16,NC,3,SF,1,LAVREYSEN_Harrie,NED,,1.0,1.0,10.26,,Holder,Holder,Holder,Holder,Holder,Holder
161,London,2018,2018-12-16,NC,3,SF,1,CARLIN_Jack,TIN,,4.0,2.0,10.353,,Holder,Holder,Holder,Holder,Holder,Holder
162,London,2018,2018-12-16,NC,3,SF,2,GLAETZER_Matthew,AUS,,2.0,1.0,10.412,,Holder,Holder,Holder,Holder,Holder,Holder
163,London,2018,2018-12-16,NC,3,SF,2,HOOGLAND_Jeffrey,NED,,3.0,2.0,10.724,,Holder,Holder,Holder,Holder,Holder,Holder
164,London,2018,2018-12-16,NC,1,F,G,LAVREYSEN_Harrie,NED,,1.0,1.0,10.108,,Holder,Holder,Holder,Holder,Holder,Holder
165,London,2018,2018-12-16,NC,1,F,G,GLAETZER_Matthew,AUS,,2.0,2.0,10.200000000000001,,Holder,Holder,Holder,Holder,Holder,Holder
166,London,2018,2018-12-16,NC,1,F,B,HOOGLAND_Jeffrey,NED,,3.0,2.0,10.472000000000001,,Holder,Holder,Holder,Holder,Holder,Holder
167,London,2018,2018-12-16,NC,1,F,B,CARLIN_Jack,TIN,,4.0,1.0,10.451,,Holder,Holder,Holder,Holder,Holder,Holder
164,London,2018,2018-12-16,NC,2,F,G,LAVREYSEN_Harrie,NED,,1.0,1.0,10.282,,Holder,Holder,Holder,Holder,Holder,Holder
165,London,2018,2018-12-16,NC,2,F,G,GLAETZER_Matthew,AUS,,2.0,2.0,10.693,,Holder,Holder,Holder,Holder,Holder,Holder
166,London,2018,2018-12-16,NC,2,F,B,HOOGLAND_Jeffrey,NED,,3.0,1.0,10.595,,Holder,Holder,Holder,Holder,Holder,Holder
167,London,2018,2018-12-16,NC,2,F,B,CARLIN_Jack,TIN,,4.0,2.0,10.716000000000001,,Holder,Holder,Holder,Holder,Holder,Holder
166,London,2018,2018-12-16,NC,3,F,B,HOOGLAND_Jeffrey,NED,,3.0,1.0,10.294,,Holder,Holder,Holder,Holder,Holder,Holder
167,London,2018,2018-12-16,NC,3,F,B,CARLIN_Jack,TIN,,4.0,2.0,11.473,,Holder,Holder,Holder,Holder,Holder,Holder
168,Cambridge,2019,2019-01-20,NC,1,R16,1,BAUGE_Gregory,FRA,,9.0,1.0,10.626,,Holder,Holder,Holder,Holder,Holder,Holder
169,Cambridge,2019,2019-01-20,NC,1,R16,1,JONAUSKAS_Svajunas,LTU,,26.0,2.0,10.702,,Holder,Holder,Holder,Holder,Holder,Holder
170,Cambridge,2019,2019-01-20,NC,1,R16,2,SZALONTAY_Sandor,HUN,,10.0,1.0,10.659,,Holder,Holder,Holder,Holder,Holder,Holder
171,Cambridge,2019,2019-01-20,NC,1,R16,2,NOSOV_Alexey,RUS,,25.0,2.0,10.815000000000001,,Holder,Holder,Holder,Holder,Holder,Holder
172,Cambridge,2019,2019-01-20,NC,1,R16,3,XU_Chao,CHN,,7.0,1.0,10.23,,Holder,Holder,Holder,Holder,Holder,Holder
173,Cambridge,2019,2019-01-20,NC,1,R16,3,WAMMES_Nick,PTM,,24.0,2.0,10.445,,Holder,Holder,Holder,Holder,Holder,Holder
174,Cambridge,2019,2019-01-20,NC,1,R16,4,FUKAYA_Tomohiro,JPN,,8.0,1.0,10.501,,Holder,Holder,Holder,Holder,Holder,Holder
175,Cambridge,2019,2019-01-20,NC,1,R16,4,DUBCHENKO_Aleksandr,RUS,,23.0,2.0,10.548,,Holder,Holder,Holder,Holder,Holder,Holder
176,Cambridge,2019,2019-01-20,NC,1,R16,5,KELEMEN_Pavel,CZE,,11.0,1.0,10.464,,Holder,Holder,Holder,Holder,Holder,Holder
177,Cambridge,2019,2019-01-20,NC,1,R16,5,VORZHEV_Pavel,KAZ,,22.0,2.0,10.513,,Holder,Holder,Holder,Holder,Holder,Holder
178,Cambridge,2019,2019-01-20,NC,1,R16,6,BARRETTE_Hugo,CAN,,12.0,1.0,10.463,,Holder,Holder,Holder,Holder,Holder,Holder
179,Cambridge,2019,2019-01-20,NC,1,R16,6,WILLIAMS_Zac,VNZ,,21.0,2.0,10.665999999999999,,Holder,Holder,Holder,Holder,Holder,Holder
180,Cambridge,2019,2019-01-20,NC,1,R16,7,PERALTA_GASCON_Juan,ESP,,13.0,1.0,10.421,,Holder,Holder,Holder,Holder,Holder,Holder
181,Cambridge,2019,2019-01-20,NC,1,R16,7,NALYOTOV_Maxim,KAZ,,20.0,2.0,10.786,,Holder,Holder,Holder,Holder,Holder,Holder
182,Cambridge,2019,2019-01-20,NC,1,R16,8,NITTA_Yudai,JPN,,14.0,1.0,10.556,,Holder,Holder,Holder,Holder,Holder,Holder
183,Cambridge,2019,2019-01-20,NC,1,R16,8,WATANABE_Kazunari,JPC,,19.0,2.0,10.607999999999999,,Holder,Holder,Holder,Holder,Holder,Holder
184,Cambridge,2019,2019-01-20,NC,1,R16,9,BIELECKI_Maciej,POL,,16.0,1.0,10.609,,Holder,Holder,Holder,Holder,Holder,Holder
185,Cambridge,2019,2019-01-20,NC,1,R16,9,WAGNER_Robin,CZE,,17.0,2.0,10.667,,Holder,Holder,Holder,Holder,Holder,Holder
186,Cambridge,2019,2019-01-20,NC,1,R16,10,MORENO_SANCHEZ_Jose,ESP,,15.0,1.0,10.279,,Holder,Holder,Holder,Holder,Holder,Holder
187,Cambridge,2019,2019-01-20,NC,1,R16,10,SAHROM_Muhammad_Shah_Firdaus,MAS,,18.0,2.0,10.315,,Holder,Holder,Holder,Holder,Holder,Holder
188,Cambridge,2019,2019-01-20,NC,1,R8,1,RUDYK_Mateusz,POL,,2.0,1.0,10.193,,Holder,Holder,Holder,Holder,Holder,Holder
189,Cambridge,2019,2019-01-20,NC,1,R8,1,MORENO_SANCHEZ_Jose,ESP,,15.0,2.0,10.261,,Holder,Holder,Holder,Holder,Holder,Holder
190,Cambridge,2019,2019-01-20,NC,1,R8,2,HART_Nathan,AUS,,1.0,1.0,10.363,,Holder,Holder,Holder,Holder,Holder,Holder
191,Cambridge,2019,2019-01-20,NC,1,R8,2,BIELECKI_Maciej,POL,,16.0,2.0,10.865,,Holder,Holder,Holder,Holder,Holder,Holder
192,Cambridge,2019,2019-01-20,NC,1,R8,3,SCHMID_Jacob,AUS,,5.0,1.0,10.605,,Holder,Holder,Holder,Holder,Holder,Holder
193,Cambridge,2019,2019-01-20,NC,1,R8,3,NITTA_Yudai,JPN,,14.0,2.0,11.217,,Holder,Holder,Holder,Holder,Holder,Holder
194,Cambridge,2019,2019-01-20,NC,1,R8,4,WEBSTER_Sam,NZL,,6.0,1.0,10.4,,Holder,Holder,Holder,Holder,Holder,Holder
195,Cambridge,2019,2019-01-20,NC,1,R8,4,PERALTA_GASCON_Juan,ESP,,13.0,2.0,10.852,,Holder,Holder,Holder,Holder,Holder,Holder
196,Cambridge,2019,2019-01-20,NC,1,R8,5,MITCHELL_Ethan,NZL,,4.0,1.0,10.039,,Holder,Holder,Holder,Holder,Holder,Holder
197,Cambridge,2019,2019-01-20,NC,1,R8,5,BARRETTE_Hugo,CAN,,12.0,2.0,10.125,,Holder,Holder,Holder,Holder,Holder,Holder
198,Cambridge,2019,2019-01-20,NC,1,R8,6,VIGIER_Sebastien,FRA,,3.0,1.0,10.243,,Holder,Holder,Holder,Holder,Holder,Holder
199,Cambridge,2019,2019-01-20,NC,1,R8,6,KELEMEN_Pavel,CZE,,11.0,2.0,10.328000000000001,,Holder,Holder,Holder,Holder,Holder,Holder
200,Cambridge,2019,2019-01-20,NC,1,R8,7,FUKAYA_Tomohiro,JPN,,8.0,1.0,10.284,,Holder,Holder,Holder,Holder,Holder,Holder
201,Cambridge,2019,2019-01-20,NC,1,R8,7,BAUGE_Gregory,FRA,,9.0,2.0,10.375,,Holder,Holder,Holder,Holder,Holder,Holder
202,Cambridge,2019,2019-01-20,NC,1,R8,8,XU_Chao,CHN,,7.0,1.0,10.346,,Holder,Holder,Holder,Holder,Holder,Holder
203,Cambridge,2019,2019-01-20,NC,1,R8,8,SZALONTAY_Sandor,HUN,,10.0,2.0,10.37,,Holder,Holder,Holder,Holder,Holder,Holder
204,Cambridge,2019,2019-01-20,NC,1,QF,1,RUDYK_Mateusz,POL,,2.0,1.0,10.205,,Holder,Holder,Holder,Holder,Holder,Holder
205,Cambridge,2019,2019-01-20,NC,1,QF,1,XU_Chao,CHN,,7.0,2.0,10.427,,Holder,Holder,Holder,Holder,Holder,Holder
206,Cambridge,2019,2019-01-20,NC,1,QF,2,HART_Nathan,AUS,,1.0,1.0,10.4,,Holder,Holder,Holder,Holder,Holder,Holder
207,Cambridge,2019,2019-01-20,NC,1,QF,2,FUKAYA_Tomohiro,JPN,,8.0,2.0,10.776,,Holder,Holder,Holder,Holder,Holder,Holder
208,Cambridge,2019,2019-01-20,NC,1,QF,3,VIGIER_Sebastien,FRA,,3.0,1.0,10.179,,Holder,Holder,Holder,Holder,Holder,Holder
209,Cambridge,2019,2019-01-20,NC,1,QF,3,SCHMID_Jacob,AUS,,5.0,2.0,10.319,,Holder,Holder,Holder,Holder,Holder,Holder
210,Cambridge,2019,2019-01-20,NC,1,QF,4,MITCHELL_Ethan,NZL,,4.0,2.0,10.256,,Holder,Holder,Holder,Holder,Holder,Holder
211,Cambridge,2019,2019-01-20,NC,1,QF,4,WEBSTER_Sam,NZL,,6.0,1.0,10.052,,Holder,Holder,Holder,Holder,Holder,Holder
204,Cambridge,2019,2019-01-20,NC,2,QF,1,RUDYK_Mateusz,POL,,2.0,1.0,10.236,,Holder,Holder,Holder,Holder,Holder,Holder
205,Cambridge,2019,2019-01-20,NC,2,QF,1,XU_Chao,CHN,,7.0,2.0,10.302000000000001,,Holder,Holder,Holder,Holder,Holder,Holder
206,Cambridge,2019,2019-01-20,NC,2,QF,2,HART_Nathan,AUS,,1.0,1.0,10.148,,Holder,Holder,Holder,Holder,Holder,Holder
207,Cambridge,2019,2019-01-20,NC,2,QF,2,FUKAYA_Tomohiro,JPN,,8.0,2.0,10.815,,Holder,Holder,Holder,Holder,Holder,Holder
208,Cambridge,2019,2019-01-20,NC,2,QF,3,VIGIER_Sebastien,FRA,,3.0,2.0,10.408,,Holder,Holder,Holder,Holder,Holder,Holder
209,Cambridge,2019,2019-01-20,NC,2,QF,3,SCHMID_Jacob,AUS,,5.0,1.0,10.314,,Holder,Holder,Holder,Holder,Holder,Holder
210,Cambridge,2019,2019-01-20,NC,2,QF,4,MITCHELL_Ethan,NZL,,4.0,1.0,10.048,,Holder,Holder,Holder,Holder,Holder,Holder
211,Cambridge,2019,2019-01-20,NC,2,QF,4,WEBSTER_Sam,NZL,,6.0,2.0,10.083,,Holder,Holder,Holder,Holder,Holder,Holder
208,Cambridge,2019,2019-01-20,NC,3,QF,3,VIGIER_Sebastien,FRA,,3.0,1.0,10.421,,Holder,Holder,Holder,Holder,Holder,Holder
209,Cambridge,2019,2019-01-20,NC,3,QF,3,SCHMID_Jacob,AUS,,5.0,2.0,10.433,,Holder,Holder,Holder,Holder,Holder,Holder
210,Cambridge,2019,2019-01-20,NC,3,QF,4,MITCHELL_Ethan,NZL,,4.0,1.0,10.555,,Holder,Holder,Holder,Holder,Holder,Holder
211,Cambridge,2019,2019-01-20,NC,3,QF,4,WEBSTER_Sam,NZL,,6.0,2.0,10.935,,Holder,Holder,Holder,Holder,Holder,Holder
212,Cambridge,2019,2019-01-20,NC,1,SF,1,RUDYK_Mateusz,POL,,2.0,1.0,10.132,,Holder,Holder,Holder,Holder,Holder,Holder
213,Cambridge,2019,2019-01-20,NC,1,SF,1,MITCHELL_Ethan,NZL,,4.0,2.0,10.148,,Holder,Holder,Holder,Holder,Holder,Holder
214,Cambridge,2019,2019-01-20,NC,1,SF,2,HART_Nathan,AUS,,1.0,1.0,10.361,,Holder,Holder,Holder,Holder,Holder,Holder
215,Cambridge,2019,2019-01-20,NC,1,SF,2,VIGIER_Sebastien,FRA,,3.0,2.0,10.408000000000001,,Holder,Holder,Holder,Holder,Holder,Holder
212,Cambridge,2019,2019-01-20,NC,2,SF,1,RUDYK_Mateusz,POL,,2.0,1.0,10.355,,Holder,Holder,Holder,Holder,Holder,Holder
213,Cambridge,2019,2019-01-20,NC,2,SF,1,MITCHELL_Ethan,NZL,,4.0,2.0,10.369,,Holder,Holder,Holder,Holder,Holder,Holder
214,Cambridge,2019,2019-01-20,NC,2,SF,2,HART_Nathan,AUS,,1.0,1.0,10.078,,Holder,Holder,Holder,Holder,Holder,Holder
215,Cambridge,2019,2019-01-20,NC,2,SF,2,VIGIER_Sebastien,FRA,,3.0,2.0,10.975,,Holder,Holder,Holder,Holder,Holder,Holder
216,Cambridge,2019,2019-01-20,NC,1,F,G,HART_Nathan,AUS,,1.0,1.0,10.391,,Holder,Holder,Holder,Holder,Holder,Holder
217,Cambridge,2019,2019-01-20,NC,1,F,G,RUDYK_Mateusz,POL,,2.0,2.0,10.736,,Holder,Holder,Holder,Holder,Holder,Holder
218,Cambridge,2019,2019-01-20,NC,1,F,B,VIGIER_Sebastien,FRA,,3.0,1.0,10.298,,Holder,Holder,Holder,Holder,Holder,Holder
219,Cambridge,2019,2019-01-20,NC,1,F,B,MITCHELL_Ethan,NZL,,4.0,2.0,10.386,,Holder,Holder,Holder,Holder,Holder,Holder
216,Cambridge,2019,2019-01-20,NC,2,F,G,HART_Nathan,AUS,,1.0,1.0,10.115,,Holder,Holder,Holder,Holder,Holder,Holder
217,Cambridge,2019,2019-01-20,NC,2,F,G,RUDYK_Mateusz,POL,,2.0,2.0,10.222,,Holder,Holder,Holder,Holder,Holder,Holder
218,Cambridge,2019,2019-01-20,NC,2,F,B,VIGIER_Sebastien,FRA,,3.0,2.0,10.282,,Holder,Holder,Holder,Holder,Holder,Holder
219,Cambridge,2019,2019-01-20,NC,2,F,B,MITCHELL_Ethan,NZL,,4.0,1.0,10.259,,Holder,Holder,Holder,Holder,Holder,Holder
218,Cambridge,2019,2019-01-20,NC,3,F,B,VIGIER_Sebastien,FRA,,3.0,1.0,10.342,,Holder,Holder,Holder,Holder,Holder,Holder
219,Cambridge,2019,2019-01-20,NC,3,F,B,MITCHELL_Ethan,NZL,,4.0,2.0,10.476,,Holder,Holder,Holder,Holder,Holder,Holder
220,Hong_Kong,2019,2019-01-27,NC,1,R16,1,BRISTER_James,AUS,,2.0,1.0,10.88,,Holder,Holder,Holder,Holder,Holder,Holder
221,Hong_Kong,2019,2019-01-27,NC,1,R16,1,RAJKOWSKI_Patryk,POL,,28.0,2.0,11.025,,Holder,Holder,Holder,Holder,Holder,Holder
222,Hong_Kong,2019,2019-01-27,NC,1,R16,2,HELAL_Rayan,FRA,,7.0,1.0,10.49,,Holder,Holder,Holder,Holder,Holder,Holder
223,Hong_Kong,2019,2019-01-27,NC,1,R16,2,VORZHEV_Pavel,KAZ,,27.0,2.0,10.533,,Holder,Holder,Holder,Holder,Holder,Holder
224,Hong_Kong,2019,2019-01-27,NC,1,R16,3,CLARKE_Thomas,AUS,,1.0,1.0,10.32,,Holder,Holder,Holder,Holder,Holder,Holder
225,Hong_Kong,2019,2019-01-27,NC,1,R16,3,SHARAPOV_Alexander,RUS,,26.0,2.0,10.374,,Holder,Holder,Holder,Holder,Holder,Holder
226,Hong_Kong,2019,2019-01-27,NC,1,R16,4,XU_Chao,CHN,,3.0,1.0,10.226,,Holder,Holder,Holder,Holder,Holder,Holder
227,Hong_Kong,2019,2019-01-27,NC,1,R16,4,KNIPE_Bradly,NZL,,25.0,2.0,10.326,,Holder,Holder,Holder,Holder,Holder,Holder
228,Hong_Kong,2019,2019-01-27,NC,1,R16,5,BARRETTE_Hugo,CAN,,10.0,1.0,10.403,,Holder,Holder,Holder,Holder,Holder,Holder
229,Hong_Kong,2019,2019-01-27,NC,1,R16,5,WILLIAMS_Zac,NZL,,24.0,2.0,10.498000000000001,,Holder,Holder,Holder,Holder,Holder,Holder
230,Hong_Kong,2019,2019-01-27,NC,1,R16,6,FUKAYA_Tomohiro,JPN,,11.0,1.0,10.689,,Holder,Holder,Holder,Holder,Holder,Holder
231,Hong_Kong,2019,2019-01-27,NC,1,R16,6,NALYOTOV_Maxim,KAZ,,23.0,2.0,10.692,,Holder,Holder,Holder,Holder,Holder,Holder
232,Hong_Kong,2019,2019-01-27,NC,1,R16,7,YAKUSHEVSKIY_Pavel,RUS,,12.0,1.0,10.563,,Holder,Holder,Holder,Holder,Holder,Holder
233,Hong_Kong,2019,2019-01-27,NC,1,R16,7,BABEK_Tomas,CZE,,22.0,2.0,10.66,,Holder,Holder,Holder,Holder,Holder,Holder
234,Hong_Kong,2019,2019-01-27,NC,1,R16,8,JURCZYK_Marc,GER,,13.0,1.0,10.55,,Holder,Holder,Holder,Holder,Holder,Holder
235,Hong_Kong,2019,2019-01-27,NC,1,R16,8,MORENO_SANCHEZ_Jose,ESP,,21.0,2.0,10.582,,Holder,Holder,Holder,Holder,Holder,Holder
236,Hong_Kong,2019,2019-01-27,NC,1,R16,9,BOS_Theo,BCC,,8.0,1.0,10.473,,Holder,Holder,Holder,Holder,Holder,Holder
237,Hong_Kong,2019,2019-01-27,NC,1,R16,9,LENDEL_Vasilijus,LTU,,17.0,2.0,10.566,,Holder,Holder,Holder,Holder,Holder,Holder
238,Hong_Kong,2019,2019-01-27,NC,1,R16,10,PERALTA_GASCON_Juan,ESP,,14.0,1.0,10.704,,Holder,Holder,Holder,Holder,Holder,Holder
239,Hong_Kong,2019,2019-01-27,NC,1,R16,10,KAWABATA_Tomoyuki,JPC,,20.0,2.0,10.713000000000001,,Holder,Holder,Holder,Holder,Holder,Holder
240,Hong_Kong,2019,2019-01-27,NC,1,R16,11,OH_Jeseok,KOR,,16.0,1.0,10.566,,Holder,Holder,Holder,Holder,Holder,Holder
241,Hong_Kong,2019,2019-01-27,NC,1,R16,11,BIELECKI_Maciej,POL,,18.0,2.0,11.066,,Holder,Holder,Holder,Holder,Holder,Holder
242,Hong_Kong,2019,2019-01-27,NC,1,R16,12,NITTA_Yudai,JPN,,15.0,1.0,10.701,,Holder,Holder,Holder,Holder,Holder,Holder
243,Hong_Kong,2019,2019-01-27,NC,1,R16,12,WAGNER_Robin,CZE,,19.0,2.0,10.853,,Holder,Holder,Holder,Holder,Holder,Holder
244,Hong_Kong,2019,2019-01-27,NC,1,R8,1,PHILLIP_Njisane,TTO,,5.0,1.0,10.849,,Holder,Holder,Holder,Holder,Holder,Holder
245,Hong_Kong,2019,2019-01-27,NC,1,R8,1,NITTA_Yudai,JPN,,15.0,2.0,10.870000000000001,,Holder,Holder,Holder,Holder,Holder,Holder
246,Hong_Kong,2019,2019-01-27,NC,1,R8,2,PAUL_Nicholas,TTO,,6.0,1.0,10.147,,Holder,Holder,Holder,Holder,Holder,Holder
247,Hong_Kong,2019,2019-01-27,NC,1,R8,2,OH_Jeseok,KOR,,16.0,2.0,10.668000000000001,,Holder,Holder,Holder,Holder,Holder,Holder
248,Hong_Kong,2019,2019-01-27,NC,1,R8,3,CALEYRON_Quentin,FRA,,4.0,1.0,10.294,,Holder,Holder,Holder,Holder,Holder,Holder
249,Hong_Kong,2019,2019-01-27,NC,1,R8,3,PERALTA_GASCON_Juan,ESP,,14.0,2.0,10.373000000000001,,Holder,Holder,Holder,Holder,Holder,Holder
250,Hong_Kong,2019,2019-01-27,NC,1,R8,4,BOS_Theo,BCC,,8.0,1.0,10.562,,Holder,Holder,Holder,Holder,Holder,Holder
251,Hong_Kong,2019,2019-01-27,NC,1,R8,4,SZALONTAY_Sandor,HUN,,9.0,2.0,10.607999999999999,,Holder,Holder,Holder,Holder,Holder,Holder
252,Hong_Kong,2019,2019-01-27,NC,1,R8,5,BRISTER_James,AUS,,2.0,1.0,10.622,,Holder,Holder,Holder,Holder,Holder,Holder
253,Hong_Kong,2019,2019-01-27,NC,1,R8,5,JURCZYK_Marc,GER,,13.0,2.0,10.675,,Holder,Holder,Holder,Holder,Holder,Holder
254,Hong_Kong,2019,2019-01-27,NC,1,R8,6,HELAL_Rayan,FRA,,7.0,1.0,10.344,,Holder,Holder,Holder,Holder,Holder,Holder
255,Hong_Kong,2019,2019-01-27,NC,1,R8,6,YAKUSHEVSKIY_Pavel,RUS,,12.0,2.0,10.370999999999999,,Holder,Holder,Holder,Holder,Holder,Holder
256,Hong_Kong,2019,2019-01-27,NC,1,R8,7,CLARKE_Thomas,AUS,,1.0,1.0,10.118,,Holder,Holder,Holder,Holder,Holder,Holder
257,Hong_Kong,2019,2019-01-27,NC,1,R8,7,FUKAYA_Tomohiro,JPN,,11.0,2.0,10.119,,Holder,Holder,Holder,Holder,Holder,Holder
258,Hong_Kong,2019,2019-01-27,NC,1,R8,8,XU_Chao,CHN,,3.0,1.0,10.368,,Holder,Holder,Holder,Holder,Holder,Holder
259,Hong_Kong,2019,2019-01-27,NC,1,R8,8,BARRETTE_Hugo,CAN,,10.0,2.0,10.397,,Holder,Holder,Holder,Holder,Holder,Holder
260,Hong_Kong,2019,2019-01-27,NC,1,QF,1,XU_Chao,CHN,,3.0,1.0,10.348,,Holder,Holder,Holder,Holder,Holder,Holder
261,Hong_Kong,2019,2019-01-27,NC,1,QF,1,PHILLIP_Njisane,TTO,,5.0,2.0,10.474,,Holder,Holder,Holder,Holder,Holder,Holder
262,Hong_Kong,2019,2019-01-27,NC,1,QF,2,CLARKE_Thomas,AUS,,1.0,1.0,11.051,,Holder,Holder,Holder,Holder,Holder,Holder
263,Hong_Kong,2019,2019-01-27,NC,1,QF,2,PAUL_Nicholas,TTO,,6.0,2.0,11.309000000000001,,Holder,Holder,Holder,Holder,Holder,Holder
264,Hong_Kong,2019,2019-01-27,NC,1,QF,3,CALEYRON_Quentin,FRA,,4.0,1.0,10.239,,Holder,Holder,Holder,Holder,Holder,Holder
265,Hong_Kong,2019,2019-01-27,NC,1,QF,3,HELAL_Rayan,FRA,,7.0,2.0,10.301,,Holder,Holder,Holder,Holder,Holder,Holder
266,Hong_Kong,2019,2019-01-27,NC,1,QF,4,BRISTER_James,AUS,,2.0,1.0,10.551,,Holder,Holder,Holder,Holder,Holder,Holder
267,Hong_Kong,2019,2019-01-27,NC,1,QF,4,BOS_Theo,BCC,,8.0,2.0,10.964,,Holder,Holder,Holder,Holder,Holder,Holder
260,Hong_Kong,2019,2019-01-27,NC,2,QF,1,XU_Chao,CHN,,3.0,1.0,10.373,,Holder,Holder,Holder,Holder,Holder,Holder
261,Hong_Kong,2019,2019-01-27,NC,2,QF,1,PHILLIP_Njisane,TTO,,5.0,2.0,REL,,Holder,Holder,Holder,Holder,Holder,Holder
262,Hong_Kong,2019,2019-01-27,NC,2,QF,2,CLARKE_Thomas,AUS,,1.0,1.0,10.201,,Holder,Holder,Holder,Holder,Holder,Holder
263,Hong_Kong,2019,2019-01-27,NC,2,QF,2,PAUL_Nicholas,TTO,,6.0,2.0,10.205,,Holder,Holder,Holder,Holder,Holder,Holder
264,Hong_Kong,2019,2019-01-27,NC,2,QF,3,CALEYRON_Quentin,FRA,,4.0,2.0,10.290000000000001,,Holder,Holder,Holder,Holder,Holder,Holder
265,Hong_Kong,2019,2019-01-27,NC,2,QF,3,HELAL_Rayan,FRA,,7.0,1.0,10.288,,Holder,Holder,Holder,Holder,Holder,Holder
266,Hong_Kong,2019,2019-01-27,NC,2,QF,4,BRISTER_James,AUS,,2.0,1.0,10.656,,Holder,Holder,Holder,Holder,Holder,Holder
267,Hong_Kong,2019,2019-01-27,NC,2,QF,4,BOS_Theo,BCC,,8.0,2.0,10.705,,Holder,Holder,Holder,Holder,Holder,Holder
264,Hong_Kong,2019,2019-01-27,NC,3,QF,3,CALEYRON_Quentin,FRA,,4.0,1.0,10.392,,Holder,Holder,Holder,Holder,Holder,Holder
265,Hong_Kong,2019,2019-01-27,NC,3,QF,3,HELAL_Rayan,FRA,,7.0,2.0,11.943999999999999,,Holder,Holder,Holder,Holder,Holder,Holder
268,Hong_Kong,2019,2019-01-27,NC,1,SF,1,BRISTER_James,AUS,,2.0,1.0,10.473,,Holder,Holder,Holder,Holder,Holder,Holder
269,Hong_Kong,2019,2019-01-27,NC,1,SF,1,XU_Chao,CHN,,3.0,2.0,10.590000000000002,,Holder,Holder,Holder,Holder,Holder,Holder
270,Hong_Kong,2019,2019-01-27,NC,1,SF,2,CLARKE_Thomas,AUS,,1.0,1.0,10.487,,Holder,Holder,Holder,Holder,Holder,Holder
271,Hong_Kong,2019,2019-01-27,NC,1,SF,2,CALEYRON_Quentin,FRA,,4.0,2.0,10.502,,Holder,Holder,Holder,Holder,Holder,Holder
268,Hong_Kong,2019,2019-01-27,NC,2,SF,1,BRISTER_James,AUS,,2.0,1.0,10.429,,Holder,Holder,Holder,Holder,Holder,Holder
269,Hong_Kong,2019,2019-01-27,NC,2,SF,1,XU_Chao,CHN,,3.0,2.0,10.481,,Holder,Holder,Holder,Holder,Holder,Holder
270,Hong_Kong,2019,2019-01-27,NC,2,SF,2,CLARKE_Thomas,AUS,,1.0,1.0,11.627,,Holder,Holder,Holder,Holder,Holder,Holder
271,Hong_Kong,2019,2019-01-27,NC,2,SF,2,CALEYRON_Quentin,FRA,,4.0,2.0,12.177000000000001,,Holder,Holder,Holder,Holder,Holder,Holder
272,Hong_Kong,2019,2019-01-27,NC,1,F,G,CLARKE_Thomas,AUS,,1.0,1.0,10.823,,Holder,Holder,Holder,Holder,Holder,Holder
273,Hong_Kong,2019,2019-01-27,NC,1,F,G,BRISTER_James,AUS,,2.0,2.0,10.838000000000001,,Holder,Holder,Holder,Holder,Holder,Holder
274,Hong_Kong,2019,2019-01-27,NC,1,F,B,XU_Chao,CHN,,3.0,1.0,10.258,,Holder,Holder,Holder,Holder,Holder,Holder
275,Hong_Kong,2019,2019-01-27,NC,1,F,B,CALEYRON_Quentin,FRA,,4.0,2.0,10.28,,Holder,Holder,Holder,Holder,Holder,Holder
272,Hong_Kong,2019,2019-01-27,NC,2,F,G,CLARKE_Thomas,AUS,,1.0,1.0,10.418,,Holder,Holder,Holder,Holder,Holder,Holder
273,Hong_Kong,2019,2019-01-27,NC,2,F,G,BRISTER_James,AUS,,2.0,2.0,10.495,,Holder,Holder,Holder,Holder,Holder,Holder
274,Hong_Kong,2019,2019-01-27,NC,2,F,B,XU_Chao,CHN,,3.0,1.0,10.319,,Holder,Holder,Holder,Holder,Holder,Holder
275,Hong_Kong,2019,2019-01-27,NC,2,F,B,CALEYRON_Quentin,FRA,,4.0,2.0,10.49,,Holder,Holder,Holder,Holder,Holder,Holder
276,Pruszkow,2019,2019-03-02,WCH,1,R16,1,GLAETZER_Matthew,AUS,,4.0,1.0,10.3,,Holder,Holder,Holder,Holder,Holder,Holder
277,Pruszkow,2019,2019-03-02,WCH,1,R16,1,QUINTERO_CHAVARRO_Kevin_Santiago,COL,,28.0,2.0,10.391,,Holder,Holder,Holder,Holder,Holder,Holder
278,Pruszkow,2019,2019-03-02,WCH,1,R16,2,DMITRIEV_Denis,RUS,,5.0,1.0,10.035,,Holder,Holder,Holder,Holder,Holder,Holder
279,Pruszkow,2019,2019-03-02,WCH,1,R16,2,LENDEL_Vasilijus,LTU,,27.0,2.0,10.174,,Holder,Holder,Holder,Holder,Holder,Holder
280,Pruszkow,2019,2019-03-02,WCH,1,R16,3,HART_Nathan,AUS,,6.0,1.0,10.108,,Holder,Holder,Holder,Holder,Holder,Holder
281,Pruszkow,2019,2019-03-02,WCH,1,R16,3,PERALTA_GASCON_Juan,ESP,,26.0,2.0,10.345,,Holder,Holder,Holder,Holder,Holder,Holder
282,Pruszkow,2019,2019-03-02,WCH,1,R16,4,PAUL_Nicholas,TTO,,7.0,1.0,10.374,,Holder,Holder,Holder,Holder,Holder,Holder
283,Pruszkow,2019,2019-03-02,WCH,1,R16,4,WAKIMOTO_Yuta,JPN,,25.0,2.0,10.472000000000001,,Holder,Holder,Holder,Holder,Holder,Holder
284,Pruszkow,2019,2019-03-02,WCH,1,R16,5,BOTTICHER_Stefan,GER,,10.0,1.0,10.159,,Holder,Holder,Holder,Holder,Holder,Holder
285,Pruszkow,2019,2019-03-02,WCH,1,R16,5,XU_Chao,CHN,,24.0,2.0,10.197000000000001,,Holder,Holder,Holder,Holder,Holder,Holder
286,Pruszkow,2019,2019-03-02,WCH,1,R16,6,TRUMAN_Joseph,GBR,,11.0,1.0,10.144,,Holder,Holder,Holder,Holder,Holder,Holder
287,Pruszkow,2019,2019-03-02,WCH,1,R16,6,YAKUSHEVSKIY_Pavel,RUS,,23.0,2.0,10.278,,Holder,Holder,Holder,Holder,Holder,Holder
288,Pruszkow,2019,2019-03-02,WCH,1,R16,7,CARLIN_Jack,GBR,,12.0,1.0,10.173,,Holder,Holder,Holder,Holder,Holder,Holder
289,Pruszkow,2019,2019-03-02,WCH,1,R16,7,DORNBACH_Maximilian,GER,,22.0,2.0,10.231,,Holder,Holder,Holder,Holder,Holder,Holder
290,Pruszkow,2019,2019-03-02,WCH,1,R16,8,FUKAYA_Tomohiro,JPN,,16.0,1.0,10.335,,Holder,Holder,Holder,Holder,Holder,Holder
291,Pruszkow,2019,2019-03-02,WCH,1,R16,8,TJON_EN_FA_Jair,SUR,,17.0,2.0,10.369000000000002,,Holder,Holder,Holder,Holder,Holder,Holder
292,Pruszkow,2019,2019-03-02,WCH,1,R16,9,MITCHELL_Ethan,NZL,,8.0,1.0,10.151,,Holder,Holder,Holder,Holder,Holder,Holder
293,Pruszkow,2019,2019-03-02,WCH,1,R16,9,PHILLIP_Njisane,TTO,,18.0,2.0,REL,,Holder,Holder,Holder,Holder,Holder,Holder
294,Pruszkow,2019,2019-03-02,WCH,1,R16,10,BARRETTE_Hugo,CAN,,15.0,1.0,10.362,,Holder,Holder,Holder,Holder,Holder,Holder
295,Pruszkow,2019,2019-03-02,WCH,1,R16,10,CALEYRON_Quentin,FRA,,19.0,2.0,10.481,,Holder,Holder,Holder,Holder,Holder,Holder
296,Pruszkow,2019,2019-03-02,WCH,1,R16,11,WEBSTER_Sam,NZL,,14.0,1.0,10.266,,Holder,Holder,Holder,Holder,Holder,Holder
297,Pruszkow,2019,2019-03-02,WCH,1,R16,11,BUCHLI_Matthijs,NED,,20.0,2.0,10.319,,Holder,Holder,Holder,Holder,Holder,Holder
298,Pruszkow,2019,2019-03-02,WCH,1,R16,12,KELEMEN_Pavel,CZE,,13.0,1.0,10.55,,Holder,Holder,Holder,Holder,Holder,Holder
299,Pruszkow,2019,2019-03-02,WCH,1,R16,12,SZALONTAY_Sandor,HUN,,21.0,2.0,10.587000000000002,,Holder,Holder,Holder,Holder,Holder,Holder
300,Pruszkow,2019,2019-03-02,WCH,1,R8,1,HOOGLAND_Jeffrey,NED,,2.0,1.0,10.072,,Holder,Holder,Holder,Holder,Holder,Holder
301,Pruszkow,2019,2019-03-02,WCH,1,R8,1,KELEMEN_Pavel,CZE,,13.0,2.0,10.145,,Holder,Holder,Holder,Holder,Holder,Holder
302,Pruszkow,2019,2019-03-02,WCH,1,R8,2,LAVREYSEN_Harrie,NED,,1.0,1.0,10.023,,Holder,Holder,Holder,Holder,Holder,Holder
303,Pruszkow,2019,2019-03-02,WCH,1,R8,2,WEBSTER_Sam,NZL,,14.0,2.0,11.468,,Holder,Holder,Holder,Holder,Holder,Holder
304,Pruszkow,2019,2019-03-02,WCH,1,R8,3,RUDYK_Mateusz,POL,,3.0,1.0,10.26,,Holder,Holder,Holder,Holder,Holder,Holder
305,Pruszkow,2019,2019-03-02,WCH,1,R8,3,BARRETTE_Hugo,CAN,,15.0,2.0,10.359,,Holder,Holder,Holder,Holder,Holder,Holder
306,Pruszkow,2019,2019-03-02,WCH,1,R8,4,MITCHELL_Ethan,NZL,,8.0,1.0,10.286,,Holder,Holder,Holder,Holder,Holder,Holder
307,Pruszkow,2019,2019-03-02,WCH,1,R8,4,VIGIER_Sebastien,FRA,,9.0,2.0,10.293,,Holder,Holder,Holder,Holder,Holder,Holder
308,Pruszkow,2019,2019-03-02,WCH,1,R8,5,GLAETZER_Matthew,AUS,,4.0,1.0,10.25,,Holder,Holder,Holder,Holder,Holder,Holder
309,Pruszkow,2019,2019-03-02,WCH,1,R8,5,FUKAYA_Tomohiro,JPN,,16.0,2.0,10.34,,Holder,Holder,Holder,Holder,Holder,Holder
310,Pruszkow,2019,2019-03-02,WCH,1,R8,6,DMITRIEV_Denis,RUS,,5.0,1.0,10.17,,Holder,Holder,Holder,Holder,Holder,Holder
311,Pruszkow,2019,2019-03-02,WCH,1,R8,6,CARLIN_Jack,GBR,,12.0,2.0,10.188,,Holder,Holder,Holder,Holder,Holder,Holder
312,Pruszkow,2019,2019-03-02,WCH,1,R8,7,HART_Nathan,AUS,,6.0,1.0,10.184,,Holder,Holder,Holder,Holder,Holder,Holder
313,Pruszkow,2019,2019-03-02,WCH,1,R8,7,TRUMAN_Joseph,GBR,,11.0,2.0,REL,,Holder,Holder,Holder,Holder,Holder,Holder
314,Pruszkow,2019,2019-03-02,WCH,1,R8,8,PAUL_Nicholas,TTO,,7.0,1.0,10.206,,Holder,Holder,Holder,Holder,Holder,Holder
315,Pruszkow,2019,2019-03-02,WCH,1,R8,8,BOTTICHER_Stefan,GER,,10.0,2.0,10.209999999999999,,Holder,Holder,Holder,Holder,Holder,Holder
316,Pruszkow,2019,2019-03-02,WCH,1,QF,1,HOOGLAND_Jeffrey,NED,,2.0,1.0,9.983,,Holder,Holder,Holder,Holder,Holder,Holder
317,Pruszkow,2019,2019-03-02,WCH,1,QF,1,PAUL_Nicholas,TTO,,7.0,2.0,10.226,,Holder,Holder,Holder,Holder,Holder,Holder
318,Pruszkow,2019,2019-03-02,WCH,1,QF,2,LAVREYSEN_Harrie,NED,,1.0,1.0,13.709,,Holder,Holder,Holder,Holder,Holder,Holder
319,Pruszkow,2019,2019-03-02,WCH,1,QF,2,HART_Nathan,AUS,,6.0,2.0,13.850999999999999,,Holder,Holder,Holder,Holder,Holder,Holder
320,Pruszkow,2019,2019-03-02,WCH,1,QF,3,RUDYK_Mateusz,POL,,3.0,1.0,10.239,,Holder,Holder,Holder,Holder,Holder,Holder
321,Pruszkow,2019,2019-03-02,WCH,1,QF,3,DMITRIEV_Denis,RUS,,5.0,2.0,10.499,,Holder,Holder,Holder,Holder,Holder,Holder
322,Pruszkow,2019,2019-03-02,WCH,1,QF,4,GLAETZER_Matthew,AUS,,4.0,1.0,10.775,,Holder,Holder,Holder,Holder,Holder,Holder
323,Pruszkow,2019,2019-03-02,WCH,1,QF,4,MITCHELL_Ethan,NZL,,8.0,2.0,10.799,,Holder,Holder,Holder,Holder,Holder,Holder
316,Pruszkow,2019,2019-03-02,WCH,2,QF,1,HOOGLAND_Jeffrey,NED,,2.0,1.0,9.991,,Holder,Holder,Holder,Holder,Holder,Holder
317,Pruszkow,2019,2019-03-02,WCH,2,QF,1,PAUL_Nicholas,TTO,,7.0,2.0,11.171,,Holder,Holder,Holder,Holder,Holder,Holder
318,Pruszkow,2019,2019-03-02,WCH,2,QF,2,LAVREYSEN_Harrie,NED,,1.0,1.0,10.042,,Holder,Holder,Holder,Holder,Holder,Holder
319,Pruszkow,2019,2019-03-02,WCH,2,QF,2,HART_Nathan,AUS,,6.0,2.0,10.196,,Holder,Holder,Holder,Holder,Holder,Holder
320,Pruszkow,2019,2019-03-02,WCH,2,QF,3,RUDYK_Mateusz,POL,,3.0,1.0,9.933,,Holder,Holder,Holder,Holder,Holder,Holder
321,Pruszkow,2019,2019-03-02,WCH,2,QF,3,DMITRIEV_Denis,RUS,,5.0,2.0,11.100999999999999,,Holder,Holder,Holder,Holder,Holder,Holder
322,Pruszkow,2019,2019-03-02,WCH,2,QF,4,GLAETZER_Matthew,AUS,,4.0,1.0,10.183,,Holder,Holder,Holder,Holder,Holder,Holder
323,Pruszkow,2019,2019-03-02,WCH,2,QF,4,MITCHELL_Ethan,NZL,,8.0,2.0,10.251,,Holder,Holder,Holder,Holder,Holder,Holder
324,Pruszkow,2019,2019-03-02,WCH,1,SF,1,HOOGLAND_Jeffrey,NED,,2.0,1.0,10.012,,Holder,Holder,Holder,Holder,Holder,Holder
325,Pruszkow,2019,2019-03-02,WCH,1,SF,1,GLAETZER_Matthew,AUS,,4.0,2.0,10.028,,Holder,Holder,Holder,Holder,Holder,Holder
326,Pruszkow,2019,2019-03-02,WCH,1,SF,2,LAVREYSEN_Harrie,NED,,1.0,2.0,10.081,,Holder,Holder,Holder,Holder,Holder,Holder
327,Pruszkow,2019,2019-03-02,WCH,1,SF,2,RUDYK_Mateusz,POL,,3.0,1.0,10.075,,Holder,Holder,Holder,Holder,Holder,Holder
324,Pruszkow,2019,2019-03-02,WCH,2,SF,1,HOOGLAND_Jeffrey,NED,,2.0,1.0,10.004,,Holder,Holder,Holder,Holder,Holder,Holder
325,Pruszkow,2019,2019-03-02,WCH,2,SF,1,GLAETZER_Matthew,AUS,,4.0,2.0,10.129999999999999,,Holder,Holder,Holder,Holder,Holder,Holder
326,Pruszkow,2019,2019-03-02,WCH,2,SF,2,LAVREYSEN_Harrie,NED,,1.0,1.0,10.17,,Holder,Holder,Holder,Holder,Holder,Holder
327,Pruszkow,2019,2019-03-02,WCH,2,SF,2,RUDYK_Mateusz,POL,,3.0,2.0,10.209999999999999,,Holder,Holder,Holder,Holder,Holder,Holder
326,Pruszkow,2019,2019-03-02,WCH,3,SF,2,LAVREYSEN_Harrie,NED,,1.0,1.0,9.952,,Holder,Holder,Holder,Holder,Holder,Holder
327,Pruszkow,2019,2019-03-02,WCH,3,SF,2,RUDYK_Mateusz,POL,,3.0,2.0,10.505,,Holder,Holder,Holder,Holder,Holder,Holder
328,Pruszkow,2019,2019-03-02,WCH,1,F,G,LAVREYSEN_Harrie,NED,,1.0,1.0,9.99,,Holder,Holder,Holder,Holder,Holder,Holder
329,Pruszkow,2019,2019-03-02,WCH,1,F,G,HOOGLAND_Jeffrey,NED,,2.0,2.0,10.156,,Holder,Holder,Holder,Holder,Holder,Holder
330,Pruszkow,2019,2019-03-02,WCH,1,F,B,RUDYK_Mateusz,POL,,3.0,1.0,10.412,,Holder,Holder,Holder,Holder,Holder,Holder
331,Pruszkow,2019,2019-03-02,WCH,1,F,B,GLAETZER_Matthew,AUS,,4.0,2.0,REL,,Holder,Holder,Holder,Holder,Holder,Holder
328,Pruszkow,2019,2019-03-02,WCH,2,F,G,LAVREYSEN_Harrie,NED,,1.0,1.0,9.932,,Holder,Holder,Holder,Holder,Holder,Holder
329,Pruszkow,2019,2019-03-02,WCH,2,F,G,HOOGLAND_Jeffrey,NED,,2.0,2.0,9.964,,Holder,Holder,Holder,Holder,Holder,Holder
330,Pruszkow,2019,2019-03-02,WCH,2,F,B,RUDYK_Mateusz,POL,,3.0,1.0,10.121,,Holder,Holder,Holder,Holder,Holder,Holder
331,Pruszkow,2019,2019-03-02,WCH,2,F,B,GLAETZER_Matthew,AUS,,4.0,2.0,10.162,,Holder,Holder,Holder,Holder,Holder,Holder
332,Minsk,2019,2019-11-03,NC,1,R16,1,BUCHLI_Matthijs,BCC,,3.0,1.0,10.904,,Holder,Holder,Holder,Holder,Holder,Holder
333,Minsk,2019,2019-11-03,NC,1,R16,1,ZAITSAU_Artsiom,MCC,,28.0,2.0,11.404,,Holder,Holder,Holder,Holder,Holder,Holder
334,Minsk,2019,2019-11-03,NC,1,R16,2,DMITRIEV_Denis,RUS,,6.0,1.0,10.865,,Holder,Holder,Holder,Holder,Holder,Holder
335,Minsk,2019,2019-11-03,NC,1,R16,2,GUO_Shuai,CHN,,27.0,2.0,10.963000000000001,,Holder,Holder,Holder,Holder,Holder,Holder
336,Minsk,2019,2019-11-03,NC,1,R16,3,CARLIN_Jack,GBR,,7.0,1.0,10.301,,Holder,Holder,Holder,Holder,Holder,Holder
337,Minsk,2019,2019-11-03,NC,1,R16,3,RAMIREZ_MORALES_Santiago,COL,,26.0,2.0,10.44,,Holder,Holder,Holder,Holder,Holder,Holder
338,Minsk,2019,2019-11-03,NC,1,R16,4,KENNY_Jason,GBR,,8.0,1.0,10.279,,Holder,Holder,Holder,Holder,Holder,Holder
339,Minsk,2019,2019-11-03,NC,1,R16,4,ROSTOV_Pavel,MCT,,25.0,2.0,10.453,,Holder,Holder,Holder,Holder,Holder,Holder
340,Minsk,2019,2019-11-03,NC,1,R16,5,LENDEL_Vasilijus,LTU,,9.0,1.0,10.181,,Holder,Holder,Holder,Holder,Holder,Holder
341,Minsk,2019,2019-11-03,NC,1,R16,5,DORNBACH_Maximilian,ERD,,24.0,2.0,10.614999999999998,,Holder,Holder,Holder,Holder,Holder,Holder
342,Minsk,2019,2019-11-03,NC,1,R16,6,BOTTICHER_Stefan,GER,,10.0,1.0,10.339,,Holder,Holder,Holder,Holder,Holder,Holder
343,Minsk,2019,2019-11-03,NC,1,R16,6,CHUGAY_Andrey,KAZ,,23.0,2.0,10.419,,Holder,Holder,Holder,Holder,Holder,Holder
344,Minsk,2019,2019-11-03,NC,1,R16,7,YAKUSHEVSKIY_Pavel,RUS,,11.0,1.0,10.477,,Holder,Holder,Holder,Holder,Holder,Holder
345,Minsk,2019,2019-11-03,NC,1,R16,7,LAW_Tsz_Chun,HKG,,22.0,2.0,11.120000000000001,,Holder,Holder,Holder,Holder,Holder,Holder
346,Minsk,2019,2019-11-03,NC,1,R16,8,LANDERNEAU_Melvin,FRA,,12.0,1.0,10.327,,Holder,Holder,Holder,Holder,Holder,Holder
347,Minsk,2019,2019-11-03,NC,1,R16,8,ZHOU_Yu,CHN,,21.0,2.0,10.397,,Holder,Holder,Holder,Holder,Holder,Holder
348,Minsk,2019,2019-11-03,NC,1,R16,9,PERALTA_GASCON_Juan,ESP,,13.0,1.0,10.136,,Holder,Holder,Holder,Holder,Holder,Holder
349,Minsk,2019,2019-11-03,NC,1,R16,9,MORENO_SANCHEZ_Jose,ESP,,20.0,2.0,11.043,,Holder,Holder,Holder,Holder,Holder,Holder
350,Minsk,2019,2019-11-03,NC,1,R16,10,KELEMEN_Pavel,CZE,,14.0,1.0,10.343,,Holder,Holder,Holder,Holder,Holder,Holder
351,Minsk,2019,2019-11-03,NC,1,R16,10,SZALONTAY_Sandor,HUN,,19.0,2.0,10.431,,Holder,Holder,Holder,Holder,Holder,Holder
352,Minsk,2019,2019-11-03,NC,1,R16,11,SAHROM_Muhammad_Shah_Firdaus,SDF,,16.0,1.0,10.172,,Holder,Holder,Holder,Holder,Holder,Holder
353,Minsk,2019,2019-11-03,NC,1,R16,11,CECHMAN_Martin,CZE,,17.0,2.0,10.213000000000001,,Holder,Holder,Holder,Holder,Holder,Holder
354,Minsk,2019,2019-11-03,NC,1,R16,12,OBARA_Yuta,JPN,,15.0,1.0,10.211,,Holder,Holder,Holder,Holder,Holder,Holder
355,Minsk,2019,2019-11-03,NC,1,R16,12,QUINTERO_CHAVARRO_Kevin_Santiago,COL,,18.0,2.0,10.269,,Holder,Holder,Holder,Holder,Holder,Holder
356,Minsk,2019,2019-11-03,NC,1,R8,1,LAVREYSEN_Harrie,NED,,1.0,1.0,10.157,,Holder,Holder,Holder,Holder,Holder,Holder
357,Minsk,2019,2019-11-03,NC,1,R8,1,OBARA_Yuta,JPN,,15.0,2.0,10.336,,Holder,Holder,Holder,Holder,Holder,Holder
358,Minsk,2019,2019-11-03,NC,1,R8,2,HOOGLAND_Jeffrey,NED,,2.0,1.0,9.889,,Holder,Holder,Holder,Holder,Holder,Holder
359,Minsk,2019,2019-11-03,NC,1,R8,2,SAHROM_Muhammad_Shah_Firdaus,SDF,,16.0,2.0,9.896999999999998,,Holder,Holder,Holder,Holder,Holder,Holder
360,Minsk,2019,2019-11-03,NC,1,R8,3,VIGIER_Sebastien,FRA,,4.0,1.0,10.017,,Holder,Holder,Holder,Holder,Holder,Holder
361,Minsk,2019,2019-11-03,NC,1,R8,3,KELEMEN_Pavel,CZE,,14.0,2.0,10.065,,Holder,Holder,Holder,Holder,Holder,Holder
362,Minsk,2019,2019-11-03,NC,1,R8,4,RUDYK_Mateusz,POL,,5.0,1.0,10.069,,Holder,Holder,Holder,Holder,Holder,Holder
363,Minsk,2019,2019-11-03,NC,1,R8,4,PERALTA_GASCON_Juan,ESP,,13.0,2.0,10.31,,Holder,Holder,Holder,Holder,Holder,Holder
364,Minsk,2019,2019-11-03,NC,1,R8,5,BUCHLI_Matthijs,BCC,,3.0,1.0,10.248,,Holder,Holder,Holder,Holder,Holder,Holder
365,Minsk,2019,2019-11-03,NC,1,R8,5,LANDERNEAU_Melvin,FRA,,12.0,2.0,10.251,,Holder,Holder,Holder,Holder,Holder,Holder
366,Minsk,2019,2019-11-03,NC,1,R8,6,DMITRIEV_Denis,RUS,,6.0,1.0,10.246,,Holder,Holder,Holder,Holder,Holder,Holder
367,Minsk,2019,2019-11-03,NC,1,R8,6,YAKUSHEVSKIY_Pavel,RUS,,11.0,2.0,10.435,,Holder,Holder,Holder,Holder,Holder,Holder
368,Minsk,2019,2019-11-03,NC,1,R8,7,CARLIN_Jack,GBR,,7.0,1.0,10.172,,Holder,Holder,Holder,Holder,Holder,Holder
369,Minsk,2019,2019-11-03,NC,1,R8,7,BOTTICHER_Stefan,GER,,10.0,2.0,10.200000000000001,,Holder,Holder,Holder,Holder,Holder,Holder
370,Minsk,2019,2019-11-03,NC,1,R8,8,KENNY_Jason,GBR,,8.0,1.0,10.246,,Holder,Holder,Holder,Holder,Holder,Holder
371,Minsk,2019,2019-11-03,NC,1,R8,8,LENDEL_Vasilijus,LTU,,9.0,2.0,10.286,,Holder,Holder,Holder,Holder,Holder,Holder
372,Minsk,2019,2019-11-03,NC,1,QF,1,LAVREYSEN_Harrie,NED,,1.0,1.0,10.075,,Holder,Holder,Holder,Holder,Holder,Holder
373,Minsk,2019,2019-11-03,NC,1,QF,1,KENNY_Jason,GBR,,8.0,2.0,10.222999999999999,,Holder,Holder,Holder,Holder,Holder,Holder
374,Minsk,2019,2019-11-03,NC,1,QF,2,HOOGLAND_Jeffrey,NED,,2.0,1.0,9.726,,Holder,Holder,Holder,Holder,Holder,Holder
375,Minsk,2019,2019-11-03,NC,1,QF,2,CARLIN_Jack,GBR,,7.0,2.0,9.778,,Holder,Holder,Holder,Holder,Holder,Holder
376,Minsk,2019,2019-11-03,NC,1,QF,3,VIGIER_Sebastien,FRA,,4.0,1.0,10.053,,Holder,Holder,Holder,Holder,Holder,Holder
377,Minsk,2019,2019-11-03,NC,1,QF,3,DMITRIEV_Denis,RUS,,6.0,2.0,10.065000000000001,,Holder,Holder,Holder,Holder,Holder,Holder
378,Minsk,2019,2019-11-03,NC,1,QF,4,BUCHLI_Matthijs,BCC,,3.0,1.0,10.191,,Holder,Holder,Holder,Holder,Holder,Holder
379,Minsk,2019,2019-11-03,NC,1,QF,4,RUDYK_Mateusz,POL,,5.0,2.0,10.256,,Holder,Holder,Holder,Holder,Holder,Holder
372,Minsk,2019,2019-11-03,NC,2,QF,1,LAVREYSEN_Harrie,NED,,1.0,1.0,10.081,,Holder,Holder,Holder,Holder,Holder,Holder
373,Minsk,2019,2019-11-03,NC,2,QF,1,KENNY_Jason,GBR,,8.0,2.0,10.732,,Holder,Holder,Holder,Holder,Holder,Holder
374,Minsk,2019,2019-11-03,NC,2,QF,2,HOOGLAND_Jeffrey,NED,,2.0,1.0,9.803,,Holder,Holder,Holder,Holder,Holder,Holder
375,Minsk,2019,2019-11-03,NC,2,QF,2,CARLIN_Jack,GBR,,7.0,2.0,10.041,,Holder,Holder,Holder,Holder,Holder,Holder
376,Minsk,2019,2019-11-03,NC,2,QF,3,VIGIER_Sebastien,FRA,,4.0,1.0,9.982,,Holder,Holder,Holder,Holder,Holder,Holder
377,Minsk,2019,2019-11-03,NC,2,QF,3,DMITRIEV_Denis,RUS,,6.0,2.0,9.991,,Holder,Holder,Holder,Holder,Holder,Holder
378,Minsk,2019,2019-11-03,NC,2,QF,4,BUCHLI_Matthijs,BCC,,3.0,1.0,9.997,,Holder,Holder,Holder,Holder,Holder,Holder
379,Minsk,2019,2019-11-03,NC,2,QF,4,RUDYK_Mateusz,POL,,5.0,2.0,10.089,,Holder,Holder,Holder,Holder,Holder,Holder
380,Minsk,2019,2019-11-03,NC,1,SF,1,LAVREYSEN_Harrie,NED,,1.0,1.0,10.069,,Holder,Holder,Holder,Holder,Holder,Holder
381,Minsk,2019,2019-11-03,NC,1,SF,1,BUCHLI_Matthijs,BCC,,3.0,2.0,10.162,,Holder,Holder,Holder,Holder,Holder,Holder
382,Minsk,2019,2019-11-03,NC,1,SF,2,HOOGLAND_Jeffrey,NED,,2.0,1.0,9.79,,Holder,Holder,Holder,Holder,Holder,Holder
383,Minsk,2019,2019-11-03,NC,1,SF,2,VIGIER_Sebastien,FRA,,4.0,2.0,9.886999999999999,,Holder,Holder,Holder,Holder,Holder,Holder
380,Minsk,2019,2019-11-03,NC,2,SF,1,LAVREYSEN_Harrie,NED,,1.0,1.0,10.05,,Holder,Holder,Holder,Holder,Holder,Holder
381,Minsk,2019,2019-11-03,NC,2,SF,1,BUCHLI_Matthijs,BCC,,3.0,2.0,10.129000000000001,,Holder,Holder,Holder,Holder,Holder,Holder
382,Minsk,2019,2019-11-03,NC,2,SF,2,HOOGLAND_Jeffrey,NED,,2.0,1.0,9.957,,Holder,Holder,Holder,Holder,Holder,Holder
383,Minsk,2019,2019-11-03,NC,2,SF,2,VIGIER_Sebastien,FRA,,4.0,2.0,16.312,,Holder,Holder,Holder,Holder,Holder,Holder
384,Minsk,2019,2019-11-03,NC,1,F,G,LAVREYSEN_Harrie,NED,,1.0,2.0,9.882,,Holder,Holder,Holder,Holder,Holder,Holder
385,Minsk,2019,2019-11-03,NC,1,F,G,HOOGLAND_Jeffrey,NED,,2.0,1.0,9.874,,Holder,Holder,Holder,Holder,Holder,Holder
386,Minsk,2019,2019-11-03,NC,1,F,B,BUCHLI_Matthijs,BCC,,3.0,1.0,10.239,,Holder,Holder,Holder,Holder,Holder,Holder
387,Minsk,2019,2019-11-03,NC,1,F,B,VIGIER_Sebastien,FRA,,4.0,2.0,10.263,,Holder,Holder,Holder,Holder,Holder,Holder
384,Minsk,2019,2019-11-03,NC,2,F,G,LAVREYSEN_Harrie,NED,,1.0,1.0,9.97,,Holder,Holder,Holder,Holder,Holder,Holder
385,Minsk,2019,2019-11-03,NC,2,F,G,HOOGLAND_Jeffrey,NED,,2.0,2.0,10.112,,Holder,Holder,Holder,Holder,Holder,Holder
386,Minsk,2019,2019-11-03,NC,2,F,B,BUCHLI_Matthijs,BCC,,3.0,2.0,REL,,Holder,Holder,Holder,Holder,Holder,Holder
387,Minsk,2019,2019-11-03,NC,2,F,B,VIGIER_Sebastien,FRA,,4.0,1.0,,,Holder,Holder,Holder,Holder,Holder,Holder
384,Minsk,2019,2019-11-03,NC,3,F,G,LAVREYSEN_Harrie,NED,,1.0,1.0,9.857,,Holder,Holder,Holder,Holder,Holder,Holder
385,Minsk,2019,2019-11-03,NC,3,F,G,HOOGLAND_Jeffrey,NED,,2.0,2.0,9.942,,Holder,Holder,Holder,Holder,Holder,Holder
386,Minsk,2019,2019-11-03,NC,3,F,B,BUCHLI_Matthijs,BCC,,3.0,1.0,10.21,,Holder,Holder,Holder,Holder,Holder,Holder
387,Minsk,2019,2019-11-03,NC,3,F,B,VIGIER_Sebastien,FRA,,4.0,2.0,10.25,,Holder,Holder,Holder,Holder,Holder,Holder
388,Glasgow,2019,2019-11-09,NC,1,R16,1,BOTTICHER_Stefan,GER,,9.0,1.0,10.263,,Holder,Holder,Holder,Holder,Holder,Holder
389,Glasgow,2019,2019-11-09,NC,1,R16,1,VORZHEV_Pavel,KAZ,,28.0,2.0,10.326,,Holder,Holder,Holder,Holder,Holder,Holder
390,Glasgow,2019,2019-11-09,NC,1,R16,2,DMITRIEV_Denis,RUS,,5.0,1.0,10.413,,Holder,Holder,Holder,Holder,Holder,Holder
391,Glasgow,2019,2019-11-09,NC,1,R16,2,ZHOU_Yu,CHN,,27.0,2.0,10.444,,Holder,Holder,Holder,Holder,Holder,Holder
392,Glasgow,2019,2019-11-09,NC,1,R16,3,LENDEL_Vasilijus,LTU,,6.0,1.0,11.305,,Holder,Holder,Holder,Holder,Holder,Holder
393,Glasgow,2019,2019-11-09,NC,1,R16,3,DORNBACH_Maximilian,ERD,,26.0,2.0,13.731,,Holder,Holder,Holder,Holder,Holder,Holder
394,Glasgow,2019,2019-11-09,NC,1,R16,4,SAHROM_Muhammad_Shah_Firdaus,SDF,,16.0,1.0,10.175,,Holder,Holder,Holder,Holder,Holder,Holder
395,Glasgow,2019,2019-11-09,NC,1,R16,4,LEVY_Maximilian,ERD,,17.0,2.0,10.179,,Holder,Holder,Holder,Holder,Holder,Holder
396,Glasgow,2019,2019-11-09,NC,1,R16,5,KENNY_Jason,GBR,,7.0,1.0,10.04,,Holder,Holder,Holder,Holder,Holder,Holder
397,Glasgow,2019,2019-11-09,NC,1,R16,5,OBARA_Yuta,JPN,,25.0,2.0,13.315,,Holder,Holder,Holder,Holder,Holder,Holder
398,Glasgow,2019,2019-11-09,NC,1,R16,6,BUCHLI_Matthijs,BCC,,10.0,1.0,10.396,,Holder,Holder,Holder,Holder,Holder,Holder
399,Glasgow,2019,2019-11-09,NC,1,R16,6,HSIEH_Nien_Hsing,TPE,,24.0,2.0,10.448,,Holder,Holder,Holder,Holder,Holder,Holder
400,Glasgow,2019,2019-11-09,NC,1,R16,7,RICHARDSON_Matthew,AUS,,11.0,1.0,10.452,,Holder,Holder,Holder,Holder,Holder,Holder
401,Glasgow,2019,2019-11-09,NC,1,R16,7,QUINTERO_CHAVARRO_Kevin_Santiago,COL,,23.0,2.0,10.459,,Holder,Holder,Holder,Holder,Holder,Holder
402,Glasgow,2019,2019-11-09,NC,1,R16,8,TJON_EN_FA_Jair,SUR,,8.0,1.0,10.404,,Holder,Holder,Holder,Holder,Holder,Holder
403,Glasgow,2019,2019-11-09,NC,1,R16,8,CLARKE_Thomas,AUS,,22.0,2.0,10.419,,Holder,Holder,Holder,Holder,Holder,Holder
404,Glasgow,2019,2019-11-09,NC,1,R16,9,YAKUSHEVSKIY_Pavel,RUS,,12.0,1.0,10.259,,Holder,Holder,Holder,Holder,Holder,Holder
405,Glasgow,2019,2019-11-09,NC,1,R16,9,CECHMAN_Martin,CZE,,21.0,2.0,10.32,,Holder,Holder,Holder,Holder,Holder,Holder
406,Glasgow,2019,2019-11-09,NC,1,R16,10,PERALTA_GASCON_Juan,ESP,,13.0,1.0,10.338,,Holder,Holder,Holder,Holder,Holder,Holder
407,Glasgow,2019,2019-11-09,NC,1,R16,10,OWENS_Ryan,GBR,,20.0,2.0,10.439,,Holder,Holder,Holder,Holder,Holder,Holder
408,Glasgow,2019,2019-11-09,NC,1,R16,11,KELEMEN_Pavel,CZE,,14.0,1.0,10.415,,Holder,Holder,Holder,Holder,Holder,Holder
409,Glasgow,2019,2019-11-09,NC,1,R16,11,CALEYRON_Quentin,FRA,,19.0,2.0,10.514,,Holder,Holder,Holder,Holder,Holder,Holder
410,Glasgow,2019,2019-11-09,NC,1,R16,12,LANDERNEAU_Melvin,FRA,,15.0,1.0,10.177,,Holder,Holder,Holder,Holder,Holder,Holder
411,Glasgow,2019,2019-11-09,NC,1,R16,12,SZALONTAY_Sandor,HUN,,18.0,2.0,10.323,,Holder,Holder,Holder,Holder,Holder,Holder
412,Glasgow,2019,2019-11-09,NC,1,R8,1,LAVREYSEN_Harrie,NED,,1.0,1.0,9.924,,Holder,Holder,Holder,Holder,Holder,Holder
413,Glasgow,2019,2019-11-09,NC,1,R8,1,LANDERNEAU_Melvin,FRA,,15.0,2.0,9.947999999999999,,Holder,Holder,Holder,Holder,Holder,Holder
414,Glasgow,2019,2019-11-09,NC,1,R8,2,RUDYK_Mateusz,POL,,4.0,1.0,10.115,,Holder,Holder,Holder,Holder,Holder,Holder
415,Glasgow,2019,2019-11-09,NC,1,R8,2,KELEMEN_Pavel,CZE,,14.0,2.0,10.141,,Holder,Holder,Holder,Holder,Holder,Holder
416,Glasgow,2019,2019-11-09,NC,1,R8,3,HOOGLAND_Jeffrey,NED,,2.0,1.0,10.017,,Holder,Holder,Holder,Holder,Holder,Holder
417,Glasgow,2019,2019-11-09,NC,1,R8,3,PERALTA_GASCON_Juan,ESP,,13.0,2.0,13.921,,Holder,Holder,Holder,Holder,Holder,Holder
418,Glasgow,2019,2019-11-09,NC,1,R8,4,FUKAYA_Tomohiro,JPN,,3.0,1.0,10.258,,Holder,Holder,Holder,Holder,Holder,Holder
419,Glasgow,2019,2019-11-09,NC,1,R8,4,YAKUSHEVSKIY_Pavel,RUS,,12.0,2.0,10.329999999999998,,Holder,Holder,Holder,Holder,Holder,Holder
420,Glasgow,2019,2019-11-09,NC,1,R8,5,TJON_EN_FA_Jair,SUR,,8.0,1.0,10.169,,Holder,Holder,Holder,Holder,Holder,Holder
421,Glasgow,2019,2019-11-09,NC,1,R8,5,BOTTICHER_Stefan,GER,,9.0,2.0,10.183,,Holder,Holder,Holder,Holder,Holder,Holder
422,Glasgow,2019,2019-11-09,NC,1,R8,6,DMITRIEV_Denis,RUS,,5.0,1.0,10.358,,Holder,Holder,Holder,Holder,Holder,Holder
423,Glasgow,2019,2019-11-09,NC,1,R8,6,RICHARDSON_Matthew,AUS,,11.0,2.0,10.358,,Holder,Holder,Holder,Holder,Holder,Holder
424,Glasgow,2019,2019-11-09,NC,1,R8,7,LENDEL_Vasilijus,LTU,,6.0,1.0,10.268,,Holder,Holder,Holder,Holder,Holder,Holder
425,Glasgow,2019,2019-11-09,NC,1,R8,7,BUCHLI_Matthijs,BCC,,10.0,2.0,10.348,,Holder,Holder,Holder,Holder,Holder,Holder
426,Glasgow,2019,2019-11-09,NC,1,R8,8,KENNY_Jason,GBR,,7.0,1.0,10.235,,Holder,Holder,Holder,Holder,Holder,Holder
427,Glasgow,2019,2019-11-09,NC,1,R8,8,SAHROM_Muhammad_Shah_Firdaus,SDF,,16.0,2.0,10.247,,Holder,Holder,Holder,Holder,Holder,Holder
428,Glasgow,2019,2019-11-09,NC,1,QF,1,LAVREYSEN_Harrie,NED,,1.0,1.0,10.497,,Holder,Holder,Holder,Holder,Holder,Holder
429,Glasgow,2019,2019-11-09,NC,1,QF,1,KENNY_Jason,GBR,,7.0,2.0,10.583,,Holder,Holder,Holder,Holder,Holder,Holder
430,Glasgow,2019,2019-11-09,NC,1,QF,2,RUDYK_Mateusz,POL,,4.0,1.0,10.072,,Holder,Holder,Holder,Holder,Holder,Holder
431,Glasgow,2019,2019-11-09,NC,1,QF,2,LENDEL_Vasilijus,LTU,,6.0,2.0,10.095999999999998,,Holder,Holder,Holder,Holder,Holder,Holder
432,Glasgow,2019,2019-11-09,NC,1,QF,3,HOOGLAND_Jeffrey,NED,,2.0,1.0,9.838,,Holder,Holder,Holder,Holder,Holder,Holder
433,Glasgow,2019,2019-11-09,NC,1,QF,3,DMITRIEV_Denis,RUS,,5.0,2.0,12.488999999999999,,Holder,Holder,Holder,Holder,Holder,Holder
434,Glasgow,2019,2019-11-09,NC,1,QF,4,FUKAYA_Tomohiro,JPN,,3.0,1.0,10.114,,Holder,Holder,Holder,Holder,Holder,Holder
435,Glasgow,2019,2019-11-09,NC,1,QF,4,TJON_EN_FA_Jair,SUR,,8.0,2.0,10.42,,Holder,Holder,Holder,Holder,Holder,Holder
428,Glasgow,2019,2019-11-09,NC,2,QF,1,LAVREYSEN_Harrie,NED,,1.0,1.0,10.077,,Holder,Holder,Holder,Holder,Holder,Holder
429,Glasgow,2019,2019-11-09,NC,2,QF,1,KENNY_Jason,GBR,,7.0,2.0,10.22,,Holder,Holder,Holder,Holder,Holder,Holder
430,Glasgow,2019,2019-11-09,NC,2,QF,2,RUDYK_Mateusz,POL,,4.0,1.0,10.16,,Holder,Holder,Holder,Holder,Holder,Holder
431,Glasgow,2019,2019-11-09,NC,2,QF,2,LENDEL_Vasilijus,LTU,,6.0,2.0,10.313,,Holder,Holder,Holder,Holder,Holder,Holder
432,Glasgow,2019,2019-11-09,NC,2,QF,3,HOOGLAND_Jeffrey,NED,,2.0,1.0,10.089,,Holder,Holder,Holder,Holder,Holder,Holder
433,Glasgow,2019,2019-11-09,NC,2,QF,3,DMITRIEV_Denis,RUS,,5.0,2.0,10.103,,Holder,Holder,Holder,Holder,Holder,Holder
434,Glasgow,2019,2019-11-09,NC,2,QF,4,FUKAYA_Tomohiro,JPN,,3.0,1.0,10.005,,Holder,Holder,Holder,Holder,Holder,Holder
435,Glasgow,2019,2019-11-09,NC,2,QF,4,TJON_EN_FA_Jair,SUR,,8.0,2.0,10.567,,Holder,Holder,Holder,Holder,Holder,Holder
436,Glasgow,2019,2019-11-09,NC,1,SF,1,LAVREYSEN_Harrie,NED,,1.0,1.0,9.995,,Holder,Holder,Holder,Holder,Holder,Holder
437,Glasgow,2019,2019-11-09,NC,1,SF,1,FUKAYA_Tomohiro,JPN,,3.0,2.0,10.267999999999999,,Holder,Holder,Holder,Holder,Holder,Holder
438,Glasgow,2019,2019-11-09,NC,1,SF,2,HOOGLAND_Jeffrey,NED,,2.0,1.0,9.856,,Holder,Holder,Holder,Holder,Holder,Holder
439,Glasgow,2019,2019-11-09,NC,1,SF,2,RUDYK_Mateusz,POL,,4.0,2.0,10.061,,Holder,Holder,Holder,Holder,Holder,Holder
436,Glasgow,2019,2019-11-09,NC,2,SF,1,LAVREYSEN_Harrie,NED,,1.0,1.0,9.97,,Holder,Holder,Holder,Holder,Holder,Holder
437,Glasgow,2019,2019-11-09,NC,2,SF,1,FUKAYA_Tomohiro,JPN,,3.0,2.0,9.995000000000001,,Holder,Holder,Holder,Holder,Holder,Holder
438,Glasgow,2019,2019-11-09,NC,2,SF,2,HOOGLAND_Jeffrey,NED,,2.0,1.0,10.055,,Holder,Holder,Holder,Holder,Holder,Holder
439,Glasgow,2019,2019-11-09,NC,2,SF,2,RUDYK_Mateusz,POL,,4.0,2.0,11.224,,Holder,Holder,Holder,Holder,Holder,Holder
440,Glasgow,2019,2019-11-09,NC,1,F,G,LAVREYSEN_Harrie,NED,,1.0,1.0,9.917,,Holder,Holder,Holder,Holder,Holder,Holder
441,Glasgow,2019,2019-11-09,NC,1,F,G,HOOGLAND_Jeffrey,NED,,2.0,2.0,10.075,,Holder,Holder,Holder,Holder,Holder,Holder
442,Glasgow,2019,2019-11-09,NC,1,F,B,FUKAYA_Tomohiro,JPN,,3.0,1.0,10.145,,Holder,Holder,Holder,Holder,Holder,Holder
443,Glasgow,2019,2019-11-09,NC,1,F,B,RUDYK_Mateusz,POL,,4.0,2.0,10.148,,Holder,Holder,Holder,Holder,Holder,Holder
440,Glasgow,2019,2019-11-09,NC,2,F,G,LAVREYSEN_Harrie,NED,,1.0,1.0,9.906,,Holder,Holder,Holder,Holder,Holder,Holder
441,Glasgow,2019,2019-11-09,NC,2,F,G,HOOGLAND_Jeffrey,NED,,2.0,2.0,9.952,,Holder,Holder,Holder,Holder,Holder,Holder
442,Glasgow,2019,2019-11-09,NC,2,F,B,FUKAYA_Tomohiro,JPN,,3.0,1.0,10.141,,Holder,Holder,Holder,Holder,Holder,Holder
443,Glasgow,2019,2019-11-09,NC,2,F,B,RUDYK_Mateusz,POL,,4.0,2.0,10.33,,Holder,Holder,Holder,Holder,Holder,Holder
444,Hong_Kong,2019,2019-12-01,NC,1,R16,1,PAUL_Nicholas,TTO,,9.0,1.0,10.671,,Holder,Holder,Holder,Holder,Holder,Holder
445,Hong_Kong,2019,2019-12-01,NC,1,R16,1,SAUNDERS_Callum,NZL,,28.0,2.0,10.756,,Holder,Holder,Holder,Holder,Holder,Holder
446,Hong_Kong,2019,2019-12-01,NC,1,R16,2,KENNY_Jason,GBR,,10.0,1.0,10.494,,Holder,Holder,Holder,Holder,Holder,Holder
447,Hong_Kong,2019,2019-12-01,NC,1,R16,2,WAMMES_Nick,PTM,,27.0,2.0,10.506,,Holder,Holder,Holder,Holder,Holder,Holder
448,Hong_Kong,2019,2019-12-01,NC,1,R16,3,NITTA_Yudai,JPN,,5.0,1.0,10.378,,Holder,Holder,Holder,Holder,Holder,Holder
449,Hong_Kong,2019,2019-12-01,NC,1,R16,3,D'ALMEIDA_Michael,FRA,,26.0,2.0,10.514,,Holder,Holder,Holder,Holder,Holder,Holder
450,Hong_Kong,2019,2019-12-01,NC,1,R16,4,TJON_EN_FA_Jair,SUR,,6.0,1.0,10.486,,Holder,Holder,Holder,Holder,Holder,Holder
451,Hong_Kong,2019,2019-12-01,NC,1,R16,4,CECHMAN_Martin,CZE,,25.0,2.0,10.598,,Holder,Holder,Holder,Holder,Holder,Holder
452,Hong_Kong,2019,2019-12-01,NC,1,R16,5,BUCHLI_Matthijs,BCC,,11.0,1.0,10.349,,Holder,Holder,Holder,Holder,Holder,Holder
453,Hong_Kong,2019,2019-12-01,NC,1,R16,5,DORNBACH_Maximilian,ERD,,24.0,2.0,10.437,,Holder,Holder,Holder,Holder,Holder,Holder
454,Hong_Kong,2019,2019-12-01,NC,1,R16,6,BOTTICHER_Stefan,GER,,12.0,1.0,10.342,,Holder,Holder,Holder,Holder,Holder,Holder
455,Hong_Kong,2019,2019-12-01,NC,1,R16,6,MORENO_SANCHEZ_Jose,ESP,,23.0,2.0,10.809000000000001,,Holder,Holder,Holder,Holder,Holder,Holder
456,Hong_Kong,2019,2019-12-01,NC,1,R16,7,BAUGE_Gregory,FRA,,7.0,1.0,10.354,,Holder,Holder,Holder,Holder,Holder,Holder
457,Hong_Kong,2019,2019-12-01,NC,1,R16,7,LAW_Tsz_Chun,HKG,,22.0,2.0,10.457999999999998,,Holder,Holder,Holder,Holder,Holder,Holder
458,Hong_Kong,2019,2019-12-01,NC,1,R16,8,KAWABATA_Tomoyuki,JPC,,8.0,1.0,10.255,,Holder,Holder,Holder,Holder,Holder,Holder
459,Hong_Kong,2019,2019-12-01,NC,1,R16,8,KELEMEN_Pavel,CZE,,21.0,2.0,10.345,,Holder,Holder,Holder,Holder,Holder,Holder
460,Hong_Kong,2019,2019-12-01,NC,1,R16,9,AWANG_Mohd_Azizulhasni,MAS,,13.0,1.0,10.225,,Holder,Holder,Holder,Holder,Holder,Holder
461,Hong_Kong,2019,2019-12-01,NC,1,R16,9,MELLEN_James,USA,,20.0,2.0,10.321,,Holder,Holder,Holder,Holder,Holder,Holder
462,Hong_Kong,2019,2019-12-01,NC,1,R16,10,LENDEL_Vasilijus,LTU,,14.0,1.0,10.452,,Holder,Holder,Holder,Holder,Holder,Holder
463,Hong_Kong,2019,2019-12-01,NC,1,R16,10,BARRETTE_Hugo,CAN,,19.0,2.0,12.04,,Holder,Holder,Holder,Holder,Holder,Holder
464,Hong_Kong,2019,2019-12-01,NC,1,R16,11,SZALONTAY_Sandor,HUN,,15.0,1.0,10.323,,Holder,Holder,Holder,Holder,Holder,Holder
465,Hong_Kong,2019,2019-12-01,NC,1,R16,11,HSIEH_Nien_Hsing,TPE,,18.0,2.0,10.463000000000001,,Holder,Holder,Holder,Holder,Holder,Holder
466,Hong_Kong,2019,2019-12-01,NC,1,R16,12,LEVY_Maximilian,ERD,,16.0,1.0,10.26,,Holder,Holder,Holder,Holder,Holder,Holder
467,Hong_Kong,2019,2019-12-01,NC,1,R16,12,PERALTA_GASCON_Juan,ESP,,17.0,2.0,10.331999999999999,,Holder,Holder,Holder,Holder,Holder,Holder
468,Hong_Kong,2019,2019-12-01,NC,1,R8,1,HOOGLAND_Jeffrey,NED,,2.0,1.0,9.961,,Holder,Holder,Holder,Holder,Holder,Holder
469,Hong_Kong,2019,2019-12-01,NC,1,R8,1,LEVY_Maximilian,ERD,,16.0,2.0,10.111,,Holder,Holder,Holder,Holder,Holder,Holder
470,Hong_Kong,2019,2019-12-01,NC,1,R8,2,LAVREYSEN_Harrie,NED,,1.0,1.0,10.243,,Holder,Holder,Holder,Holder,Holder,Holder
471,Hong_Kong,2019,2019-12-01,NC,1,R8,2,SZALONTAY_Sandor,HUN,,15.0,2.0,10.361,,Holder,Holder,Holder,Holder,Holder,Holder
472,Hong_Kong,2019,2019-12-01,NC,1,R8,3,RUDYK_Mateusz,POL,,4.0,1.0,11.22,,Holder,Holder,Holder,Holder,Holder,Holder
473,Hong_Kong,2019,2019-12-01,NC,1,R8,3,LENDEL_Vasilijus,LTU,,14.0,2.0,REL,,Holder,Holder,Holder,Holder,Holder,Holder
474,Hong_Kong,2019,2019-12-01,NC,1,R8,4,FUKAYA_Tomohiro,JPN,,3.0,1.0,9.939,,Holder,Holder,Holder,Holder,Holder,Holder
475,Hong_Kong,2019,2019-12-01,NC,1,R8,4,AWANG_Mohd_Azizulhasni,MAS,,13.0,2.0,10.855,,Holder,Holder,Holder,Holder,Holder,Holder
476,Hong_Kong,2019,2019-12-01,NC,1,R8,5,KAWABATA_Tomoyuki,JPC,,8.0,1.0,10.124,,Holder,Holder,Holder,Holder,Holder,Holder
477,Hong_Kong,2019,2019-12-01,NC,1,R8,5,PAUL_Nicholas,TTO,,9.0,2.0,10.257000000000001,,Holder,Holder,Holder,Holder,Holder,Holder
478,Hong_Kong,2019,2019-12-01,NC,1,R8,6,BAUGE_Gregory,FRA,,7.0,1.0,10.042,,Holder,Holder,Holder,Holder,Holder,Holder
479,Hong_Kong,2019,2019-12-01,NC,1,R8,6,KENNY_Jason,GBR,,10.0,2.0,10.219,,Holder,Holder,Holder,Holder,Holder,Holder
480,Hong_Kong,2019,2019-12-01,NC,1,R8,7,NITTA_Yudai,JPN,,5.0,1.0,10.208,,Holder,Holder,Holder,Holder,Holder,Holder
481,Hong_Kong,2019,2019-12-01,NC,1,R8,7,BOTTICHER_Stefan,GER,,12.0,2.0,10.234,,Holder,Holder,Holder,Holder,Holder,Holder
482,Hong_Kong,2019,2019-12-01,NC,1,R8,8,TJON_EN_FA_Jair,SUR,,6.0,1.0,10.236,,Holder,Holder,Holder,Holder,Holder,Holder
483,Hong_Kong,2019,2019-12-01,NC,1,R8,8,BUCHLI_Matthijs,BCC,,11.0,2.0,10.265,,Holder,Holder,Holder,Holder,Holder,Holder
484,Hong_Kong,2019,2019-12-01,NC,1,QF,1,HOOGLAND_Jeffrey,NED,,2.0,1.0,10.149,,Holder,Holder,Holder,Holder,Holder,Holder
485,Hong_Kong,2019,2019-12-01,NC,1,QF,1,TJON_EN_FA_Jair,SUR,,6.0,2.0,10.235,,Holder,Holder,Holder,Holder,Holder,Holder
486,Hong_Kong,2019,2019-12-01,NC,1,QF,2,LAVREYSEN_Harrie,NED,,1.0,1.0,10.107,,Holder,Holder,Holder,Holder,Holder,Holder
487,Hong_Kong,2019,2019-12-01,NC,1,QF,2,NITTA_Yudai,JPN,,5.0,2.0,10.144,,Holder,Holder,Holder,Holder,Holder,Holder
488,Hong_Kong,2019,2019-12-01,NC,1,QF,3,RUDYK_Mateusz,POL,,4.0,1.0,10.115,,Holder,Holder,Holder,Holder,Holder,Holder
489,Hong_Kong,2019,2019-12-01,NC,1,QF,3,BAUGE_Gregory,FRA,,7.0,2.0,10.126,,Holder,Holder,Holder,Holder,Holder,Holder
490,Hong_Kong,2019,2019-12-01,NC,1,QF,4,FUKAYA_Tomohiro,JPN,,3.0,1.0,10.121,,Holder,Holder,Holder,Holder,Holder,Holder
491,Hong_Kong,2019,2019-12-01,NC,1,QF,4,KAWABATA_Tomoyuki,JPC,,8.0,2.0,11.049000000000001,,Holder,Holder,Holder,Holder,Holder,Holder
484,Hong_Kong,2019,2019-12-01,NC,2,QF,1,HOOGLAND_Jeffrey,NED,,2.0,1.0,10.151,,Holder,Holder,Holder,Holder,Holder,Holder
485,Hong_Kong,2019,2019-12-01,NC,2,QF,1,TJON_EN_FA_Jair,SUR,,6.0,2.0,12.762,,Holder,Holder,Holder,Holder,Holder,Holder
486,Hong_Kong,2019,2019-12-01,NC,2,QF,2,LAVREYSEN_Harrie,NED,,1.0,1.0,10.298,,Holder,Holder,Holder,Holder,Holder,Holder
487,Hong_Kong,2019,2019-12-01,NC,2,QF,2,NITTA_Yudai,JPN,,5.0,2.0,10.498,,Holder,Holder,Holder,Holder,Holder,Holder
488,Hong_Kong,2019,2019-12-01,NC,2,QF,3,RUDYK_Mateusz,POL,,4.0,1.0,10.556,,Holder,Holder,Holder,Holder,Holder,Holder
489,Hong_Kong,2019,2019-12-01,NC,2,QF,3,BAUGE_Gregory,FRA,,7.0,2.0,11.088,,Holder,Holder,Holder,Holder,Holder,Holder
490,Hong_Kong,2019,2019-12-01,NC,2,QF,4,FUKAYA_Tomohiro,JPN,,3.0,1.0,10.231,,Holder,Holder,Holder,Holder,Holder,Holder
491,Hong_Kong,2019,2019-12-01,NC,2,QF,4,KAWABATA_Tomoyuki,JPC,,8.0,2.0,10.262,,Holder,Holder,Holder,Holder,Holder,Holder
492,Hong_Kong,2019,2019-12-01,NC,1,SF,1,HOOGLAND_Jeffrey,NED,,2.0,1.0,9.898,,Holder,Holder,Holder,Holder,Holder,Holder
493,Hong_Kong,2019,2019-12-01,NC,1,SF,1,FUKAYA_Tomohiro,JPN,,3.0,2.0,10.003,,Holder,Holder,Holder,Holder,Holder,Holder
494,Hong_Kong,2019,2019-12-01,NC,1,SF,2,LAVREYSEN_Harrie,NED,,1.0,1.0,10.114,,Holder,Holder,Holder,Holder,Holder,Holder
495,Hong_Kong,2019,2019-12-01,NC,1,SF,2,RUDYK_Mateusz,POL,,4.0,2.0,10.204,,Holder,Holder,Holder,Holder,Holder,Holder
492,Hong_Kong,2019,2019-12-01,NC,2,SF,1,HOOGLAND_Jeffrey,NED,,2.0,1.0,10.258,,Holder,Holder,Holder,Holder,Holder,Holder
493,Hong_Kong,2019,2019-12-01,NC,2,SF,1,FUKAYA_Tomohiro,JPN,,3.0,2.0,10.518999999999998,,Holder,Holder,Holder,Holder,Holder,Holder
494,Hong_Kong,2019,2019-12-01,NC,2,SF,2,LAVREYSEN_Harrie,NED,,1.0,1.0,10.234,,Holder,Holder,Holder,Holder,Holder,Holder
495,Hong_Kong,2019,2019-12-01,NC,2,SF,2,RUDYK_Mateusz,POL,,4.0,2.0,10.32,,Holder,Holder,Holder,Holder,Holder,Holder
496,Hong_Kong,2019,2019-12-01,NC,1,F,G,LAVREYSEN_Harrie,NED,,1.0,1.0,9.926,,Holder,Holder,Holder,Holder,Holder,Holder
497,Hong_Kong,2019,2019-12-01,NC,1,F,G,HOOGLAND_Jeffrey,NED,,2.0,2.0,9.939,,Holder,Holder,Holder,Holder,Holder,Holder
498,Hong_Kong,2019,2019-12-01,NC,1,F,B,FUKAYA_Tomohiro,JPN,,3.0,1.0,10.144,,Holder,Holder,Holder,Holder,Holder,Holder
499,Hong_Kong,2019,2019-12-01,NC,1,F,B,RUDYK_Mateusz,POL,,4.0,2.0,10.147,,Holder,Holder,Holder,Holder,Holder,Holder
496,Hong_Kong,2019,2019-12-01,NC,2,F,G,LAVREYSEN_Harrie,NED,,1.0,1.0,10.156,,Holder,Holder,Holder,Holder,Holder,Holder
497,Hong_Kong,2019,2019-12-01,NC,2,F,G,HOOGLAND_Jeffrey,NED,,2.0,2.0,10.273000000000001,,Holder,Holder,Holder,Holder,Holder,Holder
498,Hong_Kong,2019,2019-12-01,NC,2,F,B,FUKAYA_Tomohiro,JPN,,3.0,1.0,9.948,,Holder,Holder,Holder,Holder,Holder,Holder
499,Hong_Kong,2019,2019-12-01,NC,2,F,B,RUDYK_Mateusz,POL,,4.0,2.0,10.043000000000001,,Holder,Holder,Holder,Holder,Holder,Holder
500,Cambridge,2019,2019-12-08,NC,1,R16,1,SZALONTAY_Sandor,HUN,,5.0,1.0,10.451,,Holder,Holder,Holder,Holder,Holder,Holder
501,Cambridge,2019,2019-12-08,NC,1,R16,1,VORZHEV_Pavel,KAZ,,28.0,2.0,10.527000000000001,,Holder,Holder,Holder,Holder,Holder,Holder
502,Cambridge,2019,2019-12-08,NC,1,R16,2,WEBSTER_Sam,NZL,,6.0,1.0,10.072,,Holder,Holder,Holder,Holder,Holder,Holder
503,Cambridge,2019,2019-12-08,NC,1,R16,2,WAKIMOTO_Yuta,BGT,,27.0,2.0,10.133,,Holder,Holder,Holder,Holder,Holder,Holder
504,Cambridge,2019,2019-12-08,NC,1,R16,3,AWANG_Mohd_Azizulhasni,MAS,,7.0,1.0,10.497,,Holder,Holder,Holder,Holder,Holder,Holder
505,Cambridge,2019,2019-12-08,NC,1,R16,3,CHUGAY_Andrey,KAZ,,26.0,2.0,10.52,,Holder,Holder,Holder,Holder,Holder,Holder
506,Cambridge,2019,2019-12-08,NC,1,R16,4,TJON_EN_FA_Jair,SUR,,9.0,1.0,10.927,,Holder,Holder,Holder,Holder,Holder,Holder
507,Cambridge,2019,2019-12-08,NC,1,R16,4,MORENO_SANCHEZ_Jose,ESP,,25.0,2.0,10.929,,Holder,Holder,Holder,Holder,Holder,Holder
508,Cambridge,2019,2019-12-08,NC,1,R16,5,PAUL_Nicholas,TTO,,8.0,1.0,10.433,,Holder,Holder,Holder,Holder,Holder,Holder
509,Cambridge,2019,2019-12-08,NC,1,R16,5,HSIEH_Nien_Hsing,TPE,,24.0,2.0,10.456999999999999,,Holder,Holder,Holder,Holder,Holder,Holder
510,Cambridge,2019,2019-12-08,NC,1,R16,6,YAKUSHEVSKIY_Pavel,RUS,,10.0,1.0,10.623,,Holder,Holder,Holder,Holder,Holder,Holder
511,Cambridge,2019,2019-12-08,NC,1,R16,6,ZHOU_Yu,CHN,,23.0,2.0,10.706999999999999,,Holder,Holder,Holder,Holder,Holder,Holder
512,Cambridge,2019,2019-12-08,NC,1,R16,7,MITCHELL_Ethan,NZL,,11.0,1.0,10.213,,Holder,Holder,Holder,Holder,Holder,Holder
513,Cambridge,2019,2019-12-08,NC,1,R16,7,KELEMEN_Pavel,CZE,,22.0,2.0,10.286999999999999,,Holder,Holder,Holder,Holder,Holder,Holder
514,Cambridge,2019,2019-12-08,NC,1,R16,8,GLAETZER_Matthew,AUS,,12.0,1.0,10.278,,Holder,Holder,Holder,Holder,Holder,Holder
515,Cambridge,2019,2019-12-08,NC,1,R16,8,HELAL_Rayan,FRA,,21.0,2.0,10.278,,Holder,Holder,Holder,Holder,Holder,Holder
516,Cambridge,2019,2019-12-08,NC,1,R16,9,QUINTERO_CHAVARRO_Kevin_Santiago,COL,,13.0,1.0,10.328,,Holder,Holder,Holder,Holder,Holder,Holder
517,Cambridge,2019,2019-12-08,NC,1,R16,9,ARCHAMBAULT_Joel,PTM,,20.0,2.0,10.427,,Holder,Holder,Holder,Holder,Holder,Holder
518,Cambridge,2019,2019-12-08,NC,1,R16,10,PERALTA_GASCON_Juan,ESP,,14.0,1.0,10.344,,Holder,Holder,Holder,Holder,Holder,Holder
519,Cambridge,2019,2019-12-08,NC,1,R16,10,RAMIREZ_MORALES_Santiago,COL,,19.0,2.0,10.363,,Holder,Holder,Holder,Holder,Holder,Holder
520,Cambridge,2019,2019-12-08,NC,1,R16,11,SHARAPOV_Alexander,RUS,,15.0,1.0,10.098,,Holder,Holder,Holder,Holder,Holder,Holder
521,Cambridge,2019,2019-12-08,NC,1,R16,11,SAHROM_Muhammad_Shah_Firdaus,SDF,,18.0,2.0,10.272,,Holder,Holder,Holder,Holder,Holder,Holder
522,Cambridge,2019,2019-12-08,NC,1,R16,12,BARRETTE_Hugo,CAN,,16.0,1.0,10.512,,Holder,Holder,Holder,Holder,Holder,Holder
523,Cambridge,2019,2019-12-08,NC,1,R16,12,CECHMAN_Martin,CZE,,17.0,2.0,10.528,,Holder,Holder,Holder,Holder,Holder,Holder
524,Cambridge,2019,2019-12-08,NC,1,R8,1,RUDYK_Mateusz,POL,,1.0,1.0,10.317,,Holder,Holder,Holder,Holder,Holder,Holder
525,Cambridge,2019,2019-12-08,NC,1,R8,1,BARRETTE_Hugo,CAN,,16.0,2.0,10.418000000000001,,Holder,Holder,Holder,Holder,Holder,Holder
526,Cambridge,2019,2019-12-08,NC,1,R8,2,FUKAYA_Tomohiro,JPN,,2.0,1.0,10.125,,Holder,Holder,Holder,Holder,Holder,Holder
527,Cambridge,2019,2019-12-08,NC,1,R8,2,SHARAPOV_Alexander,RUS,,15.0,2.0,10.207,,Holder,Holder,Holder,Holder,Holder,Holder
528,Cambridge,2019,2019-12-08,NC,1,R8,3,HART_Nathan,AUS,,4.0,1.0,10.181,,Holder,Holder,Holder,Holder,Holder,Holder
529,Cambridge,2019,2019-12-08,NC,1,R8,3,PERALTA_GASCON_Juan,ESP,,14.0,2.0,10.507,,Holder,Holder,Holder,Holder,Holder,Holder
530,Cambridge,2019,2019-12-08,NC,1,R8,4,NITTA_Yudai,JPN,,3.0,1.0,10.199,,Holder,Holder,Holder,Holder,Holder,Holder
531,Cambridge,2019,2019-12-08,NC,1,R8,4,QUINTERO_CHAVARRO_Kevin_Santiago,COL,,13.0,2.0,10.304,,Holder,Holder,Holder,Holder,Holder,Holder
532,Cambridge,2019,2019-12-08,NC,1,R8,5,SZALONTAY_Sandor,HUN,,5.0,1.0,10.524,,Holder,Holder,Holder,Holder,Holder,Holder
533,Cambridge,2019,2019-12-08,NC,1,R8,5,GLAETZER_Matthew,AUS,,12.0,2.0,10.54,,Holder,Holder,Holder,Holder,Holder,Holder
534,Cambridge,2019,2019-12-08,NC,1,R8,6,WEBSTER_Sam,NZL,,6.0,1.0,10.109,,Holder,Holder,Holder,Holder,Holder,Holder
535,Cambridge,2019,2019-12-08,NC,1,R8,6,MITCHELL_Ethan,NZL,,11.0,2.0,10.6,,Holder,Holder,Holder,Holder,Holder,Holder
536,Cambridge,2019,2019-12-08,NC,1,R8,7,AWANG_Mohd_Azizulhasni,MAS,,7.0,1.0,10.201,,Holder,Holder,Holder,Holder,Holder,Holder
537,Cambridge,2019,2019-12-08,NC,1,R8,7,YAKUSHEVSKIY_Pavel,RUS,,10.0,2.0,10.280000000000001,,Holder,Holder,Holder,Holder,Holder,Holder
538,Cambridge,2019,2019-12-08,NC,1,R8,8,PAUL_Nicholas,TTO,,8.0,1.0,11.066,,Holder,Holder,Holder,Holder,Holder,Holder
539,Cambridge,2019,2019-12-08,NC,1,R8,8,TJON_EN_FA_Jair,SUR,,9.0,2.0,11.163,,Holder,Holder,Holder,Holder,Holder,Holder
540,Cambridge,2019,2019-12-08,NC,1,QF,1,RUDYK_Mateusz,POL,,1.0,1.0,10.369,,Holder,Holder,Holder,Holder,Holder,Holder
541,Cambridge,2019,2019-12-08,NC,1,QF,1,PAUL_Nicholas,TTO,,8.0,2.0,11.437999999999999,,Holder,Holder,Holder,Holder,Holder,Holder
542,Cambridge,2019,2019-12-08,NC,1,QF,2,FUKAYA_Tomohiro,JPN,,2.0,1.0,10.202,,Holder,Holder,Holder,Holder,Holder,Holder
543,Cambridge,2019,2019-12-08,NC,1,QF,2,AWANG_Mohd_Azizulhasni,MAS,,7.0,2.0,10.231,,Holder,Holder,Holder,Holder,Holder,Holder
544,Cambridge,2019,2019-12-08,NC,1,QF,3,HART_Nathan,AUS,,4.0,1.0,10.045,,Holder,Holder,Holder,Holder,Holder,Holder
545,Cambridge,2019,2019-12-08,NC,1,QF,3,WEBSTER_Sam,NZL,,6.0,2.0,11.158,,Holder,Holder,Holder,Holder,Holder,Holder
546,Cambridge,2019,2019-12-08,NC,1,QF,4,NITTA_Yudai,JPN,,3.0,1.0,10.154,,Holder,Holder,Holder,Holder,Holder,Holder
547,Cambridge,2019,2019-12-08,NC,1,QF,4,SZALONTAY_Sandor,HUN,,5.0,2.0,10.241,,Holder,Holder,Holder,Holder,Holder,Holder
540,Cambridge,2019,2019-12-08,NC,2,QF,1,RUDYK_Mateusz,POL,,1.0,1.0,10.222,,Holder,Holder,Holder,Holder,Holder,Holder
541,Cambridge,2019,2019-12-08,NC,2,QF,1,PAUL_Nicholas,TTO,,8.0,2.0,10.363,,Holder,Holder,Holder,Holder,Holder,Holder
542,Cambridge,2019,2019-12-08,NC,2,QF,2,FUKAYA_Tomohiro,JPN,,2.0,1.0,10.295,,Holder,Holder,Holder,Holder,Holder,Holder
543,Cambridge,2019,2019-12-08,NC,2,QF,2,AWANG_Mohd_Azizulhasni,MAS,,7.0,2.0,10.823,,Holder,Holder,Holder,Holder,Holder,Holder
544,Cambridge,2019,2019-12-08,NC,2,QF,3,HART_Nathan,AUS,,4.0,1.0,10.273,,Holder,Holder,Holder,Holder,Holder,Holder
545,Cambridge,2019,2019-12-08,NC,2,QF,3,WEBSTER_Sam,NZL,,6.0,2.0,10.974,,Holder,Holder,Holder,Holder,Holder,Holder
546,Cambridge,2019,2019-12-08,NC,2,QF,4,NITTA_Yudai,JPN,,3.0,1.0,10.238,,Holder,Holder,Holder,Holder,Holder,Holder
547,Cambridge,2019,2019-12-08,NC,2,QF,4,SZALONTAY_Sandor,HUN,,5.0,2.0,10.338,,Holder,Holder,Holder,Holder,Holder,Holder
548,Cambridge,2019,2019-12-08,NC,1,SF,1,RUDYK_Mateusz,POL,,1.0,1.0,10.159,,Holder,Holder,Holder,Holder,Holder,Holder
549,Cambridge,2019,2019-12-08,NC,1,SF,1,NITTA_Yudai,JPN,,3.0,2.0,10.166,,Holder,Holder,Holder,Holder,Holder,Holder
550,Cambridge,2019,2019-12-08,NC,1,SF,2,FUKAYA_Tomohiro,JPN,,2.0,1.0,10.287,,Holder,Holder,Holder,Holder,Holder,Holder
551,Cambridge,2019,2019-12-08,NC,1,SF,2,HART_Nathan,AUS,,4.0,2.0,10.294,,Holder,Holder,Holder,Holder,Holder,Holder
548,Cambridge,2019,2019-12-08,NC,2,SF,1,RUDYK_Mateusz,POL,,1.0,1.0,9.748,,Holder,Holder,Holder,Holder,Holder,Holder
549,Cambridge,2019,2019-12-08,NC,2,SF,1,NITTA_Yudai,JPN,,3.0,2.0,10.239999999999998,,Holder,Holder,Holder,Holder,Holder,Holder
550,Cambridge,2019,2019-12-08,NC,2,SF,2,FUKAYA_Tomohiro,JPN,,2.0,1.0,10.009,,Holder,Holder,Holder,Holder,Holder,Holder
551,Cambridge,2019,2019-12-08,NC,2,SF,2,HART_Nathan,AUS,,4.0,2.0,10.534,,Holder,Holder,Holder,Holder,Holder,Holder
552,Cambridge,2019,2019-12-08,NC,1,F,G,RUDYK_Mateusz,POL,,1.0,1.0,10.039,,Holder,Holder,Holder,Holder,Holder,Holder
553,Cambridge,2019,2019-12-08,NC,1,F,G,FUKAYA_Tomohiro,JPN,,2.0,2.0,10.134,,Holder,Holder,Holder,Holder,Holder,Holder
554,Cambridge,2019,2019-12-08,NC,1,F,B,NITTA_Yudai,JPN,,3.0,1.0,10.068,,Holder,Holder,Holder,Holder,Holder,Holder
555,Cambridge,2019,2019-12-08,NC,1,F,B,HART_Nathan,AUS,,4.0,2.0,10.089,,Holder,Holder,Holder,Holder,Holder,Holder
552,Cambridge,2019,2019-12-08,NC,2,F,G,RUDYK_Mateusz,POL,,1.0,1.0,10.12,,Holder,Holder,Holder,Holder,Holder,Holder
553,Cambridge,2019,2019-12-08,NC,2,F,G,FUKAYA_Tomohiro,JPN,,2.0,2.0,10.187999999999999,,Holder,Holder,Holder,Holder,Holder,Holder
554,Cambridge,2019,2019-12-08,NC,2,F,B,NITTA_Yudai,JPN,,3.0,1.0,10.37,,Holder,Holder,Holder,Holder,Holder,Holder
555,Cambridge,2019,2019-12-08,NC,2,F,B,HART_Nathan,AUS,,4.0,2.0,10.553999999999998,,Holder,Holder,Holder,Holder,Holder,Holder
556,Brisbane,2019,2019-12-15,NC,1,R16,1,TJON_EN_FA_Jair,SUR,,4.0,1.0,10.303,,Holder,Holder,Holder,Holder,Holder,Holder
557,Brisbane,2019,2019-12-15,NC,1,R16,1,SHURSHIN_Nikita,RUS,,28.0,2.0,10.326,,Holder,Holder,Holder,Holder,Holder,Holder
558,Brisbane,2019,2019-12-15,NC,1,R16,2,HART_Nathan,AUS,,11.0,1.0,10.168,,Holder,Holder,Holder,Holder,Holder,Holder
559,Brisbane,2019,2019-12-15,NC,1,R16,2,ZHANG_Cheng,CYT,,27.0,2.0,10.354999999999999,,Holder,Holder,Holder,Holder,Holder,Holder
560,Brisbane,2019,2019-12-15,NC,1,R16,3,WEBSTER_Sam,NZL,,2.0,1.0,10.319,,Holder,Holder,Holder,Holder,Holder,Holder
561,Brisbane,2019,2019-12-15,NC,1,R16,3,CANELON_VERA_Hersony,VEN,,26.0,2.0,10.4,,Holder,Holder,Holder,Holder,Holder,Holder
562,Brisbane,2019,2019-12-15,NC,1,R16,4,CHUGAY_Andrey,KAZ,,16.0,1.0,10.21,,Holder,Holder,Holder,Holder,Holder,Holder
563,Brisbane,2019,2019-12-15,NC,1,R16,4,ZHOU_Yu,CHN,,17.0,2.0,10.236,,Holder,Holder,Holder,Holder,Holder,Holder
564,Brisbane,2019,2019-12-15,NC,1,R16,5,TRUMAN_Joseph,GBR,,5.0,1.0,10.107,,Holder,Holder,Holder,Holder,Holder,Holder
565,Brisbane,2019,2019-12-15,NC,1,R16,5,MORENO_SANCHEZ_Jose,ESP,,25.0,2.0,10.232999999999999,,Holder,Holder,Holder,Holder,Holder,Holder
566,Brisbane,2019,2019-12-15,NC,1,R16,6,CECHMAN_Martin,CZE,,12.0,1.0,10.474,,Holder,Holder,Holder,Holder,Holder,Holder
567,Brisbane,2019,2019-12-15,NC,1,R16,6,ARCHAMBAULT_Joel,PTM,,24.0,2.0,10.556000000000001,,Holder,Holder,Holder,Holder,Holder,Holder
568,Brisbane,2019,2019-12-15,NC,1,R16,7,WAKIMOTO_Yuta,JPN,,6.0,1.0,10.374,,Holder,Holder,Holder,Holder,Holder,Holder
569,Brisbane,2019,2019-12-15,NC,1,R16,7,LAW_Tsz_Chun,HKG,,23.0,2.0,10.471,,Holder,Holder,Holder,Holder,Holder,Holder
570,Brisbane,2019,2019-12-15,NC,1,R16,8,KAWABATA_Tomoyuki,JPC,,13.0,1.0,10.16,,Holder,Holder,Holder,Holder,Holder,Holder
571,Brisbane,2019,2019-12-15,NC,1,R16,8,RAMIREZ_MORALES_Santiago,COL,,22.0,2.0,10.355,,Holder,Holder,Holder,Holder,Holder,Holder
572,Brisbane,2019,2019-12-15,NC,1,R16,9,MITCHELL_Ethan,NZL,,7.0,1.0,10.234,,Holder,Holder,Holder,Holder,Holder,Holder
573,Brisbane,2019,2019-12-15,NC,1,R16,9,QUINTERO_CHAVARRO_Kevin_Santiago,COL,,21.0,2.0,10.257,,Holder,Holder,Holder,Holder,Holder,Holder
574,Brisbane,2019,2019-12-15,NC,1,R16,10,PERALTA_GASCON_Juan,ESP,,14.0,1.0,10.513,,Holder,Holder,Holder,Holder,Holder,Holder
575,Brisbane,2019,2019-12-15,NC,1,R16,10,BARRETTE_Hugo,CAN,,20.0,2.0,10.600999999999999,,Holder,Holder,Holder,Holder,Holder,Holder
576,Brisbane,2019,2019-12-15,NC,1,R16,11,YAKUSHEVSKIY_Pavel,RUS,,8.0,1.0,10.261,,Holder,Holder,Holder,Holder,Holder,Holder
577,Brisbane,2019,2019-12-15,NC,1,R16,11,SAHROM_Muhammad_Shah_Firdaus,SDF,,19.0,2.0,10.266,,Holder,Holder,Holder,Holder,Holder,Holder
578,Brisbane,2019,2019-12-15,NC,1,R16,12,CARLIN_Jack,GBR,,15.0,1.0,10.422,,Holder,Holder,Holder,Holder,Holder,Holder
579,Brisbane,2019,2019-12-15,NC,1,R16,12,KELEMEN_Pavel,CZE,,18.0,2.0,10.436,,Holder,Holder,Holder,Holder,Holder,Holder
580,Brisbane,2019,2019-12-15,NC,1,R8,1,RUDYK_Mateusz,POL,,1.0,1.0,10.191,,Holder,Holder,Holder,Holder,Holder,Holder
581,Brisbane,2019,2019-12-15,NC,1,R8,1,CARLIN_Jack,GBR,,15.0,2.0,10.270000000000001,,Holder,Holder,Holder,Holder,Holder,Holder
582,Brisbane,2019,2019-12-15,NC,1,R8,2,YAKUSHEVSKIY_Pavel,RUS,,8.0,1.0,10.342,,Holder,Holder,Holder,Holder,Holder,Holder
583,Brisbane,2019,2019-12-15,NC,1,R8,2,SZALONTAY_Sandor,HUN,,9.0,2.0,10.370000000000001,,Holder,Holder,Holder,Holder,Holder,Holder
584,Brisbane,2019,2019-12-15,NC,1,R8,3,GLAETZER_Matthew,AUS,,3.0,1.0,10.204,,Holder,Holder,Holder,Holder,Holder,Holder
585,Brisbane,2019,2019-12-15,NC,1,R8,3,PERALTA_GASCON_Juan,ESP,,14.0,2.0,10.276,,Holder,Holder,Holder,Holder,Holder,Holder
586,Brisbane,2019,2019-12-15,NC,1,R8,4,MITCHELL_Ethan,NZL,,7.0,1.0,10.165,,Holder,Holder,Holder,Holder,Holder,Holder
587,Brisbane,2019,2019-12-15,NC,1,R8,4,PAUL_Nicholas,TTO,,10.0,2.0,11.69,,Holder,Holder,Holder,Holder,Holder,Holder
588,Brisbane,2019,2019-12-15,NC,1,R8,5,TJON_EN_FA_Jair,SUR,,4.0,1.0,9.988,,Holder,Holder,Holder,Holder,Holder,Holder
589,Brisbane,2019,2019-12-15,NC,1,R8,5,KAWABATA_Tomoyuki,JPC,,13.0,2.0,10.062,,Holder,Holder,Holder,Holder,Holder,Holder
590,Brisbane,2019,2019-12-15,NC,1,R8,6,WAKIMOTO_Yuta,JPN,,6.0,1.0,10.165,,Holder,Holder,Holder,Holder,Holder,Holder
591,Brisbane,2019,2019-12-15,NC,1,R8,6,HART_Nathan,AUS,,11.0,2.0,10.177999999999999,,Holder,Holder,Holder,Holder,Holder,Holder
592,Brisbane,2019,2019-12-15,NC,1,R8,7,WEBSTER_Sam,NZL,,2.0,1.0,10.148,,Holder,Holder,Holder,Holder,Holder,Holder
593,Brisbane,2019,2019-12-15,NC,1,R8,7,CECHMAN_Martin,CZE,,12.0,2.0,10.231,,Holder,Holder,Holder,Holder,Holder,Holder
594,Brisbane,2019,2019-12-15,NC,1,R8,8,TRUMAN_Joseph,GBR,,5.0,1.0,10.198,,Holder,Holder,Holder,Holder,Holder,Holder
595,Brisbane,2019,2019-12-15,NC,1,R8,8,CHUGAY_Andrey,KAZ,,16.0,2.0,10.23,,Holder,Holder,Holder,Holder,Holder,Holder
596,Brisbane,2019,2019-12-15,NC,1,QF,1,RUDYK_Mateusz,POL,,1.0,1.0,10.224,,Holder,Holder,Holder,Holder,Holder,Holder
597,Brisbane,2019,2019-12-15,NC,1,QF,1,TRUMAN_Joseph,GBR,,5.0,2.0,10.416,,Holder,Holder,Holder,Holder,Holder,Holder
598,Brisbane,2019,2019-12-15,NC,1,QF,2,WEBSTER_Sam,NZL,,2.0,1.0,10.437,,Holder,Holder,Holder,Holder,Holder,Holder
599,Brisbane,2019,2019-12-15,NC,1,QF,2,YAKUSHEVSKIY_Pavel,RUS,,8.0,2.0,10.57,,Holder,Holder,Holder,Holder,Holder,Holder
600,Brisbane,2019,2019-12-15,NC,1,QF,3,GLAETZER_Matthew,AUS,,3.0,1.0,10.004,,Holder,Holder,Holder,Holder,Holder,Holder
601,Brisbane,2019,2019-12-15,NC,1,QF,3,WAKIMOTO_Yuta,JPN,,6.0,2.0,10.052999999999999,,Holder,Holder,Holder,Holder,Holder,Holder
602,Brisbane,2019,2019-12-15,NC,1,QF,4,TJON_EN_FA_Jair,SUR,,4.0,1.0,10.296,,Holder,Holder,Holder,Holder,Holder,Holder
603,Brisbane,2019,2019-12-15,NC,1,QF,4,MITCHELL_Ethan,NZL,,7.0,2.0,10.799,,Holder,Holder,Holder,Holder,Holder,Holder
596,Brisbane,2019,2019-12-15,NC,2,QF,1,RUDYK_Mateusz,POL,,1.0,1.0,10.199,,Holder,Holder,Holder,Holder,Holder,Holder
597,Brisbane,2019,2019-12-15,NC,2,QF,1,TRUMAN_Joseph,GBR,,5.0,2.0,10.561,,Holder,Holder,Holder,Holder,Holder,Holder
598,Brisbane,2019,2019-12-15,NC,2,QF,2,WEBSTER_Sam,NZL,,2.0,1.0,10.16,,Holder,Holder,Holder,Holder,Holder,Holder
599,Brisbane,2019,2019-12-15,NC,2,QF,2,YAKUSHEVSKIY_Pavel,RUS,,8.0,2.0,10.186,,Holder,Holder,Holder,Holder,Holder,Holder
600,Brisbane,2019,2019-12-15,NC,2,QF,3,GLAETZER_Matthew,AUS,,3.0,1.0,9.949,,Holder,Holder,Holder,Holder,Holder,Holder
601,Brisbane,2019,2019-12-15,NC,2,QF,3,WAKIMOTO_Yuta,JPN,,6.0,2.0,10.491999999999999,,Holder,Holder,Holder,Holder,Holder,Holder
602,Brisbane,2019,2019-12-15,NC,2,QF,4,TJON_EN_FA_Jair,SUR,,4.0,1.0,10.311,,Holder,Holder,Holder,Holder,Holder,Holder
603,Brisbane,2019,2019-12-15,NC,2,QF,4,MITCHELL_Ethan,NZL,,7.0,2.0,10.354,,Holder,Holder,Holder,Holder,Holder,Holder
604,Brisbane,2019,2019-12-15,NC,1,SF,1,RUDYK_Mateusz,POL,,1.0,1.0,10.151,,Holder,Holder,Holder,Holder,Holder,Holder
605,Brisbane,2019,2019-12-15,NC,1,SF,1,TJON_EN_FA_Jair,SUR,,4.0,2.0,10.216,,Holder,Holder,Holder,Holder,Holder,Holder
606,Brisbane,2019,2019-12-15,NC,1,SF,2,WEBSTER_Sam,NZL,,2.0,1.0,10.324,,Holder,Holder,Holder,Holder,Holder,Holder
607,Brisbane,2019,2019-12-15,NC,1,SF,2,GLAETZER_Matthew,AUS,,3.0,2.0,10.358,,Holder,Holder,Holder,Holder,Holder,Holder
604,Brisbane,2019,2019-12-15,NC,2,SF,1,RUDYK_Mateusz,POL,,1.0,1.0,10.353,,Holder,Holder,Holder,Holder,Holder,Holder
605,Brisbane,2019,2019-12-15,NC,2,SF,1,TJON_EN_FA_Jair,SUR,,4.0,2.0,10.426,,Holder,Holder,Holder,Holder,Holder,Holder
606,Brisbane,2019,2019-12-15,NC,2,SF,2,WEBSTER_Sam,NZL,,2.0,1.0,9.831,,Holder,Holder,Holder,Holder,Holder,Holder
607,Brisbane,2019,2019-12-15,NC,2,SF,2,GLAETZER_Matthew,AUS,,3.0,2.0,9.857,,Holder,Holder,Holder,Holder,Holder,Holder
608,Brisbane,2019,2019-12-15,NC,1,F,G,RUDYK_Mateusz,POL,,1.0,1.0,10.163,,Holder,Holder,Holder,Holder,Holder,Holder
609,Brisbane,2019,2019-12-15,NC,1,F,G,WEBSTER_Sam,NZL,,2.0,2.0,10.195,,Holder,Holder,Holder,Holder,Holder,Holder
610,Brisbane,2019,2019-12-15,NC,1,F,B,GLAETZER_Matthew,AUS,,3.0,1.0,10.407,,Holder,Holder,Holder,Holder,Holder,Holder
611,Brisbane,2019,2019-12-15,NC,1,F,B,TJON_EN_FA_Jair,SUR,,4.0,2.0,10.409,,Holder,Holder,Holder,Holder,Holder,Holder
608,Brisbane,2019,2019-12-15,NC,2,F,G,RUDYK_Mateusz,POL,,1.0,1.0,10.17,,Holder,Holder,Holder,Holder,Holder,Holder
609,Brisbane,2019,2019-12-15,NC,2,F,G,WEBSTER_Sam,NZL,,2.0,2.0,10.749,,Holder,Holder,Holder,Holder,Holder,Holder
610,Brisbane,2019,2019-12-15,NC,2,F,B,GLAETZER_Matthew,AUS,,3.0,1.0,10.16,,Holder,Holder,Holder,Holder,Holder,Holder
611,Brisbane,2019,2019-12-15,NC,2,F,B,TJON_EN_FA_Jair,SUR,,4.0,2.0,10.605,,Holder,Holder,Holder,Holder,Holder,Holder
612,Milton,2020,2020-01-26,NC,1,R16,1,HELAL_Rayan,FRA,,3.0,1.0,10.465,,Holder,Holder,Holder,Holder,Holder,Holder
613,Milton,2020,2020-01-26,NC,1,R16,1,CHUGAY_Andrey,KAZ,,28.0,2.0,10.789,,Holder,Holder,Holder,Holder,Holder,Holder
614,Milton,2020,2020-01-26,NC,1,R16,2,ALEXANDER_Quincy,TTO,,16.0,1.0,10.511,,Holder,Holder,Holder,Holder,Holder,Holder
615,Milton,2020,2020-01-26,NC,1,R16,2,TJON_EN_FA_Jair,SUR,,17.0,2.0,10.555,,Holder,Holder,Holder,Holder,Holder,Holder
616,Milton,2020,2020-01-26,NC,1,R16,3,BRISTER_James,AUS,,5.0,1.0,10.489,,Holder,Holder,Holder,Holder,Holder,Holder
617,Milton,2020,2020-01-26,NC,1,R16,3,MELLEN_James,USA,,27.0,2.0,10.542000000000002,,Holder,Holder,Holder,Holder,Holder,Holder
618,Milton,2020,2020-01-26,NC,1,R16,4,SZALONTAY_Sandor,HUN,,11.0,1.0,10.48,,Holder,Holder,Holder,Holder,Holder,Holder
619,Milton,2020,2020-01-26,NC,1,R16,4,HINZE_Carl,GER,,26.0,2.0,10.689,,Holder,Holder,Holder,Holder,Holder,Holder
620,Milton,2020,2020-01-26,NC,1,R16,5,XU_Chao,CHN,,6.0,1.0,10.392,,Holder,Holder,Holder,Holder,Holder,Holder
621,Milton,2020,2020-01-26,NC,1,R16,5,JAGER_Julien,GER,,25.0,2.0,12.516,,Holder,Holder,Holder,Holder,Holder,Holder
622,Milton,2020,2020-01-26,NC,1,R16,6,PERALTA_Juan,ESP,,12.0,1.0,10.308,,Holder,Holder,Holder,Holder,Holder,Holder
623,Milton,2020,2020-01-26,NC,1,R16,6,RAMIREZ_MORALES_Santiago,COL,,24.0,2.0,10.516,,Holder,Holder,Holder,Holder,Holder,Holder
624,Milton,2020,2020-01-26,NC,1,R16,7,LENDEL_Vasilijus,LTU,,7.0,1.0,10.461,,Holder,Holder,Holder,Holder,Holder,Holder
625,Milton,2020,2020-01-26,NC,1,R16,7,SHARAPOV_Alexander,RUS,,23.0,2.0,10.486,,Holder,Holder,Holder,Holder,Holder,Holder
626,Milton,2020,2020-01-26,NC,1,R16,8,QUINTERO_CHAVARRO_Kevin_Santiago,COL,,15.0,1.0,10.378,,Holder,Holder,Holder,Holder,Holder,Holder
627,Milton,2020,2020-01-26,NC,1,R16,8,BARRETTE_Hugo,CAN,,18.0,2.0,10.384,,Holder,Holder,Holder,Holder,Holder,Holder
628,Milton,2020,2020-01-26,NC,1,R16,9,AMAGAI_Kazuki,JPN,,8.0,1.0,10.465,,Holder,Holder,Holder,Holder,Holder,Holder
629,Milton,2020,2020-01-26,NC,1,R16,9,KELEMEN_Pavel,CZE,,22.0,2.0,10.695,,Holder,Holder,Holder,Holder,Holder,Holder
630,Milton,2020,2020-01-26,NC,1,R16,10,LAW_Tsz_Chun,HKG,,4.0,1.0,10.492,,Holder,Holder,Holder,Holder,Holder,Holder
631,Milton,2020,2020-01-26,NC,1,R16,10,SHURSHIN_Nikita,RUS,,21.0,2.0,10.516,,Holder,Holder,Holder,Holder,Holder,Holder
632,Milton,2020,2020-01-26,NC,1,R16,11,ZHOU_Yu,CHN,,13.0,1.0,10.336,,Holder,Holder,Holder,Holder,Holder,Holder
633,Milton,2020,2020-01-26,NC,1,R16,11,CECHMAN_Martin,CZE,,20.0,2.0,10.583,,Holder,Holder,Holder,Holder,Holder,Holder
634,Milton,2020,2020-01-26,NC,1,R16,12,MORENO_SANCHEZ_Jose,ESP,,14.0,1.0,10.245,,Holder,Holder,Holder,Holder,Holder,Holder
635,Milton,2020,2020-01-26,NC,1,R16,12,PAUL_Nicholas,TTO,,19.0,2.0,10.667,,Holder,Holder,Holder,Holder,Holder,Holder
636,Milton,2020,2020-01-26,NC,1,R8,1,RUDYK_Mateusz,POL,,1.0,1.0,9.967,,Holder,Holder,Holder,Holder,Holder,Holder
637,Milton,2020,2020-01-26,NC,1,R8,1,MORENO_SANCHEZ_Jose,ESP,,14.0,2.0,10.635,,Holder,Holder,Holder,Holder,Holder,Holder
638,Milton,2020,2020-01-26,NC,1,R8,2,CALEYRON_Quentin,FRA,,2.0,1.0,10.257,,Holder,Holder,Holder,Holder,Holder,Holder
639,Milton,2020,2020-01-26,NC,1,R8,2,ZHOU_Yu,CHN,,13.0,2.0,10.703999999999999,,Holder,Holder,Holder,Holder,Holder,Holder
640,Milton,2020,2020-01-26,NC,1,R8,3,LAW_Tsz_Chun,HKG,,4.0,1.0,10.392,,Holder,Holder,Holder,Holder,Holder,Holder
641,Milton,2020,2020-01-26,NC,1,R8,3,WAMMES_Nick,PTM,,9.0,2.0,10.437,,Holder,Holder,Holder,Holder,Holder,Holder
642,Milton,2020,2020-01-26,NC,1,R8,4,AMAGAI_Kazuki,JPN,,8.0,1.0,10.437,,Holder,Holder,Holder,Holder,Holder,Holder
643,Milton,2020,2020-01-26,NC,1,R8,4,OBARA_Yuta,JPN,,10.0,2.0,10.453999999999999,,Holder,Holder,Holder,Holder,Holder,Holder
644,Milton,2020,2020-01-26,NC,1,R8,5,HELAL_Rayan,FRA,,3.0,1.0,10.23,,Holder,Holder,Holder,Holder,Holder,Holder
645,Milton,2020,2020-01-26,NC,1,R8,5,QUINTERO_CHAVARRO_Kevin_Santiago,COL,,15.0,2.0,10.268,,Holder,Holder,Holder,Holder,Holder,Holder
646,Milton,2020,2020-01-26,NC,1,R8,6,LENDEL_Vasilijus,LTU,,7.0,1.0,10.409,,Holder,Holder,Holder,Holder,Holder,Holder
647,Milton,2020,2020-01-26,NC,1,R8,6,ALEXANDER_Quincy,TTO,,16.0,2.0,10.553,,Holder,Holder,Holder,Holder,Holder,Holder
648,Milton,2020,2020-01-26,NC,1,R8,7,BRISTER_James,AUS,,5.0,1.0,10.036,,Holder,Holder,Holder,Holder,Holder,Holder
649,Milton,2020,2020-01-26,NC,1,R8,7,PERALTA_Juan,ESP,,12.0,2.0,10.09,,Holder,Holder,Holder,Holder,Holder,Holder
650,Milton,2020,2020-01-26,NC,1,R8,8,XU_Chao,CHN,,6.0,1.0,10.327,,Holder,Holder,Holder,Holder,Holder,Holder
651,Milton,2020,2020-01-26,NC,1,R8,8,SZALONTAY_Sandor,HUN,,11.0,2.0,10.357,,Holder,Holder,Holder,Holder,Holder,Holder
652,Milton,2020,2020-01-26,NC,1,QF,1,RUDYK_Mateusz,POL,,1.0,1.0,10.335,,Holder,Holder,Holder,Holder,Holder,Holder
653,Milton,2020,2020-01-26,NC,1,QF,1,XU_Chao,CHN,,6.0,2.0,10.448,,Holder,Holder,Holder,Holder,Holder,Holder
654,Milton,2020,2020-01-26,NC,1,QF,2,CALEYRON_Quentin,FRA,,2.0,1.0,10.297,,Holder,Holder,Holder,Holder,Holder,Holder
655,Milton,2020,2020-01-26,NC,1,QF,2,BRISTER_James,AUS,,5.0,2.0,10.359,,Holder,Holder,Holder,Holder,Holder,Holder
656,Milton,2020,2020-01-26,NC,1,QF,3,LAW_Tsz_Chun,HKG,,4.0,1.0,10.464,,Holder,Holder,Holder,Holder,Holder,Holder
657,Milton,2020,2020-01-26,NC,1,QF,3,LENDEL_Vasilijus,LTU,,7.0,2.0,10.544,,Holder,Holder,Holder,Holder,Holder,Holder
658,Milton,2020,2020-01-26,NC,1,QF,4,HELAL_Rayan,FRA,,3.0,2.0,10.821,,Holder,Holder,Holder,Holder,Holder,Holder
659,Milton,2020,2020-01-26,NC,1,QF,4,AMAGAI_Kazuki,JPN,,8.0,1.0,10.25,,Holder,Holder,Holder,Holder,Holder,Holder
652,Milton,2020,2020-01-26,NC,2,QF,1,RUDYK_Mateusz,POL,,1.0,1.0,10.797,,Holder,Holder,Holder,Holder,Holder,Holder
653,Milton,2020,2020-01-26,NC,2,QF,1,XU_Chao,CHN,,6.0,2.0,13.496,,Holder,Holder,Holder,Holder,Holder,Holder
654,Milton,2020,2020-01-26,NC,2,QF,2,CALEYRON_Quentin,FRA,,2.0,1.0,10.038,,Holder,Holder,Holder,Holder,Holder,Holder
655,Milton,2020,2020-01-26,NC,2,QF,2,BRISTER_James,AUS,,5.0,2.0,11.636000000000001,,Holder,Holder,Holder,Holder,Holder,Holder
656,Milton,2020,2020-01-26,NC,2,QF,3,LAW_Tsz_Chun,HKG,,4.0,1.0,10.641,,Holder,Holder,Holder,Holder,Holder,Holder
657,Milton,2020,2020-01-26,NC,2,QF,3,LENDEL_Vasilijus,LTU,,7.0,2.0,10.69,,Holder,Holder,Holder,Holder,Holder,Holder
658,Milton,2020,2020-01-26,NC,2,QF,4,HELAL_Rayan,FRA,,3.0,1.0,10.325,,Holder,Holder,Holder,Holder,Holder,Holder
659,Milton,2020,2020-01-26,NC,2,QF,4,AMAGAI_Kazuki,JPN,,8.0,2.0,10.766,,Holder,Holder,Holder,Holder,Holder,Holder
658,Milton,2020,2020-01-26,NC,3,QF,4,HELAL_Rayan,FRA,,3.0,1.0,10.496,,Holder,Holder,Holder,Holder,Holder,Holder
659,Milton,2020,2020-01-26,NC,3,QF,4,AMAGAI_Kazuki,JPN,,8.0,2.0,10.598,,Holder,Holder,Holder,Holder,Holder,Holder
660,Milton,2020,2020-01-26,NC,1,SF,1,RUDYK_Mateusz,POL,,1.0,2.0,10.238999999999999,,Holder,Holder,Holder,Holder,Holder,Holder
661,Milton,2020,2020-01-26,NC,1,SF,1,HELAL_Rayan,FRA,,3.0,1.0,10.219,,Holder,Holder,Holder,Holder,Holder,Holder
662,Milton,2020,2020-01-26,NC,1,SF,2,CALEYRON_Quentin,FRA,,2.0,1.0,10.185,,Holder,Holder,Holder,Holder,Holder,Holder
663,Milton,2020,2020-01-26,NC,1,SF,2,LAW_Tsz_Chun,HKG,,4.0,2.0,11.067,,Holder,Holder,Holder,Holder,Holder,Holder
660,Milton,2020,2020-01-26,NC,2,SF,1,RUDYK_Mateusz,POL,,1.0,1.0,10.312,,Holder,Holder,Holder,Holder,Holder,Holder
661,Milton,2020,2020-01-26,NC,2,SF,1,HELAL_Rayan,FRA,,3.0,2.0,REL,,Holder,Holder,Holder,Holder,Holder,Holder
662,Milton,2020,2020-01-26,NC,2,SF,2,CALEYRON_Quentin,FRA,,2.0,2.0,10.319999999999999,,Holder,Holder,Holder,Holder,Holder,Holder
663,Milton,2020,2020-01-26,NC,2,SF,2,LAW_Tsz_Chun,HKG,,4.0,1.0,10.293,,Holder,Holder,Holder,Holder,Holder,Holder
660,Milton,2020,2020-01-26,NC,3,SF,1,RUDYK_Mateusz,POL,,1.0,1.0,10.206,,Holder,Holder,Holder,Holder,Holder,Holder
661,Milton,2020,2020-01-26,NC,3,SF,1,HELAL_Rayan,FRA,,3.0,2.0,10.221,,Holder,Holder,Holder,Holder,Holder,Holder
662,Milton,2020,2020-01-26,NC,3,SF,2,CALEYRON_Quentin,FRA,,2.0,1.0,10.308,,Holder,Holder,Holder,Holder,Holder,Holder
663,Milton,2020,2020-01-26,NC,3,SF,2,LAW_Tsz_Chun,HKG,,4.0,2.0,12.875,,Holder,Holder,Holder,Holder,Holder,Holder
664,Milton,2020,2020-01-26,NC,1,F,G,RUDYK_Mateusz,POL,,1.0,1.0,10.388,,Holder,Holder,Holder,Holder,Holder,Holder
665,Milton,2020,2020-01-26,NC,1,F,G,CALEYRON_Quentin,FRA,,2.0,2.0,10.469,,Holder,Holder,Holder,Holder,Holder,Holder
666,Milton,2020,2020-01-26,NC,1,F,B,HELAL_Rayan,FRA,,3.0,1.0,10.581,,Holder,Holder,Holder,Holder,Holder,Holder
667,Milton,2020,2020-01-26,NC,1,F,B,LAW_Tsz_Chun,HKG,,4.0,2.0,10.619,,Holder,Holder,Holder,Holder,Holder,Holder
664,Milton,2020,2020-01-26,NC,2,F,G,RUDYK_Mateusz,POL,,1.0,1.0,10.29,,Holder,Holder,Holder,Holder,Holder,Holder
665,Milton,2020,2020-01-26,NC,2,F,G,CALEYRON_Quentin,FRA,,2.0,2.0,10.412999999999998,,Holder,Holder,Holder,Holder,Holder,Holder
666,Milton,2020,2020-01-26,NC,2,F,B,HELAL_Rayan,FRA,,3.0,1.0,10.343,,Holder,Holder,Holder,Holder,Holder,Holder
667,Milton,2020,2020-01-26,NC,2,F,B,LAW_Tsz_Chun,HKG,,4.0,2.0,11.233,,Holder,Holder,Holder,Holder,Holder,Holder
668,Berlin,2020,2020-02-29,WCH,1,R16,1,AWANG_Mohd_Azizulhasni,MAS,,3.0,1.0,9.976,,Holder,Holder,Holder,Holder,Holder,Holder
669,Berlin,2020,2020-02-29,WCH,1,R16,1,LENDEL_Vasilijus,LTU,,28.0,2.0,10.255,,Holder,Holder,Holder,Holder,Holder,Holder
670,Berlin,2020,2020-02-29,WCH,1,R16,2,PAUL_Nicholas,TTO,,10.0,1.0,10.088,,Holder,Holder,Holder,Holder,Holder,Holder
671,Berlin,2020,2020-02-29,WCH,1,R16,2,HSIEH_Nien_Hsing,TPE,,27.0,2.0,10.181,,Holder,Holder,Holder,Holder,Holder,Holder
672,Berlin,2020,2020-02-29,WCH,1,R16,3,KENNY_Jason,GBR,,11.0,1.0,10.234,,Holder,Holder,Holder,Holder,Holder,Holder
673,Berlin,2020,2020-02-29,WCH,1,R16,3,MITCHELL_Ethan,NZL,,26.0,2.0,11.493,,Holder,Holder,Holder,Holder,Holder,Holder
674,Berlin,2020,2020-02-29,WCH,1,R16,4,NITTA_Yudai,JPN,,5.0,1.0,9.983,,Holder,Holder,Holder,Holder,Holder,Holder
675,Berlin,2020,2020-02-29,WCH,1,R16,4,LIGTLEE_Sam,NED,,25.0,2.0,10.033000000000001,,Holder,Holder,Holder,Holder,Holder,Holder
676,Berlin,2020,2020-02-29,WCH,1,R16,5,CALEYRON_Quentin,FRA,,12.0,1.0,10.218,,Holder,Holder,Holder,Holder,Holder,Holder
677,Berlin,2020,2020-02-29,WCH,1,R16,5,XU_Chao,CHN,,24.0,2.0,10.383,,Holder,Holder,Holder,Holder,Holder,Holder
678,Berlin,2020,2020-02-29,WCH,1,R16,6,BOTTICHER_Stefan,GER,,6.0,1.0,10.135,,Holder,Holder,Holder,Holder,Holder,Holder
679,Berlin,2020,2020-02-29,WCH,1,R16,6,QUINTERO_CHAVARRO_Kevin_Santiago,COL,,23.0,2.0,10.17,,Holder,Holder,Holder,Holder,Holder,Holder
680,Berlin,2020,2020-02-29,WCH,1,R16,7,BUCHLI_Matthijs,NED,,7.0,1.0,10.3,,Holder,Holder,Holder,Holder,Holder,Holder
681,Berlin,2020,2020-02-29,WCH,1,R16,7,ZHOU_Yu,CHN,,22.0,2.0,10.341000000000001,,Holder,Holder,Holder,Holder,Holder,Holder
682,Berlin,2020,2020-02-29,WCH,1,R16,8,TJON_EN_FA_Jair,SUR,,16.0,1.0,10.094,,Holder,Holder,Holder,Holder,Holder,Holder
683,Berlin,2020,2020-02-29,WCH,1,R16,8,VIGIER_Sebastien,FRA,,17.0,2.0,10.1,,Holder,Holder,Holder,Holder,Holder,Holder
684,Berlin,2020,2020-02-29,WCH,1,R16,9,FUKAYA_Tomohiro,JPN,,8.0,1.0,9.998,,Holder,Holder,Holder,Holder,Holder,Holder
685,Berlin,2020,2020-02-29,WCH,1,R16,9,PERALTA_Juan,ESP,,21.0,2.0,10.091999999999999,,Holder,Holder,Holder,Holder,Holder,Holder
686,Berlin,2020,2020-02-29,WCH,1,R16,10,SAHROM_Muhammad_Shah_Firdaus,MAS,,13.0,1.0,9.931,,Holder,Holder,Holder,Holder,Holder,Holder
687,Berlin,2020,2020-02-29,WCH,1,R16,10,CARLIN_Jack,GBR,,20.0,2.0,9.963,,Holder,Holder,Holder,Holder,Holder,Holder
688,Berlin,2020,2020-02-29,WCH,1,R16,11,WEBSTER_Sam,NZL,,14.0,1.0,9.993,,Holder,Holder,Holder,Holder,Holder,Holder
689,Berlin,2020,2020-02-29,WCH,1,R16,11,SZALONTAY_Sandor,HUN,,19.0,2.0,10.089,,Holder,Holder,Holder,Holder,Holder,Holder
690,Berlin,2020,2020-02-29,WCH,1,R16,12,HART_Nathan,AUS,,15.0,1.0,10.005,,Holder,Holder,Holder,Holder,Holder,Holder
691,Berlin,2020,2020-02-29,WCH,1,R16,12,RICHARDSON_Matthew,AUS,,18.0,2.0,10.077,,Holder,Holder,Holder,Holder,Holder,Holder
692,Berlin,2020,2020-02-29,WCH,1,R8,1,LAVREYSEN_Harrie,NED,,1.0,1.0,9.948,,Holder,Holder,Holder,Holder,Holder,Holder
693,Berlin,2020,2020-02-29,WCH,1,R8,1,HART_Nathan,AUS,,15.0,2.0,10.295,,Holder,Holder,Holder,Holder,Holder,Holder
694,Berlin,2020,2020-02-29,WCH,1,R8,2,HOOGLAND_Jeffrey,NED,,2.0,1.0,9.808,,Holder,Holder,Holder,Holder,Holder,Holder
695,Berlin,2020,2020-02-29,WCH,1,R8,2,WEBSTER_Sam,NZL,,14.0,2.0,9.857,,Holder,Holder,Holder,Holder,Holder,Holder
696,Berlin,2020,2020-02-29,WCH,1,R8,3,RUDYK_Mateusz,POL,,4.0,1.0,9.945,,Holder,Holder,Holder,Holder,Holder,Holder
697,Berlin,2020,2020-02-29,WCH,1,R8,3,SAHROM_Muhammad_Shah_Firdaus,MAS,,13.0,2.0,9.946,,Holder,Holder,Holder,Holder,Holder,Holder
698,Berlin,2020,2020-02-29,WCH,1,R8,4,FUKAYA_Tomohiro,JPN,,8.0,1.0,9.782,,Holder,Holder,Holder,Holder,Holder,Holder
699,Berlin,2020,2020-02-29,WCH,1,R8,4,DMITRIEV_Denis,RUS,,9.0,2.0,10.178,,Holder,Holder,Holder,Holder,Holder,Holder
700,Berlin,2020,2020-02-29,WCH,1,R8,5,AWANG_Mohd_Azizulhasni,MAS,,3.0,1.0,10.145,,Holder,Holder,Holder,Holder,Holder,Holder
701,Berlin,2020,2020-02-29,WCH,1,R8,5,TJON_EN_FA_Jair,SUR,,16.0,2.0,10.264999999999999,,Holder,Holder,Holder,Holder,Holder,Holder
702,Berlin,2020,2020-02-29,WCH,1,R8,6,BUCHLI_Matthijs,NED,,7.0,1.0,10.191,,Holder,Holder,Holder,Holder,Holder,Holder
703,Berlin,2020,2020-02-29,WCH,1,R8,6,PAUL_Nicholas,TTO,,10.0,2.0,10.239,,Holder,Holder,Holder,Holder,Holder,Holder
704,Berlin,2020,2020-02-29,WCH,1,R8,7,BOTTICHER_Stefan,GER,,6.0,1.0,10.053,,Holder,Holder,Holder,Holder,Holder,Holder
705,Berlin,2020,2020-02-29,WCH,1,R8,7,KENNY_Jason,GBR,,11.0,2.0,10.100000000000001,,Holder,Holder,Holder,Holder,Holder,Holder
706,Berlin,2020,2020-02-29,WCH,1,R8,8,NITTA_Yudai,JPN,,5.0,1.0,10.003,,Holder,Holder,Holder,Holder,Holder,Holder
707,Berlin,2020,2020-02-29,WCH,1,R8,8,CALEYRON_Quentin,FRA,,12.0,2.0,10.074,,Holder,Holder,Holder,Holder,Holder,Holder
708,Berlin,2020,2020-02-29,WCH,1,QF,1,LAVREYSEN_Harrie,NED,,1.0,1.0,9.974,,Holder,Holder,Holder,Holder,Holder,Holder
709,Berlin,2020,2020-02-29,WCH,1,QF,1,NITTA_Yudai,JPN,,5.0,2.0,10.08,,Holder,Holder,Holder,Holder,Holder,Holder
710,Berlin,2020,2020-02-29,WCH,1,QF,2,HOOGLAND_Jeffrey,NED,,2.0,1.0,9.89,,Holder,Holder,Holder,Holder,Holder,Holder
711,Berlin,2020,2020-02-29,WCH,1,QF,2,BOTTICHER_Stefan,GER,,6.0,2.0,10.016,,Holder,Holder,Holder,Holder,Holder,Holder
712,Berlin,2020,2020-02-29,WCH,1,QF,3,RUDYK_Mateusz,POL,,4.0,1.0,10.085,,Holder,Holder,Holder,Holder,Holder,Holder
713,Berlin,2020,2020-02-29,WCH,1,QF,3,BUCHLI_Matthijs,NED,,7.0,2.0,10.216000000000001,,Holder,Holder,Holder,Holder,Holder,Holder
714,Berlin,2020,2020-02-29,WCH,1,QF,4,AWANG_Mohd_Azizulhasni,MAS,,3.0,1.0,9.998,,Holder,Holder,Holder,Holder,Holder,Holder
715,Berlin,2020,2020-02-29,WCH,1,QF,4,FUKAYA_Tomohiro,JPN,,8.0,2.0,10.081,,Holder,Holder,Holder,Holder,Holder,Holder
708,Berlin,2020,2020-02-29,WCH,2,QF,1,LAVREYSEN_Harrie,NED,,1.0,1.0,9.783,,Holder,Holder,Holder,Holder,Holder,Holder
709,Berlin,2020,2020-02-29,WCH,2,QF,1,NITTA_Yudai,JPN,,5.0,2.0,9.934,,Holder,Holder,Holder,Holder,Holder,Holder
710,Berlin,2020,2020-02-29,WCH,2,QF,2,HOOGLAND_Jeffrey,NED,,2.0,1.0,9.776,,Holder,Holder,Holder,Holder,Holder,Holder
711,Berlin,2020,2020-02-29,WCH,2,QF,2,BOTTICHER_Stefan,GER,,6.0,2.0,9.926,,Holder,Holder,Holder,Holder,Holder,Holder
712,Berlin,2020,2020-02-29,WCH,2,QF,3,RUDYK_Mateusz,POL,,4.0,1.0,10.073,,Holder,Holder,Holder,Holder,Holder,Holder
713,Berlin,2020,2020-02-29,WCH,2,QF,3,BUCHLI_Matthijs,NED,,7.0,2.0,10.258000000000001,,Holder,Holder,Holder,Holder,Holder,Holder
714,Berlin,2020,2020-02-29,WCH,2,QF,4,AWANG_Mohd_Azizulhasni,MAS,,3.0,1.0,10.071,,Holder,Holder,Holder,Holder,Holder,Holder
715,Berlin,2020,2020-02-29,WCH,2,QF,4,FUKAYA_Tomohiro,JPN,,8.0,2.0,10.071,,Holder,Holder,Holder,Holder,Holder,Holder
716,Berlin,2020,2020-02-29,WCH,1,SF,1,LAVREYSEN_Harrie,NED,,1.0,1.0,9.842,,Holder,Holder,Holder,Holder,Holder,Holder
717,Berlin,2020,2020-02-29,WCH,1,SF,1,AWANG_Mohd_Azizulhasni,MAS,,3.0,2.0,10.317,,Holder,Holder,Holder,Holder,Holder,Holder
718,Berlin,2020,2020-02-29,WCH,1,SF,2,HOOGLAND_Jeffrey,NED,,2.0,1.0,9.761,,Holder,Holder,Holder,Holder,Holder,Holder
719,Berlin,2020,2020-02-29,WCH,1,SF,2,RUDYK_Mateusz,POL,,4.0,2.0,10.414,,Holder,Holder,Holder,Holder,Holder,Holder
716,Berlin,2020,2020-02-29,WCH,2,SF,1,LAVREYSEN_Harrie,NED,,1.0,1.0,9.904,,Holder,Holder,Holder,Holder,Holder,Holder
717,Berlin,2020,2020-02-29,WCH,2,SF,1,AWANG_Mohd_Azizulhasni,MAS,,3.0,2.0,10.234,,Holder,Holder,Holder,Holder,Holder,Holder
718,Berlin,2020,2020-02-29,WCH,2,SF,2,HOOGLAND_Jeffrey,NED,,2.0,1.0,9.808,,Holder,Holder,Holder,Holder,Holder,Holder
719,Berlin,2020,2020-02-29,WCH,2,SF,2,RUDYK_Mateusz,POL,,4.0,2.0,9.921,,Holder,Holder,Holder,Holder,Holder,Holder
720,Berlin,2020,2020-02-29,WCH,1,F,G,LAVREYSEN_Harrie,NED,,1.0,1.0,9.79,,Holder,Holder,Holder,Holder,Holder,Holder
721,Berlin,2020,2020-02-29,WCH,1,F,G,HOOGLAND_Jeffrey,NED,,2.0,2.0,9.854,,Holder,Holder,Holder,Holder,Holder,Holder
722,Berlin,2020,2020-02-29,WCH,1,F,B,AWANG_Mohd_Azizulhasni,MAS,,3.0,1.0,10.145,,Holder,Holder,Holder,Holder,Holder,Holder
723,Berlin,2020,2020-02-29,WCH,1,F,B,RUDYK_Mateusz,POL,,4.0,2.0,10.145,,Holder,Holder,Holder,Holder,Holder,Holder
720,Berlin,2020,2020-02-29,WCH,2,F,G,LAVREYSEN_Harrie,NED,,1.0,1.0,9.691,,Holder,Holder,Holder,Holder,Holder,Holder
721,Berlin,2020,2020-02-29,WCH,2,F,G,HOOGLAND_Jeffrey,NED,,2.0,2.0,9.886000000000001,,Holder,Holder,Holder,Holder,Holder,Holder
722,Berlin,2020,2020-02-29,WCH,2,F,B,AWANG_Mohd_Azizulhasni,MAS,,3.0,1.0,10.089,,Holder,Holder,Holder,Holder,Holder,Holder
723,Berlin,2020,2020-02-29,WCH,2,F,B,RUDYK_Mateusz,POL,,4.0,2.0,10.942,,Holder,Holder,Holder,Holder,Holder,Holder
724,Hong_Kong,2021,2021-05-16,NC,1,R16,1,MATSUI_Koyu,RKD,,4.0,1.0,10.5,,Holder,Holder,Holder,Holder,Holder,Holder
725,Hong_Kong,2021,2021-05-16,NC,1,R16,1,MOHAMED_YUSOFF_Mohamed_Elyas,SIN,,21.0,2.0,10.646,,Holder,Holder,Holder,Holder,Holder,Holder
726,Hong_Kong,2021,2021-05-16,NC,1,R16,2,LAW_Tsz_Chun,HKG,,8.0,1.0,10.65,,Holder,Holder,Holder,Holder,Holder,Holder
727,Hong_Kong,2021,2021-05-16,NC,1,R16,2,MASRI_Amar_Danial,MAS,,20.0,2.0,10.712,,Holder,Holder,Holder,Holder,Holder,Holder
728,Hong_Kong,2021,2021-05-16,NC,1,R16,3,JONAUSKAS_Svajunas,LTU,,14.0,1.0,10.78,,Holder,Holder,Holder,Holder,Holder,Holder
729,Hong_Kong,2021,2021-05-16,NC,1,R16,3,DANYLCHUK_Bohdan,UKR,,19.0,2.0,10.879,,Holder,Holder,Holder,Holder,Holder,Holder
730,Hong_Kong,2021,2021-05-16,NC,1,R16,4,SAHROM_Muhammad_Ridwan,MAS,,16.0,1.0,10.74,,Holder,Holder,Holder,Holder,Holder,Holder
731,Hong_Kong,2021,2021-05-16,NC,1,R16,4,SZABO_Norbert,ROU,,17.0,2.0,10.85,,Holder,Holder,Holder,Holder,Holder,Holder
732,Hong_Kong,2021,2021-05-16,NC,1,R16,5,TO_Cheuk_Hei,HKG,,15.0,1.0,11.031,,Holder,Holder,Holder,Holder,Holder,Holder
733,Hong_Kong,2021,2021-05-16,NC,1,R16,5,DENYSENKO_Vladyslav,UKR,,18.0,2.0,11.099,,Holder,Holder,Holder,Holder,Holder,Holder
734,Hong_Kong,2021,2021-05-16,NC,1,R8,1,WAKIMOTO_Yuta,JPN,,2.0,1.0,10.152,,Holder,Holder,Holder,Holder,Holder,Holder
735,Hong_Kong,2021,2021-05-16,NC,1,R8,1,TO_Cheuk_Hei,HKG,,15.0,2.0,11.174999999999999,,Holder,Holder,Holder,Holder,Holder,Holder
736,Hong_Kong,2021,2021-05-16,NC,1,R8,2,NITTA_Yudai,JPN,,1.0,1.0,10.328,,Holder,Holder,Holder,Holder,Holder,Holder
737,Hong_Kong,2021,2021-05-16,NC,1,R8,2,SAHROM_Muhammad_Ridwan,MAS,,16.0,2.0,10.413,,Holder,Holder,Holder,Holder,Holder,Holder
738,Hong_Kong,2021,2021-05-16,NC,1,R8,3,FUKAYA_Tomohiro,DSR,,3.0,1.0,10.551,,Holder,Holder,Holder,Holder,Holder,Holder
739,Hong_Kong,2021,2021-05-16,NC,1,R8,3,JONAUSKAS_Svajunas,LTU,,14.0,2.0,10.654,,Holder,Holder,Holder,Holder,Holder,Holder
740,Hong_Kong,2021,2021-05-16,NC,1,R8,4,LAW_Tsz_Chun,HKG,,8.0,1.0,10.534,,Holder,Holder,Holder,Holder,Holder,Holder
741,Hong_Kong,2021,2021-05-16,NC,1,R8,4,YAMASAKI_Kento,RKD,,9.0,2.0,REL,,Holder,Holder,Holder,Holder,Holder,Holder
742,Hong_Kong,2021,2021-05-16,NC,1,R8,5,MATSUI_Koyu,RKD,,4.0,1.0,10.471,,Holder,Holder,Holder,Holder,Holder,Holder
743,Hong_Kong,2021,2021-05-16,NC,1,R8,5,PERALTA_Juan,ESP,,10.0,2.0,10.475,,Holder,Holder,Holder,Holder,Holder,Holder
744,Hong_Kong,2021,2021-05-16,NC,1,R8,6,ANGSUTHASAWIT_Jai,THA,,7.0,1.0,10.242,,Holder,Holder,Holder,Holder,Holder,Holder
745,Hong_Kong,2021,2021-05-16,NC,1,R8,6,SHINZAN_Kyohei,BGT,,11.0,2.0,10.332,,Holder,Holder,Holder,Holder,Holder,Holder
746,Hong_Kong,2021,2021-05-16,NC,1,R8,7,NAKANO_Shinji,DSR,,5.0,1.0,10.389,,Holder,Holder,Holder,Holder,Holder,Holder
747,Hong_Kong,2021,2021-05-16,NC,1,R8,7,MARTINEZ_CHORRO_Alejandro,ESP,,13.0,2.0,10.517999999999999,,Holder,Holder,Holder,Holder,Holder,Holder
748,Hong_Kong,2021,2021-05-16,NC,1,R8,8,MOHD_ZONIS_Muhammad_Fadhil,SDF,,6.0,1.0,10.262,,Holder,Holder,Holder,Holder,Holder,Holder
749,Hong_Kong,2021,2021-05-16,NC,1,R8,8,LENDEL_Vasilijus,LTU,,12.0,2.0,10.441,,Holder,Holder,Holder,Holder,Holder,Holder
750,Hong_Kong,2021,2021-05-16,NC,1,QF,1,WAKIMOTO_Yuta,JPN,,2.0,1.0,10.276,,Holder,Holder,Holder,Holder,Holder,Holder
751,Hong_Kong,2021,2021-05-16,NC,1,QF,1,MOHD_ZONIS_Muhammad_Fadhil,SDF,,6.0,2.0,10.295,,Holder,Holder,Holder,Holder,Holder,Holder
752,Hong_Kong,2021,2021-05-16,NC,1,QF,2,NITTA_Yudai,JPN,,1.0,1.0,10.554,,Holder,Holder,Holder,Holder,Holder,Holder
753,Hong_Kong,2021,2021-05-16,NC,1,QF,2,NAKANO_Shinji,DSR,,5.0,2.0,10.594,,Holder,Holder,Holder,Holder,Holder,Holder
754,Hong_Kong,2021,2021-05-16,NC,1,QF,3,FUKAYA_Tomohiro,DSR,,3.0,1.0,10.311,,Holder,Holder,Holder,Holder,Holder,Holder
755,Hong_Kong,2021,2021-05-16,NC,1,QF,3,ANGSUTHASAWIT_Jai,THA,,7.0,2.0,10.386,,Holder,Holder,Holder,Holder,Holder,Holder
756,Hong_Kong,2021,2021-05-16,NC,1,QF,4,MATSUI_Koyu,RKD,,4.0,1.0,10.216,,Holder,Holder,Holder,Holder,Holder,Holder
757,Hong_Kong,2021,2021-05-16,NC,1,QF,4,LAW_Tsz_Chun,HKG,,8.0,2.0,11.059999999999999,,Holder,Holder,Holder,Holder,Holder,Holder
750,Hong_Kong,2021,2021-05-16,NC,2,QF,1,WAKIMOTO_Yuta,JPN,,2.0,1.0,10.264,,Holder,Holder,Holder,Holder,Holder,Holder
751,Hong_Kong,2021,2021-05-16,NC,2,QF,1,MOHD_ZONIS_Muhammad_Fadhil,SDF,,6.0,2.0,10.466,,Holder,Holder,Holder,Holder,Holder,Holder
752,Hong_Kong,2021,2021-05-16,NC,2,QF,2,NITTA_Yudai,JPN,,1.0,1.0,10.344,,Holder,Holder,Holder,Holder,Holder,Holder
753,Hong_Kong,2021,2021-05-16,NC,2,QF,2,NAKANO_Shinji,DSR,,5.0,2.0,10.641,,Holder,Holder,Holder,Holder,Holder,Holder
754,Hong_Kong,2021,2021-05-16,NC,2,QF,3,FUKAYA_Tomohiro,DSR,,3.0,1.0,10.228,,Holder,Holder,Holder,Holder,Holder,Holder
755,Hong_Kong,2021,2021-05-16,NC,2,QF,3,ANGSUTHASAWIT_Jai,THA,,7.0,2.0,10.327,,Holder,Holder,Holder,Holder,Holder,Holder
756,Hong_Kong,2021,2021-05-16,NC,2,QF,4,MATSUI_Koyu,RKD,,4.0,1.0,10.43,,Holder,Holder,Holder,Holder,Holder,Holder
757,Hong_Kong,2021,2021-05-16,NC,2,QF,4,LAW_Tsz_Chun,HKG,,8.0,2.0,10.568,,Holder,Holder,Holder,Holder,Holder,Holder
758,Hong_Kong,2021,2021-05-16,NC,1,SF,1,WAKIMOTO_Yuta,JPN,,2.0,1.0,10.11,,Holder,Holder,Holder,Holder,Holder,Holder
759,Hong_Kong,2021,2021-05-16,NC,1,SF,1,MATSUI_Koyu,RKD,,4.0,2.0,10.293,,Holder,Holder,Holder,Holder,Holder,Holder
760,Hong_Kong,2021,2021-05-16,NC,1,SF,2,NITTA_Yudai,JPN,,1.0,1.0,10.178,,Holder,Holder,Holder,Holder,Holder,Holder
761,Hong_Kong,2021,2021-05-16,NC,1,SF,2,FUKAYA_Tomohiro,DSR,,3.0,2.0,10.455,,Holder,Holder,Holder,Holder,Holder,Holder
758,Hong_Kong,2021,2021-05-16,NC,2,SF,1,WAKIMOTO_Yuta,JPN,,2.0,1.0,10.262,,Holder,Holder,Holder,Holder,Holder,Holder
759,Hong_Kong,2021,2021-05-16,NC,2,SF,1,MATSUI_Koyu,RKD,,4.0,2.0,10.428,,Holder,Holder,Holder,Holder,Holder,Holder
760,Hong_Kong,2021,2021-05-16,NC,2,SF,2,NITTA_Yudai,JPN,,1.0,1.0,10.304,,Holder,Holder,Holder,Holder,Holder,Holder
761,Hong_Kong,2021,2021-05-16,NC,2,SF,2,FUKAYA_Tomohiro,DSR,,3.0,2.0,11.191,,Holder,Holder,Holder,Holder,Holder,Holder
762,Hong_Kong,2021,2021-05-16,NC,1,F,G,NITTA_Yudai,JPN,,1.0,1.0,10.291,,Holder,Holder,Holder,Holder,Holder,Holder
763,Hong_Kong,2021,2021-05-16,NC,1,F,G,WAKIMOTO_Yuta,JPN,,2.0,2.0,10.325000000000001,,Holder,Holder,Holder,Holder,Holder,Holder
764,Hong_Kong,2021,2021-05-16,NC,1,F,B,FUKAYA_Tomohiro,DSR,,3.0,1.0,10.414,,Holder,Holder,Holder,Holder,Holder,Holder
765,Hong_Kong,2021,2021-05-16,NC,1,F,B,MATSUI_Koyu,RKD,,4.0,2.0,10.597999999999999,,Holder,Holder,Holder,Holder,Holder,Holder
762,Hong_Kong,2021,2021-05-16,NC,2,F,G,NITTA_Yudai,JPN,,1.0,1.0,10.289,,Holder,Holder,Holder,Holder,Holder,Holder
763,Hong_Kong,2021,2021-05-16,NC,2,F,G,WAKIMOTO_Yuta,JPN,,2.0,2.0,10.314,,Holder,Holder,Holder,Holder,Holder,Holder
764,Hong_Kong,2021,2021-05-16,NC,2,F,B,FUKAYA_Tomohiro,DSR,,3.0,1.0,10.307,,Holder,Holder,Holder,Holder,Holder,Holder
765,Hong_Kong,2021,2021-05-16,NC,2,F,B,MATSUI_Koyu,RKD,,4.0,2.0,10.587,,Holder,Holder,Holder,Holder,Holder,Holder
766,St_Petersburg,2021,2021-07-11,NC,1,R16,1,ROSTOV_Pavel,MCT,,11.0,1.0,10.501,,Holder,Holder,Holder,Holder,Holder,Holder
767,St_Petersburg,2021,2021-07-11,NC,1,R16,1,SAFAROV_Alexandr,NCT,,23.0,2.0,10.583,,Holder,Holder,Holder,Holder,Holder,Holder
768,St_Petersburg,2021,2021-07-11,NC,1,R16,2,JAGER_Julien,GER,,12.0,1.0,10.507,,Holder,Holder,Holder,Holder,Holder,Holder
769,St_Petersburg,2021,2021-07-11,NC,1,R16,2,ESOW_Esow,IND,,22.0,2.0,10.597999999999999,,Holder,Holder,Holder,Holder,Holder,Holder
770,St_Petersburg,2021,2021-07-11,NC,1,R16,3,CHUGAY_Andrey,KAZ,,13.0,1.0,10.414,,Holder,Holder,Holder,Holder,Holder,Holder
771,St_Petersburg,2021,2021-07-11,NC,1,R16,3,DANYLCHUK_Bohdan,UKR,,21.0,2.0,10.464,,Holder,Holder,Holder,Holder,Holder,Holder
772,St_Petersburg,2021,2021-07-11,NC,1,R16,4,LOVASSY_Patrik_Romeo,HUN,,14.0,1.0,10.46,,Holder,Holder,Holder,Holder,Holder,Holder
773,St_Petersburg,2021,2021-07-11,NC,1,R16,4,HLOVA_Aliaksandr,BLR,,20.0,2.0,10.593,,Holder,Holder,Holder,Holder,Holder,Holder
774,St_Petersburg,2021,2021-07-11,NC,1,R16,5,ZAITSAU_Artsiom,BLR,,15.0,1.0,10.371,,Holder,Holder,Holder,Holder,Holder,Holder
775,St_Petersburg,2021,2021-07-11,NC,1,R16,5,LAITONJAM_Ronaldo,IND,,19.0,2.0,11.252,,Holder,Holder,Holder,Holder,Holder,Holder
776,St_Petersburg,2021,2021-07-11,NC,1,R16,6,NESTEROV_Dmitry,MCT,,8.0,1.0,10.704,,Holder,Holder,Holder,Holder,Holder,Holder
777,St_Petersburg,2021,2021-07-11,NC,1,R16,6,STOVBETSKYI_Dmytro,UKR,,17.0,2.0,11.645000000000001,,Holder,Holder,Holder,Holder,Holder,Holder
778,St_Petersburg,2021,2021-07-11,NC,1,R16,7,JONAUSKAS_Svajunas,LTU,,16.0,1.0,10.467,,Holder,Holder,Holder,Holder,Holder,Holder
779,St_Petersburg,2021,2021-07-11,NC,1,R16,7,BIANCHI_Matteo,ITA,,18.0,2.0,10.524000000000001,,Holder,Holder,Holder,Holder,Holder,Holder
780,St_Petersburg,2021,2021-07-11,NC,1,R8,1,IAKOVLEV_Mikhail,RUS,,2.0,1.0,10.396,,Holder,Holder,Holder,Holder,Holder,Holder
781,St_Petersburg,2021,2021-07-11,NC,1,R8,1,JONAUSKAS_Svajunas,LTU,,16.0,2.0,10.547,,Holder,Holder,Holder,Holder,Holder,Holder
782,St_Petersburg,2021,2021-07-11,NC,1,R8,2,NESTEROV_Dmitry,MCT,,8.0,1.0,10.288,,Holder,Holder,Holder,Holder,Holder,Holder
783,St_Petersburg,2021,2021-07-11,NC,1,R8,2,CALEYRON_Quentin,FRA,,9.0,2.0,REL,,Holder,Holder,Holder,Holder,Holder,Holder
784,St_Petersburg,2021,2021-07-11,NC,1,R8,3,QUINTERO_CHAVARRO_Kevin_Santiago,COL,,1.0,1.0,10.113,,Holder,Holder,Holder,Holder,Holder,Holder
785,St_Petersburg,2021,2021-07-11,NC,1,R8,3,ZAITSAU_Artsiom,BLR,,15.0,2.0,10.357,,Holder,Holder,Holder,Holder,Holder,Holder
786,St_Petersburg,2021,2021-07-11,NC,1,R8,4,DERACHE_Tom,FRA,,3.0,1.0,10.494,,Holder,Holder,Holder,Holder,Holder,Holder
787,St_Petersburg,2021,2021-07-11,NC,1,R8,4,LOVASSY_Patrik_Romeo,HUN,,14.0,2.0,10.644,,Holder,Holder,Holder,Holder,Holder,Holder
788,St_Petersburg,2021,2021-07-11,NC,1,R8,5,HOHNE_Anton,GER,,5.0,1.0,10.17,,Holder,Holder,Holder,Holder,Holder,Holder
789,St_Petersburg,2021,2021-07-11,NC,1,R8,5,CHUGAY_Andrey,KAZ,,13.0,2.0,10.258,,Holder,Holder,Holder,Holder,Holder,Holder
790,St_Petersburg,2021,2021-07-11,NC,1,R8,6,LENDEL_Vasilijus,LTU,,6.0,1.0,10.563,,Holder,Holder,Holder,Holder,Holder,Holder
791,St_Petersburg,2021,2021-07-11,NC,1,R8,6,JAGER_Julien,GER,,12.0,2.0,10.631,,Holder,Holder,Holder,Holder,Holder,Holder
792,St_Petersburg,2021,2021-07-11,NC,1,R8,7,SZALONTAY_Sandor,HUN,,4.0,1.0,10.236,,Holder,Holder,Holder,Holder,Holder,Holder
793,St_Petersburg,2021,2021-07-11,NC,1,R8,7,ROSTOV_Pavel,MCT,,11.0,2.0,10.324,,Holder,Holder,Holder,Holder,Holder,Holder
794,St_Petersburg,2021,2021-07-11,NC,1,R8,8,RAMIREZ_MORALES_Santiago,COL,,7.0,1.0,10.308,,Holder,Holder,Holder,Holder,Holder,Holder
795,St_Petersburg,2021,2021-07-11,NC,1,R8,8,BURLAKOV_Danila,RUS,,10.0,2.0,10.333,,Holder,Holder,Holder,Holder,Holder,Holder
796,St_Petersburg,2021,2021-07-11,NC,1,QF,1,IAKOVLEV_Mikhail,RUS,,2.0,1.0,10.24,,Holder,Holder,Holder,Holder,Holder,Holder
797,St_Petersburg,2021,2021-07-11,NC,1,QF,1,RAMIREZ_MORALES_Santiago,COL,,7.0,2.0,11.697000000000001,,Holder,Holder,Holder,Holder,Holder,Holder
798,St_Petersburg,2021,2021-07-11,NC,1,QF,2,SZALONTAY_Sandor,HUN,,4.0,2.0,10.589,,Holder,Holder,Holder,Holder,Holder,Holder
799,St_Petersburg,2021,2021-07-11,NC,1,QF,2,NESTEROV_Dmitry,MCT,,8.0,1.0,10.586,,Holder,Holder,Holder,Holder,Holder,Holder
800,St_Petersburg,2021,2021-07-11,NC,1,QF,3,QUINTERO_CHAVARRO_Kevin_Santiago,COL,,1.0,1.0,10.105,,Holder,Holder,Holder,Holder,Holder,Holder
801,St_Petersburg,2021,2021-07-11,NC,1,QF,3,LENDEL_Vasilijus,LTU,,6.0,2.0,10.246,,Holder,Holder,Holder,Holder,Holder,Holder
802,St_Petersburg,2021,2021-07-11,NC,1,QF,4,DERACHE_Tom,FRA,,3.0,1.0,10.127,,Holder,Holder,Holder,Holder,Holder,Holder
803,St_Petersburg,2021,2021-07-11,NC,1,QF,4,HOHNE_Anton,GER,,5.0,2.0,10.157,,Holder,Holder,Holder,Holder,Holder,Holder
796,St_Petersburg,2021,2021-07-11,NC,2,QF,1,IAKOVLEV_Mikhail,RUS,,2.0,1.0,10.105,,Holder,Holder,Holder,Holder,Holder,Holder
797,St_Petersburg,2021,2021-07-11,NC,2,QF,1,RAMIREZ_MORALES_Santiago,COL,,7.0,2.0,10.315000000000001,,Holder,Holder,Holder,Holder,Holder,Holder
798,St_Petersburg,2021,2021-07-11,NC,2,QF,2,SZALONTAY_Sandor,HUN,,4.0,1.0,10.956,,Holder,Holder,Holder,Holder,Holder,Holder
799,St_Petersburg,2021,2021-07-11,NC,2,QF,2,NESTEROV_Dmitry,MCT,,8.0,2.0,10.959999999999999,,Holder,Holder,Holder,Holder,Holder,Holder
800,St_Petersburg,2021,2021-07-11,NC,2,QF,3,QUINTERO_CHAVARRO_Kevin_Santiago,COL,,1.0,1.0,10.4,,Holder,Holder,Holder,Holder,Holder,Holder
801,St_Petersburg,2021,2021-07-11,NC,2,QF,3,LENDEL_Vasilijus,LTU,,6.0,2.0,10.776,,Holder,Holder,Holder,Holder,Holder,Holder
802,St_Petersburg,2021,2021-07-11,NC,2,QF,4,DERACHE_Tom,FRA,,3.0,1.0,10.498,,Holder,Holder,Holder,Holder,Holder,Holder
803,St_Petersburg,2021,2021-07-11,NC,2,QF,4,HOHNE_Anton,GER,,5.0,2.0,10.505999999999998,,Holder,Holder,Holder,Holder,Holder,Holder
798,St_Petersburg,2021,2021-07-11,NC,3,QF,2,SZALONTAY_Sandor,HUN,,4.0,1.0,10.554,,Holder,Holder,Holder,Holder,Holder,Holder
799,St_Petersburg,2021,2021-07-11,NC,3,QF,2,NESTEROV_Dmitry,MCT,,8.0,2.0,10.658,,Holder,Holder,Holder,Holder,Holder,Holder
804,St_Petersburg,2021,2021-07-11,NC,1,SF,1,IAKOVLEV_Mikhail,RUS,,2.0,1.0,10.112,,Holder,Holder,Holder,Holder,Holder,Holder
805,St_Petersburg,2021,2021-07-11,NC,1,SF,1,DERACHE_Tom,FRA,,3.0,2.0,10.162,,Holder,Holder,Holder,Holder,Holder,Holder
806,St_Petersburg,2021,2021-07-11,NC,1,SF,2,QUINTERO_CHAVARRO_Kevin_Santiago,COL,,1.0,1.0,10.195,,Holder,Holder,Holder,Holder,Holder,Holder
807,St_Petersburg,2021,2021-07-11,NC,1,SF,2,SZALONTAY_Sandor,HUN,,4.0,2.0,10.742,,Holder,Holder,Holder,Holder,Holder,Holder
804,St_Petersburg,2021,2021-07-11,NC,2,SF,1,IAKOVLEV_Mikhail,RUS,,2.0,1.0,9.946,,Holder,Holder,Holder,Holder,Holder,Holder
805,St_Petersburg,2021,2021-07-11,NC,2,SF,1,DERACHE_Tom,FRA,,3.0,2.0,10.209,,Holder,Holder,Holder,Holder,Holder,Holder
806,St_Petersburg,2021,2021-07-11,NC,2,SF,2,QUINTERO_CHAVARRO_Kevin_Santiago,COL,,1.0,1.0,10.396,,Holder,Holder,Holder,Holder,Holder,Holder
807,St_Petersburg,2021,2021-07-11,NC,2,SF,2,SZALONTAY_Sandor,HUN,,4.0,2.0,11.078000000000001,,Holder,Holder,Holder,Holder,Holder,Holder
808,St_Petersburg,2021,2021-07-11,NC,1,F,G,QUINTERO_CHAVARRO_Kevin_Santiago,COL,,1.0,2.0,10.151,,Holder,Holder,Holder,Holder,Holder,Holder
809,St_Petersburg,2021,2021-07-11,NC,1,F,G,IAKOVLEV_Mikhail,RUS,,2.0,1.0,10.144,,Holder,Holder,Holder,Holder,Holder,Holder
810,St_Petersburg,2021,2021-07-11,NC,1,F,B,DERACHE_Tom,FRA,,3.0,1.0,10.211,,Holder,Holder,Holder,Holder,Holder,Holder
811,St_Petersburg,2021,2021-07-11,NC,1,F,B,SZALONTAY_Sandor,HUN,,4.0,2.0,10.297,,Holder,Holder,Holder,Holder,Holder,Holder
808,St_Petersburg,2021,2021-07-11,NC,2,F,G,QUINTERO_CHAVARRO_Kevin_Santiago,COL,,1.0,1.0,10.201,,Holder,Holder,Holder,Holder,Holder,Holder
809,St_Petersburg,2021,2021-07-11,NC,2,F,G,IAKOVLEV_Mikhail,RUS,,2.0,2.0,10.294,,Holder,Holder,Holder,Holder,Holder,Holder
810,St_Petersburg,2021,2021-07-11,NC,2,F,B,DERACHE_Tom,FRA,,3.0,1.0,10.253,,Holder,Holder,Holder,Holder,Holder,Holder
811,St_Petersburg,2021,2021-07-11,NC,2,F,B,SZALONTAY_Sandor,HUN,,4.0,2.0,10.419,,Holder,Holder,Holder,Holder,Holder,Holder
808,St_Petersburg,2021,2021-07-11,NC,3,F,G,QUINTERO_CHAVARRO_Kevin_Santiago,COL,,1.0,1.0,10.122,,Holder,Holder,Holder,Holder,Holder,Holder
809,St_Petersburg,2021,2021-07-11,NC,3,F,G,IAKOVLEV_Mikhail,RUS,,2.0,2.0,10.209,,Holder,Holder,Holder,Holder,Holder,Holder
812,Tokyo,2021,2021-08-04,OLY,1,R32,1,HOOGLAND_Jeffrey,NED,,2.0,1.0,9.821,,Holder,Holder,Holder,Holder,Holder,Holder
813,Tokyo,2021,2021-08-04,OLY,1,R32,1,MITCHELL_Ethan,NZL,,24.0,2.0,10.054,,Holder,Holder,Holder,Holder,Holder,Holder
814,Tokyo,2021,2021-08-04,OLY,1,R32,2,LAVREYSEN_Harrie,NED,,1.0,1.0,10.005,,Holder,Holder,Holder,Holder,Holder,Holder
815,Tokyo,2021,2021-08-04,OLY,1,R32,2,SAHROM_Muhammad_Shah_Firdaus,MAS,,12.0,2.0,10.068000000000001,,Holder,Holder,Holder,Holder,Holder,Holder
816,Tokyo,2021,2021-08-04,OLY,1,R32,3,CARLIN_Jack,GBR,,3.0,1.0,9.829,,Holder,Holder,Holder,Holder,Holder,Holder
817,Tokyo,2021,2021-08-04,OLY,1,R32,3,HART_Nathan,AUS,,23.0,2.0,10.135,,Holder,Holder,Holder,Holder,Holder,Holder
818,Tokyo,2021,2021-08-04,OLY,1,R32,4,PAUL_Nicholas,TTO,,6.0,1.0,9.824,,Holder,Holder,Holder,Holder,Holder,Holder
819,Tokyo,2021,2021-08-04,OLY,1,R32,4,RICHARDSON_Matthew,AUS,,22.0,2.0,10.442,,Holder,Holder,Holder,Holder,Holder,Holder
820,Tokyo,2021,2021-08-04,OLY,1,R32,5,DMITRIEV_Denis,ROC,,4.0,1.0,9.859,,Holder,Holder,Holder,Holder,Holder,Holder
821,Tokyo,2021,2021-08-04,OLY,1,R32,5,HELAL_Rayan,FRA,,21.0,2.0,10.338,,Holder,Holder,Holder,Holder,Holder,Holder
822,Tokyo,2021,2021-08-04,OLY,1,R32,6,LEVY_Maximilian,GER,,5.0,1.0,9.922,,Holder,Holder,Holder,Holder,Holder,Holder
823,Tokyo,2021,2021-08-04,OLY,1,R32,6,TJON_EN_FA_Jair,SUR,,13.0,2.0,9.924000000000001,,Holder,Holder,Holder,Holder,Holder,Holder
824,Tokyo,2021,2021-08-04,OLY,1,R32,7,WEBSTER_Sam,NZL,,11.0,1.0,10.099,,Holder,Holder,Holder,Holder,Holder,Holder
825,Tokyo,2021,2021-08-04,OLY,1,R32,7,RUDYK_Mateusz,POL,,17.0,2.0,10.279,,Holder,Holder,Holder,Holder,Holder,Holder
826,Tokyo,2021,2021-08-04,OLY,1,R32,8,KENNY_Jason,GBR,,8.0,1.0,9.791,,Holder,Holder,Holder,Holder,Holder,Holder
827,Tokyo,2021,2021-08-04,OLY,1,R32,8,AWANG_Mohd_Azizulhasni,MAS,,10.0,2.0,9.823,,Holder,Holder,Holder,Holder,Holder,Holder
828,Tokyo,2021,2021-08-04,OLY,1,R32,9,WAKIMOTO_Yuta,JPN,,9.0,1.0,9.997,,Holder,Holder,Holder,Holder,Holder,Holder
829,Tokyo,2021,2021-08-04,OLY,1,R32,9,QUINTERO_CHAVARRO_Kevin_Santiago,COL,,20.0,2.0,10.081,,Holder,Holder,Holder,Holder,Holder,Holder
830,Tokyo,2021,2021-08-04,OLY,1,R32,10,VIGIER_Sebastien,FRA,,7.0,1.0,10.182,,Holder,Holder,Holder,Holder,Holder,Holder
831,Tokyo,2021,2021-08-04,OLY,1,R32,10,BARRETTE_Hugo,CAN,,19.0,2.0,10.202,,Holder,Holder,Holder,Holder,Holder,Holder
832,Tokyo,2021,2021-08-04,OLY,1,R32,11,RAJKOWSKI_Patryk,POL,,16.0,1.0,10.465,,Holder,Holder,Holder,Holder,Holder,Holder
833,Tokyo,2021,2021-08-04,OLY,1,R32,11,XU_Chao,CHN,,18.0,2.0,10.756,,Holder,Holder,Holder,Holder,Holder,Holder
834,Tokyo,2021,2021-08-04,OLY,1,R32,12,WAMMES_Nick,CAN,,14.0,1.0,10.228,,Holder,Holder,Holder,Holder,Holder,Holder
835,Tokyo,2021,2021-08-04,OLY,1,R32,12,BOETTICHER_Stefan,GER,,15.0,2.0,10.243,,Holder,Holder,Holder,Holder,Holder,Holder
836,Tokyo,2021,2021-08-04,OLY,1,Rep32,1,AWANG_Mohd_Azizulhasni,MAS,,10.0,1.0,10.056,,Holder,Holder,Holder,Holder,Holder,Holder
837,Tokyo,2021,2021-08-04,OLY,1,Rep32,1,QUINTERO_CHAVARRO_Kevin_Santiago,COL,,20.0,2.0,10.26,,Holder,Holder,Holder,Holder,Holder,Holder
838,Tokyo,2021,2021-08-04,OLY,1,Rep32,1,MITCHELL_Ethan,NZL,,24.0,3.0,10.604999999999999,,Holder,Holder,Holder,Holder,Holder,Holder
839,Tokyo,2021,2021-08-04,OLY,1,Rep32,2,SAHROM_Muhammad_Shah_Firdaus,MAS,,12.0,1.0,9.667,,Holder,Holder,Holder,Holder,Holder,Holder
840,Tokyo,2021,2021-08-04,OLY,1,Rep32,2,BARRETTE_Hugo,CAN,,19.0,2.0,10.286,,Holder,Holder,Holder,Holder,Holder,Holder
841,Tokyo,2021,2021-08-04,OLY,1,Rep32,2,RUDYK_Mateusz,POL,,17.0,3.0,10.334999999999999,,Holder,Holder,Holder,Holder,Holder,Holder
842,Tokyo,2021,2021-08-04,OLY,1,Rep32,3,TJON_EN_FA_Jair,SUR,,13.0,1.0,10.016,,Holder,Holder,Holder,Holder,Holder,Holder
843,Tokyo,2021,2021-08-04,OLY,1,Rep32,3,XU_Chao,CHN,,18.0,2.0,10.078,,Holder,Holder,Holder,Holder,Holder,Holder
844,Tokyo,2021,2021-08-04,OLY,1,Rep32,3,HART_Nathan,AUS,,23.0,3.0,10.201,,Holder,Holder,Holder,Holder,Holder,Holder
845,Tokyo,2021,2021-08-04,OLY,1,Rep32,4,BOETTICHER_Stefan,GER,,15.0,1.0,10.03,,Holder,Holder,Holder,Holder,Holder,Holder
846,Tokyo,2021,2021-08-04,OLY,1,Rep32,4,HELAL_Rayan,FRA,,21.0,2.0,10.062,,Holder,Holder,Holder,Holder,Holder,Holder
847,Tokyo,2021,2021-08-04,OLY,1,Rep32,4,RICHARDSON_Matthew,AUS,,22.0,3.0,10.450999999999999,,Holder,Holder,Holder,Holder,Holder,Holder
848,Tokyo,2021,2021-08-04,OLY,1,R16,1,HOOGLAND_Jeffrey,NED,,2.0,1.0,10.034,,Holder,Holder,Holder,Holder,Holder,Holder
849,Tokyo,2021,2021-08-04,OLY,1,R16,1,BOETTICHER_Stefan,GER,,15.0,2.0,10.145000000000001,,Holder,Holder,Holder,Holder,Holder,Holder
850,Tokyo,2021,2021-08-04,OLY,1,R16,2,LAVREYSEN_Harrie,NED,,1.0,1.0,9.766,,Holder,Holder,Holder,Holder,Holder,Holder
851,Tokyo,2021,2021-08-04,OLY,1,R16,2,TJON_EN_FA_Jair,SUR,,13.0,2.0,10.025,,Holder,Holder,Holder,Holder,Holder,Holder
852,Tokyo,2021,2021-08-04,OLY,1,R16,3,CARLIN_Jack,GBR,,3.0,1.0,9.884,,Holder,Holder,Holder,Holder,Holder,Holder
853,Tokyo,2021,2021-08-04,OLY,1,R16,3,SAHROM_Muhammad_Shah_Firdaus,MAS,,12.0,2.0,10.016,,Holder,Holder,Holder,Holder,Holder,Holder
854,Tokyo,2021,2021-08-04,OLY,1,R16,4,PAUL_Nicholas,TTO,,6.0,1.0,9.798,,Holder,Holder,Holder,Holder,Holder,Holder
855,Tokyo,2021,2021-08-04,OLY,1,R16,4,AWANG_Mohd_Azizulhasni,MAS,,10.0,2.0,9.824,,Holder,Holder,Holder,Holder,Holder,Holder
856,Tokyo,2021,2021-08-04,OLY,1,R16,5,DMITRIEV_Denis,ROC,,4.0,1.0,10.127,,Holder,Holder,Holder,Holder,Holder,Holder
857,Tokyo,2021,2021-08-04,OLY,1,R16,5,WAMMES_Nick,CAN,,14.0,2.0,10.234,,Holder,Holder,Holder,Holder,Holder,Holder
858,Tokyo,2021,2021-08-04,OLY,1,R16,6,LEVY_Maximilian,GER,,5.0,1.0,10.247,,Holder,Holder,Holder,Holder,Holder,Holder
859,Tokyo,2021,2021-08-04,OLY,1,R16,6,RAJKOWSKI_Patryk,POL,,16.0,2.0,10.395999999999999,,Holder,Holder,Holder,Holder,Holder,Holder
860,Tokyo,2021,2021-08-04,OLY,1,R16,7,WEBSTER_Sam,NZL,,11.0,1.0,9.845,,Holder,Holder,Holder,Holder,Holder,Holder
861,Tokyo,2021,2021-08-04,OLY,1,R16,7,VIGIER_Sebastien,FRA,,7.0,2.0,9.883000000000001,,Holder,Holder,Holder,Holder,Holder,Holder
862,Tokyo,2021,2021-08-04,OLY,1,R16,8,KENNY_Jason,GBR,,8.0,1.0,9.916,,Holder,Holder,Holder,Holder,Holder,Holder
863,Tokyo,2021,2021-08-04,OLY,1,R16,8,WAKIMOTO_Yuta,JPN,,9.0,2.0,9.937000000000001,,Holder,Holder,Holder,Holder,Holder,Holder
864,Tokyo,2021,2021-08-04,OLY,1,Rep16,1,WAKIMOTO_Yuta,JPN,,9.0,1.0,10.323,,Holder,Holder,Holder,Holder,Holder,Holder
865,Tokyo,2021,2021-08-04,OLY,1,Rep16,1,BOETTICHER_Stefan,GER,,15.0,2.0,10.499,,Holder,Holder,Holder,Holder,Holder,Holder
866,Tokyo,2021,2021-08-04,OLY,1,Rep16,2,VIGIER_Sebastien,FRA,,7.0,1.0,9.9,,Holder,Holder,Holder,Holder,Holder,Holder
867,Tokyo,2021,2021-08-04,OLY,1,Rep16,2,TJON_EN_FA_Jair,SUR,,13.0,2.0,9.985000000000001,,Holder,Holder,Holder,Holder,Holder,Holder
868,Tokyo,2021,2021-08-04,OLY,1,Rep16,3,SAHROM_Muhammad_Shah_Firdaus,MAS,,12.0,1.0,10.317,,Holder,Holder,Holder,Holder,Holder,Holder
869,Tokyo,2021,2021-08-04,OLY,1,Rep16,3,RAJKOWSKI_Patryk,POL,,16.0,2.0,10.577,,Holder,Holder,Holder,Holder,Holder,Holder
870,Tokyo,2021,2021-08-04,OLY,1,Rep16,4,AWANG_Mohd_Azizulhasni,MAS,,10.0,1.0,10.131,,Holder,Holder,Holder,Holder,Holder,Holder
871,Tokyo,2021,2021-08-04,OLY,1,Rep16,4,WAMMES_Nick,CAN,,14.0,2.0,10.235,,Holder,Holder,Holder,Holder,Holder,Holder
872,Tokyo,2021,2021-08-04,OLY,1,R8,1,HOOGLAND_Jeffrey,NED,,2.0,1.0,9.831,,Holder,Holder,Holder,Holder,Holder,Holder
873,Tokyo,2021,2021-08-04,OLY,1,R8,1,AWANG_Mohd_Azizulhasni,MAS,,10.0,2.0,9.870999999999999,,Holder,Holder,Holder,Holder,Holder,Holder
874,Tokyo,2021,2021-08-04,OLY,1,R8,2,LAVREYSEN_Harrie,NED,,1.0,1.0,9.635,,Holder,Holder,Holder,Holder,Holder,Holder
875,Tokyo,2021,2021-08-04,OLY,1,R8,2,SAHROM_Muhammad_Shah_Firdaus,MAS,,12.0,2.0,10.084,,Holder,Holder,Holder,Holder,Holder,Holder
876,Tokyo,2021,2021-08-04,OLY,1,R8,3,CARLIN_Jack,GBR,,3.0,1.0,9.963,,Holder,Holder,Holder,Holder,Holder,Holder
877,Tokyo,2021,2021-08-04,OLY,1,R8,3,VIGIER_Sebastien,FRA,,7.0,2.0,10.133999999999999,,Holder,Holder,Holder,Holder,Holder,Holder
878,Tokyo,2021,2021-08-04,OLY,1,R8,4,PAUL_Nicholas,TTO,,6.0,1.0,10.091,,Holder,Holder,Holder,Holder,Holder,Holder
879,Tokyo,2021,2021-08-04,OLY,1,R8,4,WAKIMOTO_Yuta,JPN,,9.0,2.0,10.548,,Holder,Holder,Holder,Holder,Holder,Holder
880,Tokyo,2021,2021-08-04,OLY,1,R8,5,DMITRIEV_Denis,ROC,,4.0,1.0,9.828,,Holder,Holder,Holder,Holder,Holder,Holder
881,Tokyo,2021,2021-08-04,OLY,1,R8,5,KENNY_Jason,GBR,,8.0,2.0,9.904,,Holder,Holder,Holder,Holder,Holder,Holder
882,Tokyo,2021,2021-08-04,OLY,1,R8,6,LEVY_Maximilian,GER,,5.0,1.0,10.355,,Holder,Holder,Holder,Holder,Holder,Holder
883,Tokyo,2021,2021-08-04,OLY,1,R8,6,WEBSTER_Sam,NZL,,11.0,2.0,10.487,,Holder,Holder,Holder,Holder,Holder,Holder
884,Tokyo,2021,2021-08-04,OLY,1,Rep8,1,KENNY_Jason,GBR,,8.0,1.0,10.066,,Holder,Holder,Holder,Holder,Holder,Holder
885,Tokyo,2021,2021-08-04,OLY,1,Rep8,1,AWANG_Mohd_Azizulhasni,MAS,,10.0,2.0,10.108,,Holder,Holder,Holder,Holder,Holder,Holder
886,Tokyo,2021,2021-08-04,OLY,1,Rep8,1,WAKIMOTO_Yuta,JPN,,9.0,3.0,10.391,,Holder,Holder,Holder,Holder,Holder,Holder
887,Tokyo,2021,2021-08-04,OLY,1,Rep8,2,VIGIER_Sebastien,FRA,,7.0,1.0,10.169,,Holder,Holder,Holder,Holder,Holder,Holder
888,Tokyo,2021,2021-08-04,OLY,1,Rep8,2,WEBSTER_Sam,NZL,,11.0,2.0,10.270000000000001,,Holder,Holder,Holder,Holder,Holder,Holder
889,Tokyo,2021,2021-08-04,OLY,1,Rep8,2,SAHROM_Muhammad_Shah_Firdaus,MAS,,12.0,3.0,10.302,,Holder,Holder,Holder,Holder,Holder,Holder
890,Tokyo,2021,2021-08-04,OLY,1,QF,1,HOOGLAND_Jeffrey,NED,,2.0,1.0,10.204,,Holder,Holder,Holder,Holder,Holder,Holder
891,Tokyo,2021,2021-08-04,OLY,1,QF,1,VIGIER_Sebastien,FRA,,7.0,2.0,12.644,,Holder,Holder,Holder,Holder,Holder,Holder
892,Tokyo,2021,2021-08-04,OLY,1,QF,2,LAVREYSEN_Harrie,NED,,1.0,1.0,10.243,,Holder,Holder,Holder,Holder,Holder,Holder
893,Tokyo,2021,2021-08-04,OLY,1,QF,2,KENNY_Jason,GBR,,8.0,2.0,10.290000000000001,,Holder,Holder,Holder,Holder,Holder,Holder
894,Tokyo,2021,2021-08-04,OLY,1,QF,3,CARLIN_Jack,GBR,,3.0,1.0,9.68,,Holder,Holder,Holder,Holder,Holder,Holder
895,Tokyo,2021,2021-08-04,OLY,1,QF,3,LEVY_Maximilian,GER,,5.0,2.0,12.187,,Holder,Holder,Holder,Holder,Holder,Holder
896,Tokyo,2021,2021-08-04,OLY,1,QF,4,DMITRIEV_Denis,ROC,,4.0,2.0,9.943,,Holder,Holder,Holder,Holder,Holder,Holder
897,Tokyo,2021,2021-08-04,OLY,1,QF,4,PAUL_Nicholas,TTO,,6.0,1.0,9.648,,Holder,Holder,Holder,Holder,Holder,Holder
890,Tokyo,2021,2021-08-04,OLY,2,QF,1,HOOGLAND_Jeffrey,NED,,2.0,1.0,9.902,,Holder,Holder,Holder,Holder,Holder,Holder
891,Tokyo,2021,2021-08-04,OLY,2,QF,1,VIGIER_Sebastien,FRA,,7.0,2.0,9.960999999999999,,Holder,Holder,Holder,Holder,Holder,Holder
892,Tokyo,2021,2021-08-04,OLY,2,QF,2,LAVREYSEN_Harrie,NED,,1.0,1.0,10.551,,Holder,Holder,Holder,Holder,Holder,Holder
893,Tokyo,2021,2021-08-04,OLY,2,QF,2,KENNY_Jason,GBR,,8.0,2.0,11.493,,Holder,Holder,Holder,Holder,Holder,Holder
894,Tokyo,2021,2021-08-04,OLY,2,QF,3,CARLIN_Jack,GBR,,3.0,1.0,9.795,,Holder,Holder,Holder,Holder,Holder,Holder
895,Tokyo,2021,2021-08-04,OLY,2,QF,3,LEVY_Maximilian,GER,,5.0,2.0,10.191,,Holder,Holder,Holder,Holder,Holder,Holder
896,Tokyo,2021,2021-08-04,OLY,2,QF,4,DMITRIEV_Denis,ROC,,4.0,1.0,9.824,,Holder,Holder,Holder,Holder,Holder,Holder
897,Tokyo,2021,2021-08-04,OLY,2,QF,4,PAUL_Nicholas,TTO,,6.0,2.0,REL,,Holder,Holder,Holder,Holder,Holder,Holder
896,Tokyo,2021,2021-08-04,OLY,3,QF,4,DMITRIEV_Denis,ROC,,4.0,1.0,10.381,,Holder,Holder,Holder,Holder,Holder,Holder
897,Tokyo,2021,2021-08-04,OLY,3,QF,4,PAUL_Nicholas,TTO,,6.0,2.0,14.764,,Holder,Holder,Holder,Holder,Holder,Holder
898,Tokyo,2021,2021-08-04,OLY,1,5to8,1,LEVY_Maximilian,GER,,5.0,1.0,9.879,,Holder,Holder,Holder,Holder,Holder,Holder
899,Tokyo,2021,2021-08-04,OLY,1,5to8,1,PAUL_Nicholas,TTO,,6.0,2.0,10.030999999999999,,Holder,Holder,Holder,Holder,Holder,Holder
900,Tokyo,2021,2021-08-04,OLY,1,5to8,1,VIGIER_Sebastien,FRA,,7.0,3.0,10.674999999999999,,Holder,Holder,Holder,Holder,Holder,Holder
901,Tokyo,2021,2021-08-04,OLY,1,5to8,1,KENNY_Jason,GBR,,8.0,4.0,11.553999999999998,,Holder,Holder,Holder,Holder,Holder,Holder
902,Tokyo,2021,2021-08-04,OLY,1,SF,1,HOOGLAND_Jeffrey,NED,,2.0,1.0,9.692,,Holder,Holder,Holder,Holder,Holder,Holder
903,Tokyo,2021,2021-08-04,OLY,1,SF,1,DMITRIEV_Denis,ROC,,4.0,2.0,9.799,,Holder,Holder,Holder,Holder,Holder,Holder
904,Tokyo,2021,2021-08-04,OLY,1,SF,2,LAVREYSEN_Harrie,NED,,1.0,1.0,9.747,,Holder,Holder,Holder,Holder,Holder,Holder
905,Tokyo,2021,2021-08-04,OLY,1,SF,2,CARLIN_Jack,GBR,,3.0,2.0,9.814,,Holder,Holder,Holder,Holder,Holder,Holder
902,Tokyo,2021,2021-08-04,OLY,2,SF,1,HOOGLAND_Jeffrey,NED,,2.0,1.0,9.786,,Holder,Holder,Holder,Holder,Holder,Holder
903,Tokyo,2021,2021-08-04,OLY,2,SF,1,DMITRIEV_Denis,ROC,,4.0,2.0,9.796,,Holder,Holder,Holder,Holder,Holder,Holder
904,Tokyo,2021,2021-08-04,OLY,2,SF,2,LAVREYSEN_Harrie,NED,,1.0,1.0,9.784,,Holder,Holder,Holder,Holder,Holder,Holder
905,Tokyo,2021,2021-08-04,OLY,2,SF,2,CARLIN_Jack,GBR,,3.0,2.0,9.826,,Holder,Holder,Holder,Holder,Holder,Holder
906,Tokyo,2021,2021-08-04,OLY,1,F,G,LAVREYSEN_Harrie,NED,,1.0,2.0,9.736,,Holder,Holder,Holder,Holder,Holder,Holder
907,Tokyo,2021,2021-08-04,OLY,1,F,G,HOOGLAND_Jeffrey,NED,,2.0,1.0,9.724,,Holder,Holder,Holder,Holder,Holder,Holder
908,Tokyo,2021,2021-08-04,OLY,1,F,B,CARLIN_Jack,GBR,,3.0,1.0,9.786,,Holder,Holder,Holder,Holder,Holder,Holder
909,Tokyo,2021,2021-08-04,OLY,1,F,B,DMITRIEV_Denis,ROC,,4.0,2.0,10.272,,Holder,Holder,Holder,Holder,Holder,Holder
906,Tokyo,2021,2021-08-04,OLY,2,F,G,LAVREYSEN_Harrie,NED,,1.0,1.0,9.776,,Holder,Holder,Holder,Holder,Holder,Holder
907,Tokyo,2021,2021-08-04,OLY,2,F,G,HOOGLAND_Jeffrey,NED,,2.0,2.0,9.791,,Holder,Holder,Holder,Holder,Holder,Holder
908,Tokyo,2021,2021-08-04,OLY,2,F,B,CARLIN_Jack,GBR,,3.0,1.0,9.943,,Holder,Holder,Holder,Holder,Holder,Holder
909,Tokyo,2021,2021-08-04,OLY,2,F,B,DMITRIEV_Denis,ROC,,4.0,2.0,9.958,,Holder,Holder,Holder,Holder,Holder,Holder
906,Tokyo,2021,2021-08-04,OLY,3,F,G,LAVREYSEN_Harrie,NED,,1.0,1.0,10.681,,Holder,Holder,Holder,Holder,Holder,Holder
907,Tokyo,2021,2021-08-04,OLY,3,F,G,HOOGLAND_Jeffrey,NED,,2.0,2.0,10.889,,Holder,Holder,Holder,Holder,Holder,Holder
910,Cali,2021,2021-09-12,NC,1,R16,1,WAGNER_Robin,CZE,,11.0,1.0,10.657,,Holder,Holder,Holder,Holder,Holder,Holder
911,Cali,2021,2021-09-12,NC,1,R16,1,PACHECO_Pablo,ECU,,22.0,2.0,11.356,,Holder,Holder,Holder,Holder,Holder,Holder
912,Cali,2021,2021-09-12,NC,1,R16,2,LAITONJAM_Ronaldo,IND,,12.0,1.0,10.492,,Holder,Holder,Holder,Holder,Holder,Holder
913,Cali,2021,2021-09-12,NC,1,R16,2,LEANDRO_MADRIGAL_Nayib,CRC,,21.0,2.0,10.826,,Holder,Holder,Holder,Holder,Holder,Holder
914,Cali,2021,2021-09-12,NC,1,R16,3,VERDUGO_OSUNA_Edgar_Ismael,MEX,,13.0,1.0,10.712,,Holder,Holder,Holder,Holder,Holder,Holder
915,Cali,2021,2021-09-12,NC,1,R16,3,BONE_NAZARENO_Francisco_Miguel,ECU,,20.0,2.0,10.722999999999999,,Holder,Holder,Holder,Holder,Holder,Holder
916,Cali,2021,2021-09-12,NC,1,R16,4,BOHUSLAVEK_Matej,CZE,,14.0,1.0,10.947,,Holder,Holder,Holder,Holder,Holder,Holder
917,Cali,2021,2021-09-12,NC,1,R16,4,DANYLCHUK_Bohdan,UKR,,19.0,2.0,10.997,,Holder,Holder,Holder,Holder,Holder,Holder
918,Cali,2021,2021-09-12,NC,1,R16,5,ESOW_Esow,IND,,15.0,1.0,10.92,,Holder,Holder,Holder,Holder,Holder,Holder
919,Cali,2021,2021-09-12,NC,1,R16,5,ALEXANDER_Quincy,TTO,,18.0,2.0,10.968,,Holder,Holder,Holder,Holder,Holder,Holder
920,Cali,2021,2021-09-12,NC,1,R16,6,MASRI_Amar_Danial,MAS,,16.0,1.0,10.752,,Holder,Holder,Holder,Holder,Holder,Holder
921,Cali,2021,2021-09-12,NC,1,R16,6,RUIZ_TERAN_Juan_Carlos,MEX,,17.0,2.0,REL,,Holder,Holder,Holder,Holder,Holder,Holder
922,Cali,2021,2021-09-12,NC,1,R8,1,PAUL_Nicholas,TTO,,1.0,1.0,10.449,,Holder,Holder,Holder,Holder,Holder,Holder
923,Cali,2021,2021-09-12,NC,1,R8,1,MASRI_Amar_Danial,MAS,,16.0,2.0,10.748,,Holder,Holder,Holder,Holder,Holder,Holder
924,Cali,2021,2021-09-12,NC,1,R8,2,WAMMES_Nick,CAN,,4.0,1.0,10.38,,Holder,Holder,Holder,Holder,Holder,Holder
925,Cali,2021,2021-09-12,NC,1,R8,2,ESOW_Esow,IND,,15.0,2.0,13.874,,Holder,Holder,Holder,Holder,Holder,Holder
926,Cali,2021,2021-09-12,NC,1,R8,3,QUINTERO_CHAVARRO_Kevin_Santiago,COL,,2.0,1.0,10.587,,Holder,Holder,Holder,Holder,Holder,Holder
927,Cali,2021,2021-09-12,NC,1,R8,3,BOHUSLAVEK_Matej,CZE,,14.0,2.0,11.029,,Holder,Holder,Holder,Holder,Holder,Holder
928,Cali,2021,2021-09-12,NC,1,R8,4,HELAL_Rayan,FRA,,3.0,1.0,10.474,,Holder,Holder,Holder,Holder,Holder,Holder
929,Cali,2021,2021-09-12,NC,1,R8,4,VERDUGO_OSUNA_Edgar_Ismael,MEX,,13.0,2.0,10.545,,Holder,Holder,Holder,Holder,Holder,Holder
930,Cali,2021,2021-09-12,NC,1,R8,5,VIGIER_Sebastien,FRA,,5.0,1.0,10.375,,Holder,Holder,Holder,Holder,Holder,Holder
931,Cali,2021,2021-09-12,NC,1,R8,5,LAITONJAM_Ronaldo,IND,,12.0,2.0,10.46,,Holder,Holder,Holder,Holder,Holder,Holder
932,Cali,2021,2021-09-12,NC,1,R8,6,RAMIREZ_MORALES_Santiago,COL,,6.0,1.0,10.29,,Holder,Holder,Holder,Holder,Holder,Holder
933,Cali,2021,2021-09-12,NC,1,R8,6,WAGNER_Robin,CZE,,11.0,2.0,10.418,,Holder,Holder,Holder,Holder,Holder,Holder
934,Cali,2021,2021-09-12,NC,1,R8,7,RAJKOWSKI_Patryk,POL,,7.0,1.0,10.391,,Holder,Holder,Holder,Holder,Holder,Holder
935,Cali,2021,2021-09-12,NC,1,R8,7,SAHROM_Muhammad_Ridwan,MAS,,10.0,2.0,10.523,,Holder,Holder,Holder,Holder,Holder,Holder
936,Cali,2021,2021-09-12,NC,1,R8,8,ROCHNA_Daniel,POL,,8.0,1.0,10.398,,Holder,Holder,Holder,Holder,Holder,Holder
937,Cali,2021,2021-09-12,NC,1,R8,8,DODYK_Ryan,CAN,,9.0,2.0,10.475999999999999,,Holder,Holder,Holder,Holder,Holder,Holder
938,Cali,2021,2021-09-12,NC,1,QF,1,PAUL_Nicholas,TTO,,1.0,1.0,10.745,,Holder,Holder,Holder,Holder,Holder,Holder
939,Cali,2021,2021-09-12,NC,1,QF,1,ROCHNA_Daniel,POL,,8.0,2.0,10.937999999999999,,Holder,Holder,Holder,Holder,Holder,Holder
940,Cali,2021,2021-09-12,NC,1,QF,2,WAMMES_Nick,CAN,,4.0,1.0,10.308,,Holder,Holder,Holder,Holder,Holder,Holder
941,Cali,2021,2021-09-12,NC,1,QF,2,RAJKOWSKI_Patryk,POL,,7.0,2.0,10.458,,Holder,Holder,Holder,Holder,Holder,Holder
942,Cali,2021,2021-09-12,NC,1,QF,3,QUINTERO_CHAVARRO_Kevin_Santiago,COL,,2.0,2.0,10.363999999999999,,Holder,Holder,Holder,Holder,Holder,Holder
943,Cali,2021,2021-09-12,NC,1,QF,3,RAMIREZ_MORALES_Santiago,COL,,6.0,1.0,10.245,,Holder,Holder,Holder,Holder,Holder,Holder
944,Cali,2021,2021-09-12,NC,1,QF,4,HELAL_Rayan,FRA,,3.0,1.0,10.155,,Holder,Holder,Holder,Holder,Holder,Holder
945,Cali,2021,2021-09-12,NC,1,QF,4,VIGIER_Sebastien,FRA,,5.0,2.0,10.357,,Holder,Holder,Holder,Holder,Holder,Holder
938,Cali,2021,2021-09-12,NC,2,QF,1,PAUL_Nicholas,TTO,,1.0,1.0,10.93,,Holder,Holder,Holder,Holder,Holder,Holder
939,Cali,2021,2021-09-12,NC,2,QF,1,ROCHNA_Daniel,POL,,8.0,2.0,11.107,,Holder,Holder,Holder,Holder,Holder,Holder
940,Cali,2021,2021-09-12,NC,2,QF,2,WAMMES_Nick,CAN,,4.0,1.0,10.312,,Holder,Holder,Holder,Holder,Holder,Holder
941,Cali,2021,2021-09-12,NC,2,QF,2,RAJKOWSKI_Patryk,POL,,7.0,2.0,10.357,,Holder,Holder,Holder,Holder,Holder,Holder
942,Cali,2021,2021-09-12,NC,2,QF,3,QUINTERO_CHAVARRO_Kevin_Santiago,COL,,2.0,1.0,10.345,,Holder,Holder,Holder,Holder,Holder,Holder
943,Cali,2021,2021-09-12,NC,2,QF,3,RAMIREZ_MORALES_Santiago,COL,,6.0,2.0,10.402000000000001,,Holder,Holder,Holder,Holder,Holder,Holder
944,Cali,2021,2021-09-12,NC,2,QF,4,HELAL_Rayan,FRA,,3.0,1.0,10.416,,Holder,Holder,Holder,Holder,Holder,Holder
945,Cali,2021,2021-09-12,NC,2,QF,4,VIGIER_Sebastien,FRA,,5.0,2.0,10.532,,Holder,Holder,Holder,Holder,Holder,Holder
942,Cali,2021,2021-09-12,NC,3,QF,3,QUINTERO_CHAVARRO_Kevin_Santiago,COL,,2.0,1.0,10.683,,Holder,Holder,Holder,Holder,Holder,Holder
943,Cali,2021,2021-09-12,NC,3,QF,3,RAMIREZ_MORALES_Santiago,COL,,6.0,2.0,12.221,,Holder,Holder,Holder,Holder,Holder,Holder
946,Cali,2021,2021-09-12,NC,1,SF,1,PAUL_Nicholas,TTO,,1.0,1.0,10.003,,Holder,Holder,Holder,Holder,Holder,Holder
947,Cali,2021,2021-09-12,NC,1,SF,1,HELAL_Rayan,FRA,,3.0,2.0,10.189,,Holder,Holder,Holder,Holder,Holder,Holder
948,Cali,2021,2021-09-12,NC,1,SF,2,QUINTERO_CHAVARRO_Kevin_Santiago,COL,,2.0,2.0,10.162,,Holder,Holder,Holder,Holder,Holder,Holder
949,Cali,2021,2021-09-12,NC,1,SF,2,WAMMES_Nick,CAN,,4.0,1.0,10.115,,Holder,Holder,Holder,Holder,Holder,Holder
946,Cali,2021,2021-09-12,NC,2,SF,1,PAUL_Nicholas,TTO,,1.0,1.0,10.247,,Holder,Holder,Holder,Holder,Holder,Holder
947,Cali,2021,2021-09-12,NC,2,SF,1,HELAL_Rayan,FRA,,3.0,2.0,12.786,,Holder,Holder,Holder,Holder,Holder,Holder
948,Cali,2021,2021-09-12,NC,2,SF,2,QUINTERO_CHAVARRO_Kevin_Santiago,COL,,2.0,1.0,10.23,,Holder,Holder,Holder,Holder,Holder,Holder
949,Cali,2021,2021-09-12,NC,2,SF,2,WAMMES_Nick,CAN,,4.0,2.0,10.395,,Holder,Holder,Holder,Holder,Holder,Holder
948,Cali,2021,2021-09-12,NC,3,SF,2,QUINTERO_CHAVARRO_Kevin_Santiago,COL,,2.0,1.0,10.496,,Holder,Holder,Holder,Holder,Holder,Holder
949,Cali,2021,2021-09-12,NC,3,SF,2,WAMMES_Nick,CAN,,4.0,2.0,10.5,,Holder,Holder,Holder,Holder,Holder,Holder
950,Cali,2021,2021-09-12,NC,1,F,G,PAUL_Nicholas,TTO,,1.0,1.0,10.196,,Holder,Holder,Holder,Holder,Holder,Holder
951,Cali,2021,2021-09-12,NC,1,F,G,QUINTERO_CHAVARRO_Kevin_Santiago,COL,,2.0,2.0,10.321,,Holder,Holder,Holder,Holder,Holder,Holder
952,Cali,2021,2021-09-12,NC,1,F,B,HELAL_Rayan,FRA,,3.0,1.0,10.054,,Holder,Holder,Holder,Holder,Holder,Holder
953,Cali,2021,2021-09-12,NC,1,F,B,WAMMES_Nick,CAN,,4.0,2.0,10.097,,Holder,Holder,Holder,Holder,Holder,Holder
950,Cali,2021,2021-09-12,NC,2,F,G,PAUL_Nicholas,TTO,,1.0,1.0,9.845,,Holder,Holder,Holder,Holder,Holder,Holder
951,Cali,2021,2021-09-12,NC,2,F,G,QUINTERO_CHAVARRO_Kevin_Santiago,COL,,2.0,2.0,10.361,,Holder,Holder,Holder,Holder,Holder,Holder
952,Cali,2021,2021-09-12,NC,2,F,B,HELAL_Rayan,FRA,,3.0,1.0,10.035,,Holder,Holder,Holder,Holder,Holder,Holder
953,Cali,2021,2021-09-12,NC,2,F,B,WAMMES_Nick,CAN,,4.0,2.0,10.926,,Holder,Holder,Holder,Holder,Holder,Holder
954,Roubaix,2021,2021-10-23,WCH,1,R16,1,RUDYK_Mateusz,POL,,7.0,1.0,10.787,,Holder,Holder,Holder,Holder,Holder,Holder
955,Roubaix,2021,2021-10-23,WCH,1,R16,1,RUIZ_TERAN_Juan_Carlos,MEX,,28.0,2.0,10.896,,Holder,Holder,Holder,Holder,Holder,Holder
956,Roubaix,2021,2021-10-23,WCH,1,R16,2,HOOGLAND_Jeffrey,NED,,2.0,1.0,10.801,,Holder,Holder,Holder,Holder,Holder,Holder
957,Roubaix,2021,2021-10-23,WCH,1,R16,2,SZABO_Norbert,ROU,,27.0,2.0,10.885,,Holder,Holder,Holder,Holder,Holder,Holder
958,Roubaix,2021,2021-10-23,WCH,1,R16,3,BOETTICHER_Stefan,GER,,4.0,1.0,10.179,,Holder,Holder,Holder,Holder,Holder,Holder
959,Roubaix,2021,2021-10-23,WCH,1,R16,3,VERDUGO_OSUNA_Edgar_Ismael,MEX,,26.0,2.0,10.321,,Holder,Holder,Holder,Holder,Holder,Holder
960,Roubaix,2021,2021-10-23,WCH,1,R16,4,TJON_EN_FA_Jair,SUR,,9.0,1.0,10.249,,Holder,Holder,Holder,Holder,Holder,Holder
961,Roubaix,2021,2021-10-23,WCH,1,R16,4,OCHOA_HENAO_Juan_David,COL,,25.0,2.0,10.451,,Holder,Holder,Holder,Holder,Holder,Holder
962,Roubaix,2021,2021-10-23,WCH,1,R16,5,HELAL_Rayan,FRA,,8.0,1.0,10.316,,Holder,Holder,Holder,Holder,Holder,Holder
963,Roubaix,2021,2021-10-23,WCH,1,R16,5,LENDEL_Vasilijus,LTU,,24.0,2.0,10.554,,Holder,Holder,Holder,Holder,Holder,Holder
964,Roubaix,2021,2021-10-23,WCH,1,R16,6,ROCHNA_Daniel,POL,,10.0,1.0,10.542,,Holder,Holder,Holder,Holder,Holder,Holder
965,Roubaix,2021,2021-10-23,WCH,1,R16,6,ANGSUTHASAWIT_Jai,THA,,23.0,2.0,10.587,,Holder,Holder,Holder,Holder,Holder,Holder
966,Roubaix,2021,2021-10-23,WCH,1,R16,7,SAHROM_Muhammad_Shah_Firdaus,MAS,,11.0,1.0,10.233,,Holder,Holder,Holder,Holder,Holder,Holder
967,Roubaix,2021,2021-10-23,WCH,1,R16,7,CECHMAN_Martin,CZE,,22.0,2.0,11.393,,Holder,Holder,Holder,Holder,Holder,Holder
968,Roubaix,2021,2021-10-23,WCH,1,R16,8,WAMMES_Nick,CAN,,12.0,1.0,10.355,,Holder,Holder,Holder,Holder,Holder,Holder
969,Roubaix,2021,2021-10-23,WCH,1,R16,8,PERALTA_Juan,ESP,,21.0,2.0,10.516,,Holder,Holder,Holder,Holder,Holder,Holder
970,Roubaix,2021,2021-10-23,WCH,1,R16,9,HOEHNE_Anton,GER,,13.0,1.0,10.375,,Holder,Holder,Holder,Holder,Holder,Holder
971,Roubaix,2021,2021-10-23,WCH,1,R16,9,QUINTERO_CHAVARRO_Kevin_Santiago,COL,,20.0,2.0,10.435,,Holder,Holder,Holder,Holder,Holder,Holder
972,Roubaix,2021,2021-10-23,WCH,1,R16,10,YAMASAKI_Kento,JPN,,14.0,1.0,10.131,,Holder,Holder,Holder,Holder,Holder,Holder
973,Roubaix,2021,2021-10-23,WCH,1,R16,10,TERASAKI_Kohei,JPN,,19.0,2.0,10.178,,Holder,Holder,Holder,Holder,Holder,Holder
974,Roubaix,2021,2021-10-23,WCH,1,R16,11,TRUMAN_Joseph,GBR,,15.0,1.0,10.264,,Holder,Holder,Holder,Holder,Holder,Holder
975,Roubaix,2021,2021-10-23,WCH,1,R16,11,YAKUSHEVSKIY_Pavel,RCF,,18.0,2.0,10.321,,Holder,Holder,Holder,Holder,Holder,Holder
976,Roubaix,2021,2021-10-23,WCH,1,R16,12,TURNBULL_Hamish,GBR,,16.0,1.0,10.314,,Holder,Holder,Holder,Holder,Holder,Holder
977,Roubaix,2021,2021-10-23,WCH,1,R16,12,SZALONTAY_Sandor,HUN,,17.0,2.0,10.386,,Holder,Holder,Holder,Holder,Holder,Holder
978,Roubaix,2021,2021-10-23,WCH,1,R8,1,LAVREYSEN_Harrie,NED,,1.0,1.0,9.96,,Holder,Holder,Holder,Holder,Holder,Holder
979,Roubaix,2021,2021-10-23,WCH,1,R8,1,TURNBULL_Hamish,GBR,,16.0,2.0,10.911000000000001,,Holder,Holder,Holder,Holder,Holder,Holder
980,Roubaix,2021,2021-10-23,WCH,1,R8,2,PAUL_Nicholas,TTO,,5.0,1.0,9.707,,Holder,Holder,Holder,Holder,Holder,Holder
981,Roubaix,2021,2021-10-23,WCH,1,R8,2,TRUMAN_Joseph,GBR,,15.0,2.0,10.302000000000001,,Holder,Holder,Holder,Holder,Holder,Holder
982,Roubaix,2021,2021-10-23,WCH,1,R8,3,IAKOVLEV_Mikhail,RCF,,6.0,1.0,10.147,,Holder,Holder,Holder,Holder,Holder,Holder
983,Roubaix,2021,2021-10-23,WCH,1,R8,3,YAMASAKI_Kento,JPN,,14.0,2.0,10.168000000000001,,Holder,Holder,Holder,Holder,Holder,Holder
984,Roubaix,2021,2021-10-23,WCH,1,R8,4,VIGIER_Sebastien,FRA,,3.0,1.0,9.969,,Holder,Holder,Holder,Holder,Holder,Holder
985,Roubaix,2021,2021-10-23,WCH,1,R8,4,HOEHNE_Anton,GER,,13.0,2.0,10.190999999999999,,Holder,Holder,Holder,Holder,Holder,Holder
986,Roubaix,2021,2021-10-23,WCH,1,R8,5,RUDYK_Mateusz,POL,,7.0,1.0,10.255,,Holder,Holder,Holder,Holder,Holder,Holder
987,Roubaix,2021,2021-10-23,WCH,1,R8,5,WAMMES_Nick,CAN,,12.0,2.0,10.314,,Holder,Holder,Holder,Holder,Holder,Holder
988,Roubaix,2021,2021-10-23,WCH,1,R8,6,HOOGLAND_Jeffrey,NED,,2.0,1.0,10.509,,Holder,Holder,Holder,Holder,Holder,Holder
989,Roubaix,2021,2021-10-23,WCH,1,R8,6,SAHROM_Muhammad_Shah_Firdaus,MAS,,11.0,2.0,10.614,,Holder,Holder,Holder,Holder,Holder,Holder
990,Roubaix,2021,2021-10-23,WCH,1,R8,7,BOETTICHER_Stefan,GER,,4.0,1.0,9.969,,Holder,Holder,Holder,Holder,Holder,Holder
991,Roubaix,2021,2021-10-23,WCH,1,R8,7,ROCHNA_Daniel,POL,,10.0,2.0,10.889999999999999,,Holder,Holder,Holder,Holder,Holder,Holder
992,Roubaix,2021,2021-10-23,WCH,1,R8,8,HELAL_Rayan,FRA,,8.0,1.0,9.985,,Holder,Holder,Holder,Holder,Holder,Holder
993,Roubaix,2021,2021-10-23,WCH,1,R8,8,TJON_EN_FA_Jair,SUR,,9.0,2.0,10.099,,Holder,Holder,Holder,Holder,Holder,Holder
994,Roubaix,2021,2021-10-23,WCH,1,QF,1,LAVREYSEN_Harrie,NED,,1.0,1.0,10.058,,Holder,Holder,Holder,Holder,Holder,Holder
995,Roubaix,2021,2021-10-23,WCH,1,QF,1,HELAL_Rayan,FRA,,8.0,2.0,10.17,,Holder,Holder,Holder,Holder,Holder,Holder
996,Roubaix,2021,2021-10-23,WCH,1,QF,2,BOETTICHER_Stefan,GER,,4.0,2.0,10.58,,Holder,Holder,Holder,Holder,Holder,Holder
997,Roubaix,2021,2021-10-23,WCH,1,QF,2,PAUL_Nicholas,TTO,,5.0,1.0,9.808,,Holder,Holder,Holder,Holder,Holder,Holder
998,Roubaix,2021,2021-10-23,WCH,1,QF,3,HOOGLAND_Jeffrey,NED,,2.0,2.0,9.879999999999999,,Holder,Holder,Holder,Holder,Holder,Holder
999,Roubaix,2021,2021-10-23,WCH,1,QF,3,IAKOVLEV_Mikhail,RCF,,6.0,1.0,9.879,,Holder,Holder,Holder,Holder,Holder,Holder
1000,Roubaix,2021,2021-10-23,WCH,1,QF,4,VIGIER_Sebastien,FRA,,3.0,1.0,10.159,,Holder,Holder,Holder,Holder,Holder,Holder
1001,Roubaix,2021,2021-10-23,WCH,1,QF,4,RUDYK_Mateusz,POL,,7.0,2.0,10.260000000000002,,Holder,Holder,Holder,Holder,Holder,Holder
994,Roubaix,2021,2021-10-23,WCH,2,QF,1,LAVREYSEN_Harrie,NED,,1.0,1.0,9.931,,Holder,Holder,Holder,Holder,Holder,Holder
995,Roubaix,2021,2021-10-23,WCH,2,QF,1,HELAL_Rayan,FRA,,8.0,2.0,11.412999999999998,,Holder,Holder,Holder,Holder,Holder,Holder
996,Roubaix,2021,2021-10-23,WCH,2,QF,2,BOETTICHER_Stefan,GER,,4.0,1.0,10.043,,Holder,Holder,Holder,Holder,Holder,Holder
997,Roubaix,2021,2021-10-23,WCH,2,QF,2,PAUL_Nicholas,TTO,,5.0,2.0,10.052,,Holder,Holder,Holder,Holder,Holder,Holder
998,Roubaix,2021,2021-10-23,WCH,2,QF,3,HOOGLAND_Jeffrey,NED,,2.0,1.0,9.991,,Holder,Holder,Holder,Holder,Holder,Holder
999,Roubaix,2021,2021-10-23,WCH,2,QF,3,IAKOVLEV_Mikhail,RCF,,6.0,2.0,10.145999999999999,,Holder,Holder,Holder,Holder,Holder,Holder
1000,Roubaix,2021,2021-10-23,WCH,2,QF,4,VIGIER_Sebastien,FRA,,3.0,1.0,9.983,,Holder,Holder,Holder,Holder,Holder,Holder
1001,Roubaix,2021,2021-10-23,WCH,2,QF,4,RUDYK_Mateusz,POL,,7.0,2.0,10.835,,Holder,Holder,Holder,Holder,Holder,Holder
996,Roubaix,2021,2021-10-23,WCH,3,QF,2,BOETTICHER_Stefan,GER,,4.0,1.0,10.002,,Holder,Holder,Holder,Holder,Holder,Holder
997,Roubaix,2021,2021-10-23,WCH,3,QF,2,PAUL_Nicholas,TTO,,5.0,2.0,10.039000000000001,,Holder,Holder,Holder,Holder,Holder,Holder
998,Roubaix,2021,2021-10-23,WCH,3,QF,3,HOOGLAND_Jeffrey,NED,,2.0,1.0,9.877,,Holder,Holder,Holder,Holder,Holder,Holder
999,Roubaix,2021,2021-10-23,WCH,3,QF,3,IAKOVLEV_Mikhail,RCF,,6.0,2.0,10.223,,Holder,Holder,Holder,Holder,Holder,Holder
1002,Roubaix,2021,2021-10-23,WCH,1,SF,1,LAVREYSEN_Harrie,NED,,1.0,1.0,9.992,,Holder,Holder,Holder,Holder,Holder,Holder
1003,Roubaix,2021,2021-10-23,WCH,1,SF,1,VIGIER_Sebastien,FRA,,3.0,2.0,10.079,,Holder,Holder,Holder,Holder,Holder,Holder
1004,Roubaix,2021,2021-10-23,WCH,1,SF,2,HOOGLAND_Jeffrey,NED,,2.0,2.0,12.686,,Holder,Holder,Holder,Holder,Holder,Holder
1005,Roubaix,2021,2021-10-23,WCH,1,SF,2,BOETTICHER_Stefan,GER,,4.0,1.0,10.193,,Holder,Holder,Holder,Holder,Holder,Holder
1002,Roubaix,2021,2021-10-23,WCH,2,SF,1,LAVREYSEN_Harrie,NED,,1.0,1.0,9.852,,Holder,Holder,Holder,Holder,Holder,Holder
1003,Roubaix,2021,2021-10-23,WCH,2,SF,1,VIGIER_Sebastien,FRA,,3.0,2.0,10.1,,Holder,Holder,Holder,Holder,Holder,Holder
1004,Roubaix,2021,2021-10-23,WCH,2,SF,2,HOOGLAND_Jeffrey,NED,,2.0,1.0,10.031,,Holder,Holder,Holder,Holder,Holder,Holder
1005,Roubaix,2021,2021-10-23,WCH,2,SF,2,BOETTICHER_Stefan,GER,,4.0,2.0,10.127,,Holder,Holder,Holder,Holder,Holder,Holder
1004,Roubaix,2021,2021-10-23,WCH,3,SF,2,HOOGLAND_Jeffrey,NED,,2.0,1.0,9.883,,Holder,Holder,Holder,Holder,Holder,Holder
1005,Roubaix,2021,2021-10-23,WCH,3,SF,2,BOETTICHER_Stefan,GER,,4.0,2.0,9.968,,Holder,Holder,Holder,Holder,Holder,Holder
1006,Roubaix,2021,2021-10-23,WCH,1,F,G,LAVREYSEN_Harrie,NED,,1.0,1.0,9.881,,Holder,Holder,Holder,Holder,Holder,Holder
1007,Roubaix,2021,2021-10-23,WCH,1,F,G,HOOGLAND_Jeffrey,NED,,2.0,2.0,10.033,,Holder,Holder,Holder,Holder,Holder,Holder
1008,Roubaix,2021,2021-10-23,WCH,1,F,B,VIGIER_Sebastien,FRA,,3.0,1.0,10.235,,Holder,Holder,Holder,Holder,Holder,Holder
1009,Roubaix,2021,2021-10-23,WCH,1,F,B,BOETTICHER_Stefan,GER,,4.0,2.0,REL,,Holder,Holder,Holder,Holder,Holder,Holder
1006,Roubaix,2021,2021-10-23,WCH,2,F,G,LAVREYSEN_Harrie,NED,,1.0,1.0,9.977,,Holder,Holder,Holder,Holder,Holder,Holder
1007,Roubaix,2021,2021-10-23,WCH,2,F,G,HOOGLAND_Jeffrey,NED,,2.0,2.0,10.155000000000001,,Holder,Holder,Holder,Holder,Holder,Holder
1008,Roubaix,2021,2021-10-23,WCH,2,F,B,VIGIER_Sebastien,FRA,,3.0,2.0,10.172,,Holder,Holder,Holder,Holder,Holder,Holder
1009,Roubaix,2021,2021-10-23,WCH,2,F,B,BOETTICHER_Stefan,GER,,4.0,1.0,10.137,,Holder,Holder,Holder,Holder,Holder,Holder
1010,Glasgow,2022,2022-04-24,NC,1,R16,1,CORNISH_Thomas,AUS,22.202739726027396,6.0,1.0,10.683,67.39679865206402,Holder,Holder,Holder,Holder,Holder,Holder
1011,Glasgow,2022,2022-04-24,NC,1,R16,1,HOHNE_Anton,GER,,28.0,2.0,10.729,67.10783856836612,Holder,Holder,Holder,Holder,Holder,Holder
1012,Glasgow,2022,2022-04-24,NC,1,R16,2,RICHARDSON_Matthew,AUS,23.035616438356165,2.0,1.0,10.403,69.21080457560319,Holder,Holder,Holder,Holder,Holder,Holder
1013,Glasgow,2022,2022-04-24,NC,1,R16,2,WAGNER_Robin,CZE,29.224657534246575,27.0,2.0,10.498000000000001,68.5844922842446,Holder,Holder,Holder,Holder,Holder,Holder
1014,Glasgow,2022,2022-04-24,NC,1,R16,3,TJON_EN_FA_Jair,SUR,28.53150684931507,7.0,1.0,10.508,68.51922344880091,Holder,Holder,Holder,Holder,Holder,Holder
1015,Glasgow,2022,2022-04-24,NC,1,R16,3,MARTINEZ_CHORRO_Alejandro,ESP,23.923287671232877,26.0,2.0,10.609,67.86690545763031,Holder,Holder,Holder,Holder,Holder,Holder
1016,Glasgow,2022,2022-04-24,NC,1,R16,4,ČECHMAN_Martin,CZE,23.526027397260275,9.0,1.0,10.482,68.68918145392101,Holder,Holder,Holder,Holder,Holder,Holder
1017,Glasgow,2022,2022-04-24,NC,1,R16,4,MATSUI_Koyu,RKD,29.6,25.0,2.0,10.495999999999999,68.59756097560977,Holder,Holder,Holder,Holder,Holder,Holder
1018,Glasgow,2022,2022-04-24,NC,1,R16,5,WAMMES_Nick,CAN,22.523287671232875,8.0,1.0,10.206,70.54673721340389,Holder,Holder,Holder,Holder,Holder,Holder
1019,Glasgow,2022,2022-04-24,NC,1,R16,5,LIVANOS_Konstantinos,GRE,20.515068493150686,24.0,2.0,10.732999999999999,67.08282865927514,Holder,Holder,Holder,Holder,Holder,Holder
1020,Glasgow,2022,2022-04-24,NC,1,R16,6,RAMIREZ_MORALES_Santiago,COL,27.78082191780822,16.0,1.0,10.383,69.34412019647502,Holder,Holder,Holder,Holder,Holder,Holder
1021,Glasgow,2022,2022-04-24,NC,1,R16,6,JURCZYK_Marc,GER,26.273972602739725,17.0,2.0,10.390999999999998,69.29073236454626,Holder,Holder,Holder,Holder,Holder,Holder
1022,Glasgow,2022,2022-04-24,NC,1,R16,7,SZALONTAY_Sandor,HUN,,10.0,1.0,10.311,69.82833866744254,Holder,Holder,Holder,Holder,Holder,Holder
1023,Glasgow,2022,2022-04-24,NC,1,R16,7,van_LOON_Tijmen,NED,21.10958904109589,23.0,2.0,10.414,69.13769925100826,Holder,Holder,Holder,Holder,Holder,Holder
1024,Glasgow,2022,2022-04-24,NC,1,R16,8,LIGTLEE_Sam,BCC,24.38082191780822,15.0,1.0,10.255,70.20965382740127,Holder,Holder,Holder,Holder,Holder,Holder
1025,Glasgow,2022,2022-04-24,NC,1,R16,8,TURNBULL_Hamish,TIN,22.797260273972604,18.0,2.0,10.271,70.10028234835946,Holder,Holder,Holder,Holder,Holder,Holder
1026,Glasgow,2022,2022-04-24,NC,1,R16,9,DODYK_Ryan,CAN,25.4027397260274,14.0,1.0,10.321,69.76068210444724,Holder,Holder,Holder,Holder,Holder,Holder
1027,Glasgow,2022,2022-04-24,NC,1,R16,9,SHINZAN_Kyohei,JPN,28.493150684931507,19.0,2.0,10.336,69.6594427244582,Holder,Holder,Holder,Holder,Holder,Holder
1028,Glasgow,2022,2022-04-24,NC,1,R16,10,TRUMAN_Joseph,GBR,25.205479452054796,11.0,1.0,10.163,70.8452228672636,Holder,Holder,Holder,Holder,Holder,Holder
1029,Glasgow,2022,2022-04-24,NC,1,R16,10,ROCHNA_Daniel,POL,22.665753424657535,22.0,2.0,10.176,70.75471698113208,Holder,Holder,Holder,Holder,Holder,Holder
1030,Glasgow,2022,2022-04-24,NC,1,R16,11,SARNECKI_Rafal,POL,32.31232876712329,13.0,1.0,10.182,70.71302298173246,Holder,Holder,Holder,Holder,Holder,Holder
1031,Glasgow,2022,2022-04-24,NC,1,R16,11,QUINTERO_CHAVARRO_Kevin_Santiago,COL,23.504109589041096,20.0,2.0,10.199,70.59515638788116,Holder,Holder,Holder,Holder,Holder,Holder
1032,Glasgow,2022,2022-04-24,NC,1,R16,12,SAHROM_Muhammad_Shah_Firdaus,MAS,26.427397260273974,12.0,1.0,10.3,69.90291262135922,Holder,Holder,Holder,Holder,Holder,Holder
1033,Glasgow,2022,2022-04-24,NC,1,R16,12,LANDERNEAU_Melvin,FRA,24.586301369863012,21.0,2.0,10.439,68.97212376664432,Holder,Holder,Holder,Holder,Holder,Holder
1034,Glasgow,2022,2022-04-24,NC,1,R8,1,LAVREYSEN_Harrie,NED,25.12876712328767,1.0,1.0,10.221,70.44320516583504,Holder,Holder,Holder,Holder,Holder,Holder
1035,Glasgow,2022,2022-04-24,NC,1,R8,1,SAHROM_Muhammad_Shah_Firdaus,MAS,26.427397260273974,12.0,2.0,10.356,69.52491309385863,Holder,Holder,Holder,Holder,Holder,Holder
1036,Glasgow,2022,2022-04-24,NC,1,R8,2,PAUL_Nicholas,TTO,23.6,4.0,1.0,10.189,70.66444204534302,Holder,Holder,Holder,Holder,Holder,Holder
1037,Glasgow,2022,2022-04-24,NC,1,R8,2,SARNECKI_Rafal,POL,32.31232876712329,13.0,2.0,11.21,64.22836752899197,Holder,Holder,Holder,Holder,Holder,Holder
1038,Glasgow,2022,2022-04-24,NC,1,R8,3,CARLIN_Jack,GBR,25.019178082191782,5.0,1.0,10.072,71.48530579825258,Holder,Holder,Holder,Holder,Holder,Holder
1039,Glasgow,2022,2022-04-24,NC,1,R8,3,TRUMAN_Joseph,GBR,25.205479452054796,11.0,2.0,10.846,66.38392033929559,Holder,Holder,Holder,Holder,Holder,Holder
1040,Glasgow,2022,2022-04-24,NC,1,R8,4,VIGIER_Sebastien,FRA,,3.0,1.0,9.276,77.61966364812419,Holder,Holder,Holder,Holder,Holder,Holder
1041,Glasgow,2022,2022-04-24,NC,1,R8,4,DODYK_Ryan,CAN,25.4027397260274,14.0,2.0,9.571,75.22724898129768,Holder,Holder,Holder,Holder,Holder,Holder
1042,Glasgow,2022,2022-04-24,NC,1,R8,5,CORNISH_Thomas,AUS,22.202739726027396,6.0,1.0,10.388,69.3107431651906,Holder,Holder,Holder,Holder,Holder,Holder
1043,Glasgow,2022,2022-04-24,NC,1,R8,5,LIGTLEE_Sam,BCC,24.38082191780822,15.0,2.0,10.528,68.38905775075987,Holder,Holder,Holder,Holder,Holder,Holder
1044,Glasgow,2022,2022-04-24,NC,1,R8,6,RICHARDSON_Matthew,AUS,23.035616438356165,2.0,1.0,10.172,70.78254030672434,Holder,Holder,Holder,Holder,Holder,Holder
1045,Glasgow,2022,2022-04-24,NC,1,R8,6,SZALONTAY_Sandor,HUN,,10.0,2.0,10.225000000000001,70.41564792176038,Holder,Holder,Holder,Holder,Holder,Holder
1046,Glasgow,2022,2022-04-24,NC,1,R8,7,TJON_EN_FA_Jair,SUR,28.53150684931507,7.0,1.0,10.309,69.84188573091474,Holder,Holder,Holder,Holder,Holder,Holder
1047,Glasgow,2022,2022-04-24,NC,1,R8,7,RAMIREZ_MORALES_Santiago,COL,27.78082191780822,16.0,2.0,10.412999999999998,69.14433880726017,Holder,Holder,Holder,Holder,Holder,Holder
1048,Glasgow,2022,2022-04-24,NC,1,R8,8,WAMMES_Nick,CAN,22.523287671232875,8.0,1.0,10.109,71.22366208329211,Holder,Holder,Holder,Holder,Holder,Holder
1049,Glasgow,2022,2022-04-24,NC,1,R8,8,ČECHMAN_Martin,CZE,23.526027397260275,9.0,2.0,10.147,70.95693308367005,Holder,Holder,Holder,Holder,Holder,Holder
1050,Glasgow,2022,2022-04-24,NC,1,QF,1,LAVREYSEN_Harrie,NED,25.12876712328767,1.0,1.0,10.311,69.82833866744254,Holder,Holder,Holder,Holder,Holder,Holder
1051,Glasgow,2022,2022-04-24,NC,1,QF,1,WAMMES_Nick,CAN,22.523287671232875,8.0,2.0,10.404,69.20415224913495,Holder,Holder,Holder,Holder,Holder,Holder
1052,Glasgow,2022,2022-04-24,NC,1,QF,2,PAUL_Nicholas,TTO,23.6,4.0,1.0,10.277,70.05935584314489,Holder,Holder,Holder,Holder,Holder,Holder
1053,Glasgow,2022,2022-04-24,NC,1,QF,2,TJON_EN_FA_Jair,SUR,28.53150684931507,7.0,2.0,10.42,69.0978886756238,Holder,Holder,Holder,Holder,Holder,Holder
1054,Glasgow,2022,2022-04-24,NC,1,QF,3,RICHARDSON_Matthew,AUS,23.035616438356165,2.0,1.0,11.873,60.64179230186137,Holder,Holder,Holder,Holder,Holder,Holder
1055,Glasgow,2022,2022-04-24,NC,1,QF,3,CARLIN_Jack,GBR,25.019178082191782,5.0,2.0,14.164,50.83309799491669,Holder,Holder,Holder,Holder,Holder,Holder
1056,Glasgow,2022,2022-04-24,NC,1,QF,4,VIGIER_Sebastien,FRA,,3.0,1.0,10.008,71.94244604316548,Holder,Holder,Holder,Holder,Holder,Holder
1057,Glasgow,2022,2022-04-24,NC,1,QF,4,CORNISH_Thomas,AUS,22.202739726027396,6.0,2.0,10.655999999999999,67.56756756756758,Holder,Holder,Holder,Holder,Holder,Holder
1050,Glasgow,2022,2022-04-24,NC,2,QF,1,LAVREYSEN_Harrie,NED,25.12876712328767,1.0,1.0,10.326,69.82833866744254,Holder,Holder,Holder,Holder,Holder,Holder
1051,Glasgow,2022,2022-04-24,NC,2,QF,1,WAMMES_Nick,CAN,22.523287671232875,8.0,2.0,10.439,69.20415224913495,Holder,Holder,Holder,Holder,Holder,Holder
1052,Glasgow,2022,2022-04-24,NC,2,QF,2,PAUL_Nicholas,TTO,23.6,4.0,1.0,10.367,70.05935584314489,Holder,Holder,Holder,Holder,Holder,Holder
1053,Glasgow,2022,2022-04-24,NC,2,QF,2,TJON_EN_FA_Jair,SUR,28.53150684931507,7.0,2.0,10.418000000000001,69.0978886756238,Holder,Holder,Holder,Holder,Holder,Holder
1054,Glasgow,2022,2022-04-24,NC,2,QF,3,RICHARDSON_Matthew,AUS,23.035616438356165,2.0,2.0,10.131,60.64179230186137,Holder,Holder,Holder,Holder,Holder,Holder
1055,Glasgow,2022,2022-04-24,NC,2,QF,3,CARLIN_Jack,GBR,25.019178082191782,5.0,1.0,10.051,50.83309799491669,Holder,Holder,Holder,Holder,Holder,Holder
1056,Glasgow,2022,2022-04-24,NC,2,QF,4,VIGIER_Sebastien,FRA,,3.0,1.0,10.312,71.94244604316548,Holder,Holder,Holder,Holder,Holder,Holder
1057,Glasgow,2022,2022-04-24,NC,2,QF,4,CORNISH_Thomas,AUS,22.202739726027396,6.0,2.0,10.343,67.56756756756758,Holder,Holder,Holder,Holder,Holder,Holder
1054,Glasgow,2022,2022-04-24,NC,3,QF,3,RICHARDSON_Matthew,AUS,23.035616438356165,2.0,1.0,10.73,60.64179230186137,Holder,Holder,Holder,Holder,Holder,Holder
1055,Glasgow,2022,2022-04-24,NC,3,QF,3,CARLIN_Jack,GBR,25.019178082191782,5.0,2.0,10.737,50.83309799491669,Holder,Holder,Holder,Holder,Holder,Holder
1058,Glasgow,2022,2022-04-24,NC,1,SF,1,LAVREYSEN_Harrie,NED,25.12876712328767,1.0,1.0,10.254,70.21650087770627,Holder,Holder,Holder,Holder,Holder,Holder
1059,Glasgow,2022,2022-04-24,NC,1,SF,1,VIGIER_Sebastien,FRA,,3.0,2.0,10.344,69.60556844547564,Holder,Holder,Holder,Holder,Holder,Holder
1060,Glasgow,2022,2022-04-24,NC,1,SF,2,RICHARDSON_Matthew,AUS,23.035616438356165,2.0,2.0,,,Holder,Holder,Holder,Holder,Holder,Holder
1061,Glasgow,2022,2022-04-24,NC,1,SF,2,PAUL_Nicholas,TTO,23.6,4.0,1.0,9.915,72.61724659606658,Holder,Holder,Holder,Holder,Holder,Holder
1058,Glasgow,2022,2022-04-24,NC,2,SF,1,LAVREYSEN_Harrie,NED,25.12876712328767,1.0,1.0,10.106,70.21650087770627,Holder,Holder,Holder,Holder,Holder,Holder
1059,Glasgow,2022,2022-04-24,NC,2,SF,1,VIGIER_Sebastien,FRA,,3.0,2.0,10.17,69.60556844547564,Holder,Holder,Holder,Holder,Holder,Holder
1060,Glasgow,2022,2022-04-24,NC,2,SF,2,RICHARDSON_Matthew,AUS,23.035616438356165,2.0,1.0,,,Holder,Holder,Holder,Holder,Holder,Holder
1061,Glasgow,2022,2022-04-24,NC,2,SF,2,PAUL_Nicholas,TTO,23.6,4.0,2.0,DNS,72.61724659606658,Holder,Holder,Holder,Holder,Holder,Holder
1062,Glasgow,2022,2022-04-24,NC,1,F,G,LAVREYSEN_Harrie,NED,25.12876712328767,1.0,1.0,10.083,71.40731925022315,Holder,Holder,Holder,Holder,Holder,Holder
1063,Glasgow,2022,2022-04-24,NC,1,F,G,RICHARDSON_Matthew,AUS,23.035616438356165,2.0,2.0,10.183,70.7060787587155,Holder,Holder,Holder,Holder,Holder,Holder
1064,Glasgow,2022,2022-04-24,NC,1,F,B,VIGIER_Sebastien,FRA,,3.0,1.0,,,Holder,Holder,Holder,Holder,Holder,Holder
1065,Glasgow,2022,2022-04-24,NC,1,F,B,PAUL_Nicholas,TTO,23.6,4.0,2.0,DNS,,Holder,Holder,Holder,Holder,Holder,Holder
1062,Glasgow,2022,2022-04-24,NC,2,F,G,LAVREYSEN_Harrie,NED,25.12876712328767,1.0,1.0,10.13,71.40731925022315,Holder,Holder,Holder,Holder,Holder,Holder
1063,Glasgow,2022,2022-04-24,NC,2,F,G,RICHARDSON_Matthew,AUS,23.035616438356165,2.0,2.0,10.377,70.7060787587155,Holder,Holder,Holder,Holder,Holder,Holder
1066,Milton,2022,2022-05-15,NC,1,R16,1,SZALONTAY_Sándor,HUN,31.887671232876713,9.0,1.0,10.107,71.23775601068567,Holder,Holder,Holder,Holder,Holder,Holder
1067,Milton,2022,2022-05-15,NC,1,R16,1,SPIES_Jean,RSA,32.484931506849314,28.0,2.0,10.991,65.50814302611228,Holder,Holder,Holder,Holder,Holder,Holder
1068,Milton,2022,2022-05-15,NC,1,R16,2,WAMMES_Nick,CAN,22.58082191780822,10.0,1.0,10.166,70.82431634861302,Holder,Holder,Holder,Holder,Holder,Holder
1069,Milton,2022,2022-05-15,NC,1,R16,2,BROWNE_Kwesi,TTO,28.304109589041097,27.0,2.0,10.819,66.54958868656992,Holder,Holder,Holder,Holder,Holder,Holder
1070,Milton,2022,2022-05-15,NC,1,R16,3,DODYK_Ryan,CAN,25.46027397260274,11.0,1.0,10.659,67.54855052068675,Holder,Holder,Holder,Holder,Holder,Holder
1071,Milton,2022,2022-05-15,NC,1,R16,3,PERALTA_Juan,ESP,32.016438356164386,26.0,2.0,10.850000000000001,66.35944700460828,Holder,Holder,Holder,Holder,Holder,Holder
1072,Milton,2022,2022-05-15,NC,1,R16,4,TRUMAN_Joseph,TIN,25.263013698630136,12.0,1.0,10.317,69.78772899098576,Holder,Holder,Holder,Holder,Holder,Holder
1073,Milton,2022,2022-05-15,NC,1,R16,4,TOPINKA_Dominik,CZE,28.80821917808219,25.0,2.0,10.456,68.85998469778119,Holder,Holder,Holder,Holder,Holder,Holder
1074,Milton,2022,2022-05-15,NC,1,R16,5,LIGTLEE_Sam,BCC,24.438356164383563,6.0,1.0,10.256,70.20280811232449,Holder,Holder,Holder,Holder,Holder,Holder
1075,Milton,2022,2022-05-15,NC,1,R16,5,MARTINEZ_CHORRO_Alejandro,ESP,23.980821917808218,24.0,2.0,10.449,68.90611541774332,Holder,Holder,Holder,Holder,Holder,Holder
1076,Milton,2022,2022-05-15,NC,1,R16,6,HOOGLAND_Jeffrey,NED,29.183561643835617,2.0,1.0,10.024,71.82761372705508,Holder,Holder,Holder,Holder,Holder,Holder
1077,Milton,2022,2022-05-15,NC,1,R16,6,RAMIREZ_MORALES_Santiago,COL,27.838356164383562,23.0,2.0,10.354,69.53834266949971,Holder,Holder,Holder,Holder,Holder,Holder
1078,Milton,2022,2022-05-15,NC,1,R16,7,YAMASAKI_Kento,RKD,29.427397260273974,7.0,1.0,10.313,69.81479685833413,Holder,Holder,Holder,Holder,Holder,Holder
1079,Milton,2022,2022-05-15,NC,1,R16,7,ROCHNA_Daniel,POL,22.723287671232878,22.0,2.0,10.325000000000001,69.73365617433413,Holder,Holder,Holder,Holder,Holder,Holder
1080,Milton,2022,2022-05-15,NC,1,R16,8,OBARA_Yuta,JPN,26.224657534246575,8.0,1.0,10.042,71.69886476797451,Holder,Holder,Holder,Holder,Holder,Holder
1081,Milton,2022,2022-05-15,NC,1,R16,8,TERASAKI_Kohei,RKD,28.378082191780823,21.0,2.0,10.047,71.66318303971335,Holder,Holder,Holder,Holder,Holder,Holder
1082,Milton,2022,2022-05-15,NC,1,R16,9,YAN_Weiming,CHN,24.18082191780822,13.0,1.0,10.14,71.00591715976331,Holder,Holder,Holder,Holder,Holder,Holder
1083,Milton,2022,2022-05-15,NC,1,R16,9,ZHOU_Yu,CHN,23.372602739726027,20.0,2.0,10.329,69.70665117629973,Holder,Holder,Holder,Holder,Holder,Holder
1084,Milton,2022,2022-05-15,NC,1,R16,10,TURNBULL_Hamish,GBR,22.854794520547944,16.0,1.0,10.427,69.0515009110962,Holder,Holder,Holder,Holder,Holder,Holder
1085,Milton,2022,2022-05-15,NC,1,R16,10,LENDEL_Vasilijus,LTU,27.117808219178084,17.0,2.0,10.44,68.96551724137932,Holder,Holder,Holder,Holder,Holder,Holder
1086,Milton,2022,2022-05-15,NC,1,R16,11,QUINTERO_CHAVARRO_Kevin_Santiago,COL,23.561643835616437,14.0,1.0,10.336,69.6594427244582,Holder,Holder,Holder,Holder,Holder,Holder
1087,Milton,2022,2022-05-15,NC,1,R16,11,van_LOON_Tijmen,BCC,21.167123287671235,19.0,2.0,10.412,69.15097963887821,Holder,Holder,Holder,Holder,Holder,Holder
1088,Milton,2022,2022-05-15,NC,1,R16,12,ČECHMAN_Martin,CZE,23.583561643835615,15.0,1.0,10.422,69.08462867012089,Holder,Holder,Holder,Holder,Holder,Holder
1089,Milton,2022,2022-05-15,NC,1,R16,12,BÖTTICHER_Stefan,GER,30.304109589041097,18.0,2.0,10.523000000000001,68.42155278912857,Holder,Holder,Holder,Holder,Holder,Holder
1090,Milton,2022,2022-05-15,NC,1,R8,1,RICHARDSON_Matthew,AUS,23.09315068493151,1.0,1.0,10.494,68.61063464837049,Holder,Holder,Holder,Holder,Holder,Holder
1091,Milton,2022,2022-05-15,NC,1,R8,1,ČECHMAN_Martin,CZE,23.583561643835615,15.0,2.0,12.221,58.91498240733164,Holder,Holder,Holder,Holder,Holder,Holder
1092,Milton,2022,2022-05-15,NC,1,R8,2,GLAETZER_Matthew,AUS,29.742465753424657,5.0,1.0,9.994,72.04322593556134,Holder,Holder,Holder,Holder,Holder,Holder
1093,Milton,2022,2022-05-15,NC,1,R8,2,QUINTERO_CHAVARRO_Kevin_Santiago,COL,23.561643835616437,14.0,2.0,10.188,70.67137809187278,Holder,Holder,Holder,Holder,Holder,Holder
1094,Milton,2022,2022-05-15,NC,1,R8,3,RUDYK_Mateusz,POL,26.838356164383562,4.0,1.0,10.147,70.95693308367005,Holder,Holder,Holder,Holder,Holder,Holder
1095,Milton,2022,2022-05-15,NC,1,R8,3,TURNBULL_Hamish,GBR,22.854794520547944,16.0,2.0,10.196,70.61592781482935,Holder,Holder,Holder,Holder,Holder,Holder
1096,Milton,2022,2022-05-15,NC,1,R8,4,CARLIN_Jack,TIN,25.076712328767123,3.0,1.0,10.172,70.78254030672434,Holder,Holder,Holder,Holder,Holder,Holder
1097,Milton,2022,2022-05-15,NC,1,R8,4,YAN_Weiming,CHN,24.18082191780822,13.0,2.0,10.215,70.48458149779736,Holder,Holder,Holder,Holder,Holder,Holder
1098,Milton,2022,2022-05-15,NC,1,R8,5,OBARA_Yuta,JPN,26.224657534246575,8.0,1.0,10.121,71.13921549254026,Holder,Holder,Holder,Holder,Holder,Holder
1099,Milton,2022,2022-05-15,NC,1,R8,5,SZALONTAY_Sándor,HUN,31.887671232876713,9.0,2.0,10.232000000000001,70.36747458952306,Holder,Holder,Holder,Holder,Holder,Holder
1100,Milton,2022,2022-05-15,NC,1,R8,6,YAMASAKI_Kento,RKD,29.427397260273974,7.0,1.0,10.147,70.95693308367005,Holder,Holder,Holder,Holder,Holder,Holder
1101,Milton,2022,2022-05-15,NC,1,R8,6,WAMMES_Nick,CAN,22.58082191780822,10.0,2.0,10.296,69.93006993006993,Holder,Holder,Holder,Holder,Holder,Holder
1102,Milton,2022,2022-05-15,NC,1,R8,7,HOOGLAND_Jeffrey,NED,29.183561643835617,2.0,1.0,10.884,66.1521499448732,Holder,Holder,Holder,Holder,Holder,Holder
1103,Milton,2022,2022-05-15,NC,1,R8,7,DODYK_Ryan,CAN,25.46027397260274,11.0,2.0,11.295,63.745019920318725,Holder,Holder,Holder,Holder,Holder,Holder
1104,Milton,2022,2022-05-15,NC,1,R8,8,LIGTLEE_Sam,BCC,24.438356164383563,6.0,1.0,10.034,71.75602949970101,Holder,Holder,Holder,Holder,Holder,Holder
1105,Milton,2022,2022-05-15,NC,1,R8,8,TRUMAN_Joseph,TIN,25.263013698630136,12.0,2.0,10.086,71.38607971445568,Holder,Holder,Holder,Holder,Holder,Holder
1106,Milton,2022,2022-05-15,NC,1,QF,1,RICHARDSON_Matthew,AUS,23.09315068493151,1.0,1.0,10.629,67.73920406435225,Holder,Holder,Holder,Holder,Holder,Holder
1107,Milton,2022,2022-05-15,NC,1,QF,1,LIGTLEE_Sam,BCC,24.438356164383563,6.0,2.0,11.482999999999999,62.70138465557782,Holder,Holder,Holder,Holder,Holder,Holder
1108,Milton,2022,2022-05-15,NC,1,QF,2,HOOGLAND_Jeffrey,NED,29.183561643835617,2.0,2.0,10.046000000000001,71.67031654389807,Holder,Holder,Holder,Holder,Holder,Holder
1109,Milton,2022,2022-05-15,NC,1,QF,2,GLAETZER_Matthew,AUS,29.742465753424657,5.0,1.0,9.983,72.12260843433837,Holder,Holder,Holder,Holder,Holder,Holder
1110,Milton,2022,2022-05-15,NC,1,QF,3,RUDYK_Mateusz,POL,26.838356164383562,4.0,1.0,10.095,71.32243684992571,Holder,Holder,Holder,Holder,Holder,Holder
1111,Milton,2022,2022-05-15,NC,1,QF,3,YAMASAKI_Kento,RKD,29.427397260273974,7.0,2.0,10.217,70.47078398747186,Holder,Holder,Holder,Holder,Holder,Holder
1112,Milton,2022,2022-05-15,NC,1,QF,4,CARLIN_Jack,TIN,25.076712328767123,3.0,1.0,10.257,70.1959637320854,Holder,Holder,Holder,Holder,Holder,Holder
1113,Milton,2022,2022-05-15,NC,1,QF,4,OBARA_Yuta,JPN,26.224657534246575,8.0,2.0,10.283999999999999,70.01166861143524,Holder,Holder,Holder,Holder,Holder,Holder
1106,Milton,2022,2022-05-15,NC,2,QF,1,RICHARDSON_Matthew,AUS,23.09315068493151,1.0,1.0,10.114,67.73920406435225,Holder,Holder,Holder,Holder,Holder,Holder
1107,Milton,2022,2022-05-15,NC,2,QF,1,LIGTLEE_Sam,BCC,24.438356164383563,6.0,2.0,10.209000000000001,62.70138465557782,Holder,Holder,Holder,Holder,Holder,Holder
1108,Milton,2022,2022-05-15,NC,2,QF,2,HOOGLAND_Jeffrey,NED,29.183561643835617,2.0,1.0,9.919,71.67031654389807,Holder,Holder,Holder,Holder,Holder,Holder
1109,Milton,2022,2022-05-15,NC,2,QF,2,GLAETZER_Matthew,AUS,29.742465753424657,5.0,2.0,9.938,72.12260843433837,Holder,Holder,Holder,Holder,Holder,Holder
1110,Milton,2022,2022-05-15,NC,2,QF,3,RUDYK_Mateusz,POL,26.838356164383562,4.0,1.0,10.26,71.32243684992571,Holder,Holder,Holder,Holder,Holder,Holder
1111,Milton,2022,2022-05-15,NC,2,QF,3,YAMASAKI_Kento,RKD,29.427397260273974,7.0,2.0,10.315999999999999,70.47078398747186,Holder,Holder,Holder,Holder,Holder,Holder
1112,Milton,2022,2022-05-15,NC,2,QF,4,CARLIN_Jack,TIN,25.076712328767123,3.0,1.0,10.284,70.1959637320854,Holder,Holder,Holder,Holder,Holder,Holder
1113,Milton,2022,2022-05-15,NC,2,QF,4,OBARA_Yuta,JPN,26.224657534246575,8.0,2.0,10.433,70.01166861143524,Holder,Holder,Holder,Holder,Holder,Holder
1108,Milton,2022,2022-05-15,NC,3,QF,2,HOOGLAND_Jeffrey,NED,29.183561643835617,2.0,1.0,10.135,71.67031654389807,Holder,Holder,Holder,Holder,Holder,Holder
1109,Milton,2022,2022-05-15,NC,3,QF,2,GLAETZER_Matthew,AUS,29.742465753424657,5.0,2.0,11.436,72.12260843433837,Holder,Holder,Holder,Holder,Holder,Holder
1114,Milton,2022,2022-05-15,NC,1,SF,1,RICHARDSON_Matthew,AUS,23.09315068493151,1.0,1.0,9.869,72.95571993109738,Holder,Holder,Holder,Holder,Holder,Holder
1115,Milton,2022,2022-05-15,NC,1,SF,1,CARLIN_Jack,TIN,25.076712328767123,3.0,2.0,10.155,70.90103397341211,Holder,Holder,Holder,Holder,Holder,Holder
1116,Milton,2022,2022-05-15,NC,1,SF,2,HOOGLAND_Jeffrey,NED,29.183561643835617,2.0,2.0,10.214,70.49148227922458,Holder,Holder,Holder,Holder,Holder,Holder
1117,Milton,2022,2022-05-15,NC,1,SF,2,RUDYK_Mateusz,POL,26.838356164383562,4.0,1.0,10.122,71.13218731475993,Holder,Holder,Holder,Holder,Holder,Holder
1114,Milton,2022,2022-05-15,NC,2,SF,1,RICHARDSON_Matthew,AUS,23.09315068493151,1.0,1.0,9.83,72.95571993109738,Holder,Holder,Holder,Holder,Holder,Holder
1115,Milton,2022,2022-05-15,NC,2,SF,1,CARLIN_Jack,TIN,25.076712328767123,3.0,2.0,10.01,70.90103397341211,Holder,Holder,Holder,Holder,Holder,Holder
1116,Milton,2022,2022-05-15,NC,2,SF,2,HOOGLAND_Jeffrey,NED,29.183561643835617,2.0,1.0,10.184,70.49148227922458,Holder,Holder,Holder,Holder,Holder,Holder
1117,Milton,2022,2022-05-15,NC,2,SF,2,RUDYK_Mateusz,POL,26.838356164383562,4.0,2.0,10.199,71.13218731475993,Holder,Holder,Holder,Holder,Holder,Holder
1116,Milton,2022,2022-05-15,NC,3,SF,2,HOOGLAND_Jeffrey,NED,29.183561643835617,2.0,1.0,10.331,70.49148227922458,Holder,Holder,Holder,Holder,Holder,Holder
1117,Milton,2022,2022-05-15,NC,3,SF,2,RUDYK_Mateusz,POL,26.838356164383562,4.0,2.0,10.695,71.13218731475993,Holder,Holder,Holder,Holder,Holder,Holder
1118,Milton,2022,2022-05-15,NC,1,F,G,RICHARDSON_Matthew,AUS,23.09315068493151,1.0,1.0,9.956,72.31820008035356,Holder,Holder,Holder,Holder,Holder,Holder
1119,Milton,2022,2022-05-15,NC,1,F,G,HOOGLAND_Jeffrey,NED,29.183561643835617,2.0,2.0,10.161999999999999,70.85219444991144,Holder,Holder,Holder,Holder,Holder,Holder
1120,Milton,2022,2022-05-15,NC,1,F,B,CARLIN_Jack,TIN,25.076712328767123,3.0,1.0,10.285,70.00486144871172,Holder,Holder,Holder,Holder,Holder,Holder
1121,Milton,2022,2022-05-15,NC,1,F,B,RUDYK_Mateusz,POL,26.838356164383562,4.0,2.0,10.49,68.6367969494757,Holder,Holder,Holder,Holder,Holder,Holder
1118,Milton,2022,2022-05-15,NC,2,F,G,RICHARDSON_Matthew,AUS,23.09315068493151,1.0,1.0,9.945,72.31820008035356,Holder,Holder,Holder,Holder,Holder,Holder
1119,Milton,2022,2022-05-15,NC,2,F,G,HOOGLAND_Jeffrey,NED,29.183561643835617,2.0,2.0,15.193999999999999,70.85219444991144,Holder,Holder,Holder,Holder,Holder,Holder
1120,Milton,2022,2022-05-15,NC,2,F,B,CARLIN_Jack,TIN,25.076712328767123,3.0,1.0,10.315,70.00486144871172,Holder,Holder,Holder,Holder,Holder,Holder
1121,Milton,2022,2022-05-15,NC,2,F,B,RUDYK_Mateusz,POL,26.838356164383562,4.0,2.0,10.458,68.6367969494757,Holder,Holder,Holder,Holder,Holder,Holder
1122,Cali,2022,2022-07-10,NC,1,R16,1,DÖRNBACH_Maximilian,GER,,5.0,1.0,10.246,70.27132539527621,Holder,Holder,Holder,Holder,Holder,Holder
1123,Cali,2022,2022-07-10,NC,1,R16,1,VERDUGO_OSUNA_Edgar,MEX,,28.0,2.0,10.397,69.25074540732903,Holder,Holder,Holder,Holder,Holder,Holder
1124,Cali,2022,2022-07-10,NC,1,R16,2,TJON_EN_FA_Jaïr,SUR,,9.0,1.0,10.554,68.22057987492893,Holder,Holder,Holder,Holder,Holder,Holder
1125,Cali,2022,2022-07-10,NC,1,R16,2,JONAUSKAS_Svaj?nas,LTU,27.53698630136986,27.0,2.0,10.63,67.73283160865475,Holder,Holder,Holder,Holder,Holder,Holder
1126,Cali,2022,2022-07-10,NC,1,R16,3,ZHOU_Yu,CHN,23.526027397260275,6.0,1.0,10.512,68.4931506849315,Holder,Holder,Holder,Holder,Holder,Holder
1127,Cali,2022,2022-07-10,NC,1,R16,3,RUIZ_TERAN_Juan,MEX,,26.0,2.0,10.753,66.95805821631173,Holder,Holder,Holder,Holder,Holder,Holder
1128,Cali,2022,2022-07-10,NC,1,R16,4,LANDERNEAU_Melvin,FRA,24.797260273972604,7.0,1.0,11.048,65.17016654598117,Holder,Holder,Holder,Holder,Holder,Holder
1129,Cali,2022,2022-07-10,NC,1,R16,4,KALOGEROPOULOS_Ioannis,GRE,28.512328767123286,25.0,2.0,11.275,63.85809312638581,Holder,Holder,Holder,Holder,Holder,Holder
1130,Cali,2022,2022-07-10,NC,1,R16,5,XUE_Chenxi,CHN,21.46301369863014,10.0,1.0,10.354,69.53834266949971,Holder,Holder,Holder,Holder,Holder,Holder
1131,Cali,2022,2022-07-10,NC,1,R16,5,MORENO_SANCHEZ_Jose,ESP,28.660273972602738,24.0,2.0,10.604,67.89890607317994,Holder,Holder,Holder,Holder,Holder,Holder
1132,Cali,2022,2022-07-10,NC,1,R16,6,WEBSTER_Sam,NZL,,11.0,1.0,10.383,69.34412019647502,Holder,Holder,Holder,Holder,Holder,Holder
1133,Cali,2022,2022-07-10,NC,1,R16,6,BOTTASSO_Leandro,ARG,,23.0,2.0,10.575999999999999,68.07866868381241,Holder,Holder,Holder,Holder,Holder,Holder
1134,Cali,2022,2022-07-10,NC,1,R16,7,RAMIREZ_MORALES_Santiago,COL,27.991780821917807,8.0,1.0,10.156,70.89405277668374,Holder,Holder,Holder,Holder,Holder,Holder
1135,Cali,2022,2022-07-10,NC,1,R16,7,HSIEH_Nien_Hsing,TPE,,22.0,2.0,10.517000000000001,68.46058762004373,Holder,Holder,Holder,Holder,Holder,Holder
1136,Cali,2022,2022-07-10,NC,1,R16,8,PONOMARYOV_Sergey,KAZ,24.252054794520546,16.0,1.0,10.369,69.43774713087086,Holder,Holder,Holder,Holder,Holder,Holder
1137,Cali,2022,2022-07-10,NC,1,R16,8,ANGSUTHASAWIT_Jai,THA,27.413698630136988,17.0,2.0,10.431,69.02502157031924,Holder,Holder,Holder,Holder,Holder,Holder
1138,Cali,2022,2022-07-10,NC,1,R16,9,VILAR_Lucas_Oscar,ARG,,15.0,1.0,10.686,67.3778775968557,Holder,Holder,Holder,Holder,Holder,Holder
1139,Cali,2022,2022-07-10,NC,1,R16,9,CHUGAY_Andrey,KAZ,22.493150684931507,18.0,2.0,10.713,67.20806496779615,Holder,Holder,Holder,Holder,Holder,Holder
1140,Cali,2022,2022-07-10,NC,1,R16,10,LIU_Qi,BDR,21.624657534246577,12.0,1.0,10.409,69.17090978960515,Holder,Holder,Holder,Holder,Holder,Holder
1141,Cali,2022,2022-07-10,NC,1,R16,10,LENDEL_Vasilijus,LTU,27.27123287671233,21.0,2.0,10.429,69.03825870169719,Holder,Holder,Holder,Holder,Holder,Holder
1142,Cali,2022,2022-07-10,NC,1,R16,11,DAKIN_Sam,NZL,,13.0,1.0,10.418,69.11115377231715,Holder,Holder,Holder,Holder,Holder,Holder
1143,Cali,2022,2022-07-10,NC,1,R16,11,MARTINEZ_CHORRO_Alejandro,ESP,24.134246575342466,20.0,2.0,10.536,68.3371298405467,Holder,Holder,Holder,Holder,Holder,Holder
1144,Cali,2022,2022-07-10,NC,1,R16,12,BROWNE_Kwesi,TTO,,14.0,1.0,10.416,69.12442396313364,Holder,Holder,Holder,Holder,Holder,Holder
1145,Cali,2022,2022-07-10,NC,1,R16,12,HEDGCOCK_James,CAN,20.663013698630138,19.0,2.0,10.452,68.88633754305395,Holder,Holder,Holder,Holder,Holder,Holder
1146,Cali,2022,2022-07-10,NC,1,R8,1,LAVREYSEN_Harrie,NED,25.339726027397262,2.0,1.0,10.231,70.37435245821523,Holder,Holder,Holder,Holder,Holder,Holder
1147,Cali,2022,2022-07-10,NC,1,R8,1,BROWNE_Kwesi,TTO,,14.0,2.0,10.599,67.93093688083782,Holder,Holder,Holder,Holder,Holder,Holder
1148,Cali,2022,2022-07-10,NC,1,R8,2,PAUL_Nicholas,TTO,23.81095890410959,1.0,1.0,10.082,71.41440190438405,Holder,Holder,Holder,Holder,Holder,Holder
1149,Cali,2022,2022-07-10,NC,1,R8,2,DAKIN_Sam,NZL,,13.0,2.0,10.226,70.40876197926852,Holder,Holder,Holder,Holder,Holder,Holder
1150,Cali,2022,2022-07-10,NC,1,R8,3,HOOGLAND_Jeffrey,NED,29.336986301369862,3.0,1.0,10.192,70.6436420722135,Holder,Holder,Holder,Holder,Holder,Holder
1151,Cali,2022,2022-07-10,NC,1,R8,3,LIU_Qi,BDR,21.624657534246577,12.0,2.0,10.416,69.12442396313364,Holder,Holder,Holder,Holder,Holder,Holder
1152,Cali,2022,2022-07-10,NC,1,R8,4,ORTEGA_FONTALVO_Cristian_David,COL,21.791780821917808,4.0,1.0,10.177,70.74776456716125,Holder,Holder,Holder,Holder,Holder,Holder
1153,Cali,2022,2022-07-10,NC,1,R8,4,VILAR_Lucas_Oscar,ARG,,15.0,2.0,10.221,70.44320516583504,Holder,Holder,Holder,Holder,Holder,Holder
1154,Cali,2022,2022-07-10,NC,1,R8,5,DÖRNBACH_Maximilian,GER,,5.0,1.0,10.205,70.55365017148456,Holder,Holder,Holder,Holder,Holder,Holder
1155,Cali,2022,2022-07-10,NC,1,R8,5,PONOMARYOV_Sergey,KAZ,24.252054794520546,16.0,2.0,10.245,70.27818448023426,Holder,Holder,Holder,Holder,Holder,Holder
1156,Cali,2022,2022-07-10,NC,1,R8,6,RAMIREZ_MORALES_Santiago,COL,27.991780821917807,8.0,1.0,10.078,71.44274657670174,Holder,Holder,Holder,Holder,Holder,Holder
1157,Cali,2022,2022-07-10,NC,1,R8,6,TJON_EN_FA_Jaïr,SUR,,9.0,2.0,10.149999999999999,70.93596059113301,Holder,Holder,Holder,Holder,Holder,Holder
1158,Cali,2022,2022-07-10,NC,1,R8,7,ZHOU_Yu,CHN,23.526027397260275,6.0,1.0,10.09,71.35777998017839,Holder,Holder,Holder,Holder,Holder,Holder
1159,Cali,2022,2022-07-10,NC,1,R8,7,WEBSTER_Sam,NZL,,11.0,2.0,10.134,71.04795737122558,Holder,Holder,Holder,Holder,Holder,Holder
1160,Cali,2022,2022-07-10,NC,1,R8,8,LANDERNEAU_Melvin,FRA,24.797260273972604,7.0,1.0,10.283,70.01847709812311,Holder,Holder,Holder,Holder,Holder,Holder
1161,Cali,2022,2022-07-10,NC,1,R8,8,XUE_Chenxi,CHN,21.46301369863014,10.0,2.0,10.299,69.90969997087096,Holder,Holder,Holder,Holder,Holder,Holder
1162,Cali,2022,2022-07-10,NC,1,QF,1,LAVREYSEN_Harrie,NED,25.339726027397262,2.0,1.0,10.259,70.18227897455893,Holder,Holder,Holder,Holder,Holder,Holder
1163,Cali,2022,2022-07-10,NC,1,QF,1,LANDERNEAU_Melvin,FRA,24.797260273972604,7.0,2.0,10.448,68.91271056661562,Holder,Holder,Holder,Holder,Holder,Holder
1164,Cali,2022,2022-07-10,NC,1,QF,2,PAUL_Nicholas,TTO,23.81095890410959,1.0,1.0,10.069,71.50660442943688,Holder,Holder,Holder,Holder,Holder,Holder
1165,Cali,2022,2022-07-10,NC,1,QF,2,ZHOU_Yu,CHN,23.526027397260275,6.0,2.0,10.719000000000001,67.17044500419814,Holder,Holder,Holder,Holder,Holder,Holder
1166,Cali,2022,2022-07-10,NC,1,QF,3,HOOGLAND_Jeffrey,NED,29.336986301369862,3.0,1.0,9.883,72.85237276130731,Holder,Holder,Holder,Holder,Holder,Holder
1167,Cali,2022,2022-07-10,NC,1,QF,3,RAMIREZ_MORALES_Santiago,COL,27.991780821917807,8.0,2.0,10.026,71.8132854578097,Holder,Holder,Holder,Holder,Holder,Holder
1168,Cali,2022,2022-07-10,NC,1,QF,4,ORTEGA_FONTALVO_Cristian_David,COL,21.791780821917808,4.0,1.0,10.086,71.38607971445568,Holder,Holder,Holder,Holder,Holder,Holder
1169,Cali,2022,2022-07-10,NC,1,QF,4,DÖRNBACH_Maximilian,GER,,5.0,2.0,10.164,70.83825265643448,Holder,Holder,Holder,Holder,Holder,Holder
1162,Cali,2022,2022-07-10,NC,2,QF,1,LAVREYSEN_Harrie,NED,25.339726027397262,2.0,1.0,10.206,70.18227897455893,Holder,Holder,Holder,Holder,Holder,Holder
1163,Cali,2022,2022-07-10,NC,2,QF,1,LANDERNEAU_Melvin,FRA,24.797260273972604,7.0,2.0,10.306,68.91271056661562,Holder,Holder,Holder,Holder,Holder,Holder
1164,Cali,2022,2022-07-10,NC,2,QF,2,PAUL_Nicholas,TTO,23.81095890410959,1.0,1.0,10.338,71.50660442943688,Holder,Holder,Holder,Holder,Holder,Holder
1165,Cali,2022,2022-07-10,NC,2,QF,2,ZHOU_Yu,CHN,23.526027397260275,6.0,2.0,11.052,67.17044500419814,Holder,Holder,Holder,Holder,Holder,Holder
1166,Cali,2022,2022-07-10,NC,2,QF,3,HOOGLAND_Jeffrey,NED,29.336986301369862,3.0,1.0,10.009,72.85237276130731,Holder,Holder,Holder,Holder,Holder,Holder
1167,Cali,2022,2022-07-10,NC,2,QF,3,RAMIREZ_MORALES_Santiago,COL,27.991780821917807,8.0,2.0,10.297,71.8132854578097,Holder,Holder,Holder,Holder,Holder,Holder
1168,Cali,2022,2022-07-10,NC,2,QF,4,ORTEGA_FONTALVO_Cristian_David,COL,21.791780821917808,4.0,1.0,10.215,71.38607971445568,Holder,Holder,Holder,Holder,Holder,Holder
1169,Cali,2022,2022-07-10,NC,2,QF,4,DÖRNBACH_Maximilian,GER,,5.0,2.0,10.248,70.83825265643448,Holder,Holder,Holder,Holder,Holder,Holder
1170,Cali,2022,2022-07-10,NC,1,SF,1,LAVREYSEN_Harrie,NED,25.339726027397262,2.0,1.0,9.935,72.47106190236538,Holder,Holder,Holder,Holder,Holder,Holder
1171,Cali,2022,2022-07-10,NC,1,SF,1,ORTEGA_FONTALVO_Cristian_David,COL,21.791780821917808,4.0,2.0,10.026,71.8132854578097,Holder,Holder,Holder,Holder,Holder,Holder
1172,Cali,2022,2022-07-10,NC,1,SF,2,PAUL_Nicholas,TTO,23.81095890410959,1.0,1.0,10.125,71.11111111111111,Holder,Holder,Holder,Holder,Holder,Holder
1173,Cali,2022,2022-07-10,NC,1,SF,2,HOOGLAND_Jeffrey,NED,29.336986301369862,3.0,2.0,10.567,68.13665184063593,Holder,Holder,Holder,Holder,Holder,Holder
1170,Cali,2022,2022-07-10,NC,2,SF,1,LAVREYSEN_Harrie,NED,25.339726027397262,2.0,1.0,10.15,72.47106190236538,Holder,Holder,Holder,Holder,Holder,Holder
1171,Cali,2022,2022-07-10,NC,2,SF,1,ORTEGA_FONTALVO_Cristian_David,COL,21.791780821917808,4.0,2.0,10.353,71.8132854578097,Holder,Holder,Holder,Holder,Holder,Holder
1172,Cali,2022,2022-07-10,NC,2,SF,2,PAUL_Nicholas,TTO,23.81095890410959,1.0,1.0,9.825,71.11111111111111,Holder,Holder,Holder,Holder,Holder,Holder
1173,Cali,2022,2022-07-10,NC,2,SF,2,HOOGLAND_Jeffrey,NED,29.336986301369862,3.0,2.0,10.087,68.13665184063593,Holder,Holder,Holder,Holder,Holder,Holder
1174,Cali,2022,2022-07-10,NC,1,F,G,PAUL_Nicholas,TTO,23.81095890410959,1.0,1.0,9.802,73.45439706182412,Holder,Holder,Holder,Holder,Holder,Holder
1175,Cali,2022,2022-07-10,NC,1,F,G,LAVREYSEN_Harrie,NED,25.339726027397262,2.0,2.0,9.915,72.61724659606658,Holder,Holder,Holder,Holder,Holder,Holder
1176,Cali,2022,2022-07-10,NC,1,F,B,HOOGLAND_Jeffrey,NED,29.336986301369862,3.0,1.0,10.245,70.27818448023426,Holder,Holder,Holder,Holder,Holder,Holder
1177,Cali,2022,2022-07-10,NC,1,F,B,ORTEGA_FONTALVO_Cristian_David,COL,21.791780821917808,4.0,2.0,10.37,69.43105110896818,Holder,Holder,Holder,Holder,Holder,Holder
1174,Cali,2022,2022-07-10,NC,2,F,G,PAUL_Nicholas,TTO,23.81095890410959,1.0,1.0,9.814,73.45439706182412,Holder,Holder,Holder,Holder,Holder,Holder
1175,Cali,2022,2022-07-10,NC,2,F,G,LAVREYSEN_Harrie,NED,25.339726027397262,2.0,2.0,9.826,72.61724659606658,Holder,Holder,Holder,Holder,Holder,Holder
1176,Cali,2022,2022-07-10,NC,2,F,B,HOOGLAND_Jeffrey,NED,29.336986301369862,3.0,1.0,10.78,70.27818448023426,Holder,Holder,Holder,Holder,Holder,Holder
1177,Cali,2022,2022-07-10,NC,2,F,B,ORTEGA_FONTALVO_Cristian_David,COL,21.791780821917808,4.0,2.0,24.752,69.43105110896818,Holder,Holder,Holder,Holder,Holder,Holder
1178,Paris,2022,2022-10-15,WCH,1,R16,1,CORNISH_Thomas,AUS,,9.0,1.0,10.263,70.1549254603917,Holder,Holder,Holder,Holder,Holder,Holder
1179,Paris,2022,2022-10-15,WCH,1,R16,1,MARTINEZ_CHORRO_Alejandro,ESP,24.4,28.0,2.0,10.449,68.90611541774332,Holder,Holder,Holder,Holder,Holder,Holder
1180,Paris,2022,2022-10-15,WCH,1,R16,2,OTA_Kaiya,JPN,,10.0,1.0,10.272,70.09345794392523,Holder,Holder,Holder,Holder,Holder,Holder
1181,Paris,2022,2022-10-15,WCH,1,R16,2,SAHROM_Muhammad_Shah_Firdaus,MAS,26.904109589041095,27.0,2.0,10.345,69.59884001933301,Holder,Holder,Holder,Holder,Holder,Holder
1182,Paris,2022,2022-10-15,WCH,1,R16,3,SARNECKI_Rafal,POL,32.78904109589041,16.0,1.0,10.082,71.41440190438405,Holder,Holder,Holder,Holder,Holder,Holder
1183,Paris,2022,2022-10-15,WCH,1,R16,3,DERACHE_Tom,FRA,23.726027397260275,17.0,2.0,REL,,Holder,Holder,Holder,Holder,Holder,Holder
1184,Paris,2022,2022-10-15,WCH,1,R16,4,VIGIER_Sébastien,FRA,25.50958904109589,11.0,1.0,10.361,69.49136183766045,Holder,Holder,Holder,Holder,Holder,Holder
1185,Paris,2022,2022-10-15,WCH,1,R16,4,LIU_Qi,CHN,,26.0,2.0,10.408000000000001,69.17755572636433,Holder,Holder,Holder,Holder,Holder,Holder
1186,Paris,2022,2022-10-15,WCH,1,R16,5,TURNBULL_Hamish,GBR,23.273972602739725,5.0,1.0,10.206,70.54673721340389,Holder,Holder,Holder,Holder,Holder,Holder
1187,Paris,2022,2022-10-15,WCH,1,R16,5,DODYK_Ryan,CAN,25.87945205479452,25.0,2.0,10.365,69.46454413892909,Holder,Holder,Holder,Holder,Holder,Holder
1188,Paris,2022,2022-10-15,WCH,1,R16,6,CARLIN_Jack,GBR,,6.0,1.0,10.282,70.02528690916164,Holder,Holder,Holder,Holder,Holder,Holder
1189,Paris,2022,2022-10-15,WCH,1,R16,6,DÖRNBACH_Maximilian,GER,,24.0,2.0,10.371,69.42435637836275,Holder,Holder,Holder,Holder,Holder,Holder
1190,Paris,2022,2022-10-15,WCH,1,R16,7,HELAL_Rayan,FRA,23.747945205479454,7.0,1.0,10.028,71.79896290386917,Holder,Holder,Holder,Holder,Holder,Holder
1191,Paris,2022,2022-10-15,WCH,1,R16,7,YAMASAKI_Kento,JPN,29.846575342465755,23.0,2.0,10.052,71.62753680859531,Holder,Holder,Holder,Holder,Holder,Holder
1192,Paris,2022,2022-10-15,WCH,1,R16,8,TJON_EN_FA_Jaïr,SUR,,8.0,1.0,10.078,71.44274657670174,Holder,Holder,Holder,Holder,Holder,Holder
1193,Paris,2022,2022-10-15,WCH,1,R16,8,WAMMES_Nick,CAN,23.0,18.0,2.0,10.210999999999999,70.51219273332681,Holder,Holder,Holder,Holder,Holder,Holder
1194,Paris,2022,2022-10-15,WCH,1,R16,9,BÖTTICHER_Stefan,GER,,12.0,1.0,10.02,71.8562874251497,Holder,Holder,Holder,Holder,Holder,Holder
1195,Paris,2022,2022-10-15,WCH,1,R16,9,van_LOON_Tijmen,NED,,22.0,2.0,10.097999999999999,71.30124777183602,Holder,Holder,Holder,Holder,Holder,Holder
1196,Paris,2022,2022-10-15,WCH,1,R16,10,ČECHMAN_Martin,CZE,24.002739726027396,15.0,1.0,10.232,70.36747458952307,Holder,Holder,Holder,Holder,Holder,Holder
1197,Paris,2022,2022-10-15,WCH,1,R16,10,SZALONTAY_Sándor,HUN,32.30684931506849,19.0,2.0,10.332,69.68641114982577,Holder,Holder,Holder,Holder,Holder,Holder
1198,Paris,2022,2022-10-15,WCH,1,R16,11,ORTEGA_FONTALVO_Cristian_David,COL,,13.0,1.0,9.942,72.4200362100181,Holder,Holder,Holder,Holder,Holder,Holder
1199,Paris,2022,2022-10-15,WCH,1,R16,11,LIGTLEE_Sam,NED,24.85753424657534,21.0,2.0,10.281,70.03209804493726,Holder,Holder,Holder,Holder,Holder,Holder
1200,Paris,2022,2022-10-15,WCH,1,R16,12,QUINTERO_CHAVARRO_Kevin_Santiago,COL,23.980821917808218,14.0,1.0,10.112,71.20253164556962,Holder,Holder,Holder,Holder,Holder,Holder
1201,Paris,2022,2022-10-15,WCH,1,R16,12,TERASAKI_Kohei,JPN,28.797260273972604,20.0,2.0,10.148,70.94994087504928,Holder,Holder,Holder,Holder,Holder,Holder
1202,Paris,2022,2022-10-15,WCH,1,R8,1,LAVREYSEN_Harrie,NED,25.605479452054794,1.0,1.0,9.889,72.8081706947113,Holder,Holder,Holder,Holder,Holder,Holder
1203,Paris,2022,2022-10-15,WCH,1,R8,1,QUINTERO_CHAVARRO_Kevin_Santiago,COL,23.980821917808218,14.0,2.0,10.363,69.47795040046319,Holder,Holder,Holder,Holder,Holder,Holder
1204,Paris,2022,2022-10-15,WCH,1,R8,2,RICHARDSON_Matthew,AUS,,2.0,1.0,9.857,73.04453687734605,Holder,Holder,Holder,Holder,Holder,Holder
1205,Paris,2022,2022-10-15,WCH,1,R8,2,ORTEGA_FONTALVO_Cristian_David,COL,,13.0,2.0,10.033,71.76318150104655,Holder,Holder,Holder,Holder,Holder,Holder
1206,Paris,2022,2022-10-15,WCH,1,R8,3,GLAETZER_Matthew,AUS,,3.0,1.0,9.962,72.27464364585425,Holder,Holder,Holder,Holder,Holder,Holder
1207,Paris,2022,2022-10-15,WCH,1,R8,3,ČECHMAN_Martin,CZE,24.002739726027396,15.0,2.0,10.056,71.59904534606206,Holder,Holder,Holder,Holder,Holder,Holder
1208,Paris,2022,2022-10-15,WCH,1,R8,4,RUDYK_Mateusz,POL,27.257534246575343,4.0,1.0,10.108,71.23070834982192,Holder,Holder,Holder,Holder,Holder,Holder
1209,Paris,2022,2022-10-15,WCH,1,R8,4,BÖTTICHER_Stefan,GER,,12.0,2.0,10.162,70.85219444991142,Holder,Holder,Holder,Holder,Holder,Holder
1210,Paris,2022,2022-10-15,WCH,1,R8,5,TJON_EN_FA_Jaïr,SUR,,8.0,1.0,10.117,71.16734209745971,Holder,Holder,Holder,Holder,Holder,Holder
1211,Paris,2022,2022-10-15,WCH,1,R8,5,CORNISH_Thomas,AUS,,9.0,2.0,10.648000000000001,67.61833208114199,Holder,Holder,Holder,Holder,Holder,Holder
1212,Paris,2022,2022-10-15,WCH,1,R8,6,HELAL_Rayan,FRA,23.747945205479454,7.0,1.0,9.854,73.06677491374062,Holder,Holder,Holder,Holder,Holder,Holder
1213,Paris,2022,2022-10-15,WCH,1,R8,6,OTA_Kaiya,JPN,,10.0,2.0,9.880999999999998,72.86711871268092,Holder,Holder,Holder,Holder,Holder,Holder
1214,Paris,2022,2022-10-15,WCH,1,R8,7,CARLIN_Jack,GBR,,6.0,1.0,10.283,70.01847709812311,Holder,Holder,Holder,Holder,Holder,Holder
1215,Paris,2022,2022-10-15,WCH,1,R8,7,SARNECKI_Rafal,POL,32.78904109589041,16.0,2.0,10.338999999999999,69.6392300996228,Holder,Holder,Holder,Holder,Holder,Holder
1216,Paris,2022,2022-10-15,WCH,1,R8,8,TURNBULL_Hamish,GBR,23.273972602739725,5.0,1.0,9.99,72.07207207207207,Holder,Holder,Holder,Holder,Holder,Holder
1217,Paris,2022,2022-10-15,WCH,1,R8,8,VIGIER_Sébastien,FRA,25.50958904109589,11.0,2.0,9.991,72.06485837253528,Holder,Holder,Holder,Holder,Holder,Holder
1218,Paris,2022,2022-10-15,WCH,1,QF,1,LAVREYSEN_Harrie,NED,25.605479452054794,1.0,1.0,10.04,71.71314741035857,Holder,Holder,Holder,Holder,Holder,Holder
1219,Paris,2022,2022-10-15,WCH,1,QF,1,TURNBULL_Hamish,GBR,23.273972602739725,5.0,2.0,10.133999999999999,71.04795737122559,Holder,Holder,Holder,Holder,Holder,Holder
1220,Paris,2022,2022-10-15,WCH,1,QF,2,RICHARDSON_Matthew,AUS,,2.0,1.0,9.872,72.93354943273906,Holder,Holder,Holder,Holder,Holder,Holder
1221,Paris,2022,2022-10-15,WCH,1,QF,2,CARLIN_Jack,GBR,,6.0,2.0,12.139,59.31295823379191,Holder,Holder,Holder,Holder,Holder,Holder
1222,Paris,2022,2022-10-15,WCH,1,QF,3,GLAETZER_Matthew,AUS,,3.0,1.0,9.765,73.73271889400921,Holder,Holder,Holder,Holder,Holder,Holder
1223,Paris,2022,2022-10-15,WCH,1,QF,3,HELAL_Rayan,FRA,23.747945205479454,7.0,2.0,10.338000000000001,69.64596633778294,Holder,Holder,Holder,Holder,Holder,Holder
1224,Paris,2022,2022-10-15,WCH,1,QF,4,RUDYK_Mateusz,POL,27.257534246575343,4.0,1.0,10.007,71.94963525532128,Holder,Holder,Holder,Holder,Holder,Holder
1225,Paris,2022,2022-10-15,WCH,1,QF,4,TJON_EN_FA_Jaïr,SUR,,8.0,2.0,10.048,71.65605095541402,Holder,Holder,Holder,Holder,Holder,Holder
1226,Paris,2022,2022-10-15,WCH,1,SF,1,LAVREYSEN_Harrie,NED,25.605479452054794,1.0,1.0,9.934,72.47835715723778,Holder,Holder,Holder,Holder,Holder,Holder
1227,Paris,2022,2022-10-15,WCH,1,SF,1,RUDYK_Mateusz,POL,27.257534246575343,4.0,2.0,10.332999999999998,69.67966708603504,Holder,Holder,Holder,Holder,Holder,Holder
1228,Paris,2022,2022-10-15,WCH,1,SF,2,RICHARDSON_Matthew,AUS,,2.0,1.0,9.79,73.5444330949949,Holder,Holder,Holder,Holder,Holder,Holder
1229,Paris,2022,2022-10-15,WCH,1,SF,2,GLAETZER_Matthew,AUS,,3.0,2.0,9.805,73.43192248852627,Holder,Holder,Holder,Holder,Holder,Holder
1226,Paris,2022,2022-10-15,WCH,2,SF,1,LAVREYSEN_Harrie,NED,25.605479452054794,1.0,1.0,9.699,72.47835715723778,Holder,Holder,Holder,Holder,Holder,Holder
1227,Paris,2022,2022-10-15,WCH,2,SF,1,RUDYK_Mateusz,POL,27.257534246575343,4.0,2.0,9.845,69.67966708603504,Holder,Holder,Holder,Holder,Holder,Holder
1228,Paris,2022,2022-10-15,WCH,2,SF,2,RICHARDSON_Matthew,AUS,,2.0,1.0,9.684,73.5444330949949,Holder,Holder,Holder,Holder,Holder,Holder
1229,Paris,2022,2022-10-15,WCH,2,SF,2,GLAETZER_Matthew,AUS,,3.0,2.0,9.722,73.43192248852627,Holder,Holder,Holder,Holder,Holder,Holder
1230,Paris,2022,2022-10-15,WCH,1,F,G,LAVREYSEN_Harrie,NED,25.605479452054794,1.0,1.0,9.686,74.33409043981004,Holder,Holder,Holder,Holder,Holder,Holder
1231,Paris,2022,2022-10-15,WCH,1,F,G,RICHARDSON_Matthew,AUS,,2.0,2.0,9.841,73.16329641296616,Holder,Holder,Holder,Holder,Holder,Holder
1232,Paris,2022,2022-10-15,WCH,1,F,B,GLAETZER_Matthew,AUS,,3.0,1.0,9.838,73.18560683065664,Holder,Holder,Holder,Holder,Holder,Holder
1233,Paris,2022,2022-10-15,WCH,1,F,B,RUDYK_Mateusz,POL,27.257534246575343,4.0,2.0,10.061,71.56346287645363,Holder,Holder,Holder,Holder,Holder,Holder
1230,Paris,2022,2022-10-15,WCH,2,F,G,LAVREYSEN_Harrie,NED,25.605479452054794,1.0,1.0,9.773,74.33409043981004,Holder,Holder,Holder,Holder,Holder,Holder
1231,Paris,2022,2022-10-15,WCH,2,F,G,RICHARDSON_Matthew,AUS,,2.0,2.0,9.856,73.16329641296616,Holder,Holder,Holder,Holder,Holder,Holder
1232,Paris,2022,2022-10-15,WCH,2,F,B,GLAETZER_Matthew,AUS,,3.0,1.0,9.964,73.18560683065664,Holder,Holder,Holder,Holder,Holder,Holder
1233,Paris,2022,2022-10-15,WCH,2,F,B,RUDYK_Mateusz,POL,27.257534246575343,4.0,2.0,10.223,71.56346287645363,Holder,Holder,Holder,Holder,Holder,Holder
1234,Jakarta,2023,2023-02-26,NC,1,R16,1,ZHOU_Yu,CHN,,4.0,1.0,10.035,,Holder,Holder,Holder,Holder,Holder,Holder
1235,Jakarta,2023,2023-02-26,NC,1,R16,1,SARNECKI_Rafal,POL,,28.0,2.0,10.135,,Holder,Holder,Holder,Holder,Holder,Holder
1236,Jakarta,2023,2023-02-26,NC,1,R16,2,OTA_Kaiya,JPN,,2.0,1.0,9.979,,Holder,Holder,Holder,Holder,Holder,Holder
1237,Jakarta,2023,2023-02-26,NC,1,R16,2,WAMMES_Nick,CAN,,27.0,2.0,10.52,,Holder,Holder,Holder,Holder,Holder,Holder
1238,Jakarta,2023,2023-02-26,NC,1,R16,3,AWANG_Mohd_Azizulhasni,MAS,,7.0,1.0,10.485,,Holder,Holder,Holder,Holder,Holder,Holder
1239,Jakarta,2023,2023-02-26,NC,1,R16,3,TERASAKI_Kohei,RKD,,26.0,2.0,10.498,,Holder,Holder,Holder,Holder,Holder,Holder
1240,Jakarta,2023,2023-02-26,NC,1,R16,4,LENDEL_Vasilijus,LTU,,9.0,1.0,10.103,,Holder,Holder,Holder,Holder,Holder,Holder
1241,Jakarta,2023,2023-02-26,NC,1,R16,4,ANGSUTHASAWIT_Jai,THA,,25.0,2.0,10.174999999999999,,Holder,Holder,Holder,Holder,Holder,Holder
1242,Jakarta,2023,2023-02-26,NC,1,R16,5,RICHARDSON_Matthew,AUS,,8.0,1.0,10.153,,Holder,Holder,Holder,Holder,Holder,Holder
1243,Jakarta,2023,2023-02-26,NC,1,R16,5,YAMASAKI_Kento,RKD,,24.0,2.0,10.253,,Holder,Holder,Holder,Holder,Holder,Holder
1244,Jakarta,2023,2023-02-26,NC,1,R16,6,RUDYK_Mateusz,POL,,10.0,1.0,10.232,,Holder,Holder,Holder,Holder,Holder,Holder
1245,Jakarta,2023,2023-02-26,NC,1,R16,6,van_LOON_Tijmen,BCC,,23.0,2.0,10.408999999999999,,Holder,Holder,Holder,Holder,Holder,Holder
1246,Jakarta,2023,2023-02-26,NC,1,R16,7,QUINTERO_CHAVARRO_Kevin_Santiago,COL,,16.0,1.0,10.106,,Holder,Holder,Holder,Holder,Holder,Holder
1247,Jakarta,2023,2023-02-26,NC,1,R16,7,TJON_EN_FA_Jair,SUR,,17.0,2.0,10.151,,Holder,Holder,Holder,Holder,Holder,Holder
1248,Jakarta,2023,2023-02-26,NC,1,R16,8,HELAL_Rayan,FRA,,11.0,1.0,10.076,,Holder,Holder,Holder,Holder,Holder,Holder
1249,Jakarta,2023,2023-02-26,NC,1,R16,8,ČECHMAN_Martin,CZE,,22.0,2.0,10.113000000000001,,Holder,Holder,Holder,Holder,Holder,Holder
1250,Jakarta,2023,2023-02-26,NC,1,R16,9,CARLIN_Jack,GBR,,12.0,1.0,10.292,,Holder,Holder,Holder,Holder,Holder,Holder
1251,Jakarta,2023,2023-02-26,NC,1,R16,9,RORKE_Tyler,CAN,,21.0,2.0,10.386,,Holder,Holder,Holder,Holder,Holder,Holder
1252,Jakarta,2023,2023-02-26,NC,1,R16,10,BOTTICHER_Stefan,GER,,13.0,1.0,10.048,,Holder,Holder,Holder,Holder,Holder,Holder
1253,Jakarta,2023,2023-02-26,NC,1,R16,10,TRUMAN_Joseph,TIN,,20.0,2.0,10.048,,Holder,Holder,Holder,Holder,Holder,Holder
1254,Jakarta,2023,2023-02-26,NC,1,R16,11,CORNISH_Thomas,AUS,,14.0,1.0,10.301,,Holder,Holder,Holder,Holder,Holder,Holder
1255,Jakarta,2023,2023-02-26,NC,1,R16,11,DORNBACH_Maximilian,GER,,19.0,2.0,10.373,,Holder,Holder,Holder,Holder,Holder,Holder
1256,Jakarta,2023,2023-02-26,NC,1,R16,12,NAKANO_Shinji,JPN,,15.0,1.0,10.271,,Holder,Holder,Holder,Holder,Holder,Holder
1257,Jakarta,2023,2023-02-26,NC,1,R16,12,TURNBULL_Hamish,GBR,,18.0,2.0,10.295,,Holder,Holder,Holder,Holder,Holder,Holder
1258,Jakarta,2023,2023-02-26,NC,1,R8,1,LAVREYSEN_Harrie,NED,,1.0,1.0,10.084,,Holder,Holder,Holder,Holder,Holder,Holder
1259,Jakarta,2023,2023-02-26,NC,1,R8,1,NAKANO_Shinji,JPN,,15.0,2.0,10.187999999999999,,Holder,Holder,Holder,Holder,Holder,Holder
1260,Jakarta,2023,2023-02-26,NC,1,R8,2,YAKOVLEV_Mikhail,ISR,,3.0,1.0,10.027,,Holder,Holder,Holder,Holder,Holder,Holder
1261,Jakarta,2023,2023-02-26,NC,1,R8,2,CORNISH_Thomas,AUS,,14.0,2.0,10.039,,Holder,Holder,Holder,Holder,Holder,Holder
1262,Jakarta,2023,2023-02-26,NC,1,R8,3,HOOGLAND_Jeffrey,NED,,5.0,1.0,10.012,,Holder,Holder,Holder,Holder,Holder,Holder
1263,Jakarta,2023,2023-02-26,NC,1,R8,3,BOTTICHER_Stefan,GER,,13.0,2.0,10.360000000000001,,Holder,Holder,Holder,Holder,Holder,Holder
1264,Jakarta,2023,2023-02-26,NC,1,R8,4,VIGIER_Sebastien,FRA,,6.0,1.0,10.312,,Holder,Holder,Holder,Holder,Holder,Holder
1265,Jakarta,2023,2023-02-26,NC,1,R8,4,CARLIN_Jack,GBR,,12.0,2.0,10.381,,Holder,Holder,Holder,Holder,Holder,Holder
1266,Jakarta,2023,2023-02-26,NC,1,R8,5,ZHOU_Yu,CHN,,4.0,1.0,9.932,,Holder,Holder,Holder,Holder,Holder,Holder
1267,Jakarta,2023,2023-02-26,NC,1,R8,5,HELAL_Rayan,FRA,,11.0,2.0,9.967,,Holder,Holder,Holder,Holder,Holder,Holder
1268,Jakarta,2023,2023-02-26,NC,1,R8,6,OTA_Kaiya,JPN,,2.0,1.0,9.844,,Holder,Holder,Holder,Holder,Holder,Holder
1269,Jakarta,2023,2023-02-26,NC,1,R8,6,QUINTERO_CHAVARRO_Kevin_Santiago,COL,,16.0,2.0,10.565,,Holder,Holder,Holder,Holder,Holder,Holder
1270,Jakarta,2023,2023-02-26,NC,1,R8,7,AWANG_Mohd_Azizulhasni,MAS,,7.0,1.0,9.995,,Holder,Holder,Holder,Holder,Holder,Holder
1271,Jakarta,2023,2023-02-26,NC,1,R8,7,RUDYK_Mateusz,POL,,10.0,2.0,10.338999999999999,,Holder,Holder,Holder,Holder,Holder,Holder
1272,Jakarta,2023,2023-02-26,NC,1,R8,8,RICHARDSON_Matthew,AUS,,8.0,1.0,10.071,,Holder,Holder,Holder,Holder,Holder,Holder
1273,Jakarta,2023,2023-02-26,NC,1,R8,8,LENDEL_Vasilijus,LTU,,9.0,2.0,10.173,,Holder,Holder,Holder,Holder,Holder,Holder
1274,Jakarta,2023,2023-02-26,NC,1,QF,1,LAVREYSEN_Harrie,NED,,1.0,1.0,9.889,,Holder,Holder,Holder,Holder,Holder,Holder
1275,Jakarta,2023,2023-02-26,NC,1,QF,1,RICHARDSON_Matthew,AUS,,8.0,2.0,9.942,,Holder,Holder,Holder,Holder,Holder,Holder
1276,Jakarta,2023,2023-02-26,NC,1,QF,2,YAKOVLEV_Mikhail,ISR,,3.0,2.0,10.125,,Holder,Holder,Holder,Holder,Holder,Holder
1277,Jakarta,2023,2023-02-26,NC,1,QF,2,AWANG_Mohd_Azizulhasni,MAS,,7.0,1.0,10.063,,Holder,Holder,Holder,Holder,Holder,Holder
1278,Jakarta,2023,2023-02-26,NC,1,QF,3,OTA_Kaiya,JPN,,2.0,1.0,9.762,,Holder,Holder,Holder,Holder,Holder,Holder
1279,Jakarta,2023,2023-02-26,NC,1,QF,3,HOOGLAND_Jeffrey,NED,,5.0,2.0,9.784,,Holder,Holder,Holder,Holder,Holder,Holder
1280,Jakarta,2023,2023-02-26,NC,1,QF,4,ZHOU_Yu,CHN,,4.0,2.0,10.413,,Holder,Holder,Holder,Holder,Holder,Holder
1281,Jakarta,2023,2023-02-26,NC,1,QF,4,VIGIER_Sebastien,FRA,,6.0,1.0,10.385,,Holder,Holder,Holder,Holder,Holder,Holder
1274,Jakarta,2023,2023-02-26,NC,2,QF,1,LAVREYSEN_Harrie,NED,,1.0,1.0,10.017,,Holder,Holder,Holder,Holder,Holder,Holder
1275,Jakarta,2023,2023-02-26,NC,2,QF,1,RICHARDSON_Matthew,AUS,,8.0,2.0,10.017,,Holder,Holder,Holder,Holder,Holder,Holder
1276,Jakarta,2023,2023-02-26,NC,2,QF,2,YAKOVLEV_Mikhail,ISR,,3.0,1.0,9.812,,Holder,Holder,Holder,Holder,Holder,Holder
1277,Jakarta,2023,2023-02-26,NC,2,QF,2,AWANG_Mohd_Azizulhasni,MAS,,7.0,2.0,10.008999999999999,,Holder,Holder,Holder,Holder,Holder,Holder
1278,Jakarta,2023,2023-02-26,NC,2,QF,3,OTA_Kaiya,JPN,,2.0,1.0,9.804,,Holder,Holder,Holder,Holder,Holder,Holder
1279,Jakarta,2023,2023-02-26,NC,2,QF,3,HOOGLAND_Jeffrey,NED,,5.0,2.0,13.823,,Holder,Holder,Holder,Holder,Holder,Holder
1280,Jakarta,2023,2023-02-26,NC,2,QF,4,ZHOU_Yu,CHN,,4.0,1.0,10.184,,Holder,Holder,Holder,Holder,Holder,Holder
1281,Jakarta,2023,2023-02-26,NC,2,QF,4,VIGIER_Sebastien,FRA,,6.0,2.0,10.238,,Holder,Holder,Holder,Holder,Holder,Holder
1276,Jakarta,2023,2023-02-26,NC,3,QF,2,YAKOVLEV_Mikhail,ISR,,3.0,1.0,9.845,,Holder,Holder,Holder,Holder,Holder,Holder
1277,Jakarta,2023,2023-02-26,NC,3,QF,2,AWANG_Mohd_Azizulhasni,MAS,,7.0,2.0,10.352,,Holder,Holder,Holder,Holder,Holder,Holder
1280,Jakarta,2023,2023-02-26,NC,3,QF,4,ZHOU_Yu,CHN,,4.0,1.0,10.11,,Holder,Holder,Holder,Holder,Holder,Holder
1281,Jakarta,2023,2023-02-26,NC,3,QF,4,VIGIER_Sebastien,FRA,,6.0,2.0,10.11,,Holder,Holder,Holder,Holder,Holder,Holder
1282,Jakarta,2023,2023-02-26,NC,1,SF,1,LAVREYSEN_Harrie,NED,,1.0,1.0,10.098,,Holder,Holder,Holder,Holder,Holder,Holder
1283,Jakarta,2023,2023-02-26,NC,1,SF,1,ZHOU_Yu,CHN,,4.0,2.0,11.193000000000001,,Holder,Holder,Holder,Holder,Holder,Holder
1284,Jakarta,2023,2023-02-26,NC,1,SF,2,OTA_Kaiya,JPN,,2.0,1.0,9.864,,Holder,Holder,Holder,Holder,Holder,Holder
1285,Jakarta,2023,2023-02-26,NC,1,SF,2,YAKOVLEV_Mikhail,ISR,,3.0,2.0,9.882000000000001,,Holder,Holder,Holder,Holder,Holder,Holder
1282,Jakarta,2023,2023-02-26,NC,2,SF,1,LAVREYSEN_Harrie,NED,,1.0,1.0,10.109,,Holder,Holder,Holder,Holder,Holder,Holder
1283,Jakarta,2023,2023-02-26,NC,2,SF,1,ZHOU_Yu,CHN,,4.0,2.0,11.622,,Holder,Holder,Holder,Holder,Holder,Holder
1284,Jakarta,2023,2023-02-26,NC,2,SF,2,OTA_Kaiya,JPN,,2.0,1.0,9.895,,Holder,Holder,Holder,Holder,Holder,Holder
1285,Jakarta,2023,2023-02-26,NC,2,SF,2,YAKOVLEV_Mikhail,ISR,,3.0,2.0,16.259999999999998,,Holder,Holder,Holder,Holder,Holder,Holder
1286,Jakarta,2023,2023-02-26,NC,1,F,G,LAVREYSEN_Harrie,NED,,1.0,1.0,10.006,,Holder,Holder,Holder,Holder,Holder,Holder
1287,Jakarta,2023,2023-02-26,NC,1,F,G,OTA_Kaiya,JPN,,2.0,2.0,10.024000000000001,,Holder,Holder,Holder,Holder,Holder,Holder
1288,Jakarta,2023,2023-02-26,NC,1,F,B,YAKOVLEV_Mikhail,ISR,,3.0,1.0,10.262,,Holder,Holder,Holder,Holder,Holder,Holder
1289,Jakarta,2023,2023-02-26,NC,1,F,B,ZHOU_Yu,CHN,,4.0,2.0,10.727,,Holder,Holder,Holder,Holder,Holder,Holder
1286,Jakarta,2023,2023-02-26,NC,2,F,G,LAVREYSEN_Harrie,NED,,1.0,1.0,9.563,,Holder,Holder,Holder,Holder,Holder,Holder
1287,Jakarta,2023,2023-02-26,NC,2,F,G,OTA_Kaiya,JPN,,2.0,2.0,9.653,,Holder,Holder,Holder,Holder,Holder,Holder
1288,Jakarta,2023,2023-02-26,NC,2,F,B,YAKOVLEV_Mikhail,ISR,,3.0,1.0,9.875,,Holder,Holder,Holder,Holder,Holder,Holder
1289,Jakarta,2023,2023-02-26,NC,2,F,B,ZHOU_Yu,CHN,,4.0,2.0,9.965,,Holder,Holder,Holder,Holder,Holder,Holder
1290,Cairo,2023,2023-03-17,NC,1,R16,1,OTA_Kaiya,JPN,,3.0,1.0,10.775,,Holder,Holder,Holder,Holder,Holder,Holder
1291,Cairo,2023,2023-03-17,NC,1,R16,1,ČECHMAN_Martin,CZE,,28.0,2.0,11.065,,Holder,Holder,Holder,Holder,Holder,Holder
1292,Cairo,2023,2023-03-17,NC,1,R16,2,PAUL_Nicholas,TTO,,10.0,1.0,10.505,,Holder,Holder,Holder,Holder,Holder,Holder
1293,Cairo,2023,2023-03-17,NC,1,R16,2,ANGSUTHASAWIT_Jai,THA,,27.0,2.0,10.574000000000002,,Holder,Holder,Holder,Holder,Holder,Holder
1294,Cairo,2023,2023-03-17,NC,1,R16,3,BROWNE_Kwesi,TTO,,16.0,1.0,10.248,,Holder,Holder,Holder,Holder,Holder,Holder
1295,Cairo,2023,2023-03-17,NC,1,R16,3,ZHOU_Yu,CHN,,17.0,2.0,REL,,Holder,Holder,Holder,Holder,Holder,Holder
1296,Cairo,2023,2023-03-17,NC,1,R16,4,TJON_EN_FA_Jair,SUR,,5.0,1.0,10.007,,Holder,Holder,Holder,Holder,Holder,Holder
1297,Cairo,2023,2023-03-17,NC,1,R16,4,SAUNDERS_Callum,NZL,,26.0,2.0,10.203,,Holder,Holder,Holder,Holder,Holder,Holder
1298,Cairo,2023,2023-03-17,NC,1,R16,5,QUINTERO_CHAVARRO_Kevin_Santiago,COL,,11.0,1.0,10.699,,Holder,Holder,Holder,Holder,Holder,Holder
1299,Cairo,2023,2023-03-17,NC,1,R16,5,CHUGAY_Andrey,KAZ,,25.0,2.0,10.807,,Holder,Holder,Holder,Holder,Holder,Holder
1300,Cairo,2023,2023-03-17,NC,1,R16,6,TRUMAN_Joseph,TIN,,6.0,1.0,10.273,,Holder,Holder,Holder,Holder,Holder,Holder
1301,Cairo,2023,2023-03-17,NC,1,R16,6,JURCZYK_Marc,GER,,24.0,2.0,10.485,,Holder,Holder,Holder,Holder,Holder,Holder
1302,Cairo,2023,2023-03-17,NC,1,R16,7,VIGIER_Sebastien,FRA,,7.0,1.0,10.373,,Holder,Holder,Holder,Holder,Holder,Holder
1303,Cairo,2023,2023-03-17,NC,1,R16,7,SAHROM_Muhammad_Shah_Firdaus,MAS,,23.0,2.0,10.61,,Holder,Holder,Holder,Holder,Holder,Holder
1304,Cairo,2023,2023-03-17,NC,1,R16,8,SZALONTAY_Sandor,HUN,,15.0,1.0,10.447,,Holder,Holder,Holder,Holder,Holder,Holder
1305,Cairo,2023,2023-03-17,NC,1,R16,8,van_LOON_Tijmen,BCC,,18.0,2.0,10.447999999999999,,Holder,Holder,Holder,Holder,Holder,Holder
1306,Cairo,2023,2023-03-17,NC,1,R16,9,TERASAKI_Kohei,RKD,,8.0,1.0,10.384,,Holder,Holder,Holder,Holder,Holder,Holder
1307,Cairo,2023,2023-03-17,NC,1,R16,9,ORTEGA_FONTALVO_Cristian_David,COL,,19.0,2.0,10.47,,Holder,Holder,Holder,Holder,Holder,Holder
1308,Cairo,2023,2023-03-17,NC,1,R16,10,TURNBULL_Hamish,GBR,,14.0,1.0,10.353,,Holder,Holder,Holder,Holder,Holder,Holder
1309,Cairo,2023,2023-03-17,NC,1,R16,10,MARTINEZ_CHORRO_Alejandro,ESP,,20.0,2.0,10.423,,Holder,Holder,Holder,Holder,Holder,Holder
1310,Cairo,2023,2023-03-17,NC,1,R16,11,CARLIN_Jack,GBR,,13.0,1.0,10.243,,Holder,Holder,Holder,Holder,Holder,Holder
1311,Cairo,2023,2023-03-17,NC,1,R16,11,YAMASAKI_Kento,RKD,,21.0,2.0,10.292,,Holder,Holder,Holder,Holder,Holder,Holder
1312,Cairo,2023,2023-03-17,NC,1,R16,12,OBARA_Yuta,JPN,,12.0,1.0,10.117,,Holder,Holder,Holder,Holder,Holder,Holder
1313,Cairo,2023,2023-03-17,NC,1,R16,12,LENDEL_Vasilijus,LTU,,22.0,2.0,10.155000000000001,,Holder,Holder,Holder,Holder,Holder,Holder
1314,Cairo,2023,2023-03-17,NC,1,R8,1,LAVREYSEN_Harrie,NED,,1.0,1.0,10.106,,Holder,Holder,Holder,Holder,Holder,Holder
1315,Cairo,2023,2023-03-17,NC,1,R8,1,OBARA_Yuta,JPN,,12.0,2.0,10.555,,Holder,Holder,Holder,Holder,Holder,Holder
1316,Cairo,2023,2023-03-17,NC,1,R8,2,YAKOVLEV_Mikhail,ISR,,2.0,1.0,9.964,,Holder,Holder,Holder,Holder,Holder,Holder
1317,Cairo,2023,2023-03-17,NC,1,R8,2,CARLIN_Jack,GBR,,13.0,2.0,9.988,,Holder,Holder,Holder,Holder,Holder,Holder
1318,Cairo,2023,2023-03-17,NC,1,R8,3,RUDYK_Mateusz,POL,,4.0,1.0,10.443,,Holder,Holder,Holder,Holder,Holder,Holder
1319,Cairo,2023,2023-03-17,NC,1,R8,3,TURNBULL_Hamish,GBR,,14.0,2.0,10.478,,Holder,Holder,Holder,Holder,Holder,Holder
1320,Cairo,2023,2023-03-17,NC,1,R8,4,TERASAKI_Kohei,RKD,,8.0,1.0,10.292,,Holder,Holder,Holder,Holder,Holder,Holder
1321,Cairo,2023,2023-03-17,NC,1,R8,4,YAN_Weiming,CHN,,9.0,2.0,10.379,,Holder,Holder,Holder,Holder,Holder,Holder
1322,Cairo,2023,2023-03-17,NC,1,R8,5,OTA_Kaiya,JPN,,3.0,1.0,10.127,,Holder,Holder,Holder,Holder,Holder,Holder
1323,Cairo,2023,2023-03-17,NC,1,R8,5,SZALONTAY_Sandor,HUN,,15.0,2.0,10.345,,Holder,Holder,Holder,Holder,Holder,Holder
1324,Cairo,2023,2023-03-17,NC,1,R8,6,VIGIER_Sebastien,FRA,,7.0,1.0,10.016,,Holder,Holder,Holder,Holder,Holder,Holder
1325,Cairo,2023,2023-03-17,NC,1,R8,6,PAUL_Nicholas,TTO,,10.0,2.0,10.096,,Holder,Holder,Holder,Holder,Holder,Holder
1326,Cairo,2023,2023-03-17,NC,1,R8,7,TRUMAN_Joseph,TIN,,6.0,1.0,10.303,,Holder,Holder,Holder,Holder,Holder,Holder
1327,Cairo,2023,2023-03-17,NC,1,R8,7,BROWNE_Kwesi,TTO,,16.0,2.0,10.529000000000002,,Holder,Holder,Holder,Holder,Holder,Holder
1328,Cairo,2023,2023-03-17,NC,1,R8,8,TJON_EN_FA_Jair,SUR,,5.0,1.0,10.283,,Holder,Holder,Holder,Holder,Holder,Holder
1329,Cairo,2023,2023-03-17,NC,1,R8,8,QUINTERO_CHAVARRO_Kevin_Santiago,COL,,11.0,2.0,10.302999999999999,,Holder,Holder,Holder,Holder,Holder,Holder
1330,Cairo,2023,2023-03-17,NC,1,QF,1,LAVREYSEN_Harrie,NED,,1.0,1.0,9.881,,Holder,Holder,Holder,Holder,Holder,Holder
1331,Cairo,2023,2023-03-17,NC,1,QF,1,TJON_EN_FA_Jair,SUR,,5.0,2.0,9.913,,Holder,Holder,Holder,Holder,Holder,Holder
1332,Cairo,2023,2023-03-17,NC,1,QF,2,YAKOVLEV_Mikhail,ISR,,2.0,1.0,10.096,,Holder,Holder,Holder,Holder,Holder,Holder
1333,Cairo,2023,2023-03-17,NC,1,QF,2,TRUMAN_Joseph,TIN,,6.0,2.0,10.182,,Holder,Holder,Holder,Holder,Holder,Holder
1334,Cairo,2023,2023-03-17,NC,1,QF,3,RUDYK_Mateusz,POL,,4.0,1.0,10.28,,Holder,Holder,Holder,Holder,Holder,Holder
1335,Cairo,2023,2023-03-17,NC,1,QF,3,VIGIER_Sebastien,FRA,,7.0,2.0,10.427999999999999,,Holder,Holder,Holder,Holder,Holder,Holder
1336,Cairo,2023,2023-03-17,NC,1,QF,4,OTA_Kaiya,JPN,,3.0,1.0,10.11,,Holder,Holder,Holder,Holder,Holder,Holder
1337,Cairo,2023,2023-03-17,NC,1,QF,4,TERASAKI_Kohei,RKD,,8.0,2.0,10.189,,Holder,Holder,Holder,Holder,Holder,Holder
1330,Cairo,2023,2023-03-17,NC,2,QF,1,LAVREYSEN_Harrie,NED,,1.0,1.0,10.265,,Holder,Holder,Holder,Holder,Holder,Holder
1331,Cairo,2023,2023-03-17,NC,2,QF,1,TJON_EN_FA_Jair,SUR,,5.0,2.0,10.395000000000001,,Holder,Holder,Holder,Holder,Holder,Holder
1332,Cairo,2023,2023-03-17,NC,2,QF,2,YAKOVLEV_Mikhail,ISR,,2.0,1.0,10.061,,Holder,Holder,Holder,Holder,Holder,Holder
1333,Cairo,2023,2023-03-17,NC,2,QF,2,TRUMAN_Joseph,TIN,,6.0,2.0,10.125,,Holder,Holder,Holder,Holder,Holder,Holder
1334,Cairo,2023,2023-03-17,NC,2,QF,3,RUDYK_Mateusz,POL,,4.0,1.0,10.361,,Holder,Holder,Holder,Holder,Holder,Holder
1335,Cairo,2023,2023-03-17,NC,2,QF,3,VIGIER_Sebastien,FRA,,7.0,2.0,10.397,,Holder,Holder,Holder,Holder,Holder,Holder
1336,Cairo,2023,2023-03-17,NC,2,QF,4,OTA_Kaiya,JPN,,3.0,1.0,10.061,,Holder,Holder,Holder,Holder,Holder,Holder
1337,Cairo,2023,2023-03-17,NC,2,QF,4,TERASAKI_Kohei,RKD,,8.0,2.0,10.12,,Holder,Holder,Holder,Holder,Holder,Holder
1338,Cairo,2023,2023-03-17,NC,1,SF,1,LAVREYSEN_Harrie,NED,,1.0,2.0,10.191999999999998,,Holder,Holder,Holder,Holder,Holder,Holder
1339,Cairo,2023,2023-03-17,NC,1,SF,1,OTA_Kaiya,JPN,,3.0,1.0,10.181,,Holder,Holder,Holder,Holder,Holder,Holder
1340,Cairo,2023,2023-03-17,NC,1,SF,2,YAKOVLEV_Mikhail,ISR,,2.0,1.0,10.119,,Holder,Holder,Holder,Holder,Holder,Holder
1341,Cairo,2023,2023-03-17,NC,1,SF,2,RUDYK_Mateusz,POL,,4.0,2.0,11.035,,Holder,Holder,Holder,Holder,Holder,Holder
1338,Cairo,2023,2023-03-17,NC,2,SF,1,LAVREYSEN_Harrie,NED,,1.0,1.0,10.071,,Holder,Holder,Holder,Holder,Holder,Holder
1339,Cairo,2023,2023-03-17,NC,2,SF,1,OTA_Kaiya,JPN,,3.0,2.0,10.278,,Holder,Holder,Holder,Holder,Holder,Holder
1340,Cairo,2023,2023-03-17,NC,2,SF,2,YAKOVLEV_Mikhail,ISR,,2.0,1.0,10.468,,Holder,Holder,Holder,Holder,Holder,Holder
1341,Cairo,2023,2023-03-17,NC,2,SF,2,RUDYK_Mateusz,POL,,4.0,2.0,10.491999999999999,,Holder,Holder,Holder,Holder,Holder,Holder
1338,Cairo,2023,2023-03-17,NC,3,SF,1,LAVREYSEN_Harrie,NED,,1.0,1.0,10.32,,Holder,Holder,Holder,Holder,Holder,Holder
1339,Cairo,2023,2023-03-17,NC,3,SF,1,OTA_Kaiya,JPN,,3.0,2.0,10.459,,Holder,Holder,Holder,Holder,Holder,Holder
1342,Cairo,2023,2023-03-17,NC,1,F,G,LAVREYSEN_Harrie,NED,,1.0,1.0,9.948,,Holder,Holder,Holder,Holder,Holder,Holder
1343,Cairo,2023,2023-03-17,NC,1,F,G,YAKOVLEV_Mikhail,ISR,,2.0,2.0,10.013,,Holder,Holder,Holder,Holder,Holder,Holder
1344,Cairo,2023,2023-03-17,NC,1,F,B,OTA_Kaiya,JPN,,3.0,1.0,10.185,,Holder,Holder,Holder,Holder,Holder,Holder
1345,Cairo,2023,2023-03-17,NC,1,F,B,RUDYK_Mateusz,POL,,4.0,2.0,10.363000000000001,,Holder,Holder,Holder,Holder,Holder,Holder
1342,Cairo,2023,2023-03-17,NC,2,F,G,LAVREYSEN_Harrie,NED,,1.0,1.0,10.019,,Holder,Holder,Holder,Holder,Holder,Holder
1343,Cairo,2023,2023-03-17,NC,2,F,G,YAKOVLEV_Mikhail,ISR,,2.0,2.0,11.862,,Holder,Holder,Holder,Holder,Holder,Holder
1344,Cairo,2023,2023-03-17,NC,2,F,B,OTA_Kaiya,JPN,,3.0,1.0,10.364,,Holder,Holder,Holder,Holder,Holder,Holder
1345,Cairo,2023,2023-03-17,NC,2,F,B,RUDYK_Mateusz,POL,,4.0,2.0,10.481000000000002,,Holder,Holder,Holder,Holder,Holder,Holder
