UCI_ID,Country,UCI_Bday,Status,UCI_Name
10009535686,,,,
10015145724,,,,
10009079382,,,,
10010830840,,,,
10055349695,,,,
10117936018,,,,
10034964036,,,,
10015483305,,,,
10009967641,,,,
10122775712,,,,
10006894559,,,,
10015683567,,,,
10048325582,,,,
10007379761,,,,
10009039774,,,,
10061655608,,,,
10007779683,,,,
10010678569,,,,
10015713273,,,,
10020900955,,,,
10010821241,,,,
10009009159,,,,
10010166590,,,,
10009181234,,,,
10010773549,,,,
10010624918,,,,
10006184742,,,,
10010797292,,,,
10007073506,,,,
10004868370,,,,
10064209839,,,,
10005953154,,,,
10010592279,,,,
10023551075,,,,
10017950943,,,,
10011152354,,,,
10009178002,,,,
10009010876,,,,
10007351671,,,,
10050873046,,,,
10127542452,,,,
10021114658,,,,
10050626809,,,,
10009012391,,,,
10009150215,,,,
10115009850,,,,
10048493011,,,,
10010664829,,,,
10023438921,,,,
10009972994,,,,
10072107558,,,,
10015323152,,,,
10010713329,,,,
10011146694,,,,
10011141846,,,,
10050002066,,,,
10129788610,,,,
10021915920,,,,
10026071156,,,,
10086399803,,,,
10049101683,,,,
10055348887,,,,
10052089586,,,,
10072398356,,,,
10054062932,,,,
10049099865,,,,
10050089669,,,,
10053835384,,,,
10048224138,,,,
10041041993,,,,
10092163118,,,,
10097177412,,,,
10060086531,,,,
10023485094,,,,
10007811716,,,,
10113665893,,,,
10015915559,,,,
10009176281,,,,
10007827880,,,,
10007535365,,,,
10048100765,,,,
10004612534,,,,
10009843258,,,,
10048888990,,,,
10010608447,,,,
10007502427,,,,
10063033917,,,,
10129878334,,,,
10083501624,,,,
10007294683,,,,
10009154558,,,,
10064365948,,,,
10063279447,,,,
10080054383,,,,
10068955361,,,,
10010170331,,,,
10022040606,,,,
10053142038,,,,
10034048600,,,,
10036103683,,,,
10010920665,,,,
10088726789,,,,
10072874969,,,,
10006137252,,,,
10015992654,,,,
10028995102,,,,
10007501821,,,,
10009978048,,,,
10081023272,,,,
10054985644,,,,
10009181032,,,,
10023923517,,,,
10021001793,,,,
10009073524,,,,
10086700907,,,,
10136185960,,,,
10094578923,,,,
10010715046,,,,
10021766578,,,,
10015171992,,,,
10007165755,,,,
10010743439,,,,
10061341164,,,,
10015769554,,,,
10088729419,,,,
10048839884,,,,
10009903983,,,,
10094449183,,,,
10004737119,,,,
10010645732,,,,
10075185084,,,,
10090680735,,,,
10022615936,,,,
10006904360,,,,
10060701873,,,,
10007475448,,,,
10057795513,,,,
10127009356,,,,
10006063086,,,,
10014936364,,,,
10063655222,,,,
10016222121,,,,
10005641037,,,,
10075184882,,,,
10015339522,,,,
10022176608,,,,
10016308007,,,,
10009671284,,,,
10073343195,,,,
10064034229,,,,
10007729769,,,,
10096589348,,,,
10023427908,,,,
10059054287,,,,
10055137915,,,,
10036384579,,,,
10113857873,,,,
10054250060,,,,
10007890932,,,,
10060059451,,,,
10088306962,,,,
10128452232,,,,
10014006376,,,,
10092839892,,,,
10088731237,,,,
10062078566,,,,
10055056069,,,,
10010829830,,,,
10054379392,,,,
10036447429,,,,
10009523865,,,,
10036429847,,,,
10064348568,,,,
10115622667,,,,
10075184680,,,,
10096523064,,,,
10036242820,,,,
10022147003,,,,
10062775855,,,,
10030732109,,,,
10071412188,,,,
10092218991,,,,
10022807613,,,,
10115009749,,,,
10059690245,,,,
10097227427,,,,
10115010355,,,,
10096738686,,,,
10115010153,,,,
10022028680,,,,
10092578295,,,,
10009333404,,,,
10060044600,,,,
10101896460,,,,
10011074249,,,,
10048858981,,,,
10089127018,,,,
10051342989,,,,
10005964470,,,,
10078215831,,,,
10059156745,,,,
10126973586,,,,
10128660073,,,,
10015998718,,,,
10021829832,,,,
10056067293,,,,
10011080313,,,,
10009668961,,,,
10083484244,,,,
10055802969,,,,
10005276578,,,,
10008019557,,,,
10011162155,,,,
10053240553,,,,
10096738585,,,,
10069552923,,,,
10022031512,,,,
10010821645,,,,
10030674818,,,,
10121152475,,,,
10132657382,,,,
10015564137,,,,
10010680993,,,,
10016209286,,,,
10062192643,,,,
10096873779,,,,
10080223731,,,,
10006379247,,,,
10125015095,,,,
10007390370,,,,
10130636853,,,,
10124110571,,,,
10095274996,,,,
10060341054,,,,
10007227995,,,,
10071954681,,,,
10130234103,,,,
10015329216,,,,
10112223122,,,,
10043670996,,,,
10087503478,,,,
10010771428,,,,
10007947011,,,,
10008709267,,,,
10010166792,,,,
10004717719,,,,
10060474329,,,,
10077480752,,,,
10063399988,,,,
10036435406,,,,
10095595100,,,,
10074984418,,,,
10088738109,,,,
10063086760,,,,
10054807610,,,,
10090906562,,,,
10092407739,,,,
10006063187,,,,
10084543261,,,,
10011162054,,,,
10073461619,,,,
10065054244,,,,
10091962953,,,,
10082777356,,,,
10036454503,,,,
10036152890,,,,
10020998157,,,,
10005276275,,,,
10009864375,,,,
10087310791,,,,
10096876207,,,,
10010197007,,,,
10009100503,,,,
10092260623,,,,
10119653524,,,,
10125773921,,,,
10091449762,,,,
10010894696,,,,
10140692925,,,,
10049098855,,,,
10036147941,,,,
10052056850,,,,
10023843287,,,,
10052495370,,,,
10010931880,,,,
10007394515,,,,
10056383454,,,,
10083701078,,,,
10122266258,,,,
10004765209,,,,
10093662271,,,,
10009975927,,,,
10001439725,,,,
10130241072,,,,
10067762665,,,,
10016387021,,,,
10006141696,,,,
10011132449,,,,
10049020851,,,,
10060117550,,,,
10062226288,,,,
10009041087,,,,
10052307535,,,,
10007782616,,,,
10050399463,,,,
10009802741,,,,
10045814292,,,,
10060549101,,,,
10011164074,,,,
10016232427,,,,
10075810736,,,,
10082977824,,,,
10120766596,,,,
10132657281,,,,
10010857314,,,,
10006058743,,,,
10009519421,,,,
10055760937,,,,
10034778928,,,,
10122559783,,,,
10130706975,,,,
10071487162,,,,
10007894972,,,,
10065046968,,,,
10007208494,,,,
10014544526,,,,
10022619471,,,,
10100552911,,,,
10075524180,,,,
10097573795,,,,
10006079961,,,,
10004332951,,,,
10080267682,,,,
10015333862,,,,
10096004823,,,,
10080032155,,,,
10096391409,,,,
10062420591,,,,
10004633247,,,,
10005305779,,,,
10096418485,,,,
10006552534,,,,
10055146504,,,,
10016664883,,,,
10054568746,,,,
10045938574,,,,
10051791213,,,,
10085547819,,,,
10119721727,,,,
10093303169,,,,
10071486657,,,,
10098154785,,,,
10011036964,,,,
10011208433,,,,
10050945693,,,,
10011199339,,,,
10019881849,,,,
10059725106,,,,
10010691505,,,,
10117318450,,,,
10120468728,,,,
10017184643,,,,
10096883176,,,,
10078903521,,,,
10008952878,,,,
10091849684,,,,
10009737164,,,,
10045838140,,,,
10060550010,,,,
10009148292,,,,
10050305800,,,,
10048324774,,,,
10060842222,,,,
10049142204,,,,
10097247332,,,,
10062003592,,,,
10045916649,,,,
10136127053,,,,
10097168318,,,,
10064235707,,,,
10100894330,,,,
10123467543,,,,
10020583582,,,,
10002701937,,,,
10063200534,,,,
10119634326,,,,
10014245038,,,,
10057662743,,,,
10045972526,,,,
10096135872,,,,
10123379839,,,,
10010727069,,,,
10125760076,,,,
10118623708,,,,
10060548996,,,,
10132549167,,,,
10075934614,,,,
10055588357,,,,
10005305577,,,,
10009990576,,,,
10052264489,,,,
10082394410,,,,
10060270730,,,,
10067030923,,,,
10045938473,,,,
10015848972,,,,
10072043702,,,,
10076127806,,,,
10118402628,,,,
10004785316,,,,
10096830434,,,,
10061676927,,,,
10062493444,,,,
10117975626,,,,
10135667113,,,,
10061971058,,,,
10127948539,,,,
10132773479,,,,
10107985838,,,,
10056381838,,,,
10118775066,,,,
10011152152,,,,
10096181948,,,,
10016631339,,,,
10008984608,,,,
10036104289,,,,
10005675793,,,,
10003221895,,,,
10009718572,,,,
10010797494,,,,
10097147504,,,,
10050305089,,,,
10053909449,,,,
10086594712,,,,
10010026750,,,,
10058654264,,,,
10082544960,,,,
10053230853,,,,
10078913928,,,,
10122560086,,,,
10106649157,,,,
10132725989,,,,
10101360031,,,,
10121687894,,,,
10089139647,,,,
10009632787,,,,
10097465883,,,,
10023350712,,,,
10050990658,,,,
10019810313,,,,
10053321486,,,,
10118784362,,,,
10092281235,,,,
10038676207,,,,
10063654010,,,,
10118889244,,,,
10119686159,,,,
10002687385,,,,
10010923392,,,,
10091433493,,,,
10101896056,,,,
10006274062,,,,
10093123923,,,,
10080032559,,,,
10010797393,,,,
10036448439,,,,
10058431164,,,,
10009316024,,,,
10056383555,,,,
10119752140,,,,
10015327600,,,,
10136825857,,,,
10007762913,,,,
10009321579,,,,
10036297380,,,,
10009468089,,,,
10009117778,,,,
10015972244,,,,
10071485748,,,,
10023857536,,,,
10125507775,,,,
10071226171,,,,
10135667012,,,,
10014545940,,,,
10097387172,,,,
10096254595,,,,
10040903365,,,,
10132689314,,,,
10132009910,,,,
10091681956,,,,
10007350964,,,,
10077988889,,,,
10131581490,,,,
10131617260,,,,
10119924013,,,,
10079226550,,,,
10054613206,,,,
10082239917,,,,
10108741428,,,,
10004613241,,,,
10010948553,,,,
10050678339,,,,
10097340894,,,,
10122559985,,,,
10079682349,,,,
10115011163,,,,
10020714433,,,,
10097389495,,,,
10083618630,,,,
10096130519,,,,
10005794621,,,,
10007846270,,,,
10131617159,,,,
10076159229,,,,
10086049286,,,,
10119925023,,,,
10061210115,,,,
10051885078,,,,
10005305274,,,,
10131480551,,,,
10010794262,,,,
10129241265,,,,
10007503336,,,,
10021117284,,,,
10001348482,,,,
10129367365,,,,
10141113257,,,,
10004700036,,,,
10123052766,,,,
10060883951,,,,
10123473607,,,,
10085868727,,,,
10124683275,,,,
10006278308,,,,
10107182859,,,,
10064126781,,,,
10083837383,,,,
10119244609,,,,
10118522664,,,,
10061217589,,,,
10055079816,,,,
10075819729,,,,
10135663574,,,,
10093661968,,,,
10009321882,,,,
10105708661,,,,
10069363266,,,,
10140372724,,,,
10117689676,,,,
10059568690,,,,
10136323881,,,,
10115012981,,,,
10133219174,,,,
10132763173,,,,
10009085547,,,,
10123209885,,,,
10035393664,,,,
10118522361,,,,
10062469495,,,,
10103764520,,,,
10127778989,,,,
10135663675,,,,
10056990918,,,,
10096427074,,,,
10119894913,,,,
10021942491,,,,
10136324083,,,,
10114928614,,,,
10070693176,,,,
10035522491,,,,
10084438076,,,,
10009112324,,,,
10015570605,,,,
10050766346,,,,
10119923609,,,,
10119925225,,,,
10050005706,,,,
10022183981,,,,
10027138964,,,,
10046046890,,,,
10087311094,,,,
10073010062,,,,
10019117064,,,,
10095240947,,,,
10097450527,,,,
10016189078,,,,
10117782434,,,,
10119743753,,,,
10118522866,,,,
10008900237,,,,
10006602044,,,,
10065715157,,,,
10015860591,,,,
10096955120,,,,
10056709921,,,,
10095625614,,,,
10024556643,,,,
10084556395,,,,
10095102420,,,,
10132279486,,,,
10082899820,,,,
10100022239,,,,
10086309671,,,,
10119344134,,,,
10021087982,,,,
10026125013,,,,
10023973633,,,,
10095240846,,,,
10009310768,,,,
10055630187,,,,
10132165211,,,,
10016128858,,,,
10132033451,,,,
10115760285,,,,
10114300942,,,,
10132235939,,,,
10014627176,,,,
10064906017,,,,
10012448518,,,,
10124899911,,,,
10035233616,,,,
10095970366,,,,
10139909043,,,,
10020964209,,,,
10079059226,,,,
10103306596,,,,
10126948732,,,,
10131259875,,,,
10086832057,,,,
10132337989,,,,
10015916367,,,,
10083594580,,,,
10063586211,,,,
10066468727,,,,
10063731105,,,,
10083003789,,,,
10015239387,,,,
10096740912,,,,
10130399407,,,,
10132339407,,,,
10088335254,,,,
10131975049,,,,
10132339508,,,,
10029252251,,,,
10119693334,,,,
10132237858,,,,
10054710307,,,,
10083501119,,,,
10071897996,,,,
10118906422,,,,
10088465091,,,,
10061956813,,,,
10140954017,,,,
10016188674,,,,
10054991001,,,,
10063243475,,,,
10095995931,,,,
10009195075,,,,
10047310015,,,,
10075819224,,,,
10053783551,,,,
10055216626,,,,
10023189953,,,,
10023156510,,,,
10038077534,,,,
10052845681,,,,
10066814994,,,,
10074172345,,,,
10086715556,,,,
10087871674,,,,
10120704053,,,,
10083745336,,,,
10003100142,,,,
10131768521,,,,
10049512824,,,,
10004640220,,,,
10049516157,,,,
10009138491,,,,
10004601723,,,,
10096693018,,,,
10015266972,,,,
10007212639,,,,
10100860984,,,,
10007772108,,,,
10034905836,,,,
10051586604,,,,
10010593895,,,,
10066413759,,,,
10096938548,,,,
10063781322,,,,
10017653778,,,,
10082452610,,,,
10071492822,,,,
10016469772,,,,
10009049979,,,,
10009762123,,,,
10011000790,,,,
10050626405,,,,
10067397705,,,,
10055089112,,,,
10017585373,,,,
10065024740,,,,
10022380409,,,,
10006475136,,,,
10004777434,,,,
10009520532,,,,
10015977803,,,,
10055761947,,,,
10115490608,,,,
10105237102,,,,
10017582444,,,,
10009158804,,,,
10070139771,,,,
10006536770,,,,
10099805405,,,,
10004610413,,,,
10014547758,,,,
10078019407,,,,
10034956154,,,,
10009017243,,,,
10010652907,,,,
10092410971,,,,
10090555241,,,,
10097608555,,,,
10065335443,,,,
10015718327,,,,
10056185313,,,,
10071493731,,,,
10011119618,,,,
10051908118,,,,
10011324429,,,,
10052184465,,,,
10057674968,,,,
10010723231,,,,
10064887526,,,,
10007897295,,,,
10064295826,,,,
10049099764,,,,
10016105014,,,,
10121517136,,,,
10014992140,,,,
10105678753,,,,
10071254665,,,,
10123469058,,,,
10062431305,,,,
10022362322,,,,
10012076985,,,,
10006066524,,,,
10036078728,,,,
10013460853,,,,
10015570504,,,,
10090741763,,,,
10010903891,,,,
10045950702,,,,
10092819583,,,,
10005461383,,,,
10017564458,,,,
10120843287,,,,
10097253190,,,,
10022382934,,,,
10052180728,,,,
10083586904,,,,
10007291249,,,,
10020077667,,,,
10015267174,,,,
10080862214,,,,
10050433213,,,,
10017563448,,,,
10010786885,,,,
10071492923,,,,
10050942259,,,,
10084828403,,,,
10010969468,,,,
10081577889,,,,
10010178920,,,,
10082374505,,,,
10089917162,,,,
10088938977,,,,
10003292122,,,,
10128803452,,,,
10010672408,,,,
10079745805,,,,
10061358443,,,,
10086110318,,,,
10008888113,,,,
10006686718,,,,
10051729676,,,,
10036069533,,,,
10076586635,,,,
10119925427,,,,
10098940889,,,,
10014385080,,,,
10017615685,,,,
10007504346,,,,
10011968770,,,,
10050726233,,,,
10009260147,,,,
10082392487,,,,
10111519062,,,,
10007271546,,,,
10076740421,,,,
10084194263,,,,
10080540902,,,,
10009386045,,,,
10060469477,,,,
10009158400,,,,
10088306861,,,,
10071592650,,,,
10017620739,,,,
10115009042,,,,
10057679113,,,,
10008844865,,,,
10020545893,,,,
10101225847,,,,
10113113704,,,,
10090700943,,,,
10084362904,,,,
10011157408,,,,
10122559884,,,,
10118199231,,,,
10050149687,,,,
10051538508,,,,
10088771855,,,,
10093662069,,,,
10050873147,,,,
10118204584,,,,
10009044727,,,,
10060412388,,,,
10116102920,,,,
10054290981,,,,
10091534133,,,,
10050585480,,,,
10079765508,,,,
10009691593,,,,
10113586879,,,,
10123467240,,,,
10009259440,,,,
10116983701,,,,
10116103425,,,,
10034934431,,,,
10009030377,,,,
10010721009,,,,
10015914246,,,,
10116103324,,,,
10081576475,,,,
10116103223,,,,
10008973591,,,,
10077024448,,,,
10017891935,,,,
10109680914,,,,
10087938463,,,,
10023945341,,,,
10076874908,,,,
10052856492,,,,
10082993887,,,,
10084049268,,,,
10086726670,,,,
10096294106,,,,
10005727327,,,,
10005964672,,,,
10004599194,,,,
10004720143,,,,
10016152807,,,,
10006900421,,,,
10011155990,,,,
10010994528,,,,
10010829123,,,,
10026805124,,,,
10049591636,,,,
10006285378,,,,
10006073493,,,,
10112982853,,,,
10005574854,,,,
10112216553,,,,
10048325683,,,,
10009037350,,,,
10100093270,,,,
10088489141,,,,
10005921226,,,,
10015473100,,,,
10006182318,,,,
10007828183,,,,
10016106832,,,,
10050887493,,,,
10007499292,,,,
10109373443,,,,
10030584484,,,,
10016270116,,,,
10051443629,,,,
10106575092,,,,
10054711620,,,,
10036116720,,,,
10010601171,,,,
10067497735,,,,
10067778631,,,,
10060494133,,,,
10007828082,,,,
10035062450,,,,
10010118494,,,,
10064652605,,,,
10054626441,,,,
10056016167,,,,
10083618933,,,,
10008987537,,,,
10035076796,,,,
10056503086,,,,
10006875159,,,,
10034795904,,,,
10009688664,,,,
10097450123,,,,
10067878257,,,,
10015000224,,,,
10003095795,,,,
10011134570,,,,
10004618796,,,,
10035022337,,,,
10076894005,,,,
10014581205,,,,
10009318549,,,,
10014936566,,,,
10007799285,,,,
10109511768,,,,
10083544161,,,,
10009333707,,,,
10016095516,,,,
10080997610,,,,
10009183658,,,,
10118523169,,,,
10097387273,,,,
10063595911,,,,
10050356522,,,,
10063186386,,,,
10029862442,,,,
10009331784,,,,
10053901365,,,,
10109512273,,,,
10072831927,,,,
10029308734,,,,
10023458826,,,,
10115011971,,,,
10008098470,,,,
10015393375,,,,
10010796080,,,,
10045946355,,,,
10009693617,,,,
10021349276,,,,
10006113610,,,,
10052885693,,,,
10069360236,,,,
10011044543,,,,
10050706429,,,,
10034780241,,,,
10006902239,,,,
10088438116,,,,
10021578844,,,,
10084202448,,,,
10120520965,,,,
10060238495,,,,
10041866089,,,,
10053679780,,,,
10052265705,,,,
10114929927,,,,
10011047472,,,,
10015980833,,,,
10006665496,,,,
10118851858,,,,
10072797369,,,,
10052885794,,,,
10081023777,,,,
10016282543,,,,
10009219125,,,,
10006532629,,,,
10007797265,,,,
10050879514,,,,
10015443087,,,,
10010114555,,,,
10088408814,,,,
10083495560,,,,
10007257907,,,,
10053970275,,,,
10058440359,,,,
10062941765,,,,
10051132421,,,,
10117284805,,,,
10118848323,,,,
10029473836,,,,
10072832735,,,,
10064052922,,,,
10116735541,,,,
10048988620,,,,
10064646238,,,,
10097389091,,,,
10114811002,,,,
10010895104,,,,
10063404638,,,,
10053896719,,,,
10035212394,,,,
10007772209,,,,
10055218747,,,,
10021142041,,,,
10097636342,,,,
10052885895,,,,
10017307915,,,,
10015974870,,,,
10114912547,,,,
10053577023,,,,
10008931256,,,,
10089730842,,,,
10010895205,,,,
10008921960,,,,
10063365030,,,,
10103197068,,,,
10118576420,,,,
10050941350,,,,
10011161549,,,,
10015916266,,,,
10017666310,,,,
10090264645,,,,
10118842057,,,,
10120521268,,,,
10052874579,,,,
10096554083,,,,
10050725021,,,,
10015145623,,,,
10008950858,,,,
10104087549,,,,
10016104408,,,,
10004622638,,,,
10007446651,,,,
10010695040,,,,
10005227472,,,,
10052881148,,,,
10011164276,,,,
10076166101,,,,
10118877019,,,,
10052881350,,,,
10007789181,,,,
10021645431,,,,
10075914002,,,,
10034782261,,,,
10118877322,,,,
10014420547,,,,
10084652991,,,,
10064711714,,,,
10022102846,,,,
10109371019,,,,
10021158007,,,,
10106273382,,,,
10035520875,,,,
10021785776,,,,
10096367763,,,,
10008958033,,,,
10034823889,,,,
10020925712,,,,
10076430021,,,,
10021316439,,,,
10089713563,,,,
10006065817,,,,
10118186905,,,,
10021022207,,,,
10052874680,,,,
10004725092,,,,
10112148855,,,,
10119068793,,,,
10020805167,,,,
10086865706,,,,
10036021740,,,,
10073282672,,,,
10021553784,,,,
10046312632,,,,
10015914145,,,,
10119083547,,,,
10109370817,,,,
10036022649,,,,
10006422895,,,,
10010850644,,,,
10059218884,,,,
10007271849,,,,
10009328047,,,,
10015267477,,,,
10034928165,,,,
10054592186,,,,
10063232563,,,,
10082410675,,,,
10103577792,,,,
10010726261,,,,
10020974616,,,,
10009504667,,,,
10009307435,,,,
10005964571,,,,
10003096708,,,,
10009009260,,,,
10096716660,,,,
10010645833,,,,
10006288109,,,,
10009721202,,,,
10009307536,,,,
10076376467,,,,
10009207001,,,,
10008108574,,,,
10074742827,,,,
10014664057,,,,
10011164579,,,,
10015978712,,,,
10007891437,,,,
10036451873,,,,
10036590000,,,,
10009175574,,,,
10093638932,,,,
10010654826,,,,
10062073920,,,,
10010114757,,,,
10099129132,,,,
10008997641,,,,
10006898401,,,,
10015313856,,,,
10010648257,,,,
10073486978,,,,
10023485704,,,,
10010923796,,,,
10061702387,,,,
10016321242,,,,
10014767121,,,,
10005548986,,,,
10025432875,,,,
10096482143,,,,
10011049593,,,,
10010720908,,,,
10009036340,,,,
10049101582,,,,
10009012694,,,,
10015172400,,,,
10009725545,,,,
10006553039,,,,
10053303403,,,,
10009205886,,,,
10006737945,,,,
10010914605,,,,
10009689674,,,,
10082602453,,,,
10003011125,,,,
10016023976,,,,
10025472382,,,,
10035335464,,,,
10017849596,,,,
10009207203,,,,
10007900935,,,,
10009101816,,,,
10017855559,,,,
10008882049,,,,
10010028366,,,,
10009905094,,,,
10050986719,,,,
10017853337,,,,
10015346188,,,,
10083929838,,,,
10036103986,,,,
10094240736,,,,
10009725242,,,,
10020915709,,,,
10010726564,,,,
10023376576,,,,
10010709588,,,,
10010654927,,,,
10003391849,,,,
10060752696,,,,
10011156600,,,,
10002654346,,,,
10066296248,,,,
10011202066,,,,
10009034623,,,,
10050766750,,,,
10015530185,,,,
10045992633,,,,
10009738780,,,,
10067049111,,,,
10092508375,,,,
10049099158,,,,
10010653008,,,,
10054595321,,,,
10011220658,,,,
10011047068,,,,
10064248033,,,,
10085039476,,,,
10064812350,,,,
10051451107,,,,
10011309473,,,,
10015861807,,,,
10062047951,,,,
10010115969,,,,
10011157509,,,,
10006941544,,,,
10004860084,,,,
10060566275,,,,
10035023347,,,,
10006319633,,,,
10060064000,,,,
10060403193,,,,
10064812451,,,,
10010992710,,,,
10022309172,,,,
10016435218,,,,
10051013088,,,,
10030125049,,,,
10004068526,,,,
10009009462,,,,
10006575772,,,,
10054313112,,,,
10015522004,,,,
10009101715,,,,
10016146844,,,,
10016107539,,,,
10004573128,,,,
10098001811,,,,
10006082991,,,,
10084358860,,,,
10004748132,,,,
10009689573,,,,
10010692111,,,,
10015716812,,,,
10094870226,,,,
10013611104,,,,
10050986921,,,,
10009648551,,,,
10011166805,,,,
10049014181,,,,
10008901954,,,,
10021915819,,,,
10064938349,,,,
10005930724,,,,
10011164781,,,,
10073486675,,,,
10010601575,,,,
10009110001,,,,
10006914767,,,,
10016194334,,,,
10084721703,,,,
10010739500,,,,
10010184172,,,,
10023683946,,,,
10010924204,,,,
10014234631,,,,
10044375258,,,,
10053822149,,,,
10056286858,,,,
10077803377,,,,
10013610191,,,,
10016095213,,,,
10013189556,,,,
10083548306,,,,
10073487079,,,,
10016604865,,,,
10066584925,,,,
10065471243,,,,
10002419021,,,,
10054827313,,,,
10010828820,,,,
10090545945,,,,
10010937843,,,,
10060038233,,,,
10093037633,,,,
10015483709,,,,
10063094844,,,,
10080289308,,,,
10051722000,,,,
10064067268,,,,
10011334836,,,,
10061162221,,,,
10063955316,,,,
10076341408,,,,
10042409592,,,,
10009976331,,,,
10084867203,,,,
10010926830,,,,
10009016536,,,,
10063902671,,,,
10095976733,,,,
10023459028,,,,
10010175482,,,,
10010641183,,,,
10058351948,,,,
10010640577,,,,
10018941757,,,,
10061681270,,,,
10007213144,,,,
10063834266,,,,
10015729441,,,,
10010736567,,,,
10083619034,,,,
10084298438,,,,
10050949434,,,,
10062011777,,,,
10015712162,,,,
10008917112,,,,
10072405026,,,,
10034859962,,,,
10086403035,,,,
10015718024,,,,
10097389600,,,,
10079944047,,,,
10009890344,,,,
10072669653,,,,
10086863884,,,,
10053587935,,,,
10008994813,,,,
10060701267,,,,
10052231046,,,,
10087801956,,,,
10097457193,,,,
10045992330,,,,
10067217445,,,,
10009191641,,,,
10003095189,,,,
10007237901,,,,
10035022741,,,,
10011002107,,,,
10015787641,,,,
10006594970,,,,
10083977631,,,,
10021008564,,,,
10023424167,,,,
10061681674,,,,
10009854877,,,,
10011153263,,,,
10087498428,,,,
10082139176,,,,
10010736466,,,,
10062769286,,,,
10092046415,,,,
10015848669,,,,
10015869887,,,,
10062901551,,,,
10035306667,,,,
10073310358,,,,
10010895306,,,,
10010115767,,,,
10097158517,,,,
10017850206,,,,
10008845370,,,,
10009846894,,,,
10050867689,,,,
10085762532,,,,
10011164175,,,,
10007836873,,,,
10076779019,,,,
10050089871,,,,
10023476004,,,,
10015997910,,,,
10076628566,,,,
10064643814,,,,
10063896308,,,,
10083483739,,,,
10083483941,,,,
10053443445,,,,
10083929434,,,,
10043627651,,,,
10097473260,,,,
10006443208,,,,
10007505457,,,,
10024325863,,,,
10016206054,,,,
10010920564,,,,
10093904367,,,,
10090367002,,,,
10058444100,,,,
10022742339,,,,
10007196168,,,,
10076120530,,,,
10063837704,,,,
10015597883,,,,
10053138095,,,,
10016101273,,,,
10022860759,,,,
10009142434,,,,
10084795663,,,,
10026649924,,,,
10064646844,,,,
10010638961,,,,
10009710286,,,,
10073446360,,,,
10018603469,,,,
10009693415,,,,
10021006645,,,,
10072787568,,,,
10020885191,,,,
10012609071,,,,
10060861218,,,,
10083155252,,,,
10090270002,,,,
10016128454,,,,
10010725857,,,,
10091520793,,,,
10062071290,,,,
10090444804,,,,
10021169525,,,,
10090262120,,,,
10097333723,,,,
10034949585,,,,
10016107741,,,,
10048829780,,,,
10018446653,,,,
10089238566,,,,
10097450224,,,,
10014660320,,,,
10005743693,,,,
10009976028,,,,
10016107438,,,,
10062780606,,,,
10062083822,,,,
10096412223,,,,
10054711923,,,,
10064190237,,,,
10021558030,,,,
10084756964,,,,
10016106125,,,,
10023943725,,,,
10089728317,,,,
10021332405,,,,
10078248971,,,,
10084524366,,,,
10058439147,,,,
10080356501,,,,
10064547925,,,,
10006882031,,,,
10015002648,,,,
10054206210,,,,
10073031179,,,,
10083908418,,,,
10020776168,,,,
10020865185,,,,
10020999470,,,,
10021320681,,,,
10021444660,,,,
10021608954,,,,
10096168612,,,,
10096635525,,,,
10096636434,,,,
10034939683,,,,
10034981921,,,,
10047374477,,,,
10023980606,,,,
10018709159,,,,
10086736572,,,,
10090259389,,,,
10021231866,,,,
10007811817,,,,
10003349716,,,,
10002418415,,,,
10005782695,,,,
10006108051,,,,
10010778704,,,,
10007508083,,,,
10011129823,,,,
10053242169,,,,
10053606022,,,,
10007787464,,,,
10053240856,,,,
10007271142,,,,
10036587572,,,,
10051694112,,,,
10006584159,,,,
10009232663,,,,
10010828719,,,,
10006442501,,,,
10002260888,,,,
10052410393,,,,
10036234231,,,,
10013422053,,,,
10063396554,,,,
10010166691,,,,
10007127662,,,,
10011156903,,,,
10032999380,,,,
10009719178,,,,
10007051274,,,,
10085091313,,,,
10009214475,,,,
10007741792,,,,
10075744654,,,,
10009039168,,,,
10084555385,,,,
10006898300,,,,
10063277831,,,,
10009667749,,,,
10023528847,,,,
10007505760,,,,
10010813763,,,,
10009090601,,,,
10045965351,,,,
10007861731,,,,
10015172194,,,,
10081162308,,,,
10010737476,,,,
10007507174,,,,
10050373595,,,,
10052418780,,,,
10042535187,,,,
10017491508,,,,
10009117071,,,,
10008879221,,,,
10009718875,,,,
10015337502,,,,
10017854650,,,,
10084791926,,,,
10011301490,,,,
10083483840,,,,
10010831446,,,,
10009115354,,,,
10076763659,,,,
10084590448,,,,
10009498506,,,,
10004594851,,,,
10015849477,,,,
10084791724,,,,
10017852731,,,,
10004868774,,,,
10016303862,,,,
10015334165,,,,
10055760634,,,,
10015631128,,,,
10011175390,,,,
10064080002,,,,
10079550690,,,,
10010638052,,,,
10006115327,,,,
10060583857,,,,
10054093850,,,,
10056387292,,,,
10011175491,,,,
10011496096,,,,
10084590549,,,,
10016581324,,,,
10010732224,,,,
10016143410,,,,
10020739287,,,,
10013828948,,,,
10009821131,,,,
10015961534,,,,
10067791563,,,,
10025859372,,,,
10015871709,,,,
10015017907,,,,
10016543534,,,,
10083339047,,,,
10013097913,,,,
10002260484,,,,
10016277590,,,,
10009500930,,,,
10055304229,,,,
10009815269,,,,
10025299095,,,,
10009505879,,,,
10015916064,,,,
10055346766,,,,
10010878532,,,,
10061210721,,,,
10056604231,,,,
10016863432,,,,
10066337068,,,,
10009737972,,,,
10046131261,,,,
10016076924,,,,
10010779613,,,,
10009862860,,,,
10007498888,,,,
10009312283,,,,
10015914347,,,,
10010882774,,,,
10016392374,,,,
10023663536,,,,
10010695343,,,,
10011021406,,,,
10064381611,,,,
10010737375,,,,
10009738073,,,,
10011160438,,,,
10016104610,,,,
10011263906,,,,
10050432102,,,,
10009888829,,,,
10010872165,,,,
10015374985,,,,
10015977904,,,,
10079054879,,,,
10009181133,,,,
10015765716,,,,
10015267073,,,,
10014676787,,,,
10059717830,,,,
10009728373,,,,
10060678130,,,,
10009233572,,,,
10010722322,,,,
10009667244,,,,
10015434603,,,,
10010929658,,,,
10055036265,,,,
10015979823,,,,
10010895508,,,,
10037321338,,,,
10022853786,,,,
10014244533,,,,
10015785318,,,,
10055050514,,,,
10006652867,,,,
10015978409,,,,
10051488388,,,,
10023065873,,,,
10062071189,,,,
10015269093,,,,
10010935318,,,,
10015172295,,,,
10081161803,,,,
10009684523,,,,
10081025292,,,,
10055091233,,,,
10034865521,,,,
10010641284,,,,
10009037653,,,,
10004862310,,,,
10040300147,,,,
10015793705,,,,
10015267275,,,,
10061217286,,,,
10064646945,,,,
10015981035,,,,
10083258114,,,,
10084717558,,,,
10034839451,,,,
10083233660,,,,
10029846577,,,,
10073116055,,,,
10081338928,,,,
10084652183,,,,
10006319532,,,,
10009967843,,,,
10083840114,,,,
10005796944,,,,
10041823855,,,,
10034886840,,,,
10015775416,,,,
10007789686,,,,
10066293925,,,,
10021576925,,,,
10011153970,,,,
10058237467,,,,
10015566561,,,,
10064902680,,,,
10017288111,,,,
10010717470,,,,
10006554251,,,,
10020916113,,,,
10015794917,,,,
10034942414,,,,
10007901036,,,,
10015321031,,,,
10036667596,,,,
10016106630,,,,
10022868641,,,,
10009738982,,,,
10009964914,,,,
10064645430,,,,
10085949458,,,,
10023481357,,,,
10034899267,,,,
10084563974,,,,
10021320176,,,,
10006898296,,,,
10063739791,,,,
10023450742,,,,
10021324725,,,,
10015322546,,,,
10015319718,,,,
10011046765,,,,
10050171313,,,,
10010916625,,,,
10015321334,,,,
10021626031,,,,
10009151326,,,,
10010992912,,,,
10009532050,,,,
10009988152,,,,
10062512945,,,,
10055220161,,,,
10048854840,,,,
10064256016,,,,
10061138272,,,,
10068214222,,,,
10023487118,,,,
10018713607,,,,
10084757873,,,,
10064647753,,,,
10018733411,,,,
10076764164,,,,
10010926022,,,,
10008042896,,,,
10007782212,,,,
10025749339,,,,
10014699322,,,,
10016203226,,,,
10004594144,,,,
10050872945,,,,
10020813857,,,,
10021486086,,,,
10010853573,,,,
10010853775,,,,
10020872966,,,,
10009316428,,,,
10048694081,,,,
10083392702,,,,
10015961433,,,,
10021041102,,,,
10021624617,,,,
10020911766,,,,
10083825461,,,,
10021328765,,,,
10007778875,,,,
10036244537,,,,
10008966622,,,,
10011148213,,,,
10015570706,,,,
10009405546,,,,
10011155384,,,,
10009723020,,,,
10009975523,,,,
10007184751,,,,
10017762195,,,,
10007897703,,,,
10009232158,,,,
10054562278,,,,
10010646540,,,,
10015984469,,,,
10007193744,,,,
10015572019,,,,
10006320037,,,,
10010730709,,,,
10053805173,,,,
10004601824,,,,
10055482061,,,,
10017655293,,,,
10010709992,,,,
10009011987,,,,
10006112394,,,,
10010178718,,,,
10009965015,,,,
10007362583,,,,
10004737826,,,,
10009206290,,,,
10009209930,,,,
10009090702,,,,
10021303608,,,,
10009719784,,,,
10006185348,,,,
10015078935,,,,
10015266467,,,,
10010666849,,,,
10063902570,,,,
10007294481,,,,
10009206088,,,,
10010092327,,,,
10010643813,,,,
10049173223,,,,
10008880635,,,,
10009519320,,,,
10010636133,,,,
10013397300,,,,
10004792184,,,,
10009573375,,,,
10014381545,,,,
10023927658,,,,
10063896409,,,,
10016293354,,,,
10015539683,,,,
10063250953,,,,
10009825676,,,,
10009974614,,,,
10009968348,,,,
10009213970,,,,
10007063705,,,,
10008000965,,,,
10015442683,,,,
10065959374,,,,
10010771226,,,,
10006724912,,,,
10002830360,,,,
10009219024,,,,
10009034219,,,,
10011206211,,,,
10009027852,,,,
10009044424,,,,
10010681300,,,,
10010640173,,,,
10010871458,,,,
10007198794,,,,
10010854179,,,,
10010740813,,,,
10007889922,,,,
10053890857,,,,
10009705943,,,,
10008925293,,,,
10057794806,,,,
10045923420,,,,
10005964874,,,,
10010630271,,,,
10015303348,,,,
10010713632,,,,
10011072936,,,,
10057868362,,,,
10023476206,,,,
10009131623,,,,
10010116272,,,,
10005757336,,,,
10010625423,,,,
10021412429,,,,
10008959245,,,,
10015000123,,,,
10009669668,,,,
10002589476,,,,
10015979217,,,,
10013983037,,,,
10061391886,,,,
10004782484,,,,
10009026034,,,,
10010859940,,,,
10050085427,,,,
10009486984,,,,
10009139101,,,,
10010740914,,,,
10015541808,,,,
10009725141,,,,
10050254569,,,,
10056025362,,,,
10009033512,,,,
10009259137,,,,
10009501132,,,,
10015779961,,,,
10007603568,,,,
10008958134,,,,
10055615740,,,,
10010737981,,,,
10035076392,,,,
10014174108,,,,
10007507881,,,,
10004629409,,,,
10015979116,,,,
10016662661,,,,
10065502565,,,,
10015718428,,,,
10009259945,,,,
10014465108,,,,
10015064484,,,,
10011151748,,,,
10015553124,,,,
10010699181,,,,
10035481166,,,,
10014587164,,,,
10016290526,,,,
10015875244,,,,
10009974412,,,,
10009176180,,,,
10012587651,,,,
10013036679,,,,
10015793907,,,,
10010732628,,,,
10010839227,,,,
10053639768,,,,
10035353551,,,,
10009992600,,,,
10059690144,,,,
10007238002,,,,
10015083985,,,,
10010181041,,,,
10011044947,,,,
10009304405,,,,
10015981540,,,,
10006555766,,,,
10071486960,,,,
10015794008,,,,
10062016225,,,,
10010750917,,,,
10034992934,,,,
10015865039,,,,
10066365764,,,,
10004776727,,,,
10010701710,,,,
10007232039,,,,
10058983357,,,,
10061862944,,,,
10063175878,,,,
10071485950,,,,
10009074837,,,,
10014660118,,,,
10008968137,,,,
10010791030,,,,
10009701903,,,,
10010746267,,,,
10083338542,,,,
10015350434,,,,
10015851602,,,,
10055343433,,,,
10064740511,,,,
10009227209,,,,
10016022057,,,,
10006280530,,,,
10023545419,,,,
10015849982,,,,
10026829069,,,,
10011034641,,,,
10010877926,,,,
10015849275,,,,
10023939681,,,,
10015322950,,,,
10016203125,,,,
10010653311,,,,
10049089660,,,,
10010654725,,,,
10010718581,,,,
10064740612,,,,
10015708223,,,,
10023545924,,,,
10007961155,,,,
10013610090,,,,
10018815455,,,,
10009206391,,,,
10064647147,,,,
10009212556,,,,
10005329728,,,,
10010750715,,,,
10010914706,,,,
10009494260,,,,
10064647551,,,,
10063397463,,,,
10054819330,,,,
10010719288,,,,
10009978452,,,,
10025435707,,,,
10019082005,,,,
10064310374,,,,
10015570403,,,,
10006900320,,,,
10073273174,,,,
10009744036,,,,
10060607503,,,,
10010098387,,,,
10009141929,,,,
10063691493,,,,
10016199788,,,,
10014132577,,,,
10052097872,,,,
10018683089,,,,
10010778603,,,,
10010854078,,,,
10009316630,,,,
10034971312,,,,
10007216477,,,,
10061258009,,,,
10005506954,,,,
10005505439,,,,
10003036080,,,,
10010786279,,,,
10006480186,,,,
10049562435,,,,
10006382984,,,,
10015584648,,,,
10011132651,,,,
10009116364,,,,
10061370567,,,,
10055138622,,,,
10008963184,,,,
10004712362,,,,
10008957730,,,,
10016117037,,,,
10004722668,,,,
10005952952,,,,
10004601218,,,,
10053241967,,,,
10061273062,,,,
10009087264,,,,
10010697969,,,,
10007500407,,,,
10061261645,,,,
10008942976,,,,
10015146330,,,,
10015374177,,,,
10010794363,,,,
10009136774,,,,
10010714440,,,,
10010746974,,,,
10006032269,,,,
10007739368,,,,
10016023067,,,,
10006062682,,,,
10009227916,,,,
10009035936,,,,
10010614915,,,,
10009213364,,,,
10010709891,,,,
10007509703,,,,
10010717773,,,,
10010747479,,,,
10007893255,,,,
10009873671,,,,
10009494563,,,,
10010687259,,,,
10008917718,,,,
10010724645,,,,
10008972783,,,,
10007815756,,,,
10005377925,,,,
10009689169,,,,
10006643066,,,,
10009141121,,,,
10010829325,,,,
10011162357,,,,
10061230121,,,,
10009864173,,,,
10015078228,,,,
10010883582,,,,
10010793555,,,,
10004601925,,,,
10012305341,,,,
10005825741,,,,
10005631337,,,,
10061265281,,,,
10007771805,,,,
10007358038,,,,
10061349349,,,,
10007587808,,,,
10016231720,,,,
10004870693,,,,
10009502041,,,,
10009733225,,,,
10061499192,,,,
10011046866,,,,
10061350460,,,,
10006639228,,,,
10009037754,,,,
10058814417,,,,
10005911930,,,,
10007209710,,,,
10015793604,,,,
10010118700,,,,
10023523995,,,,
10010781431,,,,
10010175583,,,,
10009705741,,,,
10010883380,,,,
10010820231,,,,
10009997953,,,,
10009182951,,,,
10010689582,,,,
10015973355,,,,
10023561482,,,,
10010652705,,,,
10010921473,,,,
10009233673,,,,
10016321747,,,,
10010166287,,,,
10015653659,,,,
10007896487,,,,
10015146128,,,,
10009176079,,,,
10007499393,,,,
10007198188,,,,
10010929557,,,,
10011026153,,,,
10010828921,,,,
10010096165,,,,
10061319744,,,,
10006450480,,,,
10007259927,,,,
10009190328,,,,
10007779885,,,,
10014727412,,,,
10016021855,,,,
10061374409,,,,
10010631382,,,,
10015424802,,,,
10009669163,,,,
10008714624,,,,
10010937035,,,,
10016231821,,,,
10009160925,,,,
10015998011,,,,
10009150013,,,,
10009104341,,,,
10011154273,,,,
10023545520,,,,
10023476105,,,,
10009671183,,,,
10016303155,,,,
10016231922,,,,
10010732426,,,,
10010092024,,,,
10002653033,,,,
10016178469,,,,
10015983257,,,,
10010689178,,,,
10013603626,,,,
10009138390,,,,
10061261544,,,,
10016308411,,,,
10061404216,,,,
10016053581,,,,
10010927234,,,,
10006681664,,,,
10016232023,,,,
10010917938,,,,
10010872468,,,,
10009015930,,,,
10010646944,,,,
10009012896,,,,
10009194065,,,,
10009708064,,,,
10018647626,,,,
10010937439,,,,
10010883178,,,,
10016138760,,,,
10016022158,,,,
10010091620,,,,
10011001093,,,,
10011154677,,,,
10005509883,,,,
10016306690,,,,
10061334393,,,,
10011207726,,,,
10015781678,,,,
10012335653,,,,
10015426620,,,,
10010172351,,,,
10007232645,,,,
10010173765,,,,
10010185182,,,,
10023669495,,,,
10008929640,,,,
10010741015,,,,
10016315279,,,,
10010179425,,,,
10010872266,,,,
10009234582,,,,
10011168522,,,,
10009310364,,,,
10009739285,,,,
10005511301,,,,
10010667152,,,,
10012194803,,,,
10016317606,,,,
10009260955,,,,
10007261543,,,,
10010725756,,,,
10055347877,,,,
10016253241,,,,
10010927133,,,,
10010872872,,,,
10016299418,,,,
10009211950,,,,
10015998112,,,,
10009316731,,,,
10016285775,,,,
10009681792,,,,
10015528165,,,,
10014521486,,,,
10016283351,,,,
10010878128,,,,
10015998213,,,,
10010831143,,,,
10016288203,,,,
10016138457,,,,
10007632264,,,,
10005787850,,,,
10007275889,,,,
10018772009,,,,
10007078253,,,,
10010878330,,,,
10023863091,,,,
10013148534,,,,
10010872670,,,,
10023451550,,,,
10010117282,,,,
10015913943,,,,
10014926967,,,,
10001443664,,,,
10015958201,,,,
10008656828,,,,
10009899640,,,,
10016138659,,,,
10015241007,,,,
10016138861,,,,
10015244744,,,,
10007789383,,,,
10023720625,,,,
10009316226,,,,
10050563656,,,,
10019065938,,,,
10016021754,,,,
10019394122,,,,
10005930623,,,,
10006182924,,,,
10006105930,,,,
10009966631,,,,
10011125678,,,,
10011130126,,,,
10004613039,,,,
10006898502,,,,
10008917617,,,,
10009325017,,,,
10009234279,,,,
10007734318,,,,
10008944390,,,,
10008987436,,,,
10007505962,,,,
10025264440,,,,
10008002379,,,,
10006163726,,,,
10006900623,,,,
10009147181,,,,
10009306324,,,,
10007500104,,,,
10010664526,,,,
10004415706,,,,
10007788070,,,,
10009514468,,,,
10007803834,,,,
10010857112,,,,
10009693920,,,,
10010887323,,,,
10009011886,,,,
10003817639,,,,
10007077546,,,,
10009102018,,,,
10005747434,,,,
10010597737,,,,
10010615016,,,,
10010623908,,,,
10010647146,,,,
10010709285,,,,
10010898538,,,,
10010586421,,,,
10007771704,,,,
10009117576,,,,
10008695426,,,,
10008010968,,,,
10004620618,,,,
10003246753,,,,
10005747131,,,,
10009011482,,,,
10010653109,,,,
10009807589,,,,
10006597802,,,,
10007974794,,,,
10010097579,,,,
10009158602,,,,
10007897400,,,,
10004708726,,,,
10005763501,,,,
10008870632,,,,
10002689409,,,,
10010646439,,,,
10008921657,,,,
10010709487,,,,
10010800629,,,,
10009560241,,,,
10010709386,,,,
10006298516,,,,
10061251036,,,,
10006197169,,,,
10009529020,,,,
10007783020,,,,
10014469451,,,,
10010719591,,,,
10009228219,,,,
10010780421,,,,
10010882067,,,,
10010883683,,,,
10004603440,,,,
10009734841,,,,
10008971672,,,,
10009527707,,,,
10009007442,,,,
10005455323,,,,
10007588414,,,,
10010719894,,,,
10004159765,,,,
10009321377,,,,
10010800023,,,,
10010832860,,,,
10009329259,,,,
10006063288,,,,
10008944491,,,,
10011038681,,,,
10006903552,,,,
10009374224,,,,
10009148902,,,,
10009523461,,,,
10009684725,,,,
10010935924,,,,
10014661936,,,,
10010585007,,,,
10009084335,,,,
10006601135,,,,
10007771401,,,,
10010743540,,,,
10008544872,,,,
10010664627,,,,
10010893989,,,,
10009208819,,,,
10010732830,,,,
10007848795,,,,
10009690886,,,,
10009208920,,,,
10005109254,,,,
10009101513,,,,
10061257807,,,,
10009203058,,,,
10006583654,,,,
10007780087,,,,
10007779582,,,,
10010646843,,,,
10009724838,,,,
10010601070,,,,
10011038883,,,,
10010736365,,,,
10008701587,,,,
10009128084,,,,
10010668263,,,,
10008983796,,,,
10009208718,,,,
10009181537,,,,
10008993092,,,,
10005994277,,,,
10006319330,,,,
10009141727,,,,
10010619460,,,,
10010082728,,,,
10010887424,,,,
10009733023,,,,
10009009967,,,,
10010820332,,,,
10010853674,,,,
10006129572,,,,
10009258430,,,,
10009693314,,,,
10011068589,,,,
10009986637,,,,
10009125761,,,,
10008986931,,,,
10010928749,,,,
10010869842,,,,
10009720895,,,,
10007736742,,,,
10005377622,,,,
10005364585,,,,
10008716846,,,,
10010587229,,,,
10010585310,,,,
10010928951,,,,
10007240931,,,,
10007357028,,,,
10009034724,,,,
10008714725,,,,
10009515276,,,,
10010681296,,,,
10010589451,,,,
10004868976,,,,
10010583387,,,,
10009143545,,,,
10009516488,,,,
10011031005,,,,
10009313495,,,,
10009684321,,,,
10006111384,,,,
10010926729,,,,
10004223322,,,,
10003041942,,,,
10009142333,,,,
10010608548,,,,
10009098580,,,,
10009741410,,,,
10004614554,,,,
10009714027,,,,
10009683614,,,,
10009029771,,,,
10009671082,,,,
10009398674,,,,
10010110212,,,,
10010084041,,,,
10010838722,,,,
10010842661,,,,
10005505843,,,,
10009158501,,,,
10061318128,,,,
10010920160,,,,
10009677954,,,,
10010887121,,,,
10007234665,,,,
10009194166,,,,
10010640476,,,,
10009741713,,,,
10011052627,,,,
10010782441,,,,
10009728474,,,,
10009055740,,,,
10010649166,,,,
10007224965,,,,
10009175877,,,,
10009253679,,,,
10009159107,,,,
10011052728,,,,
10011079909,,,,
10009996842,,,,
10010846604,,,,
10010929254,,,,
10007198491,,,,
10010591875,,,,
10010088182,,,,
10010743843,,,,
10010824877,,,,
10010724544,,,,
10010586219,,,,
10010096771,,,,
10010091923,,,,
10010790626,,,,
10011073441,,,,
10006897993,,,,
10004746011,,,,
10007438769,,,,
10010583690,,,,
10008921859,,,,
10009740295,,,,
10010582377,,,,
10010649267,,,,
10009207506,,,,
10009679671,,,,
10010744045,,,,
10010640375,,,,
10007505255,,,,
10007862741,,,,
10010921675,,,,
10006317007,,,,
10010872064,,,,
10005921125,,,,
10007801309,,,,
10010937742,,,,
10010920261,,,,
10010767788,,,,
10010648964,,,,
10009531545,,,,
10006304172,,,,
10009398472,,,,
10006128865,,,,
10009084133,,,,
10010734850,,,,
10010925921,,,,
10010649065,,,,
10007961761,,,,
10007895174,,,,
10009731609,,,,
10007351772,,,,
10010780522,,,,
10009581661,,,,
10008887608,,,,
10061328737,,,,
10009509115,,,,
10010884188,,,,
10010935823,,,,
10001290585,,,,
10010861253,,,,
10010780320,,,,
10010739395,,,,
10009693516,,,,
10007899521,,,,
10010625221,,,,
10010792949,,,,
10009693112,,,,
10009044626,,,,
10010717369,,,,
10005787345,,,,
10010914504,,,,
10009991283,,,,
10010914403,,,,
10011069401,,,,
10011044038,,,,
10009580954,,,,
10010653210,,,,
10009311677,,,,
10004812796,,,,
10010676347,,,,
10010875300,,,,
10004600006,,,,
10009086456,,,,
10010924002,,,,
10010592683,,,,
10010938449,,,,
10010937944,,,,
10010832456,,,,
10009871348,,,,
10010938045,,,,
10015590106,,,,
10093556783,,,,
10096054939,,,,
10114777959,,,,
10080865042,,,,
10048891620,,,,
10064384035,,,,
10002081137,,,,
10139599754,,,,
10014365175,,,,
10140806695,,,,
10121990113,,,,
10069169367,,,,
10085096767,,,,
10046257967,,,,
10091975380,,,,
10065047271,,,,
10121113473,,,,
10029209512,,,,
10029407754,,,,
10030333193,,,,
10082985100,,,,
10136181819,,,,
10074579846,,,,
10076128210,,,,
10132494203,,,,
10052436160,,,,
10131407904,,,,
10132009809,,,,
10082543950,,,,
10021153963,,,,
10094014000,,,,
10009407869,,,,
10049100875,,,,
10119263908,,,,
10132428020,,,,
10132510872,,,,
10113653365,,,,
10030599642,,,,
10116900643,,,,
10059867976,,,,
10041991179,,,,
10061217690,,,,
10108085464,,,,
10098166408,,,,
10008997237,,,,
10133218568,,,,
10030427870,,,,
10031567319,,,,
10061210822,,,,
10094911046,,,,
10086165989,,,,
10113659934,,,,
10022037370,,,,
10059718032,,,,
10095249738,,,,
10070452801,,,,
10109215112,,,,
10099132768,,,,
10009501435,,,,
10028931848,,,,
10016636389,,,,
10122653854,,,,
10140372825,,,,
10114813628,,,,
10120245527,,,,
10140624217,,,,
10097640483,,,,
10103855456,,,,
10084438783,,,,
10096616125,,,,
10132428121,,,,
10054381820,,,,
10064718481,,,,
10099752962,,,,
10098978477,,,,
10021463656,,,,
10122775510,,,,
10131859760,,,,
10131886638,,,,
10132339710,,,,
10064397977,,,,
10092166148,,,,
10129844281,,,,
10055348180,,,,
10072342681,,,,
10096281675,,,,
10060365306,,,,
10009033714,,,,
10120826921,,,,
10043846307,,,,
10036589390,,,,
10096105661,,,,
10116409882,,,,
10120830153,,,,
10050854050,,,,
10059279007,,,,
10043796692,,,,
10092875965,,,,
10078541284,,,,
10050508486,,,,
10085000575,,,,
10066069310,,,,
10086702826,,,,
10044415169,,,,
10063978453,,,,
10059967101,,,,
10009074736,,,,
10121112059,,,,
10124634876,,,,
10045955348,,,,
10007908615,,,,
10023438315,,,,
10083549619,,,,
10050228196,,,,
10069789662,,,,
10128222058,,,,
10050941653,,,,
10034847434,,,,
10089456515,,,,
10089685473,,,,
10090353965,,,,
10081179583,,,,
10072991066,,,,
10034837532,,,,
10079351438,,,,
10089590594,,,,
10115948831,,,,
10079215941,,,,
10054265016,,,,
10086437185,,,,
10106203361,,,,
10076127907,,,,
10079704577,,,,
10014420446,,,,
10094100690,,,,
10074841443,,,,
10016213936,,,,
10015190685,,,,
10030292272,,,,
10074840837,,,,
10042291879,,,,
10030350472,,,,
10114928816,,,,
10085219029,,,,
10101946071,,,,
10108838630,,,,
10085883679,,,,
10050576386,,,,
10014575747,,,,
10060545461,,,,
10046144601,,,,
10120521066,,,,
10096340279,,,,
10065760526,,,,
10086437387,,,,
10052494461,,,,
10052874175,,,,
10036031844,,,,
10120521167,,,,
10072873959,,,,
10084524164,,,,
10022053437,,,,
10120521470,,,,
10063733529,,,,
10052878724,,,,
10118784564,,,,
10118784665,,,,
10118785069,,,,
10021130220,,,,
10097451133,,,,
10109371423,,,,
10096956130,,,,
10101140365,,,,
10009715643,,,,
10021124560,,,,
10021600264,,,,
10063226301,,,,
10082959333,,,,
10109371827,,,,
10024349408,,,,
10061653685,,,,
10011309675,,,,
10044947962,,,,
10011155889,,,,
10017858084,,,,
10008135149,,,,
10014870484,,,,
10008926408,,,,
10052294094,,,,
10016287694,,,,
10016051258,,,,
10010655937,,,,
10096620165,,,,
10016515242,,,,
10037964871,,,,
10090160975,,,,
10009731710,,,,
10096654824,,,,
10010948351,,,,
10010940469,,,,
10094292872,,,,
10015859581,,,,
10015716307,,,,
10011314729,,,,
10052308545,,,,
10096553073,,,,
10006893852,,,,
10008929539,,,,
10007832227,,,,
10052292983,,,,
10015982146,,,,
10064903185,,,,
10016540706,,,,
10015795220,,,,
10060958521,,,,
10015320223,,,,
10016569907,,,,
10096427579,,,,
10090698923,,,,
10017850913,,,,
10055055463,,,,
10007081081,,,,
10065472455,,,,
10015589294,,,,
10017848990,,,,
10007293673,,,,
10080767335,,,,
10009313293,,,,
10010878027,,,,
10086775372,,,,
10005792294,,,,
10089115601,,,,
10009189924,,,,
10011164478,,,,
10049090872,,,,
10009503455,,,,
10084425851,,,,
10009848615,,,,
10062776057,,,,
10035019913,,,,
10020948243,,,,
10021008362,,,,
10021603395,,,,
10089592012,,,,
10008981675,,,,
10015571110,,,,
10096322394,,,,
10089747111,,,,
10015787540,,,,
10021131230,,,,
10021304113,,,,
10096168713,,,,
10010726160,,,,
10021293504,,,,
10083825259,,,,
10021022914,,,,
10083826269,,,,
10072663488,,,,
10089490766,,,,
10015507149,,,,
10021349074,,,,
10015849578,,,,
10034955649,,,,
10011092538,,,,
10034976261,,,,
10050180205,,,,
10014536947,,,,
10036037201,,,,
10036080142,,,,
10008118072,,,,
10010118393,,,,
10053457892,,,,
10016301135,,,,
10023459634,,,,
10021321287,,,,
10015018008,,,,
10015330024,,,,
10002512583,,,,
10015765514,,,,
10045869866,,,,
10016439763,,,,
10017733806,,,,
10010821342,,,,
10065710814,,,,
10011158721,,,,
10002288069,,,,
10035317579,,,,
10061209105,,,,
10065962408,,,,
10015998819,,,,
10015327495,,,,
10016308916,,,,
10035327784,,,,
10016324070,,,,
10062776966,,,,
10035417411,,,,
10005865551,,,,
10074702209,,,,
10015236862,,,,
10008923273,,,,
10059714901,,,,
10034870571,,,,
10064627545,,,,
10007734520,,,,
10064903589,,,,
10083839508,,,,
10007632466,,,,
10079997702,,,,
10021627041,,,,
10010841045,,,,
10021959164,,,,
10010721514,,,,
10050672578,,,,
10008714927,,,,
10010708679,,,,
10004776626,,,,
10015912024,,,,
10010652806,,,,
10055072641,,,,
10010115565,,,,
10003301418,,,,
10007261442,,,,
10002675261,,,,
10011200046,,,,
10010778805,,,,
10015959009,,,,
10054596836,,,,
10056442664,,,,
10010806790,,,,
10014661027,,,,
10011188528,,,,
10015483002,,,,
10005730559,,,,
10010732527,,,,
10009674217,,,,
10006601640,,,,
10015825734,,,,
10063391100,,,,
10010806689,,,,
10053638354,,,,
10015982853,,,,
10011148819,,,,
10064812552,,,,
10015190887,,,,
10016149672,,,,
10045827329,,,,
10011048482,,,,
10063480420,,,,
10015707718,,,,
10010789515,,,,
10021161542,,,,
10006886576,,,,
10014798443,,,,
10036585249,,,,
10011212877,,,,
10023484993,,,,
10015323253,,,,
10020869128,,,,
10011059394,,,,
10007267102,,,,
10060861016,,,,
10006136949,,,,
10054045956,,,,
10009002186,,,,
10020925611,,,,
10020967441,,,,
10020798400,,,,
10009996741,,,,
10009021788,,,,
10008973490,,,,
10015528266,,,,
10064860244,,,,
10015979722,,,,
10014586356,,,,
10006480590,,,,
10017725924,,,,
10010877522,,,,
10010115161,,,,
10003292021,,,,
10010646641,,,,
10019206889,,,,
10011157105,,,,
10011159226,,,,
10016024885,,,,
10009362201,,,,
10013001216,,,,
10007771502,,,,
10008882655,,,,
10007786050,,,,
10015564642,,,,
10006503529,,,,
10010700393,,,,
10006410569,,,,
10006216468,,,,
10010924103,,,,
10010677155,,,,
10061306206,,,,
10061349450,,,,
10013501572,,,,
10009816178,,,,
10008701082,,,,
10022604216,,,,
10009036643,,,,
10009385540,,,,
10016314471,,,,
10015983459,,,,
10006551322,,,,
10023475903,,,,
10009816077,,,,
10010738688,,,,
10016302347,,,,
10016024784,,,,
10010173866,,,,
10015004062,,,,
10009522653,,,,
10009013304,,,,
10010858021,,,,
10009320266,,,,
10011144573,,,,
10007219713,,,,
10009211445,,,,
10009185274,,,,
10015923441,,,,
10010653614,,,,
10006647211,,,,
10016270419,,,,
10049164634,,,,
10010857415,,,,
10009313192,,,,
10007252954,,,,
10009313903,,,,
10010660987,,,,
10013786411,,,,
10009890546,,,,
10010619561,,,,
10016321545,,,,
10006714606,,,,
10010733234,,,,
10016024986,,,,
10009129401,,,,
10009253780,,,,
10015411765,,,,
10010700292,,,,
10015320930,,,,
10015319415,,,,
10050563454,,,,
10023525211,,,,
10014389528,,,,
10007051476,,,,
10061269527,,,,
10009972085,,,,
10010637951,,,,
10007188791,,,,
10009008755,,,,
10006692778,,,,
10007733308,,,,
10009147383,,,,
10008984709,,,,
10006472207,,,,
10010180738,,,,
10064653615,,,,
10009325421,,,,
10009191136,,,,
10007209508,,,,
10010871054,,,,
10006902138,,,,
10008673804,,,,
10061471207,,,,
10008915795,,,,
10006661658,,,,
10007728961,,,,
10009072817,,,,
10010591269,,,,
10010774256,,,,
10014549172,,,,
10010714238,,,,
10010921574,,,,
10008918021,,,,
10007198390,,,,
10009706852,,,,
10005605570,,,,
10007207888,,,,
10010600363,,,,
10010679983,,,,
10009178507,,,,
10004874333,,,,
10009213869,,,,
10010609457,,,,
10010737577,,,,
10009016637,,,,
10011023022,,,,
10010608043,,,,
10009862759,,,,
10007596801,,,,
10009313394,,,,
10010918039,,,,
10008933882,,,,
10008674410,,,,
10010115464,,,,
10009733427,,,,
10009712512,,,,
10002829653,,,,
10008109584,,,,
10008959750,,,,
10010718480,,,,
10008098571,,,,
10010800427,,,,
10011063640,,,,
10009740501,,,,
10009331481,,,,
10009206795,,,,
10010805376,,,,
10009523360,,,,
10010926628,,,,
10010681603,,,,
10010919958,,,,
10010888636,,,,
10010614612,,,,
10010871155,,,,
10010578741,,,,
10011030193,,,,
10009232764,,,,
10007901137,,,,
10006843231,,,,
10009181941,,,,
10009519623,,,,
10018701984,,,,
10006031966,,,,
10010085960,,,,
10010842055,,,,
10009985829,,,,
10010929355,,,,
10008928731,,,,
10010709790,,,,
10007802723,,,,
10010935621,,,,
10010583589,,,,
10009684018,,,,
10010783350,,,,
10010921978,,,,
10011077683,,,,
10002956763,,,,
10007748361,,,,
10009087062,,,,
10009532555,,,,
10010583892,,,,
10010676246,,,,
10011072532,,,,
10006300233,,,,
10015228576,,,,
10010852967,,,,
10008616614,,,,
10010592380,,,,
10010935722,,,,
10009135562,,,,
10008680672,,,,
10100630612,,,,
10086404146,,,,
10131067794,,,,
10030382606,,,,
10085954007,,,,
10045481664,,,,
10129789216,,,,
10007895780,,,,
10100633036,,,,
10112363467,,,,
10099145300,,,,
10112267982,,,,
10009868116,,,,
10006903754,,,,
10017220514,,,,
10044372632,,,,
10084788690,,,,
10011160842,,,,
10023821362,,,,
10120748917,,,,
10008535071,,,,
10007416440,,,,
10009320872,,,,
10045794488,,,,
10079381245,,,,
10008132826,,,,
10062775552,,,,
10010882370,,,,
10009736861,,,,
10072670865,,,,
10108085868,,,,
10077645046,,,,
10064562776,,,,
10064994125,,,,
10009973705,,,,
10008927014,,,,
10011126789,,,,
10062048153,,,,
10095736556,,,,
10094826473,,,,
10062935095,,,,
10055342726,,,,
10005876968,,,,
10083759581,,,,
10008973793,,,,
10070883136,,,,
10015061252,,,,
10022589664,,,,
10133218770,,,,
10063942279,,,,
10111103477,,,,
10127302982,,,,
10015869988,,,,
10009009866,,,,
10009415650,,,,
10022859345,,,,
10060813829,,,,
10052633800,,,,
10125059757,,,,
10006895569,,,,
10106944100,,,,
10058521191,,,,
10064904300,,,,
10061075628,,,,
10021889143,,,,
10064985839,,,,
10109781146,,,,
10036127127,,,,
10094472223,,,,
10125481810,,,,
10087483270,,,,
10053953808,,,,
10052414538,,,,
10107443345,,,,
10063260451,,,,
10009155972,,,,
10131567649,,,,
10064971994,,,,
10050724011,,,,
10071343581,,,,
10058975778,,,,
10041867204,,,,
10002274228,,,,
10096442838,,,,
10107396461,,,,
10045871482,,,,
10075172051,,,,
10107619157,,,,
10050305392,,,,
10107236817,,,,
10016186654,,,,
10119237232,,,,
10065069301,,,,
10123132184,,,,
10135666911,,,,
10088468428,,,,
10090538972,,,,
10045865927,,,,
10128348764,,,,
10132459241,,,,
10046142779,,,,
10049126440,,,,
10063574992,,,,
10094277415,,,,
10022031411,,,,
10023196219,,,,
10083201025,,,,
10039589926,,,,
10117561859,,,,
10075807605,,,,
10023974643,,,,
10096715347,,,,
10117666438,,,,
10104304181,,,,
10140373027,,,,
10114931644,,,,
10130659889,,,,
10016136033,,,,
10010924305,,,,
10091281428,,,,
10111610406,,,,
10016308310,,,,
10059703985,,,,
10130240769,,,,
10123473102,,,,
10080659019,,,,
10092490894,,,,
10015715091,,,,
10135667214,,,,
10055767001,,,,
10054308866,,,,
10016273146,,,,
10117765256,,,,
10091677310,,,,
10135667416,,,,
10008918627,,,,
10015476938,,,,
10117764852,,,,
10005631438,,,,
10135667517,,,,
10091068230,,,,
10095115251,,,,
10094449082,,,,
10051194560,,,,
10064873580,,,,
10010682815,,,,
10066395470,,,,
10042927029,,,,
10080841804,,,,
10023563405,,,,
10087583910,,,,
10052409181,,,,
10010826089,,,,
10095705032,,,,
10018038142,,,,
10049194845,,,,
10093574163,,,,
10023663839,,,,
10017713291,,,,
10012044653,,,,
10085950569,,,,
10055768213,,,,
10017629530,,,,
10093749672,,,,
10008667538,,,,
10021798308,,,,
10064635023,,,,
10036121669,,,,
10080990637,,,,
10003054167,,,,
10088412854,,,,
10119622202,,,,
10015110560,,,,
10116102819,,,,
10128803351,,,,
10010793050,,,,
10023884111,,,,
10017585272,,,,
10120825305,,,,
10085425961,,,,
10096738787,,,,
10017572138,,,,
10048286782,,,,
10009905300,,,,
10120979491,,,,
10094111404,,,,
10088967471,,,,
10010750816,,,,
10081552631,,,,
10065024134,,,,
10090268180,,,,
10113814528,,,,
10021748693,,,,
10051727757,,,,
10011006046,,,,
10121227247,,,,
10045796007,,,,
10064149821,,,,
10081637810,,,,
10085427981,,,,
10015583335,,,,
10089497537,,,,
10064170433,,,,
10090038414,,,,
10023953829,,,,
10015337401,,,,
10050581945,,,,
10023738914,,,,
10011136792,,,,
10015328307,,,,
10090716909,,,,
10089593931,,,,
10011138109,,,,
10090548167,,,,
10010186701,,,,
10008970965,,,,
10005932138,,,,
10049512622,,,,
10009115152,,,,
10060623970,,,,
10064275113,,,,
10036092771,,,,
10009184668,,,,
10048871917,,,,
10058579492,,,,
10035022539,,,,
10015194426,,,,
10015441370,,,,
10010176189,,,,
10010610164,,,,
10063287733,,,,
10009117475,,,,
10003999919,,,,
10010871761,,,,
10115011769,,,,
10052727766,,,,
10120768519,,,,
10058461779,,,,
10094204057,,,,
10046239173,,,,
10016735009,,,,
10039864556,,,,
10023552994,,,,
10023664445,,,,
10016789064,,,,
10040741596,,,,
10050638327,,,,
10004405501,,,,
10074703724,,,,
10077952416,,,,
10062925803,,,,
10009424744,,,,
10068962334,,,,
10093890829,,,,
10050870824,,,,
10022027266,,,,
10046240284,,,,
10056490457,,,,
10091587582,,,,
10006300132,,,,
10034789638,,,,
10011041311,,,,
10107341392,,,,
10025864123,,,,
10099546737,,,,
10010798710,,,,
10053894291,,,,
10096909145,,,,
10114928311,,,,
10053577225,,,,
10114928008,,,,
10034778019,,,,
10100830369,,,,
10050585278,,,,
10060436640,,,,
10115010456,,,,
10060861117,,,,
10034787113,,,,
10114809382,,,,
10013088112,,,,
10013667078,,,,
10021066057,,,,
10002463982,,,,
10034786709,,,,
10012576537,,,,
10091455725,,,,
10056178542,,,,
10055520053,,,,
10034800651,,,,
10094175058,,,,
10007701073,,,,
10022037168,,,,
10096724643,,,,
10010664930,,,,
10084345019,,,,
10053639061,,,,
10011139624,,,,
10053515183,,,,
10020292077,,,,
10009166581,,,,
10090414892,,,,
10011080010,,,,
10023487320,,,,
10023479135,,,,
10011139321,,,,
10009737568,,,,
10008968945,,,,
10018524657,,,,
10008936916,,,,
10009192247,,,,
10093642669,,,,
10030115147,,,,
10065401525,,,,
10050568609,,,,
10078434281,,,,
10059662862,,,,
10011146795,,,,
10015021139,,,,
10063964410,,,,
10049099259,,,,
10011040705,,,,
10006874452,,,,
10050527684,,,,
10100512491,,,,
10009033310,,,,
10034812270,,,,
10011114867,,,,
10016143208,,,,
10007499191,,,,
10078437719,,,,
10046095693,,,,
10059868380,,,,
10011172259,,,,
10050909826,,,,
10093109573,,,,
10041908428,,,,
10009084941,,,,
10062667842,,,,
10036179869,,,,
10078434584,,,,
10052416356,,,,
10082676417,,,,
10061885273,,,,
10009524875,,,,
10021576723,,,,
10083121001,,,,
10078433776,,,,
10080448649,,,,
10008662585,,,,
10064124256,,,,
10056376077,,,,
10084794855,,,,
10096367258,,,,
10010184677,,,,
10009541649,,,,
10052230844,,,,
10089623839,,,,
10008991981,,,,
10021337758,,,,
10097464267,,,,
10034779029,,,,
10035449945,,,,
10015000830,,,,
10022012011,,,,
10080138855,,,,
10074181944,,,,
10009310667,,,,
10077354753,,,,
10015768241,,,,
10035449844,,,,
10007897602,,,,
10011145280,,,,
10097464469,,,,
10076582692,,,,
10016206862,,,,
10058865543,,,,
10019266709,,,,
10078012232,,,,
10059730560,,,,
10036465314,,,,
10087328878,,,,
10089884022,,,,
10016327306,,,,
10009684927,,,,
10023961711,,,,
10055307259,,,,
10083785348,,,,
10011149930,,,,
10079618893,,,,
10089099736,,,,
10055619780,,,,
10006300940,,,,
10049502922,,,,
10096483153,,,,
10054382830,,,,
10063175777,,,,
10049775431,,,,
10086180743,,,,
10079601517,,,,
10060630539,,,,
10016298206,,,,
10015850992,,,,
10084661277,,,,
10007809995,,,,
10015483810,,,,
10011231873,,,,
10014825725,,,,
10015825936,,,,
10009364827,,,,
10007890427,,,,
10014978093,,,,
10014244432,,,,
10050163027,,,,
10010113949,,,,
10006902037,,,,
10016143107,,,,
10008530829,,,,
10070120876,,,,
10015442481,,,,
10014584538,,,,
10016092886,,,,
10010767990,,,,
10034900479,,,,
10060855457,,,,
10016542928,,,,
10011130025,,,,
10009154760,,,,
10080883432,,,,
10015350131,,,,
10016922137,,,,
10006085520,,,,
10006192826,,,,
10015856955,,,,
10016441076,,,,
10023467314,,,,
10011150536,,,,
10049095017,,,,
10072669956,,,,
10062511430,,,,
10042410303,,,,
10036109949,,,,
10036124400,,,,
10056305248,,,,
10016571725,,,,
10006693081,,,,
10063594089,,,,
10015077925,,,,
10011056869,,,,
10061863651,,,,
10066510153,,,,
10035246952,,,,
10016586273,,,,
10010798811,,,,
10079766922,,,,
10014525833,,,,
10050829293,,,,
10009968954,,,,
10043849135,,,,
10011239149,,,,
10037991749,,,,
10083488587,,,,
10064189833,,,,
10016551517,,,,
10075047769,,,,
10062142325,,,,
10009310566,,,,
10023484892,,,,
10010116676,,,,
10023550974,,,,
10083732303,,,,
10054554194,,,,
10016024178,,,,
10016525346,,,,
10054561369,,,,
10020866603,,,,
10009318751,,,,
10063375538,,,,
10074410094,,,,
10061215973,,,,
10062666125,,,,
10010687562,,,,
10010937540,,,,
10023486108,,,,
10060752801,,,,
10006001351,,,,
10015795018,,,,
10023485296,,,,
10050578006,,,,
10023458523,,,,
10084769593,,,,
10075186300,,,,
10083825865,,,,
10079686894,,,,
10063593887,,,,
10063224681,,,,
10009667547,,,,
10014519163,,,,
10064645834,,,,
10021158209,,,,
10010861051,,,,
10060474531,,,,
10083844962,,,,
10062989154,,,,
10084666331,,,,
10083844659,,,,
10066397894,,,,
10008548613,,,,
10007794942,,,,
10008906907,,,,
10088255634,,,,
10011171552,,,,
10055923817,,,,
10009735851,,,,
10011141947,,,,
10076798823,,,,
10010116878,,,,
10011146896,,,,
10076565720,,,,
10015577877,,,,
10014741455,,,,
10009715946,,,,
10010114050,,,,
10015982247,,,,
10009531444,,,,
10009413529,,,,
10009215687,,,,
10004721961,,,,
10015221102,,,,
10019151521,,,,
10016202418,,,,
10015713374,,,,
10007509602,,,,
10010183869,,,,
10010625019,,,,
10062641772,,,,
10060695005,,,,
10004748334,,,,
10014585144,,,,
10045937766,,,,
10009847807,,,,
10015442582,,,,
10007754324,,,,
10015208166,,,,
10002380524,,,,
10014587063,,,,
10016109054,,,,
10010118696,,,,
10055342827,,,,
10003301620,,,,
10056419426,,,,
10009004210,,,,
10009032805,,,,
10009033411,,,,
10009588533,,,,
10010115060,,,,
10015961635,,,,
10008663700,,,,
10010790525,,,,
10010824574,,,,
10009717360,,,,
10017297407,,,,
10010675943,,,,
10072879316,,,,
10015785520,,,,
10010204380,,,,
10015390749,,,,
10009197301,,,,
10021000682,,,,
10015197961,,,,
10009519118,,,,
10015847861,,,,
10034900378,,,,
10004521392,,,,
10008886493,,,,
10023480751,,,,
10005794924,,,,
10004595356,,,,
10015716206,,,,
10016235053,,,,
10008681177,,,,
10011151445,,,,
10062592262,,,,
10017817264,,,,
10011142654,,,,
10062594282,,,,
10009511236,,,,
10010687461,,,,
10023824190,,,,
10023876633,,,,
10015353464,,,,
10015851396,,,,
10014738728,,,,
10023969185,,,,
10010922382,,,,
10015411967,,,,
10015411664,,,,
10019299142,,,,
10015900910,,,,
10009317135,,,,
10014812486,,,,
10062892154,,,,
10023723049,,,,
10018142923,,,,
10018290847,,,,
10018795550,,,,
10061370466,,,,
10061297718,,,,
10009490927,,,,
10007765337,,,,
10006416229,,,,
10009251457,,,,
10007725931,,,,
10016126737,,,,
10009098984,,,,
10014871191,,,,
10010605720,,,,
10008938431,,,,
10010790828,,,,
10008890941,,,,
10023488229,,,,
10008988648,,,,
10006415825,,,,
10009991182,,,,
10007760081,,,,
10016208882,,,,
10010608346,,,,
10009869530,,,,
10006897286,,,,
10010672105,,,,
10061443521,,,,
10010657755,,,,
10015535744,,,,
10009136168,,,,
10010806891,,,,
10009003705,,,,
10009134855,,,,
10010657654,,,,
10007749876,,,,
10061311357,,,,
10016258089,,,,
10059187158,,,,
10009023711,,,,
10061278621,,,,
10061351066,,,,
10009517502,,,,
10009834164,,,,
10010687360,,,,
10007783323,,,,
10010880855,,,,
10009151730,,,,
10009873974,,,,
10008683908,,,,
10009350275,,,,
10010856405,,,,
10061337326,,,,
10009214879,,,,
10059186451,,,,
10010718985,,,,
10015244037,,,,
10059187259,,,,
10061383806,,,,
10007357634,,,,
10009430909,,,,
10006319229,,,,
10009224983,,,,
10015153303,,,,
10016192920,,,,
10010657856,,,,
10013709821,,,,
10009436767,,,,
10014631422,,,,
10009870742,,,,
10010610669,,,,
10010857213,,,,
10006454120,,,,
10011137200,,,,
10010591168,,,,
10010590764,,,,
10009638144,,,,
10061379055,,,,
10010771529,,,,
10007781101,,,,
10001592703,,,,
10018776251,,,,
10006596283,,,,
10014834415,,,,
10009740093,,,,
10023926749,,,,
10008940249,,,,
10016081267,,,,
10010197815,,,,
10023476509,,,,
10016007307,,,,
10011135479,,,,
10013888057,,,,
10005788052,,,,
10014740546,,,,
10061289230,,,,
10018958430,,,,
10015411866,,,,
10010938550,,,,
10023827729,,,,
10009860436,,,,
10015875042,,,,
10018688345,,,,
10015790368,,,,
10004789962,,,,
10004707110,,,,
10009351588,,,,
10009500728,,,,
10011030092,,,,
10005732882,,,,
10009854473,,,,
10007900733,,,,
10006291139,,,,
10006481196,,,,
10008855676,,,,
10004738432,,,,
10010937338,,,,
10009486580,,,,
10010699080,,,,
10009079281,,,,
10009706044,,,,
10009049575,,,,
10007274879,,,,
10010586926,,,,
10089663043,,,,
10010882269,,,,
10009363514,,,,
10007890528,,,,
10003054369,,,,
10010724443,,,,
10006499283,,,,
10007750482,,,,
10011034742,,,,
10009995428,,,,
10008932468,,,,
10010584906,,,,
10009010472,,,,
10011046563,,,,
10010937136,,,,
10009072110,,,,
10006498879,,,,
10005379844,,,,
10009502748,,,,
10006903451,,,,
10008993193,,,,
10010869943,,,,
10007290239,,,,
10008012786,,,,
10009966732,,,,
10008970763,,,,
10008669760,,,,
10011043028,,,,
10010881461,,,,
10008040573,,,,
10008817583,,,,
10011052930,,,,
10011063741,,,,
10008033402,,,,
10010722524,,,,
10010110919,,,,
10007897093,,,,
10008952979,,,,
10007815655,,,,
10007503942,,,,
10010855694,,,,
10009969055,,,,
10007750078,,,,
10006899310,,,,
10009726050,,,,
10010583791,,,,
10010923594,,,,
10010590461,,,,
10008623785,,,,
10005967403,,,,
10009831639,,,,
10004713372,,,,
10061382590,,,,
10010676650,,,,
10010933702,,,,
10002726488,,,,
10006338730,,,,
10010742934,,,,
10009740602,,,,
10007241436,,,,
10010909248,,,,
10009172342,,,,
10009021889,,,,
10009990980,,,,
10010725251,,,,
10006600024,,,,
10007503437,,,,
10010922887,,,,
10010672206,,,,
10007751694,,,,
10010933803,,,,
10009665224,,,,
10011078794,,,,
10002279985,,,,
10009713320,,,,
10010923695,,,,
10010584296,,,,
10009438888,,,,
10002450343,,,,
10009085244,,,,
10010173159,,,,
10007503134,,,,
10010580054,,,,
10009737366,,,,
10006897387,,,,
10009523966,,,,
10009032603,,,,
10010738587,,,,
10006477257,,,,
10008913371,,,,
10009516286,,,,
10004627587,,,,
10007738055,,,,
10009865587,,,,
10003096304,,,,
10010824473,,,,
10010922281,,,,
10008698759,,,,
10009717966,,,,
10009304910,,,,
10009172746,,,,
10008864871,,,,
10010923800,,,,
10011047270,,,,
10009871247,,,,
10009348053,,,,
10009166480,,,,
10011047169,,,,
10010591774,,,,
10007857182,,,,
10011032621,,,,
10010938348,,,,
10010091721,,,,
10002511674,,,,
10007756243,,,,
10008692291,,,,
10010875296,,,,
10010739803,,,,
10010938651,,,,
10010923901,,,,
10010799013,,,,
10010182051,,,,
10019037545,,,,
10050865568,,,,
10015871608,,,,
10013692037,,,,
10051225478,,,,
10015508866,,,,
10005502914,,,,
10008881948,,,,
10083092810,,,,
10083785449,,,,
10010185889,,,,
10009730191,,,,
10007900026,,,,
10022776792,,,,
10016191910,,,,
10008826374,,,,
10016485839,,,,
10010702215,,,,
10052435352,,,,
10049099461,,,,
10010994932,,,,
10051468887,,,,
10010992508,,,,
10115012072,,,,
10080529683,,,,
10006502014,,,,
10055347372,,,,
10009158295,,,,
10010653513,,,,
10054369490,,,,
10022783058,,,,
10075780222,,,,
10021323715,,,,
10007890730,,,,
10035026882,,,,
10009012900,,,,
10047303244,,,,
10009316327,,,,
10007636106,,,,
10045958075,,,,
10075185185,,,,
10062490616,,,,
10050677935,,,,
10005436731,,,,
10044069003,,,,
10086775675,,,,
10044645949,,,,
10102216055,,,,
10010858223,,,,
10009873772,,,,
10050076030,,,,
10010800831,,,,
10054827414,,,,
10021493463,,,,
10047431263,,,,
10054330286,,,,
10072876181,,,,
10085000171,,,,
10020964916,,,,
10009640063,,,,
10010171038,,,,
10035252006,,,,
10025923131,,,,
10091503316,,,,
10034799035,,,,
10045964038,,,,
10015709132,,,,
10084700784,,,,
10007198996,,,,
10019929642,,,,
10006891630,,,,
10016884751,,,,
10021521452,,,,
10064646541,,,,
10047309409,,,,
10069244038,,,,
10109841467,,,,
10089663548,,,,
10008820011,,,,
10019895185,,,,
10100631622,,,,
10064384742,,,,
10072343287,,,,
10044253404,,,,
10059931735,,,,
10049101784,,,,
10006291846,,,,
10071936695,,,,
10052763637,,,,
10011236119,,,,
10074893377,,,,
10016207367,,,,
10049091276,,,,
10009233471,,,,
10045965654,,,,
10088567448,,,,
10047443589,,,,
10073282874,,,,
10080302341,,,,
10015977395,,,,
10084644911,,,,
10016499478,,,,
10036013858,,,,
10021749505,,,,
10092490995,,,,
10101896359,,,,
10010920766,,,,
10036237059,,,,
10026519881,,,,
10081878084,,,,
10036591515,,,,
10036019013,,,,
10045957873,,,,
10019926107,,,,
10010100613,,,,
10100631319,,,,
10041175672,,,,
10009667042,,,,
10006320340,,,,
10072421089,,,,
10053587329,,,,
10051904882,,,,
10082261337,,,,
10009161228,,,,
10021464464,,,,
10009493250,,,,
10011140634,,,,
10036324258,,,,
10048438649,,,,
10009510024,,,,
10021270464,,,,
10019737763,,,,
10046031130,,,,
10051909633,,,,
10015327903,,,,
10067973136,,,,
10139942385,,,,
10096373928,,,,
10016739857,,,,
10071364395,,,,
10042535490,,,,
10034792668,,,,
10121234624,,,,
10047400547,,,,
10022212879,,,,
10010172553,,,,
10042256618,,,,
10053232368,,,,
10046098727,,,,
10095689672,,,,
10054658874,,,,
10055291596,,,,
10023453469,,,,
10054558945,,,,
10036099542,,,,
10084649456,,,,
10007175253,,,,
10009769803,,,,
10074702714,,,,
10063516186,,,,
10014106107,,,,
10009033209,,,,
10084028757,,,,
10006732588,,,,
10007949435,,,,
10015907071,,,,
10023487219,,,,
10023123467,,,,
10050949737,,,,
10006049851,,,,
10094440796,,,,
10015561915,,,,
10055238046,,,,
10048001139,,,,
10088232901,,,,
10005934360,,,,
10083425640,,,,
10036018912,,,,
10021021803,,,,
10050531425,,,,
10121701032,,,,
10049159883,,,,
10010920867,,,,
10011018675,,,,
10015509169,,,,
10036393168,,,,
10055221474,,,,
10056606150,,,,
10088487828,,,,
10009036239,,,,
10035363958,,,,
10006137858,,,,
10041176480,,,,
10063828408,,,,
10009349972,,,,
10052575293,,,,
10071607000,,,,
10021696254,,,,
10109497422,,,,
10053821745,,,,
10042426366,,,,
10008668245,,,,
10003146925,,,,
10023441042,,,,
10120022225,,,,
10079766619,,,,
10035296260,,,,
10023975653,,,,
10009822242,,,,
10009147282,,,,
10092819684,,,,
10077462665,,,,
10036072664,,,,
10089014759,,,,
10011040604,,,,
10082960545,,,,
10014889783,,,,
10077497324,,,,
10010997861,,,,
10109426589,,,,
10023400828,,,,
10014454394,,,,
10004719739,,,,
10121919078,,,,
10010824675,,,,
10014010824,,,,
10015329418,,,,
10056531378,,,,
10054667867,,,,
10009060285,,,,
10056107915,,,,
10133786828,,,,
10006290331,,,,
10131634741,,,,
10052729180,,,,
10097195394,,,,
10075807504,,,,
10056225325,,,,
10097168520,,,,
10007388855,,,,
10055956149,,,,
10048895761,,,,
10069097124,,,,
10085846600,,,,
10023053345,,,,
10044361821,,,,
10050880120,,,,
10054329680,,,,
10015833313,,,,
10083973789,,,,
10015755309,,,,
10016040447,,,,
10006284570,,,,
10014720742,,,,
10107271068,,,,
10049098754,,,,
10053551660,,,,
10072624284,,,,
10062141315,,,,
10004873121,,,,
10062325413,,,,
10023527736,,,,
10063851848,,,,
10070429357,,,,
10083073208,,,,
10118761730,,,,
10085073327,,,,
10115693294,,,,
10006879708,,,,
10118835387,,,,
10056007174,,,,
10050631051,,,,
10020087266,,,,
10080654470,,,,
10118987355,,,,
10096138094,,,,
10009531040,,,,
10007996521,,,,
10086049488,,,,
10082372279,,,,
10023967771,,,,
10115012577,,,,
10063654212,,,,
10071009438,,,,
10119528333,,,,
10010807093,,,,
10097023323,,,,
10065269159,,,,
10002358292,,,,
10115693092,,,,
10068352244,,,,
10023397188,,,,
10097366661,,,,
10047168454,,,,
10051905690,,,,
10009521441,,,,
10016052470,,,,
10035390129,,,,
10015571211,,,,
10036504215,,,,
10008789800,,,,
10079509062,,,,
10009386550,,,,
10056514911,,,,
10076203988,,,,
10010200744,,,,
10082975501,,,,
10039729665,,,,
10049033682,,,,
10050600941,,,,
10022723646,,,,
10036478650,,,,
10123469765,,,,
10020502750,,,,
10060688133,,,,
10080223529,,,,
10121919482,,,,
10017811406,,,,
10054774466,,,,
10017239207,,,,
10006407741,,,,
10120246638,,,,
10101714786,,,,
10036592626,,,,
10089471366,,,,
10073174659,,,,
10010782340,,,,
10023527837,,,,
10069918893,,,,
10121700123,,,,
10044305035,,,,
10012857635,,,,
10050604678,,,,
10023561886,,,,
10053696453,,,,
10009318953,,,,
10006891933,,,,
10109152666,,,,
10092103096,,,,
10101834018,,,,
10058461173,,,,
10082733708,,,,
10088481360,,,,
10135032670,,,,
10063966733,,,,
10101568781,,,,
10026228275,,,,
10097170742,,,,
10009134451,,,,
10044305136,,,,
10036553624,,,,
10050118163,,,,
10009528111,,,,
10050030358,,,,
10060058441,,,,
10097390711,,,,
10009565594,,,,
10009114950,,,,
10054626946,,,,
10088070829,,,,
10006483624,,,,
10037774208,,,,
10065943412,,,,
10105335415,,,,
10109415273,,,,
10136187475,,,,
10097451739,,,,
10015713172,,,,
10036500979,,,,
10135692573,,,,
10047329314,,,,
10061972674,,,,
10069038419,,,,
10009873065,,,,
10063857811,,,,
10132548864,,,,
10010827507,,,,
10075888336,,,,
10036091660,,,,
10083825966,,,,
10010202663,,,,
10094145150,,,,
10012856120,,,,
10048387018,,,,
10022081729,,,,
10064151033,,,,
10046409430,,,,
10063166582,,,,
10079997294,,,,
10030624702,,,,
10056467118,,,,
10067003439,,,,
10091526251,,,,
10121795709,,,,
10023534406,,,,
10013697188,,,,
10066333331,,,,
10131133270,,,,
10021462949,,,,
10061209610,,,,
10084699976,,,,
10122560187,,,,
10009141525,,,,
10021684534,,,,
10015766322,,,,
10064842157,,,,
10010830335,,,,
10122246353,,,,
10124898493,,,,
10087838130,,,,
10135030650,,,,
10081638315,,,,
10009652995,,,,
10055237945,,,,
10023524100,,,,
10112359932,,,,
10090838460,,,,
10115014601,,,,
10036117831,,,,
10034790951,,,,
10009258733,,,,
10124904254,,,,
10059695703,,,,
10096660278,,,,
10073851235,,,,
10071650446,,,,
10003298687,,,,
10064902882,,,,
10079996789,,,,
10051885179,,,,
10120245729,,,,
10129484472,,,,
10089838653,,,,
10047235647,,,,
10068629096,,,,
10049081273,,,,
10072044207,,,,
10065034339,,,,
10085828210,,,,
10101449755,,,,
10053810833,,,,
10008651976,,,,
10094658341,,,,
10069844125,,,,
10058750557,,,,
10036589693,,,,
10039917302,,,,
10096304917,,,,
10049079455,,,,
10049134827,,,,
10120363644,,,,
10065058789,,,,
10097927645,,,,
10011146900,,,,
10036358816,,,,
10015727522,,,,
10030701894,,,,
10067494402,,,,
10035249780,,,,
10104236180,,,,
10051903872,,,,
10135032165,,,,
10015922229,,,,
10048203122,,,,
10010100916,,,,
10020964310,,,,
10025562110,,,,
10049986609,,,,
10135439969,,,,
10048893539,,,,
10108567838,,,,
10062930853,,,,
10053810631,,,,
10089581302,,,,
10088702440,,,,
10096850440,,,,
10009252871,,,,
10004722870,,,,
10026079745,,,,
10015551912,,,,
10084612676,,,,
10081650136,,,,
10036018811,,,,
10122263026,,,,
10063226705,,,,
10060367528,,,,
10036275758,,,,
10073585190,,,,
10069309211,,,,
10055207229,,,,
10085199730,,,,
10055209754,,,,
10059000535,,,,
10087761944,,,,
10021170232,,,,
10084699673,,,,
10076574006,,,,
10054650790,,,,
10072631055,,,,
10047362050,,,,
10078794292,,,,
10082960242,,,,
10035445295,,,,
10118975736,,,,
10095816277,,,,
10072875272,,,,
10080655682,,,,
10055146100,,,,
10016202822,,,,
10079374373,,,,
10021590059,,,,
10014054573,,,,
10131776706,,,,
10006061369,,,,
10010835688,,,,
10046480562,,,,
10023932611,,,,
10078216740,,,,
10081168570,,,,
10054288961,,,,
10007509194,,,,
10011044442,,,,
10050151812,,,,
10066728809,,,,
10089404678,,,,
10135031054,,,,
10135031559,,,,
10035025771,,,,
10047373366,,,,
10009090496,,,,
10028945790,,,,
10029223353,,,,
10030615002,,,,
10065769216,,,,
10015859682,,,,
10007892447,,,,
10011335846,,,,
10064387469,,,,
10007891336,,,,
10079412264,,,,
10091972047,,,,
10105865881,,,,
10120244012,,,,
10126744426,,,,
10126744729,,,,
10127044924,,,,
10131887042,,,,
10070040044,,,,
10008661979,,,,
10009235996,,,,
10048898387,,,,
10049184640,,,,
10123457338,,,,
10058984569,,,,
10083967426,,,,
10094461816,,,,
10009251760,,,,
10076426280,,,,
10072567195,,,,
10025664867,,,,
10069019322,,,,
10071209502,,,,
10072404420,,,,
10072981568,,,,
10100631723,,,,
10001078094,,,,
10064645733,,,,
10094146160,,,,
10095305918,,,,
10096389183,,,,
10132224320,,,,
10132348396,,,,
10036503104,,,,
10009166682,,,,
10095704729,,,,
10131768420,,,,
10131768622,,,,
10034936653,,,,
10062195067,,,,
10041652790,,,,
10080054585,,,,
10015568581,,,,
10044967665,,,,
10046043254,,,,
10009991687,,,,
10050716331,,,,
10002264932,,,,
10015413684,,,,
10017587902,,,,
10015855844,,,,
10052435049,,,,
10121008692,,,,
10015956581,,,,
10039715420,,,,
10017585777,,,,
10050711479,,,,
10015978510,,,,
10002689308,,,,
10004680838,,,,
10015508967,,,,
10050627213,,,,
10061155753,,,,
10014699524,,,,
10004505531,,,,
10084010064,,,,
10008705227,,,,
10009050181,,,,
10081178169,,,,
10080214334,,,,
10041869830,,,,
10014890793,,,,
10050636711,,,,
10060037425,,,,
10005417230,,,,
10008689766,,,,
10036092468,,,,
10009492240,,,,
10036114494,,,,
10050204655,,,,
10009385742,,,,
10023351217,,,,
10016310835,,,,
10060131896,,,,
10058440662,,,,
10097342312,,,,
10081972155,,,,
10054294116,,,,
10114762195,,,,
10049191512,,,,
10076472356,,,,
10110907457,,,,
10004595558,,,,
10017564559,,,,
10050312062,,,,
10004658812,,,,
10086777901,,,,
10034952922,,,,
10064906118,,,,
10096093840,,,,
10003293233,,,,
10015327293,,,,
10004589801,,,,
10077657978,,,,
10015769150,,,,
10064294614,,,,
10010962495,,,,
10015205035,,,,
10089778130,,,,
10007898006,,,,
10015329317,,,,
10050716028,,,,
10008901853,,,,
10003950106,,,,
10063752727,,,,
10050766245,,,,
10089545330,,,,
10009499112,,,,
10106763133,,,,
10023453267,,,,
10091382266,,,,
10078433877,,,,
10034975049,,,,
10015979419,,,,
10097023929,,,,
10093370564,,,,
10041032600,,,,
10050716937,,,,
10004632944,,,,
10009674419,,,,
10089555030,,,,
10085001383,,,,
10064123852,,,,
10041619751,,,,
10017651051,,,,
10065048988,,,,
10050854151,,,,
10101807645,,,,
10107575206,,,,
10010177708,,,,
10089543209,,,,
10062738368,,,,
10014992039,,,,
10050585076,,,,
10005747939,,,,
10089545229,,,,
10083182130,,,,
10087510855,,,,
10050142617,,,,
10102135728,,,,
10015328206,,,,
10036018609,,,,
10016290425,,,,
10070377423,,,,
10044850053,,,,
10048408236,,,,
10064601273,,,,
10036048820,,,,
10076580672,,,,
10116114640,,,,
10009499415,,,,
10096588944,,,,
10023853391,,,,
10070526155,,,,
10010168412,,,,
10116087156,,,,
10107519531,,,,
10010165277,,,,
10060545865,,,,
10015265659,,,,
10080672456,,,,
10066472666,,,,
10008677541,,,,
10036065489,,,,
10044415068,,,,
10036019215,,,,
10064295927,,,,
10073754134,,,,
10089457828,,,,
10015328408,,,,
10063535990,,,,
10015820175,,,,
10019052400,,,,
10058287785,,,,
10087511360,,,,
10005885860,,,,
10009031993,,,,
10050431593,,,,
10051542750,,,,
10078982030,,,,
10101986184,,,,
10007224258,,,,
10002931606,,,,
10092823627,,,,
10050678137,,,,
10006497970,,,,
10006883344,,,,
10009118081,,,,
10006904057,,,,
10009096964,,,,
10063968652,,,,
10063727263,,,,
10035246548,,,,
10009673106,,,,
10035347588,,,,
10009513761,,,,
10060324684,,,,
10047304456,,,,
10029822026,,,,
10109512677,,,,
10036454604,,,,
10047330627,,,,
10036560088,,,,
10063110204,,,,
10003310714,,,,
10010828012,,,,
10036281923,,,,
10015998314,,,,
10036365583,,,,
10023886939,,,,
10009326431,,,,
10013841577,,,,
10035543208,,,,
10059238890,,,,
10061852840,,,,
10007448671,,,,
10052865889,,,,
10082723604,,,,
10050218395,,,,
10062931661,,,,
10002301914,,,,
10009021384,,,,
10035289590,,,,
10055514494,,,,
10004593639,,,,
10063593079,,,,
10008199312,,,,
10063107978,,,,
10009148801,,,,
10015859985,,,,
10006450076,,,,
10083951258,,,,
10009543669,,,,
10045852082,,,,
10010835789,,,,
10064369382,,,,
10009975018,,,,
10010713430,,,,
10068310414,,,,
10067207644,,,,
10087538440,,,,
10006897892,,,,
10002963130,,,,
10015709031,,,,
10069221608,,,,
10030129493,,,,
10015528771,,,,
10092786039,,,,
10049037625,,,,
10010957445,,,,
10023551277,,,,
10120362735,,,,
10064722424,,,,
10074547615,,,,
10008663801,,,,
10050535465,,,,
10096871658,,,,
10009087365,,,,
10030124544,,,,
10082153425,,,,
10035452167,,,,
10071381876,,,,
10017190505,,,,
10118971086,,,,
10050941855,,,,
10006216367,,,,
10035411751,,,,
10030151018,,,,
10085538220,,,,
10096340683,,,,
10035386691,,,,
10063780817,,,,
10015328105,,,,
10045957772,,,,
10036595858,,,,
10035032845,,,,
10026697919,,,,
10029385021,,,,
10035374062,,,,
10016154726,,,,
10042387768,,,,
10050712186,,,,
10021518321,,,,
10076588150,,,,
10010740005,,,,
10015771978,,,,
10092801193,,,,
10013725985,,,,
10021668063,,,,
10015849174,,,,
10006187873,,,,
10120544308,,,,
10052865990,,,,
10015903031,,,,
10007816160,,,,
10009707963,,,,
10070695200,,,,
10050635495,,,,
10083669049,,,,
10007161513,,,,
10023994851,,,,
10092777955,,,,
10118776581,,,,
10045737201,,,,
10072107053,,,,
10054876116,,,,
10022680503,,,,
10011156394,,,,
10082677326,,,,
10036120457,,,,
10065490946,,,,
10120544409,,,,
10015643959,,,,
10068492589,,,,
10012223192,,,,
10050719361,,,,
10021155579,,,,
10068801878,,,,
10047134708,,,,
10009311980,,,,
10044426889,,,,
10026511902,,,,
10028903960,,,,
10094448880,,,,
10059711766,,,,
10050726031,,,,
10026666900,,,,
10026265863,,,,
10054372221,,,,
10054846006,,,,
10030434843,,,,
10007080374,,,,
10064630676,,,,
10015978308,,,,
10036092569,,,,
10031492345,,,,
10084438480,,,,
10015782284,,,,
10030435045,,,,
10009511438,,,,
10016304872,,,,
10055691623,,,,
10041597321,,,,
10015266568,,,,
10021436879,,,,
10020950869,,,,
10021228533,,,,
10047248377,,,,
10014629200,,,,
10021624112,,,,
10008705025,,,,
10015564238,,,,
10065321602,,,,
10026436120,,,,
10007513036,,,,
10064419603,,,,
10010193367,,,,
10010880552,,,,
10036013555,,,,
10063327543,,,,
10014374673,,,,
10021600062,,,,
10021667962,,,,
10004628496,,,,
10006278106,,,,
10004748738,,,,
10009840531,,,,
10062644095,,,,
10014872912,,,,
10061977728,,,,
10007893760,,,,
10050281851,,,,
10009692102,,,,
10014630008,,,,
10047170272,,,,
10010169523,,,,
10058578684,,,,
10011161953,,,,
10009047959,,,,
10062609743,,,,
10006895266,,,,
10010656644,,,,
10010589350,,,,
10011134873,,,,
10009762022,,,,
10045952823,,,,
10062738671,,,,
10009225589,,,,
10051373810,,,,
10006288008,,,,
10036119144,,,,
10010783956,,,,
10007896588,,,,
10007199202,,,,
10022706468,,,,
10040756148,,,,
10004780565,,,,
10010771327,,,,
10072875474,,,,
10005408742,,,,
10003011529,,,,
10046010518,,,,
10010167907,,,,
10009016031,,,,
10023867842,,,,
10015998920,,,,
10010176900,,,,
10011233994,,,,
10023895528,,,,
10015320324,,,,
10042291980,,,,
10016087028,,,,
10004738331,,,,
10009148494,,,,
10023917958,,,,
10009987445,,,,
10009977846,,,,
10005878079,,,,
10002746393,,,,
10009484257,,,,
10007754223,,,,
10009380587,,,,
10036161681,,,,
10008787271,,,,
10004555849,,,,
10034813684,,,,
10052853361,,,,
10051354511,,,,
10015875143,,,,
10043810537,,,,
10003046487,,,,
10009498203,,,,
10015327596,,,,
10053731112,,,,
10006330444,,,,
10084661883,,,,
10044418405,,,,
10050311759,,,,
10021427179,,,,
10008667336,,,,
10016520595,,,,
10010580660,,,,
10017854549,,,,
10003333548,,,,
10074405347,,,,
10015390951,,,,
10010992811,,,,
10014858865,,,,
10060058946,,,,
10009993812,,,,
10003035474,,,,
10063679672,,,,
10072670057,,,,
10016193122,,,,
10083441404,,,,
10035348400,,,,
10008930852,,,,
10006795438,,,,
10100632632,,,,
10011186811,,,,
10051905589,,,,
10036588683,,,,
10063680278,,,,
10021742431,,,,
10039861829,,,,
10058552921,,,,
10007210114,,,,
10015220088,,,,
10059186552,,,,
10053205591,,,,
10072670966,,,,
10021431425,,,,
10015795826,,,,
10015796230,,,,
10052179314,,,,
10006003371,,,,
10007507376,,,,
10009531848,,,,
10062593676,,,,
10009831538,,,,
10003333851,,,,
10004759751,,,,
10054989785,,,,
10009331582,,,,
10045954742,,,,
10070508674,,,,
10007812625,,,,
10084950560,,,,
10010745358,,,,
10015004567,,,,
10009826484,,,,
10007296707,,,,
10046331224,,,,
10036119043,,,,
10009768688,,,,
10027379141,,,,
10063953090,,,,
10007172324,,,,
10006501206,,,,
10010737274,,,,
10092462000,,,,
10007219410,,,,
10005519785,,,,
10039724615,,,,
10006113913,,,,
10004714685,,,,
10021426876,,,,
10007896992,,,,
10002510967,,,,
10008736044,,,,
10009710993,,,,
10036440759,,,,
10062662485,,,,
10015571413,,,,
10009835881,,,,
10015338613,,,,
10045958378,,,,
10007804036,,,,
10063281871,,,,
10005497961,,,,
10013822985,,,,
10007604477,,,,
10055348079,,,,
10040568414,,,,
10094938126,,,,
10016080661,,,,
10003202903,,,,
10060018025,,,,
10072797874,,,,
10006897084,,,,
10047299103,,,,
10011167007,,,,
10050004793,,,,
10015904849,,,,
10050084316,,,,
10016106226,,,,
10063769194,,,,
10026020838,,,,
10084434844,,,,
10060617506,,,,
10010856809,,,,
10021676349,,,,
10060017823,,,,
10029962977,,,,
10048203930,,,,
10010085051,,,,
10010172755,,,,
10010771630,,,,
10084645012,,,,
10029926100,,,,
10008881140,,,,
10084156877,,,,
10007898713,,,,
10016282745,,,,
10059297494,,,,
10035349915,,,,
10023527029,,,,
10016145228,,,,
10051244272,,,,
10006240013,,,,
10009194772,,,,
10051472224,,,,
10045374560,,,,
10089470154,,,,
10054594412,,,,
10009026539,,,,
10060044293,,,,
10089974251,,,,
10022749413,,,,
10010791737,,,,
10009229936,,,,
10011003622,,,,
10007242042,,,,
10015202510,,,,
10004714382,,,,
10085042207,,,,
10041726653,,,,
10053915311,,,,
10062115851,,,,
10016104812,,,,
10047209476,,,,
10013765391,,,,
10023487421,,,,
10011073542,,,,
10008017335,,,,
10015390850,,,,
10054669887,,,,
10072341570,,,,
10059648516,,,,
10014394275,,,,
10045601805,,,,
10014441361,,,,
10086002305,,,,
10015727926,,,,
10045957671,,,,
10010924810,,,,
10060614674,,,,
10016276984,,,,
10040407756,,,,
10034917253,,,,
10006412690,,,,
10007294380,,,,
10047358313,,,,
10095119089,,,,
10097461237,,,,
10060680352,,,,
10014167741,,,,
10054822158,,,,
10059187663,,,,
10041037953,,,,
10009330976,,,,
10013902104,,,,
10010879643,,,,
10022443760,,,,
10009172847,,,,
10025100752,,,,
10045960095,,,,
10096469918,,,,
10059849687,,,,
10039893757,,,,
10015850083,,,,
10064419805,,,,
10016094102,,,,
10006107344,,,,
10053975733,,,,
10014842495,,,,
10009823050,,,,
10060885062,,,,
10045959590,,,,
10059272438,,,,
10090050942,,,,
10065275627,,,,
10021519533,,,,
10023524201,,,,
10008653592,,,,
10054671406,,,,
10011202773,,,,
10015326384,,,,
10015674675,,,,
10011240664,,,,
10056297164,,,,
10034912203,,,,
10021423947,,,,
10034938875,,,,
10014850579,,,,
10051728060,,,,
10036174718,,,,
10010169927,,,,
10092461390,,,,
10045528447,,,,
10015314361,,,,
10010087475,,,,
10015460770,,,,
10010173361,,,,
10023403050,,,,
10049190805,,,,
10015390143,,,,
10034943626,,,,
10035554019,,,,
10020807389,,,,
10008855878,,,,
10090072665,,,,
10022841460,,,,
10034909674,,,,
10015390345,,,,
10008129489,,,,
10071514747,,,,
10011202571,,,,
10034988082,,,,
10035264837,,,,
10009495068,,,,
10015765817,,,,
10035567557,,,,
10080927686,,,,
10039597404,,,,
10046614241,,,,
10056220069,,,,
10016209084,,,,
10023348587,,,,
10064644319,,,,
10096480022,,,,
10056032941,,,,
10010133551,,,,
10039907501,,,,
10051457672,,,,
10010782643,,,,
10058759348,,,,
10034972524,,,,
10021002908,,,,
10080715805,,,,
10003096001,,,,
10022065258,,,,
10034909775,,,,
10005390352,,,,
10009492846,,,,
10029859816,,,,
10029861028,,,,
10015019927,,,,
10035519764,,,,
10062699265,,,,
10064280062,,,,
10011071926,,,,
10008927418,,,,
10011135681,,,,
10011202975,,,,
10015144310,,,,
10016281432,,,,
10020925813,,,,
10021180740,,,,
10021305123,,,,
10021316641,,,,
10021577531,,,,
10064189934,,,,
10094647025,,,,
10034925438,,,,
10062449893,,,,
10015375086,,,,
10049099057,,,,
10079997803,,,,
10080054888,,,,
10015312240,,,,
10015571615,,,,
10005631640,,,,
10010102734,,,,
10009258632,,,,
10015849073,,,,
10005504227,,,,
10006895064,,,,
10063803651,,,,
10007680865,,,,
10009173756,,,,
10015652649,,,,
10016193930,,,,
10052018050,,,,
10055222888,,,,
10050672881,,,,
10007737449,,,,
10060059249,,,,
10008696941,,,,
10010188519,,,,
10011147001,,,,
10006896680,,,,
10016095011,,,,
10005965884,,,,
10009517603,,,,
10015958605,,,,
10014942630,,,,
10060901432,,,,
10009869732,,,,
10014458640,,,,
10008764134,,,,
10008001369,,,,
10009035027,,,,
10015325677,,,,
10011018574,,,,
10012279069,,,,
10016234952,,,,
10015340027,,,,
10008687140,,,,
10015329923,,,,
10077911188,,,,
10003048915,,,,
10049091579,,,,
10012489237,,,,
10006893044,,,,
10011005440,,,,
10050714109,,,,
10004739442,,,,
10006477560,,,,
10073722105,,,,
10015126728,,,,
10009369978,,,,
10003388617,,,,
10062076445,,,,
10009403324,,,,
10015358720,,,,
10015559689,,,,
10023485502,,,,
10073282773,,,,
10008732206,,,,
10015334670,,,,
10050238708,,,,
10010984020,,,,
10009639457,,,,
10007769377,,,,
10014802483,,,,
10009717865,,,,
10009713219,,,,
10009193863,,,,
10009324411,,,,
10041040377,,,,
10063954205,,,,
10076567841,,,,
10015332145,,,,
10015563127,,,,
10010747883,,,,
10007895073,,,,
10009165773,,,,
10006713289,,,,
10016097233,,,,
10050196773,,,,
10009380486,,,,
10009739386,,,,
10052570647,,,,
10016793613,,,,
10009968752,,,,
10034841572,,,,
10009871045,,,,
10083545676,,,,
10009088880,,,,
10009500627,,,,
10015467844,,,,
10002885328,,,,
10010916524,,,,
10006384200,,,,
10080047414,,,,
10005430667,,,,
10014950613,,,,
10009724333,,,,
10010958758,,,,
10015723983,,,,
10010916423,,,,
10042493357,,,,
10006476752,,,,
10014548768,,,,
10014936465,,,,
10008758979,,,,
10004779656,,,,
10005671450,,,,
10004520887,,,,
10013217949,,,,
10036466930,,,,
10008950050,,,,
10009801024,,,,
10013683852,,,,
10016206660,,,,
10014562512,,,,
10016129060,,,,
10008960053,,,,
10011146391,,,,
10006892034,,,,
10015686500,,,,
10014525631,,,,
10060119469,,,,
10015350333,,,,
10016103802,,,,
10005982456,,,,
10009691492,,,,
10015710041,,,,
10050431290,,,,
10008962881,,,,
10065433655,,,,
10091211508,,,,
10025583025,,,,
10028302560,,,,
10056555226,,,,
10009532757,,,,
10044275127,,,,
10015331943,,,,
10036495424,,,,
10072035315,,,,
10015330731,,,,
10058857964,,,,
10021040896,,,,
10009691900,,,,
10014681740,,,,
10009696142,,,,
10044042327,,,,
10042392721,,,,
10010118595,,,,
10009353713,,,,
10023847432,,,,
10010606932,,,,
10059019632,,,,
10008821829,,,,
10009531949,,,,
10010170129,,,,
10045652931,,,,
10010589249,,,,
10016123404,,,,
10007735530,,,,
10016193728,,,,
10010677660,,,,
10064296331,,,,
10005852922,,,,
10016305781,,,,
10015322849,,,,
10015713475,,,,
10007962973,,,,
10022817111,,,,
10009346538,,,,
10034944535,,,,
10007906389,,,,
10025561403,,,,
10062266203,,,,
10087747901,,,,
10010791333,,,,
10015828259,,,,
10002694055,,,,
10015092978,,,,
10055805902,,,,
10016413794,,,,
10007517480,,,,
10014400036,,,,
10005974473,,,,
10009043919,,,,
10013395175,,,,
10016130979,,,,
10015922128,,,,
10005979022,,,,
10004680636,,,,
10021351805,,,,
10034906240,,,,
10016301640,,,,
10016203024,,,,
10015565147,,,,
10010660381,,,,
10083826067,,,,
10005876160,,,,
10016277085,,,,
10024628280,,,,
10052014010,,,,
10004880700,,,,
10023274223,,,,
10036116114,,,,
10010859637,,,,
10008737357,,,,
10010956637,,,,
10008010463,,,,
10015175733,,,,
10015690237,,,,
10016133609,,,,
10022863385,,,,
10010184879,,,,
10010115262,,,,
10013927766,,,,
10009041996,,,,
10018661265,,,,
10023906137,,,,
10048892327,,,,
10015083177,,,,
10003166022,,,,
10009318145,,,,
10053684935,,,,
10036435002,,,,
10021519634,,,,
10016130070,,,,
10019197900,,,,
10021519735,,,,
10019253874,,,,
10021427078,,,,
10064189732,,,,
10020814766,,,,
10021609055,,,,
10011135883,,,,
10009871752,,,,
10007899016,,,,
10009049777,,,,
10077469436,,,,
10024133378,,,,
10059699339,,,,
10036582623,,,,
10040452216,,,,
10022194388,,,,
10014936768,,,,
10016536157,,,,
10016531814,,,,
10035418522,,,,
10056182582,,,,
10053238230,,,,
10015976688,,,,
10001575929,,,,
10046633439,,,,
10047318907,,,,
10070052774,,,,
10050678036,,,,
10061156864,,,,
10050678238,,,,
10060097342,,,,
10055056372,,,,
10056182784,,,,
10010647045,,,,
10015565248,,,,
10055037174,,,,
10009159713,,,,
10010823867,,,,
10055349089,,,,
10055220565,,,,
10011147304,,,,
10086777695,,,,
10082024695,,,,
10008731495,,,,
10080052868,,,,
10062665216,,,,
10012590883,,,,
10009190025,,,,
10015635471,,,,
10007744220,,,,
10077250982,,,,
10015830279,,,,
10016150379,,,,
10009087668,,,,
10008178801,,,,
10004740755,,,,
10054727077,,,,
10029673391,,,,
10010178011,,,,
10007388754,,,,
10015528670,,,,
10007182832,,,,
10015652750,,,,
10025919693,,,,
10054068891,,,,
10073619243,,,,
10008710580,,,,
10006481907,,,,
10004711453,,,,
10007985003,,,,
10006428050,,,,
10007732500,,,,
10015584749,,,,
10010172250,,,,
10009976129,,,,
10009703115,,,,
10010794161,,,,
10014257061,,,,
10014384373,,,,
10006720262,,,,
10015525539,,,,
10062006727,,,,
10007004188,,,,
10010844277,,,,
10009684624,,,,
10015974971,,,,
10014871801,,,,
10054588045,,,,
10010747075,,,,
10009201543,,,,
10010656038,,,,
10010915413,,,,
10007502730,,,,
10009161127,,,,
10010176290,,,,
10008696840,,,,
10007200515,,,,
10009847403,,,,
10008711489,,,,
10062827890,,,,
10004609908,,,,
10010593491,,,,
10015001335,,,,
10006714505,,,,
10010653917,,,,
10009046545,,,,
10007518288,,,,
10009864779,,,,
10010592481,,,,
10013921504,,,,
10056606251,,,,
10063896005,,,,
10010922483,,,,
10007732601,,,,
10064151235,,,,
10009016233,,,,
10015652548,,,,
10050174141,,,,
10003241093,,,,
10004547361,,,,
10007749775,,,,
10009048363,,,,
10008986426,,,,
10015992149,,,,
10062004202,,,,
10009159915,,,,
10004503107,,,,
10008826273,,,,
10006376419,,,,
10007742402,,,,
10009974715,,,,
10009910350,,,,
10056424678,,,,
10006266988,,,,
10010584401,,,,
10003308993,,,,
10007752001,,,,
10009732619,,,,
10055201872,,,,
10009741006,,,,
10010806992,,,,
10008679965,,,,
10009720693,,,,
10010115363,,,,
10006488573,,,,
10015982752,,,,
10063895803,,,,
10009723929,,,,
10057795008,,,,
10006408852,,,,
10010933904,,,,
10009817289,,,,
10060104820,,,,
10015329822,,,,
10014457933,,,,
10013985764,,,,
10015483406,,,,
10010083334,,,,
10006267796,,,,
10015571312,,,,
10064740814,,,,
10009714532,,,,
10016034383,,,,
10055525006,,,,
10005354582,,,,
10062397252,,,,
10009674318,,,,
10005793106,,,,
10010784057,,,,
10003643443,,,,
10003301822,,,,
10014551600,,,,
10023528241,,,,
10015477847,,,,
10010880754,,,,
10005503217,,,,
10005495335,,,,
10063653000,,,,
10009161733,,,,
10011167310,,,,
10036756213,,,,
10036585451,,,,
10007894366,,,,
10011189033,,,,
10006268204,,,,
10035515926,,,,
10005875251,,,,
10009524067,,,,
10009123438,,,,
10012837225,,,,
10015266063,,,,
10010807396,,,,
10008633485,,,,
10008944794,,,,
10011124466,,,,
10016003263,,,,
10058674472,,,,
10053792847,,,,
10009369877,,,,
10050032075,,,,
10016594357,,,,
10006894155,,,,
10010838823,,,,
10063896207,,,,
10011134065,,,,
10010167705,,,,
10009853362,,,,
10009212657,,,,
10006879001,,,,
10007502932,,,,
10062609642,,,,
10006597394,,,,
10014681639,,,,
10014389124,,,,
10015426014,,,,
10060030957,,,,
10064670284,,,,
10010182758,,,,
10002170962,,,,
10015580608,,,,
10007755334,,,,
10065265826,,,,
10009795162,,,,
10063652996,,,,
10065419814,,,,
10009817188,,,,
10035065581,,,,
10010172452,,,,
10009532959,,,,
10071596892,,,,
10011143058,,,,
10016139871,,,,
10015998415,,,,
10010726665,,,,
10014871696,,,,
10044450131,,,,
10004458344,,,,
10009836083,,,,
10002934737,,,,
10062984710,,,,
10009033108,,,,
10020811332,,,,
10011166300,,,,
10009878826,,,,
10015684173,,,,
10008855979,,,,
10009992701,,,,
10044254414,,,,
10015391254,,,,
10051908522,,,,
10010861354,,,,
10006897589,,,,
10009126973,,,,
10020950465,,,,
10050636509,,,,
10008689564,,,,
10016295475,,,,
10009123640,,,,
10010169422,,,,
10010084344,,,,
10010935116,,,,
10008011170,,,,
10034771046,,,,
10014386191,,,,
10009531646,,,,
10021499931,,,,
10021305325,,,,
10013970004,,,,
10035531787,,,,
10021598648,,,,
10010922180,,,,
10016023875,,,,
10049091680,,,,
10064740713,,,,
10010876007,,,,
10010877320,,,,
10007199101,,,,
10015718125,,,,
10042434955,,,,
10011231974,,,,
10005509479,,,,
10023470849,,,,
10010677862,,,,
10014681841,,,,
10062664307,,,,
10045480755,,,,
10013859260,,,,
10015765918,,,,
10010770822,,,,
10015522610,,,,
10009032401,,,,
10008708661,,,,
10049173425,,,,
10010182556,,,,
10015860187,,,,
10046003949,,,,
10008983291,,,,
10015856551,,,,
10014407009,,,,
10003240992,,,,
10009332592,,,,
10005442589,,,,
10004521291,,,,
10015082874,,,,
10035247053,,,,
10021108796,,,,
10049089963,,,,
10009860335,,,,
10008983695,,,,
10003292324,,,,
10003181378,,,,
10005969019,,,,
10009690987,,,,
10050677632,,,,
10007809793,,,,
10009432424,,,,
10009734942,,,,
10007230322,,,,
10008197389,,,,
10010173563,,,,
10007896285,,,,
10005483716,,,,
10007898915,,,,
10015536249,,,,
10014489558,,,,
10009595405,,,,
10010820938,,,,
10010653816,,,,
10006895670,,,,
10004713473,,,,
10007505356,,,,
10007741590,,,,
10061393001,,,,
10011208635,,,,
10010165984,,,,
10009178608,,,,
10015983358,,,,
10009139303,,,,
10006726225,,,,
10008865881,,,,
10007360462,,,,
10009673207,,,,
10003245642,,,,
10079277575,,,,
10006137656,,,,
10007767963,,,,
10009002489,,,,
10016303054,,,,
10006903047,,,,
10009704024,,,,
10011207524,,,,
10016130474,,,,
10006896478,,,,
10014146624,,,,
10010821443,,,,
10004594043,,,,
10016262941,,,,
10010776983,,,,
10007946809,,,,
10009002792,,,,
10009836487,,,,
10009323094,,,,
10003035676,,,,
10010088788,,,,
10008696436,,,,
10011155485,,,,
10008937522,,,,
10015992048,,,,
10009500829,,,,
10009523663,,,,
10009014314,,,,
10009163753,,,,
10004657802,,,,
10007234261,,,,
10016128757,,,,
10010963206,,,,
10009074635,,,,
10009490523,,,,
10007357937,,,,
10009014516,,,,
10016301539,,,,
10009854776,,,,
10008712503,,,,
10015150875,,,,
10009322185,,,,
10014615254,,,,
10015031243,,,,
10008932569,,,,
10008009958,,,,
10010114353,,,,
10010738890,,,,
10007275788,,,,
10010088081,,,,
10061276702,,,,
10009813047,,,,
10009828306,,,,
10061280035,,,,
10016044588,,,,
10023480953,,,,
10010962293,,,,
10009494159,,,,
10045668085,,,,
10007052587,,,,
10061349248,,,,
10015992250,,,,
10009003301,,,,
10009148191,,,,
10015339724,,,,
10016298812,,,,
10016264759,,,,
10016138356,,,,
10010171240,,,,
10014724681,,,,
10010916322,,,,
10010875704,,,,
10009337141,,,,
10014206642,,,,
10015236660,,,,
10011140331,,,,
10004872717,,,,
10010658159,,,,
10008698052,,,,
10012104873,,,,
10007080172,,,,
10009523562,,,,
10016311542,,,,
10013830766,,,,
10015971840,,,,
10015509270,,,,
10016306286,,,,
10015973052,,,,
10015992351,,,,
10005713078,,,,
10009148700,,,,
10022863284,,,,
10010738991,,,,
10016138255,,,,
10008983901,,,,
10018131708,,,,
10016096122,,,,
10045481462,,,,
10010173260,,,,
10007055419,,,,
10014481171,,,,
10007360664,,,,
10010920463,,,,
10007907100,,,,
10010719793,,,,
10010092226,,,,
10010719692,,,,
10010184071,,,,
10052433635,,,,
10012438414,,,,
10010607841,,,,
10007049456,,,,
10015455619,,,,
10010604609,,,,
10004813204,,,,
10007357331,,,,
10005986294,,,,
10009976533,,,,
10010754250,,,,
10012940386,,,,
10004593437,,,,
10010865293,,,,
10010195791,,,,
10061382792,,,,
10015972547,,,,
10001478323,,,,
10009677146,,,,
10019240942,,,,
10010170735,,,,
10018676524,,,,
10015785924,,,,
10018055421,,,,
10019059470,,,,
10018091288,,,,
10019456059,,,,
10014516537,,,,
10011401423,,,,
10019319855,,,,
10009013607,,,,
10015786934,,,,
10023922103,,,,
10017934068,,,,
10019378257,,,,
10018226482,,,,
10019171224,,,,
10010632089,,,,
10008914886,,,,
10016144016,,,,
10047420250,,,,
10011356559,,,,
10009677651,,,,
10023460038,,,,
10023551176,,,,
10006582240,,,,
10007759879,,,,
10014949300,,,,
10010204279,,,,
10005692769,,,,
10016305478,,,,
10061336922,,,,
10008016628,,,,
10016023572,,,,
10016023673,,,,
10016023774,,,,
10006178981,,,,
10006717333,,,,
10005922034,,,,
10005736825,,,,
10007240527,,,,
10007501922,,,,
10006322461,,,,
10003253322,,,,
10004792891,,,,
10007229918,,,,
10009136572,,,,
10008899833,,,,
10002733158,,,,
10008995116,,,,
10008629142,,,,
10005343165,,,,
10089627778,,,,
10009706448,,,,
10003202600,,,,
10062591959,,,,
10009115556,,,,
10004720042,,,,
10009201442,,,,
10006547884,,,,
10007461203,,,,
10005742178,,,,
10008191834,,,,
10007508790,,,,
10003349211,,,,
10010936025,,,,
10002452161,,,,
10009774954,,,,
10003166729,,,,
10008943178,,,,
10009669062,,,,
10061440285,,,,
10003042043,,,,
10009814562,,,,
10006696923,,,,
10010743944,,,,
10008955811,,,,
10008969753,,,,
10010717672,,,,
10008634394,,,,
10008979857,,,,
10009125862,,,,
10007234463,,,,
10009194570,,,,
10003223010,,,,
10005480985,,,,
10007821012,,,,
10011080414,,,,
10004709938,,,,
10010676751,,,,
10007729163,,,,
10007731284,,,,
10011069502,,,,
10006918407,,,,
10006879102,,,,
10010163661,,,,
10009727262,,,,
10010915312,,,,
10009834669,,,,
10007252045,,,,
10010096670,,,,
10007891841,,,,
10006481402,,,,
10009487590,,,,
10010683926,,,,
10010599454,,,,
10008984406,,,,
10061405529,,,,
10013879165,,,,
10009490119,,,,
10009322690,,,,
10009514266,,,,
10010848119,,,,
10011170643,,,,
10011170744,,,,
10010578438,,,,
10010917231,,,,
10010917332,,,,
10010917433,,,,
10010917534,,,,
10007809894,,,,
10011045856,,,,
10011051516,,,,
10008939441,,,,
10008967834,,,,
10010718884,,,,
10007734015,,,,
10009681691,,,,
10009498809,,,,
10009523764,,,,
10009385641,,,,
10011051617,,,,
10009084840,,,,
10010856304,,,,
10010920059,,,,
10009014011,,,,
10009363413,,,,
10008665619,,,,
10010604710,,,,
10011045048,,,,
10007874158,,,,
10010176492,,,,
10010872367,,,,
10006632558,,,,
10009495775,,,,
10007897501,,,,
10010919756,,,,
10010921776,,,,
10009213768,,,,
10009818101,,,,
10009049373,,,,
10010872569,,,,
10005763396,,,,
10009495573,,,,
10009709579,,,,
10009709882,,,,
10009724131,,,,
10007896083,,,,
10011056061,,,,
10011030294,,,,
10008942269,,,,
10009791324,,,,
10009855281,,,,
10009087163,,,,
10005441276,,,,
10009990879,,,,
10010089394,,,,
10009348457,,,,
10011045755,,,,
10010921877,,,,
10009577217,,,,
10009867409,,,,
10010639466,,,,
10011079606,,,,
10007890225,,,,
10010091822,,,,
10010922079,,,,
10010588239,,,,
10007891740,,,,
10010661694,,,,
10007265684,,,,
10011055455,,,,
10007223450,,,,
10008910745,,,,
10008928327,,,,
10010084142,,,,
10006800488,,,,
10010165479,,,,
10009338656,,,,
10009321680,,,,
10009431010,,,,
10011025850,,,,
10010607134,,,,
10009349568,,,,
10010579347,,,,
10006179688,,,,
10008977029,,,,
10009684826,,,,
10009737770,,,,
10009737871,,,,
10010589552,,,,
10009037855,,,,
10009226603,,,,
10009676237,,,,
10010578236,,,,
10004786629,,,,
10007237796,,,,
10008905994,,,,
10010722019,,,,
10004720446,,,,
10007528796,,,,
10009230441,,,,
10009860739,,,,
10010839732,,,,
10061253662,,,,
10114232941,,,,
10087537834,,,,
10030566401,,,,
10030162738,,,,
10086591981,,,,
10099104880,,,,
10055293418,,,,
10100390536,,,,
10015268891,,,,
10010745156,,,,
10023704356,,,,
10111419436,,,,
10084699572,,,,
10051903165,,,,
10079221904,,,,
10008597315,,,,
10035373355,,,,
10065535406,,,,
10006407337,,,,
10094612669,,,,
10014867555,,,,
10132000210,,,,
10007758061,,,,
10009383217,,,,
10075938654,,,,
10007974087,,,,
10100095896,,,,
10052858617,,,,
10009014415,,,,
10097664129,,,,
10121919381,,,,
10083590035,,,,
10010647348,,,,
10122187951,,,,
10014929900,,,,
10089581504,,,,
10010175078,,,,
10016128555,,,,
10002480655,,,,
10059641341,,,,
10059233941,,,,
10093607206,,,,
10072420988,,,,
10111080037,,,,
10049043988,,,,
10035339811,,,,
10058403781,,,,
10012221778,,,,
10056549465,,,,
10040407958,,,,
10023442254,,,,
10135523734,,,,
10107620874,,,,
10035459645,,,,
10063777177,,,,
10064420512,,,,
10022831558,,,,
10029276196,,,,
10079225944,,,,
10040733112,,,,
10035327986,,,,
10067251090,,,,
10081173927,,,,
10090836541,,,,
10096121930,,,,
10070430872,,,,
10108300177,,,,
10007295996,,,,
10022817414,,,,
10064096671,,,,
10071544453,,,,
10080650329,,,,
10071521619,,,,
10035456009,,,,
10117766468,,,,
10101727621,,,,
10104304282,,,,
10087773765,,,,
10014238671,,,,
10070807859,,,,
10119081224,,,,
10080286981,,,,
10081910218,,,,
10015241916,,,,
10007994905,,,,
10030079175,,,,
10062060782,,,,
10076700207,,,,
10079372050,,,,
10106971378,,,,
10018666824,,,,
10019010869,,,,
10019339457,,,,
10086691712,,,,
10093679954,,,,
10109960901,,,,
10110087607,,,,
10120407494,,,,
10122622835,,,,
10123115515,,,,
10065825800,,,,
10066969184,,,,
10131575632,,,,
10119992923,,,,
10014882006,,,,
10085536604,,,,
10131639589,,,,
10105150408,,,,
10079275050,,,,
10022692627,,,,
10004798248,,,,
10101710241,,,,
10023337170,,,,
10104384815,,,,
10090680432,,,,
10005634771,,,,
10092467757,,,,
10109681924,,,,
10005444108,,,,
10112003355,,,,
10083093012,,,,
10022681311,,,,
10091528473,,,,
10014500773,,,,
10065282293,,,,
10054790331,,,,
10046131564,,,,
10007743109,,,,
10016283856,,,,
10084499411,,,,
10120263210,,,,
10050230725,,,,
10015920108,,,,
10009432323,,,,
10055306451,,,,
10011886524,,,,
10052434948,,,,
10120543803,,,,
10045848850,,,,
10065715460,,,,
10119837622,,,,
10009998761,,,,
10076742138,,,,
10035343043,,,,
10120543702,,,,
10092084407,,,,
10030325719,,,,
10120543904,,,,
10030250139,,,,
10035411044,,,,
10014475414,,,,
10036104592,,,,
10038051060,,,,
10084250746,,,,
10096811842,,,,
10065728695,,,,
10014525025,,,,
10030334207,,,,
10079567363,,,,
10002057087,,,,
10028862534,,,,
10107036652,,,,
10036037605,,,,
10007909322,,,,
10014586255,,,,
10060599520,,,,
10062141416,,,,
10052265095,,,,
10015331842,,,,
10008919031,,,,
10005990136,,,,
10089240182,,,,
10010178415,,,,
10035271911,,,,
10048200189,,,,
10009570143,,,,
10009310061,,,,
10010795070,,,,
10016009327,,,,
10053800022,,,,
10008656323,,,,
10083745538,,,,
10006987418,,,,
10050237896,,,,
10015281524,,,,
10064645935,,,,
10050531021,,,,
10014991837,,,,
10009324714,,,,
10067246848,,,,
10050089164,,,,
10007156762,,,,
10050227388,,,,
10006492112,,,,
10049864448,,,,
10010163055,,,,
10014385585,,,,
10008088568,,,,
10015543828,,,,
10011160236,,,,
10010992609,,,,
10051434838,,,,
10023977370,,,,
10056107410,,,,
10005473915,,,,
10021954114,,,,
10052081708,,,,
10014918378,,,,
10036365179,,,,
10007185660,,,,
10023858950,,,,
10016518575,,,,
10034993439,,,,
10015726108,,,,
10007791508,,,,
10023673034,,,,
10023881885,,,,
10052090394,,,,
10053192659,,,,
10018181117,,,,
10060981557,,,,
10011045553,,,,
10009696950,,,,
10035450147,,,,
10007692989,,,,
10008916203,,,,
10009716350,,,,
10076388591,,,,
10001479333,,,,
10008884776,,,,
10009225185,,,,
10015256969,,,,
10002895533,,,,
10087536016,,,,
10006656406,,,,
10008919738,,,,
10009680378,,,,
10016337814,,,,
10015350030,,,,
10007893457,,,,
10035541588,,,,
10009574486,,,,
10008990971,,,,
10008683605,,,,
10010587431,,,,
10006903148,,,,
10015508765,,,,
10055945742,,,,
10006895367,,,,
10023963529,,,,
10055119929,,,,
10016106327,,,,
10005454212,,,,
10083138377,,,,
10013406895,,,,
10051715633,,,,
10014328500,,,,
10015877567,,,,
10064646440,,,,
10060097443,,,,
10007773421,,,,
10061155652,,,,
10015979318,,,,
10020790619,,,,
10060120782,,,,
10016111377,,,,
10016221313,,,,
10085180027,,,,
10016132700,,,,
10005584150,,,,
10002992331,,,,
10009486378,,,,
10040991271,,,,
10023870771,,,,
10077500960,,,,
10023708703,,,,
10023860263,,,,
10016233336,,,,
10023833183,,,,
10023831668,,,,
10021932892,,,,
10034975756,,,,
10010168008,,,,
10014015167,,,,
10056169448,,,,
10078816524,,,,
10078808238,,,,
10007997228,,,,
10006286590,,,,
10035340922,,,,
10014796625,,,,
10064767991,,,,
10034894621,,,,
10002510563,,,,
10002722347,,,,
10016300529,,,,
10034940289,,,,
10005574349,,,,
10012591287,,,,
10012448417,,,,
10067682338,,,,
10076263909,,,,
10016297495,,,,
10015764605,,,,
10006303667,,,,
10005601429,,,,
10006494132,,,,
10067661221,,,,
10004563327,,,,
10005973059,,,,
10008666528,,,,
10006717232,,,,
10010879744,,,,
10062645008,,,,
10009210233,,,,
10015145219,,,,
10009353612,,,,
10009080594,,,,
10002836626,,,,
10006884455,,,,
10003036686,,,,
10009352396,,,,
10007207989,,,,
10009671890,,,,
10008649249,,,,
10001462155,,,,
10064754554,,,,
10003330114,,,,
10007209407,,,,
10064741218,,,,
10023528140,,,,
10006587391,,,,
10008681379,,,,
10015979924,,,,
10009978553,,,,
10010179526,,,,
10023467213,,,,
10013562095,,,,
10022722030,,,,
10044603210,,,,
10007891134,,,,
10015247875,,,,
10005877069,,,,
10064740915,,,,
10016095920,,,,
10015907475,,,,
10015391052,,,,
10035270392,,,,
10064741016,,,,
10010781633,,,,
10009002287,,,,
10051519310,,,,
10009500223,,,,
10007063604,,,,
10006570015,,,,
10015397520,,,,
10006569813,,,,
10015506139,,,,
10011239654,,,,
10004592730,,,,
10006581735,,,,
10014813294,,,,
10010166994,,,,
10015710142,,,,
10023466708,,,,
10006064302,,,,
10004778141,,,,
10049511511,,,,
10064137390,,,,
10015067922,,,,
10062701487,,,,
10009156073,,,,
10009212253,,,,
10010871963,,,,
10015244441,,,,
10063688867,,,,
10010835991,,,,
10015538774,,,,
10004718123,,,,
10053825381,,,,
10015571817,,,,
10009993711,,,,
10010672711,,,,
10007909625,,,,
10023458321,,,,
10007988942,,,,
10008975009,,,,
10004522507,,,,
10065462957,,,,
10006253450,,,,
10023527635,,,,
10004174014,,,,
10016034181,,,,
10014972538,,,,
10006644783,,,,
10034980507,,,,
10050983180,,,,
10015321132,,,,
10010180536,,,,
10010753745,,,,
10015958504,,,,
10009047353,,,,
10015958706,,,,
10007947112,,,,
10007766347,,,,
10002264023,,,,
10008930347,,,,
10008635408,,,,
10006480388,,,,
10008697648,,,,
10061297011,,,,
10007224056,,,,
10006479782,,,,
10007897905,,,,
10007256590,,,,
10006633871,,,,
10010774054,,,,
10007293269,,,,
10004819264,,,,
10009516589,,,,
10002696782,,,,
10006079153,,,,
10003206741,,,,
10079277979,,,,
10004880191,,,,
10052265604,,,,
10009095954,,,,
10005797247,,,,
10009719380,,,,
10008951363,,,,
10003300004,,,,
10001072943,,,,
10015505028,,,,
10009317034,,,,
10005865248,,,,
10006466850,,,,
10061230626,,,,
10061278419,,,,
10016101475,,,,
10010180637,,,,
10002735178,,,,
10010086364,,,,
10010002300,,,,
10061392593,,,,
10050421792,,,,
10009228118,,,,
10007499494,,,,
10010958657,,,,
10013927362,,,,
10009004513,,,,
10061382994,,,,
10010794060,,,,
10002751346,,,,
10010723938,,,,
10011022820,,,,
10007728153,,,,
10050321459,,,,
10009087870,,,,
10009967944,,,,
10009046747,,,,
10006074204,,,,
10008712402,,,,
10007966613,,,,
10012345656,,,,
10049192724,,,,
10008907917,,,,
10009993408,,,,
10009817087,,,,
10007065119,,,,
10015912226,,,,
10006467961,,,,
10061384008,,,,
10008959043,,,,
10016563136,,,,
10015242118,,,,
10015957591,,,,
10010109707,,,,
10004776121,,,,
10028417041,,,,
10004404790,,,,
10016101071,,,,
10008704621,,,,
10015007803,,,,
10006472712,,,,
10007523140,,,,
10014168650,,,,
10007894164,,,,
10009178305,,,,
10009868520,,,,
10016193021,,,,
10011142149,,,,
10006067332,,,,
10006556069,,,,
10007582350,,,,
10010199633,,,,
10011024234,,,,
10009371800,,,,
10009638043,,,,
10003267769,,,,
10009488806,,,,
10004572118,,,,
10009497391,,,,
10009376850,,,,
10016138558,,,,
10005430768,,,,
10008818900,,,,
10014704877,,,,
10010965630,,,,
10009689876,,,,
10016328215,,,,
10009010270,,,,
10009495472,,,,
10002318886,,,,
10010807602,,,,
10009508509,,,,
10007795043,,,,
10005597688,,,,
10005825135,,,,
10016015084,,,,
10007504649,,,,
10009547915,,,,
10008657434,,,,
10014021938,,,,
10013788633,,,,
10029574573,,,,
10010753139,,,,
10016208781,,,,
10016208680,,,,
10009974816,,,,
10014068923,,,,
10006423303,,,,
10015411563,,,,
10010787289,,,,
10061319946,,,,
10007774128,,,,
10010174674,,,,
10011207827,,,,
10011207928,,,,
10011209544,,,,
10004572825,,,,
10009890445,,,,
10015958807,,,,
10006903855,,,,
10011990190,,,,
10008960861,,,,
10010791636,,,,
10016323868,,,,
10009635013,,,,
10010991292,,,,
10016135629,,,,
10011168320,,,,
10009140313,,,,
10044727286,,,,
10007707844,,,,
10010129309,,,,
10015850588,,,,
10061355312,,,,
10009435858,,,,
10010894595,,,,
10009994216,,,,
10009994317,,,,
10009994923,,,,
10009722111,,,,
10009735245,,,,
10061420885,,,,
10005575359,,,,
10007776451,,,,
10010172048,,,,
10010861657,,,,
10006097341,,,,
10006600630,,,,
10009696344,,,,
10010174876,,,,
10061471308,,,,
10008856686,,,,
10009808296,,,,
10009860840,,,,
10010723837,,,,
10010079189,,,,
10010927840,,,,
10016220808,,,,
10004707918,,,,
10009986031,,,,
10006484533,,,,
10002444986,,,,
10002748821,,,,
10007229817,,,,
10008885079,,,,
10009037552,,,,
10010112939,,,,
10011171451,,,,
10011138614,,,,
10008995015,,,,
10048838470,,,,
10061468577,,,,
10015185130,,,,
10001544708,,,,
10004716507,,,,
10002071841,,,,
10009502546,,,,
10003253221,,,,
10009577318,,,,
10010092428,,,,
10010854280,,,,
10010089293,,,,
10006415623,,,,
10006661355,,,,
10010581165,,,,
10009503152,,,,
10008904782,,,,
10007457664,,,,
10009505475,,,,
10006656608,,,,
10001442250,,,,
10010590865,,,,
10007264876,,,,
10009415751,,,,
10004872313,,,,
10006303465,,,,
10009134754,,,,
10008926206,,,,
10061467062,,,,
10008976625,,,,
10007250328,,,,
10010108794,,,,
10010094145,,,,
10010608245,,,,
10006893145,,,,
10008976221,,,,
10010618147,,,,
10006146245,,,,
10010839429,,,,
10009144858,,,,
10011072431,,,,
10051337535,,,,
10009189015,,,,
10008200019,,,,
10008982988,,,,
10006646302,,,,
10002522081,,,,
10009688765,,,,
10061473328,,,,
10009501334,,,,
10009189823,,,,
10003203812,,,,
10009190429,,,,
10006586684,,,,
10009306223,,,,
10006360352,,,,
10004749546,,,,
10010795878,,,,
10005826347,,,,
10007750583,,,,
10010163560,,,,
10009104543,,,,
10009503253,,,,
10014020928,,,,
10005511200,,,,
10004595457,,,,
10006384196,,,,
10009993509,,,,
10011045351,,,,
10009234784,,,,
10011078491,,,,
10009117172,,,,
10009793142,,,,
10009072211,,,,
10009402011,,,,
10009147585,,,,
10007502528,,,,
10002244623,,,,
10010882168,,,,
10003035777,,,,
10004780464,,,,
10006555867,,,,
10001580171,,,,
10009055134,,,,
10010618248,,,,
10009701701,,,,
10005961238,,,,
10008109281,,,,
10003388516,,,,
10005787749,,,,
10009055437,,,,
10007297111,,,,
10009739689,,,,
10010783249,,,,
10010083435,,,,
10004508157,,,,
10009571961,,,,
10009231047,,,,
10009740194,,,,
10007524857,,,,
10009211647,,,,
10009774449,,,,
10009157790,,,,
10010872771,,,,
10004808352,,,,
10007750179,,,,
10061396839,,,,
10010002805,,,,
10007749977,,,,
10007890629,,,,
10006481301,,,,
10009716653,,,,
10009330572,,,,
10009147888,,,,
10007771195,,,,
10010089495,,,,
10010092529,,,,
10006327818,,,,
10009193964,,,,
10009259642,,,,
10006605276,,,,
10034915637,,,,
10010586724,,,,
10011038782,,,,
10003172688,,,,
10010088485,,,,
10010097983,,,,
10007790696,,,,
10009201341,,,,
10009007846,,,,
10009512246,,,,
10010605215,,,,
10008986325,,,,
10010787188,,,,
10074846695,,,,
10009319660,,,,
10010657553,,,,
10009104442,,,,
10009494058,,,,
10001465387,,,,
10007051577,,,,
10008997540,,,,
10006466749,,,,
10010980784,,,,
10008692800,,,,
10010741722,,,,
10011031611,,,,
10011045957,,,,
10011046260,,,,
10008659252,,,,
10010739496,,,,
10061404822,,,,
10006303869,,,,
10006988731,,,,
10009739083,,,,
10009871146,,,,
10008968541,,,,
10009030882,,,,
10009031690,,,,
10009226296,,,,
10009238727,,,,
10009723424,,,,
10010929759,,,,
10009301775,,,,
10006522525,,,,
10009035128,,,,
10009400593,,,,
10088683646,,,,
10111998204,,,,
10080143505,,,,
10006032168,,,,
10123467442,,,,
10109357881,,,,
10127200932,,,,
10069353263,,,,
10016351655,,,,
10007225975,,,,
10054329579,,,,
10066511062,,,,
10107619561,,,,
10114777656,,,,
10006898704,,,,
10111052957,,,,
10092095824,,,,
10064947948,,,,
10044354141,,,,
10095244179,,,,
10082761996,,,,
10096909044,,,,
10135695809,,,,
10107618147,,,,
10053692009,,,,
10123479667,,,,
10050949333,,,,
10108608254,,,,
10065049594,,,,
10089579884,,,,
10052888222,,,,
10012876328,,,,
10135696819,,,,
10014569885,,,,
10053237321,,,,
10007524049,,,,
10133201491,,,,
10056225628,,,,
10135697324,,,,
10106858921,,,,
10106829518,,,,
10107621076,,,,
10059705706,,,,
10092837771,,,,
10009678863,,,,
10097382223,,,,
10035359918,,,,
10133198562,,,,
10023827830,,,,
10121916048,,,,
10009518512,,,,
10096386355,,,,
10003477937,,,,
10050564565,,,,
10017925681,,,,
10082577595,,,,
10096731212,,,,
10131726586,,,,
10067790553,,,,
10115010759,,,,
10016105923,,,,
10084085139,,,,
10079375282,,,,
10085000474,,,,
10077454581,,,,
10049194441,,,,
10023236534,,,,
10023500555,,,,
10050525563,,,,
10011112140,,,,
10027206662,,,,
10060898095,,,,
10063642993,,,,
10008714018,,,,
10049713591,,,,
10077652726,,,,
10007216073,,,,
10083112917,,,,
10045824703,,,,
10096811539,,,,
10021014022,,,,
10011856515,,,,
10016292243,,,,
10083922764,,,,
10080715603,,,,
10063226402,,,,
10011099006,,,,
10062526988,,,,
10064300876,,,,
10068351739,,,,
10084061800,,,,
10095826280,,,,
10078258671,,,,
10109372130,,,,
10096779207,,,,
10097390408,,,,
10109554208,,,,
10089593830,,,,
10097382324,,,,
10085025332,,,,
10092323368,,,,
10030672390,,,,
10087309983,,,,
10109373342,,,,
10053904500,,,,
10030102215,,,,
10014684871,,,,
10067207745,,,,
10034963935,,,,
10072676929,,,,
10056058102,,,,
10016572129,,,,
10001091333,,,,
10048522414,,,,
10016152504,,,,
10002462770,,,,
10015763692,,,,
10051337838,,,,
10013900888,,,,
10064236515,,,,
10006480691,,,,
10023501363,,,,
10006479681,,,,
10014569986,,,,
10040902557,,,,
10006082183,,,,
10015909495,,,,
10053538526,,,,
10045776506,,,,
10050080575,,,,
10097389394,,,,
10050077040,,,,
10097390509,,,,
10071589115,,,,
10097390610,,,,
10011543788,,,,
10083861736,,,,
10025451063,,,,
10011475181,,,,
10049864347,,,,
10064124155,,,,
10014375380,,,,
10023924729,,,,
10075477805,,,,
10080753793,,,,
10014186434,,,,
10095105652,,,,
10023527332,,,,
10010597838,,,,
10015332852,,,,
10035371941,,,,
10014628489,,,,
10060600530,,,,
10045801562,,,,
10060058643,,,,
10060575672,,,,
10005067626,,,,
10008687746,,,,
10013394569,,,,
10050432203,,,,
10062738469,,,,
10054808014,,,,
10077621707,,,,
10072878811,,,,
10007293370,,,,
10063593281,,,,
10006453918,,,,
10021708378,,,,
10004503915,,,,
10015605361,,,,
10015032758,,,,
10023893104,,,,
10019414229,,,,
10009368867,,,,
10077992832,,,,
10008940653,,,,
10050432910,,,,
10014676686,,,,
10015860389,,,,
10011164882,,,,
10009520128,,,,
10034869157,,,,
10010735557,,,,
10075184579,,,,
10009502445,,,,
10025569887,,,,
10010003209,,,,
10026096216,,,,
10015871103,,,,
10079277676,,,,
10008011069,,,,
10073673807,,,,
10063465767,,,,
10010163257,,,,
10021426068,,,,
10010791434,,,,
10009340878,,,,
10023543500,,,,
10010184374,,,,
10053129308,,,,
10052274492,,,,
10010807194,,,,
10010934409,,,,
10009857002,,,,
10011202167,,,,
10071486253,,,,
10010784158,,,,
10036586966,,,,
10010773650,,,,
10009532454,,,,
10009211344,,,,
10064741117,,,,
10011154374,,,,
10013688906,,,,
10015391153,,,,
10009667345,,,,
10071486556,,,,
10010167095,,,,
10023945947,,,,
10011172158,,,,
10015527963,,,,
10015146431,,,,
10010700090,,,,
10009637235,,,,
10023502777,,,,
10007079970,,,,
10014016177,,,,
10061260635,,,,
10005897378,,,,
10009987142,,,,
10005961339,,,,
10016282644,,,,
10009629858,,,,
10009027953,,,,
10010675236,,,,
10009501637,,,,
10009067561,,,,
10014432974,,,,
10011207625,,,,
10002165003,,,,
10061348844,,,,
10015372662,,,,
10015972345,,,,
10010962903,,,,
10016220707,,,,
10014045984,,,,
10015643656,,,,
10006501307,,,,
10007764125,,,,
10007052385,,,,
10014615759,,,,
10018110789,,,,
10011140735,,,,
10005826751,,,,
10009865688,,,,
10015145017,,,,
10010173462,,,,
10015971739,,,,
10016209185,,,,
10010179728,,,,
10009730090,,,,
10009485368,,,,
10052786269,,,,
10023899164,,,,
10010187711,,,,
10010188317,,,,
10009158905,,,,
10053242068,,,,
10015265962,,,,
10061301556,,,,
10012305644,,,,
10015966685,,,,
10015971537,,,,
10015972951,,,,
10015973153,,,,
10015063070,,,,
10016082176,,,,
10061249218,,,,
10061349854,,,,
10061350056,,,,
10061350157,,,,
10011142957,,,,
10008936411,,,,
10015386709,,,,
10006072180,,,,
10008719876,,,,
10014681942,,,,
10003048814,,,,
10011206312,,,,
10007229514,,,,
10008660969,,,,
10009639356,,,,
10050196672,,,,
10010182253,,,,
10008713715,,,,
10002675059,,,,
10008951161,,,,
10005474420,,,,
10049183832,,,,
10007407144,,,,
10002442865,,,,
10007052486,,,,
10009671385,,,,
10006059652,,,,
10003378210,,,,
10010746166,,,,
10005969928,,,,
10010828214,,,,
10005415816,,,,
10010934106,,,,
10010639163,,,,
10010930668,,,,
10008961063,,,,
10004713978,,,,
10007846573,,,,
10010820534,,,,
10010820635,,,,
10010643914,,,,
10010083233,,,,
10005626384,,,,
10006307711,,,,
10010736264,,,,
10010195185,,,,
10010736870,,,,
10010833163,,,,
10010745762,,,,
10009158703,,,,
10010741621,,,,
10009352905,,,,
10009303593,,,,
10009592674,,,,
10010588643,,,,
10009212152,,,,
10009818202,,,,
10008735539,,,,
10010839631,,,,
10010586320,,,,
10006885263,,,,
10006843130,,,,
10004625567,,,,
10007723002,,,,
10008942673,,,,
10009693213,,,,
10011032520,,,,
10002998694,,,,
10010099906,,,,
10009988657,,,,
10010091519,,,,
10008970561,,,,
10010660078,,,,
10010861152,,,,
10009332996,,,,
10010659977,,,,
10010690794,,,,
10010856506,,,,
10010897023,,,,
10010820736,,,,
10010820837,,,,
10010821039,,,,
10008967733,,,,
10007809288,,,,
10007062893,,,,
10010681502,,,,
10006271133,,,,
10010173058,,,,
10002234620,,,,
10007950041,,,,
10010584300,,,,
10061264877,,,,
10005885557,,,,
10007808177,,,,
10009689068,,,,
10010926527,,,,
10005527364,,,,
10009228421,,,,
10010919857,,,,
10010816591,,,,
10010838520,,,,
10010838621,,,,
10009253376,,,,
10009531242,,,,
10010639668,,,,
10010639769,,,,
10010676145,,,,
10010676549,,,,
10010689279,,,,
10010934813,,,,
10010935419,,,,
10061405630,,,,
10009164056,,,,
10065356257,,,,
10085846394,,,,
10051964803,,,,
10052570344,,,,
10036143392,,,,
10036120962,,,,
10090353460,,,,
10010130218,,,,
10066000905,,,,
10097862573,,,,
10036589087,,,,
10049073391,,,,
10130394252,,,,
10020071102,,,,
10077005755,,,,
10016784923,,,,
10130136190,,,,
10010996144,,,,
10009895394,,,,
10097163163,,,,
10045822780,,,,
10119469527,,,,
10050444428,,,,
10006999239,,,,
10079996991,,,,
10064275820,,,,
10062667034,,,,
10107635022,,,,
10034787214,,,,
10010828416,,,,
10050712691,,,,
10016202317,,,,
10005675692,,,,
10083992987,,,,
10082957818,,,,
10117388875,,,,
10054150838,,,,
10083975712,,,,
10050585682,,,,
10097451840,,,,
10093142717,,,,
10008683100,,,,
10137037540,,,,
10016323464,,,,
10105199009,,,,
10011002208,,,,
10066831364,,,,
10114489989,,,,
10008520927,,,,
10016242834,,,,
10074586415,,,,
10060749767,,,,
10085061405,,,,
10078824911,,,,
10015332246,,,,
10017629025,,,,
10093538090,,,,
10080080554,,,,
10082545970,,,,
10096318253,,,,
10115010860,,,,
10120781249,,,,
10092878894,,,,
10023235019,,,,
10120703447,,,,
10003726396,,,,
10096750208,,,,
10123469866,,,,
10053564592,,,,
10114912446,,,,
10064294311,,,,
10096553275,,,,
10123469967,,,,
10123470068,,,,
10084013195,,,,
10086778002,,,,
10048858880,,,,
10016178065,,,,
10062662990,,,,
10007388350,,,,
10113649224,,,,
10083861130,,,,
10016027111,,,,
10009738275,,,,
10109632010,,,,
10107557725,,,,
10035348905,,,,
10041027647,,,,
10097407885,,,,
10047307991,,,,
10021406163,,,,
10010196094,,,,
10096485981,,,,
10011415163,,,,
10114945081,,,,
10096874991,,,,
10008977635,,,,
10058818255,,,,
10058821184,,,,
10050585379,,,,
10015794412,,,,
10050535869,,,,
10021042011,,,,
10120544005,,,,
10079044270,,,,
10052886808,,,,
10025170369,,,,
10111754387,,,,
10050618220,,,,
10002461659,,,,
10050731687,,,,
10064295523,,,,
10035361130,,,,
10006468870,,,,
10089837643,,,,
10096589045,,,,
10062122319,,,,
10006600428,,,,
10008653996,,,,
10007897396,,,,
10010100209,,,,
10028363184,,,,
10023346466,,,,
10063375336,,,,
10014617375,,,,
10015595762,,,,
10009671789,,,,
10087834086,,,,
10061709966,,,,
10008880938,,,,
10036110050,,,,
10011232580,,,,
10083931353,,,,
10035417613,,,,
10021493665,,,,
10060471602,,,,
10074822144,,,,
10084276513,,,,
10005795227,,,,
10055722642,,,,
10060012870,,,,
10011136994,,,,
10048854941,,,,
10009225286,,,,
10015971941,,,,
10064358268,,,,
10050716432,,,,
10021860144,,,,
10004707009,,,,
10080933649,,,,
10017730267,,,,
10084791017,,,,
10007124733,,,,
10060875766,,,,
10084477987,,,,
10050431492,,,,
10046072859,,,,
10009992293,,,,
10018937818,,,,
10010805477,,,,
10009700283,,,,
10012780035,,,,
10007397444,,,,
10044202678,,,,
10082672373,,,,
10013907861,,,,
10010736163,,,,
10012730828,,,,
10007517985,,,,
10007079566,,,,
10007998339,,,,
10045970607,,,,
10020944607,,,,
10023855718,,,,
10063952080,,,,
10068246756,,,,
10064297543,,,,
10068246857,,,,
10038897586,,,,
10034894722,,,,
10066470444,,,,
10006656002,,,,
10084276614,,,,
10076572689,,,,
10084276715,,,,
10078907157,,,,
10084276816,,,,
10052359166,,,,
10018983385,,,,
10022002513,,,,
10008002278,,,,
10014250795,,,,
10008019153,,,,
10006808673,,,,
10054589863,,,,
10011462653,,,,
10010087172,,,,
10015853117,,,,
10009200129,,,,
10015084591,,,,
10006693283,,,,
10011106682,,,,
10063593988,,,,
10059042567,,,,
10054046057,,,,
10060815243,,,,
10004488959,,,,
10006156955,,,,
10020860741,,,,
10011267845,,,,
10023466405,,,,
10021314217,,,,
10016208579,,,,
10021151842,,,,
10021553077,,,,
10007766953,,,,
10064190540,,,,
10005873534,,,,
10020970269,,,,
10019321774,,,,
10021162249,,,,
10021486187,,,,
10009367453,,,,
10010862768,,,,
10064647248,,,,
10010855900,,,,
10018595789,,,,
10061647423,,,,
10060921135,,,,
10050563555,,,,
10012755581,,,,
10019119892,,,,
10018838390,,,,
10050677531,,,,
10009979866,,,,
10009369170,,,,
10008611863,,,,
10015907374,,,,
10013497532,,,,
10050431900,,,,
10013896242,,,,
10006897791,,,,
10014676282,,,,
10006661961,,,,
10011189134,,,,
10061349551,,,,
10061350864,,,,
10015409341,,,,
10015304358,,,,
10007351368,,,,
10014576151,,,,
10007331463,,,,
10016202519,,,,
10061349046,,,,
10015280413,,,,
10061350965,,,,
10012747905,,,,
10016202721,,,,
10023459735,,,,
10016202923,,,,
10015103486,,,,
10023459836,,,,
10014674363,,,,
10010178213,,,,
10014590093,,,,
10010871862,,,,
10011219244,,,,
10009682301,,,,
10007222440,,,,
10003234831,,,,
10006291442,,,,
10009639255,,,,
10008664508,,,,
10009688462,,,,
10009854069,,,,
10006209701,,,,
10009418276,,,,
10009403728,,,,
10004635267,,,,
10074404034,,,,
10010941479,,,,
10002496924,,,,
10010590663,,,,
10003097314,,,,
10008672083,,,,
10010102330,,,,
10011044644,,,,
10010843065,,,,
10010726362,,,,
10009816279,,,,
10007900531,,,,
10009670274,,,,
10010100815,,,,
10009451016,,,,
10002671928,,,,
10010875401,,,,
10009330370,,,,
10009669567,,,,
10010871660,,,,
10009378769,,,,
10009049676,,,,
10010108491,,,,
10010681401,,,,
10061260130,,,,
10009252770,,,,
10007894063,,,,
10010088889,,,,
10010823665,,,,
10009717764,,,,
10010094549,,,,
10009680984,,,,
10010174270,,,,
10010094347,,,,
10010663617,,,,
10097304118,,,,
10063788796,,,,
10136187576,,,,
10136223750,,,,
10041873870,,,,
10119338373,,,,
10030436560,,,,
10136187273,,,,
10136187374,,,,
10021956538,,,,
10048545753,,,,
10064571567,,,,
10121685066,,,,
10084439793,,,,
10097464974,,,,
10046259381,,,,
10014661431,,,,
10051158386,,,,
10079475417,,,,
10048319522,,,,
10045891993,,,,
10062245385,,,,
10105984103,,,,
10063078878,,,,
10049097845,,,,
10053240149,,,,
10023053648,,,,
10023345355,,,,
10140372926,,,,
10005999937,,,,
10021596224,,,,
10023269775,,,,
10119893394,,,,
10119895620,,,,
10122225943,,,,
10047280309,,,,
10047280410,,,,
10036180374,,,,
10050165350,,,,
10055144379,,,,
10119080315,,,,
10023365765,,,,
10107664930,,,,
10009000772,,,,
10030546189,,,,
10002603119,,,,
10008657939,,,,
10036399838,,,,
10022843177,,,,
10096371706,,,,
10071865159,,,,
10119336454,,,,
10036389431,,,,
10023434675,,,,
10122230286,,,,
10075236214,,,,
10106636528,,,,
10037633152,,,,
10065031309,,,,
10007490707,,,,
10083963685,,,,
10014474505,,,,
10062121511,,,,
10076166909,,,,
10056169650,,,,
10056297467,,,,
10083966416,,,,
10064902983,,,,
10113649931,,,,
10121699012,,,,
10072068758,,,,
10050764124,,,,
10071588812,,,,
10034764881,,,,
10096278039,,,,
10064566214,,,,
10088070425,,,,
10008928529,,,,
10049075920,,,,
10039893959,,,,
10007685212,,,,
10067298075,,,,
10071485849,,,,
10122245040,,,,
10007360563,,,,
10023543496,,,,
10119528030,,,,
10083966719,,,,
10122230993,,,,
10048382368,,,,
10122230387,,,,
10122258982,,,,
10120207838,,,,
10122244232,,,,
10036124396,,,,
10062702093,,,,
10062604184,,,,
10084791421,,,,
10051727858,,,,
10005966288,,,,
10036128238,,,,
10015339623,,,,
10045965755,,,,
10062603780,,,,
10036559987,,,,
10003246955,,,,
10095119594,,,,
10009764749,,,,
10017850408,,,,
10022161753,,,,
10023485906,,,,
10062076647,,,,
10066165296,,,,
10005506651,,,,
10064984223,,,,
10041177692,,,,
10005511196,,,,
10015349828,,,,
10021812149,,,,
10011018473,,,,
10035036986,,,,
10008017032,,,,
10050075828,,,,
10064905714,,,,
10005669733,,,,
10014943135,,,,
10045991926,,,,
10022052730,,,,
10023880774,,,,
10038051363,,,,
10097464570,,,,
10097464671,,,,
10015357609,,,,
10011239452,,,,
10023484387,,,,
10097464873,,,,
10104207383,,,,
10036034268,,,,
10043796288,,,,
10097465075,,,,
10016031757,,,,
10083845164,,,,
10097465176,,,,
10097465277,,,,
10015141478,,,,
10015322243,,,,
10086304015,,,,
10021305628,,,,
10021466181,,,,
10016157049,,,,
10023838540,,,,
10023844705,,,,
10036361846,,,,
10007809490,,,,
10004879787,,,,
10023527231,,,,
10045919982,,,,
10064756372,,,,
10064757584,,,,
10050219005,,,,
10050229816,,,,
10016212118,,,,
10059509682,,,,
10002227445,,,,
10014661633,,,,
10019430696,,,,
10064782038,,,,
10023481559,,,,
10006281338,,,,
10062593474,,,,
10021264202,,,,
10055344241,,,,
10009977240,,,,
10015321233,,,,
10015325273,,,,
10082894564,,,,
10072342580,,,,
10083338946,,,,
10016012761,,,,
10021597739,,,,
10069790066,,,,
10002840565,,,,
10015325475,,,,
10015599806,,,,
10061340962,,,,
10080979321,,,,
10010934005,,,,
10004442984,,,,
10013315858,,,,
10020916416,,,,
10014836536,,,,
10020894689,,,,
10034794890,,,,
10068508151,,,,
10053457084,,,,
10018483231,,,,
10065060207,,,,
10010656745,,,,
10114876373,,,,
10075988871,,,,
10078984454,,,,
10133201390,,,,
10018143630,,,,
10108209443,,,,
10121685571,,,,
10112820781,,,,
10108209140,,,,
10069732371,,,,
10119743854,,,,
10064155679,,,,
10121659101,,,,
10023323733,,,,
10063781019,,,,
10034778827,,,,
10056178037,,,,
10140624419,,,,
10071237689,,,,
10067469140,,,,
10064273796,,,,
10096374332,,,,
10095104440,,,,
10121700325,,,,
10022699192,,,,
10023283115,,,,
10089789648,,,,
10053232671,,,,
10021444357,,,,
10095825573,,,,
10015528367,,,,
10015171184,,,,
10009040279,,,,
10075047668,,,,
10015442077,,,,
10010171442,,,,
10010579448,,,,
10010644015,,,,
10010169624,,,,
10010652196,,,,
10066161458,,,,
10020981585,,,,
10009233370,,,,
10058497650,,,,
10011157206,,,,
10010714137,,,,
10014699726,,,,
10010775973,,,,
10007618524,,,,
10006904461,,,,
10004616877,,,,
10007793326,,,,
10009134956,,,,
10053771225,,,,
10009118990,,,,
10020784353,,,,
10016235255,,,,
10082509796,,,,
10036279596,,,,
10006669439,,,,
10047201594,,,,
10010798003,,,,
10129788913,,,,
10016111983,,,,
10075826193,,,,
10021769713,,,,
10053232065,,,,
10080656490,,,,
10010028770,,,,
10097290475,,,,
10010098589,,,,
10009840733,,,,
10009008856,,,,
10063745855,,,,
10004875747,,,,
10020982696,,,,
10009727767,,,,
10119724252,,,,
10083968537,,,,
10015578382,,,,
10045952924,,,,
10064452743,,,,
10064643309,,,,
10096737777,,,,
10097392125,,,,
10045965957,,,,
10056072650,,,,
10034884921,,,,
10007737146,,,,
10081958819,,,,
10133175627,,,,
10062787474,,,,
10010717268,,,,
10128740808,,,,
10007827375,,,,
10053184070,,,,
10010914908,,,,
10084486980,,,,
10050942663,,,,
10064643006,,,,
10062578118,,,,
10064453955,,,,
10053568131,,,,
10010664728,,,,
10045965149,,,,
10015279605,,,,
10087566126,,,,
10016292748,,,,
10131438923,,,,
10056270690,,,,
10011100420,,,,
10009900145,,,,
10016297293,,,,
10081162106,,,,
10084026333,,,,
10029804040,,,,
10045989906,,,,
10096818512,,,,
10127764239,,,,
10059070960,,,,
10064645228,,,,
10083950450,,,,
10007242648,,,,
10061978132,,,,
10016191708,,,,
10023845210,,,,
10011163973,,,,
10096589146,,,,
10124023170,,,,
10023297158,,,,
10036438840,,,,
10140426678,,,,
10085002700,,,,
10011088393,,,,
10119038178,,,,
10056608978,,,,
10115010961,,,,
10055328073,,,,
10118905513,,,,
10036173102,,,,
10010716864,,,,
10051091803,,,,
10080054686,,,,
10010713935,,,,
10056177128,,,,
10009195883,,,,
10136962364,,,,
10065055052,,,,
10095118786,,,,
10136023888,,,,
10008167986,,,,
10072822227,,,,
10128713021,,,,
10065045049,,,,
10035376688,,,,
10110977983,,,,
10009914491,,,,
10010177203,,,,
10110977478,,,,
10007257806,,,,
10015442279,,,,
10126973182,,,,
10016112084,,,,
10136024090,,,,
10047309712,,,,
10010914807,,,,
10130236729,,,,
10022169029,,,,
10123615669,,,,
10064562978,,,,
10082764525,,,,
10095257721,,,,
10002559669,,,,
10112266265,,,,
10095256004,,,,
10094501121,,,,
10022075968,,,,
10064452844,,,,
10021733438,,,,
10021886921,,,,
10043261778,,,,
10021847313,,,,
10015270612,,,,
10072421796,,,,
10077681725,,,,
10014583831,,,,
10056073357,,,,
10089760245,,,,
10006640238,,,,
10040300955,,,,
10053580659,,,,
10132658695,,,,
10036382155,,,,
10053924102,,,,
10052570546,,,,
10117563071,,,,
10022042828,,,,
10080711761,,,,
10093661766,,,,
10055127912,,,,
10056227749,,,,
10023846927,,,,
10089612018,,,,
10054716973,,,,
10068994767,,,,
10072810911,,,,
10071427851,,,,
10023663738,,,,
10008956114,,,,
10063184770,,,,
10064778196,,,,
10008928226,,,,
10013498239,,,,
10007209609,,,,
10075816901,,,,
10132399122,,,,
10052493754,,,,
10095254485,,,,
10127068263,,,,
10097226417,,,,
10118215294,,,,
10009548319,,,,
10113660136,,,,
10015111873,,,,
10019762116,,,,
10090504317,,,,
10005601631,,,,
10015358316,,,,
10015504523,,,,
10006306091,,,,
10117761721,,,,
10088567145,,,,
10010109909,,,,
10063913179,,,,
10053904294,,,,
10008973995,,,,
10005791284,,,,
10015473908,,,,
10079682046,,,,
10007268516,,,,
10016316592,,,,
10014867050,,,,
10080747026,,,,
10080666901,,,,
10133935560,,,,
10072421190,,,,
10037538273,,,,
10008678551,,,,
10088779434,,,,
10115347835,,,,
10101895652,,,,
10007224763,,,,
10128344118,,,,
10072671168,,,,
10015270511,,,,
10075931984,,,,
10047310318,,,,
10140765471,,,,
10007904369,,,,
10041585904,,,,
10089867854,,,,
10127891652,,,,
10071485445,,,,
10050629334,,,,
10071597296,,,,
10128558326,,,,
10107613501,,,,
10014966070,,,,
10118775773,,,,
10041888624,,,,
10122776116,,,,
10124478363,,,,
10035369820,,,,
10093918313,,,,
10101897167,,,,
10106592876,,,,
10083504553,,,,
10016240107,,,,
10140695046,,,,
10120914524,,,,
10063850636,,,,
10030681585,,,,
10123975680,,,,
10066162973,,,,
10121656976,,,,
10065050406,,,,
10111820065,,,,
10095118887,,,,
10006292957,,,,
10133934449,,,,
10050874359,,,,
10125812721,,,,
10080711660,,,,
10016235356,,,,
10016203428,,,,
10117694629,,,,
10104781909,,,,
10090348511,,,,
10075673118,,,,
10009998357,,,,
10132540780,,,,
10121657380,,,,
10035198149,,,,
10015703674,,,,
10053606628,,,,
10062251247,,,,
10135770678,,,,
10060680453,,,,
10080667204,,,,
10097389293,,,,
10065841055,,,,
10093733306,,,,
10080656187,,,,
10118968864,,,,
10070453003,,,,
10084509111,,,,
10051151417,,,,
10045947163,,,,
10140694945,,,,
10069708729,,,,
10096553477,,,,
10050979342,,,,
10104748967,,,,
10067881893,,,,
10023122760,,,,
10049971956,,,,
10060445229,,,,
10049094007,,,,
10069654872,,,,
10103672065,,,,
10010644520,,,,
10009741309,,,,
10109497119,,,,
10011184484,,,,
10108225308,,,,
10090080446,,,,
10070001547,,,,
10021425260,,,,
10119190752,,,,
10071600128,,,,
10010626938,,,,
10092509486,,,,
10136323982,,,,
10097532571,,,,
10071125434,,,,
10132658594,,,,
10035396900,,,,
10010108996,,,,
10119955436,,,,
10060995907,,,,
10047405904,,,,
10042475876,,,,
10049163725,,,,
10083813135,,,,
10132283732,,,,
10121657178,,,,
10115010658,,,,
10132205122,,,,
10010114959,,,,
10064811037,,,,
10052494259,,,,
10119435070,,,,
10062335618,,,,
10020779606,,,,
10131556535,,,,
10140336247,,,,
10128887318,,,,
10023807521,,,,
10079745906,,,,
10055519447,,,,
10036443183,,,,
10054664938,,,,
10077942615,,,,
10124541718,,,,
10119693132,,,,
10051115243,,,,
10064452642,,,,
10058503310,,,,
10109918562,,,,
10014178552,,,,
10096739191,,,,
10060603055,,,,
10081245867,,,,
10013284233,,,,
10015400146,,,,
10007272455,,,,
10007498484,,,,
10034919778,,,,
10002501368,,,,
10094638234,,,,
10122265955,,,,
10113653163,,,,
10085207713,,,,
10023525110,,,,
10009118384,,,,
10006462305,,,,
10009045636,,,,
10009125458,,,,
10096093941,,,,
10090742369,,,,
10113345793,,,,
10058755510,,,,
10060155138,,,,
10004594447,,,,
10045939382,,,,
10090187550,,,,
10010167402,,,,
10075692619,,,,
10010801134,,,,
10034833791,,,,
10011147203,,,,
10074551756,,,,
10116409579,,,,
10050629435,,,,
10082780891,,,,
10034991217,,,,
10015980429,,,,
10127061694,,,,
10046251095,,,,
10109913007,,,,
10008953888,,,,
10007774835,,,,
10016105418,,,,
10010666142,,,,
10124682063,,,,
10082513941,,,,
10050022981,,,,
10079974864,,,,
10049099966,,,,
10016294465,,,,
10075726668,,,,
10055097701,,,,
10120255934,,,,
10065475081,,,,
10060406732,,,,
10090167544,,,,
10083821522,,,,
10008944087,,,,
10122561908,,,,
10104425736,,,,
10009809007,,,,
10096040387,,,,
10089675672,,,,
10055348382,,,,
10091575357,,,,
10123474516,,,,
10065474475,,,,
10014630109,,,,
10054111432,,,,
10010095054,,,,
10090759244,,,,
10090290816,,,,
10021859639,,,,
10096636333,,,,
10123474112,,,,
10091381862,,,,
10050548094,,,,
10079975268,,,,
10115326314,,,,
10103181611,,,,
10050996924,,,,
10122562110,,,,
10050430179,,,,
10089723465,,,,
10080375695,,,,
10123469563,,,,
10007739267,,,,
10050432809,,,,
10089726293,,,,
10123474213,,,,
10009045434,,,,
10036080647,,,,
10083774537,,,,
10036082162,,,,
10036079031,,,,
10023893508,,,,
10096739292,,,,
10078876037,,,,
10023730729,,,,
10054876823,,,,
10010640880,,,,
10009143949,,,,
10006899613,,,,
10096621579,,,,
10096482648,,,,
10049659233,,,,
10084277119,,,,
10066087191,,,,
10006289624,,,,
10061870927,,,,
10009691088,,,,
10010828618,,,,
10045942517,,,,
10075430719,,,,
10035202795,,,,
10016194031,,,,
10077616249,,,,
10004779050,,,,
10051223357,,,,
10009196489,,,,
10005968918,,,,
10110737608,,,,
10051046737,,,,
10044363134,,,,
10050680460,,,,
10010598141,,,,
10071254362,,,,
10055316050,,,,
10006078446,,,,
10060813223,,,,
10023451752,,,,
10058814215,,,,
10007134130,,,,
10113423700,,,,
10063969460,,,,
10083975106,,,,
10063048263,,,,
10009091005,,,,
10030400689,,,,
10073852548,,,,
10014052048,,,,
10088225726,,,,
10009409990,,,,
10010676044,,,,
10050942562,,,,
10014575848,,,,
10010807905,,,,
10063548017,,,,
10030545987,,,,
10048875553,,,,
10120611501,,,,
10009324512,,,,
10005978820,,,,
10062860832,,,,
10007191522,,,,
10015707516,,,,
10014861188,,,,
10007476963,,,,
10006127350,,,,
10015781476,,,,
10105775854,,,,
10068631524,,,,
10090741157,,,,
10030702100,,,,
10051239222,,,,
10084174257,,,,
10094543153,,,,
10031444451,,,,
10017043587,,,,
10077693647,,,,
10003310108,,,,
10035025569,,,,
10015570201,,,,
10029861533,,,,
10048851204,,,,
10068643042,,,,
10010939055,,,,
10088976868,,,,
10035369719,,,,
10030698056,,,,
10107420410,,,,
10014361539,,,,
10050940946,,,,
10011159731,,,,
10020782232,,,,
10009988556,,,,
10058538268,,,,
10015240603,,,,
10015190382,,,,
10050519402,,,,
10048445925,,,,
10034093359,,,,
10060054603,,,,
10083207691,,,,
10100654961,,,,
10010792242,,,,
10015339320,,,,
10103815040,,,,
10059958411,,,,
10009138188,,,,
10027625277,,,,
10068152685,,,,
10071484334,,,,
10052840833,,,,
10035458433,,,,
10083968133,,,,
10010114151,,,,
10006604771,,,,
10007773825,,,,
10009139404,,,,
10015346895,,,,
10005511503,,,,
10010797696,,,,
10006401172,,,,
10005605267,,,,
10018638431,,,,
10002577150,,,,
10007428362,,,,
10010716965,,,,
10003100950,,,,
10010626837,,,,
10010630574,,,,
10011163872,,,,
10009068066,,,,
10036105000,,,,
10051986930,,,,
10083742205,,,,
10063752828,,,,
10010640981,,,,
10015321940,,,,
10049781693,,,,
10072341873,,,,
10015171386,,,,
10010641082,,,,
10009692304,,,,
10010167806,,,,
10063227311,,,,
10009762325,,,,
10048305677,,,,
10008996631,,,,
10007500003,,,,
10036578276,,,,
10055349800,,,,
10004594750,,,,
10062776259,,,,
10015000527,,,,
10089623435,,,,
10010717167,,,,
10034770945,,,,
10010840742,,,,
10049091377,,,,
10015982651,,,,
10034990611,,,,
10009690179,,,,
10010119205,,,,
10064451531,,,,
10036104996,,,,
10016221919,,,,
10017854751,,,,
10064811138,,,,
10075184478,,,,
10022167817,,,,
10015319920,,,,
10016280422,,,,
10009062006,,,,
10079661737,,,,
10015662349,,,,
10045957065,,,,
10053514678,,,,
10063079484,,,,
10044087793,,,,
10004617988,,,,
10035465406,,,,
10023484791,,,,
10009084739,,,,
10045942416,,,,
10053113544,,,,
10014673858,,,,
10008999156,,,,
10035393563,,,,
10022119620,,,,
10010093741,,,,
10023483680,,,,
10015572726,,,,
10011559350,,,,
10008688150,,,,
10023622312,,,,
10009042707,,,,
10059565256,,,,
10035025670,,,,
10010609154,,,,
10009202856,,,,
10045988185,,,,
10061681775,,,,
10056453677,,,,
10097450325,,,,
10006083395,,,,
10006883445,,,,
10023611093,,,,
10009077261,,,,
10010167503,,,,
10063454956,,,,
10064756473,,,,
10007750684,,,,
10008945101,,,,
10094330460,,,,
10056259576,,,,
10005838168,,,,
10010714743,,,,
10009102220,,,,
10070917690,,,,
10010868529,,,,
10006140383,,,,
10010101118,,,,
10050430785,,,,
10035041131,,,,
10096578436,,,,
10010590360,,,,
10010108390,,,,
10089025368,,,,
10020955721,,,,
10017855862,,,,
10050620240,,,,
10079555845,,,,
10023549661,,,,
10065893292,,,,
10062736550,,,,
10014051947,,,,
10016191607,,,,
10087884408,,,,
10014682144,,,,
10097135275,,,,
10011135984,,,,
10016105721,,,,
10092049445,,,,
10010998568,,,,
10096075753,,,,
10072422002,,,,
10081026508,,,,
10015980126,,,,
10023844503,,,,
10016026000,,,,
10063589039,,,,
10062193552,,,,
10060946090,,,,
10023526423,,,,
10035047191,,,,
10015397924,,,,
10062753829,,,,
10016149571,,,,
10060907290,,,,
10009683917,,,,
10018749474,,,,
10062737762,,,,
10084176984,,,,
10023545621,,,,
10061643884,,,,
10010741419,,,,
10060468972,,,,
10015570807,,,,
10063489312,,,,
10045797926,,,,
10036109747,,,,
10015915660,,,,
10002880476,,,,
10036084283,,,,
10096344323,,,,
10089820970,,,,
10099000709,,,,
10015714889,,,,
10064439205,,,,
10016299216,,,,
10065475586,,,,
10015997708,,,,
10059926883,,,,
10076199241,,,,
10070874547,,,,
10083954995,,,,
10025561302,,,,
10052470516,,,,
10036105202,,,,
10016105519,,,,
10064526505,,,,
10009785866,,,,
10028103207,,,,
10062462526,,,,
10023774175,,,,
10062538308,,,,
10015999021,,,,
10007059560,,,,
10084757469,,,,
10018827680,,,,
10010929052,,,,
10009208617,,,,
10083955201,,,,
10093926090,,,,
10062448378,,,,
10005916475,,,,
10062638035,,,,
10015321536,,,,
10084757267,,,,
10010620066,,,,
10006640036,,,,
10010747681,,,,
10007722594,,,,
10055349493,,,,
10005967908,,,,
10010181344,,,,
10010655735,,,,
10049558694,,,,
10010612891,,,,
10074564082,,,,
10009073221,,,,
10006409963,,,,
10015965877,,,,
10010652503,,,,
10055348786,,,,
10051352083,,,,
10014739435,,,,
10052293993,,,,
10036578478,,,,
10007502023,,,,
10051717552,,,,
10009024519,,,,
10015509977,,,,
10007076839,,,,
10015483507,,,,
10006902643,,,,
10006065716,,,,
10016326191,,,,
10029881337,,,,
10014173502,,,,
10006136545,,,,
10010676448,,,,
10023560472,,,,
10054028980,,,,
10053908237,,,,
10005979123,,,,
10009489513,,,,
10025458036,,,,
10060754013,,,,
10009325118,,,,
10004735806,,,,
10011200652,,,,
10009455359,,,,
10008970258,,,,
10008939239,,,,
10016301236,,,,
10010903083,,,,
10015265053,,,,
10006711774,,,,
10015577574,,,,
10053508113,,,,
10016232124,,,,
10008789695,,,,
10010665031,,,,
10078184206,,,,
10010835385,,,,
10009237616,,,,
10009190227,,,,
10015957995,,,,
10009159612,,,,
10016262234,,,,
10056179249,,,,
10011202470,,,,
10009728171,,,,
10015427024,,,,
10071428053,,,,
10010808309,,,,
10012267450,,,,
10010599858,,,,
10053236816,,,,
10010736769,,,,
10007767256,,,,
10041108883,,,,
10075346853,,,,
10014170468,,,,
10013963738,,,,
10055035356,,,,
10040761000,,,,
10023476307,,,,
10075323009,,,,
10061873654,,,,
10021679682,,,,
10051979351,,,,
10054034640,,,,
10009197503,,,,
10074370385,,,,
10015874335,,,,
10010860041,,,,
10009077665,,,,
10016652658,,,,
10074677250,,,,
10011153465,,,,
10015833515,,,,
10064060093,,,,
10084696845,,,,
10036578579,,,,
10010684330,,,,
10054634626,,,,
10030013400,,,,
10084651981,,,,
10084277220,,,,
10080141077,,,,
10065475687,,,,
10062872451,,,,
10005497254,,,,
10008908422,,,,
10023859960,,,,
10034819546,,,,
10015405806,,,,
10015659016,,,,
10025841184,,,,
10016108347,,,,
10029491721,,,,
10079185831,,,,
10034912001,,,,
10015321738,,,,
10005968009,,,,
10061198088,,,,
10010921069,,,,
10014659815,,,,
10014169155,,,,
10008918122,,,,
10053580255,,,,
10010702316,,,,
10009728676,,,,
10053580356,,,,
10023476408,,,,
10009202250,,,,
10009727666,,,,
10009424340,,,,
10050940845,,,,
10013621410,,,,
10008670770,,,,
10007273061,,,,
10011157307,,,,
10004866653,,,,
10007227793,,,,
10061837581,,,,
10007499090,,,,
10010165176,,,,
10009730393,,,,
10009518916,,,,
10009205381,,,,
10015321637,,,,
10009995832,,,,
10008883968,,,,
10011152455,,,,
10062036938,,,,
10016032262,,,,
10009088173,,,,
10011162559,,,,
10011037065,,,,
10045775088,,,,
10063607025,,,,
10010175684,,,,
10016033878,,,,
10064030488,,,,
10013774889,,,,
10009150720,,,,
10010945725,,,,
10015358215,,,,
10069182101,,,,
10005731872,,,,
10016033777,,,,
10009050484,,,,
10056868252,,,,
10015286372,,,,
10015336589,,,,
10064888435,,,,
10010857011,,,,
10015442380,,,,
10009787381,,,,
10009049171,,,,
10011073340,,,,
10047368619,,,,
10078996780,,,,
10009208011,,,,
10021836296,,,,
10010578034,,,,
10006149073,,,,
10014764087,,,,
10016200091,,,,
10007774734,,,,
10009442023,,,,
10011162660,,,,
10071427750,,,,
10009150922,,,,
10010652604,,,,
10035071140,,,,
10006149578,,,,
10009506384,,,,
10007753920,,,,
10010938853,,,,
10015714283,,,,
10010860243,,,,
10060854144,,,,
10015661339,,,,
10009015425,,,,
10007729971,,,,
10009076352,,,,
10009050585,,,,
10009313596,,,,
10010859334,,,,
10010671802,,,,
10010639062,,,,
10010105057,,,,
10015981944,,,,
10023526726,,,,
10010860445,,,,
10023468930,,,,
10008985012,,,,
10008986123,,,,
10016269914,,,,
10015978207,,,,
10016876768,,,,
10010860142,,,,
10034885224,,,,
10023676973,,,,
10064804569,,,,
10009050888,,,,
10016025087,,,,
10003100344,,,,
10010886111,,,,
10064874085,,,,
10015901920,,,,
10054770123,,,,
10011130227,,,,
10016034989,,,,
10009204674,,,,
10010921271,,,,
10064804367,,,,
10003045376,,,,
10023524908,,,,
10058781879,,,,
10015916569,,,,
10064647349,,,,
10016221010,,,,
10009214273,,,,
10019418370,,,,
10010922988,,,,
10015319516,,,,
10016189179,,,,
10008986224,,,,
10019295102,,,,
10010917130,,,,
10006086429,,,,
10063542761,,,,
10010035541,,,,
10006898603,,,,
10010823463,,,,
10009205280,,,,
10004618392,,,,
10061260736,,,,
10061231737,,,,
10006416936,,,,
10061269123,,,,
10005929916,,,,
10006083294,,,,
10008992789,,,,
10007793427,,,,
10061297213,,,,
10008927822,,,,
10009720996,,,,
10007827678,,,,
10003033555,,,,
10004866249,,,,
10010898437,,,,
10009727464,,,,
10010114454,,,,
10006759567,,,,
10014845428,,,,
10009182749,,,,
10007742301,,,,
10010678468,,,,
10006464426,,,,
10007056631,,,,
10010781532,,,,
10006552433,,,,
10010655634,,,,
10009971277,,,,
10009233168,,,,
10010663415,,,,
10004629510,,,,
10007272152,,,,
10007809086,,,,
10009965520,,,,
10009989970,,,,
10002669605,,,,
10010626231,,,,
10010747277,,,,
10009532252,,,,
10009487085,,,,
10061307822,,,,
10007222844,,,,
10010109000,,,,
10015976385,,,,
10015197456,,,,
10023466910,,,,
10009313701,,,,
10005970433,,,,
10010086263,,,,
10063403325,,,,
10011137301,,,,
10015975476,,,,
10009528414,,,,
10014513709,,,,
10009216495,,,,
10009520734,,,,
10010738385,,,,
10045754981,,,,
10034867541,,,,
10011207423,,,,
10009077160,,,,
10010746873,,,,
10009034320,,,,
10010784865,,,,
10015958403,,,,
10013501168,,,,
10015966079,,,,
10061350662,,,,
10007191421,,,,
10009670779,,,,
10009199220,,,,
10004706100,,,,
10016266476,,,,
10007909423,,,,
10015869483,,,,
10007416339,,,,
10007793528,,,,
10006436336,,,,
10007229716,,,,
10061349753,,,,
10009217408,,,,
10011032722,,,,
10009811734,,,,
10010777791,,,,
10010738789,,,,
10010651792,,,,
10008601557,,,,
10045813787,,,,
10010590158,,,,
10006100472,,,,
10003090947,,,,
10009001176,,,,
10016287593,,,,
10009001883,,,,
10009710488,,,,
10008669558,,,,
10061236181,,,,
10003145915,,,,
10014555741,,,,
10010755664,,,,
10015966281,,,,
10015781880,,,,
10061349955,,,,
10010721817,,,,
10016303559,,,,
10010126073,,,,
10009728575,,,,
10010798306,,,,
10009733831,,,,
10009051393,,,,
10015191291,,,,
10008996328,,,,
10061350763,,,,
10014669414,,,,
10010853472,,,,
10010776579,,,,
10016302044,,,,
10010737173,,,,
10010671903,,,,
10004742270,,,,
10009506586,,,,
10016022259,,,,
10010794464,,,,
10010181849,,,,
10014515830,,,,
10009237515,,,,
10009353511,,,,
10010599555,,,,
10023545722,,,,
10016235457,,,,
10009509620,,,,
10009237111,,,,
10010662708,,,,
10009490725,,,,
10010700700,,,,
10009301068,,,,
10016205852,,,,
10010186495,,,,
10010859738,,,,
10010777993,,,,
10016200293,,,,
10061393708,,,,
10010922786,,,,
10016205953,,,,
10010853371,,,,
10010923190,,,,
10016200495,,,,
10015914044,,,,
10009205179,,,,
10014659714,,,,
10015340532,,,,
10006602246,,,,
10005504530,,,,
10005427839,,,,
10007297515,,,,
10007832025,,,,
10006464325,,,,
10006183227,,,,
10009073120,,,,
10009008553,,,,
10007858394,,,,
10006463214,,,,
10010584094,,,,
10045840665,,,,
10008938027,,,,
10006478873,,,,
10008928428,,,,
10007890326,,,,
10009050989,,,,
10011172562,,,,
10011159024,,,,
10007056732,,,,
10007057035,,,,
10009032094,,,,
10011172360,,,,
10006899007,,,,
10009261460,,,,
10009261258,,,,
10007387441,,,,
10009914289,,,,
10009997347,,,,
10010195993,,,,
10009730292,,,,
10009016334,,,,
10009513963,,,,
10061277712,,,,
10003102364,,,,
10007509396,,,,
10006326606,,,,
10009015728,,,,
10009515579,,,,
10009045535,,,,
10010615319,,,,
10011078390,,,,
10007895881,,,,
10006645995,,,,
10009179012,,,,
10003046588,,,,
10010772135,,,,
10010936429,,,,
10004702662,,,,
10007947213,,,,
10009049070,,,,
10008870834,,,,
10010739702,,,,
10009988758,,,,
10007003885,,,,
10009076857,,,,
10006424515,,,,
10007193239,,,,
10007078455,,,,
10008989355,,,,
10009528313,,,,
10007930237,,,,
10007122713,,,,
10009702509,,,,
10008999055,,,,
10006140484,,,,
10006324279,,,,
10004738937,,,,
10009136067,,,,
10010096266,,,,
10010938146,,,,
10009863668,,,,
10008601254,,,,
10008937017,,,,
10007477872,,,,
10009088779,,,,
10008689059,,,,
10009238020,,,,
10061306711,,,,
10009231451,,,,
10010100512,,,,
10009683816,,,,
10010929153,,,,
10007201929,,,,
10006278510,,,,
10010883885,,,,
10002468026,,,,
10010869741,,,,
10010589956,,,,
10010738486,,,,
10010680286,,,,
10009077463,,,,
10010109303,,,,
10007891033,,,,
10010830537,,,,
10007831621,,,,
10009157891,,,,
10004742876,,,,
10009151427,,,,
10010917837,,,,
10009015021,,,,
10010938247,,,,
10009673510,,,,
10009301270,,,,
10010936934,,,,
10008918930,,,,
10009056043,,,,
10010856708,,,,
10010093842,,,,
10061283469,,,,
10010823564,,,,
10009321074,,,,
10009118889,,,,
10008973894,,,,
10008689362,,,,
10010169018,,,,
10008965915,,,,
10010915009,,,,
10009149407,,,,
10009874277,,,,
10010871357,,,,
10007831722,,,,
10008937219,,,,
10010928850,,,,
10010820433,,,,
10009546501,,,,
10009310263,,,,
10009683513,,,,
10009326027,,,,
10009323805,,,,
10010176795,,,,
10010926931,,,,
10009055033,,,,
10010176896,,,,
10009867510,,,,
10010653412,,,,
10009726656,,,,
10009730595,,,,
10009053720,,,,
10010641587,,,,
10009546602,,,,
10061473025,,,,
10009066753,,,,
10010599656,,,,
10010591572,,,,
10009965318,,,,
10009016940,,,,
10010839025,,,,
10009506182,,,,
10010662102,,,,
10009237212,,,,
10010839126,,,,
10011076269,,,,
10009965419,,,,
10010921372,,,,
10010679882,,,,
10009867611,,,,
10010926123,,,,
10009076251,,,,
10010675438,,,,
10010717066,,,,
10010168614,,,,
10083749376,,,,
10131418008,,,,
10009997751,,,,
10115622465,,,,
10015447939,,,,
10009119596,,,,
10031697358,,,,
10030561650,,,,
10121506830,,,,
10047762174,,,,
10011153667,,,,
10073979254,,,,
10121657279,,,,
10031466477,,,,
10066975046,,,,
10030468084,,,,
10046055984,,,,
10112357508,,,,
10053236109,,,,
10109711630,,,,
10100589788,,,,
10065891878,,,,
10050623573,,,,
10109711529,,,,
10119189338,,,,
10011136893,,,,
10052432524,,,,
10096620973,,,,
10017395417,,,,
10056389316,,,,
10117762125,,,,
10010795676,,,,
10107613400,,,,
10041176379,,,,
10124081471,,,,
10100590802,,,,
10064723333,,,,
10075682010,,,,
10123474415,,,,
10063404739,,,,
10117530133,,,,
10132208556,,,,
10015976486,,,,
10081210808,,,,
10054570261,,,,
10121657986,,,,
10075231867,,,,
10115005204,,,,
10093946908,,,,
10040302672,,,,
10083731693,,,,
10122266157,,,,
10042482647,,,,
10078021730,,,,
10121657481,,,,
10092249206,,,,
10136111794,,,,
10066169946,,,,
10131042637,,,,
10132537144,,,,
10009150417,,,,
10081110370,,,,
10088779535,,,,
10136037531,,,,
10040703709,,,,
10023063651,,,,
10097593296,,,,
10084690276,,,,
10022095166,,,,
10021956740,,,,
10123116222,,,,
10095745347,,,,
10084547709,,,,
10099022634,,,,
10072329648,,,,
10055223696,,,,
10080341141,,,,
10065016050,,,,
10053222163,,,,
10021931579,,,,
10016108145,,,,
10078439032,,,,
10065015444,,,,
10016104004,,,,
10006289523,,,,
10109519246,,,,
10075824072,,,,
10050850616,,,,
10113605774,,,,
10023236837,,,,
10050715624,,,,
10009366140,,,,
10042363217,,,,
10010177910,,,,
10064451733,,,,
10002191574,,,,
10021933195,,,,
10099134586,,,,
10087577038,,,,
10079681945,,,,
10021677258,,,,
10095845882,,,,
10030159607,,,,
10065928860,,,,
10118893385,,,,
10011162256,,,,
10115009244,,,,
10101946172,,,,
10069191902,,,,
10079681844,,,,
10031546808,,,,
10053130924,,,,
10109512778,,,,
10100511582,,,,
10042451628,,,,
10013456005,,,,
10050023991,,,,
10101945465,,,,
10010114252,,,,
10049549402,,,,
10022697475,,,,
10060100978,,,,
10073516785,,,,
10053157701,,,,
10008976928,,,,
10009232966,,,,
10015338916,,,,
10053235604,,,,
10014173300,,,,
10053236311,,,,
10013167631,,,,
10040912863,,,,
10055650601,,,,
10023459533,,,,
10084177085,,,,
10084051288,,,,
10006399051,,,,
10080770163,,,,
10006570823,,,,
10007738257,,,,
10015440865,,,,
10004469660,,,,
10010655432,,,,
10016128959,,,,
10101945869,,,,
10010800225,,,,
10096169016,,,,
10094619844,,,,
10016805636,,,,
10063636226,,,,
10015469460,,,,
10065659785,,,,
10092946996,,,,
10034909270,,,,
10026261419,,,,
10010170937,,,,
10010718278,,,,
10097462146,,,,
10085602682,,,,
10016000536,,,,
10062942371,,,,
10004474613,,,,
10015567167,,,,
10010169220,,,,
10011023628,,,,
10010608851,,,,
10063981180,,,,
10084256810,,,,
10004552920,,,,
10010725958,,,,
10029943476,,,,
10011047371,,,,
10008691887,,,,
10005991045,,,,
10085563781,,,,
10009069581,,,,
10011057475,,,,
10040477171,,,,
10006896882,,,,
10084757065,,,,
10006256177,,,,
10042501744,,,,
10083485254,,,,
10052690380,,,,
10010880956,,,,
10015339017,,,,
10015328711,,,,
10030434237,,,,
10075987760,,,,
10081003266,,,,
10084189314,,,,
10026187051,,,,
10015510280,,,,
10062151116,,,,
10049768660,,,,
10062576300,,,,
10009914996,,,,
10007708551,,,,
10010789616,,,,
10010177809,,,,
10010619359,,,,
10063250751,,,,
10007077647,,,,
10015781779,,,,
10015286271,,,,
10063606924,,,,
10004739341,,,,
10014218059,,,,
10015336387,,,,
10023672327,,,,
10054069396,,,,
10015559184,,,,
10010095155,,,,
10021587231,,,,
10007782818,,,,
10009102523,,,,
10054660692,,,,
10007760182,,,,
10062544166,,,,
10016235154,,,,
10016799370,,,,
10009216394,,,,
10011128005,,,,
10016277691,,,,
10063830529,,,,
10064212162,,,,
10063767174,,,,
10063520230,,,,
10015997809,,,,
10023676367,,,,
10009862658,,,,
10009258531,,,,
10010765970,,,,
10009162238,,,,
10006489381,,,,
10016112185,,,,
10010656442,,,,
10003299802,,,,
10015145118,,,,
10010176088,,,,
10015191089,,,,
10010979269,,,,
10009508408,,,,
10007934681,,,,
10009808805,,,,
10013559974,,,,
10009138289,,,,
10009643905,,,,
10006265271,,,,
10005489473,,,,
10006649736,,,,
10009727363,,,,
10005729044,,,,
10016322050,,,,
10004828661,,,,
10003522696,,,,
10009137683,,,,
10010900861,,,,
10016203327,,,,
10015855339,,,,
10010665132,,,,
10010094953,,,,
10016025188,,,,
10010671495,,,,
10011172057,,,,
10009219428,,,,
10009497088,,,,
10007751795,,,,
10007786454,,,,
10004742775,,,,
10011043129,,,,
10011061216,,,,
10002741545,,,,
10010719389,,,,
10009674520,,,,
10008601456,,,,
10011057172,,,,
10061232949,,,,
10008696234,,,,
10010582680,,,,
10007189300,,,,
10009673914,,,,
10010651893,,,,
10014473996,,,,
10007236281,,,,
10009509519,,,,
10009056144,,,,
10006410064,,,,
10009157689,,,,
10006603761,,,,
10010924911,,,,
10008948939,,,,
10009513054,,,,
10009103533,,,,
10007207686,,,,
10006902744,,,,
10006321249,,,,
10010700696,,,,
10010653715,,,,
10010590966,,,,
10010108592,,,,
10005917485,,,,
10008949040,,,,
10010841954,,,,
10010927032,,,,
10010698979,,,,
10010612083,,,,
10009509923,,,,
10010168715,,,,
10010926224,,,,
10076778716,,,,
10096343515,,,,
10010823261,,,,
10083748972,,,,
10094277112,,,,
10081888491,,,,
10036104087,,,,
10114876474,,,,
10082275380,,,,
10107613804,,,,
10128040687,,,,
10077742753,,,,
10134896870,,,,
10010180233,,,,
10094087455,,,,
10072127362,,,,
10109286951,,,,
10136470290,,,,
10010810127,,,,
10016040346,,,,
10132762668,,,,
10135666204,,,,
10131998792,,,,
10069680942,,,,
10140336146,,,,
10008664811,,,,
10050588918,,,,
10073727054,,,,
10135666608,,,,
10072016420,,,,
10049102592,,,,
10135666305,,,,
10101982043,,,,
10071191415,,,,
10080746521,,,,
10135666406,,,,
10026615568,,,,
10111004558,,,,
10135666507,,,,
10011131944,,,,
10052780916,,,,
10111509261,,,,
10015198466,,,,
10088130746,,,,
10121917260,,,,
10132546844,,,,
10132620909,,,,
10073661679,,,,
10078069422,,,,
10015225243,,,,
10017612554,,,,
10090168352,,,,
10036124295,,,,
10015264952,,,,
10080445619,,,,
10010785471,,,,
10017612453,,,,
10009073827,,,,
10091241820,,,,
10122030327,,,,
10080501290,,,,
10023652018,,,,
10121028904,,,,
10123469462,,,,
10096552770,,,,
10085001585,,,,
10115778473,,,,
10083470201,,,,
10089597668,,,,
10123474314,,,,
10049102390,,,,
10115741087,,,,
10113467752,,,,
10009677550,,,,
10076035452,,,,
10006139777,,,,
10110725379,,,,
10010713228,,,,
10030478592,,,,
10084177388,,,,
10017492417,,,,
10096722623,,,,
10114931240,,,,
10084176883,,,,
10053952289,,,,
10102020944,,,,
10035487028,,,,
10069926371,,,,
10028799179,,,,
10050720674,,,,
10028734212,,,,
10068823302,,,,
10059286481,,,,
10040979046,,,,
10090742268,,,,
10054289769,,,,
10101703268,,,,
10009021081,,,,
10008625607,,,,
10051245888,,,,
10011154475,,,,
10036107525,,,,
10015954157,,,,
10069117332,,,,
10100511077,,,,
10010798407,,,,
10053141533,,,,
10060960642,,,,
10022764769,,,,
10060598005,,,,
10023622211,,,,
10016200903,,,,
10018660053,,,,
10009914390,,,,
10011150940,,,,
10022712532,,,,
10051342383,,,,
10005510994,,,,
10007211528,,,,
10097461843,,,,
10015346693,,,,
10036059328,,,,
10010179930,,,,
10016795330,,,,
10010580559,,,,
10092435526,,,,
10054140431,,,,
10005850801,,,,
10034905028,,,,
10010746570,,,,
10041864675,,,,
10006077638,,,,
10008173040,,,,
10097462045,,,,
10097461944,,,,
10015283746,,,,
10089974958,,,,
10015975577,,,,
10023572192,,,,
10045927056,,,,
10060627610,,,,
10054563591,,,,
10050375821,,,,
10054557632,,,,
10075048274,,,,
10010921170,,,,
10076377073,,,,
10007242951,,,,
10084666432,,,,
10010813460,,,,
10015781577,,,,
10035471062,,,,
10011139220,,,,
10006654887,,,,
10017440378,,,,
10034898156,,,,
10071427952,,,,
10007806157,,,,
10082872841,,,,
10045809444,,,,
10009098883,,,,
10023464583,,,,
10045804087,,,,
10084304300,,,,
10071485546,,,,
10064646339,,,,
10049182822,,,,
10034825711,,,,
10009319458,,,,
10007860014,,,,
10007515561,,,,
10010808006,,,,
10054554093,,,,
10015441875,,,,
10010199128,,,,
10071485344,,,,
10005299416,,,,
10015652952,,,,
10010199027,,,,
10062863357,,,,
10015763894,,,,
10023447005,,,,
10017296801,,,,
10009512347,,,,
10006646504,,,,
10064646743,,,,
10015447636,,,,
10003836534,,,,
10010181748,,,,
10062860933,,,,
10009850332,,,,
10062862549,,,,
10062863054,,,,
10009184163,,,,
10088433466,,,,
10015427832,,,,
10062095441,,,,
10023843590,,,,
10023861273,,,,
10018858703,,,,
10018960753,,,,
10019160716,,,,
10018510311,,,,
10009485570,,,,
10052012188,,,,
10061466759,,,,
10004631732,,,,
10015336791,,,,
10009638447,,,,
10009196590,,,,
10008965814,,,,
10006789576,,,,
10009090294,,,,
10010602585,,,,
10005270114,,,,
10008673905,,,,
10008964501,,,,
10009508004,,,,
10009089789,,,,
10010700801,,,,
10009690381,,,,
10008902661,,,,
10007742705,,,,
10016317505,,,,
10061404418,,,,
10023544712,,,,
10010698070,,,,
10009719279,,,,
10008964905,,,,
10061336720,,,,
10006328929,,,,
10008954292,,,,
10009215182,,,,
10006326303,,,,
10008967632,,,,
10008954696,,,,
10010691303,,,,
10045877243,,,,
10023476610,,,,
10015975981,,,,
10023476711,,,,
10015959110,,,,
10010746772,,,,
10016309421,,,,
10011129924,,,,
10011032823,,,,
10010115666,,,,
10009514165,,,,
10009325219,,,,
10009964712,,,,
10007498585,,,,
10011038580,,,,
10002730431,,,,
10009711805,,,,
10009972590,,,,
10061257201,,,,
10009142030,,,,
10005512715,,,,
10010933601,,,,
10008884170,,,,
10004884437,,,,
10009641275,,,,
10004716002,,,,
10009726353,,,,
10008691483,,,,
10008091194,,,,
10008938835,,,,
10009972691,,,,
10009639861,,,,
10009517300,,,,
10009183961,,,,
10009021283,,,,
10053708678,,,,
10010885707,,,,
10007501518,,,,
10010886010,,,,
10002482574,,,,
10010885808,,,,
10008939138,,,,
10001568653,,,,
10004724183,,,,
10008690271,,,,
10009060588,,,,
10008927721,,,,
10010786481,,,,
10009371594,,,,
10004678919,,,,
10059070657,,,,
10006187166,,,,
10009672496,,,,
10010582983,,,,
10010718177,,,,
10009034522,,,,
10010842459,,,,
10009512448,,,,
10010591067,,,,
10010842560,,,,
10010920362,,,,
10009863466,,,,
10009323502,,,,
10010660280,,,,
10009711502,,,,
10003562914,,,,
10008674107,,,,
10010972805,,,,
10007350459,,,,
10022056265,,,,
10009668658,,,,
10064106977,,,,
10010182657,,,,
10082954077,,,,
10009808906,,,,
10064777994,,,,
10086136283,,,,
10045966058,,,,
10009115253,,,,
10015510078,,,,
10014872306,,,,
10010915110,,,,
10056232092,,,,
10007808682,,,,
10016636692,,,,
10082684804,,,,
10009445154,,,,
10036438537,,,,
10072671976,,,,
10048818161,,,,
10064418993,,,,
10045969492,,,,
10059063583,,,,
10010800124,,,,
10003026885,,,,
10060036617,,,,
10016341349,,,,
10069724186,,,,
10010201148,,,,
10015529478,,,,
10015334872,,,,
10097392428,,,,
10117937230,,,,
10047208365,,,,
10005780978,,,,
10123466735,,,,
10009117374,,,,
10016236063,,,,
10023913110,,,,
10010666243,,,,
10090478449,,,,
10001441139,,,,
10112162191,,,,
10055035558,,,,
10059182209,,,,
10009862254,,,,
10009882967,,,,
10090489058,,,,
10035447420,,,,
10009515983,,,,
10088227039,,,,
10014843206,,,,
10089042142,,,,
10064556110,,,,
10036108737,,,,
10047309914,,,,
10015660026,,,,
10115013082,,,,
10046095996,,,,
10069184323,,,,
10022750322,,,,
10015509775,,,,
10023161560,,,,
10060355505,,,,
10108823169,,,,
10053375040,,,,
10036352247,,,,
10044298567,,,,
10083678345,,,,
10023395673,,,,
10100626467,,,,
10062331372,,,,
10005886365,,,,
10096162851,,,,
10047417725,,,,
10042531551,,,,
10004712867,,,,
10052500121,,,,
10094659351,,,,
10083581446,,,,
10099945245,,,,
10047282935,,,,
10047448643,,,,
10045732753,,,,
10047208769,,,,
10094208505,,,,
10108293309,,,,
10054051919,,,,
10106833659,,,,
10047281622,,,,
10036482690,,,,
10046049924,,,,
10053554791,,,,
10035363756,,,,
10110306764,,,,
10051796263,,,,
10088798329,,,,
10106816683,,,,
10058506340,,,,
10015335882,,,,
10085002191,,,,
10113125222,,,,
10023522278,,,,
10023482064,,,,
10009914592,,,,
10053374434,,,,
10125042579,,,,
10124902537,,,,
10027578595,,,,
10088541782,,,,
10063516388,,,,
10034780039,,,,
10015326283,,,,
10009969156,,,,
10120255833,,,,
10068663957,,,,
10035376587,,,,
10079599493,,,,
10096616226,,,,
10015327802,,,,
10130947455,,,,
10064779715,,,,
10048803512,,,,
10064381510,,,,
10114109467,,,,
10009636326,,,,
10065064954,,,,
10010088990,,,,
10062074425,,,,
10022797004,,,,
10106794051,,,,
10008686635,,,,
10107445870,,,,
10106735750,,,,
10097022515,,,,
10112168154,,,,
10023593010,,,,
10123068126,,,,
10021186396,,,,
10065016454,,,,
10073908425,,,,
10048561416,,,,
10076427088,,,,
10097252584,,,,
10013559772,,,,
10087479230,,,,
10116798286,,,,
10124901426,,,,
10050053600,,,,
10030483848,,,,
10064970883,,,,
10128885904,,,,
10015510179,,,,
10048395304,,,,
10051358147,,,,
10055650803,,,,
10114213642,,,,
10122999822,,,,
10084206589,,,,
10010797902,,,,
10086193372,,,,
10055138420,,,,
10051245585,,,,
10054101227,,,,
10075797905,,,,
10021429405,,,,
10065464270,,,,
10016056110,,,,
10022726272,,,,
10097572987,,,,
10010636941,,,,
10016105620,,,,
10014585649,,,,
10133963953,,,,
10034785796,,,,
10067470049,,,,
10009124650,,,,
10036458139,,,,
10097134063,,,,
10058975879,,,,
10006285176,,,,
10008646421,,,,
10017340550,,,,
10106940056,,,,
10084203155,,,,
10050550522,,,,
10122009412,,,,
10022140636,,,,
10023294128,,,,
10035470860,,,,
10082559209,,,,
10113783913,,,,
10030319049,,,,
10089600904,,,,
10067657076,,,,
10019773634,,,,
10074644312,,,,
10034803984,,,,
10048404596,,,,
10055814083,,,,
10083967830,,,,
10055098913,,,,
10056353142,,,,
10132339609,,,,
10034804388,,,,
10040986423,,,,
10002266346,,,,
10052015424,,,,
10070043983,,,,
10023131652,,,,
10055683135,,,,
10056455802,,,,
10035360019,,,,
10053789918,,,,
10067247656,,,,
10058460163,,,,
10096637343,,,,
10023347880,,,,
10054420620,,,,
10109909973,,,,
10030616719,,,,
10131995560,,,,
10119904411,,,,
10127275195,,,,
10066239058,,,,
10095821533,,,,
10063850737,,,,
10028942659,,,,
10087440733,,,,
10035335969,,,,
10060991863,,,,
10036442072,,,,
10083135650,,,,
10081907285,,,,
10015335074,,,,
10007739974,,,,
10131727596,,,,
10006180193,,,,
10009183557,,,,
10002919175,,,,
10004779252,,,,
10015331438,,,,
10009968146,,,,
10051466059,,,,
10062462829,,,,
10007272253,,,,
10023307969,,,,
10009762224,,,,
10036070644,,,,
10015326990,,,,
10013559166,,,,
10003045881,,,,
10044253909,,,,
10058537561,,,,
10023524807,,,,
10008946717,,,,
10070453407,,,,
10006501105,,,,
10107777185,,,,
10016189381,,,,
10046105090,,,,
10044466194,,,,
10084576001,,,,
10055223595,,,,
10009721505,,,,
10015978813,,,,
10009914693,,,,
10090740248,,,,
10067434582,,,,
10085379683,,,,
10010198825,,,,
10006543137,,,,
10036076809,,,,
10055774374,,,,
10007829294,,,,
10009690583,,,,
10090769146,,,,
10077531777,,,,
10022025852,,,,
10014629604,,,,
10096343616,,,,
10053795473,,,,
10081107845,,,,
10115022883,,,,
10113991653,,,,
10080636787,,,,
10016189482,,,,
10075296737,,,,
10009692001,,,,
10054710711,,,,
10119264918,,,,
10006655392,,,,
10112266467,,,,
10011057677,,,,
10119264716,,,,
10016005687,,,,
10085002696,,,,
10034955245,,,,
10061145144,,,,
10023852179,,,,
10039727140,,,,
10049916685,,,,
10112268790,,,,
10131372942,,,,
10064705044,,,,
10082240018,,,,
10081561119,,,,
10128736158,,,,
10036015070,,,,
10063930155,,,,
10086076164,,,,
10076751737,,,,
10054263400,,,,
10113469267,,,,
10036017494,,,,
10093888708,,,,
10084417363,,,,
10009838814,,,,
10034962521,,,,
10064963914,,,,
10006893246,,,,
10052927931,,,,
10058982448,,,,
10009115758,,,,
10087531063,,,,
10006185550,,,,
10014629705,,,,
10047254845,,,,
10060624576,,,,
10035349814,,,,
10007278822,,,,
10015335983,,,,
10003139043,,,,
10010830133,,,,
10081576879,,,,
10088752455,,,,
10072906493,,,,
10062755243,,,,
10064641487,,,,
10051439282,,,,
10097622905,,,,
10062680168,,,,
10051579126,,,,
10015328913,,,,
10109554309,,,,
10095213564,,,,
10009020677,,,,
10008623886,,,,
10015559386,,,,
10091280418,,,,
10069238883,,,,
10087481048,,,,
10036018306,,,,
10015339118,,,,
10005942444,,,,
10072342075,,,,
10015780668,,,,
10015267578,,,,
10008635610,,,,
10092576881,,,,
10041679163,,,,
10072487777,,,,
10006552130,,,,
10080149060,,,,
10039894060,,,,
10096162548,,,,
10062736752,,,,
10035434787,,,,
10089961723,,,,
10006881122,,,,
10097019986,,,,
10013295347,,,,
10062452624,,,,
10021266828,,,,
10089222301,,,,
10084206488,,,,
10034843188,,,,
10036042251,,,,
10028752295,,,,
10070266679,,,,
10023469132,,,,
10070411371,,,,
10030264788,,,,
10036081455,,,,
10009044828,,,,
10005791183,,,,
10099472470,,,,
10014860481,,,,
10035362241,,,,
10015151481,,,,
10034971211,,,,
10036017393,,,,
10036043261,,,,
10036055587,,,,
10087479937,,,,
10062018851,,,,
10004616271,,,,
10003100849,,,,
10011138311,,,,
10006274668,,,,
10016189583,,,,
10009513862,,,,
10008991678,,,,
10010797595,,,,
10063606823,,,,
10015335478,,,,
10004625466,,,,
10009403627,,,,
10005965379,,,,
10004623244,,,,
10008920950,,,,
10009038360,,,,
10023827628,,,,
10045991825,,,,
10015461376,,,,
10007771906,,,,
10015483911,,,,
10014662239,,,,
10007733409,,,,
10022075463,,,,
10002848952,,,,
10006462709,,,,
10096728481,,,,
10015762985,,,,
10015585355,,,,
10015510381,,,,
10002849154,,,,
10005454010,,,,
10023904420,,,,
10022207930,,,,
10006888802,,,,
10023847129,,,,
10015341441,,,,
10007199808,,,,
10009081204,,,,
10009683715,,,,
10044572389,,,,
10045364759,,,,
10091016595,,,,
10083931252,,,,
10023483074,,,,
10085003306,,,,
10045622922,,,,
10023483276,,,,
10009809310,,,,
10010751119,,,,
10069353364,,,,
10055221777,,,,
10009495371,,,,
10011053334,,,,
10015287483,,,,
10011139422,,,,
10086775271,,,,
10052178910,,,,
10063679369,,,,
10064951483,,,,
10034951508,,,,
10015979015,,,,
10014858562,,,,
10009135663,,,,
10063468090,,,,
10010801235,,,,
10089915142,,,,
10014456317,,,,
10005346401,,,,
10015335579,,,,
10035541689,,,,
10013443069,,,,
10048857668,,,,
10062141517,,,,
10006289018,,,,
10036578175,,,,
10073892762,,,,
10010098993,,,,
10010857819,,,,
10015571009,,,,
10002526125,,,,
10095298440,,,,
10010593289,,,,
10036578983,,,,
10009570547,,,,
10002810354,,,,
10062512844,,,,
10008937118,,,,
10015390446,,,,
10021311183,,,,
10075184175,,,,
10085003205,,,,
10015326182,,,,
10056296255,,,,
10002426600,,,,
10009914794,,,,
10063595810,,,,
10009226502,,,,
10016034585,,,,
10064237525,,,,
10015334771,,,,
10004603137,,,,
10054151141,,,,
10009137178,,,,
10049188781,,,,
10060359848,,,,
10054318364,,,,
10064934107,,,,
10051368857,,,,
10009203664,,,,
10056178744,,,,
10007890023,,,,
10035344457,,,,
10021930569,,,,
10080569089,,,,
10009521037,,,,
10035025468,,,,
10010697767,,,,
10002523701,,,,
10044681719,,,,
10015340936,,,,
10007829193,,,,
10051474951,,,,
10007498989,,,,
10062568418,,,,
10096870749,,,,
10064872974,,,,
10015708627,,,,
10002192180,,,,
10022230764,,,,
10010808107,,,,
10008964703,,,,
10034932916,,,,
10008688857,,,,
10069650832,,,,
10077354248,,,,
10016040952,,,,
10061611855,,,,
10096344424,,,,
10065464977,,,,
10095119392,,,,
10016191506,,,,
10015397823,,,,
10015999324,,,,
10054339582,,,,
10023484084,,,,
10077467921,,,,
10072671875,,,,
10014242614,,,,
10093542235,,,,
10075184781,,,,
10095119190,,,,
10034967167,,,,
10005316590,,,,
10016279412,,,,
10023481963,,,,
10064733841,,,,
10035316064,,,,
10014669515,,,,
10008900439,,,,
10010915211,,,,
10027974174,,,,
10064646642,,,,
10015565450,,,,
10034937663,,,,
10052589138,,,,
10048454817,,,,
10096890755,,,,
10015225546,,,,
10084256406,,,,
10076238445,,,,
10020780212,,,,
10010880653,,,,
10084277422,,,,
10036173607,,,,
10021306941,,,,
10084661378,,,,
10015646888,,,,
10079505224,,,,
10088655758,,,,
10034947868,,,,
10006502115,,,,
10034918970,,,,
10023433766,,,,
10015510482,,,,
10067678294,,,,
10082433715,,,,
10020982090,,,,
10049921840,,,,
10015540592,,,,
10036440456,,,,
10072256593,,,,
10036078021,,,,
10066995254,,,,
10008679056,,,,
10006406529,,,,
10059449967,,,,
10004602935,,,,
10011156495,,,,
10009135057,,,,
10010170634,,,,
10002895432,,,,
10007795649,,,,
10055349190,,,,
10015484012,,,,
10009118283,,,,
10010646742,,,,
10010116575,,,,
10009119495,,,,
10003089634,,,,
10055224811,,,,
10006284873,,,,
10084753126,,,,
10036581714,,,,
10044033839,,,,
10009669264,,,,
10074513057,,,,
10015326889,,,,
10062492232,,,,
10010880451,,,,
10005506752,,,,
10007817372,,,,
10053568737,,,,
10035150760,,,,
10007296505,,,,
10072329850,,,,
10009980775,,,,
10036577973,,,,
10063900045,,,,
10008658949,,,,
10010660684,,,,
10055931190,,,,
10015334973,,,,
10036580603,,,,
10050430482,,,,
10015701351,,,,
10009882159,,,,
10010879441,,,,
10050429775,,,,
10054804980,,,,
10062568519,,,,
10006503832,,,,
10023487825,,,,
10009715845,,,,
10015587375,,,,
10015216351,,,,
10023483175,,,,
10070008217,,,,
10016040750,,,,
10086673524,,,,
10008884069,,,,
10009639962,,,,
10021073535,,,,
10015874133,,,,
10012904721,,,,
10021707267,,,,
10010179021,,,,
10035150861,,,,
10060851316,,,,
10021664124,,,,
10010790121,,,,
10010585613,,,,
10011143260,,,,
10009189116,,,,
10007740277,,,,
10023466809,,,,
10064363019,,,,
10058808353,,,,
10042288041,,,,
10014940105,,,,
10023481862,,,,
10015999526,,,,
10023549257,,,,
10084256507,,,,
10034916647,,,,
10011073643,,,,
10007773926,,,,
10009139909,,,,
10003553618,,,,
10084256709,,,,
10009044323,,,,
10010881663,,,,
10016220909,,,,
10056279885,,,,
10009232865,,,,
10041037650,,,,
10036581916,,,,
10035376385,,,,
10062592565,,,,
10010778195,,,,
10055220767,,,,
10006480489,,,,
10024527846,,,,
10010881562,,,,
10034936552,,,,
10006578907,,,,
10014152078,,,,
10008999560,,,,
10006711269,,,,
10010853068,,,,
10010604104,,,,
10009138087,,,,
10023868145,,,,
10010852866,,,,
10078998295,,,,
10015141377,,,,
10010674731,,,,
10009629757,,,,
10048798862,,,,
10009331077,,,,
10002525317,,,,
10010920968,,,,
10014714274,,,,
10006148871,,,,
10059835846,,,,
10015331034,,,,
10010639365,,,,
10061279126,,,,
10014455812,,,,
10004779151,,,,
10065496404,,,,
10060036819,,,,
10005791688,,,,
10056436503,,,,
10074512956,,,,
10009986132,,,,
10009436060,,,,
10014510574,,,,
10007191219,,,,
10052597626,,,,
10053569141,,,,
10007826264,,,,
10036579084,,,,
10016558486,,,,
10062601659,,,,
10007589323,,,,
10009118182,,,,
10008650865,,,,
10006322562,,,,
10006410266,,,,
10059164930,,,,
10059594457,,,,
10010799316,,,,
10016134518,,,,
10008921051,,,,
10007724315,,,,
10006888701,,,,
10010766273,,,,
10009173857,,,,
10064738386,,,,
10008882756,,,,
10015341037,,,,
10008676228,,,,
10064212970,,,,
10040480205,,,,
10064874287,,,,
10046256149,,,,
10009043111,,,,
10009045333,,,,
10018823034,,,,
10010717571,,,,
10053702416,,,,
10015761672,,,,
10023222790,,,,
10015267780,,,,
10015587274,,,,
10009850736,,,,
10011163771,,,,
10009148090,,,,
10015286574,,,,
10021453148,,,,
10006415118,,,,
10003220481,,,,
10008971470,,,,
10010600161,,,,
10061308529,,,,
10009233067,,,,
10006410367,,,,
10011030395,,,,
10010782037,,,,
10007808985,,,,
10009149811,,,,
10009233875,,,,
10005601732,,,,
10004717214,,,,
10009034421,,,,
10008837286,,,,
10008684817,,,,
10010199431,,,,
10002521172,,,,
10007256287,,,,
10014484912,,,,
10061348743,,,,
10006151804,,,,
10003267163,,,,
10010741520,,,,
10011081929,,,,
10015205136,,,,
10009123741,,,,
10014965363,,,,
10009551652,,,,
10005985688,,,,
10023481761,,,,
10010661900,,,,
10010656341,,,,
10015997607,,,,
10003157332,,,,
10008996227,,,,
10061349652,,,,
10015337195,,,,
10010966135,,,,
10009811835,,,,
10016310936,,,,
10003087816,,,,
10009676641,,,,
10052961071,,,,
10008997035,,,,
10015336993,,,,
10008891749,,,,
10015185635,,,,
10016022966,,,,
10009776671,,,,
10014015773,,,,
10010200946,,,,
10010916827,,,,
10014254435,,,,
10009090193,,,,
10016149470,,,,
10009150619,,,,
10007504750,,,,
10004791376,,,,
10008819304,,,,
10007722695,,,,
10015202005,,,,
10003292526,,,,
10009140515,,,,
10009870439,,,,
10011076168,,,,
10004882316,,,,
10010792545,,,,
10007947314,,,,
10011136287,,,,
10015323758,,,,
10009089688,,,,
10015341239,,,,
10010970680,,,,
10018306914,,,,
10009215283,,,,
10014964858,,,,
10019395738,,,,
10010879340,,,,
10011159125,,,,
10009038461,,,,
10009226195,,,,
10016102788,,,,
10015661541,,,,
10010862263,,,,
10014506534,,,,
10007748765,,,,
10006662668,,,,
10008999762,,,,
10004602329,,,,
10007898107,,,,
10008700779,,,,
10009137481,,,,
10009809512,,,,
10004614049,,,,
10003220582,,,,
10006654685,,,,
10009762426,,,,
10010626534,,,,
10003309401,,,,
10010041403,,,,
10007200616,,,,
10004626274,,,,
10009329461,,,,
10010105663,,,,
10061257100,,,,
10008922162,,,,
10006551726,,,,
10004658307,,,,
10007199404,,,,
10007137362,,,,
10006410973,,,,
10008837185,,,,
10007273263,,,,
10006887788,,,,
10007520110,,,,
10010932183,,,,
10009672702,,,,
10010657957,,,,
10009067359,,,,
10061296001,,,,
10061232848,,,,
10009197196,,,,
10008976524,,,,
10010084445,,,,
10009042909,,,,
10010745560,,,,
10010846705,,,,
10010599757,,,,
10009233269,,,,
10007892851,,,,
10009849120,,,,
10009097368,,,,
10009144656,,,,
10010885909,,,,
10010741318,,,,
10006497162,,,,
10010187004,,,,
10009512953,,,,
10010861455,,,,
10010856607,,,,
10009733326,,,,
10009320468,,,,
10010886212,,,,
10010677963,,,,
10010917635,,,,
10010784764,,,,
10009199018,,,,
10007126854,,,,
10009149912,,,,
10006987519,,,,
10007754021,,,,
10007772512,,,,
10010630473,,,,
10051438070,,,,
10011029486,,,,
10005453404,,,,
10011079808,,,,
10007501215,,,,
10009081507,,,,
10007272556,,,,
10010916928,,,,
10010917029,,,,
10009194873,,,,
10010674226,,,,
10015172602,,,,
10008918223,,,,
10008957124,,,,
10008957023,,,,
10009875691,,,,
10010628655,,,,
10014674565,,,,
10014674666,,,,
10010680084,,,,
10010917736,,,,
10006335700,,,,
10006891125,,,,
10007808480,,,,
10010089903,,,,
10004960623,,,,
10009712411,,,,
10009861042,,,,
10010090105,,,,
10121012837,,,,
10064256420,,,,
10049183226,,,,
10083911751,,,,
10065074553,,,,
10111517547,,,,
10096414546,,,,
10055641709,,,,
10018805654,,,,
10086187615,,,,
10090732366,,,,
10065057678,,,,
10070869594,,,,
10091593848,,,,
10124125426,,,,
10093710064,,,,
10089622021,,,,
10082192124,,,,
10096739696,,,,
10088213400,,,,
10099673544,,,,
10078190266,,,,
10112268184,,,,
10023711329,,,,
10035271709,,,,
10034781554,,,,
10123059739,,,,
10050492019,,,,
10122961628,,,,
10055701222,,,,
10116148992,,,,
10089660417,,,,
10045784485,,,,
10063566912,,,,
10023315851,,,,
10036435103,,,,
10050337526,,,,
10036388522,,,,
10018856275,,,,
10074582573,,,,
10077271392,,,,
10087921386,,,,
10093656817,,,,
10006386422,,,,
10002619081,,,,
10083968436,,,,
10084093526,,,,
10086199739,,,,
10082228500,,,,
10096739700,,,,
10070541515,,,,
10112960625,,,,
10112364073,,,,
10056384969,,,,
10065315437,,,,
10028969941,,,,
10082953875,,,,
10021779918,,,,
10016001243,,,,
10087839241,,,,
10085147085,,,,
10106639255,,,,
10032461436,,,,
10082866070,,,,
10007471307,,,,
10016025390,,,,
10081212323,,,,
10061141912,,,,
10079704981,,,,
10036013959,,,,
10006136646,,,,
10014992342,,,,
10014592319,,,,
10096481941,,,,
10013766203,,,,
10084499815,,,,
10015761369,,,,
10009191742,,,,
10083106651,,,,
10016311744,,,,
10010830032,,,,
10016055096,,,,
10054395762,,,,
10086136182,,,,
10014641930,,,,
10030262263,,,,
10009505677,,,,
10023958172,,,,
10036348510,,,,
10084187694,,,,
10016005889,,,,
10035323542,,,,
10003064978,,,,
10060616593,,,,
10008668144,,,,
10080258184,,,,
10007378448,,,,
10040173138,,,,
10009728777,,,,
10084176782,,,,
10009402617,,,,
10086404247,,,,
10008932670,,,,
10007731486,,,,
10014189262,,,,
10006241326,,,,
10003266456,,,,
10064889445,,,,
10082219709,,,,
10009098782,,,,
10016025491,,,,
10009996034,,,,
10077470547,,,,
10023877946,,,,
10014756916,,,,
10053315931,,,,
10006886172,,,,
10023925335,,,,
10034951003,,,,
10084277018,,,,
10009517296,,,,
10006241124,,,,
10023863596,,,,
10065902588,,,,
10008435344,,,,
10023732345,,,,
10023783774,,,,
10014119342,,,,
10015978914,,,,
10034968379,,,,
10035449440,,,,
10051866385,,,,
10009517195,,,,
10023769024,,,,
10011137604,,,,
10063490625,,,,
10005846353,,,,
10010171341,,,,
10006492415,,,,
10011200753,,,,
10002697085,,,,
10062610349,,,,
10016190896,,,,
10025685479,,,,
10006603458,,,,
10009507903,,,,
10008974302,,,,
10063589847,,,,
10053124658,,,,
10014178451,,,,
10015902021,,,,
10015565349,,,,
10004598891,,,,
10005972554,,,,
10023531372,,,,
10023828436,,,,
10054534390,,,,
10010171139,,,,
10023726786,,,,
10015781274,,,,
10040140200,,,,
10017958623,,,,
10015761975,,,,
10016147854,,,,
10035415286,,,,
10059053277,,,,
10009097570,,,,
10016034888,,,,
10023928769,,,,
10010691404,,,,
10008672689,,,,
10008651572,,,,
10050427452,,,,
10007742196,,,,
10009969560,,,,
10009690078,,,,
10010805982,,,,
10009364221,,,,
10010579650,,,,
10007530315,,,,
10009236909,,,,
10006659941,,,,
10014842192,,,,
10007836267,,,,
10023464684,,,,
10014119544,,,,
10015593237,,,,
10010198623,,,,
10016200596,,,,
10010797090,,,,
10010923291,,,,
10004725395,,,,
10061332979,,,,
10010674327,,,,
10015266770,,,,
10004399639,,,,
10010129410,,,,
10011038378,,,,
10009137885,,,,
10009838713,,,,
10010792747,,,,
10010796181,,,,
10044497924,,,,
10009701091,,,,
10061355110,,,,
10006570621,,,,
10009673409,,,,
10015857965,,,,
10007534860,,,,
10009099388,,,,
10006660446,,,,
10010752533,,,,
10007199707,,,,
10001575020,,,,
10010752634,,,,
10061282964,,,,
10009301876,,,,
10010753543,,,,
10008949444,,,,
10011042826,,,,
10010718682,,,,
10006406428,,,,
10003039316,,,,
10061392694,,,,
10005486241,,,,
10010766677,,,,
10061260534,,,,
10004882720,,,,
10007074011,,,,
10003568065,,,,
10010857920,,,,
10008976726,,,,
10010929456,,,,
10009670678,,,,
10010588340,,,,
10010100714,,,,
10061304384,,,,
10010680185,,,,
10014473895,,,,
10010589754,,,,
10010870044,,,,
10008988042,,,,
10009057558,,,,
10010726867,,,,
10006881223,,,,
10011026456,,,,
10010754553,,,,
10011030496,,,,
10003966169,,,,
10011046462,,,,
10009326633,,,,
10010916726,,,,
10054335037,,,,
10004829772,,,,
10009204472,,,,
10010842762,,,,
10009056750,,,,
10010842863,,,,
10009874075,,,,
10010842964,,,,
10010842257,,,,
10010875603,,,,
10010846806,,,,
10005441882,,,,
10010724241,,,,
10009056245,,,,
10010590057,,,,
10009514064,,,,
10077998589,,,,
10086000281,,,,
10088793982,,,,
10060058845,,,,
10058485324,,,,
10074385442,,,,
10060020146,,,,
10114954781,,,,
10123581418,,,,
10055134376,,,,
10079601315,,,,
10123135622,,,,
10036434089,,,,
10089643643,,,,
10111052654,,,,
10011034035,,,,
10119693031,,,,
10113991855,,,,
10052928032,,,,
10099917963,,,,
10009777277,,,,
10049534850,,,,
10092628213,,,,
10097623006,,,,
10015835030,,,,
10050619735,,,,
10064778200,,,,
10055517831,,,,
10016946284,,,,
10092043987,,,,
10088740028,,,,
10085481434,,,,
10084615205,,,,
10061148073,,,,
10001343331,,,,
10011140937,,,,
10023831264,,,,
10015229586,,,,
10062780505,,,,
10097672819,,,,
10094576495,,,,
10058956580,,,,
10026193721,,,,
10073760501,,,,
10089622930,,,,
10061161817,,,,
10030059977,,,,
10016205347,,,,
10021363929,,,,
10016036205,,,,
10035387196,,,,
10082219002,,,,
10072341974,,,,
10054788513,,,,
10005797752,,,,
10023948977,,,,
10023911187,,,,
10088470751,,,,
10056525621,,,,
10011013221,,,,
10002225223,,,,
10036578882,,,,
10009137380,,,,
10014868868,,,,
10015658612,,,,
10006264362,,,,
10002307671,,,,
10010923493,,,,
10014178754,,,,
10010941580,,,,
10009191035,,,,
10008938734,,,,
10084261456,,,,
10009224882,,,,
10008838401,,,,
10010842156,,,,
10010937641,,,,
10004874838,,,,
10009228320,,,,
10009870944,,,,
10010737779,,,,
10009971681,,,,
10010790222,,,,
10009322892,,,,
10002665460,,,,
10009189722,,,,
10010926325,,,,
10009860133,,,,
10009968045,,,,
10010930769,,,,
10010926426,,,,
10006185045,,,,
10010637042,,,,
10010838924,,,,
10050409567,,,,
10009387358,,,,
10015341845,,,,
10090759345,,,,
10007708955,,,,
10130237638,,,,
10136134733,,,,
10111052351,,,,
10107403737,,,,
10098911082,,,,
10117669872,,,,
10111403571,,,,
10095257519,,,,
10120130844,,,,
10009457076,,,,
10047403981,,,,
10122153595,,,,
10114935583,,,,
10009075948,,,,
10046242207,,,,
10107054941,,,,
10050876985,,,,
10067530471,,,,
10132677287,,,,
10064297644,,,,
10009097166,,,,
10104624685,,,,
10050606496,,,,
10016314370,,,,
10053215695,,,,
10050623977,,,,
10116486977,,,,
10050321964,,,,
10050536576,,,,
10069418436,,,,
10083099779,,,,
10071493933,,,,
10119189237,,,,
10112269093,,,,
10068681337,,,,
10018705725,,,,
10051360268,,,,
10050583359,,,,
10123466836,,,,
10107658664,,,,
10010971690,,,,
10009354319,,,,
10015167952,,,,
10114936189,,,,
10050731081,,,,
10107054133,,,,
10050945996,,,,
10091456129,,,,
10050022779,,,,
10050517378,,,,
10114912749,,,,
10050536879,,,,
10050590029,,,,
10072439479,,,,
10045987781,,,,
10013070227,,,,
10050589322,,,,
10014555842,,,,
10018895580,,,,
10052497390,,,,
10014748024,,,,
10096309159,,,,
10063596719,,,,
10015535239,,,,
10019294593,,,,
10096396257,,,,
10049057025,,,,
10009371392,,,,
10014217150,,,,
10015200082,,,,
10080685489,,,,
10060344084,,,,
10055119020,,,,
10009069985,,,,
10051981270,,,,
10085255506,,,,
10054793563,,,,
10064406465,,,,
10015715293,,,,
10015975779,,,,
10018142317,,,,
10034990914,,,,
10006065514,,,,
10009225084,,,,
10009722313,,,,
10016092684,,,,
10010175785,,,,
10021090511,,,,
10067742962,,,,
10012571685,,,,
10009003402,,,,
10064804468,,,,
10064734043,,,,
10013534716,,,,
10011191053,,,,
10035459140,,,,
10064876513,,,,
10023873906,,,,
10023774276,,,,
10052202754,,,,
10005300123,,,,
10016316693,,,,
10009142232,,,,
10061350258,,,,
10014519062,,,,
10023545217,,,,
10009315014,,,,
10061355211,,,,
10023458927,,,,
10016200802,,,,
10018656720,,,,
10061357029,,,,
10011171855,,,,
10061289331,,,,
10007199909,,,,
10001459327,,,,
10009410091,,,,
10010587734,,,,
10010108693,,,,
10010101017,,,,
10007829496,,,,
10009059881,,,,
10010105158,,,,
10010675842,,,,
10010105259,,,,
10010876108,,,,
10064643410,,,,
10107750917,,,,
10095257317,,,,
10130636954,,,,
10004922126,,,,
10009697657,,,,
10128980981,,,,
10136223851,,,,
10136223952,,,,
10023054254,,,,
10044493072,,,,
10127341075,,,,
10045970910,,,,
10095808294,,,,
10071596690,,,,
10097391519,,,,
10096349272,,,,
10018728256,,,,
10080487247,,,,
10023963428,,,,
10086733037,,,,
10088256038,,,,
10073485059,,,,
10048427333,,,,
10095240139,,,,
10023482569,,,,
10073026129,,,,
10006680149,,,,
10015972850,,,,
10010857718,,,,
10053583386,,,,
10017296595,,,,
10041885085,,,,
10062786262,,,,
10021674228,,,,
10062078263,,,,
10062081293,,,,
10014662340,,,,
10063015022,,,,
10062568721,,,,
10084782731,,,,
10022121741,,,,
10062607016,,,,
10023483579,,,,
10023483377,,,,
10061669045,,,,
10004715695,,,,
10011325237,,,,
10015486840,,,,
10015341946,,,,
10016127141,,,,
10080004772,,,,
10011025345,,,,
10084753328,,,,
10063016941,,,,
10084752924,,,,
10083967729,,,,
10126914275,,,,
10105358653,,,,
10065504686,,,,
10051918020,,,,
10112577170,,,,
10114718951,,,,
10123581115,,,,
10127630762,,,,
10075234796,,,,
10092411476,,,,
10022213283,start,,,
10021893688,,,,
10007212639,,,,
10008098470,,,,
10009232662,,,,
10003100120,,,,
10029748163,,,,
10081958819,,,,
10011146694,,,,
10049098855,,,,
10006108083,,,,
10007897295,,,,
10009009260,,,,
10007271546,,,,
10007294683,,,,
10021883584,,,,
10021849030,,,,
10021708277,,,,
10075041204,,,,
10034956154,,,,
10015977803,,,,
10049101683,,,,
10036435406,,,,
10015267174,,,,
10007828183,,,,
10007772108,,,,
10010114555,,,,
10021858225,,,,
10067882301,,,,
10021707772,,,,
10022218337,,,,
10073838202,,,,
10022021812,,,,
10028995102,,,,
10061956813,,,,
10090555241,,,,
10015339522,,,,
10010773549,,,,
10103100120,,,,
10109017243,,,,
10152089586,,,,
10007904369,,,,
10009504667,,,,
10009012391,,,,
10007501821,,,,
10005964571,,,,
10059067223,,,,
10110592310,,,,
10086701210,,,,
10069352758,,,,
10111767727,,,,
10109615943,,,,
10097209542,,,,
10086400611,,,,
10009009159,,,,
10088726789,,,,
10111152354,,,,
10090680735,,,,
10009154558,,,,
10010645732,,,,
10021114658,,,,
10007827880,,,,
10055137915,,,,
10163279447,,,,
10050002066,,,,
10034964036,,,,
10084168092,,,,
10048839884,,,,
10010829123,,,,
10010743439,,,,
10085951478,,,,
10083759480,,,,
10084687852,,,,
10069242220,,,,
10109736282,,,,
10098242388,,,,
10109024445,,,,
10123615669,,,,
10112656588,,,,
10021769713,,,,
10087428003,,,,
10022169029,,,,
10115054007,,,,
10107707467,,,,
10099751952,,,,
10108840246,,,,
10099751245,,,,
10108985544,,,,
10022075968,,,,
10050098500,,,,
10127688255,,,,
10050626809,,,,
10057795513,,,,
10015145724,,,,
10112155929,,,,
10123398734,,,,
10099012934,,,,
10109021516,,,,
10135490691,,,,
10101588383,,,,
10098239661,,,,
10136001155,,,,
10123254345,,,,
10109817118,,,,
10122126923,,,,
10097210552,,,,
10136846974,,,,
10010170331,,,,
10049099865,,,,
10111168448,,,,
10086700907,,,,
10124110571,,,,
10054379392,,,,
10021915920,,,,
10126095132,,,,
10021942491,,,,
10132721747,,,,
10101588383,,,,
10061103314,,,,
10097209138,,,,
10123398734,,,,
10022147003,,,,
10123151988,,,,
10073010062,,,,
10089899883,,,,
10088306962,,,,
10099751952,,,,
10110592310,,,,
10109024445,,,,
10109817118,,,,
10069242220,,,,
10059067223,,,,
10129509229,,,,
10136962768,,,,
10135663372,,,,
10128449909,,,,
10135667315,,,,
10136969135,,,,
10136968529,,,,
10054985644,,,,
10092163118,,,,
10009150215,,,,
10122266258,,,,
10135663372,,,,
10048493011,,,,
10072874969,,,,
10061341164,,,,
10075185084,,,,
10050942562,,,,
10085954007,,,,
10021855595,,,,
10084168092,,,,
10113665893,,,,
10021847313,,,,
10009062006,,,,
10015442077,,,,
10009009159,,,,
10009190227,,,,
10015442380,,,,
10006442501,,,,
10021849030,,,,
10111767727,,,,
10004868370,,,,
10004868370,,,,
10056177128,,,,
10015553124,,,,
10104770791,,,,
10059067223,,,,
10010717268,,,,
10004594447,,,,
10004594447,,,,
10004594447,,,,
10004594447,,,,
10004594447,,,,
10004594447,,,,
10004594447,,,,
10004594447,,,,
10014178552,,,,
10014178552,,,,
10014178552,,,,
10003096708,,,,
10009040279,,,,
10009040279,,,,
10009040279,,,,
10009040279,,,,
10009040279,,,,
10009040279,,,,
10009040279,,,,
10009040279,,,,
10009040279,,,,
10122258174,,,,
10059070960,,,,
10064452743,,,,
10111168448,,,,
10010170331,,,,
10083950450,,,,
10075826193,,,,
10075826193,,,,
10075826193,,,,
10075826193,,,,
10075826193,,,,
10075826193,,,,
10075826193,,,,
10010713935,,,,
10010713935,,,,
10010713935,,,,
10010713935,,,,
10010713935,,,,
10086700907,,,,
10099752558,,,,
10086700907,,,,
10099752558,,,,
10086700907,,,,
10086700907,,,,
10086700907,,,,
10099752558,,,,
10099752558,,,,
10086700907,,,,
10086700907,,,,
10086700907,,,,
10099752558,,,,
10086700907,,,,
10099752558,,,,
10109736282,,,,
10085951478,,,,
10085951478,,,,
10085951478,,,,
10072398356,,,,
10124110571,,,,
10124110571,,,,
10124110571,,,,
10124110571,,,,
10021858225,,,,
10010894696,,,,
10048325582,,,,
10048325582,,,,
10048325582,,,,
10048325582,,,,
10048325582,,,,
10048325582,,,,
10007618524,,,,
10007618524,,,,
10007618524,,,,
10007618524,,,,
10007618524,,,,
10007618524,,,,
10007618524,,,,
10007618524,,,,
10007618524,,,,
10007618524,,,,
10067881893,,,,
10067881893,,,,
10067881893,,,,
10006063086,,,,
10006063086,,,,
10006063086,,,,
10006063086,,,,
10006063086,,,,
10006063086,,,,
10009010876,,,,
10009010876,,,,
10009010876,,,,
10006900421,,,,
10006900421,,,,
10006900421,,,,
10099753770,,,,
10004765209,,,,
10004765209,,,,
10006604771,,,,
10006604771,,,,
10006604771,,,,
10006604771,,,,
10006604771,,,,
10006604771,,,,
10006604771,,,,
10006604771,,,,
10010171442,,,,
10010171442,,,,
10010171442,,,,
10010171442,,,,
10010171442,,,,
10010171442,,,,
10010171442,,,,
10010171442,,,,
10010171442,,,,
10029804040,,,,
10029804040,,,,
10029804040,,,,
10029804040,,,,
10029804040,,,,
10029804040,,,,
10009967641,,,,
10009967641,,,,
10009967641,,,,
10009967641,,,,
10009967641,,,,
10009967641,,,,
10009967641,,,,
10009967641,,,,
10009967641,,,,
10068955361,,,,
10068955361,,,,
10004616877,,,,
10004616877,,,,
10004616877,,,,
10004616877,,,,
10004616877,,,,
10004616877,,,,
10004616877,,,,
10004616877,,,,
10004616877,,,,
10004616877,,,,
10004616877,,,,
10004616877,,,,
10054379392,,,,
10054379392,,,,
10054379392,,,,
10054379392,,,,
10054379392,,,,
10054379392,,,,
10054379392,,,,
10054379392,,,,
10054379392,,,,
10054379392,,,,
10054379392,,,,
10010166590,,,,
10010166590,,,,
10010166590,,,,
10010166590,,,,
10010166590,,,,
10010166590,,,,
10010166590,,,,
10010166590,,,,
10010166590,,,,
10010166590,,,,
10010166590,,,,
10010166590,,,,
10010166590,,,,
10007508083,,,,
10006108083,,,,
10007508083,,,,
10006108083,,,,
10006073493,,,,
10006108083,,,,
10007508083,,,,
10006108083,,,,
10007508083,,,,
10113857873,,,,
10113857873,,,,
10113857873,,,,
10009316024,,,,
10009316024,,,,
10011163973,,,,
10021917940,,,,
10021917940,,,,
10023551075,,,,
10023551075,,,,
10023551075,,,,
10023551075,,,,
10023551075,,,,
10004617988,,,,
10004617988,,,,
10004617988,,,,
10021915920,,,,
10021915920,,,,
10021915920,,,,
10021915920,,,,
10021915920,,,,
10021915920,,,,
10021915920,,,,
10021915920,,,,
10021915920,,,,
10021915920,,,,
10021915920,,,,
10021915920,,,,
10110592310,,,,
10126095132,,,,
10110592310,,,,
10110592310,,,,
10110592310,,,,
10010775973,,,,
10010775973,,,,
10010775973,,,,
10053568131,,,,
10018749474,,,,
10135403900,,,,
10135403900,,,,
10067882301,,,,
10067882301,,,,
10067882301,,,,
10099016267,,,,
10099016267,,,,
10010931880,,,,
10055349695,,,,
10055349695,,,,
10055349695,,,,
10055349695,,,,
10055349695,,,,
10021942491,,,,
10021942491,,,,
10021942491,,,,
10021942491,,,,
10021942491,,,,
10021942491,,,,
10021942491,,,,
10021893688,,,,
10135490691,,,,
10135490691,,,,
10010747681,,,,
10010747681,,,,
10010747681,,,,
10010747681,,,,
10010747681,,,,
10010747681,,,,
10009175574,,,,
10010624918,,,,
10010624918,,,,
10010624918,,,,
10010624918,,,,
10010624918,,,,
10010624918,,,,
10010624918,,,,
10010624918,,,,
10010624918,,,,
10010624918,,,,
10088729419,,,,
10088729419,,,,
10088729419,,,,
10088729419,,,,
10021883584,,,,
10048493011,,,,
10048493011,,,,
10048493011,,,,
10021883584,,,,
10048493011,,,,
10005782695,,,,
10005782695,,,,
10005782695,,,,
10005782695,,,,
10005782695,,,,
10005782695,,,,
10005782695,,,,
10086399803,,,,
10086399803,,,,
10086399803,,,,
10086399803,,,,
10086399803,,,,
10086399803,,,,
10086399803,,,,
10010778704,,,,
10010778704,,,,
10010778704,,,,
10010778704,,,,
10010778704,,,,
10021886921,,,,
10021886921,,,,
10021886921,,,,
10021886921,,,,
10021886921,,,,
10021886921,,,,
10021886921,,,,
10021886921,,,,
10021886921,,,,
10009134956,,,,
10009134956,,,,
10009134956,,,,
10009134956,,,,
10009134956,,,,
10009134956,,,,
10009134956,,,,
10009134956,,,,
10009134956,,,,
10009134956,,,,
10009134956,,,,
10009134956,,,,
10009134956,,,,
10088726789,,,,
10088726789,,,,
10088726789,,,,
10088726789,,,,
10088726789,,,,
10088726789,,,,
10088726789,,,,
10088726789,,,,
10026071156,,,,
10026071156,,,,
10026071156,,,,
10016392374,,,,
10016392374,,,,
10016392374,,,,
10015002648,,,,
10015002648,,,,
10060086531,,,,
10015793907,,,,
10003100142,,,,
10003100142,,,,
10003100142,,,,
10003100142,,,,
10003100142,,,,
10003100142,,,,
10003100142,,,,
10003100142,,,,
10064209839,,,,
10021932084,,,,
10021932084,,,,
10007779683,,,,
10007779683,,,,
10007779683,,,,
10007779683,,,,
10007779683,,,,
10007779683,,,,
10007779683,,,,
10007779683,,,,
10021931579,,,,
10021931579,,,,
10010792242,,,,
10084364621,,,,
10084364621,,,,
10016270116,,,,
10016270116,,,,
10016270116,,,,
10083759480,,,,
10083759480,,,,
10083759480,,,,
10095274996,,,,
10050098500,,,,
10050098500,,,,
10050098500,,,,
10050098500,,,,
10050098500,,,,
10088465091,,,,
10006666596,,,,
10006666596,,,,
10006666596,,,,
10006666596,,,,
10050873046,,,,
10050873046,,,,
10050873046,,,,
10050873046,,,,
10009721202,,,,
10009721202,,,,
10126099677,,,,
10126099677,,,,
10058497650,,,,
10058497650,,,,
10058497650,,,,
10058497650,,,,
10058497650,,,,
10021707772,,,,
10021708378,,,,
10021708277,,,,
10098242388,,,,
10069352758,,,,
10097209542,,,,
10132721747,,,,
10015171184,,,,
10015171184,,,,
10015171184,,,,
10015171184,,,,
10015171184,,,,
10015171184,,,,
10015171184,,,,
10015171184,,,,
10015171184,,,,
10015171184,,,,
10015171184,,,,
10005964672,,,,
10005964672,,,,
10110977478,,,,
10110977478,,,,
10110977478,,,,
10110977478,,,,
10110977478,,,,
10110977478,,,,
10110977478,,,,
10110977478,,,,
10110977478,,,,
10110977478,,,,
10110977478,,,,
10110977478,,,,
10072107558,,,,
10072107558,,,,
10072107558,,,,
10072107558,,,,
10023663536,,,,
10023663536,,,,
10023663536,,,,
10023663536,,,,
10023663536,,,,
10006904461,,,,
10006904461,,,,
10006904461,,,,
10006904461,,,,
10006904461,,,,
10006904461,,,,
10006904461,,,,
10011157206,,,,
10011157206,,,,
10011157206,,,,
10011157206,,,,
10011157206,,,,
10109024445,,,,
10109024445,,,,
10109024445,,,,
10009975523,,,,
10007242648,,,,
10007242648,,,,
10007242648,,,,
10007242648,,,,
10007242648,,,,
10007242648,,,,
10007242648,,,,
10015171386,,,,
10015171386,,,,
10021696254,,,,
10010169624,,,,
10010169624,,,,
10010169624,,,,
10010169624,,,,
10010169624,,,,
10010169624,,,,
10010169624,,,,
10010169624,,,,
10073485059,,,,
10073485059,,,,
10073485059,,,,
10021676349,,,,
10021677258,,,,
10021677258,,,,
10021677258,,,,
10021677258,,,,
10025432875,,,,
10025432875,,,,
10025432875,,,,
10104771502,,,,
10015528367,,,,
10015528367,,,,
10015528367,,,,
10015528367,,,,
10015528367,,,,
10015528367,,,,
10015528367,,,,
10015528367,,,,
10015528367,,,,
10015528367,,,,
10015528367,,,,
10015528367,,,,
10015528367,,,,
10015528367,,,,
10015528367,,,,
10015528367,,,,
10062787474,,,,
10062787474,,,,
10062787474,,,,
10062787474,,,,
10015279605,,,,
10015279605,,,,
10064643309,,,,
10064643309,,,,
10064643309,,,,
10086701210,,,,
10101588383,,,,
10101588383,,,,
10086701210,,,,
10005968918,,,,
10005968918,,,,
10005968918,,,,
10005968918,,,,
10005968918,,,,
10005968918,,,,
10005968918,,,,
10005968918,,,,
10069242220,,,,
10069242220,,,,
10069242220,,,,
10069242220,,,,
10069242220,,,,
10009118990,,,,
10086404146,,,,
10086404146,,,,
10086404146,,,,
10086404146,,,,
10007811716,,,,
10007811716,,,,
10131799742,,,,
10015781678,,,,
10048888990,,,,
10048888990,,,,
10048888990,,,,
10015683567,,,,
10015683567,,,,
10015683567,,,,
10015683567,,,,
10015683567,,,,
10015683567,,,,
10015683567,,,,
10015683567,,,,
10015683567,,,,
10015683567,,,,
10086400611,,,,
10086400611,,,,
10123615669,,,,
10015483507,,,,
10015483507,,,,
10015483507,,,,
10007499292,,,,
10007499292,,,,
10007499292,,,,
10007499292,,,,
10010652196,,,,
10015992654,,,,
10015992654,,,,
10010652196,,,,
10010652196,,,,
10015992654,,,,
10010652196,,,,
10010652196,,,,
10010652196,,,,
10010652196,,,,
10015578382,,,,
10015578382,,,,
10015578382,,,,
10021785776,,,,
10021785776,,,,
10055348887,,,,
10055348887,,,,
10007379761,,,,
10007379761,,,,
10007379761,,,,
10007379761,,,,
10007379761,,,,
10007379761,,,,
10007379761,,,,
10007379761,,,,
10007379761,,,,
10007379761,,,,
10007379761,,,,
10007379761,,,,
10011141846,,,,
10011141846,,,,
10124023170,,,,
10047201594,,,,
10047201594,,,,
10047201594,,,,
10047201594,,,,
10047201594,,,,
10047201594,,,,
10047309712,,,,
10047201594,,,,
10047309712,,,,
10047201594,,,,
10047309712,,,,
10047201594,,,,
10047309712,,,,
10047201594,,,,
10047309712,,,,
10047201594,,,,
10047201594,,,,
10047201594,,,,
10088306861,,,,
10088306861,,,,
10088306861,,,,
10088306861,,,,
10010640981,,,,
10010640981,,,,
10010640981,,,,
10010640981,,,,
10010640981,,,,
10010640981,,,,
10112155929,,,,
10041041993,,,,
10041041993,,,,
10041041993,,,,
10041041993,,,,
10041041993,,,,
10041041993,,,,
10041041993,,,,
10041041993,,,,
10041041993,,,,
10015984469,,,,
10015984469,,,,
10112656588,,,,
10098239661,,,,
10061103314,,,,
10009181032,,,,
10009181032,,,,
10009181032,,,,
10009181032,,,,
10009181032,,,,
10009181032,,,,
10009181032,,,,
10009181032,,,,
10009181032,,,,
10009178002,,,,
10009178002,,,,
10009073524,,,,
10009073524,,,,
10010608447,,,,
10010167402,,,,
10010167402,,,,
10010167402,,,,
10010167402,,,,
10010167402,,,,
10010167402,,,,
10010167402,,,,
10010098589,,,,
10010098589,,,,
10010098589,,,,
10010098589,,,,
10010098589,,,,
10006422895,,,,
10006422895,,,,
10006422895,,,,
10006422895,,,,
10006422895,,,,
10006422895,,,,
10006422895,,,,
10035198149,,,,
10064763648,,,,
10035198149,,,,
10097209138,,,,
10064763648,,,,
10064763648,,,,
10004599194,,,,
10009117778,,,,
10009117778,,,,
10009117778,,,,
10109615943,,,,
10136404313,,,,
10021769713,,,,
10021769713,,,,
10021769713,,,,
10021769713,,,,
10021769713,,,,
10021769713,,,,
10021769713,,,,
10021769713,,,,
10008918122,,,,
10009978048,,,,
10009978048,,,,
10009978048,,,,
10009978048,,,,
10009978048,,,,
10009978048,,,,
10009978048,,,,
10009978048,,,,
10009884033,,,,
10009884033,,,,
10009884033,,,,
10009884033,,,,
10066161458,,,,
10066161458,,,,
10066161458,,,,
10066161458,,,,
10066161458,,,,
10066161458,,,,
10066161458,,,,
10066161458,,,,
10066161458,,,,
10066161458,,,,
10015916367,,,,
10015916367,,,,
10015916367,,,,
10002501368,,,,
10002501368,,,,
10002501368,,,,
10002501368,,,,
10002501368,,,,
10002501368,,,,
10002501368,,,,
10002501368,,,,
10002501368,,,,
10123398734,,,,
10123398734,,,,
10123398734,,,,
10088738109,,,,
10088738109,,,,
10050626809,,,,
10050626809,,,,
10050626809,,,,
10050626809,,,,
10009125458,,,,
10010713329,,,,
10010713329,,,,
10010713329,,,,
10010713329,,,,
10010713329,,,,
10010713329,,,,
10010713329,,,,
10021766578,,,,
10021766578,,,,
10021766578,,,,
10021766578,,,,
10021766578,,,,
10021766578,,,,
10021766578,,,,
10021766578,,,,
10021766578,,,,
10021766578,,,,
10021766578,,,,
10009535686,,,,
10009535686,,,,
10009535686,,,,
10009535686,,,,
10009535686,,,,
10009535686,,,,
10009535686,,,,
10009535686,,,,
10009535686,,,,
10009535686,,,,
10009535686,,,,
10009535686,,,,
10009535686,,,,
10009535686,,,,
10009535686,,,,
10009535686,,,,
10011155990,,,,
10060341054,,,,
10066087191,,,,
10066087191,,,,
10004875747,,,,
10083758672,,,,
10127778989,,,,
10009181234,,,,
10009181234,,,,
10009181234,,,,
10009181234,,,,
10009181234,,,,
10009181234,,,,
10009181234,,,,
10009181234,,,,
10009181234,,,,
10009181234,,,,
10009181234,,,,
10009181234,,,,
10009181234,,,,
10009181234,,,,
10009181234,,,,
10009181234,,,,
10056072650,,,,
10009972994,,,,
10009972994,,,,
10009972994,,,,
10009972994,,,,
10022147003,,,,
10022147003,,,,
10022147003,,,,
10022147003,,,,
10022147003,,,,
10022147003,,,,
10022147003,,,,
10022147003,,,,
10023485094,,,,
10023485094,,,,
10023485094,,,,
10034884921,,,,
10075744654,,,,
10007793326,,,,
10007793326,,,,
10022140636,,,,
10015978712,,,,
10015978712,,,,
10061978132,,,,
10061978132,,,,
10050942663,,,,
10050942663,,,,
10023528847,,,,
10023528847,,,,
10023528847,,,,
10023528847,,,,
10111098730,,,,
10111098730,,,,
10075041204,,,,
10022176608,,,,
10022176608,,,,
10022176608,,,,
10022176608,,,,
10022176608,,,,
10022176608,,,,
10022176608,,,,
10022176608,,,,
10022176608,,,,
10022176608,,,,
10022176608,,,,
10087428003,,,,
10110181344,,,,
10010181344,,,,
10010181344,,,,
10009195883,,,,
10009195883,,,,
10009195883,,,,
10009195883,,,,
10009195883,,,,
10009195883,,,,
10009195883,,,,
10009195883,,,,
10009195883,,,,
10010640880,,,,
10110640880,,,,
10110640880,,,,
10010640880,,,,
10010640880,,,,
10010640880,,,,
10010640880,,,,
10010640880,,,,
10010640880,,,,
10010640880,,,,
10010640880,,,,
10010640880,,,,
10006669439,,,,
10006669439,,,,
10006669439,,,,
10006669439,,,,
10006669439,,,,
10022169029,,,,
10022169029,,,,
10022169029,,,,
10022169029,,,,
10022169029,,,,
10022169029,,,,
10022169029,,,,
10022169029,,,,
10022169029,,,,
10022169029,,,,
10011152354,,,,
10011152354,,,,
10011152354,,,,
10011152354,,,,
10011152354,,,,
10011152354,,,,
10011152354,,,,
10014739435,,,,
10014739435,,,,
10014739435,,,,
10135359339,,,,
10010166590,,,,
10005511503,,,,
10005511503,,,,
10005511503,,,,
10005511503,,,,
10063745855,,,,
10063745855,,,,
10063745855,,,,
10063745855,,,,
10123151988,,,,
10083968537,,,,
10022235919,,,,
10022235919,,,,
10008966622,,,,
10081958819,,,,
10081958819,,,,
10081958819,,,,
10081958819,,,,
10081958819,,,,
10081958819,,,,
10081958819,,,,
10108741428,,,,
10108741428,,,,
10006182318,,,,
10006182318,,,,
10006182318,,,,
10006182318,,,,
10006182318,,,,
10006182318,,,,
10006182318,,,,
10075047668,,,,
10006182318,,,,
10006182318,,,,
10075047668,,,,
10075047668,,,,
10075047668,,,,
10006182318,,,,
10006182318,,,,
10053232065,,,,
10010645732,,,,
10010645732,,,,
10007502427,,,,
10007502427,,,,
10007502427,,,,
10007502427,,,,
10007502427,,,,
10010715046,,,,
10010715046,,,,
10022213283,,,,
10006289624,,,,
10006289624,,,,
10006289624,,,,
10006289624,,,,
10006289624,,,,
10006289624,,,,
10022218337,,,,
10099012934,,,,
10099012934,,,,
10099012934,,,,
10088894016,,,,
10021114658,,,,
10021114658,,,,
10030732109,,,,
10030732109,,,,
10030732109,,,,
10015266972,,,,
10015266972,,,,
10108985847,,,,
10108985847,,,,
10065045049,,,,
10065045049,,,,
10065045049,,,,
10065045049,,,,
10016450776,,,,
10005727327,,,,
10005727327,,,,
10010641284,,,,
10010641284,,,,
10010641284,,,,
10119038178,,,,
10020981585,,,,
10020981585,,,,
10020981585,,,,
10020981585,,,,
10020981585,,,,
10020981585,,,,
10020981585,,,,
10082509796,,,,
10082509796,,,,
10082509796,,,,
10082509796,,,,
10061655608,,,,
10061655608,,,,
10061655608,,,,
10061655608,,,,
10122775712,,,,
10122775712,,,,
10122775712,,,,
10122775712,,,,
10009232663,,,,
10128887318,,,,
10009073221,,,,
10099016570,,,,
10045952924,,,,
10045952924,,,,
10136001155,,,,
10115054007,,,,
10010821241,,,,
10087566126,,,,
10010821241,,,,
10010821241,,,,
10010821241,,,,
10087566126,,,,
10107707467,,,,
10107707467,,,,
10107707467,,,,
10022183981,,,,
10022183981,,,,
10022183981,,,,
10022183981,,,,
10022183981,,,,
10022183981,,,,
10022183981,,,,
10022183981,,,,
10010626938,,,,
10010626938,,,,
10006552534,,,,
10006552534,,,,
10006552534,,,,
10006552534,,,,
10006552534,,,,
10006552534,,,,
10006552534,,,,
10006552534,,,,
10006552534,,,,
10006552534,,,,
10006552534,,,,
10015914145,,,,
10015914145,,,,
10037964871,,,,
10037964871,,,,
10037964871,,,,
10022180749,,,,
10022180749,,,,
10003011125,,,,
10029748163,,,,
10029748163,,,,
10010028770,,,,
10010028770,,,,
10010028770,,,,
10053771225,,,,
10053771225,,,,
10053771225,,,,
10053771225,,,,
10053771225,,,,
10029209512,,,,
10010829830,,,,
10022161753,,,,
10022161753,,,,
10010598141,,,,
10010598141,,,,
10010598141,,,,
10010598141,,,,
10010598141,,,,
10010598141,,,,
10010598141,,,,
10010598141,,,,
10010797292,,,,
10010797292,,,,
10010797292,,,,
10034048600,,,,
10034048600,,,,
10034048600,,,,
10034048600,,,,
10034048600,,,,
10036279596,,,,
10036279596,,,,
10036279596,,,,
10036279596,,,,
10036279596,,,,
10036279596,,,,
10036279596,,,,
10036279596,,,,
10109991718,,,,
10109991718,,,,
10010830840,,,,
10010830840,,,,
10010830840,,,,
10010830840,,,,
10010830840,,,,
10123254345,,,,
10092839892,,,,
10009039774,,,,
10009039774,,,,
10009039774,,,,
10099751952,,,,
10099751952,,,,
10015781476,,,,
10015781476,,,,
10015781476,,,,
10015781476,,,,
10016297293,,,,
10057795513,,,,
10057795513,,,,
10015145724,,,,
10015145724,,,,
10015145724,,,,
10015145724,,,,
10015145724,,,,
10015145724,,,,
10108840246,,,,
10108840246,,,,
10108840246,,,,
10108840246,,,,
10010713329,,,,
10015915559,,,,
10015915559,,,,
10015915559,,,,
10015915559,,,,
10015915559,,,,
10015915559,,,,
10015915559,,,,
10050548094,,,,
10048224138,,,,
10010798003,,,,
10010798003,,,,
10010664829,,,,
10010664829,,,,
10010664829,,,,
10010664829,,,,
10009079382,,,,
10009079382,,,,
10009079382,,,,
10009079382,,,,
10009079382,,,,
10009079382,,,,
10009079382,,,,
10009079382,,,,
10009079382,,,,
10009079382,,,,
10009079382,,,,
10064034229,,,,
10064034229,,,,
10064034229,,,,
10022031512,,,,
10022031512,,,,
10022031512,,,,
10022031512,,,,
10022031512,,,,
10022031512,,,,
10022031512,,,,
10022031512,,,,
10022031512,,,,
10022031512,,,,
10069542617,,,,
10022031512,,,,
10009150215,,,,
10049101683,,,,
10009150215,,,,
10049101683,,,,
10009150215,,,,
10009150215,,,,
10009150215,,,,
10009150215,,,,
10009150215,,,,
10080656490,,,,
10008167986,,,,
10115010355,,,,
10073838202,,,,
10005953154,,,,
10005953154,,,,
10005953154,,,,
10005953154,,,,
10005953154,,,,
10005953154,,,,
10020784353,,,,
10020784353,,,,
10009012391,,,,
10009012391,,,,
10009012391,,,,
10009012391,,,,
10009012391,,,,
10009012391,,,,
10009012391,,,,
10009012391,,,,
10009012391,,,,
10036578478,,,,
10036578478,,,,
10036578478,,,,
10036578478,,,,
10094449183,,,,
10094449183,,,,
10122805317,,,,
10109711529,,,,
10084687852,,,,
10109711529,,,,
10084687852,,,,
10084687852,,,,
10109711529,,,,
10109711529,,,,
10084687852,,,,
10084687852,,,,
10109711529,,,,
10109711529,,,,
10084687852,,,,
10084687852,,,,
10135334784,,,,
10022037370,,,,
10022037370,,,,
10073010062,,,,
10007272455,,,,
10007272455,,,,
10007272455,,,,
10007272455,,,,
10007272455,,,,
10007272455,,,,
10007272455,,,,
10007272455,,,,
10007272455,,,,
10007272455,,,,
10007272455,,,,
10016111983,,,,
10016111983,,,,
10016111983,,,,
10016111983,,,,
10016111983,,,,
10016111983,,,,
10016111983,,,,
10016111983,,,,
10016111983,,,,
10016111983,,,,
10016111983,,,,
10085002700,,,,
10109817118,,,,
10109817118,,,,
10008950858,,,,
10008950858,,,,
10008950858,,,,
10008950858,,,,
10008950858,,,,
10122126923,,,,
10122126923,,,,
10021956740,,,,
10021956740,,,,
10007351671,,,,
10007351671,,,,
10007351671,,,,
10127688255,,,,
10009233370,,,,
10009233370,,,,
10009233370,,,,
10009233370,,,,
10009233370,,,,
10009233370,,,,
10009233370,,,,
10009233370,,,,
10009233370,,,,
10009233370,,,,
10009233370,,,,
10009233370,,,,
10048100765,,,,
10048100765,,,,
10048100765,,,,
10048100765,,,,
10048100765,,,,
10048100765,,,,
10048100765,,,,
10048100765,,,,
10115010961,,,,
10115010961,,,,
10115010961,,,,
10115010961,,,,
10015483709,,,,
10015483709,,,,
10018638431,,,,
10018638431,,,,
10018638431,,,,
10018638431,,,,
10018638431,,,,
10099751245,,,,
10108942174,,,,
10089899883,,,,
10009118384,,,,
10009118384,,,,
10036578276,,,,
10036578276,,,,
10036578276,,,,
10036578276,,,,
10036578276,,,,
10075682010,,,,
10075682010,,,,
10055137915,,,,
10055137915,,,,
10055137915,,,,
10055137915,,,,
10055137915,,,,
10055137915,,,,
10007073506,,,,
10007073506,,,,
10007073506,,,,
10007073506,,,,
10007073506,,,,
10007073506,,,,
10007073506,,,,
10007073506,,,,
10007073506,,,,
10063033917,,,,
10010592279,,,,
10010592279,,,,
10010592279,,,,
10110071439,,,,
10099752962,,,,
10099752962,,,,
10099752962,,,,
10117936018,,,,
10117936018,,,,
10117936018,,,,
10117936018,,,,
10117936018,,,,
10117936018,,,,
10117936018,,,,
10117936018,,,,
10063279447,,,,
10063279447,,,,
10010641082,,,,
10010641082,,,,
10007535365,,,,
10007535365,,,,
10022063844,,,,
10075185084,,,,
10075185084,,,,
10075185084,,,,
10017950943,,,,
10017950943,,,,
10017950943,,,,
10017950943,,,,
10017950943,,,,
10017950943,,,,
10015483305,,,,
10015483305,,,,
10015483305,,,,
10015483305,,,,
10015483305,,,,
10015483305,,,,
10015483305,,,,
10097210552,,,,
10015483305,,,,
10015483305,,,,
10034919778,,,,
10034919778,,,,
10034919778,,,,
10034919778,,,,
10034919778,,,,
10034919778,,,,
10034919778,,,,
10010630271,,,,
10112266265,,,,
10112266265,,,,
10020982696,,,,
10020982696,,,,
10020982696,,,,
10108985544,,,,
10010644015,,,,
10014699726,,,,
10014699726,,,,
10014699726,,,,
10014699726,,,,
10014699726,,,,
10014699726,,,,
10014699726,,,,
10014699726,,,,
10010644015,,,,
10010644015,,,,
10010644015,,,,
10010644015,,,,
10010644015,,,,
10010644015,,,,
10010644015,,,,
10010644015,,,,
10010644015,,,,
10023438921,,,,
10023438921,,,,
10023438921,,,,
10023438921,,,,
10023438921,,,,
10023438921,,,,
10023438921,,,,
10023438921,,,,
10023438921,,,,
10010579448,,,,
10010579448,,,,
10010579448,,,,
10010579448,,,,
10010579448,,,,
10010579448,,,,
10010579448,,,,
10010579448,,,,
10010579448,,,,
10010714137,,,,
10010714137,,,,
10010714137,,,,
10010714137,,,,
10010714137,,,,
10010714137,,,,
10010714137,,,,
10010714137,,,,
10010714137,,,,
10010714137,,,,
10022075968,,,,
10022075968,,,,
10022075968,,,,
10022075968,,,,
10022075968,,,,
10016191708,,,,
10013460853,,,,
10013460853,,,,
10013460853,,,,
10009727767,,,,
10009727767,,,,
10007890932,,,,
10009727767,,,,
10007890932,,,,
10009727767,,,,
10009727767,,,,
10009727767,,,,
10010678569,,,,
10010678569,,,,
10010678569,,,,
10010678569,,,,
10010678569,,,,
10010678569,,,,
10010678569,,,,
10010678569,,,,
10010678569,,,,
10010678569,,,,
10010678569,,,,
10010678569,,,,
10010678569,,,,
10010678569,,,,
10050089669,,,,
10050089669,,,,
10050089669,,,,
10007498484,,,,
10007498484,,,,
10007498484,,,,
10007498484,,,,
10007498484,,,,
10007498484,,,,
10007498484,,,,
10007498484,,,,
10007498484,,,,
10007498484,,,,
10007498484,,,,
10002418415,,,,
10002418415,,,,
10002418415,,,,
10002418415,,,,
10015442481,,,,
10022095166,,,,
10022095166,,,,
10016235255,,,,
10016235255,,,,
10016235255,,,,
10016235255,,,,
10015713273,,,,
10015713273,,,,
10015713273,,,,
10015713273,,,,
10011088393,,,,
10022028680,,,,
10022027266,,,,
10088306962,,,,
10088306962,,,,
10088306962,,,,
10088306962,,,,
10088306962,,,,
10088306962,,,,
10088306962,,,,
10006184742,,,,
10022040606,,,,
10006184742,,,,
10006184742,,,,
10006184742,,,,
10022040606,,,,
10006184742,,,,
10006184742,,,,
10006184742,,,,
10006184742,,,,
10006184742,,,,
10022040606,,,,
10022040606,,,,
10006184742,,,,
10006184742,,,,
10022040606,,,,
10022040606,,,,
10022040606,,,,
10003100950,,,,
10003100950,,,,
10136846974,,,,
10022021812,,,,
10008997641,,,,
10008997641,,,,
10008997641,,,,
10008997641,,,,
10008997641,,,,
10008997641,,,,
10008997641,,,,
10022053437,,,,
10022053437,,,,
10137003689,,,,
10109021516,,,,
10109021516,,,,
10109021516,,,,
10007947011,,,,
10007947011,,,,
10007947011,,,,
10129788610,,,,
10034964036,,,,
10034964036,,,,
10034964036,,,,
10003100120,,,,
10003100120,,,,
10003100120,,,,
10003100120,,,,
10003100120,,,,
10003100120,,,,
10003100120,,,,
10003100120,,,,
10003100120,,,,
10003100120,,,,
10020900955,,,,
10020900955,,,,
10020900955,,,,
10015323152,,,,
10045965957,,,,
10045965957,,,,
10045965957,,,,
10045965957,,,,
10129788913,,,,
10129788913,,,,
10129788913,,,,
10009017243,,,,
10009017243,,,,
10009017243,,,,
10009017243,,,,
10009017243,,,,
10095118786,,,,
10006899613,,,,
10052089586,,,,
10052089586,,,,
10052089586,,,,
