,UCI_ID,Country,UCI_Bday,Status,UCI_Name
0,10009535686,NED,14.03.1997,ACTIVE,LAVREYSEN Harrie
1,10015145724,AUS,17.04.1999,ACTIVE,RICHARDSON Matthew
2,10009079382,POL,20.07.1995,ACTIVE,RUDYK Mateusz
3,10010830840,COL,28.10.1998,ACTIVE,QUINTERO CHAVARRO Kevin Santiago
4,10055349695,AUS,15.02.2000,Active,CORNISH Thomas
5,10117936018,SUR,19.10.1993,ACTIVE,TJON EN FA Jaïr
6,10034964036,ISR,01.09.2000,INACTIVE,YAKOVLEV Mikhail
7,10015483305,GBR,13.07.1999,ACTIVE,TURNBULL Hamish
8,10009967641,GBR,23.04.1997,ACTIVE,CARLIN Jack
9,10122775712,JPN,27.07.1999,Active,OTA Kaiya
10,10006894559,AUS,24.08.1992,ACTIVE,GLAETZER Matthew
11,10015683567,FRA,21.01.1999,ACTIVE,HELAL Rayan
12,10048325582,GER,01.02.1992,ACTIVE,BÖTTICHER Stefan
13,10007379761,NED,16.03.1993,ACTIVE,HOOGLAND Jeffrey
14,10009039774,COL,20.07.1994,ACTIVE,RAMIREZ MORALES Santiago
15,10061655608,COL,29.09.2000,ACTIVE,ORTEGA FONTALVO Cristian David
16,10007779683,GER,24.12.1995,ACTIVE,DÖRNBACH Maximilian
17,10010678569,FRA,18.04.1997,ACTIVE,VIGIER Sébastien
18,10015713273,CAN,21.10.1999,ACTIVE,WAMMES Nick
19,10020900955,JPN,17.12.1992,Active,YAMASAKI Kento
20,10010821241,TTO,23.09.1998,ACTIVE,PAUL Nicholas
21,10009009159,THA,16.02.1995,ACTIVE,ANGSUTHASAWIT Jai
22,10010166590,CZE,20.10.1998,ACTIVE,ČECHMAN Martin
23,10009181234,LTU,09.04.1995,ACTIVE,LENDEL Vasilijus
24,10010773549,JPN,29.02.1996,ACTIVE,OBARA Yuta
25,10010624918,NZL,04.09.1996,ACTIVE,DAKIN Sam
26,10006184742,NZL,16.07.1991,INACTIVE,WEBSTER Sam
27,10010797292,KAZ,15.04.1998,ACTIVE,PONOMARYOV Sergey
28,10007073506,HUN,03.07.1990,ACTIVE,SZALONTAY Sándor
29,10004868370,MAS,05.01.1988,ACTIVE,AWANG Mohd Azizulhasni
30,10064209839,CAN,04.12.1996,ACTIVE,DODYK Ryan
31,10005953154,POL,08.01.1990,ACTIVE,SARNECKI Rafal
32,10010592279,JPN,04.01.1994,ACTIVE,TERASAKI Kohei
33,10023551075,KAZ,17.01.2000,ACTIVE,CHUGAY Andrey
34,10017950943,GBR,14.02.1997,ACTIVE,TRUMAN Joseph
35,10011152354,ESP,28.05.1998,ACTIVE,MARTINEZ CHORRO Alejandro
36,10009178002,GER,21.01.1996,ACTIVE,JURCZYK Marc
37,10009010876,TTO,31.01.1994,ACTIVE,BROWNE Kwesi
38,10007351671,RSA,27.11.1989,Active,SPIES Jean
39,10050873046,IND,10.03.2001,ACTIVE,ESOW Esow
40,10127542452,RSA,01.10.1993,ACTIVE,MYBURGH Johannes
41,10021114658,JPN,08.06.1999,ACTIVE,NAKANO Shinji
42,10050626809,IND,22.06.2002,ACTIVE,LAITONJAM Ronaldo
43,10009012391,NZL,16.10.1995,ACTIVE,SAUNDERS Callum
44,10009150215,MAS,26.11.1995,Active,SAHROM Muhammad Shah Firdaus
45,10115009850,AUS,06.04.2004,ACTIVE,ELLIOTT Ryan
46,10048493011,AUS,23.12.1999,ACTIVE,DAVIES Byron
47,10010664829,IRL,07.04.1998,ACTIVE,ROWLEY Conor
48,10023438921,NED,20.03.2001,ACTIVE,VAN LOON Tijmen
49,10009972994,NED,12.12.1997,INACTIVE,LIGTLEE Sam
50,10072107558,AUS,01.06.2001,ACTIVE,GALLAGHER Sam
51,10015323152,CHN,16.03.1998,ACTIVE,YAN Weiming
52,10010713329,FRA,28.09.1997,ACTIVE,LANDERNEAU Melvin
53,10011146694,AUS,10.03.1999,INACTIVE,BRISTER James
54,10011141846,TPE,24.12.1998,INACTIVE,HSIEH Nien Hsing
55,10050002066,GER,31.07.2000,ACTIVE,HÖHNE Anton
56,10129788610,CHN,27.01.2001,INACTIVE,XUE Chenxi
57,10021915920,NZL,03.02.2001,ACTIVE,CLANCY Patrick
58,10026071156,FRA,29.01.1999,ACTIVE,DERACHE Tom
59,10086399803,NZL,31.12.2000,ACTIVE,DAY Dylan Keith Alby
60,10049101683,MAS,06.03.2001,ACTIVE,SAHROM Muhammad Ridwan
61,10055348887,AUS,11.06.2000,ACTIVE,HOFFMAN Leigh
62,10052089586,CHN,05.01.1999,ACTIVE,ZHOU Yu
63,10072398356,USA,01.06.2000,ACTIVE,BOONE Evan
64,10054062932,GER,08.12.2003,ACTIVE,WEINRICH Willy Leonhard
65,10049099865,KOR,16.02.2002,ACTIVE,KANG Seojun
66,10050089669,ARG,26.07.2000,ACTIVE,VILAR Lucas Oscar
67,10053835384,USA,03.03.2001,ACTIVE,TANG Geneway
68,10048224138,CAN,28.05.2003,ACTIVE,RORKE Tyler
69,10041041993,ESP,22.06.2001,ACTIVE,JIMENEZ ELIZONDO Ekain
70,10092163118,EGY,21.08.2002,ACTIVE,HASSAN Hussein
71,10097177412,AUS,03.03.2003,ACTIVE,BARBER Daniel
72,10060086531,INA,23.02.2001,ACTIVE,DHENTAKA Dika Alif
73,10023485094,CHN,29.11.2000,ACTIVE,LIU Qi
74,10007811716,AUS,04.03.1993,Inactive,HART Nathan
75,10113665893,EGY,18.01.2004,ACTIVE,ALLAM Khaled
76,10015915559,POL,30.08.1999,ACTIVE,ROCHNA Daniel
77,10009176281,POL,22.02.1996,ACTIVE,RAJKOWSKI Patryk
78,10007827880,JPN,02.11.1993,ACTIVE,SHINZAN Kyohei
79,10007535365,CZE,31.07.1993,ACTIVE,TOPINKA Dominik
80,10048100765,CZE,28.08.2000,ACTIVE,ŠŤASTNÝ Jakub
81,10004612534,CZE,04.06.1987,ACTIVE,BÁBEK Tomáš
82,10009843258,KOR,20.02.1997,INACTIVE,PARK Jeone
83,10048888990,CAN,15.11.2001,ACTIVE,HEDGCOCK James
84,10010608447,TPE,30.06.1997,ACTIVE,康 KANG 世峰 Shih Feng
85,10007502427,ESP,18.11.1993,ACTIVE,MORENO SANCHEZ Jose
86,10063033917,VEN,02.10.2001,ACTIVE,TERAN ARIAS Yorbert
87,10129878334,BEN,12.02.1998,INACTIVE,MENSAH Ezer
88,10083501624,GBR,21.08.2002,ACTIVE,NORRIS Hayden
89,10007294683,CZE,08.02.1993,ACTIVE,WAGNER Robin
90,10009154558,SIN,18.06.1996,ACTIVE,MOHAMED YUSOFF Mohamed Elyas
91,10064365948,FRA,12.03.2002,ACTIVE,PRIORE Luca
92,10063279447,HKG,17.07.1999,ACTIVE,TO Cheuk Hei
93,10080054383,HKG,28.05.2001,ACTIVE,YUNG Tsun Ho
94,10068955361,FRA,25.03.2003,ACTIVE,CARON Oscar
95,10010170331,LTU,18.11.1997,ACTIVE,BENIUŠIS Justas
96,10022040606,NZL,25.03.2002,ACTIVE,WEBSTER Reuben
97,10053142038,USA,15.06.2001,ACTIVE,CHU Andrew
98,10034048600,ITA,13.08.2004,ACTIVE,PREDOMO Mattia
99,10036103683,KAZ,03.01.2000,ACTIVE,REZANOV Dmitriy
100,10010920665,BRA,12.07.1997,ACTIVE,DA SILVA Joao Vitor
101,10088726789,UKR,23.12.2000,ACTIVE,DENYSENKO Vladyslav
102,10072874969,AUS,02.10.1996,INACTIVE,MADDERN Jade
103,10006137252,TPE,03.04.1990,ACTIVE,HSIAO Shih Hsin
104,10015992654,GER,30.08.1999,INACTIVE,HINZE Carl
105,10028995102,ITA,21.10.2001,ACTIVE,BIANCHI Matteo
106,10007501821,TTO,29.12.1993,ACTIVE,ALEXANDER Quincy
107,10009978048,NZL,11.12.1998,INACTIVE,KNIPE Bradly
108,10081023272,GRE,23.10.2001,ACTIVE,LIVANOS Konstantinos
109,10054985644,USA,17.02.1990,ACTIVE,ALVORD III James
110,10009181032,LTU,02.01.1995,INACTIVE,JONAUSKAS Svajūnas
111,10023923517,GBR,20.01.2001,ACTIVE,BUNTING James
112,10021001793,JPN,28.09.2001,INACTIVE,ICHIDA Ryuto
113,10009073524,GRE,11.01.1994,ACTIVE,KALOGEROPOULOS Ioannis
114,10086700907,NZL,28.09.2004,ACTIVE,BLACKWOOD Luke
115,10136185960,CHN,28.01.2004,INACTIVE,LI Zhiwei
116,10094578923,AUS,10.01.2001,ACTIVE,CARPENTER Finn
117,10010715046,ITA,22.06.1997,ACTIVE,MORO Stefano
118,10021766578,NZL,09.07.2003,INACTIVE,LART Kaio
119,10015171992,GER,22.03.1999,ACTIVE,BICHLER Timo
120,10007165755,BRA,24.01.1990,ACTIVE,CIPRIANO Flavio Vagner
121,10010743439,RSA,24.06.1997,ACTIVE,SPARROW Mitchell
122,10061341164,AUS,17.10.2000,ACTIVE,POLLARD Ned
123,10015769554,USA,15.03.1999,INACTIVE,DELGADO Sandor
124,10088729419,UKR,21.05.2002,Active,DANYLCHUK Bohdan
125,10048839884,ECU,26.10.2000,ACTIVE,BONE NAZARENO Francisco Miguel
126,10009903983,CZE,07.08.1998,ACTIVE,BOHUSLÁVEK Matěj
127,10094449183,GRE,06.06.2002,ACTIVE,SAVVAKIS Stamatios
128,10004737119,ESP,19.11.1983,ACTIVE,ESTEBAN HERRAIZ Itmar
129,10010645732,MAS,03.12.1997,ACTIVE,MOHD ZONIS Muhammad Fadhil
130,10075185084,AUS,22.05.2001,INACTIVE,TROVAS John
131,10090680735,JPN,24.09.1992,Inactive,MATSUI Koyu
132,10022615936,SWE,05.05.2000,INACTIVE,ERIKSSON Christoffer
133,10006904360,COL,12.07.1991,ACTIVE,PUERTA ZAPATA Fabian Hernando
134,10060701873,PER,11.12.1998,INACTIVE,CACHIQUE LINARES Francis Aldair
135,10007475448,COL,29.01.1990,ACTIVE,MURILLO MINOTA Ruben Dario
136,10057795513,JAM,14.03.2002,ACTIVE,REID Malik
137,10127009356,USA,28.07.1999,INACTIVE,PIPKINS Barak
138,10006063086,GRE,12.03.1990,ACTIVE,BRETAS Sotirios
139,10014936364,GBR,03.03.2000,ACTIVE,FIELDING Alistair
140,10063655222,HKG,31.01.2004,ACTIVE,MOK Tsz Chun
141,10016222121,USA,15.05.2000,INACTIVE,QUINN Thomas
142,10005641037,POL,19.05.1987,ACTIVE,BIELECKI Maciej
143,10075184882,AUS,20.11.2001,ACTIVE,CARISIMO Carlos
144,10015339522,CHN,01.05.1995,ACTIVE,GUO Shuai
145,10022176608,NZL,28.04.2004,ACTIVE,MANN Jared
146,10016308007,COL,28.12.1997,ACTIVE,OCHOA HENAO Juan David
147,10009671284,VEN,13.09.1996,INACTIVE,YANEZ Luis
148,10073343195,FRA,16.03.2002,ACTIVE,GILLION Timmy
149,10064034229,MEX,10.10.2000,ACTIVE,RUIZ TERAN Juan
150,10007729769,IRI,09.07.1992,ACTIVE,KHADEMI Ehsan
151,10096589348,AUS,15.03.1990,INACTIVE,WATLING David
152,10023427908,NED,12.05.2001,INACTIVE,KOOL Daan
153,10059054287,POL,02.09.2002,ACTIVE,BURAWSKI Konrad
154,10055137915,HUN,10.08.1993,ACTIVE,SZABO Norbert
155,10036384579,GER,12.12.2003,ACTIVE,GROß Paul
156,10113857873,GRE,29.09.2004,ACTIVE,CHAROVAS Miltiadis
157,10054250060,POL,08.05.2001,ACTIVE,SZTRAUCH Mateusz
158,10007890932,MEX,19.06.1994,ACTIVE,VERDUGO OSUNA Edgar
159,10060059451,CHI,15.02.1999,ACTIVE,FUENZALIDA GALAZ Joaquin
160,10088306962,NZL,20.03.1992,ACTIVE,WATTS Chris
161,10128452232,AUS,16.11.1990,INACTIVE,FLETCHER Brycen
162,10014006376,CHN,11.07.1998,ACTIVE,ZHAN Zewei
163,10092839892,CHI,06.07.2001,ACTIVE,RAMIREZ GOMEZ Vicente
164,10088731237,UKR,29.07.2001,ACTIVE,DUDKO Mykhailo-Yaroslav
165,10062078566,CHN,19.12.2000,ACTIVE,LU Jiachen
166,10055056069,MAS,21.05.2001,ACTIVE,AHMAD NAZERI Ahmad Safwan
167,10010829830,GUA,12.01.1998,INACTIVE,PINEDA Brandon
168,10054379392,NZL,15.02.2004,ACTIVE,CAVANAGH Liam
169,10036447429,MAS,05.04.2001,Active,MOHD KADIR Mohamad Fariz Haikal
170,10009523865,NED,27.10.1996,ACTIVE,GELUK Stijn
171,10036429847,GER,25.04.2003,ACTIVE,HACKMANN Henric
172,10064348568,USA,28.04.2004,INACTIVE,KOLLER Finn
173,10115622667,TKM,11.05.1998,ACTIVE,ASHYROV Mahmut
174,10075184680,AUS,13.11.2001,INACTIVE,HUTTON Brandon
175,10096523064,GER,19.06.2002,ACTIVE,SCHIPPERT Paul
176,10036242820,GER,22.07.2002,Active,KRUSE Domenic
177,10022147003,NZL,03.06.2002,ACTIVE,LIPP Sebastian
178,10062775855,KAZ,26.03.2001,INACTIVE,SAFAROV Alexandr
179,10030732109,ITA,06.01.2003,ACTIVE,NAPOLITANO Daniele
180,10071412188,FRA,25.12.2003,ACTIVE,COLSY Noé
181,10092218991,MAS,28.01.2003,ACTIVE,KHOW Yong Kiat
182,10022807613,NED,22.01.2002,ACTIVE,ROMIJN Lars
183,10115009749,AUS,27.05.2004,ACTIVE,LIEBEKNECHT Maxwell
184,10059690245,CAN,17.04.2002,ACTIVE,SCOTT Andrew
185,10097227427,PAK,31.03.1998,ACTIVE,SHAH Syed
186,10115010355,AUS,30.05.2003,INACTIVE,SAMUEL Daniel
187,10096738686,GBR,24.08.2003,ACTIVE,LOWE Ed
188,10115010153,AUS,16.03.2004,ACTIVE,STANTON Dylan
189,10022028680,NZL,09.09.1976,ACTIVE,WARREN Nicholas
190,10092578295,GBR,09.12.2003,ACTIVE,LEDINGHAM-HORN Harry
191,10009333404,USA,15.08.1989,ACTIVE,YOUNG Erin
192,10060044600,CHI,14.09.2001,ACTIVE,FUENZALIDA GALAZ Diego
193,10101896460,KAZ,19.06.2004,ACTIVE,KURDIDI Kirill
194,10011074249,NED,06.09.1979,ACTIVE,VAN DEN ENDE Jasper
195,10048858981,ECU,23.11.2000,INACTIVE,LOZANO ALBAN Allan Antonio
196,10089127018,RSA,28.10.2003,ACTIVE,SWART James
197,10051342989,GER,05.03.1986,ACTIVE,FÖRSTEMANN Robert
198,10005964470,JPN,21.03.1989,ACTIVE,WAKIMOTO Yuta
199,10078215831,ROU,28.03.2003,ACTIVE,SZASZ Ferenc-David
200,10059156745,RUS,09.07.2003,ACTIVE,SHEVTSOV Andrei
201,10126973586,BAN,07.01.2001,INACTIVE,HOSSAIN Biswas
202,10128660073,AUS,19.10.1999,INACTIVE,HUTTON David
203,10015998718,CHN,15.06.1998,ACTIVE,WANG Haizhou
204,10021829832,GBR,03.03.1980,INACTIVE,BURKE Gideon
205,10056067293,INA,27.06.2003,ACTIVE,JOLATA Fandi
206,10011080313,TPE,27.12.1992,ACTIVE,楊YANG 勝凱sheng Kai
207,10009668961,VEN,08.09.1996,INACTIVE,AGÜERO OROPEZA Adamil Javier
208,10083484244,KOR,04.12.2001,INACTIVE,CHOI Woorim
209,10055802969,GER,25.02.1972,ACTIVE,LAURENZ Marcel
210,10005276578,NED,08.09.1988,ACTIVE,VAN DEN BERG Roy
211,10008019557,ESP,25.02.1992,ACTIVE,GARCIA GOMEZ Gerard
212,10011162155,HKG,17.07.1999,INACTIVE,TO Cheuk Hei
213,10053240553,MAS,26.05.2002,ACTIVE,HAIZEMAN Muhammad Amir Farhan
214,10096738585,GBR,05.09.2003,ACTIVE,HILEY Marcus
215,10069552923,FRA,17.06.2002,ACTIVE,FONTANILLE Thierry
216,10022031512,NZL,13.08.2004,ACTIVE,RUSSELL Jaxson
217,10010821645,JAM,05.09.1997,ACTIVE,PALMER Daniel
218,10030674818,ITA,09.08.2003,ACTIVE,TUGNOLO Matteo
219,10121152475,PAR,06.04.1999,ACTIVE,DOMINGUEZ LOPEZ Alexis
220,10132657382,UZB,21.02.2004,ACTIVE,DMITRIYENKO Yevgeniy
221,10015564137,PAK,03.02.1993,ACTIVE,KHAN Mohsin
222,10010680993,USA,14.01.1998,INACTIVE,MCCLENDON Zachariah
223,10016209286,USA,21.02.1998,INACTIVE,HARTMAN Joshua
224,10062192643,RUS,09.04.2002,ACTIVE,BURDYGIN Gleb
225,10096873779,UZB,03.02.2002,Active,ABDUKHAKIMOV Timur
226,10080223731,LTU,22.08.2003,ACTIVE,VINSKAS Laurynas
227,10006379247,GER,02.04.1990,ACTIVE,EILERS Joachim
228,10125015095,JAM,25.12.2001,INACTIVE,WRIGHT Abubakr Lamin
229,10007390370,ROU,19.01.1991,ACTIVE,CRISTA Daniel
230,10130636853,JPN,14.11.2004,ACTIVE,NAKAISHI Minato
231,10124110571,NZL,11.03.2003,ACTIVE,BOOTH Bryant
232,10095274996,IND,20.09.2003,ACTIVE,ELKATHCHOONGO David
233,10060341054,CRC,20.11.1996,ACTIVE,LEANDRO MADRIGAL Nayib
234,10007227995,AUS,03.02.1993,ACTIVE,ZACCARIA Luke
235,10071954681,USA,10.07.1957,ACTIVE,ALVORD James
236,10130234103,BAN,31.12.1997,INACTIVE,HASAN Md
237,10015329216,IRL,16.02.1999,ACTIVE,BARNES Harvey
238,10112223122,DEN,25.02.1974,INACTIVE,GULDBORG Thomas
239,10043670996,ESP,25.08.2003,ACTIVE,SANCHEZ GARMENDIA Esteban
240,10087503478,TPE,30.09.2002,ACTIVE,蔡 TSAI 佳勳 Chia Hsun
241,10010771428,BEL,22.10.1998,ACTIVE,LEFEBER Mathias
242,10007947011,CHN,05.11.1994,ACTIVE,XU Chao
243,10008709267,CHI,16.11.1992,ACTIVE,MONARDES GONZALEZ Felipe
244,10010166792,GER,12.06.1998,ACTIVE,SCHRÖTER Nik
245,10004717719,VEN,08.12.1988,ACTIVE,CANELON VERA Hersony Gadiel
246,10060474329,CAN,14.01.2002,ACTIVE,GUILLEMETTE Mathias
247,10077480752,RUS,22.08.2005,ACTIVE,BUNKOV Maksim
248,10063399988,THA,27.09.1994,ACTIVE,NIWANTI Jaturong
249,10036435406,GER,10.04.2001,ACTIVE,JÄGER Julien
250,10095595100,RUS,25.10.2005,ACTIVE,DEMIANOV Sergei
251,10074984418,HUN,08.11.2001,ACTIVE,CSENGŐI Bálint
252,10088738109,UKR,23.04.2005,ACTIVE,KYRYCHENKO Danylo
253,10063086760,POL,22.06.2004,INACTIVE,MARCINIAK Marcin
254,10054807610,USA,11.01.1998,INACTIVE,WALTERS Dalton
255,10090906562,MAC,01.07.2001,ACTIVE,LIU Qihua
256,10092407739,PAR,18.04.2003,ACTIVE,PATIJN GONZALEZ Alexander
257,10006063187,GRE,02.12.1989,ACTIVE,VOUKELATOS Dimitrios
258,10084543261,THA,18.03.2001,ACTIVE,PETCHARAT Yeaunyong
259,10011162054,MAC,06.12.1998,Active,LAO Long San
260,10073461619,POR,16.09.1995,ACTIVE,JERÓNIMO João
261,10065054244,BEL,25.03.2004,ACTIVE,DE SCHRIJVER Runar
262,10091962953,RUS,12.01.2005,ACTIVE,KOZUBENKO Aleksei
263,10082777356,ARG,18.12.2000,INACTIVE,RODRIGUEZ Juan Bautista
264,10036454503,USA,21.10.2003,ACTIVE,ROBERTS Nicholas
265,10036152890,GER,07.08.2003,ACTIVE,BOOS Benjamin
266,10020998157,JPN,14.08.1998,INACTIVE,MURATA Yuki
267,10005276275,NOR,06.08.1987,ACTIVE,KARTFJORD Sebastian
268,10009864375,DEN,02.01.1996,ACTIVE,WALLIN Rasmus Bøgh
269,10087310791,THA,05.02.2002,ACTIVE,KITPHIRIYAKAN Nitirut
270,10096876207,UZB,27.06.2002,ACTIVE,EMINOV Edem
271,10010197007,AZE,16.06.1998,ACTIVE,MIKAYILZADE Musa
272,10009100503,FIN,16.05.1994,INACTIVE,PUTKONEN Pauli
273,10092260623,GEO,11.03.2002,ACTIVE,SITCHINAVA Nika
274,10119653524,BOL,16.03.2001,INACTIVE,LEDEZMA PUMA Joel David
275,10125773921,AZE,15.09.2003,ACTIVE,ISMAYILOV Yusif
276,10091449762,FRA,02.02.2001,ACTIVE,VASAPOLLI Loïs Hoanui
277,10010894696,ARG,23.04.1986,INACTIVE,BOTTASSO Leandro
278,10140692925,UZB,01.09.2005,Active,DJALALITDINOV Ruslan
279,10049098855,MAS,26.04.2000,INACTIVE,MASRI Amar Danial
280,10036147941,GER,06.05.1982,ACTIVE,HELBACH Aimo
281,10052056850,DEN,28.08.1966,ACTIVE,SOMMER Bo
282,10023843287,GBR,24.07.2000,ACTIVE,MONKS Niall
283,10052495370,POL,24.07.2004,ACTIVE,PRZYMUSINSKI Mateusz
284,10010931880,GUA,17.03.1997,INACTIVE,CORDON PAZ Luis
285,10007394515,JPN,16.09.1993,ACTIVE,NAGASAKO Yoshitaku
286,10056383454,POL,04.01.2003,ACTIVE,DOBRZYNSKI Tomasz
287,10083701078,ISR,12.08.2003,ACTIVE,KEINAN Amit
288,10122266258,EGY,19.03.2001,ACTIVE,SALEM Abdelrahman
289,10004765209,FRA,30.01.1988,ACTIVE,CALEYRON Quentin
290,10093662271,CUB,26.03.2002,INACTIVE,LOPEZ PEREZ Brayan
291,10009975927,GER,29.07.1997,ACTIVE,MALCHAREK Moritz
292,10001439725,FRA,13.05.1980,ACTIVE,DUBLE Arnaud
293,10130241072,BRA,16.01.1986,INACTIVE,LINDENBERG BRAGA DE THUIN Rafael
294,10067762665,FRA,24.10.2004,ACTIVE,PENAUD Sam
295,10016387021,BEL,26.06.2000,ACTIVE,DENS Tuur
296,10006141696,INA,25.08.1985,INACTIVE,SANSAKA Reno Yudho
297,10011132449,NOR,09.04.1998,ACTIVE,BIRKELAND Frode Svortevik
298,10049020851,DEN,30.04.1972,INACTIVE,NIELSEN Henrik
299,10060117550,CHI,20.01.2003,ACTIVE,RODRIGUEZ GONZALEZ Carlos
300,10062226288,SWE,25.06.2003,INACTIVE,MÅNSSON Jonas
301,10009041087,ROU,30.12.1993,ACTIVE,PLESEA Valentin
302,10052307535,THA,13.05.2000,ACTIVE,SAENKHAMWONG Wachirawit
303,10007782616,IRL,06.08.1993,ACTIVE,MULLEN Eoin
304,10050399463,CRC,04.04.2000,INACTIVE,RODRIGUEZ ARIAS Jordan
305,10009802741,AZE,20.04.1996,INACTIVE,ALIZADA Elgun
306,10045814292,FIN,02.08.2002,ACTIVE,KOLEHMAINEN Oskari
307,10060549101,GEO,16.10.2001,ACTIVE,PIRANISHVILI Avtandil
308,10011164074,KOR,09.10.1998,INACTIVE,KIM Chengsu
309,10016232427,BOL,22.10.1999,INACTIVE,ROCA CASTEDO Elias Raul
310,10075810736,AZE,01.06.2002,ACTIVE,ABDULAZIZLI Amral
311,10082977824,JPN,05.01.2002,INACTIVE,MIKAMI Ryoya
312,10120766596,IRI,07.07.2004,ACTIVE,RAHIMABADI Mohammad
313,10132657281,UZB,04.09.2005,ACTIVE,ESHANKULOV Asadbek
314,10010857314,CUB,03.03.1998,ACTIVE,ARIAS CLARK Yansel
315,10006058743,NED,04.09.1989,ACTIVE,EEFTING-BLOEM Roy
316,10009519421,ESP,11.06.1996,ACTIVE,USACH SANCHO Manel
317,10055760937,TTO,22.11.2000,ACTIVE,PULIDO Zion
318,10034778928,SUI,11.02.2002,ACTIVE,WEISS Dominik
319,10122559783,BRA,17.04.1989,INACTIVE,FERREIRA Geovane Vinicius
320,10130706975,ECU,20.09.1999,ACTIVE,CANCHINGRE PRECIADO Kevin
321,10071487162,BRA,02.03.1988,INACTIVE,GRUER DE BRITO DANIEL HENRIQUE
322,10007894972,GBR,07.12.1994,ACTIVE,ROTHERHAM Matthew
323,10065046968,BEL,19.01.2004,ACTIVE,MAGDELIJNS Wannes
324,10007208494,INA,12.11.1988,INACTIVE,ADMADI Puguh
325,10014544526,NOR,28.09.1995,ACTIVE,LINDTVEIT Aasmund Groven
326,10022619471,SWE,21.07.2002,ACTIVE,BIRGERSSON Fabian
327,10100552911,DEN,20.01.1992,Active,DICH Jens
328,10075524180,ROU,20.08.1996,INACTIVE,CHEPETAN Emil-Nicolae
329,10097573795,VEN,08.11.2003,ACTIVE,MEZA SALCEDO Camilo Cesar
330,10006079961,THA,11.06.1988,ACTIVE,TAPIMAY Pongthep
331,10004332951,ITA,06.09.1977,INACTIVE,ZAMPIERI Dario
332,10080267682,JAM,30.04.1994,ACTIVE,FORREST Jerome
333,10015333862,AZE,08.02.1999,ACTIVE,SAFARLI Mikayil
334,10096004823,FIN,17.10.2000,INACTIVE,SALMINEN Juuso
335,10080032155,GEO,01.04.2003,ACTIVE,KHORGUANI Giorgi
336,10096391409,BOL,29.12.1999,INACTIVE,HIDALGO ESPINOZA Jhonatan
337,10062420591,AZE,25.04.2003,ACTIVE,NURIYEV Nofal
338,10004633247,GRE,25.03.1988,ACTIVE,VOLIKAKIS Christos
339,10005305779,GRE,28.08.1972,ACTIVE,RANTOS Christos
340,10096418485,USA,18.08.1994,INACTIVE,HONG Kwang
341,10006552534,ESP,17.05.1990,ACTIVE,PERALTA Juan
342,10055146504,POL,15.09.2003,INACTIVE,KOZICKI Jakub
343,10016664883,IRL,19.09.2000,ACTIVE,GRIFFIN Dmitri
344,10054568746,INA,26.12.2001,INACTIVE,SYAWAL Mochamad Bintang
345,10045938574,TTO,07.09.2003,ACTIVE,D'ABREAU Ryan
346,10051791213,GER,03.03.2003,ACTIVE,MASCHKE Malte
347,10085547819,BRA,13.05.1979,INACTIVE,VAZ PINTO Fabio Roberto
348,10119721727,EGY,12.12.2004,ACTIVE,AZIZ Mohab
349,10093303169,ECU,17.06.2005,Inactive,AREBALO PAREDES Marco
350,10071486657,BRA,17.09.1994,INACTIVE,SIKORA JUNIOR Fernando
351,10098154785,GBR,12.04.2001,ACTIVE,CRAIG Lyall
352,10011036964,BEL,27.09.1994,ACTIVE,NYS Gerald
353,10011208433,CHN,11.08.1997,INACTIVE,LIU Qi
354,10050945693,IND,04.02.2002,ACTIVE,SINGH Y Rojit
355,10011199339,SWE,17.01.1998,ACTIVE,ÅKESSON Erik
356,10019881849,NOR,12.03.1974,INACTIVE,FINNESAND Arild
357,10059725106,DEN,31.01.1997,ACTIVE,GORMSEN Alberto Christian
358,10010691505,VEN,15.07.1997,INACTIVE,SALVATIERRA OLIVEIRA Francisco
359,10117318450,JAM,07.06.2001,ACTIVE,BOYD Zoe
360,10120468728,HKG,20.08.2002,INACTIVE,CHEUNG Kelvin
361,10017184643,IRL,20.02.1992,ACTIVE,O TOOLE Callum
362,10096883176,UZB,11.11.1999,INACTIVE,AKJIGITOV Sergey
363,10078903521,GUA,25.09.1992,INACTIVE,ACEITUNO CASTILLO Fernando
364,10008952878,COL,18.10.1989,INACTIVE,PARRA CORTEZ Anderson
365,10091849684,KAZ,24.02.2003,INACTIVE,OSTRENKOV Danil
366,10009737164,AZE,18.04.1992,ACTIVE,BAGHIRLI Aqshin
367,10045838140,FIN,01.10.1962,INACTIVE,KÄHÄRI Reijo
368,10060550010,GEO,01.06.2001,ACTIVE,MAMULASHVILI Valeri
369,10009148292,KOR,31.12.1996,INACTIVE,JUNG Jeahee
370,10050305800,AZE,22.12.2001,ACTIVE,BAGHIROV Najaf
371,10048324774,GER,31.10.2001,INACTIVE,SCHMIDT Paul
372,10060842222,POL,06.08.2004,ACTIVE,BEDNAREK Eliasz
373,10049142204,AUT,19.07.2002,ACTIVE,BUSCHEK Paul
374,10097247332,AUS,21.08.2003,ACTIVE,STRETTON Dalton
375,10062003592,USA,21.01.1972,ACTIVE,DANCEL Michael
376,10045916649,GER,08.05.2001,ACTIVE,GROß Franz
377,10136127053,EGY,30.09.2002,ACTIVE,HASSANIN Ahmed
378,10097168318,ECU,29.05.2005,ACTIVE,YORENTE VALENCIA Steven
379,10064235707,BRA,11.02.2000,INACTIVE,DO NASCIMENTO GUSSOLLI Vinícius
380,10100894330,CAN,14.01.1999,ACTIVE,MACDONALD Ryan
381,10123467543,IND,04.06.2002,INACTIVE,A Abhindu
382,10020583582,NOR,03.07.1978,INACTIVE,MELLA Eirik
383,10002701937,LTU,05.12.1983,INACTIVE,SABALIAUSKAS Marius
384,10063200534,VEN,13.05.2003,INACTIVE,BELLO Abraham
385,10119634326,THA,21.02.2003,ACTIVE,FAIMUENVAI Muncheth
386,10014245038,ITA,25.01.1975,ACTIVE,MOGAVERO Flaviano
387,10057662743,JAM,24.09.1998,ACTIVE,RAMSAY Andrew
388,10045972526,CAN,17.01.2001,ACTIVE,DAVIES Tyler
389,10096135872,HKG,04.05.2002,ACTIVE,LAI Wing Kin
390,10123379839,IRL,11.03.1993,ACTIVE,O'NEILL Ryan
391,10010727069,USA,02.04.1990,ACTIVE,CARLBERG Andrew
392,10125760076,AZE,12.02.1988,INACTIVE,NEVZAT Mahmud
393,10118623708,FIN,09.07.1978,INACTIVE,LAAKSO Seppo
394,10060548996,GEO,15.03.2001,ACTIVE,ROSTIASHVILI Saba
395,10132549167,KOR,11.03.2003,INACTIVE,KIM Donghyun
396,10075934614,AZE,13.05.2003,INACTIVE,SITOV Nikita
397,10055588357,POL,06.04.2002,ACTIVE,POMIAN Szymon
398,10005305577,GRE,11.02.1986,ACTIVE,SPILIOTOPOULOS Gerasimos
399,10009990576,BEL,02.04.1997,ACTIVE,DE GROOTE Arne
400,10052264489,USA,12.06.2000,ACTIVE,ABSHIRE Lance
401,10082394410,ISR,18.03.2004,INACTIVE,ARGOV Oron
402,10060270730,INA,16.05.2004,INACTIVE,HIDAYATULLAH Syarif
403,10067030923,MAS,26.02.2004,ACTIVE,JUSENA Mohd Akmal Nazimi
404,10045938473,TTO,30.12.2002,ACTIVE,CARABY Kyle
405,10015848972,SWE,02.05.1999,ACTIVE,JOHANSSON Gustav
406,10072043702,BRA,26.10.1981,INACTIVE,MINEIRO SANTOS Johnatan
407,10076127806,EGY,14.03.2000,INACTIVE,FARAG Mohamed
408,10118402628,ECU,05.01.1999,INACTIVE,LOAYZA MONTALVAN Jinsop
409,10004785316,BRA,05.04.1988,INACTIVE,DE LARMELINA Leandro
410,10096830434,GBR,23.03.1997,ACTIVE,ARTHUR Luthais
411,10061676927,CAN,11.08.2003,ACTIVE,JACOB Philippe
412,10062493444,CHN,08.09.1998,INACTIVE,GAO Kai
413,10117975626,NED,05.05.2003,INACTIVE,LENEMAN Loris
414,10135667113,IND,05.07.2003,INACTIVE,KHWAIRAKPAM Rahul
415,10061971058,CHI,10.11.1990,ACTIVE,CACERES BARRIAS Patricio
416,10127948539,NOR,03.06.1998,ACTIVE,WINJE Sander
417,10132773479,VEN,10.07.1996,INACTIVE,PEROZO ALVARADO Jesus Rafael
418,10107985838,ITA,22.07.1987,ACTIVE,MATTACCHIONI Davide
419,10056381838,POL,22.03.2004,INACTIVE,LASKOWSKI Radoslaw
420,10118775066,JAM,18.05.2003,ACTIVE,DOUGLAS Duwayne
421,10011152152,ESP,10.07.1998,ACTIVE,SANTOS FERNANDEZ-CABRERA Alberto
422,10096181948,HKG,27.10.2000,INACTIVE,YEUNG Ho Chun
423,10016631339,IRL,15.10.2001,ACTIVE,GLASGOW James
424,10008984608,USA,02.06.1988,INACTIVE,ROBERTSON Danny
425,10036104289,KAZ,28.01.2000,ACTIVE,GOLOV Viktor
426,10005675793,AZE,21.03.1987,Active,MUSTAFAYEV Ruslan
427,10003221895,FIN,15.03.1980,INACTIVE,TRÄSKELIN Antti
428,10009718572,CZE,19.02.1997,ACTIVE,JANOŠEK Jiří
429,10010797494,KOR,17.02.1997,ACTIVE,KIM Dongha
430,10097147504,MAS,16.06.2001,ACTIVE,HAMIDON Mohamad Zakwan
431,10050305089,AZE,21.05.2000,ACTIVE,MAMMADOV Mahmud
432,10053909449,POL,09.07.2002,INACTIVE,TRZESOWSKI Konrad
433,10086594712,ESA,11.04.2002,ACTIVE,SEGURA ESCAMILLA Xavier Enrique
434,10010026750,ARG,07.07.1998,INACTIVE,MARASAS Mateo Nicolas
435,10058654264,CZE,22.03.2004,ACTIVE,HYTYCH Matěj
436,10082544960,INA,03.03.2002,INACTIVE,ARDIYANTO Shindu
437,10053230853,MAS,24.01.2004,ACTIVE,HASBULLAH Umar
438,10078913928,SUI,29.09.2002,ACTIVE,WEDER Justin
439,10122560086,BRA,23.10.2000,INACTIVE,NOVA MELLO BERLANDA Igor
440,10106649157,JPN,25.01.2003,INACTIVE,ITO Kyosuke
441,10132725989,CAN,23.04.1995,ACTIVE,BRUGGER Alex
442,10101360031,ECU,07.07.2005,INACTIVE,YUNAPANTA NUÑEZ Josue
443,10121687894,BRA,25.01.2004,INACTIVE,ALMEIDA FUDISAKI Matheus Henrique
444,10089139647,GBR,12.04.2004,ACTIVE,ALOUL Oliver
445,10009632787,BEL,29.03.1997,ACTIVE,VERHOEVEN Mathijs
446,10097465883,CHN,01.01.2001,INACTIVE,HUANG Yijun
447,10023350712,NED,22.07.2003,ACTIVE,VAN LEEUWEN Thijs
448,10050990658,IND,24.08.1993,INACTIVE,SINGH Ranjit
449,10019810313,NOR,03.02.2003,ACTIVE,LITLERE Sverre
450,10053321486,CHI,03.02.1994,ACTIVE,MORALES ALVAREZ Alejandro
451,10118784362,THA,04.08.1999,ACTIVE,PETCHARAT Orrachun
452,10092281235,JAM,16.11.2000,INACTIVE,BAKER Brandon
453,10038676207,ESP,06.05.2002,ACTIVE,MONTORO BALBASTRE Gerard
454,10063654010,HKG,13.04.2003,INACTIVE,WU Wai Kai
455,10118889244,IRL,08.06.1989,ACTIVE,GASPARRO Eric
456,10119686159,UZB,23.10.2004,INACTIVE,LOBOVIKOV Artyom
457,10002687385,GRE,16.06.1984,ACTIVE,TSERENTZOULIAS Christos
458,10010923392,USA,23.10.1978,INACTIVE,BOYES Ethan
459,10091433493,COL,11.06.1999,INACTIVE,ACEVEDO ARROYAVE Jose
460,10101896056,KAZ,05.01.2003,ACTIVE,SHALESNYY Timur
461,10006274062,AZE,15.07.1987,ACTIVE,ASADOV Ruslan
462,10093123923,FIN,21.01.1981,INACTIVE,SANKINEN Matti
463,10080032559,GEO,10.07.2003,INACTIVE,KVABELASHVILI Giorgi
464,10010797393,KOR,18.09.1997,ACTIVE,OH Jeseok
465,10036448439,MAS,19.07.2001,INACTIVE,ABDUL MALIK Muhammad Riadz
466,10058431164,POL,12.07.2003,INACTIVE,BOCHENEK Karol
467,10009316024,GBR,29.09.1995,ACTIVE,OWENS Ryan
468,10056383555,POL,01.03.2004,ACTIVE,DABROWSKI Gracjan
469,10119752140,CZE,27.03.2004,ACTIVE,MALÁŠEK Jakub
470,10015327600,ISR,07.05.1999,ACTIVE,YOGEV Alon
471,10136825857,TPE,24.12.1998,ACTIVE,謝 HESIEH 念興 Nien Hsing
472,10007762913,SIN,17.10.1986,INACTIVE,ANG Kee Meng
473,10009321579,CUB,03.09.1994,ACTIVE,GARCIA LASAGA Tony
474,10036297380,GER,17.07.2003,ACTIVE,SPITZER Oliver
475,10009468089,KOR,06.09.1991,INACTIVE,IM Jaeyeon
476,10009117778,NZL,29.04.1996,ACTIVE,KERGOZOU DE LA BOESSIERE Nicholas
477,10015972244,ECU,20.02.1996,ACTIVE,SARANGO TUFIÑO Erick
478,10071485748,BRA,27.07.1978,INACTIVE,MEDRADO VITOR FELISBERTO
479,10023857536,GBR,02.08.2001,ACTIVE,COOPER Daniel
480,10125507775,CAN,24.07.1994,ACTIVE,BROADUS Daniel
481,10071226171,NED,20.05.2004,ACTIVE,KRABBENBORG Mike
482,10135667012,IND,10.06.1994,INACTIVE,KUMAR Ashish
483,10014545940,NOR,17.10.1987,INACTIVE,HAUGE Jon Åsbjørn
484,10097387172,THA,29.10.2002,ACTIVE,SAIKRASUNTA Sornwisit
485,10096254595,JAM,15.11.1973,INACTIVE,HALL Marrington
486,10040903365,ESP,02.12.2003,INACTIVE,SANCHEZ BORRELL Daniel
487,10132689314,CAN,29.03.1988,INACTIVE,COSTA Thomas
488,10132009910,HKG,18.11.2001,INACTIVE,LAM Yui To
489,10091681956,IRL,18.04.1991,ACTIVE,TOOLAN Richard
490,10007350964,GRE,14.08.1990,INACTIVE,PAPAVASILEIOU Athanasios Panagiotis
491,10077988889,COL,27.10.2001,ACTIVE,PUENTES GUTIERREZ Juan
492,10131581490,KAZ,12.11.2002,INACTIVE,GUBAREV Egor
493,10131617260,GEO,06.04.1998,ACTIVE,DZHUGELI Severian
494,10119924013,KOR,17.02.2002,INACTIVE,AHN Hyomin
495,10079226550,MAS,19.11.2003,INACTIVE,NOORADZLYN Muhamad Amir Haikal
496,10054613206,POL,13.06.2002,INACTIVE,CIESLIKIEWICZ Jakub
497,10082239917,USA,04.04.1988,ACTIVE,HELSON Kyle
498,10108741428,ITA,27.06.2004,ACTIVE,MINUTA Stefano
499,10004613241,TTO,26.07.1987,Active,MCLEAN Haseem
500,10010948553,SVK,08.05.1999,ACTIVE,CHREN Martin
501,10050678339,CHI,14.10.1997,ACTIVE,FERREYRA GELDREZ Diego
502,10097340894,ECU,28.09.1998,INACTIVE,ARELLANO AZA David
503,10122559985,BRA,25.06.1986,INACTIVE,FIORI TOSTES Danilo Cesar
504,10079682349,CAN,12.05.1993,ACTIVE,GÉLINAS Brandon
505,10115011163,IND,13.09.2000,Inactive,DEVENDRA BISHNOI Devendra Bishnoi
506,10020714433,NOR,08.10.1994,INACTIVE,BERGHEIM Roger Schei
507,10097389495,THA,18.04.2000,ACTIVE,NAKSUK Watcharaphong
508,10083618630,JAM,22.01.1978,ACTIVE,BAILEY Barrington
509,10096130519,HKG,21.05.2002,INACTIVE,HO Kwun Hong
510,10005794621,USA,11.11.1969,INACTIVE,WEATHERS Andrew
511,10007846270,COL,09.12.1994,ACTIVE,PEÑA DAZA Diego Andres
512,10131617159,GEO,22.03.1992,ACTIVE,DIASAMIDZE Zurab
513,10076159229,KOR,12.10.2002,INACTIVE,JUNG Hojin
514,10086049286,KOR,07.07.2003,INACTIVE,LEE Geonmin
515,10119925023,KOR,19.05.2002,INACTIVE,LEE Seungwon
516,10061210115,MAS,14.02.2000,ACTIVE,ABDUL KAREEM Muhammad Aniq Akmal
517,10051885078,POL,21.02.2001,INACTIVE,RZEPKA Robert
518,10005305274,GRE,07.03.1974,ACTIVE,KOURIS Nikiforos
519,10131480551,BOL,26.04.1986,INACTIVE,MENA MORALES Carlos Sebastian
520,10010794262,AUS,29.12.1998,ACTIVE,HOFMAN Charles
521,10129241265,SUR,17.11.2003,ACTIVE,WADILIE Xavi
522,10007503336,CZE,03.04.1993,ACTIVE,RUGOVAC Denis
523,10021117284,JPN,10.10.1995,INACTIVE,NAKAI Taku
524,10001348482,LAT,10.02.1972,INACTIVE,KIKSIS Ainars
525,10129367365,CAN,04.10.1996,ACTIVE,BROOKS Dustin
526,10141113257,ECU,27.08.2005,ACTIVE,CÓRDOVA ALVAREZ Stefano
527,10004700036,BRA,14.10.1988,INACTIVE,SANTOS DE AQUINO Mauro
528,10123052766,GBR,23.04.2005,ACTIVE,SMALL Isaac
529,10060883951,CHN,29.11.1999,INACTIVE,LI Yiming
530,10123473607,IND,01.06.1998,INACTIVE,SINGH Sanjeet
531,10085868727,THA,05.01.2001,ACTIVE,CHANPRATAD Nuttakrit
532,10124683275,CAN,11.06.1999,INACTIVE,NUNEZ David
533,10006278308,HKG,02.01.1991,INACTIVE,FONG Ka Chun
534,10107182859,IRL,06.08.1987,ACTIVE,BONASS Paul
535,10064126781,COL,13.04.2001,INACTIVE,ARBOLEDA SALAZAR Juan Diego
536,10083837383,GRE,17.12.2001,INACTIVE,MAVRIGIANNAKIS Vasileios
537,10119244609,USA,20.03.1999,INACTIVE,JAMESON Corey
538,10118522664,GEO,07.12.2003,INACTIVE,KAKHIDZE Davit
539,10061217589,MAS,23.08.2002,INACTIVE,NOHAZLEE Muhammad Faeez
540,10055079816,POL,14.01.2002,INACTIVE,CENTKA Kacper
541,10075819729,UKR,03.06.2004,ACTIVE,SULKOVSKYI Ostap
542,10135663574,AUS,29.07.1974,ACTIVE,TAYLOR Ross
543,10093661968,CUB,21.10.2000,INACTIVE,MENDEZ CAIRO Rolando
544,10009321882,ARM,27.03.1994,ACTIVE,GRIGORYAN Stepan
545,10105708661,DEN,03.09.2004,INACTIVE,RIX Mathias
546,10069363266,FRA,02.03.2002,ACTIVE,BRACKE Théo
547,10140372724,BRA,25.11.1986,ACTIVE,SANTOS Tarcis
548,10117689676,GBR,10.12.1999,ACTIVE,POPE Aaron
549,10059568690,CAN,17.05.2004,ACTIVE,ABIDI Adam
550,10136323881,CHN,17.12.2000,ACTIVE,LI Yuxuan
551,10115012981,IND,27.07.2003,INACTIVE,TAKMOGE Mangesh
552,10133219174,THA,28.09.1998,ACTIVE,KUTCHSNIT Kittagon
553,10132763173,HKG,27.05.2003,INACTIVE,CHENG Tin Lok Eden
554,10009085547,JPN,28.10.1983,ACTIVE,ITO Shin
555,10123209885,IRL,10.12.1996,ACTIVE,FENLON Seán
556,10035393664,COL,24.02.2000,ACTIVE,MEDINA GIRALDO Nicolas Andres
557,10118522361,GEO,25.05.2004,INACTIVE,ATABADZE Nika
558,10062469495,MAS,29.10.1999,ACTIVE,MOHAMAD NOR Muhammad Amirul Aiman
559,10103764520,SLO,10.09.1975,INACTIVE,ŽALAR Eduard
560,10127778989,AUS,29.06.2005,ACTIVE,LEES Adam
561,10135663675,AUS,09.07.1980,ACTIVE,DALE Charles
562,10056990918,FRA,15.07.2004,ACTIVE,ADELAIDE Mathis
563,10096427074,ISR,21.01.1995,ACTIVE,LOGINOV Vladyslav
564,10119894913,BRA,26.01.2004,INACTIVE,SOTTI DA SILVA OLIVEIRA Eduardo
565,10021942491,NZL,04.01.2003,ACTIVE,COUSINS Ewan
566,10136324083,CHN,27.07.2004,ACTIVE,XU Jiahao
567,10114928614,IND,29.01.2001,INACTIVE,ABHINANTH MURALI M A Abhinanth Murali M A
568,10070693176,FRA,04.01.2003,ACTIVE,GOURGUECHON Matthieu
569,10035522491,COL,25.11.2000,ACTIVE,VESGA PLATA Epifanio
570,10084438076,GRE,19.05.2002,INACTIVE,KONSTANTAKOS Vasileios
571,10009112324,GEO,07.10.1992,ACTIVE,SUVADZOGLU Giorgi
572,10015570605,KOR,05.08.1998,INACTIVE,NA Junggyu
573,10050766346,KOR,13.07.2002,INACTIVE,LEE Sangmok
574,10119923609,KOR,27.10.2000,INACTIVE,MA Minjun
575,10119925225,KOR,06.12.2002,INACTIVE,LIM Seunghyeon
576,10050005706,GER,30.04.2004,ACTIVE,WERNER Danny-Luca
577,10022183981,NZL,02.09.1990,ACTIVE,PEPPERELL Russell
578,10027138964,FRA,24.03.2000,ACTIVE,LABBE Lucas
579,10046046890,SVK,09.04.2001,ACTIVE,ROVDER Pavol
580,10087311094,THA,08.03.2001,ACTIVE,YAPA Wiriya
581,10073010062,NZL,03.12.1995,INACTIVE,SHEPHERD Daniel
582,10019117064,GBR,01.11.1993,ACTIVE,FRANKS Jeremy
583,10095240947,POL,09.10.1987,INACTIVE,PIWOWARSKI Marek
584,10097450527,JPN,13.03.2002,INACTIVE,SHIBUYA Itto
585,10016189078,COL,16.02.1999,INACTIVE,PEÑA DAZA Juan Sebastian
586,10117782434,GRE,16.12.2004,ACTIVE,MOUTZOURELIS Prokopios
587,10119743753,USA,29.04.1974,INACTIVE,MOORE Charles
588,10118522866,GEO,24.04.2004,ACTIVE,BOTCHORADZE Avtandil
589,10008900237,GER,05.08.1992,ACTIVE,KOHNE Simon
590,10006602044,ESP,18.02.1990,ACTIVE,ZUAZUBISKAR GALLASTEGI Illart
591,10065715157,FRA,08.12.2004,ACTIVE,GACHET Axel
592,10015860591,FIN,26.01.1999,INACTIVE,KELEPERAS Aimilianos
593,10096955120,GBR,14.09.1992,ACTIVE,YOUNG Anthony
594,10056709921,FRA,30.01.2004,ACTIVE,VANTIEGHEM Maxence
595,10095625614,POL,13.12.1987,INACTIVE,MUCKO Piotr
596,10024556643,FRA,29.07.1975,ACTIVE,AUBERT Christophe
597,10084556395,GRE,07.08.1982,INACTIVE,NTELAS Ioannis
598,10095102420,COL,13.09.2003,ACTIVE,RIVERA MONCALEANO Samuel
599,10132279486,USA,07.09.1994,INACTIVE,LIN Calvin
600,10082899820,KOR,22.02.1999,INACTIVE,OH Eunseop
601,10100022239,ROU,22.01.2005,ACTIVE,RARES CHIRA Vlad
602,10086309671,LTU,23.04.2004,ACTIVE,KUNDROTAS Gabrielius
603,10119344134,COL,09.07.1991,INACTIVE,PIEDRAHITA GALINDEZ Jaime Andres
604,10021087982,JPN,26.06.2000,INACTIVE,KOBORI Kanta
605,10026125013,FRA,07.09.1961,ACTIVE,MANSIO Guy
606,10023973633,GBR,06.08.1999,ACTIVE,MCNAUGHTON Harvey
607,10095240846,POL,27.11.1993,INACTIVE,BERG Rafal
608,10009310768,GRE,18.10.1995,INACTIVE,DETTORAKIS Dimitrios
609,10055630187,USA,11.10.1977,INACTIVE,LIFSHOTZ Michael
610,10132165211,COL,28.12.2003,INACTIVE,ROA HERNANDEZ Juan Camilo
611,10016128858,LTU,29.04.1999,ACTIVE,JANUŠKEVIČIUS Mantas
612,10132033451,JPN,26.01.2004,INACTIVE,TAMURA Kazuki
613,10115760285,FRA,14.02.2002,Active,PARISOT Florian
614,10114300942,COL,19.05.2004,ACTIVE,TORRES CRUZ Juan Felipe
615,10132235939,USA,22.11.1994,INACTIVE,SCOTT Keenan
616,10014627176,TUR,14.05.1997,ACTIVE,KAL Celalettin
617,10064906017,KOR,11.03.2000,INACTIVE,KIM Changwook
618,10012448518,GRE,25.06.1993,INACTIVE,VLACHOS Spyridon
619,10124899911,FRA,28.08.1983,INACTIVE,GRAVERON Francois Alexandre
620,10035233616,COL,19.12.2000,ACTIVE,NARANJO MURILLO Juan Esteban
621,10095970366,USA,26.08.1989,INACTIVE,LOPEZ CEPERO Bryant
622,10139909043,AUS,15.10.2002,ACTIVE,LONG Blake
623,10020964209,JPN,02.05.2000,INACTIVE,NAKAJIMA Ryusei
624,10079059226,GRE,18.06.1981,ACTIVE,BOUSDRAS Ioannis
625,10103306596,GBR,24.08.2005,ACTIVE,MUNDAY William
626,10126948732,COL,01.10.2004,ACTIVE,BARRERA MARCELO Walter Yesid
627,10131259875,USA,01.10.1982,INACTIVE,KARBUM Brandon
628,10086832057,AUS,04.09.2002,INACTIVE,ALLEN Duncan
629,10132337989,JPN,15.06.2003,INACTIVE,HOSOKAWA Takumi
630,10015916367,POL,23.01.1999,INACTIVE,KOWAL Lukasz
631,10083594580,GBR,31.05.2004,ACTIVE,GILL Benjamin
632,10063586211,COL,16.10.2004,ACTIVE,CORTES LOPEZ Jeronimo
633,10066468727,USA,14.12.1967,INACTIVE,TULLEY Sean
634,10063731105,ESA,11.11.2000,INACTIVE,EDWIN JOSUE Murcia Lopez
635,10083003789,JPN,13.09.2003,INACTIVE,SHIBATA Yuto
636,10015239387,GRE,13.03.1977,ACTIVE,NINIS Andreas
637,10096740912,GBR,12.07.2004,ACTIVE,CUTLER Daniel
638,10130399407,USA,02.08.1987,ACTIVE,MAKINO Tak
639,10132339407,JPN,01.09.2003,INACTIVE,OJIMA Kaito
640,10088335254,GBR,01.06.2004,ACTIVE,MAYER Bo
641,10131975049,USA,23.11.1991,INACTIVE,ZHANG Edward
642,10132339508,JPN,16.08.2003,INACTIVE,SHIOSAKI Komei
643,10029252251,ITA,03.03.2003,INACTIVE,SALA Alessandro
644,10119693334,GBR,28.07.2005,ACTIVE,RADFORD Harry
645,10132237858,USA,04.07.1995,INACTIVE,BEVER Matthew
646,10054710307,UKR,07.12.2001,INACTIVE,FEDOROV Oleksandr
647,10083501119,GBR,10.06.2002,ACTIVE,DAVIES Ewan
648,10071897996,USA,08.10.1967,INACTIVE,KYLE Charles
649,10118906422,USA,05.06.1997,INACTIVE,GUNSOLUS Dyllon
650,10088465091,EGY,01.05.2002,ACTIVE,ELSENFAWI Ahmed
651,10061956813,HUN,03.11.2001,INACTIVE,LOVASSY Patrik Rómeó
652,10140954017,AUS,01.07.1991,ACTIVE,SCHAFFER Alex
653,10016188674,ARG,10.03.1998,INACTIVE,VICTORIO VILLAROEL Franco Samuel
654,10054991001,DOM,16.07.1985,ACTIVE,OGANDO REYNOSO Jonatan
655,10063243475,PER,29.11.1999,ACTIVE,SALINAS SIU Rubén Denilsón
656,10095995931,MEX,05.12.2001,INACTIVE,MALO VILLALOBOS Ridley
657,10009195075,DEN,26.09.1971,ACTIVE,RITTER Joachim
658,10047310015,CZE,29.04.2004,ACTIVE,VAJBAR Jakub
659,10075819224,UKR,05.06.2002,ACTIVE,KOROBOV Yehor
660,10053783551,GHA,25.12.1989,ACTIVE,SACKEY Emmanuel Otokunor
661,10055216626,USA,30.04.2004,INACTIVE,EVANS Jacob
662,10023189953,NED,07.04.2002,INACTIVE,BOON Tony
663,10023156510,NED,16.01.2001,ACTIVE,KNIES Gino
664,10038077534,ESP,26.02.1973,ACTIVE,NEUVIRT Petr
665,10052845681,GBR,16.05.2001,ACTIVE,LOMAS Philip
666,10066814994,GBR,23.08.1995,ACTIVE,DAVIES Jacob
667,10074172345,GBR,15.03.2002,ACTIVE,WHITE Thomas
668,10086715556,GBR,26.08.2002,ACTIVE,PHILLIPS Ryan
669,10087871674,GBR,12.09.2004,ACTIVE,ALCOCK Thomas
670,10120704053,GBR,02.07.1997,INACTIVE,SCHMIDT Luke
671,10083745336,NGR,08.05.2001,INACTIVE,OKEYAH Bethel
672,10003100142,RUS,23.03.1986,ACTIVE,DMITRIEV Denis
673,10131768521,NGR,17.07.2002,INACTIVE,IGUNBOR Shedrack
674,10049512824,MAR,22.01.1999,INACTIVE,EL AZHARI Mounir
675,10004640220,RUS,24.09.1987,ACTIVE,YAKUSHEVSKIY Pavel
676,10049516157,MAR,18.06.2000,ACTIVE,BDADOU Youssef
677,10009138491,NZL,01.06.1996,INACTIVE,CASTLE Jordan
678,10004601723,GER,26.06.1987,ACTIVE,LEVY Maximilian
679,10096693018,TOG,19.08.1993,INACTIVE,AKANGA Abdoul-Raouf
680,10015266972,RUS,11.02.1999,ACTIVE,NESTEROV Dmitry
681,10007212639,CAN,04.07.1991,INACTIVE,BARRETTE Hugo
682,10100860984,BDI,06.03.2002,INACTIVE,JACQUES Nizeyimana
683,10007772108,RUS,19.02.1995,ACTIVE,DUBCHENKO Aleksandr
684,10034905836,RUS,11.09.2000,INACTIVE,KOMKOV Daniil
685,10051586604,MEX,19.03.1999,INACTIVE,CONTRERAS TORRES Francisco Javier
686,10010593895,USA,27.04.1996,INACTIVE,CHRISTIANSEN Joe
687,10066413759,BRA,10.01.2001,INACTIVE,GUIMARAES DA CRUZ Vinicius
688,10096938548,GBR,23.10.1998,ACTIVE,LLOYD Steffan
689,10063781322,RUS,01.08.2003,ACTIVE,SHEKELASHVILI David
690,10017653778,SLO,15.09.2000,INACTIVE,SKOK Anže
691,10082452610,RSA,02.08.2002,ACTIVE,BOUWER Jonathan
692,10071492822,ESA,10.12.2001,ACTIVE,MARTINEZ MARTINEZ Wilber Josué
693,10016469772,BEL,12.01.2000,ACTIVE,SENRAME Arthur
694,10009049979,BLR,31.03.1995,Inactive,NOVIK Uladzislau
695,10009762123,KOR,12.01.1994,INACTIVE,SON Jeyong
696,10011000790,HUN,28.04.1999,ACTIVE,OROSZ Gergő
697,10050626405,IND,01.03.2001,ACTIVE,KEITHELLAKPAM Jemsh Singh
698,10067397705,COL,23.03.2001,ACTIVE,ECHEVERRI CARDONA Carlos Daniel
699,10055089112,RSA,11.08.2000,INACTIVE,BROXHAM Ricardo
700,10017585373,SLO,04.03.2003,INACTIVE,ŠPOLJAR Jaka
701,10065024740,BEL,03.06.2003,ACTIVE,RAES Renzo
702,10022380409,SWE,14.06.1984,INACTIVE,THUNMARKER Mathias
703,10006475136,LAT,30.06.1987,INACTIVE,RUBIKS Janis
704,10004777434,JAM,20.09.1984,INACTIVE,LYNCH Ricardo
705,10009520532,HUN,28.09.1996,ACTIVE,FILUTÁS Viktor
706,10015977803,BLR,23.06.2000,ACTIVE,HLOVA Aliaksandr
707,10055761947,TTO,01.04.2002,ACTIVE,HARRIS D'angelo
708,10115490608,HUN,05.10.2003,ACTIVE,MÓRÉ-GOSSELIN Olivér
709,10105237102,INA,25.11.2002,Inactive,ALFARIZKYANTO Fatur
710,10017582444,SLO,17.04.2000,ACTIVE,GOVEKAR Matevž
711,10009158804,RSA,17.01.1996,INACTIVE,OCKHUIS Graeme
712,10070139771,SWE,06.03.1980,INACTIVE,WESTERGREN Sven
713,10006536770,LAT,28.04.1985,INACTIVE,KNOPS Kristaps
714,10099805405,LTU,09.03.2002,INACTIVE,ŠAKŪNAS Valdas
715,10004610413,HUN,23.06.1988,ACTIVE,LOVASSY Krisztián
716,10014547758,NOR,05.03.1994,ACTIVE,HAUGSVÆR Sindre Bjerkestrand
717,10078019407,INA,24.10.1995,INACTIVE,BAHARI Lutfi
718,10034956154,RUS,29.10.2000,Active,BURLAKOV Danila
719,10009017243,BLR,13.05.1995,ACTIVE,ZAITSAU Artsiom
720,10010652907,KOR,09.06.1996,INACTIVE,SEOK Hyeyun
721,10092410971,MEX,21.09.2001,ACTIVE,GARCIA REYES Jesus
722,10090555241,UKR,29.12.1997,INACTIVE,STOVBETSKYI Dmytro
723,10097608555,HUN,19.08.2003,ACTIVE,DRIJVER Bertold
724,10065335443,INA,28.10.2000,INACTIVE,NANDAMULYA Shafrifat
725,10015718327,CAN,07.01.1999,INACTIVE,SYDNEY Je'Land
726,10056185313,RSA,17.04.2000,INACTIVE,JANSEN Linwill
727,10071493731,ESA,17.07.2003,ACTIVE,SANCHEZ ZEPEDA Fernando Xavier
728,10011119618,BEL,15.10.1999,ACTIVE,VERBINNEN Elias
729,10051908118,CHI,29.03.1992,INACTIVE,AGUIRRE AMPUEDA Elias
730,10011324429,SWE,07.08.1987,ACTIVE,WIHK Jacob
731,10052184465,LAT,01.02.2002,ACTIVE,BELOHVOSCIKS Kristians
732,10057674968,JAM,11.05.1999,INACTIVE,REID Brandon
733,10010723231,HUN,27.09.1995,INACTIVE,IMRE Zsolt
734,10064887526,INA,28.03.1992,INACTIVE,FATHONI Muhammad Nur
735,10007897295,RUS,06.03.1994,ACTIVE,SHARAPOV Alexander
736,10064295826,BLR,07.09.2001,INACTIVE,PAPRUHA Pavel
737,10049099764,KOR,05.04.2001,INACTIVE,HAN Donghyeon
738,10016105014,UKR,29.07.2001,INACTIVE,DUDKO Myhail-Yaroslav
739,10121517136,INA,18.08.2002,INACTIVE,IBRAHIM Daffa
740,10014992140,SLO,13.09.1998,INACTIVE,HORVAT Žiga
741,10105678753,RSA,21.02.2000,INACTIVE,SIYANDA Gumede
742,10071254665,ESA,15.09.2002,ACTIVE,MENDOZA MARTÍNEZ Josué Alexander
743,10123469058,IND,07.10.2001,Inactive,VIKAS Vikas
744,10062431305,CHI,03.12.1993,ACTIVE,TETZNER SANTELICES Kutzack
745,10022362322,SWE,19.04.1969,ACTIVE,EKSTRÖM Magnus
746,10012076985,LAT,26.01.1976,INACTIVE,KALVERSS Maris
747,10006066524,HUN,24.04.1990,ACTIVE,SOLYMOSI Márton
748,10036078728,RUS,23.06.2003,ACTIVE,KALACHNIK Nikita
749,10013460853,BLR,03.09.1995,ACTIVE,VERAMCHUK Yauhen
750,10015570504,KOR,25.04.1998,INACTIVE,JEONG Yunhyeok
751,10090741763,MEX,13.09.2001,INACTIVE,CASTILLO RAMOS Jesus
752,10010903891,UKR,21.01.1998,INACTIVE,CHEBANETS Tadei-Ivan
753,10045950702,TTO,24.10.2000,ACTIVE,ACKEE Michael
754,10092819583,RSA,17.01.2002,INACTIVE,FULOP Trsztyn
755,10005461383,ESA,23.04.1990,INACTIVE,QUINTANILLA HENRIQUEZ Miguel Rolando
756,10017564458,SLO,06.10.2000,INACTIVE,ŠTAJNAR Mihael
757,10120843287,BEL,31.12.1993,ACTIVE,TISON Frederick
758,10097253190,CHI,14.08.2002,INACTIVE,BARRA ROMERO Johan
759,10022382934,SWE,09.05.1980,ACTIVE,LEJON Mattias
760,10052180728,LAT,05.07.2001,Inactive,VINDECS Agris
761,10083586904,JAM,05.06.2000,INACTIVE,MCCALLA Stephen
762,10007291249,HUN,13.03.1991,INACTIVE,DURUCZ Miklós
763,10020077667,NOR,28.02.2000,ACTIVE,FORUS Kristoffer
764,10015267174,RUS,12.01.1999,ACTIVE,ROSTOV Pavel
765,10080862214,BLR,10.01.2001,ACTIVE,KONAN Anton
766,10050433213,MEX,23.01.1999,INACTIVE,VAZQUEZ PEREZ Joel David
767,10017563448,SLO,02.11.2001,INACTIVE,AVBELJ Blaž
768,10010786885,RSA,20.04.1998,INACTIVE,THEUNISSEN Wade
769,10071492923,ESA,11.08.2003,ACTIVE,MARTÍNEZ MARTÍNEZ Benjamín Alexander
770,10050942259,IND,10.10.2000,INACTIVE,PAWAR Mayur
771,10084828403,JAM,20.06.1999,INACTIVE,MORGAN Alex
772,10010969468,SLO,06.07.1997,ACTIVE,FINKŠT Tilen
773,10081577889,NOR,01.08.2002,ACTIVE,KLEIVE Andreas Vileid
774,10010178920,RUS,08.07.1998,ACTIVE,DMITRIEV Mikhail
775,10082374505,CZE,16.01.1980,INACTIVE,ŠONSKÝ Jiří
776,10089917162,BLR,05.03.2002,INACTIVE,SHCHARBAKOV Artur
777,10088938977,UKR,18.05.2002,INACTIVE,SHVAIKA Ihor
778,10003292122,GBR,23.05.1986,ACTIVE,CRAMPTON Matthew
779,10128803452,RSA,05.06.1996,INACTIVE,KHUMALO Leroy
780,10010672408,ESA,30.06.1988,ACTIVE,JOYA José Dagoberto
781,10079745805,SLO,03.07.2003,ACTIVE,CVJETIČANIN Maks
782,10061358443,IND,28.09.1999,INACTIVE,ASHWIN J K
783,10086110318,BRA,30.09.1988,INACTIVE,DE FREITAS Ricardo Alafim
784,10008888113,JAM,18.05.1988,INACTIVE,RODMAN Marloe
785,10006686718,SLO,15.04.1990,INACTIVE,JENKO Robert
786,10051729676,NOR,04.04.2001,ACTIVE,KRISTENSEN Sondre Peder
787,10036069533,RUS,13.08.2001,ACTIVE,GLADYSHEV Ivan
788,10076586635,BLR,21.03.2001,INACTIVE,ZHEUNO Ivan
789,10119925427,KOR,16.03.2002,INACTIVE,JUNG Jinhyeok
790,10098940889,MEX,05.12.2002,INACTIVE,GUTIERREZ GARCIA Marco
791,10014385080,UKR,27.04.1997,INACTIVE,ROZHONIUK Andrii
792,10017615685,SLO,24.12.2002,ACTIVE,ZIHERL Luka
793,10007504346,RSA,18.07.1993,INACTIVE,DUNN Nico
794,10011968770,ESA,07.09.1991,INACTIVE,HERNÁNDEZ Guillermo
795,10050726233,IND,26.06.2002,INACTIVE,K Pranay
796,10009260147,BRA,04.04.1994,INACTIVE,DA SILVA Gustavo Oliveira
797,10082392487,JAM,04.08.1995,INACTIVE,WILLIAMS Mark
798,10111519062,SLO,18.09.2002,ACTIVE,VOVK Jaka
799,10007271546,RUS,08.04.1993,INACTIVE,SHURSHIN Nikita
800,10076740421,BLR,06.06.2003,INACTIVE,MARUSEYEU Yahor
801,10084194263,MEX,03.02.2000,INACTIVE,MATTAR HUARACHA Alejandro
802,10080540902,UKR,23.02.1996,INACTIVE,STETS Bohdan
803,10009386045,SIN,14.10.1989,ACTIVE,SIM Teck Kwang Calvin
804,10060469477,ARG,20.06.2001,ACTIVE,VARGAS Yoel Agustin
805,10009158400,RSA,01.09.1990,INACTIVE,ABRAHAMS Marco
806,10088306861,NZL,12.10.1995,INACTIVE,JACK Haydn
807,10071592650,ESA,17.09.2003,INACTIVE,SANTOS MICHAELL
808,10017620739,SLO,08.10.2002,INACTIVE,MAČEK Matic
809,10115009042,IND,28.09.1997,INACTIVE,HARSIMRANJIT SINGH Harsimranjit Singh
810,10057679113,JAM,26.09.1972,Active,PALMER Wayne
811,10008844865,SLO,28.10.1993,ACTIVE,RUPNIK Jure
812,10020545893,NOR,14.02.2000,ACTIVE,LITLERE Erlend
813,10101225847,BLR,05.04.2002,INACTIVE,ZASMUZHATS Nils
814,10113113704,MEX,05.06.2002,INACTIVE,CORRALES PROTT Luis Andres
815,10090700943,UKR,23.07.2001,INACTIVE,AVDALIAN Artem
816,10084362904,SUI,28.08.2002,INACTIVE,MARR Jonathan
817,10011157408,IND,07.08.1998,INACTIVE,BAUL Arkaprava
818,10122559884,BRA,16.02.2003,INACTIVE,DE BRITO ROCHA Gustavo
819,10118199231,JAM,19.10.1998,INACTIVE,LEACHMAN Rojay
820,10050149687,SLO,26.11.2001,INACTIVE,DRAGAR Luka
821,10051538508,BLR,29.08.2002,INACTIVE,TSIKHANAU Uladzislau
822,10088771855,MEX,09.09.2001,INACTIVE,HURTADO BORBOA Samuel
823,10093662069,CUB,15.06.2002,ACTIVE,ORTEGA GARCIA Dairon
824,10050873147,IND,25.01.2002,ACTIVE,COLLINGWOOD Paul
825,10118204584,JAM,08.01.2001,ACTIVE,PRYCE Kevan
826,10009044727,RUS,07.01.1996,INACTIVE,LII Kirill
827,10060412388,BLR,30.10.2003,Inactive,PADZYVALAU Platon
828,10116102920,MEX,02.07.2002,INACTIVE,VAZQUEZ LUJAN Kevin David
829,10054290981,UKR,02.05.2002,INACTIVE,BONDARCHUK Dmytro
830,10091534133,GUA,22.11.2003,INACTIVE,RODAS FAJARDO Leopoldo
831,10050585480,IND,24.05.2000,INACTIVE,LAL Agal
832,10079765508,JAM,26.10.1996,INACTIVE,WALTERS Fitzroy
833,10009691593,RUS,01.06.1997,Inactive,VASYUKHNO Alexandr
834,10113586879,MEX,23.08.2002,INACTIVE,ANTONIO HERNANDEZ William Adlai
835,10123467240,IND,30.12.2003,INACTIVE,PATIL Sainath
836,10009259440,BRA,28.11.1990,INACTIVE,CAVASANA ZOCAL Matheus
837,10116983701,JAM,07.01.1998,INACTIVE,DALEY Andrade
838,10116103425,MEX,19.01.2001,INACTIVE,COURET RODRIGUEZ Aaron
839,10034934431,RUS,14.04.2000,ACTIVE,NAUMOV Maxim
840,10009030377,MEX,11.05.1994,INACTIVE,MEJIA GUERRERO Bernardoi Emmanuel
841,10010721009,GBR,27.06.1991,INACTIVE,ROPER Matthew
842,10015914246,RUS,06.09.1999,ACTIVE,ROSTOVTSEV Mikhail
843,10116103324,MEX,03.01.2001,INACTIVE,MONZON ORTIZ Hector Ivan
844,10081576475,MEX,25.10.2002,INACTIVE,SANCHEZ MARTIN Daniel
845,10116103223,MEX,29.10.2001,INACTIVE,VILLEGAS ZAZUETA Joel Isaac
846,10008973591,GBR,17.11.1993,ACTIVE,BAKER Thomas
847,10077024448,MEX,11.06.2002,INACTIVE,SOLIS ACOSTA Jorge
848,10017891935,GBR,09.12.1996,INACTIVE,HARROD Finn
849,10109680914,MEX,22.08.1999,INACTIVE,GARDUZA SANTIAGO Pablo
850,10087938463,GBR,29.08.2002,ACTIVE,WYBROW Jack
851,10023945341,GBR,12.03.2001,ACTIVE,CRUDEN Jack
852,10076874908,GBR,15.10.2004,INACTIVE,SMITH Sam
853,10052856492,GBR,11.08.2004,ACTIVE,PEARSON Jack
854,10082993887,GBR,22.08.1991,INACTIVE,PIERIS Don Milesh
855,10084049268,GBR,21.05.2003,ACTIVE,COOK Jamie
856,10086726670,GBR,28.04.2002,ACTIVE,SHARPE Thomas
857,10096294106,GBR,17.03.1995,INACTIVE,MACLEOD Kieran
858,10005727327,JPN,25.01.1986,INACTIVE,NITTA Yudai
859,10005964672,JPN,03.01.1990,INACTIVE,FUKAYA Tomohiro
860,10004599194,GBR,23.03.1988,ACTIVE,KENNY Jason
861,10004720143,VEN,22.10.1987,INACTIVE,MARCANO SANCHEZ Cesar Mervin
862,10016152807,MAR,23.08.1998,INACTIVE,SADKI Mohamed
863,10006900421,NED,13.12.1992,ACTIVE,BÜCHLI Matthijs
864,10011155990,HKG,28.02.1998,INACTIVE,LAW Tsz Chun
865,10010994528,ALG,18.04.1997,ACTIVE,HAMZA Yacine
866,10010829123,ECU,05.12.1997,INACTIVE,PACHECO RODRIGUEZ Pablo Emilio
867,10026805124,FRA,15.08.2000,INACTIVE,BERNERON Paul
868,10049591636,MAR,01.12.2001,INACTIVE,HAMZA Ayoub
869,10006285378,COL,22.02.1990,INACTIVE,CAMBINDO ALOMIAS Samir Felipe
870,10006073493,ITA,18.12.1989,ACTIVE,CECI Francesco
871,10112982853,SUD,01.01.1999,INACTIVE,SULIMAN Mohamed
872,10005574854,BUL,17.01.1989,ACTIVE,MINCHEV Miroslav
873,10112216553,SUD,18.03.2001,INACTIVE,MAHGOUB Omer
874,10048325683,GER,10.08.2001,INACTIVE,RÖBEL Christian
875,10009037350,COL,19.04.1994,ACTIVE,PARRA ARIAS Jordan Arley
876,10100093270,COL,03.07.1995,INACTIVE,PEÑA GARZON Juan
877,10088489141,CAN,09.11.2001,INACTIVE,HEINEMANN Christopher
878,10005921226,MEX,19.06.1986,INACTIVE,SERRANO PLOWELLS Roberto
879,10015473100,ITA,17.12.1999,INACTIVE,TOVO Alessandro
880,10006182318,NZL,19.02.1991,INACTIVE,MITCHELL Ethan
881,10007828183,KAZ,28.09.1993,ACTIVE,VORZHEV Pavel
882,10016106832,UKR,21.09.1999,INACTIVE,BILYI Serhii
883,10050887493,NED,22.08.1983,INACTIVE,BOS Theo
884,10007499292,GBR,22.09.1992,INACTIVE,HINDES Philip
885,10109373443,JPN,07.06.2000,INACTIVE,KIKUCHI Taketo
886,10030584484,ITA,14.05.2000,INACTIVE,CROGNALE Amin
887,10016270116,GER,08.07.2000,INACTIVE,EDBAUER Elias
888,10051443629,POL,25.02.2000,INACTIVE,LACZKOWSKI Cezary
889,10106575092,BUL,26.11.1996,ACTIVE,LUMPAROV Georgi
890,10054711620,UKR,15.08.2003,INACTIVE,SHYSHLYK Nazar
891,10036116720,DEN,21.08.2001,ACTIVE,SKIVILD Robin
892,10010601171,USA,22.08.1993,INACTIVE,CROOM John
893,10067497735,FRA,07.09.2003,INACTIVE,APVRILLE Julian
894,10067778631,FRA,19.09.2003,ACTIVE,CLOAREC Vincent
895,10060494133,ESP,15.03.1992,ACTIVE,PERONA OGALLAR Francisco Javier
896,10007828082,IRI,18.12.1993,INACTIVE,DANESHVARKHOURRAM Mohammad
897,10035062450,AUT,12.12.2000,INACTIVE,GÖTZINGER Valentin
898,10010118494,SUI,17.10.1998,ACTIVE,FROIDEVAUX Robin
899,10064652605,USA,29.07.2000,ACTIVE,BUSS Ian
900,10054626441,POL,27.09.2002,INACTIVE,FAK Maciej
901,10056016167,CRC,14.07.2002,ACTIVE,RAMIREZ VENEGAS Joseph Gerardo
902,10083618933,IRI,22.02.1997,INACTIVE,RASHNO Reza
903,10008987537,FIN,03.08.1994,INACTIVE,RIIHELÄ Wille-Oskari
904,10035076796,AUT,17.02.2003,ACTIVE,KERSCHBAUMER Leo
905,10056503086,CRC,05.04.1993,INACTIVE,ALVARADO MENDEZ Javier
906,10006875159,ROU,04.09.1992,ACTIVE,GROSU Eduard-Michael
907,10034795904,SUI,07.01.2001,ACTIVE,DE LISI Nicolò
908,10009688664,BAR,29.08.1996,ACTIVE,SUTHERLAND Edwin
909,10097450123,JPN,26.10.2000,INACTIVE,MOROKUMA Kentaro
910,10067878257,FRA,12.06.2001,INACTIVE,YON Vincent
911,10015000224,CRC,07.04.1999,INACTIVE,QUESADA PICADO Yeicoth
912,10003095795,POL,23.03.1985,INACTIVE,KUCZYNSKI Kamil
913,10011134570,BUL,26.03.1997,ACTIVE,GENOV Nikolay
914,10004618796,FRA,03.09.1987,ACTIVE,D'ALMEIDA Michael
915,10035022337,AUT,28.01.2002,ACTIVE,WAFLER Tim
916,10076894005,CRC,18.08.2000,ACTIVE,PIEDRA QUESADA Carlos
917,10014581205,ROU,24.10.1995,ACTIVE,DANIEL Madaras
918,10009318549,ITA,22.01.1991,ACTIVE,TOTÒ Paolo
919,10014936566,SUI,26.01.1999,ACTIVE,THIÉBAUD Valère
920,10007799285,LTU,12.06.1994,INACTIVE,VIDEIKA Airidas
921,10109511768,ECU,27.02.1986,ACTIVE,VASQUEZ VELASCO Diego
922,10083544161,IRI,20.09.1995,INACTIVE,ROUHOLLAHI Farzad
923,10009333707,BUL,02.06.1980,ACTIVE,STANCHEV Nikolay
924,10016095516,ITA,26.06.1999,INACTIVE,ROSALEN Matteo
925,10080997610,IRL,03.05.1988,ACTIVE,MULCAHY Michael
926,10009183658,FIN,14.01.1978,INACTIVE,ARTE Lauri
927,10118523169,GEO,22.04.2000,ACTIVE,STURUA Sergo
928,10097387273,THA,06.04.2002,ACTIVE,CHUMBUATHONG Kanok
929,10063595911,VEN,07.10.2001,INACTIVE,AULAR MELÉNDEZ Jesus
930,10050356522,CRC,27.04.1989,INACTIVE,ROJAS VALVERDE Luis Daniel
931,10063186386,ROU,09.02.2001,ACTIVE,MARCU Adi-Narcis
932,10029862442,ITA,27.01.2000,ACTIVE,MARTINELLI Edoardo
933,10009331784,SUI,09.05.1980,INACTIVE,STUDER Peter
934,10053901365,POL,10.06.2002,INACTIVE,JANECZEK Adam
935,10109512273,ECU,25.08.1990,ACTIVE,NUÑEZ TOBON Carlos
936,10072831927,IRI,14.05.2001,INACTIVE,ZAREZADEH MEHRIZI Abbas
937,10029308734,ITA,05.08.2000,INACTIVE,FACCIO Mattia
938,10023458826,GEO,09.06.2000,INACTIVE,KOCHAKIDZE Giorgi
939,10115011971,IND,07.11.1994,INACTIVE,SWR VIKAS Swr Vikas
940,10008098470,JPN,07.02.1985,INACTIVE,KAWABATA Tomoyuki
941,10015393375,ITA,30.09.1998,INACTIVE,MARINOZZI Alessandro
942,10010796080,SUI,04.06.1973,ACTIVE,RUEPP Martin
943,10045946355,TTO,09.11.2000,ACTIVE,BECKLES Darius
944,10009693617,RUS,07.06.1994,INACTIVE,KALMYKOV Evgenii
945,10021349276,JPN,03.06.2000,INACTIVE,KADO Hiroya
946,10006113610,IRI,03.09.1984,INACTIVE,MAHDAVI Masoud
947,10052885693,BUL,22.04.2002,INACTIVE,MARINKOV Kostantin
948,10069360236,FIN,07.04.2000,Inactive,NURMINEN Eerik
949,10011044543,GEO,01.03.1997,INACTIVE,AKHMAEVI Sulkhan
950,10050706429,IND,08.01.1999,INACTIVE,KAMBOJ Amardeep
951,10034780241,SUI,08.08.2001,INACTIVE,SERRA BURGUERA Carlos
952,10006902239,POL,04.07.1991,INACTIVE,MAKSEL Krzysztof
953,10088438116,UKR,27.04.1997,Inactive,ROZGHONIUK Andriy
954,10021578844,JPN,02.02.2000,INACTIVE,MATSUOKA Takumi
955,10084202448,KAZ,21.03.2002,INACTIVE,ZHAILGANOV Arlanbek
956,10120520965,IRI,30.12.2002,INACTIVE,AMINALROAYAE Abolfazl
957,10060238495,BUL,28.08.2001,INACTIVE,VALCHEV Zlatin
958,10041866089,ESP,26.01.2002,INACTIVE,FERNANDEZ GARCIA Sergio
959,10053679780,AUT,18.09.2000,INACTIVE,RAMMER Christian
960,10052265705,THA,11.04.1993,ACTIVE,KAPUNYA Worayut
961,10114929927,IND,18.09.1997,INACTIVE,PRADEEP Anandhu
962,10011047472,SUI,15.08.1998,ACTIVE,BACHOFNER Patrick
963,10015980833,BLR,06.04.2000,INACTIVE,KACHERHIN Pavel
964,10006665496,GER,21.09.1991,ACTIVE,ENGLER Eric
965,10118851858,JPN,21.02.2002,INACTIVE,YOSHINO Taisei
966,10072797369,IRI,26.12.2001,ACTIVE,RASHNOU Iman
967,10052885794,BUL,11.12.2002,INACTIVE,IVANOV Damian
968,10081023777,GRE,05.08.2002,INACTIVE,PATERAKIS Ilias
969,10016282543,COL,09.07.1999,INACTIVE,ARENAS GONZALEZ Juan Esteban
970,10009219125,IRL,20.02.1995,ACTIVE,SHERIDAN Fionn
971,10006532629,AUT,22.12.1987,ACTIVE,OCHSENHOFER Peter
972,10007797265,THA,10.07.1992,Inactive,SORNKLA Panyapon
973,10050879514,IND,18.09.2001,INACTIVE,NELSON Frank
974,10015443087,NZL,25.01.1999,INACTIVE,OGLE Jackson
975,10010114555,KAZ,11.07.1998,INACTIVE,NALYOTOV Maxim
976,10088408814,BLR,15.06.2002,ACTIVE,IVANCHANKA Dzmitry
977,10083495560,POL,04.06.2002,INACTIVE,CIECHANOWSKI Radoslaw
978,10007257907,VEN,27.11.1990,ACTIVE,MARTINEZ MOROS Clever Jose
979,10053970275,DOM,26.05.1992,ACTIVE,RAMOS VARGAS Alberto Rafael
980,10058440359,DOM,12.01.1993,ACTIVE,MARTE ARIAS Cesar Alberto
981,10062941765,POL,30.06.1969,INACTIVE,SKORSKI Marek
982,10051132421,RUS,11.05.2000,ACTIVE,PROTSENKO Alexander
983,10117284805,UKR,01.12.1998,Inactive,BRAIKO Daniil
984,10118848323,JPN,13.09.2002,INACTIVE,SHIMIZU Atsuki
985,10029473836,ITA,12.07.2002,INACTIVE,GARZARA Mattia
986,10072832735,IRI,21.06.2001,INACTIVE,SAEID Moein
987,10064052922,BUL,19.04.2001,ACTIVE,GECHEV Hristo
988,10116735541,IRL,12.05.1992,INACTIVE,QUINN-NEALON Mark
989,10048988620,AUT,15.05.2002,ACTIVE,KOVAR Stefan
990,10064646238,USA,26.10.1994,INACTIVE,AINSLIE Rex
991,10097389091,THA,16.01.1996,ACTIVE,SONPHET Apirak
992,10114811002,IND,14.06.1993,INACTIVE,C Dinesh C
993,10010895104,JPN,30.04.1998,INACTIVE,ARAKAWA Hitoshi
994,10063404638,BLR,05.08.2001,ACTIVE,KLIMUK Maxim
995,10053896719,POL,10.02.2002,INACTIVE,RUTKOWSKI Bartosz
996,10035212394,COL,09.10.1986,ACTIVE,ARANGO CARVAJAL Juan Esteban
997,10007772209,RUS,11.03.1994,INACTIVE,SEMEKHA Aleksei
998,10055218747,POL,06.03.2001,INACTIVE,SOSZKA Jakub
999,10021142041,JPN,24.03.2001,INACTIVE,IMAI Nozomi
1000,10097636342,IRI,26.03.2002,INACTIVE,GHOLAMI Sina
1001,10052885895,BUL,30.12.2002,ACTIVE,RYUSTEMOV Deniz
1002,10017307915,IRL,08.01.1983,ACTIVE,STEWART Mark
1003,10015974870,THA,23.06.1999,ACTIVE,SAMNGAMMA Chetawan
1004,10114912547,IND,21.01.2001,INACTIVE,KUMAR Nitin
1005,10053577023,POL,16.01.2001,INACTIVE,ZIELINSKI Norbert
1006,10008931256,BAR,02.07.1993,ACTIVE,EASTMOND Jamol
1007,10089730842,UKR,25.05.2002,INACTIVE,STETSIUK Vadym
1008,10010895205,JPN,18.02.1998,INACTIVE,TANAKA Katsuhisa
1009,10008921960,IRI,29.12.1991,INACTIVE,POOLAB Yosefe
1010,10063365030,BUL,07.06.1981,Active,KOZHUHAROV Todor
1011,10103197068,IRL,24.11.1986,ACTIVE,FLANNERY Alan
1012,10118576420,USA,27.08.1986,INACTIVE,SIEGEL Alex
1013,10050941350,IND,20.11.1999,INACTIVE,MANODHYA Prateek
1014,10011161549,NZL,26.10.1999,INACTIVE,FLEMING Jayden
1015,10015916266,POL,27.03.1999,INACTIVE,URBANSKI Wojciech
1016,10017666310,RSA,25.01.1999,ACTIVE,MATTHEWS Daniyal
1017,10090264645,UKR,10.08.2000,INACTIVE,VORONOV Vladyslav
1018,10118842057,JPN,31.10.2000,INACTIVE,YOSHIDA Sho
1019,10120521268,IRI,13.10.2001,INACTIVE,MOSAFERI Nima
1020,10052874579,BUL,23.05.2001,Active,NIKOLOV Georgi
1021,10096554083,THA,11.08.1999,INACTIVE,VEERAKUNOPAKORN Krits
1022,10050725021,IND,06.08.2000,INACTIVE,KUMAR A Raj
1023,10015145623,AUS,20.04.1999,ACTIVE,BONSER Kye
1024,10008950858,CZE,20.03.1994,ACTIVE,SOJKA David
1025,10104087549,GEO,09.03.1999,INACTIVE,TANACHEV Nikita
1026,10016104408,UKR,10.07.2000,INACTIVE,LOLA Ludomyr
1027,10004622638,ESP,30.10.1988,ACTIVE,FERNANDEZ CASASOLA Airan
1028,10007446651,BUL,21.02.1989,ACTIVE,IVANOV Borislav
1029,10010695040,COL,22.01.1997,INACTIVE,SOLARTE MOSQUERA Jorge Esteban
1030,10005227472,FRA,10.10.1970,INACTIVE,VETTORETTI Fabrice
1031,10052881148,BUL,20.06.1976,ACTIVE,STEFANOV Ognyan
1032,10011164276,JPN,10.06.1998,INACTIVE,HATTA Tomoya
1033,10076166101,UKR,26.11.1979,ACTIVE,BILOGUB Andrii
1034,10118877019,CHN,02.12.2000,INACTIVE,LIU Yi
1035,10052881350,BUL,09.07.1999,Active,POPOV Martin
1036,10007789181,COL,12.03.1994,ACTIVE,RAMIREZ YEPES Carlos Alberto
1037,10021645431,JPN,01.07.1998,INACTIVE,SUEHIRO Kairi
1038,10075914002,BLR,09.06.1998,INACTIVE,VISHNEV Gleb
1039,10034782261,SUI,05.11.2002,ACTIVE,FORTIS Damien
1040,10118877322,CHN,14.10.1998,INACTIVE,RI Zuishi
1041,10014420547,BUL,23.06.1996,ACTIVE,IVANOV Emil
1042,10084652991,GRE,07.04.1977,Active,VLAMIS Georgios
1043,10064711714,COL,22.01.2000,INACTIVE,MUÑOZ RODRIGUEZ Yonny Alexander
1044,10022102846,NZL,07.03.1989,INACTIVE,THOMAS Mike
1045,10109371019,JPN,10.01.2002,INACTIVE,YOSHIOKA Yuta
1046,10021158007,JPN,30.06.1999,INACTIVE,ARAKAWA Tatsuro
1047,10106273382,BUL,12.02.2000,ACTIVE,GEORGIEV Ivan
1048,10035520875,COL,29.03.1995,INACTIVE,MACA SANCHEZ Erik Daniel
1049,10021785776,NZL,14.01.2001,INACTIVE,HODGKINSON Louis
1050,10096367763,JPN,04.10.1994,INACTIVE,TAKAHASHI Shinya
1051,10008958033,RUS,01.05.1996,INACTIVE,TABOLIN Sergey
1052,10034823889,UKR,23.08.1995,INACTIVE,RUDENKO Vladyslav
1053,10020925712,JPN,01.10.1998,INACTIVE,ABE Yusuke
1054,10076430021,BUL,18.07.2001,Inactive,PETKOV Daniel
1055,10021316439,JPN,06.08.1999,INACTIVE,KAJIHARA Kaito
1056,10089713563,UKR,14.03.2003,INACTIVE,VOZNYUK Ihor
1057,10006065817,RUS,08.03.1989,INACTIVE,TKACHEV Aleksei
1058,10118186905,BUL,04.11.1994,INACTIVE,LYUBENOV Lyubomir
1059,10021022207,JPN,28.12.2000,INACTIVE,FUKUDA Kenta
1060,10052874680,BUL,06.07.2001,Active,KATARDZHIEV Filip
1061,10004725092,USA,14.09.1964,INACTIVE,DIEFENBACH Matthew
1062,10112148855,BUL,21.09.1998,ACTIVE,DIMITROV Atanas
1063,10119068793,USA,30.11.1990,INACTIVE,FREIBERG Daniel
1064,10020805167,JPN,28.07.2001,INACTIVE,OHASHI Masato
1065,10086865706,JPN,21.04.2000,INACTIVE,NAKAGAWA Yuto
1066,10036021740,RUS,25.03.2002,Active,SHERSTENIKIN Aleksei
1067,10073282672,USA,12.07.1992,INACTIVE,ROMERO Luke
1068,10021553784,JPN,17.09.1999,INACTIVE,DOJO Kaichi
1069,10046312632,CZE,04.05.2002,INACTIVE,PAGÁČ David
1070,10015914145,RUS,02.12.1999,ACTIVE,PERCHUK Pavel
1071,10119083547,USA,27.03.2001,INACTIVE,RIVAS Hector
1072,10109370817,JPN,29.08.2001,Active,MIURA Kiaki
1073,10036022649,RUS,01.09.2001,INACTIVE,YASTREBOV Egor
1074,10006422895,CZE,28.05.1991,ACTIVE,KELEMEN Pavel
1075,10010850644,POL,26.01.1998,INACTIVE,MILEK Mateusz
1076,10059218884,GER,28.12.2002,INACTIVE,BAHYRYCZ Alexander
1077,10007271849,RUS,30.03.1995,INACTIVE,LYSENKO Aleksey
1078,10009328047,RUS,13.08.1996,INACTIVE,ILYASOV Ruslan
1079,10015267477,RUS,27.04.1999,INACTIVE,SAPOZHNIKOV Arkadiy
1080,10034928165,RUS,05.06.2000,INACTIVE,SMAGIN Mihail
1081,10054592186,RUS,24.05.2002,ACTIVE,KUZNETSOV Danila
1082,10063232563,RUS,02.12.2002,INACTIVE,EVSEEV Eduard
1083,10082410675,RUS,19.11.2002,INACTIVE,UNGURYANU Svyatoslav
1084,10103577792,RUS,12.12.2002,ACTIVE,ALEKSEEV Lavrentii
1085,10010726261,USA,18.07.1981,INACTIVE,WATT Chris
1086,10020974616,JPN,08.05.1985,INACTIVE,SAGARA Katsuhiro
1087,10009504667,USA,13.01.1996,INACTIVE,MELLEN James
1088,10009307435,CAN,07.04.1992,INACTIVE,ARCHAMBAULT Joel
1089,10005964571,JPN,14.01.1990,INACTIVE,AMAGAI Kazuki
1090,10003096708,FRA,31.01.1985,ACTIVE,BAUGE Grégory
1091,10009009260,AUS,06.04.1995,INACTIVE,CLARKE Thomas
1092,10096716660,EGY,09.09.1999,INACTIVE,MOHAMED Ahmed
1093,10010645833,MAS,14.05.1997,ACTIVE,MOHD SHAHRIN Mohamad Shariz Efendi
1094,10006288109,COL,21.03.1991,ACTIVE,TAMAYO SAAVEDRA Christian Leonardo
1095,10009721202,RUS,27.04.1997,INACTIVE,NOSOV Alexey
1096,10009307536,TTO,08.12.1992,INACTIVE,BRAMBLE Keron
1097,10076376467,ALG,21.10.2001,INACTIVE,BOUKHARI Youcef
1098,10009207001,CHN,04.02.1994,INACTIVE,WANG Tianqi
1099,10008108574,BRA,13.05.1994,ACTIVE,FONSECA DA SILVA FREITAS Kacio
1100,10074742827,ALG,25.10.2001,ACTIVE,BENGANIF Seddik
1101,10014664057,CHN,05.03.1996,INACTIVE,LIU Kuan
1102,10011164579,INA,14.03.1999,Active,KUSUMA Terry Yudha
1103,10015978712,BLR,17.08.1999,INACTIVE,LUKASHEVICH Andrei
1104,10007891437,POL,07.11.1994,INACTIVE,LIPA Mateusz
1105,10036451873,SIN,15.03.2000,INACTIVE,TAN Curtis Zhenliang
1106,10036590000,LTU,04.02.2001,INACTIVE,SERAFINAS Gedvinas
1107,10009175574,CZE,12.04.1996,ACTIVE,FANTA Jiří
1108,10093638932,UKR,11.03.1997,INACTIVE,MOSHCHONSKYI Oleksandr
1109,10010654826,RUS,28.12.1997,INACTIVE,BOBRAKOV Evgenii
1110,10062073920,CHN,16.06.1996,INACTIVE,ZHANG Cheng
1111,10010114757,KOR,16.04.1997,INACTIVE,KANG Minseong
1112,10099129132,EGY,03.04.1995,INACTIVE,EMARA Mohammed
1113,10008997641,NZL,21.07.1995,ACTIVE,WILLIAMS Zac
1114,10006898401,TTO,29.05.1991,INACTIVE,PHILLIP Njisane
1115,10015313856,MAR,08.10.1997,INACTIVE,SABBAHI Lahcen
1116,10010648257,MAS,24.08.1997,INACTIVE,RASOL Muhamad Khairil Nizam
1117,10073486978,HKG,17.07.1997,INACTIVE,LAU Tsz Leung Jeffery
1118,10023485704,CHN,22.04.1999,INACTIVE,LIU Wei
1119,10010923796,USA,20.07.1990,INACTIVE,THOMSON Evan
1120,10061702387,BUR,31.12.1990,ACTIVE,BAMOGO Seydou
1121,10016321242,KAZ,29.11.1999,INACTIVE,RUDER Bogdan
1122,10014767121,DEN,04.08.1992,INACTIVE,BENDTSEN Tim
1123,10005548986,CIV,18.07.1988,ACTIVE,KONTÉ Bassirou
1124,10025432875,FRA,23.08.2000,ACTIVE,GRENGBO Florian
1125,10096482143,NGR,22.02.1995,INACTIVE,ISREAL Akinrotimi
1126,10011049593,SUI,29.09.1997,INACTIVE,FROSSARD Marc
1127,10010720908,DEN,19.07.1995,INACTIVE,RIMKRATT-MILKOWSKI William
1128,10009036340,COL,14.02.1995,INACTIVE,GUTIERREZ GONZALEZ Juan David
1129,10049101582,MAS,11.10.2000,INACTIVE,MOHD SHUKRI Taib Azamuddeen
1130,10009012694,IND,26.03.1993,INACTIVE,SINGH Amarjeet
1131,10015172400,GER,04.01.2000,INACTIVE,KÜHN Julian Pascal
1132,10009725545,CHN,15.08.1996,INACTIVE,ZONG Gaoyang
1133,10006553039,ESP,26.10.1991,ACTIVE,ALIAGA CHIVITE Sergio
1134,10053303403,GBR,02.12.1989,INACTIVE,SPRATT Alex
1135,10009205886,CHN,12.01.1992,INACTIVE,BI Wenjun
1136,10006737945,CHN,12.08.1988,INACTIVE,ZHANG Miao
1137,10010914605,CHN,10.04.1997,INACTIVE,JIANG Shuai
1138,10009689674,ARG,21.06.1997,INACTIVE,SUAREZ Farid Gutavo
1139,10082602453,CZE,01.05.2001,INACTIVE,HANUS Jakub
1140,10003011125,FRA,16.10.1984,ACTIVE,PERVIS Francois
1141,10016023976,AUS,23.07.1999,INACTIVE,MEUNIER Tylah
1142,10025472382,POR,22.06.2000,INACTIVE,COUTO Guillaume
1143,10035335464,COL,07.07.1999,INACTIVE,HERNANDEZ MONTOYA Jhonnier
1144,10017849596,TPE,06.10.1999,INACTIVE,LO Hsin Tian
1145,10009207203,CHN,04.07.1994,INACTIVE,LUO Yongjia
1146,10007900935,ARG,08.08.1994,ACTIVE,SERRANO ESPER Juan Pablo
1147,10009101816,IRL,13.03.1984,ACTIVE,BYRNE Eamonn
1148,10017855559,TPE,08.06.1999,INACTIVE,YEN Hao Wei
1149,10008882049,NED,03.10.1993,INACTIVE,VAN 'T HOENDERDAAL Nils
1150,10010028366,NOR,22.02.1997,INACTIVE,HETLAND Lars Ole
1151,10009905094,NED,08.06.1998,INACTIVE,VAN DER WIJST Koen
1152,10050986719,IND,26.03.1993,INACTIVE,NEGI Amarjeet Singh
1153,10017853337,TPE,17.05.1999,INACTIVE,CHEN Yi Hsuan
1154,10015346188,DEN,14.08.1991,INACTIVE,SØGAARD Rasmus
1155,10083929838,CHN,25.07.2000,INACTIVE,ZHENG Haiqiang
1156,10036103986,KAZ,02.12.2001,INACTIVE,SIAZBEKOV Temirkhan
1157,10094240736,KOR,28.09.2000,ACTIVE,YOON Jongseok
1158,10009725242,IRI,20.07.1997,INACTIVE,NASRABADI Ahmad
1159,10020915709,JPN,27.08.1998,INACTIVE,YOSHIMOTO Taisei
1160,10010726564,VEN,01.12.1991,INACTIVE,QUINTERO MALDONADO Gabriel Angel
1161,10023376576,NED,08.11.1996,INACTIVE,HABETS Stephan
1162,10010709588,TPE,28.09.1997,INACTIVE,LIN Kai Che
1163,10010654927,RUS,02.06.1997,INACTIVE,SEVOSTIANOV Egor
1164,10003391849,ROU,23.07.1987,ACTIVE,PETRACHE Marius-Cristian
1165,10060752696,ROU,18.07.1998,Inactive,BACIU Iulian
1166,10011156600,IND,02.03.1998,INACTIVE,SANANDARAJ Sanuraj Paul
1167,10002654346,TTO,30.07.1976,INACTIVE,KELLAR Azikiwe
1168,10066296248,GRE,01.07.1998,INACTIVE,CHATZIANGELAKIS Emmanouil
1169,10011202066,JPN,30.10.1998,INACTIVE,AMBAI Taisei
1170,10009034623,GUA,01.11.1995,INACTIVE,CASTRO Claudio
1171,10050766750,KOR,03.07.1999,INACTIVE,OH Minjae
1172,10015530185,NED,04.05.1999,INACTIVE,ZUIDEMA Joël
1173,10045992633,TPE,05.11.2000,Inactive,CHANG Hsu Jui
1174,10009738780,GRE,11.12.1997,INACTIVE,DAVARIS Basileios
1175,10067049111,THA,26.12.2000,ACTIVE,PHAKSRIWONG Chiraphong
1176,10092508375,ROU,07.05.1992,INACTIVE,CATARIG Alin-Tani
1177,10049099158,MAS,22.10.2000,INACTIVE,SAFUAN Alif Aiman
1178,10010653008,TPE,11.02.1997,INACTIVE,LI Chin Yi
1179,10054595321,KSA,21.10.1998,ACTIVE,ALKHUWAYTIM Abdulaziz
1180,10011220658,RUS,12.07.1998,INACTIVE,GAVRILOV Roman
1181,10011047068,TPE,03.02.1987,INACTIVE,LIAO Hsin Ti
1182,10064248033,LAT,29.07.1980,INACTIVE,MACLEOD Cameron
1183,10085039476,DEN,07.06.1967,INACTIVE,LINDEMOSE Lars
1184,10064812350,KOR,27.04.1998,INACTIVE,SHIN Byeonguk
1185,10051451107,UAE,01.03.1994,ACTIVE,ALMANSOORI Mohammed Yousef
1186,10011309473,NGR,22.06.1981,INACTIVE,CALEB Kalizibe
1187,10015861807,NOR,02.07.1997,INACTIVE,KJÆRSTAD Nicolai
1188,10062047951,ROU,27.11.1999,INACTIVE,ANDREI Ionut-Andrei
1189,10010115969,ARG,06.09.1997,INACTIVE,CAZZOLA Julian
1190,10011157509,THA,25.10.1997,ACTIVE,URAIKIT Thanawat
1191,10006941544,HUN,22.06.1989,INACTIVE,TOTH Barnabas
1192,10004860084,HKG,19.04.1983,ACTIVE,CHAU Dor Ming
1193,10060566275,GEO,22.12.2001,Inactive,KHABAZI Tornike
1194,10035023347,AUT,14.04.2000,INACTIVE,VIEHBERGER Lukas
1195,10006319633,AZE,27.11.1989,INACTIVE,OMELCHENKO Sergii
1196,10060064000,DEN,03.03.1961,INACTIVE,NEJRUP Jan
1197,10060403193,SVK,12.10.1986,ACTIVE,BOLO Martin
1198,10064812451,KOR,21.06.1997,INACTIVE,LEE Seongrok
1199,10010992710,UAE,08.01.1990,Active,ALMANSOORI Ahmed
1200,10022309172,SWE,03.04.2001,INACTIVE,STRANDQVIST Otto
1201,10016435218,BEL,14.10.2000,INACTIVE,LITVINOV Dominik
1202,10051013088,NOR,09.10.1994,INACTIVE,EIKELAND Ken-Levi
1203,10030125049,ITA,13.07.2000,ACTIVE,BOSCARO Davide
1204,10004068526,HUN,26.05.1978,INACTIVE,PRÁJCZER Péter
1205,10009009462,AUS,15.07.1995,INACTIVE,CONSTABLE Patrick
1206,10006575772,RSA,26.05.1989,INACTIVE,SMITH Jean Christiaan
1207,10054313112,POL,12.05.2000,INACTIVE,FILIPCZAK Oskar
1208,10015522004,SVK,14.12.1999,ACTIVE,VAŠKO Tomáš
1209,10009101715,IRL,18.06.1986,INACTIVE,MAIRS Anthony
1210,10016146844,MAR,14.11.1995,INACTIVE,TAHA Issam
1211,10016107539,UKR,23.12.2000,INACTIVE,DENESENKO Vladyslav
1212,10004573128,LAT,09.04.1988,INACTIVE,ANDRIJANOVS Reinis
1213,10098001811,BEL,19.12.1994,ACTIVE,DE GEETER Brent
1214,10006082991,THA,06.09.1970,INACTIVE,NIWANTI Charaspong
1215,10084358860,INA,03.12.1980,INACTIVE,WAHYUDI Muchammad
1216,10004748132,HKG,10.09.1986,INACTIVE,WONG Kin Chung
1217,10009689573,MEX,03.01.1996,INACTIVE,MENDEZ MEZA Kevin
1218,10010692111,VEN,26.03.1997,INACTIVE,AFANADOR VASQUEZ Leonardo Andrés
1219,10015716812,RSA,01.06.1988,INACTIVE,WITBOOI Burton
1220,10094870226,DEN,12.08.1995,INACTIVE,EBERT Christoffer Bohn
1221,10013611104,TKM,05.06.1994,INACTIVE,AMANGELDIYEV Rovshen
1222,10050986921,IND,02.03.1998,INACTIVE,P Sanu Raj
1223,10009648551,ALG,06.05.1994,ACTIVE,BOUZIDI Mohamed
1224,10011166805,POR,12.02.1999,INACTIVE,DUARTE Francisco
1225,10049014181,DEN,20.05.1999,INACTIVE,LUTHMANN Nicolai
1226,10008901954,LAT,30.03.1986,INACTIVE,FLAKSIS Martins
1227,10021915819,NZL,17.05.2001,INACTIVE,CLAASEN Angus
1228,10064938349,BEL,07.05.2001,ACTIVE,DECOSTER Michael
1229,10005930724,FRA,17.11.1990,ACTIVE,LAFARGUE Quentin
1230,10011164781,IRI,14.02.1999,INACTIVE,BAGHERPOUR Kasra
1231,10073486675,HKG,24.02.2000,INACTIVE,CHEUNG Ho Chuen
1232,10010601575,KOR,20.01.1994,INACTIVE,PARK Minchul
1233,10009110001,MEX,08.06.1993,INACTIVE,MÉNDEZ MEZA Roberto
1234,10006914767,SUI,05.11.1993,INACTIVE,PAGE Dylan
1235,10016194334,GEO,22.03.1999,INACTIVE,TSERETELI Tamaz
1236,10084721703,TTO,02.06.1990,INACTIVE,THOMPSON Peter
1237,10010739500,AUT,25.09.1989,INACTIVE,GAUBATZ Lukas
1238,10010184172,POL,18.09.1998,ACTIVE,RUDYK Bartosz
1239,10023683946,GBR,07.01.1999,INACTIVE,FOSBERY James
1240,10010924204,USA,19.12.1997,INACTIVE,BOCK Peter
1241,10014234631,DEN,14.02.1997,INACTIVE,NEJRUP Rasmus
1242,10044375258,POR,26.01.2000,INACTIVE,MARQUES Francisco
1243,10053822149,DEN,15.12.1986,INACTIVE,BEECK Bjørn
1244,10056286858,LAT,21.09.2001,INACTIVE,JIRGENS Roberts
1245,10077803377,ARG,25.02.1969,INACTIVE,ARDANA Leandro
1246,10013610191,THA,02.04.1994,INACTIVE,PECHREE Anurak
1247,10016095213,ITA,29.09.1999,ACTIVE,CORROCHER Mattia
1248,10013189556,IRL,17.03.1982,INACTIVE,ROGERS Gareth
1249,10083548306,IRI,14.06.1995,INACTIVE,HESARI Hassan
1250,10073487079,HKG,27.07.1983,INACTIVE,NG Yu Hin
1251,10016604865,SUI,08.09.2000,INACTIVE,WEBER Oliver
1252,10066584925,GEO,02.01.2000,INACTIVE,GOGELIDZE Tsezar
1253,10065471243,BRA,04.02.2000,INACTIVE,APARECIDO TIMOTEO Wellington Willian
1254,10002419021,AUT,25.11.1979,ACTIVE,MÜLLER Andreas
1255,10054827313,POL,18.04.2000,INACTIVE,KUCHARSKI Bartosz
1256,10010828820,MEX,21.05.1998,INACTIVE,RESENDEZ LANDA Manuel Alejandro
1257,10090545945,UKR,13.05.2001,INACTIVE,PROKOPENKO Yuriy
1258,10010937843,GRE,18.06.1981,INACTIVE,MPOUSDRAS Ioannis
1259,10060038233,CHI,08.07.1997,INACTIVE,MANRIQUEZ FIGUEROA Fabian
1260,10093037633,KSA,28.07.1993,INACTIVE,ALSULAYMI Ali
1261,10015483709,GBR,18.03.1999,INACTIVE,STEWART Lewis
1262,10063094844,CAN,31.12.1998,ACTIVE,PERKINS Thomas
1263,10080289308,BEN,30.05.1999,INACTIVE,ZINSOU Alexandre
1264,10051722000,DEN,12.08.1976,INACTIVE,STEFFENSEN Martin
1265,10064067268,NZL,28.10.2001,INACTIVE,CALKIN Cailen
1266,10011334836,NED,07.09.1992,INACTIVE,CESAR Carlo
1267,10061162221,ROU,14.04.1969,ACTIVE,PORUMB George
1268,10063955316,ARG,23.06.1999,INACTIVE,SEOANE Gonzalo
1269,10076341408,CAN,10.02.2001,INACTIVE,THOMAS Gavin
1270,10042409592,ESP,12.06.2000,ACTIVE,URRA GARMENDIA Aritz
1271,10009976331,ITA,07.01.1997,INACTIVE,FINATTI Davide
1272,10084867203,THA,18.02.1991,ACTIVE,CHAROENPROM Thodsaphon
1273,10010926830,IRL,15.08.1993,INACTIVE,HOGAN Oisin
1274,10009016536,IRI,21.03.1994,INACTIVE,MOSLEMIMOGHADAM Saeid
1275,10063902671,KOR,18.05.1998,INACTIVE,KIM Jungwoo
1276,10095976733,MEX,22.08.1999,INACTIVE,RAMIREZ GUEVARA Bryan
1277,10023459028,GEO,20.07.1999,ACTIVE,TEDIASHVILI Giorgi
1278,10010175482,VEN,29.08.1998,ACTIVE,BLANCO PIRELA Julio Cesar
1279,10010641183,POL,04.08.1997,INACTIVE,LEWANDOWSKI Michal
1280,10058351948,DEN,08.07.1987,INACTIVE,ELBYHØJ Nikolaj
1281,10010640577,JPN,08.03.1996,INACTIVE,ITAKURA Genki
1282,10018941757,GBR,12.08.1997,INACTIVE,STEWART Kallum
1283,10061681270,ARG,21.08.1996,INACTIVE,CASPE Agustin
1284,10007213144,CAN,15.08.1989,INACTIVE,HUMS Thomas
1285,10063834266,TPE,14.12.2000,INACTIVE,WANG Yu Siang
1286,10015729441,ITA,17.09.1997,INACTIVE,VERARDO Alex
1287,10010736567,IRL,24.04.1983,ACTIVE,MCELROY Daniel
1288,10083619034,IRI,18.01.1998,INACTIVE,RAFIEIFARD Alireza
1289,10084298438,KOR,20.02.1998,INACTIVE,ONE Junoh
1290,10050949434,IND,25.05.1998,INACTIVE,KUMAR Sandeep
1291,10062011777,POL,05.05.1955,INACTIVE,GOLONKA Kazimierz
1292,10015712162,BRN,01.01.1995,INACTIVE,DIAB Yahiaaldien
1293,10008917112,SUI,25.02.1992,ACTIVE,FREULER Jan-André
1294,10072405026,CAN,07.11.1998,INACTIVE,BATISTA Elói
1295,10034859962,UKR,29.07.2001,INACTIVE,DYDKO Mikhaylo-Yaroslav
1296,10086403035,NZL,25.10.1985,INACTIVE,HINTON Geoff
1297,10015718024,CAN,13.02.1999,INACTIVE,STUART John
1298,10097389600,THA,07.01.1996,INACTIVE,POMSUWAN Arinchai
1299,10079944047,IRL,24.03.1988,ACTIVE,DENVIR Jonathan
1300,10009890344,KOR,11.06.1996,INACTIVE,KIM Jihun
1301,10072669653,KOR,28.10.2000,INACTIVE,MOONSHIN Junseo
1302,10086863884,BRA,08.01.1993,INACTIVE,SANTOS DA CRUZ GONÇALVES Rafael
1303,10053587935,AUT,08.03.1980,INACTIVE,EHRL Daniel
1304,10008994813,AUS,15.06.1995,INACTIVE,HARRISON Joshua
1305,10060701267,PER,05.09.1998,ACTIVE,RUIZ CALLE Robinson Steven
1306,10052231046,ARG,05.07.1992,INACTIVE,OVANDO Alan Abdon
1307,10087801956,CAN,26.08.1986,ACTIVE,MCLINTOCK Guy
1308,10097457193,ESP,11.03.1989,INACTIVE,LEKUONA ZEBERIO Iñaki
1309,10045992330,TPE,12.01.1972,INACTIVE,TSENG Sheng Jui
1310,10067217445,GRE,01.02.1994,INACTIVE,CHARCHLAKIS Panagiotis
1311,10009191641,IRL,09.04.1994,ACTIVE,INGLIS Ian
1312,10003095189,FRA,12.06.1985,ACTIVE,HENRIETTE Didier
1313,10007237901,BRA,17.04.1989,INACTIVE,FERREIRA Geovane Vinicius
1314,10035022741,AUT,13.12.2001,INACTIVE,LÖSCHL Florian
1315,10011002107,UAE,10.11.1994,ACTIVE,MAYOUF Khalid
1316,10015787641,JPN,27.11.1998,INACTIVE,MANABE Tomohiro
1317,10006594970,ALG,19.07.1989,INACTIVE,LALLOUCHI Ismail
1318,10083977631,UKR,17.12.1991,INACTIVE,PIVKO Serhii
1319,10021008564,JPN,27.03.1998,INACTIVE,UESUGI Yoshiki
1320,10023424167,NED,28.10.1991,INACTIVE,TEN KATE Herman
1321,10061681674,ARG,11.10.1983,INACTIVE,SENGER Fernando
1322,10009854877,CAN,14.03.1987,INACTIVE,ABBOTT Jason
1323,10011153263,ESP,15.05.1998,ACTIVE,BLANCO CALBET Josep
1324,10087498428,TPE,31.01.1987,INACTIVE,LI Chung Ling
1325,10082139176,BLR,23.07.2001,INACTIVE,TRYKHPOYEU Dzianis
1326,10010736466,IRL,27.10.1992,ACTIVE,SWIFT David
1327,10062769286,BRA,22.03.2001,Inactive,PEREIRA PUSSIELDI Pedro
1328,10092046415,AUT,13.03.1990,INACTIVE,BEHAM Armin
1329,10015848669,POL,11.01.1999,INACTIVE,MIGAS Dawid
1330,10015869887,TTO,19.11.2000,INACTIVE,WHITEMAN Jabari
1331,10062901551,POL,06.03.1996,INACTIVE,SKORSKI Bartosz
1332,10035306667,COL,08.06.1999,INACTIVE,MALDONADO FRANCO Martin Esteban
1333,10073310358,JOR,03.06.1999,INACTIVE,AL ABBADI Suhaib
1334,10010895306,JPN,30.05.1997,INACTIVE,KAJIHARA Daichi
1335,10010115767,ARG,06.05.1997,INACTIVE,MAGNONI Danilo
1336,10097158517,ESP,21.12.1992,INACTIVE,CHILLERON MORA Jose Antonio
1337,10017850206,TPE,27.08.1982,INACTIVE,PAN Chien Ju
1338,10008845370,THA,26.08.1996,ACTIVE,INKHOKSONG Nontakon
1339,10009846894,USA,15.11.1992,INACTIVE,REMO Thomson
1340,10050867689,POL,03.10.2000,INACTIVE,SCIBIOR Jakub
1341,10085762532,COL,11.01.1998,INACTIVE,DELGADO ALVAREZ Duvan
1342,10011164175,JPN,20.01.1998,INACTIVE,NAKAJIMA Shion
1343,10007836873,NZL,30.05.1993,INACTIVE,PRIOR Mat
1344,10076779019,GBR,18.05.2002,INACTIVE,CULPAN John
1345,10050089871,ARG,12.09.2000,INACTIVE,KONECNY GENINI Lucas
1346,10023476004,CAN,12.10.1985,ACTIVE,GOOCH Robert
1347,10015997910,CHN,02.10.1998,INACTIVE,WANG Yibo
1348,10076628566,BLR,17.07.2001,INACTIVE,ZAITSAU Daniil
1349,10064643814,USA,08.02.2001,INACTIVE,CONTANT-GALITELLO Jeanluc
1350,10063896308,KOR,05.03.1998,INACTIVE,HWANG Beomyeon
1351,10083483739,KOR,29.10.1999,Inactive,KIM Beomjin
1352,10083483941,KOR,09.02.1999,INACTIVE,LEE Jiyoon
1353,10053443445,POL,18.06.2000,INACTIVE,MICHALSKI Lukasz
1354,10083929434,CHN,01.01.2000,INACTIVE,MIAO Chengxi
1355,10043627651,CHN,27.06.1983,ACTIVE,ZHENG Li
1356,10097473260,NED,01.10.1993,INACTIVE,SCHOONEMAN Boyd
1357,10006443208,ARG,27.03.1981,INACTIVE,JOLY Jorge
1358,10007505457,GRE,24.07.1992,INACTIVE,PAPOUTSAS Konstantinos
1359,10024325863,FRA,28.12.1976,INACTIVE,DUJARRIER Yann
1360,10016206054,USA,08.03.1988,INACTIVE,OLSON Bj
1361,10010920564,BRA,06.04.1996,INACTIVE,VASCONCELLOS PEREIRA Arlon Alves
1362,10093904367,POL,28.03.1998,INACTIVE,KORTA Kuba
1363,10090367002,UKR,05.04.2001,INACTIVE,TYMCHUK Artem
1364,10058444100,GBR,28.09.2002,ACTIVE,EGGLESTONE Matti
1365,10022742339,NED,10.12.2001,INACTIVE,WEVER Yorik
1366,10007196168,ARG,29.04.1991,INACTIVE,GELUSINI TORRES Mauricio Jesus
1367,10076120530,CAN,29.08.1989,INACTIVE,KNAPMAN Jordan
1368,10063837704,GRE,28.12.2000,ACTIVE,SEKLEIZIOTIS Evangelos
1369,10015597883,FRA,26.02.1999,ACTIVE,GOURGUECHON Baptiste
1370,10053138095,USA,20.03.2000,INACTIVE,HARRISON Matthew
1371,10016101273,UKR,19.12.1997,INACTIVE,ZAELENCHYTS Stanislav
1372,10022860759,NED,18.12.2000,INACTIVE,ATTANASIO Ernesto
1373,10009142434,ARG,27.01.1993,INACTIVE,JOLY Claudio Fabian
1374,10084795663,CHN,08.11.2000,INACTIVE,LIANG Jiawei
1375,10026649924,FRA,12.11.1975,ACTIVE,SOULAINE Geoffroy
1376,10064646844,USA,10.10.1983,INACTIVE,MUNDARAIN Tomas
1377,10010638961,JPN,26.05.1995,INACTIVE,HORI Koki
1378,10009710286,TPE,04.09.1979,INACTIVE,PAI Chia Ming
1379,10073446360,IRI,16.09.1991,INACTIVE,KOHANFEKR Kayvan
1380,10018603469,GBR,21.03.1995,INACTIVE,BROOKS Benjamin
1381,10009693415,UKR,04.07.1996,Inactive,MUDRYY Yuriy
1382,10021006645,JPN,11.02.1999,INACTIVE,KISHIDA Takeshi
1383,10072787568,GBR,24.03.1989,ACTIVE,LATEWARD Ryan
1384,10020885191,JPN,09.12.2000,INACTIVE,OSADA Ryuken
1385,10012609071,FRA,07.06.1962,ACTIVE,MERY Bruno
1386,10060861218,JPN,14.10.1997,INACTIVE,SHIDA Ryusei
1387,10083155252,ARG,17.04.1996,INACTIVE,YANNELLI Leonel Dario
1388,10090270002,UKR,10.07.2000,INACTIVE,LOLA Liubomyr
1389,10016128454,JPN,19.06.1998,INACTIVE,KAI Shunsuke
1390,10010725857,CHN,12.04.1994,INACTIVE,LI Hao
1391,10091520793,GRE,11.07.1977,INACTIVE,LEMONIS Dimitrios
1392,10062071290,USA,27.03.1956,INACTIVE,SEIKEN Aron
1393,10090444804,UKR,19.12.1997,Inactive,ZAELENCHITSY Stanislav
1394,10021169525,JPN,08.05.2000,INACTIVE,HASHIYA Narumi
1395,10090262120,UKR,16.08.2000,INACTIVE,HURA Marian
1396,10097333723,GRE,07.10.1987,INACTIVE,SANTORINAIOS Michail
1397,10034949585,RUS,08.05.2000,INACTIVE,BELOKOPYTOV Kirill
1398,10016107741,UKR,10.08.2000,INACTIVE,VORONOV Vladyslav
1399,10048829780,ECU,16.06.1989,Inactive,ALBAN ORDOÑEZ Luis Andres
1400,10018446653,GBR,23.06.1996,ACTIVE,DUNHAM Joshua
1401,10089238566,UKR,20.06.2000,INACTIVE,HOLIAK Artem
1402,10097450224,JPN,18.01.1996,INACTIVE,KISHI Naoki
1403,10014660320,CHN,25.01.1997,INACTIVE,WANG Chenshuo
1404,10005743693,USA,18.12.1972,INACTIVE,WATSON Ryan
1405,10009976028,UZB,23.08.1997,Active,SIDDIKOV Dilmurodjon
1406,10016107438,UKR,06.11.2000,INACTIVE,DUMYCH Vitalii
1407,10062780606,KAZ,04.07.2001,INACTIVE,KREIS Andrey
1408,10062083822,CHN,15.03.2000,INACTIVE,JIANG Xingzhi
1409,10096412223,USA,15.07.2001,INACTIVE,CUBILLAS Alberto
1410,10054711923,UKR,14.12.2001,INACTIVE,BORAK Nazar
1411,10064190237,JPN,11.06.1998,INACTIVE,SHIMA Shono
1412,10021558030,JPN,04.05.1986,INACTIVE,FUJII Shogo
1413,10084756964,CHN,06.03.1995,INACTIVE,ZHANG Yufei
1414,10016106125,UKR,20.02.2000,INACTIVE,GUDZ Nazar
1415,10023943725,GBR,19.07.2001,INACTIVE,PENNY Jamie
1416,10089728317,UKR,06.11.2001,INACTIVE,KACHUR Dmytro
1417,10021332405,JPN,08.07.2000,INACTIVE,MACHIDA Taiga
1418,10078248971,CAN,22.04.1998,Inactive,HANNIGAN Adrian
1419,10084524366,JPN,09.12.1999,INACTIVE,TANAKA Shunta
1420,10058439147,POL,01.07.1980,INACTIVE,KRASOWSKI Wojciech
1421,10080356501,RUS,14.02.1998,INACTIVE,BAZOROV Daniil
1422,10064547925,BOL,08.03.1994,INACTIVE,ANDRADE ONOFRE Roberto
1423,10006882031,SYR,15.01.1991,ACTIVE,WAIS Ahmad Badreddin
1424,10015002648,GRE,09.08.1999,INACTIVE,DEVARIS Spyridon
1425,10054206210,POL,07.04.1980,INACTIVE,SWIDERSKI Adrian
1426,10073031179,TPE,09.09.1978,INACTIVE,SHEN Meng Hsun
1427,10083908418,ITA,21.11.1972,ACTIVE,STEFANELLI Luca
1428,10020776168,JPN,09.09.1997,INACTIVE,CHIBA Shota
1429,10020865185,JPN,06.06.1997,INACTIVE,OKITA Sho
1430,10020999470,JPN,23.12.1998,Inactive,NANGI Takumi
1431,10021320681,JPN,12.04.1997,INACTIVE,KUBO Koji
1432,10021444660,JPN,06.01.2001,INACTIVE,DESSHO Akinojo
1433,10021608954,JPN,15.12.1997,INACTIVE,OKANO Ryuki
1434,10096168612,JPN,17.07.1999,INACTIVE,HAKAMADA Yuki
1435,10096635525,JPN,16.11.1998,INACTIVE,SAKANO Takumi
1436,10096636434,JPN,12.10.1998,INACTIVE,OGAWA Jumpei
1437,10034939683,RUS,24.01.2000,INACTIVE,VASIN Sergei
1438,10034981921,RUS,02.03.1999,INACTIVE,BEREBNEV Nikolay
1439,10047374477,CZE,11.06.2001,INACTIVE,GROSSMANN David
1440,10023980606,GBR,26.06.2001,ACTIVE,DASH Conor
1441,10018709159,GBR,26.06.1996,ACTIVE,WHITE Thomas
1442,10086736572,GBR,20.12.2002,INACTIVE,EVANS Callum
1443,10090259389,UKR,25.01.2000,INACTIVE,DUMYCH Vitalii
1444,10021231866,JPN,26.09.2000,INACTIVE,KAWAKAMI Ryugi
1445,10007811817,AUS,18.01.1994,INACTIVE,SCHMID Jacob
1446,10003349716,JPN,12.08.1983,INACTIVE,WATANABE Kazunari
1447,10002418415,UKR,14.08.1982,INACTIVE,VYNOKUROV Andrii
1448,10005782695,NZL,11.07.1989,INACTIVE,DAWKINS Edward
1449,10006108051,ITA,31.12.1988,INACTIVE,CECI Luca
1450,10010778704,BEL,12.03.1998,INACTIVE,DE PAUW Ayrton
1451,10007508083,ITA,06.09.1993,ACTIVE,CECI Davide
1452,10011129823,MAR,31.05.1996,INACTIVE,GALDOUNE Ahmed Amine
1453,10053242169,SEY,16.05.1999,ACTIVE,BELLE Stephen Alberto
1454,10053606022,EGY,14.07.2000,ACTIVE,ELHUSSEINI KHALIL Assem
1455,10007787464,KOR,29.10.1991,INACTIVE,IM Chaebin
1456,10053240856,SEY,05.11.2000,INACTIVE,OREDY Denus Rupert
1457,10007271142,RUS,08.05.1992,ACTIVE,SAMUSENKO Kirill
1458,10036587572,LTU,23.10.2000,INACTIVE,NAUJOKAITIS Aivaras
1459,10051694112,AUS,30.12.1986,INACTIVE,PERKINS Shane Alan
1460,10006584159,FRA,23.02.1993,ACTIVE,EDELIN Benjamin
1461,10009232663,ESP,22.01.1995,INACTIVE,VEGA ESPINA Jaime
1462,10010828719,MEX,01.06.1997,INACTIVE,GUTIERREZ LOPEZ Saul Antonio
1463,10006442501,GEO,29.07.1990,INACTIVE,ASKURAVA David
1464,10002260888,POL,02.12.1981,INACTIVE,ZIELINSKI Damian
1465,10052410393,CAN,18.08.1991,INACTIVE,ST LOUIS PIVIN Patrice
1466,10036234231,GER,08.01.1997,INACTIVE,ANKLAM Dominique René
1467,10013422053,BOL,12.07.1993,INACTIVE,ORTIZ ROCA Robin
1468,10063396554,CHN,08.05.1991,INACTIVE,CHAO Xu
1469,10010166691,CZE,06.02.1998,INACTIVE,JUNEK Josef Maxmilian
1470,10007127662,NED,19.05.1988,INACTIVE,VEEN Michael
1471,10011156903,IND,07.04.1998,ACTIVE,KUMAR Sahil
1472,10032999380,ITA,06.07.1980,INACTIVE,RIGHETTO Vladimiro
1473,10009719178,INA,16.06.1995,INACTIVE,AKBAR Rio
1474,10007051274,AUS,09.12.1992,INACTIVE,GREEN Jamie
1475,10085091313,LTU,19.01.1999,INACTIVE,JATUŽIS Deividas
1476,10009214475,CHN,03.08.1995,INACTIVE,LIU Juncheng
1477,10007741792,THA,24.07.1993,ACTIVE,SIANGLAM Satjakul
1478,10075744654,GEO,13.07.1984,INACTIVE,LOPATIUK Maksym
1479,10009039168,GUA,29.05.1995,INACTIVE,GARCIA Mario
1480,10084555385,GRE,11.07.1979,INACTIVE,TZEGKAS Michail Panagiotis
1481,10006898300,GBR,23.08.1992,INACTIVE,OLIVA Lewis
1482,10063277831,HKG,29.04.2000,INACTIVE,LEE Chun Man
1483,10009667749,GRE,06.02.1997,INACTIVE,EVDOKIMIDIS Alexandros
1484,10023528847,CZE,17.01.2000,INACTIVE,LUXÍK Jirí
1485,10007505760,GRE,17.09.1992,INACTIVE,FALIAKAKIS Ioannis - Stergios
1486,10010813763,GBR,02.07.1998,INACTIVE,JOLLIFFE Alex
1487,10009090601,GER,11.06.1997,INACTIVE,MEIßNER Moritz
1488,10045965351,HKG,17.10.2000,INACTIVE,FONG Cheuk Shan
1489,10007861731,ESP,08.07.1992,INACTIVE,CRESPO OLIVAN Ruben
1490,10015172194,GER,20.03.1999,INACTIVE,ROTHER Nick
1491,10081162308,MAS,24.05.1999,INACTIVE,YONG Yen Shen
1492,10010737476,BLR,03.02.1996,INACTIVE,BURTSAU Eric
1493,10007507174,ARG,02.02.1992,INACTIVE,PERRUCHOUD Pablo Javier
1494,10050373595,CRC,16.08.1998,INACTIVE,SÁNCHEZ MORA Anthony
1495,10052418780,SIN,21.05.1990,INACTIVE,TAN Wei Jie
1496,10042535187,ESP,04.03.2000,INACTIVE,MORA AZORIN Sergi
1497,10017491508,IRL,26.04.1980,ACTIVE,O BRIEN Marc
1498,10009117071,AUS,18.04.1996,INACTIVE,HOUSDEN Max
1499,10008879221,FIN,22.11.1975,INACTIVE,HIETALA Juhana
1500,10009718875,AZE,12.07.1996,INACTIVE,NIFTALIYEV Nijat
1501,10015337502,GEO,08.01.1999,Active,KVAKHADZE Vano
1502,10017854650,TPE,03.11.1999,INACTIVE,CHEN Jui Pu
1503,10084791926,NEP,17.06.1996,INACTIVE,BHUJEL Rajkumar
1504,10011301490,KOR,16.08.1995,INACTIVE,KIM Yeongsoo
1505,10083483840,KOR,28.06.1999,INACTIVE,PARK Gun
1506,10010831446,TTO,25.12.1997,INACTIVE,CONSTANTINE Akim
1507,10009115354,AUS,10.01.1996,INACTIVE,DEAN Braeden
1508,10076763659,UKR,22.02.1992,INACTIVE,BORODIN Oleg
1509,10084590448,CHN,03.03.2000,INACTIVE,ZHANG Xudong
1510,10009498506,EST,23.11.1996,ACTIVE,VAHTRA Norman
1511,10004594851,CUB,14.02.1987,INACTIVE,MAINAT REYES Alejandro
1512,10015849477,UKR,28.02.1999,INACTIVE,LUCHYN Maksym
1513,10084791724,NEP,24.10.1994,INACTIVE,BAJRACHARYA Okesh
1514,10017852731,TPE,10.08.2000,INACTIVE,HUNG Sheng Keng
1515,10004868774,IRI,18.10.1988,INACTIVE,FAHRSINEJADIAN Farshid
1516,10016303862,FIN,24.02.1992,INACTIVE,AUVINEN Markus
1517,10015334165,AZE,03.06.1999,INACTIVE,SHIRALIYEV Karim
1518,10055760634,TTO,14.12.1999,INACTIVE,THORNE Jabari
1519,10015631128,CRC,27.02.1999,INACTIVE,MORALES BOLAÑOS Leonel
1520,10011175390,NOR,22.02.1999,Inactive,GRUDE Håkon Jørgen
1521,10064080002,BOL,22.02.1999,INACTIVE,GONZALES ALFARO Jose Carlos
1522,10079550690,AUS,02.04.1991,INACTIVE,DOWN Joshua
1523,10010638052,MEX,25.05.1997,INACTIVE,VAZQUEZ RIVERA Bryan Ricardo
1524,10006115327,IRI,19.03.1990,INACTIVE,ASKARI Ali
1525,10060583857,FIN,30.05.1978,INACTIVE,GRÖNLUND Karl-Jesper
1526,10054093850,BLR,10.07.2000,INACTIVE,AMELCHUK Uladzislau
1527,10056387292,CRC,16.03.1992,INACTIVE,ROJAS CARRILLO Jose
1528,10011175491,NOR,19.06.1984,INACTIVE,CORNELIUSSEN Jon Even
1529,10011496096,RSA,10.09.1988,INACTIVE,ARENDSE Kurt
1530,10084590549,CHN,24.12.1999,INACTIVE,ZHAO Tancheng
1531,10016581324,SUI,11.05.2000,INACTIVE,DIAZ Phillip
1532,10010732224,KOR,21.09.1995,INACTIVE,YOON Jinkyu
1533,10016143410,GEO,24.10.1999,INACTIVE,AGLADZE Tornike
1534,10020739287,NOR,29.05.1999,INACTIVE,AAEN Emil
1535,10013828948,POL,06.06.1996,INACTIVE,GLABINSKI Bogusz
1536,10009821131,CAN,13.05.1998,INACTIVE,RITTER Stefan
1537,10015961534,RUS,13.07.1999,INACTIVE,KOROBEINIKOV Ivan
1538,10067791563,FRA,30.10.2001,INACTIVE,BEYER Valentin
1539,10025859372,FRA,23.05.2000,INACTIVE,RENVOISE Titouan
1540,10015871709,INA,19.11.1987,INACTIVE,RADITYA Ahmad
1541,10015017907,VEN,20.05.1999,ACTIVE,RODRIGUEZ MARQUEZ Vladimir Fernando
1542,10016543534,SUI,20.11.2000,INACTIVE,NEUENSCHWANDER Michael
1543,10083339047,KOR,15.09.1999,INACTIVE,PARK Sungmin
1544,10013097913,IRI,11.09.1989,INACTIVE,KHAZAEI Mohsen
1545,10002260484,USA,27.08.1981,INACTIVE,MASSIE Giddeon
1546,10016277590,HUN,27.08.1999,INACTIVE,TÜSKE Dávid
1547,10009500930,ITA,15.09.1996,INACTIVE,TOMASSINI Andrea
1548,10055304229,ROU,21.12.1998,INACTIVE,BABAITA Dan-Mihai
1549,10009815269,KOR,24.04.1996,INACTIVE,MIN Sunki
1550,10025299095,FRA,16.03.2000,INACTIVE,THICOT Jordy Allan
1551,10009505879,USA,18.06.1996,INACTIVE,HORVET Edward
1552,10015916064,POL,18.05.1999,INACTIVE,DASZKIEWICZ Bartosz
1553,10055346766,AUS,02.05.2000,ACTIVE,RICE Matthew
1554,10010878532,IRI,18.01.1998,INACTIVE,RAFIEFAR Alireza
1555,10061210721,MAS,06.02.1999,INACTIVE,SUGIYO Muhammad Abdul Hisham
1556,10056604231,BLR,16.05.2000,INACTIVE,BRANEVICH Mikita
1557,10016863432,IRL,27.03.1998,ACTIVE,BYRNE Ryan
1558,10066337068,GRE,19.07.1992,INACTIVE,KALOGEROPOULOS Dimitrios
1559,10009737972,AZE,09.07.1997,ACTIVE,GAHRAMANLI Kanan
1560,10046131261,LTU,26.06.2000,INACTIVE,GELŽINIS Rokas
1561,10016076924,ROU,27.05.1999,INACTIVE,DAN Mihai-Cristian
1562,10010779613,BEL,20.08.1998,Inactive,SCLACMENDER Daivy
1563,10009862860,KOR,08.02.1995,INACTIVE,KIM Woogyeom
1564,10007498888,JPN,04.01.1992,INACTIVE,ICHIMARU Shogo
1565,10009312283,GRE,03.07.1975,ACTIVE,KOUMMOULAS Savvas
1566,10015914347,RUS,25.06.1998,INACTIVE,KAZARINOV Kirill
1567,10010882774,BOL,06.10.1997,INACTIVE,CASTAÑON Diego
1568,10016392374,BEL,21.03.2000,INACTIVE,DESTATSBADER Thibo
1569,10023663536,NZL,25.02.2000,INACTIVE,GARBETT Thomas
1570,10010695343,MEX,22.06.1997,INACTIVE,RAMIREZ SORIA Luis Javier
1571,10011021406,KOR,15.07.1994,INACTIVE,YOO Dahun
1572,10064381611,MAS,06.08.1999,INACTIVE,TAN Sin Czec Gabriel
1573,10010737375,IRL,24.09.1979,ACTIVE,MURPHY Robert
1574,10009738073,AZE,07.09.1997,Inactive,KARAYEV Nijat
1575,10011160438,BEL,25.09.1999,ACTIVE,NEETENS Dylan
1576,10016104610,UKR,04.01.2000,INACTIVE,MAMCHIK Maksym
1577,10011263906,NZL,06.09.1981,INACTIVE,STARR Richard
1578,10050432102,MEX,07.08.1999,INACTIVE,ORTIZ ROMO Miguel Angel
1579,10009888829,KOR,19.03.1996,INACTIVE,SON Seongjin
1580,10010872165,IRI,23.09.1995,INACTIVE,AMIRSARDARI Mahdi
1581,10015374985,MAS,19.06.1998,INACTIVE,SHUKOR Muhammad Danish Al Faruq
1582,10015977904,BLR,23.12.2000,INACTIVE,KIPTSIKAU Aliaksandr
1583,10079054879,ROU,21.05.1963,INACTIVE,RAD Alexandru
1584,10009181133,RUS,26.08.1996,INACTIVE,GAPONIK Maksim
1585,10015765716,POL,25.05.1999,INACTIVE,ALBANOWSKI Kajetan
1586,10015267073,RUS,22.01.1999,Inactive,KUZMENKO Andrey
1587,10014676787,MEX,12.08.1993,INACTIVE,SANCHEZ PEREZ Eder Ivan
1588,10059717830,MAS,30.05.1999,ACTIVE,OMAR Mohammad Rizal Fakhruddin
1589,10009728373,USA,20.03.1997,INACTIVE,SUOZZI Dominic
1590,10060678130,BLR,10.11.2000,INACTIVE,ANDREYEU Maksim
1591,10009233572,ESP,02.03.1995,INACTIVE,SANCHEZ PEREZ DE AMEZAGA Pablo
1592,10010722322,BRA,21.06.1995,INACTIVE,CORREA MORAES Matheus
1593,10009667244,POL,04.06.1996,INACTIVE,GASIOROWSKI Mariusz
1594,10015434603,DEN,01.10.1999,INACTIVE,MOLLERUP Martin Omarsson
1595,10010929658,MEX,04.12.1991,INACTIVE,PAREDES CAMACHO Carlos Alberto
1596,10055036265,MAS,31.08.1999,INACTIVE,SHAIFUL RIZAL Muhamad Faiz
1597,10015979823,BLR,05.01.1999,INACTIVE,VARONA Dzmitry
1598,10010895508,JPN,09.07.1997,INACTIVE,YAMANE Shota
1599,10037321338,ESP,25.07.1979,INACTIVE,URTIZBEREA LORENTE Gorka
1600,10022853786,NED,01.03.2000,INACTIVE,BAKKER Mark
1601,10014244533,POL,19.09.1997,INACTIVE,KLINCEWICZ Adrian
1602,10015785318,JPN,25.06.1996,INACTIVE,HASEBE Ryuichi
1603,10055050514,MAS,24.04.1999,INACTIVE,MOHAMAD ISMAIL ABDULLAH Mohammad Helmi
1604,10006652867,USA,05.12.1980,INACTIVE,LINDQUIST Jack
1605,10015978409,BLR,09.07.1999,INACTIVE,KAMLIUK Artsiom
1606,10051488388,CAN,24.07.1994,INACTIVE,MACKENZIE Scott
1607,10023065873,NED,08.12.1989,INACTIVE,TONEN Dirk
1608,10062071189,POL,14.03.1999,INACTIVE,RUTA Krystian
1609,10015269093,PHI,26.08.1997,INACTIVE,CORPUZ Mervin
1610,10010935318,JPN,14.08.1996,INACTIVE,MATSUOKA Tatsuhiro
1611,10015172295,GER,06.02.1999,INACTIVE,SCHUMANN Valentin
1612,10081161803,MAS,13.11.1998,INACTIVE,SHAHARUDIN Mohd Azriel
1613,10009684523,BLR,03.02.1997,INACTIVE,PALIAKOU Uladzislau
1614,10081025292,GRE,18.05.1973,ACTIVE,ANGELIS Ilias
1615,10055091233,CAN,11.04.2000,ACTIVE,DUBUC Simon
1616,10034865521,UKR,20.06.2000,INACTIVE,GOLYAK Artem
1617,10010641284,POL,23.01.1997,INACTIVE,CZYSZCZEWSKI Marcin
1618,10009037653,TTO,10.03.1995,INACTIVE,ROBERTS Justin
1619,10004862310,ITA,07.09.1979,Inactive,BERARDI Cristian
1620,10040300147,ESP,16.08.2000,ACTIVE,CATALAN TOLA Eric
1621,10015793705,JPN,03.04.1997,INACTIVE,OSAWA Yuki
1622,10015267275,RUS,18.08.1999,INACTIVE,GARANIN Roman
1623,10061217286,MAS,14.12.2000,INACTIVE,MOHD RAZALI Mohamad Azmi
1624,10064646945,USA,23.12.1981,ACTIVE,MILLER Aaron
1625,10015981035,BLR,02.02.2000,INACTIVE,KIBISAU Uladzislau
1626,10083258114,GRE,22.09.1997,ACTIVE,KORTSIDAKIS Marios
1627,10084717558,CAN,19.04.1994,INACTIVE,SEGUIN Greg
1628,10034839451,UKR,20.01.2000,INACTIVE,TERESHCHENKO Yan
1629,10083233660,KOR,12.05.1994,INACTIVE,NOH Hyunggyun
1630,10029846577,ITA,16.07.1999,ACTIVE,CASADEI Lorenzo
1631,10073116055,HKG,22.02.1999,ACTIVE,NG Pak Hang
1632,10081338928,BEL,24.08.1976,INACTIVE,MERCKEN Kenneth
1633,10084652183,ESP,27.12.1982,INACTIVE,RIERA FLORES Jorge Luis
1634,10006319532,UKR,28.12.1989,INACTIVE,KUTSENKO Andriy
1635,10009967843,GBR,25.09.1997,ACTIVE,PARTINGTON Joel
1636,10083840114,MAS,03.03.1995,INACTIVE,FAIZAL Fauzi
1637,10005796944,USA,06.03.1973,INACTIVE,MCLAUGHRY Stephen
1638,10041823855,ESP,06.09.1999,INACTIVE,LOPEZ SANCHEZ Diego
1639,10034886840,UKR,14.10.1999,INACTIVE,MALIK Yegor
1640,10015775416,NED,18.06.1998,INACTIVE,VAN DER POLS Kevin
1641,10007789686,GBR,15.12.1984,ACTIVE,ELLIOTT Rowan
1642,10066293925,GRE,20.09.1996,ACTIVE,MARKASIOTIS Vlasios
1643,10021576925,JPN,20.08.1999,INACTIVE,YASUDA Kosuke
1644,10011153970,ESP,25.03.1998,INACTIVE,MONTORO BALBASTRE Mikel
1645,10058237467,GRE,20.07.1990,ACTIVE,LALAGIANNIS Faidon
1646,10015566561,RUS,05.04.1999,INACTIVE,SALTANOV Danil
1647,10064902680,KOR,06.03.1999,INACTIVE,PARK Kangmin
1648,10017288111,GBR,03.10.2001,INACTIVE,TAGGART Arthur
1649,10010717470,CHN,25.09.1997,INACTIVE,LI Jihong
1650,10006554251,ESP,15.01.1990,ACTIVE,ALVAREZ IGLESIAS Daniel
1651,10020916113,JPN,07.11.1998,INACTIVE,MATSUMOTO Kyota
1652,10015794917,GRE,16.02.1999,ACTIVE,FRINTZILAS Nikolaos Georgios
1653,10034942414,RUS,30.04.1999,INACTIVE,GATIYATULLIN Rafael
1654,10007901036,GRE,20.01.1994,INACTIVE,KOUTSONIKOLIS Dimitrios
1655,10015321031,CHN,09.04.1998,INACTIVE,WANG Jiaming
1656,10036667596,ESP,11.05.1999,INACTIVE,GARCIA GARCIA Jorge
1657,10016106630,UKR,11.04.1998,INACTIVE,TSARAN Rostisalv
1658,10022868641,NED,21.07.2000,INACTIVE,DE BRUIN Jayson
1659,10009738982,GRE,13.08.1965,ACTIVE,GEORGIOS Georgiadis
1660,10009964914,ARM,01.01.1997,INACTIVE,STEPANYAN Edgar
1661,10064645430,USA,21.05.1999,ACTIVE,BOLOTIN Alex
1662,10085949458,GBR,14.11.1989,INACTIVE,CACKETT Greg
1663,10023481357,CHN,08.07.1996,INACTIVE,JIANG Xinqing
1664,10034899267,UKR,21.01.1998,Inactive,PIDKUYKO Andriy
1665,10084563974,GRE,24.09.1978,INACTIVE,VARSAMIS Georgios
1666,10021320176,JPN,23.09.1999,INACTIVE,HASHIMOTO Sora
1667,10006898296,GBR,20.08.1992,INACTIVE,SKINNER Callum
1668,10063739791,USA,01.09.2000,INACTIVE,DE LEON Louis
1669,10023450742,JPN,03.08.1996,INACTIVE,NAKAMURA Tomoya
1670,10021324725,JPN,05.12.2000,INACTIVE,UENO Shiryu
1671,10015322546,CHN,02.06.1997,INACTIVE,LI Zhengyi
1672,10015319718,CHN,26.03.1997,INACTIVE,YAN Chen
1673,10011046765,UKR,16.04.1997,INACTIVE,NOVAKOVSKYI Vitaliy
1674,10050171313,GBR,19.10.1992,INACTIVE,ARDERN Eddie
1675,10010916625,CHN,27.09.1996,INACTIVE,WANG Junnan
1676,10015321334,CHN,14.07.1998,INACTIVE,ZHENG Jieyi
1677,10021626031,JPN,02.09.1996,INACTIVE,FUKUMOTO Keita
1678,10009151326,KAZ,24.01.1995,INACTIVE,SULTANOV Zaki
1679,10010992912,UAE,25.02.1987,ACTIVE,ALMEMARI Nasser
1680,10009532050,JPN,14.06.1996,INACTIVE,ABE Masahiro
1681,10009988152,RUS,06.04.1996,INACTIVE,KUZNETSOV Igor
1682,10062512945,AUS,26.10.1994,INACTIVE,RYAN Blake
1683,10055220161,AUS,22.08.2000,ACTIVE,MARSHALL Zachary
1684,10048854840,ECU,22.02.2000,Inactive,GUTIERREZ PIANDA Maycoll
1685,10064256016,AUS,01.11.1996,INACTIVE,EGLINTON Simon
1686,10061138272,USA,18.01.1991,INACTIVE,HELLER Chris
1687,10068214222,GBR,24.04.1995,ACTIVE,CORKERTON Joseph
1688,10023487118,CHN,08.02.2000,INACTIVE,LI Ze
1689,10018713607,GBR,15.03.1995,INACTIVE,HAMILTON Craig
1690,10084757873,CHN,28.08.1999,INACTIVE,FENG Jiahao
1691,10064647753,USA,05.08.1965,INACTIVE,LANDRY Steve
1692,10018733411,GBR,01.09.1988,Active,WHITING Matthew
1693,10076764164,GBR,29.08.2001,ACTIVE,NELSON Cody
1694,10010926022,USA,21.11.1985,INACTIVE,FARQUHAR Andrew
1695,10008042896,GBR,06.02.1986,INACTIVE,BUTTERWORTH Jon-Allan
1696,10007782212,IRL,04.01.1993,INACTIVE,ZAIDAN Darragh
1697,10025749339,FRA,23.04.2000,INACTIVE,HANSART Philéas
1698,10014699322,KOR,02.12.1991,INACTIVE,SON Gyeongsu
1699,10016203226,USA,11.02.1971,INACTIVE,WONG William
1700,10004594144,UKR,21.02.1988,INACTIVE,FROLOV Artem
1701,10050872945,IND,27.06.1999,INACTIVE,APOLONIOUS Apolonious
1702,10020813857,JPN,22.05.1997,INACTIVE,YAMADA Hayate
1703,10021486086,JPN,30.01.1997,INACTIVE,NAKANO Yuta
1704,10010853573,RUS,06.06.1996,INACTIVE,SIDOROV Anton
1705,10010853775,RUS,21.05.1998,INACTIVE,MCHEDLISHVILI Pavel
1706,10020872966,JPN,18.01.1998,INACTIVE,SHINOYAMA Kohei
1707,10009316428,IRL,20.11.1992,INACTIVE,ALEXANDER Jamie
1708,10048694081,FRA,31.08.2000,INACTIVE,HOARAU Florian
1709,10083392702,JPN,29.07.1998,INACTIVE,NAKAGAWA Seidai
1710,10015961433,GEO,10.01.1999,INACTIVE,PETRIN Giorgi
1711,10021041102,JPN,06.07.1998,INACTIVE,NEMOTO Kazuma
1712,10021624617,JPN,25.01.1997,INACTIVE,YAMAGAMI Kaisei
1713,10020911766,JPN,20.12.1997,INACTIVE,SAKANO Ryutaro
1714,10083825461,JPN,03.12.1998,INACTIVE,TSUJIMOTO Kohei
1715,10021328765,JPN,17.07.1998,INACTIVE,MITO Kohei
1716,10007778875,GER,05.05.1993,INACTIVE,NIEDERLAG Max
1717,10036244537,GER,03.08.1988,INACTIVE,WÄCHTER Tobias
1718,10008966622,GER,11.06.1995,INACTIVE,MAY Jan
1719,10011148213,MAR,01.06.1994,INACTIVE,BELFARES Mehdi
1720,10015570706,HKG,16.01.1999,INACTIVE,LEUNG Chun Long
1721,10009405546,ALG,03.02.1993,INACTIVE,KARRAR Ayoub
1722,10011155384,KAZ,16.08.1998,INACTIVE,RUDER Kirill
1723,10009723020,ALG,04.04.1994,Active,SASSANE El Khacib
1724,10009975523,ITA,04.08.1997,INACTIVE,GEROLI Mattia
1725,10007184751,JPN,02.03.1991,INACTIVE,WADA Makuru
1726,10017762195,RSA,08.10.1974,INACTIVE,BELITZKY Hylton
1727,10007897703,GRE,02.12.1994,INACTIVE,PAGONIS Nikolaos
1728,10009232158,JPN,22.01.1986,INACTIVE,HAYASAKA Shugo
1729,10054562278,INA,19.11.1997,INACTIVE,RADITYA Ahmad
1730,10010646540,TPE,05.07.1994,INACTIVE,LO Wei Yu
1731,10015984469,DEN,08.02.1999,INACTIVE,JOENSEN Jakob
1732,10007193744,NZL,07.03.1990,INACTIVE,EVANS Lee
1733,10015572019,HKG,14.04.1999,INACTIVE,MOK Ho San
1734,10006320037,UKR,02.04.1990,INACTIVE,BUCHYNYSKYY Volodymyr
1735,10010730709,KSA,03.12.1995,INACTIVE,ALMUSHAYKHIS Mohammed
1736,10053805173,IRL,13.03.1995,INACTIVE,DEEGAN Robert
1737,10004601824,GER,13.02.1987,INACTIVE,ENDERS Rene
1738,10055482061,GRE,21.02.1992,INACTIVE,SOTIRAKOPOULOS Anargyros
1739,10017655293,SIN,14.05.1987,INACTIVE,TAN Wei Sheng Lance
1740,10010709992,TPE,04.05.1997,INACTIVE,WEN Hai Tao
1741,10009011987,AUS,16.03.1995,INACTIVE,RAFFERTY Daniel
1742,10006112394,IRL,27.02.1980,INACTIVE,LYNCH John
1743,10010178718,RUS,22.06.1998,INACTIVE,GRUBIY Filipp
1744,10009965015,ITA,15.02.1997,INACTIVE,CORROCHER Andrea
1745,10007362583,BRA,25.10.1993,INACTIVE,VASCONCELOS OSTETI Hugo
1746,10004737826,UKR,13.07.1984,INACTIVE,LOPATYUK Maksym
1747,10009206290,CHN,04.11.1992,INACTIVE,SHEN Yunfei
1748,10009209930,CHN,28.01.1996,INACTIVE,FENG Ning
1749,10009090702,GER,09.08.1997,INACTIVE,TURKOV Ivan
1750,10021303608,JPN,05.05.1985,INACTIVE,WATANABE Kazunari
1751,10009719784,UKR,10.04.1994,INACTIVE,SUGLOBOV Bogdan
1752,10006185348,COL,24.04.1986,INACTIVE,COLMENARES COLMENARES Wilmar Alexander
1753,10015078935,ITA,02.03.1998,ACTIVE,ROCCHETTA Cristian
1754,10015266467,RUS,27.05.1998,INACTIVE,NIKOLAEV Andrey
1755,10010666849,AUS,25.06.1998,INACTIVE,LODGE Harrison
1756,10063902570,KOR,30.05.1997,INACTIVE,KIM Dohyeon
1757,10007294481,AUT,24.04.1993,INACTIVE,MATZNER Stefan
1758,10009206088,CHN,08.06.1992,INACTIVE,WEI Wanpeng
1759,10010092327,POL,10.06.1996,INACTIVE,STANISLAWEK Piotr
1760,10010643813,BAN,01.06.1984,INACTIVE,ISLAM Tarikul
1761,10049173223,BRU,03.09.1985,INACTIVE,JOHARI Muhammad Nurjamri
1762,10008880635,IRL,12.04.1991,INACTIVE,BREMNER Philip
1763,10009519320,ESP,29.06.1996,INACTIVE,LOPEZ ANDREU Ferran
1764,10010636133,AUT,27.11.1997,INACTIVE,RIBARICH Maximilian
1765,10013397300,CRC,20.11.1996,INACTIVE,LEANDRO Nayib
1766,10004792184,CHN,19.12.1985,INACTIVE,FENG Yong
1767,10009573375,BRU,05.09.1987,INACTIVE,MORSIDI Abdul Hadrie
1768,10014381545,BAN,17.11.1995,INACTIVE,ALOMGIR -
1769,10023927658,GBR,12.12.2000,INACTIVE,HILL Caleb
1770,10063896409,KOR,23.06.1998,INACTIVE,KIM Dabin
1771,10016293354,SUI,24.10.1987,INACTIVE,MÜLLER Lukas
1772,10015539683,BEL,24.02.1999,INACTIVE,SNELS Robbe
1773,10063250953,CRC,01.07.1993,INACTIVE,VARGAS CORELLA Anthony
1774,10009825676,HUN,22.07.1997,INACTIVE,ZATHURECZKY Márk
1775,10009974614,ITA,02.08.1997,ACTIVE,ZANONCELLO Enrico
1776,10009968348,GBR,02.04.1997,INACTIVE,ROTHERHAM Thomas
1777,10009213970,CHN,19.07.1996,INACTIVE,GAO Jianwei
1778,10007063705,GBR,24.06.1992,INACTIVE,HARRISON Samuel
1779,10008000965,SIN,14.07.1988,INACTIVE,LOW Darren
1780,10015442683,NZL,02.04.1998,INACTIVE,RICHES Cam
1781,10065959374,JAM,29.05.1995,INACTIVE,HILL Romeo
1782,10010771226,BEL,11.11.1998,ACTIVE,HESTERS Jules
1783,10006724912,CHN,26.09.1989,INACTIVE,BAO Saifei
1784,10002830360,JPN,07.06.1979,INACTIVE,NAKAGAWA Seiichiro
1785,10009219024,IRL,06.07.1995,INACTIVE,BRENNAN Hugo
1786,10009034219,CRC,21.11.1995,ACTIVE,RAMIREZ MATAMOROS Carlos
1787,10011206211,AUT,16.04.1982,INACTIVE,EDER Helmuth
1788,10009027852,ITA,19.04.1995,INACTIVE,MINALI Riccardo
1789,10009044424,RUS,08.12.1995,INACTIVE,KADNOV Vadim
1790,10010681300,FIN,09.12.1983,INACTIVE,LAWSON John
1791,10010640173,TPE,25.10.1994,ACTIVE,SAKAI Yo
1792,10010871458,KOR,30.09.1996,INACTIVE,LEE Chahyun
1793,10007198794,TTO,10.05.1991,INACTIVE,SMART Thireef
1794,10010854179,RUS,14.08.1998,INACTIVE,ANDRIUKHIN Daniil
1795,10010740813,AUT,10.12.1997,INACTIVE,APPELTAUER Samuel
1796,10007889922,IRI,21.08.1992,INACTIVE,JEBRAEILILALEGANJ Seyedreza
1797,10053890857,HUN,06.04.1992,INACTIVE,BOZSIK Bence
1798,10009705943,JAM,18.08.1993,ACTIVE,SINCLAIR Shacquille
1799,10008925293,GEO,06.03.1993,INACTIVE,NAREKLISHVILI Giorgi
1800,10057794806,JAM,18.09.1998,INACTIVE,MCCLURE Jonah
1801,10045923420,NZL,03.11.1997,INACTIVE,HANSEN Jordan
1802,10005964874,GBR,12.01.1990,INACTIVE,MITCHELL Peter
1803,10010630271,NZL,10.01.1988,ACTIVE,UIVEL Maxwell
1804,10015303348,AUT,06.04.1997,INACTIVE,WINTER Stefan
1805,10010713632,IRL,24.09.1996,INACTIVE,RYAN Fintan
1806,10011072936,CRC,14.03.1992,INACTIVE,SOLIS CASTRO Oscar
1807,10057868362,JAM,11.04.1977,INACTIVE,EDWARDS Tyrone
1808,10023476206,CAN,19.02.1983,ACTIVE,LAMAZE Fabien
1809,10009131623,ESA,28.01.1989,INACTIVE,MAGAÑA Rene
1810,10010116272,ARG,01.08.1998,ACTIVE,CONTTE Tomas
1811,10005757336,IRI,09.06.1984,INACTIVE,VARPOSHTI Hassan Ali
1812,10010625423,NZL,01.06.1997,Inactive,CUFF James
1813,10021412429,JPN,28.02.1990,INACTIVE,OZASA Hayato
1814,10008959245,IRI,08.06.1989,INACTIVE,SAFI NIYA Siyavash
1815,10015000123,TTO,28.11.1999,INACTIVE,HENRY Chaquille
1816,10009669668,VEN,02.07.1998,INACTIVE,GARCIA GONZALEZ Ruben Eduardo
1817,10002589476,HUN,05.10.1979,INACTIVE,LENGYEL Gábor
1818,10015979217,BLR,15.10.1999,Inactive,CHARNIAUSKI Ivan
1819,10013983037,CRC,25.04.1991,INACTIVE,CASTILLO ESTRADA Sebastian Felipe
1820,10061391886,JAM,30.05.1990,INACTIVE,HOLNESS Kamar
1821,10004782484,BRA,26.12.1986,INACTIVE,PANTAROLLI ROMEO Davi
1822,10009026034,ITA,22.04.1995,ACTIVE,VIEL Mattia
1823,10010859940,POL,17.11.1998,INACTIVE,CASTALDO Alex
1824,10050085427,ARG,05.02.1992,ACTIVE,LEZICA Facundo Gabriel
1825,10009486984,AUT,07.04.1995,INACTIVE,MASTALLER Stefan
1826,10009139101,NZL,22.03.1996,INACTIVE,EVANS Ari
1827,10010740914,AUT,01.07.1997,INACTIVE,GRUBER Fabian
1828,10015541808,SUI,11.02.1999,ACTIVE,STEINACHER Cyrill
1829,10009725141,IRI,22.02.1997,INACTIVE,RESHNO Reza
1830,10050254569,VEN,30.11.1998,INACTIVE,LOBO ARAUJO Yeiser Jesus
1831,10056025362,CRC,24.03.1993,INACTIVE,PERALTA ESQUIVEL Kenneth
1832,10009033512,CAN,14.07.1994,INACTIVE,REDDY Adam
1833,10009259137,BRA,28.04.1985,INACTIVE,DE SOUZA Wallassy Nascimento
1834,10009501132,ITA,18.10.1996,ACTIVE,VIVIANI Attilio
1835,10015779961,PUR,23.03.1998,INACTIVE,LUCIANO DE LA TORRE Carlos
1836,10007603568,GER,25.02.1992,ACTIVE,REINERT Martin
1837,10008958134,RUS,10.02.1995,INACTIVE,TSYBULKO Sergey
1838,10055615740,USA,22.03.1998,INACTIVE,OESTREICH Nick
1839,10010737981,LAT,16.07.1993,INACTIVE,KEISS Emils
1840,10035076392,AUT,28.06.1997,INACTIVE,KOLLER Jan
1841,10014174108,IRI,21.03.1992,INACTIVE,MOLLAEI Mohammadreza
1842,10007507881,ITA,26.10.1993,INACTIVE,DEL ROSARIO Giacomo
1843,10004629409,FRA,18.04.1987,ACTIVE,SIREAU Kévin
1844,10015979116,BLR,22.05.1999,INACTIVE,ALEKSEEV Kirill
1845,10016662661,IRL,02.07.1998,ACTIVE,GRENNELL Andre
1846,10065502565,CRC,28.12.1989,INACTIVE,VALVERDE HERNANDEZ Allan Mauricio
1847,10015718428,CAN,12.03.1999,INACTIVE,ATTWELL Adam
1848,10009259945,BRA,16.09.1975,INACTIVE,MANCINI Estevam Ciampone
1849,10014465108,ITA,13.08.1995,INACTIVE,BASSANI Christian
1850,10015064484,POL,15.04.1998,INACTIVE,OKUNIEWSKI Sebastian
1851,10011151748,AUT,11.07.1998,INACTIVE,EDELBAUER Tobias
1852,10015553124,ESP,23.07.1999,Inactive,AZPITARTE MUÑOZ Iker
1853,10010699181,KOR,29.03.1993,INACTIVE,JANG Woojun
1854,10035481166,COL,06.09.1992,INACTIVE,AFANADOR ROMERO Diego Sebastian
1855,10014587164,BLR,18.05.1998,INACTIVE,KHARLANAU Mikita
1856,10016290526,IRL,02.03.1992,INACTIVE,CROSBIE Billy
1857,10015875244,UKR,01.03.1998,INACTIVE,BOGOSLOVSKYY Artem
1858,10009974412,ITA,27.11.1997,ACTIVE,FREZZA Cristian
1859,10009176180,POL,25.04.1996,INACTIVE,MATUSZAK Patryk
1860,10012587651,FIN,22.02.1978,INACTIVE,PUSA Tero
1861,10013036679,ITA,28.07.1990,ACTIVE,GRASSI Matteo
1862,10015793907,GRE,12.06.1999,INACTIVE,VASILEIOS Dimitropoulos
1863,10010732628,GER,06.09.1998,INACTIVE,ZSCHOCKE Felix
1864,10010839227,COL,19.04.1997,INACTIVE,GUTIERREZ TORRES Hector Alfonso
1865,10053639768,TKM,08.09.1982,INACTIVE,HASHOJAYEV Muhamedresul
1866,10035353551,COL,14.05.1999,INACTIVE,GONZALEZ JARAMILLO Walter Emir
1867,10009992600,FRA,02.11.1997,INACTIVE,GENDRON Alexandre
1868,10059690144,CAN,02.09.1975,ACTIVE,KAAKE Adam
1869,10007238002,BRA,23.06.1980,INACTIVE,ALCICI MATOS Ricardo
1870,10015083985,ITA,21.06.1998,INACTIVE,DA POS Riccardo
1871,10010181041,POL,15.02.1998,INACTIVE,WOJCIAK Kacper
1872,10011044947,KAZ,10.08.1997,ACTIVE,TURAR Assylkhan
1873,10009304405,GBR,20.12.1994,INACTIVE,MAYER Sean
1874,10015981540,BLR,06.09.1998,INACTIVE,TRYPUZ Yahor
1875,10006555766,ESP,08.01.1991,ACTIVE,TOMAS TOMAS Llorenc
1876,10071486960,BRA,13.01.1976,INACTIVE,ALTHEMAN LOPES RODRIGO
1877,10015794008,GRE,17.04.1999,INACTIVE,KONSTANTOURAS Konstantinos
1878,10062016225,CHN,24.11.1996,INACTIVE,JI Feihong
1879,10010750917,NZL,12.05.1998,ACTIVE,STEWART Campbell
1880,10034992934,RUS,05.10.1995,INACTIVE,BALYSHEV Dmitrii
1881,10015865039,ITA,23.09.1997,INACTIVE,BELLIO Simone
1882,10066365764,TJK,16.04.1994,ACTIVE,RAHIMOV Jalol
1883,10004776727,CHN,04.04.1981,INACTIVE,ZHANG Lei
1884,10010701710,JPN,08.04.1995,INACTIVE,GOTO Yu
1885,10007232039,IRI,26.12.1992,INACTIVE,ZAREZADEH Abolfazl
1886,10058983357,COL,10.05.1999,INACTIVE,OBANDO PARRA Carlos Ignacio
1887,10061862944,FRA,05.06.1998,INACTIVE,MARIE Romain
1888,10063175878,KOR,06.12.1996,INACTIVE,KIM Kwangkune
1889,10071485950,BRA,28.12.1985,INACTIVE,VARGAS PINHEIRO DA CRUZ SAMITTO
1890,10009074837,POL,16.06.1995,INACTIVE,NOWAK Mateusz
1891,10014660118,CHN,06.10.1996,INACTIVE,PAN Hao
1892,10008968137,ITA,11.01.1994,INACTIVE,IPPOLITO Stefano
1893,10010791030,AUS,24.08.1994,INACTIVE,WILLIAMS Jackson
1894,10009701903,IRI,02.04.1988,INACTIVE,AHMADI Mehdi
1895,10010746267,COL,12.10.1997,INACTIVE,VERGARA VILLEGAS Juan Carlos
1896,10083338542,KOR,11.11.1996,INACTIVE,LEE Jeongseok
1897,10015350434,BRA,04.02.1982,INACTIVE,DE LIMA Moises
1898,10015851602,POL,11.11.1998,INACTIVE,WOSIK Piotr
1899,10055343433,AUS,25.08.1970,INACTIVE,RICKARD Daniel
1900,10064740511,IRI,26.11.1993,INACTIVE,GHORBANI Mohammadreza
1901,10009227209,COL,26.03.1996,Inactive,CASTILLO SULBARAN John William
1902,10016022057,KOR,15.08.1997,INACTIVE,YOON Seungkyu
1903,10006280530,ESP,11.09.1989,INACTIVE,SANZ UNZUE Enrique
1904,10023545419,BRA,25.06.1986,INACTIVE,CESAR TOSTES Danilo
1905,10015849982,POL,07.05.1998,INACTIVE,PERKOWSKI Mariusz
1906,10026829069,FRA,15.09.1975,ACTIVE,THERY Sébastien
1907,10011034641,AUS,02.02.1984,INACTIVE,MOONEY Mathew
1908,10010877926,IRI,12.09.1998,INACTIVE,PANBEHKAR Amir Ali
1909,10015849275,POL,20.10.1998,INACTIVE,KRAZEWSKI Franciszek
1910,10023939681,GBR,22.03.1999,INACTIVE,HEATON Christopher
1911,10015322950,CHN,05.03.1998,INACTIVE,WANG Yongjin
1912,10016203125,USA,29.03.1968,INACTIVE,LAWRENCE James
1913,10010653311,IRI,15.05.1996,INACTIVE,SABEGHI Sajjad
1914,10049089660,KOR,20.06.1996,INACTIVE,KIM Duyong
1915,10010654725,RUS,29.03.1997,INACTIVE,ISAEV Sergei
1916,10010718581,CHN,09.08.1993,INACTIVE,GENG Jing
1917,10064740612,IRI,02.12.1997,INACTIVE,TIZHOSHBARPANAH Mohammadhossein
1918,10015708223,ESP,20.02.1999,INACTIVE,GONZALEZ SANCHEZ Felix
1919,10023545924,BRA,20.12.1985,INACTIVE,RODRIGUES DOS SANTOS Erick Bruno
1920,10007961155,CHN,27.05.1993,INACTIVE,WANG Shengwei
1921,10013610090,IRI,08.02.1995,INACTIVE,FARZAD Arsham
1922,10018815455,FRA,24.06.1987,INACTIVE,GENEIX Albin
1923,10009206391,CHN,13.11.1992,INACTIVE,JIA Weiwei
1924,10064647147,USA,09.09.1979,INACTIVE,RATLIFF Brian
1925,10009212556,IRI,13.11.1996,INACTIVE,SALEHI Seyyed Masoud
1926,10005329728,ESP,19.05.1976,ACTIVE,MERINO GARCIA Jorge
1927,10010750715,NZL,19.11.1998,ACTIVE,SEXTON Thomas
1928,10010914706,CHN,26.01.1996,INACTIVE,NIU Junhao
1929,10009494260,AUS,26.03.1996,INACTIVE,CARTER Harrison
1930,10064647551,USA,08.02.1969,INACTIVE,LUTHER Timothy
1931,10063397463,ISR,23.08.1999,INACTIVE,WALFIN Keren
1932,10054819330,USA,28.10.1993,INACTIVE,VANWAY Logan
1933,10010719288,CHN,21.05.1996,INACTIVE,ZHANG Ming
1934,10009978452,AUS,03.11.1998,INACTIVE,LOUIS Jordan
1935,10025435707,FRA,26.08.1999,INACTIVE,RONAT Lucas
1936,10019082005,GBR,19.11.1997,INACTIVE,OLIVER Rory
1937,10064310374,USA,15.02.1972,INACTIVE,ALVAREZ Xavier
1938,10015570403,TPE,15.10.1999,ACTIVE,ZENG Jhih Hong
1939,10006900320,NED,29.10.1991,ACTIVE,HAAK Hugo
1940,10073273174,PAK,02.04.1985,INACTIVE,MEHMOOD Zahid
1941,10009744036,PAK,06.04.1989,INACTIVE,SHAKEEL Muhammad
1942,10060607503,CHI,16.09.1998,INACTIVE,MIRES RETAMALES Vicente
1943,10010098387,CUB,07.01.1997,INACTIVE,GOMEZ BASULTO Rodolfo
1944,10009141929,DOM,25.05.1992,INACTIVE,RAMOS Alberto Rafael
1945,10063691493,DOM,04.11.1994,INACTIVE,CUETO MONTERO Jose Nicolas
1946,10016199788,BAR,22.08.1999,INACTIVE,FORDE-CATWELL Tremaine
1947,10014132577,BAR,16.12.1996,INACTIVE,LOVELL Liam
1948,10052097872,GBR,10.03.1996,INACTIVE,MARSH Tom
1949,10018683089,GBR,03.12.1990,INACTIVE,CARROLL Jonno
1950,10010778603,FRA,29.07.1995,INACTIVE,DAUPHIN Mathieu
1951,10010854078,RUS,21.03.1998,INACTIVE,TVERDOKHLEB Ivan
1952,10009316630,GBR,09.11.1994,ACTIVE,MITCHELL Jonathan
1953,10034971312,RUS,23.08.1999,INACTIVE,TOKAREV Mark
1954,10007216477,FRA,02.06.1994,INACTIVE,AUBERNON Erwann
1955,10061258009,CHN,12.01.1992,INACTIVE,BI Wenjun
1956,10005506954,NZL,08.12.1988,INACTIVE,VAN VELTHOOVEN Simon
1957,10005505439,GRE,20.06.1989,ACTIVE,VOLIKAKIS Zafeiris
1958,10003036080,ARG,23.04.1986,INACTIVE,BOTTASSO Leandro Hernan
1959,10010786279,RSA,29.07.1994,INACTIVE,POULTON Jared
1960,10006480186,GER,14.07.1991,INACTIVE,BALZER Erik
1961,10049562435,MAR,28.10.1990,INACTIVE,EL AFI Othmane
1962,10006382984,NZL,20.05.1986,INACTIVE,ARCHIBALD Matt
1963,10015584648,RSA,28.05.1998,INACTIVE,KING Rocco
1964,10011132651,RSA,17.06.1997,INACTIVE,STORM Jan Andre
1965,10009116364,AUS,22.03.1996,INACTIVE,COCHRANE John
1966,10061370567,NIG,,INACTIVE,OSIM Edward
1967,10055138622,ZIM,28.12.1998,INACTIVE,MITCHELL Dimitrios Byron
1968,10008963184,FRA,17.02.1995,INACTIVE,COPPONI Thomas
1969,10004712362,USA,14.01.1989,INACTIVE,ESPINOZA David
1970,10008957730,RUS,01.08.1996,INACTIVE,GORLOV Sergej
1971,10016117037,RWA,01.01.1998,INACTIVE,MUNYANEZA Didier
1972,10004722668,CZE,04.12.1985,Inactive,PTÁČNÍK Adam
1973,10005952952,POL,20.02.1990,INACTIVE,DREJGIER Grzegorz
1974,10004601218,KOR,23.12.1987,INACTIVE,KANG Dongjin
1975,10053241967,SEY,30.08.1999,INACTIVE,TALMA Darryl
1976,10061273062,ZIM,20.12.1997,INACTIVE,DONALDSON Scott
1977,10009087264,JPN,31.07.1994,INACTIVE,MIYAMOTO Shunsuke
1978,10010697969,IRL,30.10.1995,INACTIVE,SHERMAN Ronan
1979,10007500407,USA,27.07.1993,Inactive,BARANOSKI Matthew
1980,10061261645,BLR,03.09.1995,INACTIVE,VERAMCHUK Yauhen
1981,10008942976,CHI,10.11.1992,INACTIVE,SILVA Andrés
1982,10015146330,UKR,29.06.1990,INACTIVE,SACH Andriy
1983,10015374177,MAS,29.03.1997,INACTIVE,MD HARUN Muhammad Shahril
1984,10010794363,AUS,14.06.1997,INACTIVE,KOROKNAI David
1985,10009136774,AUS,12.10.1980,ACTIVE,GRAVES Nathan
1986,10010714440,FIN,15.09.1970,Inactive,RAJANIEMI Harri
1987,10010746974,UKR,24.04.1997,INACTIVE,ROZGONYUK Andriy
1988,10006032269,FIN,24.08.1985,INACTIVE,SIMOLA Mika
1989,10007739368,RUS,14.09.1994,INACTIVE,LEVOCHKIN Georgij
1990,10016023067,IRL,26.04.1980,INACTIVE,O'BRIEN Marc
1991,10006062682,NED,26.03.1990,INACTIVE,BOS Yorick
1992,10009227916,GUA,23.05.1995,INACTIVE,SIAM Kevin Everardo
1993,10009035936,ECU,11.04.1996,INACTIVE,BRAVO ROMERO Marco Gynn
1994,10010614915,AUS,17.12.1997,INACTIVE,RADZIKIEWICZ Derek
1995,10009213364,CHN,16.06.1996,INACTIVE,ZHANG Cheng
1996,10010709891,TPE,29.11.1995,INACTIVE,CHEN Yen Ting
1997,10007509703,BEL,11.01.1993,INACTIVE,VENNEMAN Robin
1998,10010717773,FIN,14.09.1996,INACTIVE,AARNIO Michael
1999,10010747479,NZL,22.01.1997,INACTIVE,BROWN Liam
2000,10007893255,UKR,24.05.1994,INACTIVE,VARYANYTSYA Andriy
2001,10009873671,UKR,23.09.1996,INACTIVE,GARGAS Yuriy
2002,10009494563,AUS,17.03.1996,INACTIVE,DANN James
2003,10010687259,UKR,07.03.1997,INACTIVE,BILYAK Viktor
2004,10008917718,HKG,04.08.1995,INACTIVE,LAW Kwun Wa
2005,10010724645,THA,14.08.1997,ACTIVE,KHRUTHANGKHA Chakhree
2006,10008972783,CZE,26.06.1978,ACTIVE,ŠKEŘÍK Martin
2007,10007815756,POR,26.05.1991,ACTIVE,MATIAS João
2008,10005377925,KOR,15.01.1986,INACTIVE,CHOI Sukyoon
2009,10009689169,COL,19.08.1997,INACTIVE,ORLAS ZULETAS Juan Diego
2010,10006643066,KOR,08.01.1989,INACTIVE,JUN Wongu
2011,10009141121,NZL,19.05.1988,INACTIVE,STEWART Ben
2012,10010829325,CRC,16.08.1998,INACTIVE,SÁNCHEZ Anthonny
2013,10011162357,KSA,21.10.1998,INACTIVE,AL ABDULAZIZ Khuwaytim
2014,10061230121,MEX,20.10.1994,INACTIVE,LÓPEZ Óscar
2015,10009864173,GEO,17.07.1996,INACTIVE,NAREKLISHVILI Beka
2016,10015078228,HUN,05.11.1998,INACTIVE,BEREGSZÁSZI Bence Botond
2017,10010883582,BOL,23.07.1991,INACTIVE,ASPIAZU Joaquin
2018,10010793555,NZL,08.12.1998,INACTIVE,MADDREN Chris
2019,10004601925,GER,29.02.1988,INACTIVE,HÜBNER Sascha
2020,10012305341,PAK,06.02.1987,INACTIVE,SHAH Sabir
2021,10005825741,ESP,20.08.1988,INACTIVE,MUNTANER Jamie Alberto
2022,10005631337,ECU,12.06.1989,INACTIVE,ALBAN SALTOS Jorge Luis
2023,10061265281,CUB,07.01.1997,INACTIVE,GOMEZ Rodolfo A.
2024,10007771805,HKG,16.10.1995,INACTIVE,FUNG Pak Hei
2025,10007358038,BEL,09.06.1993,ACTIVE,DEVELTERE Pieter
2026,10061349349,MEX,,INACTIVE,VAZQUEZ PEREZ David
2027,10007587808,GEO,27.04.1990,INACTIVE,EROKHIN Viktor
2028,10016231720,BOL,20.05.1993,INACTIVE,LAIRANA GONZALES Gustavo Alberto
2029,10004870693,PAK,24.08.1983,INACTIVE,ALAM Noor
2030,10009502041,NOR,16.04.1996,INACTIVE,BANG Jørgen
2031,10009733225,CUB,15.02.1995,INACTIVE,NÚÑEZ RIVAS Yasmany
2032,10061499192,AUS,16.07.1993,INACTIVE,YOUNG Ben
2033,10011046866,BEL,06.05.1997,INACTIVE,COURTENS Igor
2034,10061350460,MEX,,INACTIVE,MEZA GUTIERREZ Ibis Divel
2035,10006639228,CRC,28.10.1985,INACTIVE,CHACON ARAYA Jose Miguel
2036,10009037754,BRA,17.09.1994,INACTIVE,SIKORA Fernando
2037,10058814417,VEN,18.05.1997,INACTIVE,GARCIA GARCIA Argenis Ruben
2038,10005911930,BOL,12.12.1985,INACTIVE,ALARCON Carlos
2039,10007209710,KOR,02.12.1991,INACTIVE,SON Gyeong Su
2040,10015793604,JPN,03.04.1997,INACTIVE,KOIZUMI Tomoya
2041,10010118700,MEX,29.05.1997,INACTIVE,RIVERA VAZQUEZ Bryan Ricardo
2042,10023523995,CRC,08.07.1995,INACTIVE,RODRIGUEZ MONTERROSA Jason David
2043,10010781431,CAN,31.08.1967,ACTIVE,BRUNEAU Keith
2044,10010175583,VEN,31.08.1998,INACTIVE,NIETO Jose
2045,10009705741,HUN,12.09.1994,INACTIVE,ÁGOSTON Imre
2046,10010883380,BOL,29.03.1994,INACTIVE,GONZALES Rodolfo
2047,10010820231,TTO,16.09.1997,INACTIVE,DANIEL Sei
2048,10009997953,FRA,16.02.1997,INACTIVE,ALVES Jordan
2049,10009182951,NOR,06.05.1970,INACTIVE,SANTANIELLO Joseph
2050,10010689582,JPN,03.04.1994,INACTIVE,SOGA Keisuke
2051,10015973355,MEX,03.08.1993,INACTIVE,VIZCAINO ARAIZA Maximiliano
2052,10023561482,CRC,01.07.1993,INACTIVE,VARGAS CORELLA Anthony
2053,10010652705,KAZ,23.03.1997,INACTIVE,ZHUMAKHANOV Mergen
2054,10010921473,VEN,08.09.1996,INACTIVE,AGÜERO Adamil
2055,10009233673,GRE,04.02.1995,ACTIVE,LAZARIDIS Leonidas
2056,10016321747,CZE,05.03.1974,INACTIVE,POLÍVKA Milan
2057,10010166287,IRL,13.09.1988,INACTIVE,MORTON Eoin
2058,10015653659,BOL,06.11.1995,INACTIVE,SAAVEDRA CESPEDES Cristhian
2059,10007896487,IRI,25.01.1994,INACTIVE,ZAREZADEHMEHRIZI Aboulfazl
2060,10015146128,UKR,17.11.1996,INACTIVE,SHEVTSOV Victor
2061,10009176079,POL,13.05.1996,INACTIVE,KOLASINSKI Rafal
2062,10007499393,GER,18.06.1992,INACTIVE,KANTER Robert
2063,10007198188,CRC,05.04.1993,INACTIVE,ALVARADO Javier
2064,10010929557,MEX,16.12.1996,INACTIVE,RODARTE Sael Martin
2065,10011026153,CAN,12.08.1994,INACTIVE,GRAHAM James
2066,10010828921,COL,02.01.1998,INACTIVE,URREGO CORREA Duban Alejandro
2067,10010096165,FIN,01.08.1973,INACTIVE,NIEMINEN Tommi
2068,10061319744,KOR,26.03.1997,INACTIVE,BANG Guk-San
2069,10006450480,RUS,05.05.1991,INACTIVE,ZHURKIN Nikolay
2070,10007259927,SUI,23.03.1992,INACTIVE,SUTER Gaël
2071,10009190328,POR,05.09.1996,ACTIVE,ALVES OLIVEIRA Ivo Manuel
2072,10007779885,GER,04.06.1994,INACTIVE,AßMUS Richard
2073,10014727412,FRA,13.11.1993,ACTIVE,KERVADEC Stevan
2074,10016021855,FIN,17.12.1962,INACTIVE,VISTI Vesa
2075,10061374409,MEX,09.11.1978,INACTIVE,ORTIZ Miguel Angel
2076,10010631382,BRA,27.07.1978,INACTIVE,MEDRADO Vitor
2077,10015424802,KAZ,20.02.1998,INACTIVE,KAIZER Roman
2078,10009669163,VEN,23.03.1997,INACTIVE,VARGAS PERAZA Alberto Josue
2079,10008714624,AZE,02.06.1989,INACTIVE,NAGHIYEV Elvin
2080,10010937035,IRL,06.04.1984,INACTIVE,ADAMS Keith
2081,10016231821,BOL,15.03.1994,INACTIVE,CHOQUE Leodan
2082,10009160925,UKR,30.06.1994,INACTIVE,RYBARUK Kostyantyn
2083,10015998011,CHN,03.01.1996,Inactive,JIANG Shan
2084,10009150013,JPN,25.02.1996,INACTIVE,NOGAMI Ryuta
2085,10009104341,FRA,12.09.1995,ACTIVE,THOMAS Benjamin
2086,10011154273,ESP,12.08.1998,ACTIVE,HERVAS GARCIA Pol
2087,10023545520,BRA,04.11.1996,INACTIVE,PICCOLI FERNANDES Juan
2088,10023476105,CAN,23.08.1997,INACTIVE,BATEMAN Joshua
2089,10009671183,VEN,10.07.1996,ACTIVE,PEROZO Jesus
2090,10016303155,GRE,13.09.1996,INACTIVE,PASCHOS Stavros
2091,10016231922,BOL,27.09.1991,INACTIVE,BAUTISTA GAMARRA Andy Beymar
2092,10010732426,KOR,05.06.1995,INACTIVE,KIM Kwangoh
2093,10010092024,POL,13.07.1996,INACTIVE,ZIELINSKI Marceli
2094,10002653033,GER,16.03.1981,INACTIVE,GRASMANN Christian
2095,10016178469,ITA,04.06.1995,INACTIVE,TERMINIELLO Renato
2096,10015983257,ESP,10.07.1998,INACTIVE,FERNANDEZ CABRERA Alberto
2097,10010689178,JPN,13.11.1997,INACTIVE,MINAMI Jun
2098,10013603626,RUS,06.06.1971,INACTIVE,KIREENKO Ilya
2099,10009138390,NZL,24.04.1995,INACTIVE,WYBROW Fabian
2100,10061261544,ESP,02.03.1995,INACTIVE,SÁNCHEZ Pablo
2101,10016308411,VEN,30.11.1998,INACTIVE,LOBO Yeison
2102,10061404216,GRE,09.10.1972,INACTIVE,RANTOS Christos
2103,10016053581,AZE,31.08.1992,INACTIVE,MIRZAYEV Roman
2104,10010927234,IRL,19.07.1987,INACTIVE,O'CALLAGHAN Finbarr
2105,10006681664,FIN,21.10.1982,INACTIVE,BRANDT Robert
2106,10016232023,BOL,01.12.1990,INACTIVE,MENDEZ Gabriel
2107,10010917938,USA,29.07.1988,INACTIVE,DUFF Cameron
2108,10010872468,IRI,24.04.1974,ACTIVE,ROUZBAHANEH Mahdi
2109,10009015930,KOR,16.08.1995,INACTIVE,KIM Yeong Soo
2110,10010646944,ITA,02.12.1997,INACTIVE,GAMBUTI Manuel
2111,10009012896,TPE,16.04.1995,INACTIVE,KUO Chia Cheng
2112,10009194065,RUS,15.07.1996,INACTIVE,SKACHEK Denis
2113,10009708064,NZL,27.08.1997,INACTIVE,ECCLES Lewis
2114,10018647626,GBR,09.12.1993,INACTIVE,DAVIES Barnaby
2115,10010937439,AZE,26.04.1994,INACTIVE,KASSYMOV Jamshid
2116,10010883178,BOL,21.05.1997,INACTIVE,MARTINEZ Santiago
2117,10016138760,IRI,08.03.1989,INACTIVE,NOURANI Seyedmohammadamin
2118,10016022158,KOR,13.01.1997,INACTIVE,KIM Hanwool
2119,10010091620,POL,06.09.1995,INACTIVE,SARGALSKI Jacek
2120,10011001093,POL,16.01.1997,INACTIVE,NIESLUCHOWSKI Damian
2121,10011154677,ITA,22.09.1998,INACTIVE,SFASCIA Gianluca
2122,10005509883,RUS,15.12.1989,INACTIVE,BERBENYUK Vadim
2123,10016306690,AZE,17.10.1997,INACTIVE,MEHTIYEV Elvin
2124,10061334393,FIN,17.03.1977,INACTIVE,LONDEN Timo
2125,10011207726,UKR,19.02.1997,INACTIVE,BEDRYI Sergyi
2126,10015781678,NZL,12.05.1990,INACTIVE,HARVEY James
2127,10012335653,BRA,27.10.1988,INACTIVE,MONTEIRO Maicke
2128,10015426620,KAZ,23.08.1998,INACTIVE,PIVTSAIKIN Sergey
2129,10010172351,GRE,01.07.1998,INACTIVE,CHATZIAGELAKIS Manolis
2130,10007232645,IRI,03.02.1992,INACTIVE,SAMIEI Danial
2131,10010173765,POL,27.01.1997,INACTIVE,KARAS Patryk
2132,10010185182,POL,14.06.1998,INACTIVE,TONCZYK Tobiasz
2133,10023669495,NZL,15.11.1993,INACTIVE,TAIT Johnathan
2134,10008929640,ESP,12.02.1994,ACTIVE,GARCIA HERNANDO Daniel
2135,10010741015,KAZ,11.07.1996,INACTIVE,ZHUKENOV Aspan
2136,10016315279,GRE,24.09.1978,INACTIVE,BARSAMIS Georgios
2137,10010179425,USA,08.02.1997,INACTIVE,KATO Kyle
2138,10010872266,IRI,12.10.1996,INACTIVE,PIRI Saeeid
2139,10009234582,GRE,31.08.1996,INACTIVE,ANTONOPOULOS Anastasios
2140,10011168522,AUS,27.04.1998,INACTIVE,MARSHALL Damon
2141,10009310364,ESP,28.08.1987,INACTIVE,SANCHEZ MEJIA Domingo
2142,10009739285,GRE,17.09.1997,ACTIVE,SKINTZIS Dimitrios
2143,10005511301,VEN,07.02.1989,ACTIVE,PULGAR ARAUJO Angel Ramiro
2144,10010667152,AUS,23.07.1997,INACTIVE,LEIGH Jack
2145,10012194803,ESP,21.08.1989,ACTIVE,QUINCE ANDRES Luis Miguel
2146,10016317606,GRE,05.08.1994,INACTIVE,SANTORINAIOS Mixail
2147,10009260955,USA,22.05.1984,INACTIVE,WOODLAN Todd
2148,10007261543,IRI,06.07.1987,ACTIVE,HEFZI Mohamad
2149,10010725756,CHN,04.08.1996,INACTIVE,LIU Yadong
2150,10055347877,AUS,12.05.1997,INACTIVE,EVERETT Kristian
2151,10016253241,GRE,01.12.1994,INACTIVE,PAPOULIAS Grigorios
2152,10010927133,IRL,22.11.1977,INACTIVE,KABS Thomas
2153,10010872872,IRI,10.08.1987,INACTIVE,RAMEZANIALAVI Farhad
2154,10016299418,IRL,22.09.1997,INACTIVE,JONES Simon
2155,10009211950,IRI,13.09.1996,INACTIVE,MORADI Mohammad Amin
2156,10015998112,CHN,11.07.1996,INACTIVE,LIAN Tianhao
2157,10009316731,GBR,21.05.1994,ACTIVE,LEVETON Andrew
2158,10016285775,IRL,13.03.1994,INACTIVE,BALSAMO Jude
2159,10009681792,IRI,28.11.1997,ACTIVE,ADHAMI Mohammad Reza
2160,10015528165,GBR,02.03.1999,INACTIVE,HEATON Chris
2161,10014521486,GRE,06.03.1987,INACTIVE,PETROU Evangelos
2162,10016283351,IRL,31.01.1989,INACTIVE,COYLE David
2163,10010878128,IRI,24.06.1997,INACTIVE,KHANSARI Mohammad
2164,10015998213,CHN,10.03.1996,INACTIVE,JIA Erwei
2165,10010831143,GRE,04.01.1997,INACTIVE,KOLOKYTHAS Thomas
2166,10016288203,IRL,26.08.1975,INACTIVE,FORDE Thomas
2167,10016138457,IRI,20.09.1995,INACTIVE,KHALIGHKHIAVI Shayan
2168,10007632264,GBR,25.06.1990,ACTIVE,SWINNERTON Barnaby
2169,10005787850,GRE,07.11.1986,ACTIVE,TSIAVES Fotios
2170,10007275889,IRI,01.09.1980,INACTIVE,GHIASI Masoud
2171,10018772009,GBR,08.03.1988,INACTIVE,TURNER Matthew
2172,10007078253,GRE,17.10.1989,INACTIVE,PARASCHOS Athanasios
2173,10010878330,IRI,23.07.1997,INACTIVE,SALEHI Mahdi
2174,10023863091,GBR,29.09.1999,INACTIVE,THOMSON Cameron
2175,10013148534,GRE,04.05.1987,INACTIVE,POTAMITIS Konstantinos
2176,10010872670,IRI,27.08.1994,INACTIVE,BARABADI Mohammad
2177,10023451550,GUY,11.05.1957,ACTIVE,JOSEPH James
2178,10010117282,GUY,23.10.1972,Inactive,BURROWES Horace
2179,10015913943,RUS,05.01.1997,INACTIVE,MARKIYANOV Sergey
2180,10014926967,RUS,20.08.1996,INACTIVE,NEMCHINOV Aleksei
2181,10001443664,GER,01.03.1978,INACTIVE,NIMKE Stefan
2182,10015958201,RUS,18.07.1997,INACTIVE,MILOVIDOV Nikolay
2183,10008656828,COL,19.08.1994,ACTIVE,GAVIRIA RENDON Fernando
2184,10009899640,GBR,17.08.1998,INACTIVE,HUTCHINSON Ryan
2185,10016138659,IRI,03.07.1996,INACTIVE,SEPEHRIALMDARI Armin
2186,10015241007,GRE,01.06.1990,INACTIVE,CRONIS Christos
2187,10016138861,IRI,26.03.1990,INACTIVE,SOHRABIFAR Vahid
2188,10015244744,GRE,19.07.1988,INACTIVE,AVGOUSTIS Ioannis
2189,10007789383,GBR,21.05.1987,INACTIVE,ANNON Miles
2190,10023720625,GBR,27.04.1999,INACTIVE,DEVLIN Matthew
2191,10009316226,GBR,11.11.1982,INACTIVE,LOUIS Andrew
2192,10050563656,GBR,19.04.1992,INACTIVE,MILBOURN Luke
2193,10019065938,GBR,28.09.1991,INACTIVE,WINTER Obadiah
2194,10016021754,GBR,23.06.1993,INACTIVE,STOKES Tom
2195,10019394122,GBR,12.11.1965,ACTIVE,BARTON Ian
2196,10005930623,FRA,28.07.1990,ACTIVE,CONORD Charlie
2197,10006182924,AUS,01.02.1990,INACTIVE,LEWIS Peter
2198,10006105930,CAN,23.04.1989,INACTIVE,VELOCE Joseph
2199,10009966631,GBR,14.10.1996,INACTIVE,SCAMMELL Thomas
2200,10011125678,MAR,09.08.1986,INACTIVE,AGHAOUS Yassine
2201,10011130126,MAR,13.05.1996,INACTIVE,LAANAYA El Mehdi
2202,10004613039,ESP,16.12.1988,INACTIVE,MAZQUIARAN URIA Hodei
2203,10006898502,GBR,29.07.1992,INACTIVE,EMADI Kian
2204,10008917617,HKG,17.01.1996,INACTIVE,CHOY Hiu Fung
2205,10009325017,CAN,29.03.1994,INACTIVE,CAREY Evan
2206,10009234279,USA,23.02.1987,INACTIVE,FRYER Geoffrey
2207,10007734318,KOR,12.08.1992,INACTIVE,KIM Jungyeol
2208,10008944390,RSA,02.01.1993,INACTIVE,DE FREITAS Matthew
2209,10008987436,FIN,02.12.1986,INACTIVE,MIKKONEN Jani
2210,10007505962,GRE,01.06.1993,INACTIVE,AGGELIDIS Stylianos
2211,10025264440,ALG,17.11.1995,ACTIVE,CHALEL Yacine
2212,10008002379,ALG,19.02.1992,INACTIVE,HAMZA Abderrahmane Mehdi
2213,10006163726,TTO,10.04.1989,INACTIVE,CODRINGTON Jude
2214,10006900623,UZB,26.03.1992,INACTIVE,GUMEROV Timur
2215,10009147181,IND,21.12.1995,INACTIVE,BABY Alan
2216,10009306324,POL,20.05.1988,INACTIVE,SLUSARSKI Michal
2217,10007500104,GBR,21.04.1993,INACTIVE,PAUL John
2218,10010664526,ITA,22.08.1991,INACTIVE,LENARDUZZI Dominic
2219,10004415706,SUI,12.08.1986,INACTIVE,JANSEN David
2220,10007788070,UZB,09.03.1993,Inactive,YAMBULATOV Timur
2221,10009514468,EST,13.08.1996,INACTIVE,KELLER Oliver
2222,10007803834,UZB,09.11.1993,INACTIVE,FEDOROV Ruslan
2223,10010857112,AUS,17.06.1995,INACTIVE,CLARKE Tom
2224,10009693920,RUS,03.02.1993,INACTIVE,SAVITSKIY Sergey
2225,10010887323,USA,09.04.1997,INACTIVE,FOGEL Samuel
2226,10009011886,NZL,07.08.1995,INACTIVE,PRESBURY Jeremy
2227,10003817639,SUI,18.05.1991,INACTIVE,KELLER Jan
2228,10007077546,BEL,18.07.1992,INACTIVE,DE SMET Gertjan
2229,10009102018,IRL,29.03.1983,INACTIVE,O'CUINNEAGAIN Colm
2230,10005747434,RUS,25.12.1984,INACTIVE,SAVITSKIY Valentin
2231,10010597737,AUS,30.01.1997,INACTIVE,WIGHT Rohan
2232,10010615016,AUS,18.10.1990,INACTIVE,WALLER Jacob
2233,10010623908,NZL,05.02.1997,INACTIVE,HIGGISON Louis
2234,10010647146,MAS,27.12.1997,INACTIVE,MOHD ZAMRI Eiman Firdaus
2235,10010709285,TPE,09.10.1996,INACTIVE,KUO Chung Yu
2236,10010898538,IRL,06.06.1980,INACTIVE,O'HARA Shane
2237,10010586421,INA,29.04.1992,INACTIVE,SARI Bentar
2238,10007771704,HKG,28.05.1996,ACTIVE,LEUNG Ka Yu
2239,10009117576,IRL,24.11.1996,INACTIVE,GRIMES Sean
2240,10008695426,POR,14.04.1995,INACTIVE,SILVA João
2241,10008010968,BRU,12.09.1991,INACTIVE,ABD HADZID Azmi
2242,10004620618,SUI,20.10.1988,INACTIVE,PERIZZOLO Loïc
2243,10003246753,BEL,05.06.1985,ACTIVE,DE KETELE Kenny
2244,10005747131,RUS,08.12.1989,INACTIVE,SHURSHIN Denis
2245,10009011482,BEL,01.08.1995,INACTIVE,OSEI VERTEZ Matthias
2246,10010653109,KAZ,26.07.1997,INACTIVE,ROZENBERG Eduard
2247,10009807589,BEL,26.01.1994,INACTIVE,ROTTY Glenn
2248,10006597802,EST,21.07.1991,INACTIVE,IDARAND Eerik
2249,10007974794,NOR,21.07.1991,INACTIVE,PEREZ Aleksander
2250,10010097579,BOL,14.05.1994,INACTIVE,AGUIRRE Ulises
2251,10009158602,RSA,10.07.1995,INACTIVE,BORCHJES Kyle
2252,10007897400,ESP,12.01.1994,INACTIVE,LOPEZ GRANERO Francisco
2253,10004708726,VEN,16.03.1987,INACTIVE,BECERRA Joel
2254,10005763501,DEN,11.03.1988,ACTIVE,MØRKØV Jesper
2255,10008870632,AZE,13.07.1994,INACTIVE,HUSEYNZADE Siraj
2256,10002689409,MEX,07.05.1983,INACTIVE,SERRANO PLOWELLS Manuel
2257,10010646439,BUL,14.11.1994,INACTIVE,PETKOV Borislav
2258,10008921657,IRI,09.04.1987,ACTIVE,FARZAD Maziar
2259,10010709487,TPE,15.12.1997,INACTIVE,CHANG Wei Hsuan
2260,10010800629,ESP,27.06.1993,INACTIVE,VALES FERREIRA Adrian
2261,10009560241,CHN,13.10.1990,INACTIVE,ZHUANG Ni
2262,10010709386,TPE,31.10.1997,INACTIVE,CHIN Yen Chin
2263,10006298516,USA,01.09.1979,INACTIVE,FRALEY Jonathan
2264,10061251036,MAS,09.03.1996,INACTIVE,FIRDAUS Muhammad
2265,10006197169,CUB,16.03.1989,INACTIVE,MONTOOYA Luis
2266,10009529020,NOR,29.05.1997,INACTIVE,SEL Ole Ingar
2267,10007783020,IRL,22.09.1974,INACTIVE,MACKIN Terry
2268,10014469451,AZE,02.11.1987,INACTIVE,ISMAYILOV Aqshin
2269,10010719591,EST,10.10.1976,INACTIVE,METS Jüri
2270,10009228219,MEX,10.03.1996,INACTIVE,VALDEZ BARRAZA Jose Manuel
2271,10010780421,BUL,05.10.1995,INACTIVE,KRASTEV Stanislav
2272,10010882067,BOL,15.08.1996,INACTIVE,CARMONA Isaac
2273,10010883683,BOL,07.05.1986,INACTIVE,CORDERO Miguel
2274,10004603440,KOR,20.04.1987,INACTIVE,CHOI Laeseon
2275,10009734841,BEL,27.02.1997,INACTIVE,NEIRYNCK Aidan
2276,10008971672,CAN,21.11.1986,INACTIVE,SINGLETON Chris
2277,10009527707,NOR,03.07.1996,INACTIVE,FUGLSTAD Andreas
2278,10009007442,UZB,14.01.1995,INACTIVE,MEDVEDEV Sergey
2279,10005455323,CAN,21.06.1988,Active,PARTRIDGE Mischa
2280,10007588414,GEO,12.09.1986,INACTIVE,GUJABIDZE Aleko
2281,10010719894,EST,30.03.1995,INACTIVE,VÄÄRTMAA Ailar
2282,10004159765,POR,16.02.1974,INACTIVE,SERRALHEIRO João
2283,10009321377,CUB,24.08.1992,INACTIVE,FERRAN Alberto
2284,10010800023,UZB,05.06.1997,INACTIVE,IZMAYLOV Andrey
2285,10010832860,GRE,06.04.1997,INACTIVE,SALPADIMOS Konstantinos
2286,10009329259,EST,11.09.1994,INACTIVE,RANDVER Sander
2287,10006063288,BUL,23.01.1990,ACTIVE,DENEV Miroslav
2288,10008944491,RSA,21.06.1988,INACTIVE,ROE Matthew
2289,10011038681,IND,25.05.1993,INACTIVE,KHAN Akbar
2290,10006903552,POL,26.04.1991,ACTIVE,PSZCZOLARSKI Wojciech
2291,10009374224,NOR,18.12.1995,INACTIVE,SKOGAN FREDRIKSEN Sverre
2292,10009148902,UZB,06.03.1996,INACTIVE,OSMANOV Ernest
2293,10009523461,CAN,27.12.1996,INACTIVE,NESBITT Daniel
2294,10009684725,BLR,01.03.1997,INACTIVE,KAZHANEUSKI Maksim
2295,10010935924,EST,27.10.1969,INACTIVE,JÜRGENSON Aivar
2296,10014661936,GUA,20.02.1994,INACTIVE,POGGIO Josue
2297,10010585007,MEX,20.11.1990,INACTIVE,GÓMEZ MARTINEZ Francisco Javier
2298,10009084335,USA,03.07.1994,INACTIVE,KLUPAR Conor
2299,10006601135,BUL,27.03.1991,INACTIVE,ALI Deniz
2300,10007771401,HKG,20.01.1994,ACTIVE,LEUNG Chun Wing
2301,10010743540,COL,25.09.1994,INACTIVE,BLANCO MESA Luis Fernando
2302,10008544872,USA,04.08.1976,INACTIVE,KIMBALL Jason
2303,10010664627,AUS,24.11.1988,INACTIVE,MCCARTHY Patrick
2304,10010893989,MEX,09.10.1996,INACTIVE,MALDONADO Dante
2305,10009208819,CHN,10.11.1992,INACTIVE,LI Jianxin
2306,10010732830,GER,28.10.1996,INACTIVE,LEHMANN Max-Albert
2307,10007848795,RUS,06.01.1993,INACTIVE,PIMKIN Vladislav
2308,10009690886,CHI,28.12.1996,INACTIVE,ESPINOZA Victor
2309,10009208920,CHN,23.02.1991,INACTIVE,ZHU Lei
2310,10005109254,ESP,23.06.1981,ACTIVE,MORENO CANO Alfred
2311,10009101513,ESP,04.12.1991,INACTIVE,RICO FLOREZ Pelayo
2312,10061257807,CHN,04.12.1992,INACTIVE,LI Gang
2313,10009203058,CHN,15.04.1992,INACTIVE,GU Gefa
2314,10006583654,FRA,01.01.1993,INACTIVE,PALMA Julien
2315,10007780087,GER,23.08.1995,INACTIVE,THIEME Steve
2316,10007779582,GER,29.03.1995,INACTIVE,OBER Henry J.
2317,10010646843,ITA,10.06.1997,INACTIVE,PAJALUNGA Luka
2318,10009724838,CHN,05.11.1994,INACTIVE,HU Ke
2319,10010601070,USA,29.07.1988,INACTIVE,GEIRER Eric
2320,10011038883,BAN,11.09.1992,INACTIVE,HAKIM Abdul SK Md. Abdul
2321,10010736365,IRL,06.06.1980,ACTIVE,O BRIEN Thomas
2322,10008701587,AUT,01.04.1995,INACTIVE,WAUCH Tobias
2323,10009128084,AUT,07.11.1996,INACTIVE,FÜHRER Alexander
2324,10010668263,IRL,06.08.1983,INACTIVE,MULLEN Evin
2325,10008983796,ITA,28.03.1994,INACTIVE,MARCHESE Paolo
2326,10009208718,CHN,16.12.1992,INACTIVE,HU Kai
2327,10009181537,LTU,15.12.1996,INACTIVE,GUSTYS Paulius
2328,10008993092,CZE,18.03.1995,INACTIVE,SNÁŠEL Jaroslav
2329,10005994277,USA,22.01.1974,INACTIVE,STEIN Brent
2330,10006319330,UKR,23.01.1990,ACTIVE,GENUS Gennadii
2331,10009141727,CUB,13.02.1989,INACTIVE,DELIS LOPEZ Ivan
2332,10010619460,PUR,25.09.1996,INACTIVE,SEDA Nelson
2333,10010082728,USA,01.11.1965,INACTIVE,SUCHSLAND John
2334,10010887424,USA,09.10.1996,INACTIVE,MALDONADO Dante
2335,10009733023,CUB,12.07.1995,INACTIVE,VARONA Cleyder
2336,10009009967,BEL,12.11.1995,ACTIVE,PICOUX Maximilien
2337,10010820332,TTO,24.08.1996,INACTIVE,MALCO Nevin
2338,10010853674,RUS,19.08.1993,Inactive,MELNIKOV Denis
2339,10006129572,CHN,16.10.1988,ACTIVE,HU Ke
2340,10009258430,UKR,25.12.1993,INACTIVE,SIYANCHUK Denys
2341,10009693314,UKR,29.05.1988,INACTIVE,KONOVAL Yurii
2342,10011068589,SVK,02.08.1992,INACTIVE,HOMOLA Erich
2343,10009986637,LAT,16.01.1996,INACTIVE,JIRGENSONS Karlis
2344,10009125761,NED,14.06.1996,INACTIVE,LOK Camiel
2345,10008986931,FIN,03.09.1994,INACTIVE,KANERVA Hiski
2346,10010928749,KOR,12.05.1994,INACTIVE,ROH Hyeonggyun
2347,10010869842,FIN,30.01.1978,INACTIVE,SARANPÄÄ Micael
2348,10009720895,CZE,02.07.2006,INACTIVE,HOLUB Lukáš
2349,10007736742,BAR,17.01.1991,INACTIVE,MATTHEWS Darren
2350,10005377622,KOR,15.03.1984,Inactive,PARK Seonho
2351,10005364585,POL,03.11.1989,INACTIVE,TEKLINSKI Adrian
2352,10008716846,PHI,02.07.1992,ACTIVE,AQUINO Jerry Jr.
2353,10010587229,BAR,05.11.1989,INACTIVE,CALLENDER Ross
2354,10010585310,INA,28.03.1992,INACTIVE,FATONI Muhamad Nur
2355,10010928951,IND,09.07.1996,INACTIVE,SARANDARAJ Sinuraj P.
2356,10007240931,USA,26.08.1988,INACTIVE,HERZFELD Steven
2357,10007357028,BEL,20.06.1993,INACTIVE,MAES Alexander
2358,10009034724,CAN,12.04.1995,INACTIVE,MACDONALD Eric
2359,10008714725,AZE,07.09.1994,ACTIVE,JABRAYILOV Samir
2360,10009515276,EST,25.07.1996,INACTIVE,TASANE Jaanus
2361,10010681296,GUA,20.05.1995,INACTIVE,CANASTUJ Victor
2362,10010589451,BUL,27.08.1994,Inactive,SUCHEV Mario
2363,10004868976,HKG,30.08.1988,INACTIVE,CHUI Chi Sek
2364,10010583387,IRI,09.08.1992,INACTIVE,SAYYAH Ebrahim
2365,10009143545,RSA,02.12.1987,ACTIVE,KOCK Timothy
2366,10009516488,NOR,09.08.1996,INACTIVE,STEEN Fredrik
2367,10011031005,UZB,26.10.1996,INACTIVE,ABDUMANNABOV Shomansur
2368,10009313495,CAN,14.08.1990,ACTIVE,CULLINGHAM Andrew
2369,10009684321,BLR,20.08.1996,INACTIVE,CHARNOHORTSAU Dzianis
2370,10006111384,IRL,26.07.1970,INACTIVE,GOGGIN Malcolm
2371,10010926729,IRL,28.05.1989,INACTIVE,O MALLEY Terrence
2372,10004223322,EST,06.11.1985,INACTIVE,TAMMISTE Veiko
2373,10003041942,BUL,01.10.1975,ACTIVE,GERGANOV Evgeni
2374,10009142333,BRA,20.05.1992,INACTIVE,MORETTO Caio
2375,10010608548,HKG,22.07.1997,INACTIVE,MITCHELMORE Maximilian Gil
2376,10009098580,IRI,31.07.1995,INACTIVE,NOROZIAN Ali
2377,10009741410,RSA,11.10.1984,INACTIVE,GODDARD Darren
2378,10004614554,NED,20.08.1987,ACTIVE,BOS Patrick
2379,10009714027,UZB,13.11.1995,INACTIVE,DARMONOV Jakhongir
2380,10009683614,BLR,16.05.1996,INACTIVE,ARANSON Anton
2381,10009029771,MEX,06.08.1994,INACTIVE,MALO VILLALOBOS Brian Israel
2382,10009671082,VEN,11.03.1996,INACTIVE,ALVARADO Jorge
2383,10009398674,BUL,29.04.1995,INACTIVE,KOSTADINOV Damyan
2384,10010110212,HKG,09.08.1970,INACTIVE,MANSBRIDGE Jason
2385,10010084041,POL,10.04.1994,INACTIVE,HERCOG Jakub
2386,10010838722,TTO,06.06.1987,INACTIVE,HARDING Jonathan
2387,10010842661,COL,15.01.1992,INACTIVE,GRANADA Simon
2388,10005505843,JPN,16.02.1989,INACTIVE,SAKAMOTO Takashi
2389,10009158501,RSA,26.07.1991,Inactive,ZIADY Didier
2390,10061318128,UZB,14.08.1996,INACTIVE,VALIHOBOV Alisher
2391,10010920160,BUL,12.04.1993,INACTIVE,KOLEV Iliqn
2392,10009677954,FIN,22.11.1977,INACTIVE,MATERO Petri
2393,10010887121,HKG,05.07.1985,INACTIVE,BROTHERWOOD Samuel Mark
2394,10007234665,IRI,21.07.1991,INACTIVE,AZIZI Soroush
2395,10009194166,RUS,07.04.1996,INACTIVE,FILKOV Artem
2396,10010640476,JPN,16.03.1995,INACTIVE,HASHIMOTO Rui
2397,10009741713,RSA,15.04.1996,INACTIVE,LOURENS Reino
2398,10011052627,UZB,10.04.1997,ACTIVE,FEDOROV Vladislav
2399,10010782441,CAN,06.04.1984,INACTIVE,MCCARTY Robert
2400,10009728474,GRE,01.02.1996,INACTIVE,CHALKIOPOULOS Michail
2401,10009055740,VEN,13.09.1995,INACTIVE,MONTEALEGRE Marcos
2402,10010649166,BUL,21.08.1996,INACTIVE,BAYCHEV Petar
2403,10007224965,FIN,29.06.1993,INACTIVE,VÄLIMAA Eemeli
2404,10009175877,POL,07.10.1996,INACTIVE,SLESICKI Kamil
2405,10009253679,JPN,22.12.1993,INACTIVE,MATSUMOTO Takaharu
2406,10009159107,RSA,14.08.1996,INACTIVE,ABBOT Douglas
2407,10011052728,UZB,17.12.1997,INACTIVE,SULTANOV Rustem
2408,10011079909,KAZ,10.08.1997,INACTIVE,ADILBAYEV Eldos
2409,10009996842,ESP,30.04.1996,INACTIVE,MARTIN ORTEGA DE LA FUENTE Sergio
2410,10010846604,AZE,02.02.1996,INACTIVE,SHIRALIYEV Ali
2411,10010929254,MEX,25.10.1988,INACTIVE,SANCHEZ CABRERA Jesus Enrique
2412,10007198491,VEN,24.06.1992,INACTIVE,MORALES Juan
2413,10010591875,BUL,06.08.1994,INACTIVE,ANGELOV Velko
2414,10010088182,POL,10.01.1995,Inactive,STEFANIAK Konrad
2415,10010743843,COL,29.04.1997,INACTIVE,GARCIA Santiago
2416,10010824877,RSA,01.05.1981,INACTIVE,PAYNE Quinton
2417,10010724544,MEX,08.08.1994,INACTIVE,SAUCEDA SEPULVEDA Javier
2418,10010586219,VEN,15.01.1993,INACTIVE,BAEZ Eliomar
2419,10010096771,BUL,26.04.1995,INACTIVE,FURLANSKI Velizar
2420,10010091923,POL,17.03.1995,INACTIVE,GOGULSKI Lukasz
2421,10010790626,AUS,16.06.1985,INACTIVE,HAMMER Luke
2422,10011073441,KAZ,07.09.1997,INACTIVE,ALI Ersultan
2423,10006897993,GRE,25.05.1991,INACTIVE,KOURTELIS Ilias
2424,10004746011,ESP,02.02.1985,INACTIVE,RODRIGUEZ PEREZ Javier
2425,10007438769,VEN,15.12.1984,INACTIVE,RODRIGUEZ Carlos
2426,10010583690,BUL,09.05.1993,INACTIVE,ROBOV Momchil
2427,10008921859,IRI,07.06.1989,INACTIVE,CHELOEIYAN Ali
2428,10009740295,GRE,12.03.1997,INACTIVE,PASXOS Stavros
2429,10010582377,VEN,03.08.1987,INACTIVE,MAESTRE Simon
2430,10010649267,BUL,05.12.1996,INACTIVE,SYAROV Zahari
2431,10009207506,CHN,13.02.1995,INACTIVE,CHANG Zhihao
2432,10009679671,IRI,12.04.1996,INACTIVE,GHIYASI Ali
2433,10010744045,COL,06.06.1992,INACTIVE,AFANADOR Sebastian
2434,10010640375,JPN,10.08.1993,INACTIVE,SAKAMOTO Keiya
2435,10007505255,GRE,30.10.1993,ACTIVE,TSOPOUROGLOU Vasileios
2436,10007862741,ESP,20.10.1994,INACTIVE,ALEPUZ LOPEZ Gonzalo
2437,10010921675,VEN,27.05.1993,INACTIVE,SOLORZANO Cesar
2438,10006317007,BUL,05.02.1989,INACTIVE,BALINSKI Pavlin
2439,10010872064,IRI,03.04.1995,INACTIVE,BARZKAR Mohammadhasan
2440,10005921125,COL,08.03.1984,INACTIVE,GUTIERREZ Diego
2441,10007801309,JPN,08.03.1992,ACTIVE,HASHIMOTO Ryosuke
2442,10010937742,GRE,24.04.1984,INACTIVE,VLACHOS Pavlos
2443,10010920261,BUL,14.09.1993,INACTIVE,IVANOV Emil
2444,10010767788,USA,26.10.1981,INACTIVE,BLAZEJACK Tony
2445,10010648964,BUL,02.09.1996,ACTIVE,AZHI Ivan
2446,10009531545,JPN,18.01.1996,INACTIVE,SATO Hiroto
2447,10006304172,GRE,07.01.1987,INACTIVE,SANTORINAIOS Michail
2448,10009398472,BUL,17.12.1991,INACTIVE,CHOLAKOV Stanimir
2449,10006128865,CHN,25.06.1986,INACTIVE,WANG Wenyi
2450,10009084133,JPN,14.07.1994,INACTIVE,SAEKI Ryosuke
2451,10010734850,ESP,24.05.1996,INACTIVE,CARRILLO Jesús
2452,10010925921,USA,23.01.1976,INACTIVE,LO Kenneth
2453,10010649065,BUL,12.10.1996,INACTIVE,MUHTAROV Ivan
2454,10007961761,CHN,26.03.1988,INACTIVE,LIU Gang
2455,10007895174,JPN,27.10.1993,Inactive,OKUMURA Satoshi
2456,10009731609,GRE,27.01.1996,INACTIVE,PAPADOGIANNIS Spyridon
2457,10007351772,USA,17.06.1991,INACTIVE,GRINE Keith
2458,10010780522,BUL,21.02.1994,INACTIVE,DUNCHEV Svetlin
2459,10009581661,JPN,30.07.1993,INACTIVE,KATONO Takuma
2460,10008887608,JPN,01.07.1972,INACTIVE,KITANO Takeshi
2461,10061328737,GRE,18.06.1981,INACTIVE,BOUSDRAS Ioannis
2462,10009509115,USA,16.01.1996,INACTIVE,FLICKINGER Weston
2463,10010884188,BUL,18.07.1995,INACTIVE,FORTUNOV Pavlin
2464,10010935823,JPN,12.09.1995,INACTIVE,MIURA Haruhi
2465,10001290585,GRE,19.06.1978,ACTIVE,GKALIOURIS Dimitrios
2466,10010861253,USA,03.10.1979,INACTIVE,PEMBLETON Joshua
2467,10010780320,BUL,18.05.1986,INACTIVE,DIMITROV Galin
2468,10010739395,GRE,05.06.1995,INACTIVE,ALEXANDRIS Ioannis
2469,10009693516,RUS,12.01.1993,INACTIVE,YAROSLAVTSEV Aleksei
2470,10007899521,UKR,07.06.1994,INACTIVE,EVTUSHENKO Igor
2471,10010625221,NZL,26.12.1997,INACTIVE,JONES Rhys
2472,10010792949,NZL,23.09.1988,INACTIVE,MCKELLAR James
2473,10009693112,ESA,15.12.1994,INACTIVE,MARTÍNEZ Erwin
2474,10009044626,RUS,14.07.1995,INACTIVE,SHIMKEVICH Ivan
2475,10010717369,CHN,06.08.1996,INACTIVE,LIU Weicheng
2476,10005787345,GRE,22.12.1987,ACTIVE,POLITIS Evangelos
2477,10010914504,CHN,05.09.1995,INACTIVE,LV Yunpeng
2478,10009991283,BEL,03.06.1997,INACTIVE,DE BUIJL Terence
2479,10010914403,CHN,29.02.1996,INACTIVE,SHENTU Conghang
2480,10011069401,BEL,11.11.1989,INACTIVE,VERMEIRE Lucas
2481,10011044038,BEL,23.01.1997,INACTIVE,CLICTEUR Arne
2482,10009580954,BEL,29.01.1995,INACTIVE,VAN IMPE Joachim
2483,10010653210,KAZ,12.10.1997,INACTIVE,ONICHSHUK Vadim
2484,10009311677,GRE,01.08.1987,INACTIVE,CHRISTOPOULOS Charilaos
2485,10004812796,BUL,25.06.1980,INACTIVE,DIMOV Plamen
2486,10010676347,JPN,25.11.1996,INACTIVE,MURATA Mizuki
2487,10010875300,GRE,29.09.1978,INACTIVE,SKREKIS Loukas
2488,10004600006,BUL,10.02.1988,INACTIVE,ZARALIEV Stanislav
2489,10009086456,JPN,08.08.1985,Inactive,UMEZANE Yusaku
2490,10010924002,USA,18.04.1966,INACTIVE,CLINE John
2491,10010592683,BUL,26.03.1994,INACTIVE,GYUROV Borislav
2492,10010938449,GRE,01.02.1982,INACTIVE,KARAVIOTIS Panagiotis
2493,10010937944,GRE,01.01.1978,INACTIVE,VARSAMIS George
2494,10010832456,GRE,26.07.1997,INACTIVE,MATIATOS Charalampos
2495,10009871348,GRE,04.08.1966,INACTIVE,KRIPPEL Mattias
2496,10010938045,GRE,29.12.1997,INACTIVE,PARISIS Ioannis
2497,10015590106,ALG,07.06.1999,ACTIVE,ASSAL Mohamed-Nadjib
2498,10093556783,GUI,27.05.2000,INACTIVE,ABDOULAYE Bangoura
2499,10096054939,PAK,18.07.1999,ACTIVE,AHMED Zahoor
2500,10114777959,ISR,12.12.1996,INACTIVE,LEVI Pinhas
2501,10080865042,GRE,09.06.2001,INACTIVE,TOUNTAS Ilias
2502,10048891620,DEN,28.03.2000,Active,WINKLER Oskar
2503,10064384035,UZB,06.06.2002,ACTIVE,BOCHAROV Dmitriy
2504,10002081137,BOL,29.05.1981,INACTIVE,GALLARDO BURGOS Horacio
2505,10139599754,ISR,13.02.1998,ACTIVE,SHUVAL Nevo
2506,10014365175,DEN,03.06.1996,ACTIVE,FYNBO Anders
2507,10140806695,ISR,02.12.2002,ACTIVE,ALONI Jonathan
2508,10121990113,ECU,05.04.2004,Active,IMBAQUINGO BENAVIDES Jilmar
2509,10069169367,FRA,07.02.2002,ACTIVE,CORDENOS Clément
2510,10085096767,CHI,28.04.2003,ACTIVE,LECAROS TORO Mariano
2511,10046257967,CAN,03.08.2003,ACTIVE,BIBIC Dylan
2512,10091975380,EGY,04.05.2002,ACTIVE,SAAD Ahmed
2513,10065047271,BEL,20.01.2004,Active,LETEN Inias
2514,10121113473,INA,17.09.2000,INACTIVE,JAMBAK Ahmad Hanif
2515,10029209512,ITA,04.04.2001,ACTIVE,PINAZZI Mattia
2516,10029407754,ITA,02.12.2004,INACTIVE,MORGANTE Marco
2517,10030333193,ITA,17.03.2002,ACTIVE,MORO Manlio
2518,10082985100,SLO,18.01.2004,INACTIVE,POBERAJ Mark
2519,10136181819,AUS,24.07.1974,ACTIVE,RAYNER Joshua
2520,10074579846,INA,06.12.1999,INACTIVE,RUDIANSYAH Ramandika
2521,10076128210,EGY,07.12.2001,ACTIVE,ABOUELHASSAN Youssef
2522,10132494203,INA,20.04.1996,INACTIVE,SUPRIYANTO Joko
2523,10052436160,LTU,05.07.2002,ACTIVE,IVANOVAS Olegas
2524,10131407904,VEN,29.06.2000,ACTIVE,CARRASQUERO MOLINARO Carlos Antonio
2525,10132009809,HKG,28.06.2004,INACTIVE,YIP Hoi Tung
2526,10082543950,INA,22.04.2002,INACTIVE,HASYIFA Rifyal Nur Hasyifa
2527,10021153963,JPN,01.02.2001,INACTIVE,MORITA Ichiro
2528,10094014000,CHI,27.06.2002,ACTIVE,FIGUEROA ROIG Javier
2529,10009407869,PHI,01.10.1994,ACTIVE,PEREZ Dominic
2530,10049100875,MAS,03.01.2002,INACTIVE,MOHD SHAIRUL FAIZAL Muhammad Adam Haiqal
2531,10119263908,KOR,23.04.2002,INACTIVE,KIM Sunghyuen
2532,10132428020,KOR,18.08.2003,INACTIVE,PARK Byeongdo
2533,10132510872,UZB,19.09.2003,INACTIVE,PALCHIK Nikita
2534,10113653365,EGY,05.11.2004,ACTIVE,BAKR Mahmoud
2535,10030599642,ITA,05.01.2003,ACTIVE,CATTANI Michael
2536,10116900643,GRE,20.02.2004,INACTIVE,VARVERAKIS Stylianos
2537,10059867976,CHI,14.10.2001,INACTIVE,BARTON JUAREZ Cristian
2538,10041991179,ESP,15.04.2004,ACTIVE,DIEZ LOPEZ Unai
2539,10061217690,MAS,03.05.2003,INACTIVE,JIMY@MOHD JIMY Muhammad Shukri
2540,10108085464,ISR,06.05.2003,ACTIVE,TIMOR Guy
2541,10098166408,ESP,30.10.2005,ACTIVE,SEMPERENA OYARZABAL Tasio
2542,10008997237,NZL,28.01.1995,ACTIVE,CLARK Boris
2543,10133218568,THA,22.09.1983,ACTIVE,JAMNONGSRI Saksorn
2544,10030427870,ITA,15.04.2002,ACTIVE,QUARANTA Samuel
2545,10031567319,ITA,21.03.2003,ACTIVE,SKERL Daniel
2546,10061210822,MAS,09.06.2000,Inactive,NGAI Chun Weng
2547,10094911046,INA,28.12.1998,INACTIVE,SLAMET Widodo
2548,10086165989,MAS,15.04.2002,ACTIVE,CHIANG Jia Cheng
2549,10113659934,EGY,07.10.2004,ACTIVE,SAAD Begad
2550,10022037370,NZL,02.03.2004,ACTIVE,SHEARING Ronan
2551,10059718032,ISR,30.03.2001,ACTIVE,TENE Rotem
2552,10095249738,BUL,14.03.2004,ACTIVE,POPOV Vasil
2553,10070452801,KOR,04.09.2002,INACTIVE,PARK Jihwan
2554,10109215112,GBR,24.10.1994,INACTIVE,PUGH Charlie
2555,10099132768,EGY,14.07.2003,ACTIVE,FAHIM Abdalrhman
2556,10009501435,ITA,21.07.1996,ACTIVE,FEDRIGO Leonardo
2557,10028931848,ITA,01.03.2003,ACTIVE,COLOSIO Lino
2558,10016636389,IRL,07.12.1997,ACTIVE,GILMORE Sam
2559,10122653854,MAS,20.02.2003,INACTIVE,QIMING Chua
2560,10140372825,BRA,04.06.1987,ACTIVE,CROCIQUIA RUSSO Francesco
2561,10114813628,IND,01.09.2001,INACTIVE,KUMAR Vivek
2562,10120245527,UZB,29.01.2004,ACTIVE,VALIEV Abdullo
2563,10140624217,UZB,10.08.2004,ACTIVE,XIKMATOV Akbar
2564,10097640483,ESP,07.11.2005,ACTIVE,TEJERIA LARRARTE Manex
2565,10103855456,ESP,02.03.2005,ACTIVE,ORTEGA LARRAÑAGA Eneko
2566,10084438783,KOR,12.06.2001,INACTIVE,AHN Huisang
2567,10096616125,KOR,23.04.2001,INACTIVE,JUNG Inho
2568,10132428121,KOR,16.03.2001,INACTIVE,NOH Woosin
2569,10054381820,IRL,19.08.1997,INACTIVE,CROTTY Kyle
2570,10064718481,NZL,14.11.2001,ACTIVE,RITCHIE Samuel
2571,10099752962,NZL,09.09.2004,ACTIVE,TINOAI Charlie
2572,10098978477,ESP,10.06.2005,ACTIVE,OTEGI OLARTE Markel
2573,10021463656,JPN,28.01.2001,INACTIVE,TAKARA syuya
2574,10122775510,JPN,22.06.2001,INACTIVE,SAGAYAMA Akito
2575,10131859760,JPN,28.06.2003,INACTIVE,MACHIDA Sou
2576,10131886638,JPN,25.01.2004,INACTIVE,OGASAWARA Hikaru
2577,10132339710,JPN,18.09.2001,INACTIVE,ABE Yosuke
2578,10064397977,USA,28.07.2002,INACTIVE,HUGHLEY Elijah
2579,10092166148,ALG,06.03.2002,ACTIVE,BOUDAR Zaki
2580,10129844281,BEN,05.07.2000,INACTIVE,SEIBOU Abdoul Baari
2581,10055348180,AUS,15.05.2000,ACTIVE,PLOWRIGHT Jensen
2582,10072342681,AUS,02.02.2001,ACTIVE,FRISLIE Graeme
2583,10096281675,USA,25.12.2001,INACTIVE,WRIGHT Abubakr
2584,10060365306,NED,28.04.1998,INACTIVE,SCHILT Ryan
2585,10009033714,TTO,01.02.1996,Active,CAMPBELL Akil
2586,10120826921,INA,19.06.2002,INACTIVE,HANIF Muhammad
2587,10043846307,DEN,07.10.2003,INACTIVE,KRARUP Christian
2588,10036589390,LTU,27.02.2000,ACTIVE,KELMELIS Aristidas
2589,10096105661,INA,05.02.2001,INACTIVE,SUKARNO Resha Puspita
2590,10116409882,TTO,21.05.2003,INACTIVE,RODRIGUEZ Mark-Anthony
2591,10120830153,INA,08.02.2001,INACTIVE,IFAN Muhammad
2592,10050854050,IND,27.08.1997,INACTIVE,SINGH Ranjit
2593,10059279007,CHI,16.10.2002,INACTIVE,NAVARRO DUQUE Kevin
2594,10043796692,DEN,02.05.1999,ACTIVE,LARSEN Mathias Alexander E.
2595,10092875965,INA,15.01.1998,INACTIVE,SAPUTRO Yudha
2596,10078541284,INA,12.04.2001,INACTIVE,PAMUNGKAS Rahmat
2597,10050508486,IND,13.08.2002,INACTIVE,KUMAR Ashish
2598,10085000575,AUS,27.01.2002,ACTIVE,BLEDDYN Oliver
2599,10066069310,NED,22.10.2003,ACTIVE,PRONK Matthé
2600,10086702826,AUS,30.06.1992,ACTIVE,SHIPPLEY Michael
2601,10044415169,POR,18.09.2002,ACTIVE,MIXÃO Duarte
2602,10063978453,ESA,28.09.1996,ACTIVE,MONROY MARTÍNEZ Raúl Edgardo
2603,10059967101,DEN,23.06.1995,ACTIVE,ROSENBERG Carl
2604,10009074736,POR,10.01.1995,ACTIVE,MARTINGIL César
2605,10121112059,TTO,30.11.1987,ACTIVE,SONNILAL Sanjeev
2606,10124634876,AUS,26.02.1997,INACTIVE,JACKSON Adam
2607,10045955348,TTO,15.01.2002,ACTIVE,WOODS Tariq
2608,10007908615,ESA,28.09.1985,INACTIVE,SORRIANO Wiliam
2609,10023438315,NED,04.08.1999,Inactive,KLOP Martijn
2610,10083549619,BRA,06.08.2001,INACTIVE,PEREIRA Alexandre
2611,10050228196,VEN,11.12.2000,INACTIVE,MOLINA SANCHEZ Davirson
2612,10069789662,AUS,05.02.2001,ACTIVE,HAYDON-SMITH Rohan
2613,10128222058,ESA,20.11.2001,INACTIVE,HERNÁNDEZ SALES Marco Antonio
2614,10050941653,IND,13.03.2000,INACTIVE,KASHID Abhishek
2615,10034847434,UKR,20.11.1999,Inactive,YANITSKYI Mykhailo
2616,10089456515,UKR,24.07.1999,INACTIVE,ODNOROH Dmytro
2617,10089685473,UKR,13.03.2002,ACTIVE,MALINNIKOV Maksym
2618,10090353965,UKR,27.04.2000,INACTIVE,KLIMOV Illia
2619,10081179583,UKR,20.07.2001,INACTIVE,KOLESNYKOV Kostiantyn
2620,10072991066,RUS,02.03.2003,INACTIVE,BOGDANOV Maksim
2621,10034837532,UKR,05.08.2001,INACTIVE,SUSOL Oles
2622,10079351438,UKR,22.06.2002,INACTIVE,HLUSHKO Nazar
2623,10089590594,UKR,14.08.2002,INACTIVE,YUDENKO Volodymyr
2624,10115948831,GBR,01.10.1993,ACTIVE,HARRIS Jonah
2625,10079215941,ECU,18.03.2002,INACTIVE,GUTIERREZ PIANDA Cristian
2626,10054265016,CRC,20.06.1998,INACTIVE,SANCHEZ CUBILLO Berny Alejandro
2627,10086437185,CRC,11.09.1989,ACTIVE,JIMENEZ DELGADO Jefry
2628,10106203361,BUL,26.12.2002,ACTIVE,PETROV Yordan
2629,10076127907,EGY,12.06.2000,ACTIVE,EISSA Mohamed
2630,10079704577,BLR,16.04.2002,ACTIVE,ARLAMAU Mikita
2631,10014420446,BUL,07.12.1997,ACTIVE,SHTILYANOV Denis
2632,10094100690,FIN,29.06.1979,INACTIVE,LIPPONEN Juha
2633,10074841443,EGY,26.10.1999,INACTIVE,ELKHOULY Sayed
2634,10016213936,BUL,02.01.1999,ACTIVE,ALEKSANDROV Yasen
2635,10015190685,FIN,31.08.2000,INACTIVE,ANTTI Lehikoinen
2636,10030292272,ITA,25.01.2002,ACTIVE,DIGNANI Filippo
2637,10074840837,EGY,25.12.1998,INACTIVE,MAHMOUD Mohamed
2638,10042291879,ESP,30.11.2001,ACTIVE,SEMPERENA OYARZABAL Telmo
2639,10030350472,ITA,08.06.2002,ACTIVE,FIASCHI Matteo
2640,10114928816,IND,09.07.1996,INACTIVE,SINU RAJ P Sinu Raj P
2641,10085219029,ROU,06.09.1967,INACTIVE,SOARE Marian
2642,10101946071,EGY,23.06.2001,INACTIVE,SAAD Moustafa
2643,10108838630,BUL,09.04.1990,ACTIVE,TSANKOV Ivelin
2644,10085883679,EGY,15.08.1999,INACTIVE,MAHMOUD Shady
2645,10050576386,CAN,19.04.2001,ACTIVE,OGRODNICZUK Ethan
2646,10014575747,ROU,22.05.1970,INACTIVE,PIRJOL Mihai
2647,10060545461,BLR,08.09.1999,INACTIVE,BIALKO Dzmitry
2648,10046144601,CAN,24.02.2001,INACTIVE,KINNIBURGH Jackson
2649,10120521066,IRI,10.12.1996,ACTIVE,TALAEI Saeid
2650,10096340279,IRI,21.06.2001,ACTIVE,AMINI Saeid
2651,10065760526,FRA,15.03.2002,INACTIVE,LEBRUN Clément
2652,10086437387,USA,04.07.2001,INACTIVE,PAK Justin
2653,10052494461,POL,17.12.1999,INACTIVE,LAMASZEWSKI Jan
2654,10052874175,BUL,10.07.2000,ACTIVE,VENKOV Ventsislav
2655,10036031844,RUS,08.04.2001,ACTIVE,SPIRIN Veniamin
2656,10120521167,IRI,21.10.1995,INACTIVE,MEHRPOOYAN Mohammad
2657,10072873959,AUS,04.10.2000,INACTIVE,KILMARTIN Haddon
2658,10084524164,JPN,28.12.1999,INACTIVE,YAMAMOTO Hiromu
2659,10022053437,NZL,17.12.2002,INACTIVE,WILLIS Jacob
2660,10120521470,IRI,05.12.1996,INACTIVE,HOSSEINI ASLI Hossein
2661,10063733529,THA,18.04.2000,Inactive,NAGASUK Watcharapong
2662,10052878724,BUL,06.12.2000,INACTIVE,DYANKOV Nikolay
2663,10118784564,THA,01.12.2002,INACTIVE,THIMACHAI Kongpop
2664,10118784665,THA,16.09.2002,Active,SAKUNTHANAPLUM Ponlawat
2665,10118785069,THA,08.01.2001,ACTIVE,WIANGWISET Surasak
2666,10021130220,JPN,04.04.2001,INACTIVE,SAWADA Yuni
2667,10097451133,JPN,27.09.2001,INACTIVE,NONAKA Ryunosuke
2668,10109371423,JPN,07.12.2001,INACTIVE,TASAKI Hayato
2669,10096956130,THA,01.01.2002,ACTIVE,CHANTHAWET Chetsadakon
2670,10101140365,RUS,03.04.2001,INACTIVE,PHILIPPOV Roman
2671,10009715643,JPN,28.09.1995,Active,KUROEDA Saya
2672,10021124560,JPN,03.04.1999,INACTIVE,TACHIBANA Shoya
2673,10021600264,JPN,20.10.1998,INACTIVE,HIRUTA Tatsuya
2674,10063226301,JPN,12.12.2001,INACTIVE,KAWAMURA Shunki
2675,10082959333,JPN,01.03.2002,INACTIVE,HENMI Ryuma
2676,10109371827,JPN,16.07.2001,INACTIVE,HAYASHI Kamui
2677,10024349408,ALG,25.08.1977,ACTIVE,TAHIR Zinedine
2678,10061653685,BUR,04.03.1997,ACTIVE,SOULAMA Daouda
2679,10011309675,NGR,13.05.1987,INACTIVE,AJIBADE Qodiri
2680,10044947962,POR,06.04.2000,INACTIVE,BARREIROS Carlos
2681,10011155889,TPE,24.03.1998,INACTIVE,WU Hsin Lun
2682,10017858084,TPE,14.04.2000,INACTIVE,HUANG Chien Chang
2683,10008135149,TPE,07.11.1993,INACTIVE,CHEN Chien Liang
2684,10014870484,TKM,16.11.1994,Inactive,HOJAGULYYEV Akmyrat
2685,10008926408,SUI,30.07.1996,INACTIVE,SELENATI Nico
2686,10052294094,THA,24.04.1999,ACTIVE,PAEKRATHOK Warut
2687,10016287694,CRC,25.01.2000,INACTIVE,RAMIREZ ROMERO Jonathan Josue
2688,10016051258,HKG,04.01.1996,INACTIVE,YEUNG Man Chun
2689,10010655937,KOR,22.01.1997,INACTIVE,KIM Woongtae
2690,10096620165,NGR,18.01.1998,INACTIVE,KALAMA Odumu
2691,10016515242,BEL,05.04.2000,INACTIVE,WERNIMONT Nicolas
2692,10037964871,ESP,13.02.2001,ACTIVE,PEREZ DIAZ Alberto
2693,10090160975,CHN,30.08.2000,INACTIVE,LV Jie
2694,10009731710,GRE,01.12.1996,ACTIVE,KLOKAS Stefanos
2695,10096654824,IRL,20.11.1992,INACTIVE,ALEXANDER Jamie
2696,10010948351,SUI,04.12.1999,ACTIVE,SCHMID Mauro
2697,10010940469,INA,21.02.1998,INACTIVE,TUENTIAYA Koch Pebrin
2698,10094292872,VEN,12.12.2000,Inactive,MOLINA SANCHEZ Davirson
2699,10015859581,TTO,05.11.1999,INACTIVE,HARRISON Donnell
2700,10015716307,RSA,26.05.1999,INACTIVE,MOQUMO Bennedict
2701,10011314729,IVB,18.08.1990,ACTIVE,CHRISTOPHER JR. Darel
2702,10052308545,THA,08.09.1988,ACTIVE,NIWANTI Jaratpong
2703,10096553073,INA,21.08.2000,INACTIVE,ARAFAH Fajar
2704,10006893852,RSA,04.10.1992,INACTIVE,ESTERHUIZEN Bernard
2705,10008929539,AUT,09.09.1994,Inactive,IMREK Dominik
2706,10007832227,JPN,15.12.1993,ACTIVE,HASHIMOTO Eiya
2707,10052292983,CAN,09.11.2001,INACTIVE,HEINEMANN Chris
2708,10015982146,TPE,20.11.1998,INACTIVE,HSU Tzu En
2709,10064903185,KOR,17.10.2000,INACTIVE,PARK Geoni
2710,10016540706,SUI,07.03.1992,INACTIVE,MERKI Kevin
2711,10015795220,JPN,18.06.1997,Inactive,KURIYAMA Kazuki
2712,10060958521,ALG,27.08.2000,INACTIVE,MERDJ Aymen
2713,10015320223,CHN,27.09.1998,INACTIVE,WANG Han
2714,10016569907,SUI,06.07.2000,INACTIVE,ENDER Robin
2715,10096427579,THA,30.12.2001,INACTIVE,TEERAWATTANASAN Kittikorn
2716,10090698923,UKR,06.07.1993,INACTIVE,KHOMIV Ivan
2717,10017850913,TPE,02.04.2000,INACTIVE,HSIEH Chun Hung
2718,10055055463,MAS,24.02.1999,INACTIVE,KAZMAN Muhammad Harith Arief
2719,10007081081,SUI,17.01.1990,INACTIVE,ANDRES Christian
2720,10065472455,BRA,11.05.2000,INACTIVE,BRANDINO DOS SANTOS Arthur
2721,10015589294,ALG,13.04.1999,ACTIVE,MANSOURI Hamza
2722,10017848990,TPE,27.08.1982,INACTIVE,LEE Chun Yen
2723,10007293673,GRE,07.12.1991,INACTIVE,PAPASTAMATAKIS Kyriakos
2724,10080767335,MAS,31.07.1999,INACTIVE,NOR HISHAM Nur Nazarul Nazmir
2725,10009313293,IRL,22.06.1981,Active,MC CULLAGH Matthew
2726,10010878027,IRI,01.09.1998,INACTIVE,LARI Mahdi
2727,10086775372,AUS,30.06.2002,ACTIVE,TREZISE Declan
2728,10005792294,BRN,30.12.1987,ACTIVE,ALAWI Sayed Ahmed
2729,10089115601,GUI,10.08.1997,INACTIVE,SYLLA Ibrahima Sory
2730,10009189924,ESP,15.12.1995,INACTIVE,PEREZ MORALES Javier
2731,10011164478,KAZ,04.10.1998,INACTIVE,BUZIN Karim
2732,10049090872,KOR,03.08.1999,Inactive,PARK Hyunoh
2733,10009503455,SUI,09.09.1996,ACTIVE,RÜEGG Lukas
2734,10084425851,THA,22.09.2001,ACTIVE,KONGSUK Suranat
2735,10009848615,GRE,09.05.1991,ACTIVE,KECHAGIAS Marios
2736,10062776057,KAZ,04.09.2001,INACTIVE,AMIRKUL Nurdaulet
2737,10035019913,AUT,14.09.1987,INACTIVE,GRABMAYER Hermann
2738,10020948243,JPN,16.01.1998,INACTIVE,KINOSHITA Toya
2739,10021008362,JPN,06.10.1998,INACTIVE,TAKEZAWA Keisuke
2740,10021603395,JPN,21.11.2000,INACTIVE,HATTORI Konosuke
2741,10089592012,UKR,14.06.2000,INACTIVE,ODNOROH Denys
2742,10008981675,ESP,16.02.1971,INACTIVE,RUIZ ARANGO Ruben
2743,10015571110,JPN,21.10.1998,INACTIVE,TOYA Keigo
2744,10096322394,KOR,19.01.2001,INACTIVE,LIM Yooseop
2745,10089747111,SUI,15.04.1995,INACTIVE,CARATTI Ianis
2746,10015787540,JPN,30.09.1997,INACTIVE,KUWANA Ryoya
2747,10021131230,JPN,13.05.2000,INACTIVE,SATO Ibuki
2748,10021304113,JPN,08.12.1998,INACTIVE,IWAMOTO nozomi
2749,10096168713,JPN,24.01.2001,INACTIVE,ONO Gota
2750,10010726160,USA,26.04.1986,INACTIVE,WAGNER Mark
2751,10021293504,JPN,08.08.1998,INACTIVE,MORIMOTO Keitaro
2752,10083825259,JPN,30.09.1997,INACTIVE,OKAZAKI Rikuto
2753,10021022914,JPN,28.03.2000,INACTIVE,SATO Rushia
2754,10083826269,JPN,25.07.1997,INACTIVE,KANEHIRA Yuki
2755,10072663488,IRL,30.04.1992,INACTIVE,MCDONNELL Aidan
2756,10089490766,UKR,27.05.2000,INACTIVE,KRAVCHUK Mykola
2757,10015507149,JPN,21.05.1993,INACTIVE,NAGAO Hiroki
2758,10021349074,JPN,29.12.1999,INACTIVE,ENDO Takumi
2759,10015849578,RUS,25.02.1999,INACTIVE,MARKOV Maksim
2760,10034955649,RUS,04.11.2000,INACTIVE,KUDRYASHOV Ivan
2761,10011092538,RUS,09.03.1999,INACTIVE,TANACHEV Nikita
2762,10034976261,RUS,30.12.1999,INACTIVE,ILIN Aleksei
2763,10050180205,RUS,19.05.2000,INACTIVE,KUDIMOV Mikhail
2764,10014536947,CRO,31.07.1990,INACTIVE,KOŠTIĆ Domagoj
2765,10036037201,RUS,29.05.2001,INACTIVE,KRASAVIN Nikita
2766,10036080142,RUS,20.04.2001,INACTIVE,KARASEV Danil
2767,10008118072,HKG,12.09.1994,INACTIVE,CHUN Law Tsz
2768,10010118393,SUI,13.09.1998,ACTIVE,BISSEGGER Stefan
2769,10053457892,BOL,02.01.1999,INACTIVE,MEDINA Wilmert
2770,10016301135,FIN,11.07.1981,INACTIVE,VALTONEN Jarmo
2771,10023459634,GEO,18.09.2000,INACTIVE,BARBAKADZE Tengiz
2772,10021321287,JPN,28.05.1998,INACTIVE,SAKATA Kouki
2773,10015018008,VEN,29.04.1999,INACTIVE,MÉNDEZ José
2774,10015330024,HUN,01.07.1999,INACTIVE,MOLNÁR Gábor
2775,10002512583,ROU,22.03.1978,ACTIVE,CIOCAN Alexandru-Niculae
2776,10015765514,GER,07.05.1999,INACTIVE,PAKALSKI Henrik
2777,10045869866,FIN,08.06.1983,INACTIVE,TEERIHALME Santtu
2778,10016439763,BEL,27.06.2000,INACTIVE,MARCHAND Bastian
2779,10017733806,RSA,19.05.1986,INACTIVE,KELLERMAN Rudie
2780,10010821342,GUY,18.10.1998,INACTIVE,CRAWFORD Romello
2781,10065710814,ITA,11.08.1981,ACTIVE,MALETTI Pier Paolo
2782,10011158721,BEL,03.07.1999,INACTIVE,GARSBEKE Jelle
2783,10002288069,COL,10.12.1980,INACTIVE,NARVAEZ ROMERO Leonardo
2784,10035317579,COL,21.11.2000,ACTIVE,ALVAREZ RANGEL Federico
2785,10061209105,MAS,10.09.1999,INACTIVE,HAMDAN Muhammad Hafizzudin
2786,10065962408,GRE,21.04.2000,INACTIVE,BITSAKIS Nikolaos
2787,10015998819,CHN,07.09.1999,INACTIVE,WANG Junjie
2788,10015327495,SUI,30.07.1999,ACTIVE,VOGEL Alex
2789,10016308916,ITA,19.01.1999,INACTIVE,RECCHILUNGO Jacopo
2790,10035327784,COL,23.12.1997,ACTIVE,VARGAS NIETO Marlon Camilo
2791,10016324070,ITA,19.01.1999,INACTIVE,RECCHILUNGO Riccardo
2792,10062776966,KAZ,25.08.2000,INACTIVE,SAPAR Yersaiyn
2793,10035417411,COL,07.07.1998,INACTIVE,RIVERA CIFUENTES Hector Sebastian
2794,10005865551,SUI,26.09.1990,ACTIVE,IMHOF Claudio
2795,10074702209,MAS,26.08.1997,INACTIVE,ROSLI Muhammad Faiz Imran
2796,10015236862,SUI,20.12.1998,INACTIVE,NAEGELI Daniel
2797,10008923273,SUI,08.05.1987,INACTIVE,ALBORN Michael
2798,10059714901,MAS,21.09.1997,INACTIVE,NOR IN Nor Adha
2799,10034870571,UKR,16.08.2000,INACTIVE,HURA Marian
2800,10064627545,MAS,27.04.1999,ACTIVE,SHAARI Muhammad Yusri
2801,10007734520,KOR,14.03.1992,Inactive,KIM Wooyeong
2802,10064903589,KOR,19.04.1999,INACTIVE,AHN Jaehong
2803,10083839508,MAS,05.10.1996,INACTIVE,FAIZAL Faris
2804,10007632466,GBR,04.05.1978,ACTIVE,JOULE STOVOLD Miles
2805,10079997702,MAS,31.12.1999,INACTIVE,MOHAMMAD RAFFI Muhammad Azim
2806,10021627041,JPN,14.10.1996,INACTIVE,HIRABAYASHI Takahito
2807,10010841045,TTO,05.12.1998,INACTIVE,BURNETTE Myles
2808,10021959164,NZL,28.08.2000,INACTIVE,SPENCER Sam
2809,10010721514,GBR,30.01.1994,ACTIVE,QUILDAN Atiba
2810,10050672578,USA,06.05.1993,INACTIVE,SHOTLAND Jesse
2811,10008714927,TPE,21.06.1994,INACTIVE,LIU En Chieh
2812,10010708679,PUR,16.09.1997,INACTIVE,RIVERA Luis D.
2813,10004776626,IRI,04.09.1982,ACTIVE,PARASH Mahmoud
2814,10015912024,RUS,11.12.1995,INACTIVE,SHAMNE Vladislav
2815,10010652806,IND,02.07.1996,Inactive,NAYKODI Krishna
2816,10055072641,PAK,15.05.1995,ACTIVE,MUHAMMAD Arsalan Anjum
2817,10010115565,UZB,31.07.1998,INACTIVE,SEVASTYANOV Semyon
2818,10003301418,SUI,22.08.1987,ACTIVE,MARGUET Tristan
2819,10007261442,JPN,22.06.1984,INACTIVE,ASAI Kota
2820,10002675261,TPE,20.08.1982,INACTIVE,TSAI Shao Yu
2821,10011200046,PUR,06.08.1991,INACTIVE,VÉLEZ GONZÁLES José L.
2822,10010778805,BEL,27.01.1998,INACTIVE,HEINDERSON Maths
2823,10015959009,UKR,07.11.1995,INACTIVE,SUROVETS Kim
2824,10054596836,KSA,16.10.1999,INACTIVE,ALHASSAN Ahmed
2825,10056442664,PUR,06.11.1989,INACTIVE,SERBIÁ MARTÍNEZ Antonio
2826,10010806790,LTU,23.11.1998,INACTIVE,ADOMAITIS Rojus
2827,10014661027,CHN,06.04.1997,INACTIVE,LIU Bo
2828,10011188528,PUR,08.06.1997,INACTIVE,ORTIZ PAGÁN Fabián
2829,10015483002,JPN,08.01.1996,INACTIVE,TERUI Takunari
2830,10005730559,IRL,05.10.1982,INACTIVE,LEAHY Kieran
2831,10010732527,KOR,01.01.1992,INACTIVE,LEE Seonjung
2832,10009674217,BLR,27.08.1997,INACTIVE,ALIAKSEYEU Maksim
2833,10006601640,LTU,20.07.1990,ACTIVE,DŽERVUS Darijus
2834,10015825734,BEL,13.07.1999,INACTIVE,FREHEN Jérémy
2835,10063391100,CRC,06.04.1991,ACTIVE,BRENES GONZALEZ Gabriel Gerardo
2836,10010806689,POL,23.04.1998,INACTIVE,PAZIK Patryk
2837,10053638354,TKM,01.01.1999,INACTIVE,NURMEDOV Arazmuhamed
2838,10015982853,TPE,05.01.1981,INACTIVE,CHUNG Cheng Hsum
2839,10011148819,SUI,29.06.1998,INACTIVE,TEMPERLI Niklas
2840,10064812552,KOR,12.11.1997,INACTIVE,LEE Jeongbong
2841,10015190887,FIN,07.11.1999,INACTIVE,ANTIKAINEN Nuutti
2842,10016149672,JPN,19.01.1996,INACTIVE,MIZUTANI Tsubasa
2843,10045827329,FIN,07.05.1977,INACTIVE,LEHIKOINEN Antti
2844,10011048482,SUI,17.05.1991,INACTIVE,PORTMANN Martin
2845,10063480420,CRC,25.02.1995,INACTIVE,GAMBOA MORALES Francisco Jose
2846,10015707718,ESP,12.01.1999,INACTIVE,ALVAREZ FERNANDEZ David
2847,10010789515,PUR,09.09.1998,INACTIVE,SUÁREZ Anthony
2848,10021161542,JPN,16.01.1999,INACTIVE,ABIKO Muneyoshi
2849,10006886576,RUS,09.06.1992,ACTIVE,MANAKOV Viktor
2850,10014798443,SUI,22.09.1985,INACTIVE,MUHL Sandro
2851,10036585249,LTU,02.10.1999,INACTIVE,ČEREMISINOV Artur
2852,10011212877,KAZ,17.01.1997,ACTIVE,ZHUMAKAN Alisher
2853,10023484993,CHN,12.11.1998,INACTIVE,HE Jinwen
2854,10015323253,CHN,02.04.1999,INACTIVE,ZHANG Wenshuang
2855,10020869128,JPN,03.06.1996,INACTIVE,SUZUKI Gento
2856,10011059394,JPN,29.05.1999,INACTIVE,SHIMIZU Taiki
2857,10007267102,JPN,25.02.1978,INACTIVE,OMURA Keiji
2858,10060861016,JPN,28.11.1996,INACTIVE,SUZUKI Shunsuke
2859,10006136949,KOR,22.03.1989,INACTIVE,LEE Kihan
2860,10054045956,KOR,17.09.1997,INACTIVE,SUNG Yonghwan
2861,10009002186,NED,18.07.1983,INACTIVE,POST Nick
2862,10020925611,JPN,03.06.1998,INACTIVE,GOMI Taisei
2863,10020967441,JPN,29.07.1998,INACTIVE,TAKIMOTO Yukimasa
2864,10020798400,JPN,14.01.1978,INACTIVE,OTA Akihiro
2865,10009996741,ESP,06.01.1997,INACTIVE,MARTIN HORCAS Miguel Enrique
2866,10009021788,JPN,17.06.1985,INACTIVE,KOBAYASHI Kiyohito
2867,10008973490,GBR,18.02.1994,ACTIVE,GILLIES Angus
2868,10015528266,FRA,19.11.1999,INACTIVE,MALBOIS Alexis
2869,10064860244,GUY,23.04.1990,ACTIVE,SAVORY Scott
2870,10015979722,BLR,08.04.1999,INACTIVE,SHAKALETS Ivan
2871,10014586356,BLR,17.12.1998,INACTIVE,KARAN Iliya
2872,10006480590,RSA,02.11.1990,INACTIVE,CARSTENS Evan
2873,10017725924,RSA,09.12.1996,INACTIVE,GIORDANI Giuliano
2874,10010877522,ZIM,16.01.1994,INACTIVE,CLAASEN Thomas
2875,10010115161,USA,22.03.1998,INACTIVE,OESTREICH Nicholas
2876,10003292021,UKR,15.08.1983,Active,BOLIBRUKH Yevhen
2877,10010646641,TPE,08.06.1994,INACTIVE,XIONG Kai Wen
2878,10019206889,GBR,27.04.1997,ACTIVE,BROWN Andy
2879,10011157105,CAN,05.03.1997,INACTIVE,KELLY Joseph
2880,10011159226,IND,24.08.1997,INACTIVE,SINGH Ranjith
2881,10016024885,KOR,07.06.1997,INACTIVE,MOON Wonki
2882,10009362201,UAE,13.09.1988,ACTIVE,ALMURAWWI Mohammed
2883,10013001216,IRL,10.04.1969,INACTIVE,READE Aidan
2884,10007771502,HKG,11.04.1994,INACTIVE,WONG Tsz Chin
2885,10008882655,BEL,07.05.1994,ACTIVE,BLOMME Lorenzo
2886,10007786050,SUI,23.05.1995,INACTIVE,KELLER Chiron
2887,10015564642,MAC,10.06.1998,INACTIVE,CHAN Ngon Fong
2888,10006503529,TUR,09.04.1990,ACTIVE,UNALAN Recep
2889,10010700393,USA,10.04.1982,INACTIVE,TYRA Brad
2890,10006410569,KOR,13.12.1990,INACTIVE,HONG Euicheol
2891,10006216468,SUI,18.10.1990,INACTIVE,BEER Olivier
2892,10010924103,USA,17.08.1998,INACTIVE,MONAHAN Joseph
2893,10010677155,USA,05.03.1997,INACTIVE,SCHECK Gunnar
2894,10061306206,CUB,03.03.1998,INACTIVE,ARIAS Yandel
2895,10061349450,MEX,,INACTIVE,NAVARRO CASTILLO David Alejandro
2896,10013501572,CRC,06.04.1991,INACTIVE,BRENES Gabriel
2897,10009816178,KAZ,23.10.1996,INACTIVE,VOLOSHIN Alexey
2898,10008701082,SUI,25.11.1995,INACTIVE,VON BURG Dominic
2899,10022604216,SWE,21.05.1989,INACTIVE,STREIJFFERT Marcus
2900,10009036643,BAR,11.03.1994,INACTIVE,KELLY Jesse
2901,10009385540,KAZ,29.10.1993,INACTIVE,VLASSENKO Sergey
2902,10016314471,PAK,16.08.1992,ACTIVE,DAWOOD Saqib
2903,10015983459,ESP,26.10.1991,INACTIVE,VEGA Jaime
2904,10006551322,JPN,14.08.1980,INACTIVE,KOMINE Takeshi
2905,10023475903,CAN,12.09.1997,INACTIVE,MAYEUR Hayden
2906,10009816077,KAZ,19.05.1996,ACTIVE,GIDICH Yevgeniy
2907,10010738688,AZE,23.12.1997,INACTIVE,MAMEDKHANOV Nariman
2908,10016302347,FIN,20.06.1983,INACTIVE,POUTALA Mika
2909,10016024784,KOR,30.04.1996,INACTIVE,KANG Seongwook
2910,10010173866,POL,11.07.1997,INACTIVE,KOMISAREK Remigiusz
2911,10015004062,BEL,06.02.1997,ACTIVE,FRANSEN David
2912,10009522653,ITA,24.08.1996,INACTIVE,DEL ROSARIO Matteo
2913,10009013304,MAS,30.01.1995,ACTIVE,LAKASEK Irwandie
2914,10010858021,CUB,21.11.1998,INACTIVE,RODRIGUEZ LORES Yoel
2915,10009320266,GBR,03.11.1993,INACTIVE,BAKER Tom
2916,10011144573,BEL,28.10.1998,INACTIVE,VAN HAMME Kevin
2917,10007219713,KAZ,28.06.1992,INACTIVE,VOROPAYEV Taras
2918,10009211445,IRI,01.07.1993,INACTIVE,ZENEYDPOUR Hossein
2919,10009185274,MAS,10.05.1995,ACTIVE,RASOL Muhammad Khairul Adha
2920,10015923441,FRA,24.07.1978,ACTIVE,JULIEN Matthieu
2921,10010653614,THA,22.06.1997,ACTIVE,PHONARJTHAN Patompob
2922,10006647211,UKR,09.10.1991,INACTIVE,SYROYSHKA Sebastyan
2923,10016270419,KOR,20.09.1997,INACTIVE,YANG Sangoh
2924,10049164634,ECU,19.05.1996,ACTIVE,VILLARREAL ALMEIDA Esteban David
2925,10010857415,CUB,10.02.1998,INACTIVE,GONZALEZ CORZO Ismel
2926,10009313192,IRL,02.01.1980,INACTIVE,RICE Martin
2927,10007252954,NED,09.06.1992,ACTIVE,VAN GENDT Twan
2928,10009313903,GRE,15.03.1995,INACTIVE,KELEPERAS Daniil
2929,10010660987,GER,16.04.1997,ACTIVE,AUGENSTEIN Moritz
2930,10013786411,ITA,04.05.1995,INACTIVE,NECCI Mirko
2931,10009890546,KOR,27.10.1996,INACTIVE,KIM Bumsoo
2932,10010619561,PUR,19.02.1996,INACTIVE,GUZMÁN William
2933,10016321545,INA,05.04.1995,INACTIVE,WAHYUDI Muhamad
2934,10006714606,NZL,27.12.1992,INACTIVE,SHEATH Regan
2935,10010733234,KOR,13.09.1995,INACTIVE,KIM Dongmin
2936,10016024986,KOR,08.08.1997,INACTIVE,JANG Minsoo
2937,10009129401,SUI,13.06.1996,ACTIVE,KRÄHEMANN Raphael
2938,10009253780,JPN,15.02.1995,INACTIVE,YASUMOTO Shohei
2939,10015411765,UKR,17.08.1998,INACTIVE,GARNOVDI Myroslav
2940,10010700292,USA,05.02.1992,INACTIVE,AINSLIE Roger
2941,10015320930,CHN,06.06.1998,INACTIVE,LIU Sheng
2942,10015319415,CHN,04.03.1998,INACTIVE,LIN Ji
2943,10050563454,GBR,23.02.1982,INACTIVE,DONAGHY Stuart
2944,10023525211,RUS,10.05.1995,Inactive,BALYSHEV Dmitrii
2945,10014389528,RUS,08.07.1997,INACTIVE,ZHURAVIEV Vladlen
2946,10007051476,AUS,06.12.1991,INACTIVE,BULLEN Mitchell
2947,10061269527,EGY,21.03.1993,INACTIVE,IDRIS Abdullah
2948,10009972085,EGY,06.10.1995,INACTIVE,SHAWKY TALAAT Islam
2949,10010637951,GHA,20.04.1991,INACTIVE,AMOAKO-ACKAH Jedidiah
2950,10007188791,INA,30.07.1985,INACTIVE,KRISNANTO Nugroho
2951,10009008755,AUS,24.02.1994,INACTIVE,YALLOURIS Nicholas
2952,10006692778,INA,25.10.1987,Inactive,IBNU Rully
2953,10007733308,THA,13.06.1993,ACTIVE,SANIKWATHI Thanawut
2954,10009147383,KAZ,18.02.1996,INACTIVE,KENEYEV Almas
2955,10008984709,USA,29.06.1986,INACTIVE,KOCH Nathan
2956,10006472207,UAE,08.01.1990,INACTIVE,ALMANSORY Ahmed
2957,10010180738,FRA,02.01.1997,INACTIVE,RIEBEL Mathieu
2958,10064653615,FRA,30.10.1995,ACTIVE,DO REGO Fabio
2959,10009325421,NOR,22.04.1994,ACTIVE,ODDLI Anders
2960,10009191136,POR,05.09.1996,ACTIVE,ALVES OLIVEIRA Rui Filipe
2961,10007209508,KOR,15.10.1991,INACTIVE,KIM Heejun
2962,10010871054,KOR,08.06.1995,INACTIVE,KIM Junho
2963,10006902138,BEL,01.09.1991,INACTIVE,CORNET Joris
2964,10008673804,RSA,13.08.1994,ACTIVE,GIBBONS Ryan
2965,10061471207,THA,24.07.1993,INACTIVE,SIANYLAM Satjakul
2966,10008915795,SUI,28.09.1993,INACTIVE,DIETRICH Pascal
2967,10006661658,IRL,28.12.1969,ACTIVE,WHELAN Brendan
2968,10007728961,KOR,06.04.1990,INACTIVE,KIM Yongtae
2969,10009072817,POR,15.11.1995,INACTIVE,AMORIM Miguel
2970,10010591269,ESA,26.05.1996,INACTIVE,MARTÍNEZ Fernando
2971,10010774256,BAN,15.10.1987,INACTIVE,RAHMAN Muhammad Razzob
2972,10014549172,NOR,20.06.1989,INACTIVE,STRAND Thomas
2973,10010714238,POR,10.10.1997,ACTIVE,CAMPOS Francisco
2974,10010921574,VEN,22.06.1986,INACTIVE,TRIANA MONTERO Yordano Jean Carlos
2975,10008918021,RUS,07.05.1994,INACTIVE,NOVIKOV Gleb
2976,10007198390,MEX,23.02.1991,INACTIVE,ELIAS Ruben
2977,10009706852,VEN,13.03.1991,INACTIVE,CARREÑO Frank
2978,10005605570,INA,26.06.1983,INACTIVE,PRIYA PRASETYA Heksa
2979,10007207888,KSA,30.11.1991,INACTIVE,AIMABYUQ Mohammed
2980,10010600363,KSA,20.12.1983,INACTIVE,ALL SHBIB Habibe
2981,10010679983,POR,31.03.1997,INACTIVE,PRETO Pedro
2982,10009178507,CZE,16.10.1995,INACTIVE,ADÁMEK Šimon
2983,10004874333,TPE,14.08.1987,INACTIVE,LIANG Chi Fu
2984,10009213869,CHN,24.11.1996,INACTIVE,JI Hongfei
2985,10010609457,TPE,15.10.1996,INACTIVE,LIANG You Cheng
2986,10010737577,LAT,04.07.1996,INACTIVE,APSE Ingus
2987,10009016637,TPE,10.11.1994,INACTIVE,NIEN Sheng Hung
2988,10011023022,TPE,08.03.1992,INACTIVE,HSU Yuan Keng
2989,10010608043,BLR,27.09.1995,INACTIVE,MATYONVICH Dzianis
2990,10009862759,KOR,08.04.1994,INACTIVE,OH Kiho
2991,10007596801,KOR,09.06.1992,INACTIVE,LEE Kiju
2992,10009313394,CAN,28.10.1987,INACTIVE,ORSER Khyl
2993,10010918039,USA,26.10.1977,INACTIVE,DEISS Julian
2994,10008933882,COL,27.02.1987,INACTIVE,TUNJANO Manuel Javier
2995,10008674410,POR,07.05.1994,ACTIVE,GOMES Luís
2996,10010115464,UZB,17.03.1997,INACTIVE,PONKRATOV Dmitriy
2997,10009733427,UKR,04.01.1997,INACTIVE,SHEVCHUK Taras
2998,10009712512,BRA,08.01.1992,INACTIVE,CRUZ Rafael
2999,10002829653,COL,10.12.1982,INACTIVE,MARIN CERMENO Jonathan
3000,10008109584,SUI,09.11.1984,ACTIVE,BOLT Florian
3001,10008959750,FIN,03.11.1982,INACTIVE,NIEMI Jarkko
3002,10010718480,CHN,21.02.1994,INACTIVE,GUO Boze
3003,10008098571,JPN,28.06.1989,INACTIVE,INAKE Kenta
3004,10010800427,POR,06.07.1997,INACTIVE,ESTEVES Carlos
3005,10011063640,UZB,13.01.1996,INACTIVE,IKHSANOV Zakir
3006,10009740501,BLR,22.06.1997,Inactive,STRAKHOVICH Kiryla
3007,10009331481,VEN,23.09.1995,INACTIVE,MARRERO Juan
3008,10009206795,CHN,11.09.1993,INACTIVE,GAO Zhiyong
3009,10010805376,POR,01.08.1996,ACTIVE,SIMÕES Igor
3010,10009523360,CAN,22.06.1995,INACTIVE,ORTON James
3011,10010926628,IRL,20.02.1984,INACTIVE,SHERLOCK Dave
3012,10010681603,VEN,01.01.1991,INACTIVE,NATERA BUENAÑO Felix Alberto
3013,10010919958,FIN,20.03.1971,Inactive,SILLANPÄÄ Jussi
3014,10010888636,HKG,17.07.1997,INACTIVE,LAU Jeffery
3015,10010614612,KOR,16.07.1995,INACTIVE,JEON Hawon
3016,10010871155,KOR,30.04.1994,INACTIVE,JOH Yeonghoon
3017,10010578741,RSA,25.01.1979,INACTIVE,LAMBERT Peter
3018,10011030193,KAZ,28.12.1996,INACTIVE,AMANDYKOV Yerzhan
3019,10009232764,GRE,14.06.1996,INACTIVE,MOUSTAKAS Konstantinos
3020,10007901137,RSA,18.05.1994,INACTIVE,STEYN Jacobus Johannes
3021,10006843231,KAZ,07.02.1992,INACTIVE,GALEYEV Vadim
3022,10009181941,UKR,06.07.1993,INACTIVE,KHOMIV Ivan
3023,10009519623,ESP,02.07.1996,INACTIVE,GAVILAN Antonio
3024,10018701984,IRL,03.05.1988,INACTIVE,MULCAHY Michael
3025,10006031966,FIN,04.08.1988,INACTIVE,HAAPALA Joonas
3026,10010085960,RUS,04.10.1993,Active,KIRZHAYKIN Nikita
3027,10010842055,COL,12.01.1997,INACTIVE,BEDOYA SOTO Juan Esteban
3028,10009985829,RSA,22.04.1995,INACTIVE,VAN ROOYEN Brent
3029,10010929355,MEX,30.03.1990,INACTIVE,ALCAZAR GONZALEZ Rene
3030,10008928731,USA,08.03.1977,INACTIVE,WHITEMAN Jeffrey
3031,10010709790,KOR,15.03.1991,INACTIVE,HWANG Junha
3032,10007802723,JPN,25.04.1982,INACTIVE,SANO Shinya
3033,10010935621,JPN,21.11.1990,Inactive,MATSUURA Yuji
3034,10010583589,GRE,28.04.1993,ACTIVE,VOUKELATOS Nikolaos
3035,10009684018,BLR,13.02.1997,INACTIVE,NESTERENKO Gleb
3036,10010783350,VEN,29.11.1992,INACTIVE,PADRON Orlando
3037,10010921978,USA,24.04.1996,INACTIVE,MCDONALD Stelios
3038,10011077683,UKR,23.04.1997,INACTIVE,BEDRII Serhii
3039,10002956763,IRL,14.09.1973,ACTIVE,MEGHEN Keith
3040,10007748361,JPN,17.10.1993,INACTIVE,NAKANO Yuki
3041,10009087062,JPN,20.06.1994,INACTIVE,MORIMOTO Takaya
3042,10009532555,JPN,24.11.1996,INACTIVE,KANEMOTO Syouta
3043,10010583892,JPN,27.12.1982,INACTIVE,SARAYA Yutaka
3044,10010676246,JPN,11.09.1996,INACTIVE,SAWAGUCHI Keita
3045,10011072532,UKR,01.09.1997,INACTIVE,DIDKOVSKYY Vasyl'
3046,10006300233,USA,10.06.1966,INACTIVE,LI Nelson
3047,10015228576,LAT,21.04.1994,INACTIVE,RIBAKS Emils
3048,10010852967,LAT,17.09.1995,INACTIVE,LUKJANOVS Andris
3049,10008616614,KOR,09.02.1989,INACTIVE,GONG Taemin
3050,10010592380,JPN,06.08.1991,ACTIVE,YAMAGUCHI Hiroki
3051,10010935722,JPN,15.05.1997,INACTIVE,KONNO Yuki
3052,10009135562,BEL,13.05.1996,INACTIVE,MUYLLE Enrico
3053,10008680672,ITA,05.02.1994,ACTIVE,LAMON Francesco
3054,10100630612,AUS,12.11.2003,INACTIVE,MENZIES Jack
3055,10086404146,NZL,30.08.2003,ACTIVE,HARRIS Jonty
3056,10131067794,USA,25.08.1997,ACTIVE,DOMONOSKE David
3057,10030382606,ITA,09.04.2002,ACTIVE,GALLI Niccolo'
3058,10085954007,NZL,29.01.2004,ACTIVE,AITKEN Kyle
3059,10045481664,GER,10.05.1995,ACTIVE,ROHDE Leon
3060,10129789216,CHN,13.09.2002,ACTIVE,QIU Zhentao
3061,10007895780,GER,27.08.1994,INACTIVE,WEINSTEIN Domenic
3062,10100633036,AUS,22.06.2003,ACTIVE,EATHER Dylan
3063,10112363467,AUS,04.02.2004,ACTIVE,ZIMMERMANN Leo
3064,10099145300,BAN,05.07.2002,INACTIVE,HOSSIAN Khandakar
3065,10112267982,AUS,21.06.2004,ACTIVE,COOK Tarun
3066,10009868116,GBR,13.10.1997,ACTIVE,HOLT Joe
3067,10006903754,ITA,17.02.1992,ACTIVE,BERTAZZO Liam
3068,10017220514,IRL,24.09.2001,ACTIVE,WADE Aaron
3069,10044372632,POR,06.11.2000,ACTIVE,CAIXAS Rodrigo
3070,10084788690,CHN,12.02.2001,ACTIVE,SUN Haijiao
3071,10011160842,BEL,06.05.1999,INACTIVE,DE BROEDER Maxwell
3072,10023821362,GBR,26.08.2000,ACTIVE,VERNON Ethan
3073,10120748917,IRL,12.09.1996,ACTIVE,KELLY Fearghal
3074,10008535071,ESP,04.08.1989,ACTIVE,SANTAS ASENSIO Eduardo
3075,10007416440,KOR,13.03.1993,ACTIVE,PARK Sanghoon
3076,10009320872,IRL,18.04.1992,ACTIVE,RYAN Simon
3077,10045794488,DEN,26.01.2003,ACTIVE,JØRGENSEN Mathias Møller
3078,10079381245,NOR,25.01.2003,INACTIVE,WEISETH Sondre Aarsbog
3079,10008132826,SUI,19.01.1995,ACTIVE,VITZTHUM Simon
3080,10062775552,KAZ,23.03.2001,INACTIVE,POTAPENKO Dmitriy
3081,10010882370,BOL,10.06.1997,INACTIVE,LUNA VICTORIA Alejandro
3082,10009736861,FRA,18.07.1997,ACTIVE,DENIS Thomas
3083,10072670865,KOR,30.04.2000,ACTIVE,JANG Hun
3084,10108085868,ISR,13.03.2003,ACTIVE,TAL PELEG Ido
3085,10077645046,NZL,23.10.2004,ACTIVE,PAWSON Edward
3086,10064562776,GBR,26.01.2005,ACTIVE,MOIR Calum
3087,10064994125,BEL,29.07.2002,ACTIVE,VANDENBRANDEN Noah
3088,10009973705,LTU,26.02.1997,ACTIVE,LAŠINIS Venantas
3089,10008927014,FIN,19.03.1980,INACTIVE,TAMMISTO Juhani
3090,10011126789,BOL,15.11.1993,INACTIVE,LEON NAVARRO Bernardo
3091,10062048153,ROU,30.03.2000,Inactive,VASILOIU Valentin
3092,10095736556,IRL,02.07.2002,INACTIVE,O’SULLIVAN Oisin
3093,10094826473,FIN,17.02.2003,ACTIVE,SAVUKOSKI Severi
3094,10062935095,ESP,12.02.2004,ACTIVE,GARAIAR PIKABEA Beñat
3095,10055342726,AUS,24.06.2000,ACTIVE,DUFFY Joshua
3096,10005876968,BRA,11.06.1978,ACTIVE,ALMEIDA Franklin
3097,10083759581,NZL,08.01.2004,ACTIVE,WATSON-PALMER Oliver
3098,10008973793,GBR,07.08.1994,ACTIVE,WARD Tom
3099,10070883136,BEL,15.01.2003,ACTIVE,BERNARD Thibaut
3100,10015061252,DEN,24.10.1998,ACTIVE,BIRKEMOSE Arne
3101,10022589664,SWE,06.05.2003,ACTIVE,PORATH Hugo
3102,10133218770,THA,08.08.1994,ACTIVE,SINGMAMIMG Supiyan
3103,10063942279,POL,16.02.2004,ACTIVE,KAPELA Marek
3104,10111103477,UZB,07.08.2004,ACTIVE,ABDURAKHMANOV Davirjan
3105,10127302982,ROU,12.06.2001,INACTIVE,ROGOZ-LORINCZ Erick
3106,10015869988,TTO,04.05.2001,ACTIVE,DE COMARMOND Enrique
3107,10009009866,BEL,30.05.1995,ACTIVE,DE VYLDER Lindsay
3108,10009415650,DEN,29.11.1993,ACTIVE,JUUL Sebastian
3109,10022859345,NED,15.04.2002,ACTIVE,HANEGRAAF Stijn
3110,10060813829,NOR,09.02.2003,INACTIVE,SKÅR Emil
3111,10052633800,ROU,03.09.1996,ACTIVE,PAVELIU Mihai-Sebastian
3112,10125059757,UZB,06.12.2004,ACTIVE,VESYOLYY Marsel
3113,10006895569,KAZ,27.10.1991,ACTIVE,ZAKHAROV Artyom
3114,10106944100,SUI,10.04.1994,ACTIVE,CLEMENCIO Raphael
3115,10058521191,POL,15.12.2003,ACTIVE,MASLAK Piotr
3116,10064904300,KOR,16.10.2000,INACTIVE,KIM Jaehyun
3117,10061075628,ECU,18.01.2002,ACTIVE,CAIZA PEREZ Erik Daniel
3118,10021889143,NZL,17.04.2004,ACTIVE,DAVIS Matthew
3119,10064985839,BEL,16.05.2002,ACTIVE,DEMAN Brem
3120,10109781146,GBR,15.05.1996,ACTIVE,HUNTER Harrison
3121,10036127127,DEN,17.02.2001,ACTIVE,MILLENNIUM Ian
3122,10094472223,INA,21.02.2001,INACTIVE,AL AKBAR M. Beni
3123,10125481810,GRE,28.11.2002,ACTIVE,KATOPIS Andreas
3124,10087483270,KAZ,10.01.2002,ACTIVE,NOSKOV Dmitriy
3125,10053953808,POL,24.06.2002,ACTIVE,MAJEWSKI Kacper
3126,10052414538,LCA,23.01.2000,ACTIVE,MITCHEL Kluivert
3127,10107443345,ESP,04.10.1995,ACTIVE,RODRIGUEZ Juan
3128,10063260451,CAN,24.02.2004,ACTIVE,MATTERN Carson
3129,10009155972,FRA,27.01.1996,ACTIVE,ERMENAULT Corentin
3130,10131567649,ISR,25.06.2004,INACTIVE,TERMAN Liron
3131,10064971994,BEL,28.01.2002,ACTIVE,POLLEFLIET Gianluca
3132,10050724011,IND,11.04.2002,INACTIVE,TANISHQ M
3133,10071343581,VEN,26.11.2002,INACTIVE,YEPEZ Marcelino
3134,10058975778,POL,11.02.2003,INACTIVE,RZACA Michal
3135,10041867204,ESP,07.05.2003,ACTIVE,ABAD CORDOBES Victor
3136,10002274228,HKG,13.06.1981,ACTIVE,WONG Ka Ho
3137,10096442838,COL,07.02.2004,ACTIVE,RUEDA ESPINOSA Sergio
3138,10107396461,GRE,16.07.2004,ACTIVE,PANAGARIS Panagiotis
3139,10045871482,FIN,04.02.1990,INACTIVE,LARSEN Trond
3140,10075172051,MAS,28.06.2002,ACTIVE,MOHAMMAD ROJI Muhammad Luqman Daniel
3141,10107619157,THA,28.05.2003,ACTIVE,INTHAPIW Phuridet
3142,10050305392,AZE,23.10.2000,INACTIVE,GURBANOV Ali
3143,10107236817,VEN,09.04.1991,ACTIVE,NUNEZ Frayank
3144,10016186654,CAN,12.01.1999,ACTIVE,FOLEY Michael
3145,10119237232,ECU,10.11.2005,ACTIVE,PEREZ PAZMIÑO Juan
3146,10065069301,BEL,17.08.2004,ACTIVE,BERTELS Jasper
3147,10123132184,GBR,11.11.2005,ACTIVE,FLETCHER Archie
3148,10135666911,IND,09.02.1999,INACTIVE,C. Manjunatha
3149,10088468428,VEN,28.10.1999,ACTIVE,SANABRIA Cesar
3150,10090538972,JAM,31.01.1975,INACTIVE,RUSSELL Carlisle
3151,10045865927,FIN,02.05.2004,ACTIVE,TOIVANEN Kalle
3152,10128348764,CZE,05.06.1990,INACTIVE,JURČÍK Josef
3153,10132459241,THA,28.07.2003,ACTIVE,BAUCH Kevin Alexander
3154,10046142779,CAN,16.08.2001,ACTIVE,PICKRELL Riley
3155,10049126440,ESP,16.03.2002,ACTIVE,ROMERO VILLANUEVA Jaime
3156,10063574992,ESP,19.02.2004,ACTIVE,DEOSDAT OMEDES Tomas
3157,10094277415,ECU,08.08.2004,ACTIVE,PITA HIDROBO Alejandro
3158,10022031411,NZL,10.12.2001,ACTIVE,RUSH Christian
3159,10023196219,NED,04.11.1998,ACTIVE,DEN BRABER Tim
3160,10083201025,SUI,18.01.2003,ACTIVE,WÜTHRICH Emanuel
3161,10039589926,ESP,10.01.1994,ACTIVE,GIMENO PERRAMON Ricard
3162,10117561859,CZE,14.06.1976,ACTIVE,HRADECKÝ Roman
3163,10075807605,AZE,23.12.2003,ACTIVE,ABDULAZIZLI Nurlan
3164,10023974643,GBR,08.01.1999,ACTIVE,PILLEY Rhys
3165,10096715347,CAN,22.10.1997,ACTIVE,FRASER-MARAUN Daniel
3166,10117666438,KAZ,20.05.2003,ACTIVE,KHOROSHAVIN Maxim
3167,10104304181,MAS,14.06.2002,INACTIVE,JOBELI Harrith Affan
3168,10140373027,BRA,06.05.1979,ACTIVE,CORREIA Flavio Alison
3169,10114931644,IND,22.12.1998,INACTIVE,MEITEI Thangsabam Chinglensana Meitei
3170,10130659889,SUI,28.08.2002,ACTIVE,MARR Jonathan
3171,10016136033,CAN,25.09.1994,ACTIVE,FLETT-BROWN Amiel
3172,10010924305,USA,03.04.1998,ACTIVE,BREWER Alex
3173,10091281428,COL,10.09.2003,ACTIVE,SEPULVEDA PIEDRAHITA Camilo
3174,10111610406,KAZ,01.08.2002,ACTIVE,BEZRUCHKO Nikita
3175,10016308310,FIN,09.05.1996,INACTIVE,PEKKARINEN Arttu Elmeri
3176,10059703985,CAN,29.01.2001,ACTIVE,RICHARDSON Sean
3177,10130240769,BRA,14.11.2003,INACTIVE,DE MAFRA DE MATOS Vinicius Henrique
3178,10123473102,IND,12.09.1999,INACTIVE,SINGH Anand
3179,10080659019,COL,09.01.2004,INACTIVE,JARAMILLO CAMACHO Miguel
3180,10092490894,KAZ,06.01.2002,INACTIVE,NALIVAIKO Andrey
3181,10015715091,CAN,31.08.1999,ACTIVE,ERNST Chris
3182,10135667214,IND,15.05.2000,INACTIVE,GAURAV Gaurav
3183,10055767001,SUI,31.05.2004,ACTIVE,PLÜSS Micha
3184,10054308866,POL,18.01.2002,Active,WOZNIAK Adam
3185,10016273146,CAN,08.09.1995,ACTIVE,MORRIS Sam
3186,10117765256,KAZ,11.06.2003,INACTIVE,GORBUNOV Alexandr
3187,10091677310,LTU,08.06.1992,ACTIVE,DVYLAITIS Deividas
3188,10135667416,IND,05.09.2003,ACTIVE,ROY Rimanju
3189,10008918627,SUI,01.12.1981,ACTIVE,GROSS Micah
3190,10015476938,CAN,24.04.1999,ACTIVE,DIERTENS Erik
3191,10117764852,KAZ,20.12.2003,INACTIVE,KOLOMIN Alexey
3192,10005631438,ECU,28.07.1977,ACTIVE,TAPIA SARMIENTO David
3193,10135667517,IND,26.12.2003,INACTIVE,MONDAL Gaurav
3194,10091068230,SUI,15.03.1967,ACTIVE,LÄNGAUER Lars
3195,10095115251,CAN,01.08.2001,ACTIVE,SZABO Jude
3196,10094449082,GRE,10.05.2004,INACTIVE,SAVVAKIS Michail
3197,10051194560,CAN,20.03.2001,ACTIVE,JUSSAUME Tristan
3198,10064873580,SUI,20.12.1964,ACTIVE,BRÜGGER Joachim
3199,10010682815,CAN,03.04.1997,ACTIVE,BURTNIK Evan
3200,10066395470,GRE,27.03.1996,INACTIVE,BOUTOPOULOS Georgios
3201,10042927029,CAN,13.12.2004,ACTIVE,PARRISH Campbell
3202,10080841804,CAN,23.06.2004,ACTIVE,HADFIELD Gavin
3203,10023563405,CAN,01.08.1996,ACTIVE,COTE Nicolas
3204,10087583910,CAN,03.12.2004,ACTIVE,OLEJNICZAK David
3205,10052409181,CAN,20.01.1987,ACTIVE,LACHANCE Jean Michel
3206,10010826089,DEN,09.07.1998,ACTIVE,PEDERSEN Rasmus
3207,10095705032,NGR,08.07.2002,INACTIVE,VITALIS Bethel
3208,10018038142,GBR,15.06.1991,ACTIVE,WALE Jonathan
3209,10049194845,DEN,24.11.2003,ACTIVE,BÉVORT Carl-Frederik
3210,10093574163,TTO,04.12.2002,Active,TREPTE Liam
3211,10023663839,NZL,20.02.2000,ACTIVE,JACKSON George
3212,10017713291,RSA,22.03.1980,INACTIVE,FOUCHE Gert
3213,10012044653,ISR,05.02.1986,INACTIVE,PODOLER Yarin
3214,10085950569,NZL,26.08.1995,ACTIVE,BRIDGWATER Daniel
3215,10055768213,TTO,14.02.1987,INACTIVE,RAMLAGAN Vidal
3216,10017629530,SLO,15.01.2001,INACTIVE,MURN Boštjan
3217,10093749672,CHI,02.06.1997,ACTIVE,GOMEZ VALENZUELA Pablo
3218,10008667538,BLR,12.05.1994,ACTIVE,SHNYRKO Aliaksei
3219,10021798308,NZL,25.10.2001,ACTIVE,HORNBLOW Keegan
3220,10064635023,GBR,17.10.2003,ACTIVE,BIRRELL Ross
3221,10036121669,DEN,25.06.2001,ACTIVE,NJOR Marckus
3222,10080990637,CHI,06.11.1989,ACTIVE,PAREDES GOMEZ Abraham
3223,10003054167,JAM,17.10.1980,ACTIVE,MCFARLANE Horace
3224,10088412854,UKR,08.09.1999,INACTIVE,KRYVYCH Oleksandr
3225,10119622202,DEN,21.06.1996,ACTIVE,BOHÉ Frederik
3226,10015110560,CZE,04.03.1993,ACTIVE,ŠEDIVÝ Pavel
3227,10116102819,MEX,20.03.2002,INACTIVE,FLORES MANJARREZ Jorge Arturo
3228,10128803351,RSA,11.10.2000,INACTIVE,STEAD Gareth
3229,10010793050,NZL,21.12.1998,INACTIVE,JONES Hugo
3230,10023884111,GBR,29.07.2000,ACTIVE,BURKE Matthew
3231,10017585272,SLO,21.01.2003,INACTIVE,JORDAN Adam
3232,10120825305,INA,16.05.1989,INACTIVE,PURANDA Randi Abi
3233,10085425961,NZL,07.01.2003,ACTIVE,PATTERSON Zakk
3234,10096738787,GBR,04.02.2003,INACTIVE,SHARPLES Tom
3235,10017572138,SLO,05.02.2003,INACTIVE,TOMŠIČ Dan Andrej
3236,10048286782,BEL,20.11.1984,ACTIVE,DE BAETS Kristof
3237,10009905300,NED,12.03.1998,ACTIVE,ELBERS Kevin
3238,10120979491,INA,14.05.1997,INACTIVE,DWI DRIANDI Donny
3239,10094111404,INA,21.01.2000,INACTIVE,SULTHAN Muhammad Alvan
3240,10088967471,RSA,30.05.1998,INACTIVE,LOUW Joshua
3241,10010750816,NZL,28.02.1998,INACTIVE,GROUBE Carne
3242,10081552631,GBR,23.07.2004,ACTIVE,HOBBS Noah
3243,10065024134,BEL,26.05.2003,ACTIVE,DECEUNINCK Andreas
3244,10090268180,UKR,29.12.2001,ACTIVE,SMETANIUK Oleksandr
3245,10113814528,RSA,08.12.1988,INACTIVE,SARDINHA Romario Sardinha
3246,10021748693,NZL,23.02.2000,ACTIVE,KEAST Hamish
3247,10051727757,DEN,05.03.2002,ACTIVE,PEDERSEN Max
3248,10011006046,UKR,05.11.1995,INACTIVE,POHORELOV Vladyslav
3249,10121227247,INA,18.09.2000,INACTIVE,ALDI PRADANA ATMAJA KUSUMA Rd. Rizky
3250,10045796007,DEN,25.10.2001,INACTIVE,FALKØ Silas Bolund
3251,10064149821,IND,11.05.2001,INACTIVE,BISHNOI Praveen
3252,10081637810,BLR,22.07.2002,Inactive,KASIANKOU Vadzim
3253,10085427981,NZL,21.09.2003,ACTIVE,CUMMING Dylan
3254,10015583335,DEN,13.07.1999,ACTIVE,GUDE Lucas Norman
3255,10089497537,UKR,22.03.2000,INACTIVE,NEPYIVODA Andrii
3256,10064170433,GBR,23.06.2003,ACTIVE,RILEY Kieran
3257,10090038414,UKR,25.11.2002,INACTIVE,NIZELSKIY Andriy
3258,10023953829,GBR,01.05.2000,ACTIVE,SHOREMAN Tim
3259,10015337401,UKR,20.02.1999,INACTIVE,KOZAKOV Yaroslav
3260,10050581945,IND,09.06.2001,INACTIVE,L Gokul
3261,10023738914,GBR,22.06.1999,ACTIVE,FOUGO Tiago
3262,10011136792,UKR,11.05.1997,INACTIVE,ZUBAR Vladislav
3263,10015328307,UKR,17.02.1999,INACTIVE,NIKULIN Daniil
3264,10090716909,UKR,13.10.2000,Active,POKOIOVYI Nazar
3265,10089593931,UKR,25.10.2002,ACTIVE,SYDOR Serhii
3266,10011138109,UKR,11.07.1997,INACTIVE,MUSIIENKO Bohdan
3267,10090548167,UKR,22.06.2002,INACTIVE,GLUSHKO Nazar
3268,10010186701,GER,04.09.1998,ACTIVE,GROß Felix
3269,10008970965,CAN,16.06.1994,INACTIVE,DE HAITRE Vincent
3270,10005932138,JPN,06.06.1989,ACTIVE,KUBOKI Kazushige
3271,10049512622,MAR,01.12.1997,ACTIVE,EL KOURAJI Mohcine
3272,10009115152,AUS,13.05.1996,INACTIVE,PORTER Alexander
3273,10060623970,PER,29.08.2002,ACTIVE,COILA MORALES Maximiliano
3274,10064275113,ECU,26.07.2002,INACTIVE,PACHECO MEDRANDA Joseph Marsell
3275,10036092771,RUS,02.07.2002,ACTIVE,IGOSHEV Egor
3276,10009184668,ITA,24.07.1996,ACTIVE,PLEBANI Davide
3277,10048871917,POL,10.08.2000,ACTIVE,PROKOPYSZYN Filip
3278,10058579492,ISR,20.02.2000,INACTIVE,SHOSHANI Iftah
3279,10035022539,AUT,23.12.2001,ACTIVE,SCHMIDBAUER Maximilian
3280,10015194426,ISR,10.09.1998,INACTIVE,WEINBERG Guy
3281,10015441370,NZL,09.01.1999,INACTIVE,SCOTT Joshua
3282,10010176189,IRL,14.02.1997,INACTIVE,O LOUGHLIN Michael
3283,10010610164,AUT,24.12.1997,Active,GRASL Patrick
3284,10063287733,VEN,24.08.2001,ACTIVE,DIAZ SUAREZ Franklin Rafael
3285,10009117475,NZL,06.10.1996,ACTIVE,GOUGH Regan
3286,10003999919,ROU,28.07.1976,INACTIVE,NOVAK Carol-Eduard
3287,10010871761,IRI,06.01.1988,INACTIVE,KAZEMISAFA Hossein
3288,10115011769,IND,24.08.1998,INACTIVE,RANJEET SINGH Ranjeet Singh
3289,10052727766,IRL,26.02.2002,ACTIVE,DONALD Christopher
3290,10120768519,IRI,01.01.1997,ACTIVE,MOBARAKI Mohammad
3291,10058461779,POL,14.03.2003,INACTIVE,DEREGOWSKI Przemyslaw
3292,10094204057,IRL,27.11.1991,INACTIVE,DONNELLY Ian
3293,10046239173,SUI,29.06.2002,ACTIVE,CHRISTEN Fabio
3294,10016735009,IRL,06.04.1999,ACTIVE,KEOGH Cian
3295,10039864556,ESP,08.07.2002,ACTIVE,BENNASSAR ROSSELLO Francesc
3296,10023552994,USA,18.03.1995,ACTIVE,MANDERFELD Tristan
3297,10023664445,NZL,30.04.2000,ACTIVE,STRONG Corbin
3298,10016789064,IRL,27.12.2002,ACTIVE,LENEHAN Sean
3299,10040741596,ESP,26.06.1998,ACTIVE,MARTORELL HAGA Erik
3300,10050638327,IND,03.10.2001,INACTIVE,SINGH Gurpreet
3301,10004405501,NZL,26.11.1990,Active,GATE Aaron
3302,10074703724,SUI,13.05.2002,ACTIVE,LANDENBERGER Nils
3303,10077952416,RUS,10.01.2003,ACTIVE,ZALIPYATSKIY Ivan
3304,10062925803,THA,30.05.1999,ACTIVE,KUEJI Muhammadhanafee
3305,10009424744,POL,31.05.1997,ACTIVE,SLAWEK Damian
3306,10068962334,FRA,11.09.2002,ACTIVE,MARIE Octave
3307,10093890829,USA,30.05.1986,INACTIVE,KUSY Steven
3308,10050870824,IND,25.03.1995,INACTIVE,SINGH Roobalpreet
3309,10022027266,NZL,27.07.2001,ACTIVE,WATTS Kiaan
3310,10046240284,SUI,06.11.2002,ACTIVE,TENDON Arnaud
3311,10056490457,RUS,24.02.2002,INACTIVE,LEONOV Ivan
3312,10091587582,COL,10.07.2003,INACTIVE,MARTINEZ SUAN Juan
3313,10006300132,USA,01.08.1973,INACTIVE,BUDARZ Timo
3314,10034789638,SUI,05.10.2002,ACTIVE,CERATO Gabriele
3315,10011041311,POL,29.11.1999,Inactive,CENIUCH Wojciech Karol
3316,10107341392,IRL,11.12.1994,INACTIVE,MURTAGH Oisín
3317,10025864123,FRA,05.02.1996,ACTIVE,HOUSSIN Clement
3318,10099546737,USA,15.03.1992,ACTIVE,RUSSELL Branden
3319,10010798710,JPN,21.01.1998,ACTIVE,SAWADA Keitaro
3320,10053894291,POL,25.01.2002,INACTIVE,MIELCZAREK Milosz
3321,10096909145,THA,09.02.2001,ACTIVE,ATTATHAM Nontasak
3322,10114928311,IND,09.02.1999,INACTIVE,MANJUNATH C. Manjunath C.
3323,10053577225,POL,13.02.2002,INACTIVE,SZYMACHA Kamil
3324,10114928008,IND,28.08.2001,INACTIVE,SINGH Jashandeep
3325,10034778019,SUI,11.04.2002,ACTIVE,WEISS Fabian
3326,10100830369,POL,03.07.1990,ACTIVE,SANAK Bartlomiej
3327,10050585278,IND,22.03.2000,INACTIVE,N Ashif
3328,10060436640,SUI,18.03.2002,INACTIVE,JULITA Dario
3329,10115010456,IND,08.03.2001,INACTIVE,MANIRAJ RATHORE Maniraj Rathore
3330,10060861117,JPN,04.08.1999,INACTIVE,ASAKURA Tomohito
3331,10034787113,SUI,18.07.2002,INACTIVE,EGLI Damian
3332,10114809382,IND,12.02.2000,INACTIVE,PILLAI Pruthvi K
3333,10013088112,BUL,05.05.1989,ACTIVE,YOLOV Nikolay
3334,10013667078,GRE,27.02.1979,ACTIVE,XIROGIANNIS Konstantinos
3335,10021066057,JPN,27.06.1999,INACTIVE,MATSUZAKI Kota
3336,10002463982,BUL,31.08.1979,INACTIVE,KOEV Vladimir
3337,10034786709,SUI,24.05.2002,INACTIVE,HOCHSTRASSER Loris
3338,10012576537,BUL,08.01.1988,ACTIVE,KOSTADINOV Rumen
3339,10091455725,SUI,06.05.2002,ACTIVE,JENNI Luca
3340,10056178542,SUI,21.11.2002,INACTIVE,BLASER Kai
3341,10055520053,USA,30.11.1986,INACTIVE,CARDILLO James
3342,10034800651,SUI,20.04.2002,INACTIVE,HÜGLIN Gian
3343,10094175058,SUI,12.12.2002,INACTIVE,REICHEN Yannick
3344,10007701073,USA,26.02.1989,INACTIVE,YOUNG Eric
3345,10022037168,NZL,19.10.2001,INACTIVE,SHEARING Conor
3346,10096724643,PHI,03.07.1997,INACTIVE,CORONADO Dominic
3347,10010664930,AUS,04.01.1998,ACTIVE,SCOTT Cameron
3348,10084345019,CAM,20.08.1998,INACTIVE,YOEURN Seyha
3349,10053639061,TKM,24.08.2000,ACTIVE,GYLYJOV Saylav
3350,10011139624,BEL,09.02.1998,ACTIVE,WEEMAES Sasha
3351,10053515183,BOL,01.07.2000,INACTIVE,RIBERA ROJAS Lucas Daniel
3352,10020292077,NOR,12.05.2001,INACTIVE,MATBERG Preben Jenssen
3353,10009166581,UKR,12.10.1995,ACTIVE,GLADYSH Roman
3354,10090414892,MAS,10.11.1995,INACTIVE,ABDUL HALIM Amar Danial
3355,10011080010,GBR,02.10.1991,ACTIVE,BIGHAM Daniel
3356,10023487320,CHN,03.01.2000,INACTIVE,CHEN Zejia
3357,10023479135,SVK,31.01.2000,ACTIVE,KUBIŠ Lukáš
3358,10011139321,AUS,16.04.1999,INACTIVE,SLATTERY Godfrey
3359,10009737568,RUS,02.06.1997,ACTIVE,ROSTOVTSEV Sergei
3360,10008968945,THA,18.03.1994,ACTIVE,YORDSUWAN Setthawut
3361,10018524657,GBR,27.07.1988,ACTIVE,GORDON Kyle
3362,10008936916,CAN,03.01.1995,INACTIVE,CAVES Aidan
3363,10009192247,SVK,22.10.1996,INACTIVE,STRMISKA Andrej
3364,10093642669,RUS,16.03.1993,INACTIVE,GOLUBEV Kirill
3365,10030115147,ITA,01.10.2000,ACTIVE,MILAN Jonathan
3366,10065401525,NGR,18.03.1992,ACTIVE,ABAKA Kurotimi
3367,10050568609,DEN,04.09.1996,INACTIVE,RASMUSSEN Andreas Merrild
3368,10078434281,INA,05.05.2000,INACTIVE,PRISTIAN Nanda
3369,10059662862,GUA,07.07.1990,INACTIVE,RUSTRIAN MONTERROSO Julio Cesar
3370,10011146795,AUS,20.08.1999,INACTIVE,CHAPMAN Kai
3371,10015021139,USA,28.01.1994,ACTIVE,KOONTZ Grant
3372,10063964410,BEL,31.07.1991,ACTIVE,VERSCHAEREN Niels
3373,10049099259,MAS,20.04.2000,Inactive,MOHAMAD Muhammad Shafiq
3374,10011040705,IRL,22.10.1999,ACTIVE,MURPHY Jack Bernard
3375,10006874452,NZL,15.08.1992,INACTIVE,KERBY Jordan
3376,10050527684,FRA,10.01.2002,ACTIVE,NILSSON-JULIEN Oscar
3377,10100512491,EGY,20.01.1998,INACTIVE,IBRAHIM Yahia
3378,10009033310,UKR,05.04.1995,ACTIVE,HRYNIV Vitaliy
3379,10034812270,POL,04.11.2000,INACTIVE,GRZENKOWICZ Nikodem
3380,10011114867,CAN,03.08.1997,ACTIVE,GEE Derek
3381,10016143208,GBR,09.11.1999,ACTIVE,YOUNG Xeno
3382,10007499191,GER,28.12.1993,INACTIVE,BEYER Maximilian
3383,10078437719,INA,01.12.2000,INACTIVE,PRASETIO Aziz
3384,10046095693,SVK,06.06.2000,Inactive,BAŽÍK Tomáš
3385,10059868380,GUA,30.09.1999,INACTIVE,GONZALEZ SALOJ Tomy Lamber Geovany
3386,10011172259,MAR,05.08.1999,INACTIVE,MEDRAZI Mohammed
3387,10050909826,GBR,27.06.1991,ACTIVE,CONSTANTINIDES Bede
3388,10093109573,DEN,21.09.1998,ACTIVE,KLINGE Karl
3389,10041908428,ESP,26.08.2001,INACTIVE,DURAN RODRIGUEZ Raul
3390,10009084941,JPN,04.09.1981,Inactive,OYA Kenji
3391,10062667842,MAS,05.05.2000,INACTIVE,MOHD ABU WALFA Mohammad Afiq Zharfan
3392,10036179869,GER,25.02.2000,ACTIVE,DIK Calvin
3393,10078434584,INA,28.06.1999,INACTIVE,ROHIM Abdur
3394,10052416356,USA,11.04.1991,ACTIVE,SEGGEBRUCH Spencer
3395,10082676417,SVK,15.05.1988,ACTIVE,GOGA Matúš
3396,10061885273,ARG,21.05.2001,INACTIVE,PEÑALVER Lautaro Gabriel
3397,10009524875,CAN,13.08.1995,INACTIVE,LAMOUREUX Jay
3398,10021576723,JPN,07.09.1999,INACTIVE,YAMANE Keita
3399,10083121001,KAZ,22.10.2000,INACTIVE,KOPSHIN David
3400,10078433776,INA,10.02.2001,INACTIVE,FEBI Feri
3401,10080448649,SVK,09.09.1998,INACTIVE,ČVERHA Michal
3402,10008662585,ALG,06.07.1995,INACTIVE,BECHELAGHEME Abderrahmane
3403,10064124256,GBR,30.08.2002,ACTIVE,KING Aaron
3404,10056376077,ARG,21.03.2000,ACTIVE,ETCHEVERRY Arian
3405,10084794855,CHN,20.02.2000,INACTIVE,MA Xin
3406,10096367258,MAS,26.11.2000,INACTIVE,JAAFAR Mohamad Ameerul
3407,10010184677,GER,07.07.1998,INACTIVE,BANUSCH Richard
3408,10009541649,USA,20.09.1984,ACTIVE,MURPHY Christopher
3409,10052230844,ARG,23.03.1988,INACTIVE,FACCHINI Christian Pablo
3410,10089623839,UKR,15.05.2000,INACTIVE,YEVDOKYMOV Andrii
3411,10008991981,CAN,12.02.1996,INACTIVE,JAMIESON Adam
3412,10021337758,JPN,24.01.2000,INACTIVE,KUROSE Kotaro
3413,10097464267,CHN,17.04.1999,INACTIVE,SUN Xiaodong
3414,10034779029,SUI,22.02.2001,ACTIVE,ROTH Vincent
3415,10035449945,COL,21.11.1999,Inactive,BAQUERO AYALA Marcos Felipe
3416,10015000830,TTO,12.07.1999,INACTIVE,COLE Tyler
3417,10022012011,NZL,15.07.2001,INACTIVE,ROBERTSON Lachlan
3418,10080138855,ARG,13.04.2000,INACTIVE,AGUSTI Tomás
3419,10074181944,UKR,17.02.1999,INACTIVE,NIKULIN Danil
3420,10009310667,GRE,19.02.1992,INACTIVE,ACHTYPIS Antonios
3421,10077354753,BLR,13.12.2001,Active,VIARSHYNIN Yan
3422,10015768241,GER,24.07.1998,ACTIVE,WEBER Philip
3423,10035449844,COL,10.11.1999,INACTIVE,PERDOMO DIAZ Gustavo Adolfo
3424,10007897602,USA,08.11.1994,INACTIVE,DANIEL Gregory
3425,10011145280,UKR,16.05.1998,INACTIVE,SHCHERBAN Vladyslav
3426,10097464469,CHN,18.11.2001,INACTIVE,FU Leilei
3427,10076582692,BLR,13.10.2001,Inactive,HAIKOVICH Mikita
3428,10016206862,USA,12.06.1999,INACTIVE,BUTSAVAGE Justin
3429,10058865543,KSA,07.01.2000,INACTIVE,AL SHAIKHAHMED Ali
3430,10019266709,GBR,19.12.1989,INACTIVE,SKUBALA Tad
3431,10078012232,GRE,25.01.2000,INACTIVE,KARAGIANNIS Stylianos
3432,10059730560,BLR,20.12.2000,ACTIVE,TURCHANKA Pavel
3433,10036465314,GER,10.05.1983,ACTIVE,HOLZAPFEL Björn
3434,10087328878,RUS,21.10.1986,INACTIVE,BUTUSOV Nikita
3435,10089884022,UKR,23.10.1999,INACTIVE,SHEVCHENKO Oleksandr
3436,10016327306,GRE,22.10.1994,ACTIVE,PETROU Evangelos
3437,10009684927,BLR,06.06.1997,INACTIVE,SAKHONCHYK Siarhei
3438,10023961711,GBR,05.01.1998,INACTIVE,ATKINS Tom
3439,10055307259,GRE,08.08.2000,ACTIVE,PAPADOGEORGIS Georgios
3440,10083785348,USA,13.01.2000,INACTIVE,HEMMERLIN Michael
3441,10011149930,CAN,16.07.1998,INACTIVE,KIROUAC-MARCASSA Thierry
3442,10079618893,SUI,20.01.1972,INACTIVE,IFANGER Patrik
3443,10089099736,UKR,24.02.2001,INACTIVE,BILOUS Danylo
3444,10055619780,CAN,25.10.2000,ACTIVE,ROCHETTE Alexis
3445,10006300940,USA,02.03.1962,INACTIVE,KAY Brent
3446,10049502922,CAN,20.08.1992,INACTIVE,SHAHAR Tomer
3447,10096483153,USA,17.02.1962,INACTIVE,ATMORE Joseph
3448,10054382830,CAN,01.06.1998,ACTIVE,CHAN Titus
3449,10063175777,KOR,03.04.1996,INACTIVE,KIM Juncheol
3450,10049775431,MAR,22.04.1998,INACTIVE,HARAKAT Othman
3451,10086180743,SEY,15.05.1999,INACTIVE,SOUYAVE Jean-Yves
3452,10079601517,AUS,11.09.1997,ACTIVE,HOFFMAN Lucas
3453,10060630539,AUS,10.12.1990,INACTIVE,VAN DER LAAN Daniel
3454,10016298206,JPN,10.08.1996,INACTIVE,KUMAZONO Satoshi
3455,10015850992,UKR,08.09.1999,INACTIVE,KRYVYCH Oleksander
3456,10084661277,CHN,14.03.1999,INACTIVE,ZHANG Wenjie
3457,10007809995,NZL,08.12.1994,INACTIVE,KENNETT Dylan
3458,10015483810,GBR,13.05.1999,ACTIVE,BRITTON Rhys
3459,10011231873,DOM,23.12.1996,ACTIVE,MARTE AGUILERA Junior Antonio
3460,10014825725,SVK,14.10.1998,ACTIVE,PERSON Tomáš
3461,10015825936,DEN,03.11.1998,ACTIVE,BJERG Mikkel
3462,10009364827,BOL,27.05.1993,INACTIVE,ROJAS ALMANZA David
3463,10007890427,SUI,19.03.1993,INACTIVE,PASCHE Frank
3464,10014978093,INA,02.02.1996,INACTIVE,SAPUTRO Dimas Febri Dwi
3465,10014244432,POL,23.10.1997,INACTIVE,KAISER Adrian
3466,10050163027,DEN,19.11.2000,INACTIVE,EGEHUS Frederik
3467,10010113949,ITA,31.08.1998,INACTIVE,GOZZI Nicolo
3468,10006902037,SVK,19.05.1992,ACTIVE,TARAGEL Filip
3469,10016143107,IRL,19.01.1999,ACTIVE,SMITH Luke
3470,10008530829,ESP,19.09.1993,ACTIVE,CABELLO LLAMAS Alfonso
3471,10070120876,ROU,22.02.1999,INACTIVE,BALAZSI Lorant
3472,10015442481,NZL,21.04.1999,INACTIVE,WAINE Harry
3473,10014584538,INA,19.05.1996,INACTIVE,RIADI Jeri
3474,10016092886,FIN,22.08.1993,INACTIVE,HAKULINEN Ossi
3475,10010767990,USA,28.03.1998,ACTIVE,BICKMORE Cade
3476,10034900479,UKR,03.01.1997,INACTIVE,POKYNTELYTSIA Serhii
3477,10060855457,GUA,20.09.1999,INACTIVE,LOPEZ CUTE Kenneth Leonel
3478,10016542928,SUI,02.06.2000,ACTIVE,NAEGELI Manuel
3479,10011130025,SVK,30.05.1998,INACTIVE,MICHALICKA Juraj
3480,10009154760,MAS,04.08.1996,ACTIVE,OTHMAN Muhamad Afiq Huznie
3481,10080883432,INA,23.04.1989,INACTIVE,RAKHMADHANI Rakhmadhani
3482,10015350131,FIN,23.11.1995,ACTIVE,MAKOGON Vladyslav
3483,10016922137,IRL,19.05.1982,ACTIVE,ANDERSONS Valdis
3484,10006085520,ESP,09.04.1977,ACTIVE,JARAMILLO GALLARDO Pablo
3485,10006192826,CHN,26.06.1989,INACTIVE,LI Hao
3486,10015856955,KAZ,24.02.1999,INACTIVE,ZAITSEV Ivan
3487,10016441076,BEL,21.04.2000,INACTIVE,MATERNÉ Rémi
3488,10023467314,BRA,02.09.1998,INACTIVE,PEREIRA DALAMARIA Ricardo
3489,10011150536,SVK,12.03.1999,ACTIVE,ŠTOČEK Matúš
3490,10049095017,MAS,13.04.1998,ACTIVE,EDY SUHAIDEE Muhammad Danieal Haikkal
3491,10072669956,INA,01.01.1970,INACTIVE,WIDODO Slamet
3492,10062511430,USA,12.12.1990,INACTIVE,LAMBIE Ashton
3493,10042410303,ESP,07.02.2000,INACTIVE,LARRAÑAGA JAIO Aitor
3494,10036109949,KAZ,21.09.2000,ACTIVE,DINMUKHAMETOV Ramis
3495,10036124400,DEN,09.10.1983,INACTIVE,BENDIX WIMMELMANN Kristian
3496,10056305248,GUA,22.04.1997,ACTIVE,VELASQUEZ PEREZ Genaro
3497,10016571725,SUI,15.03.2000,INACTIVE,EGGENBERG Ruben
3498,10006693081,INA,01.09.1986,INACTIVE,WIJAYA Endra
3499,10063594089,KAZ,17.12.1998,INACTIVE,KASHIRIN Dmitriy
3500,10015077925,ITA,25.07.1998,ACTIVE,KONYCHEV Alexander
3501,10011056869,IND,12.10.1993,INACTIVE,SINGH Manjeet
3502,10061863651,GBR,13.06.1998,ACTIVE,GILL Michael
3503,10066510153,GUA,11.08.1986,INACTIVE,BARDALES LOPEZ Paulo Roberto
3504,10035246952,COL,06.02.1997,INACTIVE,NAVARRETE ECHEVERRY Jorge Sneider
3505,10016586273,SUI,18.10.2000,ACTIVE,STEHLI Felix
3506,10010798811,MAS,15.11.1998,INACTIVE,ZULKEFLI Azli Najmi
3507,10079766922,INA,16.02.1998,INACTIVE,PRATAMA Alfian Sendy Dias
3508,10014525833,JPN,14.04.1995,INACTIVE,HASHIMOTO Takeshi
3509,10050829293,POL,04.01.2000,INACTIVE,KLASINSKI Bartosz
3510,10009968954,NED,21.07.1997,ACTIVE,DEN TOOM Michael
3511,10043849135,INA,14.05.1998,INACTIVE,HIDAYAT Andriyan
3512,10011239149,CHN,15.01.1997,INACTIVE,FU Qiang
3513,10037991749,ESP,01.09.1999,INACTIVE,TORO SANTIAGO Cristian
3514,10083488587,INA,12.07.1999,INACTIVE,LUTFI Irfan
3515,10064189833,JPN,06.03.1997,INACTIVE,HORIE Shogo
3516,10016551517,SUI,02.12.2000,INACTIVE,MARET Alexis
3517,10075047769,INA,19.11.1999,INACTIVE,ALAUDIN Afif
3518,10062142325,USA,20.03.1997,INACTIVE,O'BRIEN Samuel
3519,10009310566,GRE,21.07.1995,INACTIVE,ZOUNARELIS Nikolaos
3520,10023484892,CHN,17.08.1999,INACTIVE,HAN Jin
3521,10010116676,CAN,04.10.1998,ACTIVE,WILLCOX John
3522,10023550974,KAZ,06.04.1998,INACTIVE,ORAZBAYEV Adil
3523,10083732303,MAS,12.08.1998,INACTIVE,SAMSUDDIN Muhamad Syafiq Asyraf
3524,10054554194,INA,26.12.1981,INACTIVE,WIDHIJANTO Roy Aldrie
3525,10016024178,KAZ,10.09.1997,INACTIVE,ABILDAYEV Yeldos
3526,10016525346,SUI,24.08.2000,INACTIVE,IMBODEN Simon
3527,10054561369,INA,22.11.1996,INACTIVE,SULAIMAN Muhammad
3528,10020866603,JPN,14.06.1997,INACTIVE,NAYA Kazuki
3529,10009318751,CAN,01.08.1976,ACTIVE,VEAL Ed
3530,10063375538,ROU,24.12.1999,ACTIVE,MOLDANSKY Gerhard-Cristin
3531,10074410094,KAZ,31.05.1999,INACTIVE,KHARCHENKO Anton
3532,10061215973,MAS,03.10.1999,INACTIVE,WAN ZULKIFLI Wan Muhammad Ali
3533,10062666125,CHN,18.01.1998,INACTIVE,LI Jin
3534,10010687562,USA,06.09.1996,INACTIVE,SELIVERSTOV Roman
3535,10010937540,GRE,25.05.1987,INACTIVE,VLACHOS Christos
3536,10023486108,CHN,27.05.1999,INACTIVE,LV Xin
3537,10060752801,ROU,19.05.1998,Inactive,CRISTIAN Mihnea-Adrian
3538,10006001351,USA,13.05.1990,INACTIVE,FINNERAN Danny
3539,10015795018,GRE,07.01.1999,ACTIVE,KALONIATIS Georgios
3540,10023485296,CHN,08.01.1998,INACTIVE,HAO Ran
3541,10050578006,CAN,06.05.1998,ACTIVE,FOWLOW Colin
3542,10023458523,KAZ,03.04.1999,INACTIVE,VAINT Dmitriy
3543,10084769593,CHN,13.07.2000,INACTIVE,CHEN Xin
3544,10075186300,SEY,28.01.1998,INACTIVE,ALBERT Gerry
3545,10083825865,JPN,08.05.1999,INACTIVE,OOZEKI Kazuki
3546,10079686894,MAS,27.11.1999,INACTIVE,ROSLI Muhammad Aidid Amani
3547,10063593887,KAZ,10.11.1999,INACTIVE,NAZARENKO Vladislav
3548,10063224681,JPN,21.12.1995,INACTIVE,MASUDA Ryoma
3549,10009667547,USA,02.04.1997,INACTIVE,MORALES Chazmichael
3550,10014519163,CAN,01.05.1988,Inactive,RICHARD Normand
3551,10064645834,USA,21.02.1997,ACTIVE,MCKEAN Parker
3552,10021158209,JPN,24.07.1999,INACTIVE,SASAKI kouta
3553,10010861051,USA,15.04.1986,INACTIVE,GEORGE Tyler
3554,10060474531,CAN,15.04.1991,INACTIVE,FORTIN Guillaume
3555,10083844962,JPN,01.06.1995,INACTIVE,HASEGAWA Akio
3556,10062989154,USA,24.07.2000,INACTIVE,WATERS Jacob
3557,10084666331,GRE,27.12.1976,ACTIVE,MERAKLIS Dimitrios
3558,10083844659,JPN,17.04.1997,INACTIVE,MIURA Daiki
3559,10066397894,GRE,26.08.1996,INACTIVE,BLAVAKIS Emmanouil
3560,10008548613,USA,21.08.1977,INACTIVE,WIDHALM Justin
3561,10007794942,USA,15.10.1958,ACTIVE,NOLAN Lawrence
3562,10008906907,USA,18.04.1958,ACTIVE,WOLKOFF Jay
3563,10088255634,UKR,12.03.1987,Active,DEMENTYEV Yehor
3564,10011171552,MAR,01.08.1998,INACTIVE,JAOUY Anas
3565,10055923817,MAR,19.11.1999,ACTIVE,ED DOGHMY Achraf
3566,10009735851,RSA,15.12.1997,INACTIVE,DE WET Kyle
3567,10011141947,BDI,04.12.1997,INACTIVE,AHISHAKIYE Leonidas
3568,10076798823,GUI,24.02.1999,INACTIVE,SOUARE Mohamed
3569,10010116878,CAN,09.12.1997,INACTIVE,SIMPSON Bayley
3570,10011146896,AUS,15.03.1999,INACTIVE,O'SHEA Braden
3571,10076565720,GBS,28.11.1997,INACTIVE,CUL IALA Quedutar
3572,10015577877,DEN,24.11.1999,INACTIVE,ERIKSEN Kristian
3573,10014741455,GBR,17.11.1996,ACTIVE,TANFIELD Charlie
3574,10009715946,FRA,12.03.1996,ACTIVE,GAREL Adrien
3575,10010114050,KAZ,25.05.1997,INACTIVE,USMANOV Islam
3576,10015982247,TPE,16.09.1998,INACTIVE,LI Jing Siang
3577,10009531444,JPN,08.08.1996,INACTIVE,SAKAMOTO Hiromi
3578,10009413529,DEN,22.03.1997,ACTIVE,LARSEN Niklas
3579,10009215687,CHN,13.10.1995,INACTIVE,CAO Zhen
3580,10004721961,TTO,10.08.1975,ACTIVE,KELLAR Ako
3581,10015221102,DEN,13.09.1999,ACTIVE,JOHANSEN Julius
3582,10019151521,GBR,14.11.1990,ACTIVE,ARCHIBALD John
3583,10016202418,USA,03.06.1972,INACTIVE,BAUMGART Karl
3584,10015713374,CAN,02.07.1999,INACTIVE,DRAPEAU ZGORALSKI Gabriel
3585,10007509602,DEN,30.03.1993,ACTIVE,FOLSACH Casper
3586,10010183869,POL,22.02.1998,INACTIVE,BRZOZOWSKI Adrian
3587,10010625019,NZL,11.04.1997,INACTIVE,JONES Max
3588,10062641772,CHN,05.09.1995,INACTIVE,LYU Yunpeng
3589,10060695005,PUR,16.03.1991,INACTIVE,SEPÚLVEDA TORO Javier A.
3590,10004748334,RSA,28.02.1986,INACTIVE,CHAID Gaddy
3591,10014585144,BLR,26.03.1998,INACTIVE,SAROKA Aliaksandr
3592,10045937766,BEL,27.06.1985,ACTIVE,VANDENBUSSCHE Ron
3593,10009847807,LAT,18.04.1992,INACTIVE,JIRGENSONS Martinš
3594,10015442582,NZL,15.01.1999,INACTIVE,MILLER Samuel
3595,10007754324,GER,15.10.1992,ACTIVE,WOLF Justin
3596,10015208166,CZE,08.11.1979,ACTIVE,VAJBAR Daniel
3597,10002380524,HUN,16.09.1980,INACTIVE,SZEGHALMI Bálint
3598,10014587063,BLR,01.04.1998,ACTIVE,SHAUCHENKA Siarhei
3599,10016109054,FIN,16.03.1977,INACTIVE,LONDEN Timo Petteri
3600,10010118696,SUI,06.08.1998,INACTIVE,SCHNEITER Joab
3601,10055342827,AUS,29.04.1999,ACTIVE,GILMORE Zack
3602,10003301620,GER,05.02.1986,Active,KLUGE Roger
3603,10056419426,PUR,16.01.1990,INACTIVE,DE LA MATA DE JESÚS Wilfredo
3604,10009004210,HUN,30.05.1995,ACTIVE,PÁPAI Ádám
3605,10009032805,BLR,16.08.1995,ACTIVE,TSISHCHANKA Hardzei
3606,10009033411,UKR,02.03.1995,INACTIVE,KREMINSKYI Vladyslav
3607,10009588533,CAN,27.03.1997,INACTIVE,ROBERGE Adam
3608,10010115060,POL,30.09.1998,INACTIVE,CZUBAK Dawid
3609,10015961635,RUS,27.09.1999,INACTIVE,FEDOROV Ivan
3610,10008663700,GBR,26.11.1995,ACTIVE,WOOD Oliver
3611,10010790525,AUS,27.07.1998,INACTIVE,VAN DER VLIET Jake
3612,10010824574,RSA,08.02.1998,INACTIVE,GOUVERIS Bradley
3613,10009717360,HUN,08.05.1996,INACTIVE,FERENCZ Soma Károly
3614,10017297407,IRL,12.06.1990,INACTIVE,STEVENS Freddie
3615,10010675943,CAN,30.05.1985,INACTIVE,DAVIES Dylan
3616,10072879316,AUS,20.08.1998,ACTIVE,CHESTER Tom
3617,10015785520,JPN,26.10.1996,INACTIVE,SUZUKI Rikku
3618,10010204380,CHN,07.03.1996,INACTIVE,XUE Fuwen
3619,10015390749,ESP,15.01.1998,INACTIVE,GARCIA LINARES Jose Antonio
3620,10009197301,TUR,10.03.1996,INACTIVE,BALKAN Onur
3621,10021000682,JPN,15.11.1991,INACTIVE,IKARI Yuta
3622,10015197961,CAN,26.12.1995,INACTIVE,WALDECK Tommy
3623,10009519118,ESP,09.11.1995,INACTIVE,IRISARRI RICON Jon
3624,10015847861,LAT,27.02.1998,INACTIVE,KULAKOVS Aleksandrs
3625,10034900378,UKR,18.02.1994,INACTIVE,POKOTYLO Yevgenii
3626,10004521392,GBR,09.03.1987,INACTIVE,TENNANT Andrew
3627,10008886493,USA,17.01.1967,Inactive,BRINTON David
3628,10023480751,CHN,29.10.1998,INACTIVE,JI Yanglin
3629,10005794924,USA,05.11.1971,INACTIVE,VUGRINCIC Allen
3630,10004595356,GBR,04.03.1988,INACTIVE,BURKE Steven
3631,10015716206,RSA,17.09.1998,INACTIVE,MARAIS Rainhardt
3632,10016235053,BLR,26.07.1997,INACTIVE,AHLOBLIN Ilya
3633,10008681177,GBR,06.02.1994,ACTIVE,LATHAM Christopher
3634,10011151445,JPN,26.12.1995,INACTIVE,YAMAMOTO Shuhei
3635,10062592262,CHN,30.01.1998,INACTIVE,LIU Xinlin
3636,10017817264,RSA,21.06.1993,INACTIVE,SHANGE Sibongakonke
3637,10011142654,RSA,02.02.1988,INACTIVE,HUMAN Andre
3638,10062594282,CHN,03.07.1998,INACTIVE,ZHANG Hengyan
3639,10009511236,USA,13.12.1995,INACTIVE,COHEN Scott
3640,10010687461,UKR,29.09.1997,INACTIVE,CHERNIAVSKYY Andrii
3641,10023824190,GBR,22.04.2000,ACTIVE,TIDBALL William
3642,10023876633,GBR,02.10.2000,ACTIVE,BROWN Jim
3643,10015353464,UKR,05.02.1998,INACTIVE,KOZHUSHKO Dmytro
3644,10015851396,UKR,16.10.1998,INACTIVE,STROGUSH Viktor
3645,10014738728,UKR,26.01.1997,INACTIVE,DUMA Pavlo
3646,10023969185,GBR,14.02.2000,INACTIVE,CALVERT Charley
3647,10010922382,GBR,11.05.1998,INACTIVE,CHANDLER Tom
3648,10015411967,UKR,06.09.1998,INACTIVE,DESHKO Roman
3649,10015411664,UKR,10.06.1998,INACTIVE,KUHAR Vitalii
3650,10019299142,GBR,07.10.1997,ACTIVE,LEAVES Nathan
3651,10015900910,UKR,21.02.1995,INACTIVE,RUDENKO Ivan
3652,10009317135,GBR,06.10.1981,ACTIVE,BURNS Scott
3653,10014812486,GBR,25.06.1998,INACTIVE,BALL Buauna
3654,10062892154,GBR,12.03.1985,INACTIVE,DAVIES Richard
3655,10023723049,COL,10.09.2000,ACTIVE,CADAVID RIVERA Santiago Isaac
3656,10018142923,GBR,01.01.1997,ACTIVE,JOHNSTON Kyle
3657,10018290847,GBR,10.06.1961,ACTIVE,DENT Adrian
3658,10018795550,GBR,18.10.1965,ACTIVE,BARR Jim
3659,10061370466,RSA,,INACTIVE,SHANGA Sbonga
3660,10061297718,MAS,13.04.1998,INACTIVE,MUHAMMAD Danieal Haikkal
3661,10009490927,CAN,22.04.1995,INACTIVE,SOUCY Marc-Antoine
3662,10007765337,MAS,07.08.1993,INACTIVE,HAMIDUN Hamdan
3663,10006416229,BRA,02.09.1989,INACTIVE,RODRIGUES MONTEIRO Gideoni
3664,10009251457,GUA,31.03.1996,INACTIVE,CARRANZA Angel
3665,10007725931,GUA,13.09.1992,INACTIVE,PADILLA MIRANDA Julio
3666,10016126737,MGL,27.06.1998,ACTIVE,BOLD Iderbold
3667,10009098984,USA,12.06.1995,INACTIVE,GAY Daniel
3668,10014871191,MAC,11.09.1997,INACTIVE,HO Ka Fu
3669,10010605720,CZE,04.08.1997,INACTIVE,SPUDIL Martin
3670,10008938431,GUA,19.02.1994,INACTIVE,GEOVANI Sam
3671,10010790828,AUS,22.05.1998,ACTIVE,O’BRIEN Kelland
3672,10008890941,GUA,12.01.1988,INACTIVE,PADILLA Alejandro
3673,10023488229,USA,05.12.1995,INACTIVE,HINSON Austin
3674,10008988648,CZE,05.08.1995,INACTIVE,PIETRULA Nicolas
3675,10006415825,CUB,07.09.1991,ACTIVE,MARCOS VIDUEIRO Leandro
3676,10009991182,BEL,11.01.1997,ACTIVE,GHYS Robbe
3677,10007760081,IRL,04.09.1976,INACTIVE,COLLIS Con
3678,10016208882,USA,16.02.1997,INACTIVE,GUGGEMOS Alec
3679,10010608346,CUB,01.02.1994,INACTIVE,SANTA CLARA LORES Onel
3680,10009869530,POL,29.01.1997,INACTIVE,SOWINSKI Artur
3681,10006897286,GER,12.01.1992,ACTIVE,LISS Lucas
3682,10010672105,FIN,13.06.1979,INACTIVE,NURMINEN Janne
3683,10061443521,HUN,26.09.1987,INACTIVE,HALASZ Viktor
3684,10010657755,CUB,20.10.1996,INACTIVE,CONSUEGRA GIL Frank
3685,10015535744,AUS,31.12.1990,INACTIVE,LINDSAY Jack
3686,10009136168,BEL,21.05.1996,ACTIVE,TAMINIAUX Lionel
3687,10010806891,POL,04.06.1998,Inactive,MICHALSKI Piotr
3688,10009003705,HUN,08.04.1993,INACTIVE,KURILLA Bence
3689,10009134855,BEL,19.11.1996,INACTIVE,BOUSSAER Bryan
3690,10010657654,CUB,17.02.1996,INACTIVE,GONZALEZ LUGO Lazaro
3691,10007749876,BEL,07.02.1994,ACTIVE,RICKAERT Jonas
3692,10061311357,ESP,06.03.1998,INACTIVE,GÓMEZ Josué
3693,10016258089,COL,07.11.1997,INACTIVE,SANTOYA ACEVEDO German Andres
3694,10059187158,GUA,10.11.1989,Active,AJPACAJA TAX Alfredo Esteban
3695,10009023711,MEX,21.09.1993,ACTIVE,PRADO JUAREZ Ignacio De Jesus
3696,10061278621,CUB,11.01.1997,INACTIVE,CARRILES Alejandro
3697,10061351066,MEX,,INACTIVE,CAMACHO HERNANDEZ Edson Luigi
3698,10009517502,ESP,05.09.1995,INACTIVE,ALONSO OIARBIDE Ander
3699,10009834164,CHN,01.09.1994,INACTIVE,LI Mingjun
3700,10010687360,UKR,06.09.1997,INACTIVE,PIDKIVKA Vitaliy
3701,10007783323,HUN,18.02.1993,INACTIVE,SZOBOSZLAI Patrik
3702,10010880855,RUS,19.05.1998,INACTIVE,GRUNIN Aleksei
3703,10009151730,ARG,20.03.1996,INACTIVE,CRISAFULLI Facundo Olaf
3704,10009873974,ESP,09.11.1996,INACTIVE,BELTRÁN Oriol
3705,10008683908,FIN,08.06.1995,INACTIVE,LUOSTARINEN Henrik
3706,10009350275,POL,24.11.1995,ACTIVE,PAWLAK Tobiasz
3707,10010856405,CUB,21.01.1996,INACTIVE,VERA HERNANDEZ Hidalgo
3708,10061337326,ESP,27.01.1997,INACTIVE,IBARGUREN Oier
3709,10009214879,CHN,18.08.1995,INACTIVE,LIU Ye
3710,10059186451,GUA,05.07.1984,ACTIVE,RODAS OCHOA Manuel Oseas
3711,10010718985,CHN,08.08.1992,INACTIVE,ZHAO Yanbo
3712,10015244037,GRE,27.03.1996,INACTIVE,MPOUTOPOULOS Georgios
3713,10059187259,GUA,06.01.1993,ACTIVE,MONTERROSO Dorian Javier
3714,10061383806,CUB,04.09.1985,INACTIVE,ARIAS Jan Carlos
3715,10007357634,BEL,01.09.1993,INACTIVE,KERF Jérôme
3716,10009430909,CAN,20.01.1994,INACTIVE,DOYLE Elliot
3717,10006319229,UKR,12.10.1988,INACTIVE,TESLER Artem
3718,10009224983,GUA,07.02.1995,INACTIVE,MENDEZ Amilcar
3719,10015153303,USA,20.02.1998,INACTIVE,HATTON Keith
3720,10016192920,COL,02.08.1998,INACTIVE,RAMOS ZAPATA Juan Jose
3721,10010657856,CUB,07.07.1996,INACTIVE,FROMETA PREVAL Argenis
3722,10013709821,NZL,14.11.1998,INACTIVE,O'CONNELL Anton
3723,10009436767,CHN,20.04.1994,INACTIVE,SHEN Pingan
3724,10014631422,IRL,20.09.1997,INACTIVE,MURNANE Conor
3725,10009870742,GUA,10.07.1996,INACTIVE,SERECH Oscar
3726,10010610669,FIN,23.04.1997,INACTIVE,RELANTO Erik
3727,10010857213,CUB,01.07.1991,INACTIVE,PEREZ LABRADOR Emilio
3728,10006454120,BEL,22.09.1990,INACTIVE,EVRARD Laurent
3729,10011137200,CAN,05.09.1997,INACTIVE,SOUCY Jean-François
3730,10010591168,GUA,16.12.1996,INACTIVE,OROZCO Dilson
3731,10010590764,FIN,16.06.1988,ACTIVE,REPONEN Ville-Pekka
3732,10009638144,GUA,17.03.1997,INACTIVE,BOS Andre
3733,10061379055,CUB,12.12.1982,INACTIVE,VIAMONTES Sergio
3734,10010771529,BEL,14.10.1998,INACTIVE,MEYERS Vincent
3735,10007781101,CAN,21.10.1993,INACTIVE,JEAN Emile
3736,10001592703,BEL,23.02.1981,INACTIVE,PIETERS Frederik
3737,10018776251,GER,19.09.1995,ACTIVE,SCHESKE Frederik
3738,10006596283,CAN,10.05.1973,INACTIVE,DE ROSNAY Emile
3739,10014834415,BEL,09.01.1998,INACTIVE,VAN HAUWERMEIREN Michiel
3740,10009740093,GRE,18.02.1997,ACTIVE,PANIGYRAKIS Ioannis
3741,10023926749,GBR,04.07.1999,ACTIVE,MACRAE Alexander
3742,10008940249,ECU,14.06.1994,ACTIVE,RODRÍGUEZ CADENA Pedro Sebastian
3743,10016081267,CAN,02.08.1973,ACTIVE,POP Dorel
3744,10010197815,ECU,23.09.1997,INACTIVE,CUICAL Jhordan
3745,10023476509,CAN,04.12.1985,INACTIVE,BAKER Sean
3746,10016007307,COL,01.04.1998,INACTIVE,MORENO RAMIREZ Johan
3747,10011135479,GRE,25.03.1974,ACTIVE,NTEGIANNIS Emmanouil
3748,10013888057,UKR,21.01.1991,INACTIVE,MUDRENKO Denys
3749,10005788052,GRE,15.08.1981,INACTIVE,KOKOLAKIS Marios
3750,10014740546,UKR,17.02.1997,INACTIVE,SNIGURSKYY Vadym
3751,10061289230,UKR,11.07.1997,INACTIVE,MUSIENKO Bogdan
3752,10018958430,GBR,25.10.1988,INACTIVE,UPCOTT Ian
3753,10015411866,UKR,09.01.1998,INACTIVE,KOBZAR Mykhailo
3754,10010938550,GRE,11.01.1965,INACTIVE,KARATZAS Georgios
3755,10023827729,GBR,16.07.1998,INACTIVE,DRAPER Matthew
3756,10009860436,UKR,17.02.1994,INACTIVE,PANASENKO Oleksiy
3757,10015875042,UKR,23.11.1998,INACTIVE,SHYMIN Oleh
3758,10018688345,GBR,14.11.1982,ACTIVE,SPENDELOW Joshua
3759,10015790368,IRL,16.03.1999,ACTIVE,DAVIES Conor
3760,10004789962,GBR,26.09.1960,INACTIVE,REID Ivor
3761,10004707110,ALG,02.02.1985,INACTIVE,HANNACHI Abdelbaset
3762,10009351588,EGY,12.04.1994,INACTIVE,NASSER RAGAAY Islam
3763,10009500728,DEN,04.08.1996,INACTIVE,HARTVIG Daniel
3764,10011030092,EGY,18.05.1993,INACTIVE,RAMADAN KORNEY Islam
3765,10005732882,PHI,28.01.1986,INACTIVE,MORALES Jan Paul
3766,10009854473,UKR,17.04.1995,INACTIVE,POLYAKOV Yuriy
3767,10007900733,DEN,19.03.1994,INACTIVE,NIELSEN Mathias Møller
3768,10006291139,AUS,08.05.1990,INACTIVE,DAVISON Luke
3769,10006481196,BEL,12.08.1991,INACTIVE,DE PAUW Moreno
3770,10008855676,CAN,07.07.1992,INACTIVE,DAHL Kristofer
3771,10004738432,AZE,22.04.1985,ACTIVE,ALAKBAROV Mahammad
3772,10010937338,ESA,09.10.1992,INACTIVE,SANCHEZ Ricardo
3773,10009486580,BOL,17.08.1993,INACTIVE,MONTELLANO ALVARADO Carlos Alberto
3774,10010699080,KOR,16.10.1985,INACTIVE,KANG Joonyoung
3775,10009079281,POL,20.04.1995,INACTIVE,RZEZNICKI Michal
3776,10009706044,JAM,21.01.1994,INACTIVE,WILLIAMS Oshane
3777,10009049575,BLR,14.04.1996,INACTIVE,IVASHKIN Anton
3778,10007274879,CAN,04.07.1990,INACTIVE,PELLETIER-ROY Rémi
3779,10010586926,JAM,27.11.1992,ACTIVE,HILL Thailer
3780,10089663043,VEN,07.08.1997,ACTIVE,LINAREZ MENESES Leangel Ruben
3781,10010882269,BOL,20.03.1996,INACTIVE,AGUILAR Ismael
3782,10009363514,POL,10.03.1993,INACTIVE,KARGUL Wojciech
3783,10007890528,POL,27.01.1993,INACTIVE,MICHCINSKI Michal
3784,10003054369,JAM,02.03.1982,INACTIVE,TURNER Tinga
3785,10010724443,MEX,12.05.1996,INACTIVE,BADILLO PAZ Oswaldo
3786,10006499283,CZE,12.07.1991,INACTIVE,VENDOLSKÝ Ondřej
3787,10007750482,BEL,07.10.1994,INACTIVE,MICHIELS Killian
3788,10011034742,JAM,19.01.1989,INACTIVE,MCGILL Surge
3789,10009995428,ESP,26.02.1996,INACTIVE,MANGAS ALONSO Juan Pablo
3790,10008932468,MEX,09.04.1992,INACTIVE,PAGAZA VALLE Jesus Armando
3791,10010584906,TTO,10.07.1984,INACTIVE,LUCES Barry
3792,10009010472,BEL,16.05.1995,INACTIVE,VAN BEETHOVEN Matthias
3793,10011046563,JAM,04.12.1996,INACTIVE,ROBERTSON Dean
3794,10010937136,ESP,17.10.1996,INACTIVE,GARCIA MARTIN Enrique
3795,10009072110,VEN,05.02.1993,INACTIVE,ORELLANA Juan
3796,10006498879,CZE,05.05.1991,INACTIVE,FÜRST Roman
3797,10005379844,CZE,11.02.1988,INACTIVE,DOSTÁL Jan
3798,10009502748,CZE,18.01.1996,INACTIVE,KOHOUT Michal
3799,10006903451,CZE,24.07.1994,ACTIVE,FILIP Jakub
3800,10008993193,CZE,09.02.1995,INACTIVE,LICHNOVSKÝ Luděk
3801,10010869943,GBR,01.03.1979,INACTIVE,LAMB Duncan
3802,10007290239,POL,04.06.1993,INACTIVE,JEZIORSKI Rafal
3803,10008012786,AUT,07.01.1993,INACTIVE,WAUCH Dennis
3804,10009966732,CZE,01.12.1997,INACTIVE,CHYTIL Daniel
3805,10008970763,CAN,30.12.1995,INACTIVE,NOEL Marc Antoine
3806,10008669760,GBR,12.02.1994,INACTIVE,DIBBEN Jonathan
3807,10011043028,JAM,20.12.1978,INACTIVE,FORD Gary
3808,10010881461,RUS,23.05.1996,INACTIVE,ZAHARIN Vitalii
3809,10008040573,NOR,20.02.1985,INACTIVE,FORDAL Arnt Ove
3810,10008817583,NED,20.12.1996,INACTIVE,SCHOLTEN Wiebe
3811,10011052930,UZB,14.12.1996,INACTIVE,KORABAEV Timur
3812,10011063741,JAM,14.06.1994,INACTIVE,MYERS Dervin
3813,10008033402,AZE,12.01.1992,INACTIVE,ISGANDAROV Tural
3814,10010722524,BRA,02.09.1995,INACTIVE,ROSSETIM HEUSI William
3815,10010110919,FIN,30.04.1981,INACTIVE,KORPI Antti
3816,10007897093,GER,15.03.1994,INACTIVE,SCHOMBER Nils
3817,10008952979,COL,25.03.1990,INACTIVE,TALERO Cristian
3818,10007815655,POR,19.05.1991,ACTIVE,JORGE Iúri
3819,10007503942,POL,15.07.1992,INACTIVE,NOWAK Mateusz
3820,10010855694,RUS,06.06.1996,INACTIVE,TARANENKO Vladislav
3821,10009969055,NED,19.02.1997,ACTIVE,SCHOONDERWOERD Mike
3822,10007750078,BEL,24.04.1994,INACTIVE,VANDERAERDEN Niels
3823,10006899310,CAN,09.04.1991,ACTIVE,SCHWINGBOTH Jacob
3824,10009726050,POL,05.05.1997,INACTIVE,STANISZEWSKI Daniel
3825,10010583791,VEN,14.07.1993,INACTIVE,DÍAZ SANTIL Andrés Argenis
3826,10010923594,USA,22.12.1987,INACTIVE,LIEBER Hans
3827,10010590461,BUL,02.11.1994,INACTIVE,ANDREEV Yordan
3828,10008623785,CHN,15.04.1992,INACTIVE,SHAN Shuang
3829,10005967403,GER,17.09.1990,ACTIVE,REINHARDT Theo
3830,10009831639,UZB,01.03.1996,INACTIVE,TUYCHIKHONOV Rustam
3831,10004713372,VEN,25.03.1988,INACTIVE,MANZANO Jaiker
3832,10061382590,BRA,27.09.1977,INACTIVE,TAVARES Luís
3833,10010676650,FIN,14.09.1995,INACTIVE,VÄYRYNEN Iiro
3834,10010933702,JPN,15.03.1995,INACTIVE,TSURU Ryosei
3835,10002726488,CAN,10.01.1983,INACTIVE,ROTH Ryan
3836,10006338730,SUI,30.06.1992,INACTIVE,MÜLLER Lukas
3837,10010742934,GRE,30.07.1997,INACTIVE,ARNAOUTAKIS Konstantinos
3838,10009740602,POL,14.10.1997,INACTIVE,SOJKA Mikolaj
3839,10007241436,USA,28.05.1972,INACTIVE,HATFIELD Quinn
3840,10010909248,BRA,09.02.1987,INACTIVE,GARCIA Erick
3841,10009172342,GER,12.02.1996,INACTIVE,SCHUBERT Erik
3842,10009021889,JPN,29.06.1971,INACTIVE,OKUDAIRA Mitsuo
3843,10009990980,BEL,13.02.1997,INACTIVE,STEVENS Maarten
3844,10010725251,CAN,19.11.1996,INACTIVE,COWAN Alexander
3845,10006600024,POL,13.03.1991,Inactive,NOWACZEK Mateusz
3846,10007503437,CZE,23.01.1993,ACTIVE,KRAUS Jan
3847,10010922887,VEN,02.09.1987,INACTIVE,CRUZ Luis
3848,10010672206,FIN,16.12.1986,INACTIVE,HARJU Lauri
3849,10007751694,GER,07.04.1994,INACTIVE,MATHIS Marco
3850,10010933803,JPN,07.03.1995,INACTIVE,FUKASAWA Taku
3851,10009665224,BEL,13.05.1994,INACTIVE,BOSSUYT Gianni
3852,10011078794,SUI,27.03.1966,Inactive,GUBLER Stephan
3853,10002279985,CZE,11.03.1999,ACTIVE,BLAHO Martin
3854,10009713320,AZE,31.03.1994,INACTIVE,ILYASOV Jeyhun
3855,10010923695,USA,04.08.1983,INACTIVE,WHITSON Dustin
3856,10010584296,BRA,28.12.1985,INACTIVE,DA CRUZ Samitto
3857,10009438888,CHN,01.06.1988,INACTIVE,YU Baolong
3858,10002450343,GER,22.12.1982,INACTIVE,LAMPATER Leif
3859,10009085244,JPN,21.05.1993,INACTIVE,HAYASHI Kohei
3860,10010173159,POL,16.08.1997,Inactive,PIWOWSKI Kamil
3861,10007503134,CZE,17.03.1993,ACTIVE,SISR František
3862,10010580054,IRL,19.12.1986,ACTIVE,WITHERS Patrick
3863,10009737366,AZE,23.04.1988,INACTIVE,MAMMADOV Orxan
3864,10006897387,GER,29.09.1992,INACTIVE,THIELE Kersten
3865,10009523966,CAN,12.01.1981,INACTIVE,BRIAND Fabien
3866,10009032603,POL,16.12.1995,INACTIVE,KORCZYNSKI Borys
3867,10010738587,AZE,16.09.1995,INACTIVE,KOCHKAROV Vidadi
3868,10006477257,GER,15.10.1991,INACTIVE,KOCH Michel
3869,10008913371,BEL,28.10.1991,ACTIVE,CAMPENAERTS Victor
3870,10009516286,POL,27.11.1995,INACTIVE,TOMASZEWSKI Krzysztof
3871,10004627587,CZE,29.03.1987,INACTIVE,HAČECKÝ Vojtech
3872,10007738055,GER,17.01.1994,ACTIVE,ACKERMANN Pascal
3873,10009865587,BEL,10.06.1996,INACTIVE,HOFMAN Stijn
3874,10003096304,CZE,01.10.1986,ACTIVE,HOCHMANN Jiří
3875,10010824473,AZE,03.11.1996,INACTIVE,ABIZHOV Vusal
3876,10010922281,USA,15.01.1996,INACTIVE,BAZLEY Connor
3877,10008698759,BEL,06.01.1995,ACTIVE,VAN DEN BRANDE Julien
3878,10009717966,POL,25.01.1996,INACTIVE,ZALESNY Pawel
3879,10009304910,CZE,09.04.1984,INACTIVE,BLAZEJOVSKY Vojtech
3880,10009172746,GER,20.02.1996,ACTIVE,FRANZ Marcel
3881,10008864871,CAN,12.06.1995,ACTIVE,BURKE Jack
3882,10010923800,USA,12.01.1971,INACTIVE,TREISTER Jeremy
3883,10011047270,CAN,08.11.1996,INACTIVE,PICKELL Jackson
3884,10009871247,GRE,28.05.1984,INACTIVE,LEONTARIDIS Ioannis
3885,10009348053,POL,17.07.1994,INACTIVE,KUBIAK Patryk
3886,10009166480,GER,07.03.1996,INACTIVE,FRAHM Jasper
3887,10011047169,CAN,08.08.1996,INACTIVE,KROPF Joshua
3888,10010591774,BUL,06.11.1993,INACTIVE,MANKOV Slaveyko
3889,10007857182,GER,29.01.1992,INACTIVE,WOTSCHKE Sebastian
3890,10011032621,CAN,10.06.1993,ACTIVE,CULP Emmett
3891,10010938348,GRE,09.06.1992,INACTIVE,BLATSOUKIS Panagiotis
3892,10010091721,POL,22.08.1995,INACTIVE,WALECKI Kamil
3893,10002511674,GER,23.02.1983,INACTIVE,BOMMEL Henning
3894,10007756243,CAN,30.10.1977,INACTIVE,FREELAND Chris
3895,10008692291,GER,04.04.1994,INACTIVE,RESKE Tim
3896,10010875296,GRE,04.09.1991,INACTIVE,KARANTAMOGLOU Christos
3897,10010739803,GER,31.10.1988,ACTIVE,WUNDERLICH Marc
3898,10010938651,GRE,27.12.1988,INACTIVE,KOTSOGLANIDIS Vasileios
3899,10010923901,USA,03.10.1991,INACTIVE,DELIVANIS Anthony
3900,10010799013,JPN,14.02.1998,ACTIVE,IMAMURA Shunsuke
3901,10010182051,GBR,18.09.1998,ACTIVE,HAYTER Ethan
3902,10019037545,ESP,19.02.1988,ACTIVE,MORA VEDRI Sebastian
3903,10050865568,GER,19.06.2002,ACTIVE,TEUTENBERG Tim Torn
3904,10015871608,INA,08.09.1997,ACTIVE,VAN AERT Bernard Benyamin
3905,10013692037,GBR,23.08.1996,ACTIVE,PERRETT William
3906,10051225478,DEN,10.03.2002,ACTIVE,HANSEN Tobias
3907,10015508866,NED,02.02.1999,ACTIVE,HOPPEZAK Vincent
3908,10005502914,ITA,07.02.1989,ACTIVE,VIVIANI Elia
3909,10008881948,NED,20.08.1994,ACTIVE,VAN SCHIP Jan Willem
3910,10083092810,MEX,30.06.2001,ACTIVE,PEÑA SALAS Ricardo
3911,10083785449,USA,24.07.2001,ACTIVE,MOORE Peter
3912,10010185889,ITA,01.04.1998,ACTIVE,DONEGÀ Matteo
3913,10009730191,USA,12.07.1997,ACTIVE,HOOVER Gavin
3914,10007900026,FRA,24.02.1994,ACTIVE,BOUDAT Thomas
3915,10022776792,NED,15.09.2000,ACTIVE,DORENBOS Yanne
3916,10016191910,ARG,27.01.1999,ACTIVE,RUIZ Ivan Gabriel
3917,10008826374,KOR,21.06.1994,ACTIVE,SHIN Dongin
3918,10016485839,BEL,21.09.2000,ACTIVE,VAN DEN BOSSCHE Fabio
3919,10010702215,RSA,14.10.1998,ACTIVE,VAN WYK Joshua
3920,10052435352,LTU,16.09.2002,ACTIVE,MIKUTIS Aivaras
3921,10049099461,MAS,01.04.2000,ACTIVE,ZAINAL Zulhelmi
3922,10010994932,POL,30.10.1997,ACTIVE,BANASZEK Alan
3923,10051468887,USA,30.03.1999,ACTIVE,LANGE Colby
3924,10010992508,UAE,08.10.1988,ACTIVE,MIRZA AL-HAMMADI Yousif Mohamed Ahmed
3925,10115012072,AUS,19.04.2003,ACTIVE,CARTER John
3926,10080529683,MAS,10.10.2002,ACTIVE,ALIYAS Abdul Azim
3927,10006502014,NED,19.02.1991,ACTIVE,HAVIK Yoeri
3928,10055347372,AUS,16.04.1999,ACTIVE,LEAHY Conor
3929,10009158295,RSA,17.07.1996,ACTIVE,BONTHUYS Carl
3930,10010653513,IRI,04.07.1997,ACTIVE,GANJKHANLOU Mohammad
3931,10054369490,CHI,31.03.2001,ACTIVE,DECAR ZUÑIGA Jacob
3932,10022783058,NED,25.05.2000,ACTIVE,HEIJNEN Philip
3933,10075780222,RSA,12.11.1997,ACTIVE,HOFMEYR Wynand
3934,10021323715,JPN,01.11.2000,Active,KOJIMA Naoki
3935,10007890730,ITA,12.09.1994,ACTIVE,CONSONNI Simone
3936,10035026882,AUT,07.11.2004,ACTIVE,KOKAS Raphael
3937,10009012900,HKG,05.06.1995,ACTIVE,MOW Ching Yin
3938,10047303244,CZE,30.12.2000,ACTIVE,VONEŠ Jan
3939,10009316327,GBR,25.08.1995,ACTIVE,STEWART Mark
3940,10007636106,ALG,08.11.1985,ACTIVE,TCHAMBAZ Lotfi
3941,10045958075,UZB,29.10.2000,ACTIVE,FOMOVSKIY Aleksey
3942,10075185185,AUS,24.05.2001,ACTIVE,EATHER Kurt
3943,10062490616,CHN,03.03.1994,INACTIVE,JIANG Zhihui
3944,10050677935,CHI,24.10.1993,ACTIVE,PEÑALOZA YANEZ Felipe
3945,10005436731,LAT,17.07.1979,ACTIVE,KORNILOVS Vitalijs
3946,10044069003,POR,29.07.2001,ACTIVE,DIAS Daniel
3947,10086775675,AUS,21.10.2002,ACTIVE,AGNOLETTO Blake
3948,10044645949,POR,19.11.2001,ACTIVE,NARCISO Diogo
3949,10102216055,ALG,24.01.2001,ACTIVE,MEGNOUCHE Hamza
3950,10010858223,CUB,09.01.1998,ACTIVE,PARRA PEREZ Alejandro
3951,10009873772,PER,23.08.1996,Active,RUIZ CALLE Hugo Nestor Emiliano
3952,10050076030,ARG,26.09.1998,ACTIVE,MENDEZ Marcos Omar
3953,10010800831,POR,03.07.1998,ACTIVE,LEITÃO Iúri
3954,10054827414,JPN,26.03.2000,ACTIVE,KAWANO Shoki
3955,10021493463,JPN,06.07.2000,INACTIVE,YACHI Kenta
3956,10047431263,CZE,27.04.2004,ACTIVE,KADLEC Milan
3957,10054330286,CHI,02.11.2002,ACTIVE,ARRIAGADA PIZARRO Cristian
3958,10072876181,AUS,29.05.2001,ACTIVE,WALSH Liam
3959,10085000171,AUS,09.10.2002,ACTIVE,MILLER Angus
3960,10020964916,JPN,17.03.2000,ACTIVE,YAMAMOTO Tetsuo
3961,10009640063,POL,24.08.1997,ACTIVE,SAJNOK Szymon
3962,10010171038,GBR,20.04.1998,ACTIVE,WALLS Matthew
3963,10035252006,COL,17.02.2000,ACTIVE,ZAPATA UNAS Alex Juan Pablo
3964,10025923131,FRA,26.09.2000,ACTIVE,GRONDIN Donavan
3965,10091503316,SUD,14.09.2003,Inactive,ABDALLA Najmeldin
3966,10034799035,SUI,24.09.2001,ACTIVE,BIELER Dominik
3967,10045964038,HKG,25.07.2000,ACTIVE,TSO Kai Kwong
3968,10015709132,ESP,25.02.1999,ACTIVE,AZPARREN IRURZUN Xabier Mikel
3969,10084700784,USA,28.08.1993,ACTIVE,STRAIN Lucas
3970,10007198996,ECU,06.11.1992,ACTIVE,NOVOA PAVON Leonidas
3971,10019929642,NOR,28.03.2003,Active,FELDMANN Karsten Larsen
3972,10006891630,ITA,10.01.1992,ACTIVE,SCARTEZZINI Michele
3973,10016884751,IRL,25.02.2003,ACTIVE,CAULFIELD-DREIER Stefan
3974,10021521452,JPN,13.09.1999,ACTIVE,MATSUDA Shoi
3975,10064646541,USA,16.03.1990,ACTIVE,BREUER Daniel
3976,10047309409,CZE,17.03.2001,ACTIVE,KŘENEK Adam
3977,10069244038,MAS,20.07.2000,ACTIVE,LIM Chun Kiat
3978,10109841467,AUS,23.11.2004,Active,TOMKINSON Tyler
3979,10089663548,UKR,13.10.2000,ACTIVE,TSARENKO Kyrylo
3980,10008820011,AUT,23.12.1996,ACTIVE,RITZINGER Felix
3981,10019895185,NOR,29.06.2004,ACTIVE,GRANBERG Sander
3982,10100631622,AUS,12.11.2003,ACTIVE,MARRIAGE Zachary
3983,10064384742,UZB,26.02.2002,ACTIVE,ISMATOV Botirjon
3984,10072343287,AUS,07.06.2001,Active,MORIARTY James
3985,10044253404,POR,27.03.2004,ACTIVE,MARTINS João
3986,10059931735,CZE,21.04.2003,ACTIVE,ŠIROKÝ Štěpán
3987,10049101784,MAS,24.09.2000,ACTIVE,NOOR ROSEIDI Ariff Danial
3988,10006291846,AUS,12.06.1990,INACTIVE,HARVEY Benjamin
3989,10071936695,AUS,16.12.2004,ACTIVE,ROGERS Cameron
3990,10052763637,GBR,20.07.2003,ACTIVE,GIDDINGS Joshua
3991,10011236119,NOR,17.12.1998,ACTIVE,KNOTTEN Iver Johan
3992,10074893377,COL,19.06.1994,INACTIVE,SOTO MARTINEZ Nelson
3993,10016207367,USA,30.08.1998,ACTIVE,GREEN Bradley
3994,10049091276,KOR,07.10.1999,INACTIVE,KIM Euro
3995,10009233471,GRE,13.09.1996,ACTIVE,SOULIOS Zisis
3996,10045965654,HKG,09.07.2001,ACTIVE,CHU Tsun Wai
3997,10088567448,NOR,25.01.2003,ACTIVE,WEISETH Sondre Aarsbog
3998,10047443589,CZE,23.02.2004,ACTIVE,ŠTEC Radovan
3999,10073282874,HKG,21.08.2001,ACTIVE,LIANG King Hung
4000,10080302341,INA,26.04.2000,INACTIVE,OETOMO Yosandy Darmawan
4001,10015977395,MAS,22.03.1999,ACTIVE,ROSLI Muhammad Nur Aiman
4002,10084644911,CHN,13.12.2000,ACTIVE,YANG Yang
4003,10016499478,BEL,22.08.2000,ACTIVE,VAN MULDERS Brent
4004,10036013858,RUS,07.12.2002,ACTIVE,DENISOV Denis
4005,10021749505,NZL,21.08.2004,ACTIVE,JOHNSTON Lewis
4006,10092490995,KAZ,28.06.2002,ACTIVE,YELYUBAYEV Ruslan
4007,10101896359,KAZ,26.07.2004,ACTIVE,KARABUTOV Ilya
4008,10010920766,BRA,25.01.1997,INACTIVE,PEREIRA DALAMARIA Fabio
4009,10036237059,GER,01.12.2003,ACTIVE,BRIESE Max-David
4010,10026519881,FRA,07.03.2000,ACTIVE,HAMON Nicolas
4011,10081878084,LAT,12.12.1991,ACTIVE,NEMILOSTIVIJS George
4012,10036591515,LTU,06.08.2004,ACTIVE,ADOMAITIS Rokas
4013,10036019013,RUS,03.06.2002,ACTIVE,SHCHEGOLKOV Ilia
4014,10045957873,UZB,16.05.2000,ACTIVE,EVDOKIMOV Danil
4015,10019926107,NOR,24.03.2003,INACTIVE,BOLME Thomas
4016,10010100613,KOR,07.09.1995,INACTIVE,CHA Dongheon
4017,10100631319,AUS,12.10.2003,Active,FREETH Aston
4018,10041175672,ESP,07.09.2004,ACTIVE,NAVAS MARCHAL Alvaro
4019,10009667042,ARG,02.11.1992,ACTIVE,RAMOS Rubén Gabriel
4020,10006320340,UKR,14.04.1990,ACTIVE,VASYLIEV Maksym
4021,10072421089,THA,14.04.2001,ACTIVE,KAEONOI Thak
4022,10053587329,MAS,25.05.1999,ACTIVE,"FONG Hung Chiat, Maximillian"
4023,10051904882,POL,18.09.2002,Active,FRATCZAK Radoslaw
4024,10082261337,PAR,25.05.2004,ACTIVE,DOMINGUEZ SILVA Carlos
4025,10009161228,HKG,23.09.1996,ACTIVE,LAU Wan Yau Vincent
4026,10021464464,JPN,11.11.2000,ACTIVE,KOYATA Takato
4027,10009493250,FRA,17.10.1995,ACTIVE,PIJOURLET Louis
4028,10011140634,NED,05.10.1998,INACTIVE,VAN DER VEEKENS Mel
4029,10036324258,GER,06.02.2002,INACTIVE,DRESCHER Laurin
4030,10048438649,DEN,01.03.2003,ACTIVE,MATHIESEN Phillip
4031,10009510024,USA,04.07.1996,ACTIVE,HILYER James
4032,10021270464,JPN,29.09.2001,INACTIVE,KITAMURA Shota
4033,10019737763,NOR,27.09.2003,ACTIVE,ESKEDAL Vetle Torin
4034,10046031130,SVK,13.06.2002,INACTIVE,LÁVEČKA Matúš
4035,10051909633,CHI,28.09.1995,Active,ARRIAGADA PIZARRO Matias
4036,10015327903,CZE,22.10.1999,ACTIVE,BABOR Daniel
4037,10067973136,FRA,03.04.2003,ACTIVE,LE HUITOUZE Eddy
4038,10139942385,RUS,14.02.2005,ACTIVE,TSVETKOV Nikita
4039,10096373928,ISR,19.08.2003,INACTIVE,AMIR Shahar
4040,10016739857,IRL,06.07.2000,INACTIVE,KENNY Rhys
4041,10071364395,KOR,15.03.1999,Inactive,KIM Kookhyun
4042,10042535490,ESP,09.07.2003,ACTIVE,BONILLO MARTIN Iker
4043,10034792668,SUI,21.07.2003,ACTIVE,TAPPEINER Pascal
4044,10121234624,KOR,20.05.2003,INACTIVE,KIM Minjae
4045,10047400547,CZE,04.06.2004,ACTIVE,KOBLÍŽEK Matyáš
4046,10022212879,NZL,26.06.2002,ACTIVE,MURPHY Lucas
4047,10010172553,GRE,22.04.1998,ACTIVE,STAVRAKAKIS Georgios
4048,10042256618,ESP,05.08.2002,ACTIVE,AZPARREN IRURZUN Enekoitz
4049,10053232368,MAS,10.02.2001,ACTIVE,HAMZAH Mior Muhammad Hazwan
4050,10046098727,SVK,10.05.2003,ACTIVE,HOLÁŇ Marek
4051,10095689672,USA,16.05.2002,ACTIVE,HUNTSMAN Edward
4052,10054658874,POL,08.12.2004,ACTIVE,WALINIAK Konrad
4053,10055291596,GBR,23.07.2003,ACTIVE,BROUGH Jack
4054,10023453469,KAZ,27.03.1999,INACTIVE,AZEN Gabiden
4055,10054558945,INA,27.11.1993,ACTIVE,PRAYOGO Dealton Nur Arif
4056,10036099542,RUS,12.10.2002,ACTIVE,MALKOV Kirill
4057,10084649456,KOR,18.08.1995,INACTIVE,KIM Hyeonseok
4058,10007175253,ESP,20.11.1989,ACTIVE,MARTIN INFANTE Noel
4059,10009769803,FRA,24.08.1997,ACTIVE,DEGUEURCE Joffrey
4060,10074702714,MAS,14.06.2002,ACTIVE,OMAR Mohammad Faiz Fakhri
4061,10063516186,TUR,05.09.2001,ACTIVE,ARIKAN Dogukan
4062,10014106107,URU,18.04.1989,ACTIVE,ANCHIERI ZUNINO Pablo Sebastián
4063,10009033209,BLR,02.12.1994,ACTIVE,TSISHKOU Raman
4064,10084028757,ISR,03.12.2003,INACTIVE,URI Yonatan
4065,10006732588,GRE,11.07.1990,INACTIVE,RAPTIS Orestis
4066,10007949435,BRA,25.06.1987,ACTIVE,MOURO CHAMAN Lauro Cesar
4067,10015907071,FRA,23.03.1999,ACTIVE,TABELLION Valentin
4068,10023487219,CHN,17.04.2000,ACTIVE,YU Ze
4069,10023123467,NED,26.04.2004,ACTIVE,ABMA Elmar
4070,10050949737,IND,20.03.2002,Inactive,SINGH Vishavjeet
4071,10006049851,RSA,31.08.1989,INACTIVE,MAREE David
4072,10094440796,GRE,18.07.2002,ACTIVE,DRAKOS Nikolaos Michail
4073,10015561915,MAS,19.06.1999,ACTIVE,HAMDAN Wan Abdul Rahman
4074,10055238046,POL,17.03.2003,ACTIVE,KOT Julian
4075,10048001139,CZE,18.02.2003,ACTIVE,VÁVRA Petr
4076,10088232901,CAN,09.10.2002,ACTIVE,WEBSTER Zach
4077,10005934360,ESP,26.04.1990,ACTIVE,TORRES BARCELO Albert
4078,10083425640,HKG,28.10.1999,ACTIVE,NG Sum Lui
4079,10036018912,RUS,25.01.2002,ACTIVE,SHICHKIN Vlas
4080,10021021803,JPN,23.03.2001,INACTIVE,TAKAHASHI Shun
4081,10050531425,DEN,03.08.1993,ACTIVE,PEDERSEN Nicklas
4082,10121701032,BRA,17.01.2002,INACTIVE,VIEIRA CARDOSO Yan Henrique
4083,10049159883,ECU,01.04.1998,INACTIVE,VILLALBA QUISHPE Erick Paul
4084,10010920867,BRA,06.12.1997,INACTIVE,REIKDAL STACHERA Samuel Hauane
4085,10011018675,CHN,17.10.1997,INACTIVE,ZHOU Hongfei
4086,10015509169,NED,15.10.1999,ACTIVE,KONIJN Alexander
4087,10036393168,GER,19.11.2004,ACTIVE,SCHRÖDER Jasper
4088,10055221474,AUS,25.12.2000,ACTIVE,PLAPP Lucas
4089,10056606150,CHI,20.06.1999,ACTIVE,PONCE MEJIAS Christopher
4090,10088487828,DEN,08.04.1997,Active,NIELSEN Andreas Stokbro
4091,10009036239,VEN,23.12.1994,ACTIVE,GOMEZ UROSA Luis
4092,10035363958,COL,14.11.2001,INACTIVE,HOYOS CASTRO Miguel Angel
4093,10006137858,MAS,09.06.1989,ACTIVE,MAT AMIN Mohd Shahrul
4094,10041176480,ESP,15.07.2004,ACTIVE,ANGUELA YAGÜEZ Mario
4095,10063828408,USA,21.03.2000,INACTIVE,ANDERSON Ian
4096,10009349972,USA,19.12.1995,ACTIVE,RHIM Brendan
4097,10052575293,ESP,19.10.2003,ACTIVE,ECHEVERRIA AZPILICUETA Martzel
4098,10071607000,FRA,23.12.2002,ACTIVE,BESNIER Erwan
4099,10021696254,NZL,05.07.2002,ACTIVE,GOUGH Hunter
4100,10109497422,UZB,05.05.2004,ACTIVE,TROMAN Vladislav
4101,10053821745,DEN,07.08.2003,INACTIVE,SCHRØDER Lucas
4102,10042426366,ESP,22.02.2004,ACTIVE,AZANZA BURUSCO Ibai
4103,10008668245,ECU,06.02.1995,ACTIVE,PITA BOLANOS Cristian David
4104,10003146925,BRA,08.08.1982,ACTIVE,DA COSTA CAMARGO FILHO Armando Reis
4105,10023441042,NED,02.04.2001,ACTIVE,VERZIJL Sten
4106,10120022225,IND,11.01.2003,INACTIVE,KASWAN Mukesh
4107,10079766619,INA,31.12.2002,INACTIVE,NUGRAHA Adhithia Alung
4108,10035296260,COL,14.02.1995,INACTIVE,RUIZ CAÑAS Alejandro
4109,10023975653,USA,17.12.2001,ACTIVE,TAYLOR Billy
4110,10009822242,TUR,06.11.1998,INACTIVE,TIRYAKI Oguzhan
4111,10009147282,MAS,25.09.1996,ACTIVE,ZAKARIA Akmal Hakim
4112,10092819684,RSA,17.05.2002,Active,GEARY Dillon
4113,10077462665,RUS,25.12.2003,ACTIVE,IVANOV Aleksandr
4114,10036072664,RUS,18.01.2001,ACTIVE,BUTREKHIN Yurii
4115,10089014759,ARG,17.09.1988,INACTIVE,OLIVIERI Alan Emmanuel
4116,10011040604,IRL,04.02.1999,ACTIVE,BULLER John
4117,10082960545,JPN,10.06.2002,ACTIVE,OKAMOTO Katsuya
4118,10014889783,FRA,29.01.1998,ACTIVE,LE NY Jean Louis
4119,10077497324,ECU,18.12.2003,ACTIVE,PITA BOLAÑOS Alexander
4120,10010997861,UAE,07.06.1996,Active,TALAL SOUDIR SHIR Mohamad
4121,10109426589,CHN,22.12.2002,ACTIVE,WU Junjie
4122,10023400828,NED,26.01.2004,ACTIVE,WILLEMSEN Justus
4123,10014454394,IND,05.08.1996,INACTIVE,SINGH Rajbeer
4124,10004719739,VEN,12.11.1983,ACTIVE,ROJAS ROMERO Máximo Eliecer
4125,10121919078,THA,31.03.2003,ACTIVE,DAMRONGSHIP Krit
4126,10010824675,RSA,01.12.1997,INACTIVE,VENCESLAU Flavio
4127,10014010824,HKG,08.09.1993,ACTIVE,CHENG Wang Hin
4128,10015329418,GRE,18.09.1999,INACTIVE,CHRISTAKOS Dimitrios
4129,10056531378,MAS,15.09.2002,INACTIVE,"CHEE Wen Chun, Waldron"
4130,10054667867,POL,15.08.2002,ACTIVE,LEWANDOWSKI Radoslaw
4131,10009060285,INA,16.11.1993,ACTIVE,CAHYADI Aiman
4132,10056107915,BLR,19.04.2000,ACTIVE,MAZUR Dzianis
4133,10133786828,UZB,02.03.2005,ACTIVE,FEDOROV Daniil
4134,10006290331,AUS,27.02.1990,INACTIVE,HALL Stephen
4135,10131634741,BRA,25.04.2003,INACTIVE,INIESTA CABRINI Matheus
4136,10052729180,IRL,04.02.2002,ACTIVE,HAGAN Paul-Antoine
4137,10097195394,JPN,18.02.2002,INACTIVE,ADACHI Koshin
4138,10075807504,SUI,01.08.1996,ACTIVE,BÖGLI Noah
4139,10056225325,ESP,22.07.2004,ACTIVE,SEGURA GARCIA Jose
4140,10097168520,ECU,01.07.2005,ACTIVE,ULCUANGO SANCHEZ Gabriel
4141,10007388855,BRA,04.09.1987,ACTIVE,DA ROSA Cristian Egidio
4142,10055956149,UAE,31.05.1999,ACTIVE,ALMASHGHOUNI Omar
4143,10048895761,CAN,14.04.1998,ACTIVE,FITZMAURICE Cameron
4144,10069097124,FRA,25.06.2003,ACTIVE,POUVREAULT Gregory
4145,10085846600,CHN,17.12.2000,INACTIVE,SUN Wentao
4146,10023053345,NED,30.12.2002,ACTIVE,MOURIS Wessel
4147,10044361821,GER,08.01.2002,ACTIVE,DREßLER Luca
4148,10050880120,IND,27.02.2002,INACTIVE,S S Anantha Narayanan
4149,10054329680,CHI,27.06.2002,ACTIVE,PIZARRO MANCILLA Felipe
4150,10015833313,VEN,10.11.1998,ACTIVE,RINCÓN Germán
4151,10083973789,THA,23.08.2000,ACTIVE,WATTANAPREEDA Pornmanas
4152,10015755309,RSA,05.05.1999,INACTIVE,JAMES Nicholas
4153,10016040447,HKG,29.03.1999,ACTIVE,HO Kin Ming
4154,10006284570,COL,11.04.1989,ACTIVE,ANGARITA REYES Marvin Orlando
4155,10014720742,USA,10.01.1990,INACTIVE,BEEBE Aaron
4156,10107271068,GRE,31.12.2003,INACTIVE,KOUTOUNIS Aristeidis
4157,10049098754,MAS,19.07.2000,INACTIVE,NOR Muhammad Hakimi
4158,10053551660,GER,29.10.1997,ACTIVE,SALMON Martin Alexander
4159,10072624284,FRA,24.09.2002,ACTIVE,MONGE Cédric
4160,10062141315,PER,04.02.1994,ACTIVE,QUISPE COLQUE Alaín Rossbel
4161,10004873121,HKG,09.11.1987,ACTIVE,KO Siu Wai
4162,10062325413,MAS,04.08.1998,ACTIVE,ABD RASIM Mohamad Saari Amri
4163,10023527736,BRA,27.11.1999,INACTIVE,MARTINELLI Gustavo
4164,10063851848,USA,17.07.2000,ACTIVE,JASTRAB Ryan
4165,10070429357,FRA,28.10.2002,ACTIVE,MACE Marius
4166,10083073208,POL,25.09.2003,Active,RADOSZ Maksymilian
4167,10118761730,ECU,30.11.2004,ACTIVE,VIVAS VILLARREAL Adonis
4168,10085073327,BRA,08.06.2004,ACTIVE,FREITAS DE OLIVEIRA Pedro Miguel
4169,10115693294,UAE,04.07.1995,ACTIVE,ALZEYOUDI Sameh
4170,10006879708,CAN,14.01.1991,ACTIVE,DAL-CIN Matteo
4171,10118835387,CHN,24.05.2002,INACTIVE,PAN Bokun
4172,10056007174,NED,20.12.2001,ACTIVE,PEETOOM Nelson
4173,10050631051,IND,30.01.2000,INACTIVE,KUMAR Dinesh
4174,10020087266,NOR,02.08.2003,ACTIVE,FLØISVIK Fredrik Nordahl
4175,10080654470,VEN,16.10.2000,ACTIVE,RUBIO ROSALES Yohandri Josue
4176,10118987355,THA,25.12.2003,INACTIVE,PONKLA Phongsin
4177,10096138094,HKG,14.03.2002,ACTIVE,WONG Yik Nam
4178,10009531040,JPN,18.07.1996,ACTIVE,MAGOSAKI Daiki
4179,10007996521,COL,07.07.1987,ACTIVE,CHAPARRO LOPEZ Didier Alonso
4180,10086049488,KOR,20.06.2003,INACTIVE,JEONG Seunghwa
4181,10082372279,GRE,30.08.2002,ACTIVE,BRETAS Sotirios-Marios
4182,10023967771,IRL,19.01.2001,ACTIVE,DOBBINS Matthew
4183,10115012577,AUS,02.07.2004,ACTIVE,EAVES William
4184,10063654212,HKG,18.06.2003,ACTIVE,LAU Joseph
4185,10071009438,FRA,20.08.2002,ACTIVE,CHEVRIER Nathan
4186,10119528333,BRA,27.01.2002,INACTIVE,GONZELI Otavio Augusto
4187,10010807093,POL,08.08.1998,INACTIVE,KRAWCZYK Szymon
4188,10097023323,KOR,17.09.2002,INACTIVE,KIM Jongwoo
4189,10065269159,ECU,07.08.2002,ACTIVE,REVELO PAUCAR Franklin Joel
4190,10002358292,BRA,06.02.1976,INACTIVE,NOVELLO Marcos Christian
4191,10115693092,UAE,05.07.1985,INACTIVE,ALDHANHANI Reyadh
4192,10068352244,FRA,07.02.2001,ACTIVE,PETIT Clément
4193,10023397188,NED,28.08.2002,ACTIVE,LUIJTEN Noel
4194,10097366661,IND,17.01.1998,INACTIVE,SEKHON Harshveer
4195,10047168454,CZE,15.05.2004,ACTIVE,POKORNÝ Ondřej
4196,10051905690,CHI,04.07.1984,ACTIVE,PAREDES ARANCIBIA Ricardo
4197,10009521441,THA,13.12.1996,INACTIVE,KAMDEEWONG Siwadon
4198,10016052470,HKG,25.11.1997,ACTIVE,WAN Yiu Him
4199,10035390129,COL,06.11.2000,ACTIVE,GUTIERREZ GONZALEZ Jose Manuel
4200,10015571211,KOR,18.05.1998,INACTIVE,YOO Yeonwoo
4201,10036504215,KAZ,01.04.2000,ACTIVE,YUSSIFOV Igor
4202,10008789800,IRI,11.04.1990,ACTIVE,ARIYAN Behnam
4203,10079509062,FRA,08.10.2003,ACTIVE,POMMELET Hugo
4204,10009386550,CZE,30.08.1995,ACTIVE,FIALA Petr
4205,10056514911,USA,30.11.1969,ACTIVE,MILLER Michael
4206,10076203988,UKR,28.08.2004,ACTIVE,KABASHNYI Valentyn
4207,10010200744,KOR,25.07.1996,ACTIVE,MIN Kyeongho
4208,10082975501,JPN,12.01.2002,INACTIVE,YAMAMOTO Daichi
4209,10039729665,ESP,21.07.2003,ACTIVE,AMENGUAL MIRALLES Sergi
4210,10049033682,ECU,29.09.2000,ACTIVE,MONTENEGRO FARINANGO Lenin
4211,10050600941,UAE,13.05.1998,ACTIVE,ALSABBAGH Mohammad
4212,10022723646,NED,28.11.2001,ACTIVE,WILSHAUS Serginho
4213,10036478650,GER,31.03.2004,ACTIVE,MÜLLER Tobias
4214,10123469765,IND,05.09.1999,INACTIVE,SINGH Mandeep
4215,10020502750,NOR,04.12.1973,ACTIVE,ANDREASSEN Odd Gaute
4216,10060688133,CHI,22.02.2003,ACTIVE,CARDENAS RUIZ Josafat
4217,10080223529,LTU,07.04.2003,Active,IVANAUSKAS Darijus
4218,10121919482,THA,25.02.2003,ACTIVE,PAHUAN Tanayut
4219,10017811406,RSA,27.07.1998,INACTIVE,ROODT Keanan
4220,10054774466,COL,02.07.2002,ACTIVE,ROJAS VEGA Brandon Alejandro
4221,10017239207,IRL,07.09.2000,ACTIVE,WHELAN Darragh
4222,10006407741,KAZ,13.10.1990,INACTIVE,MIRALIYEV Sultanmurat
4223,10120246638,UZB,30.11.2004,ACTIVE,ERGASHEV Sanjarbek
4224,10101714786,AUS,12.12.2004,Active,PROCTOR-PARKER Dylan
4225,10036592626,LTU,24.07.2002,ACTIVE,MATUZEVIČIUS Žygimantas
4226,10089471366,UKR,13.02.2001,ACTIVE,YAKOVLEV Mykyta
4227,10073174659,ESP,12.06.2003,ACTIVE,ETXABE ZUBIAURRE Kimetz
4228,10010782340,AUS,20.11.1998,ACTIVE,BOLTON Thomas
4229,10023527837,BRA,21.03.2000,INACTIVE,VOLPATO ROSSI Pedro Guilherme
4230,10069918893,SUI,08.04.2003,ACTIVE,CONSTANT Matteo
4231,10121700123,BRA,19.03.2002,INACTIVE,ANDRADE MAGALHAES Gean Lucas
4232,10044305035,POR,20.10.2003,ACTIVE,SALEIRO Diogo
4233,10012857635,NED,26.05.1994,ACTIVE,VAN NIEROP Glenn
4234,10050604678,IND,07.07.2001,INACTIVE,BHOSALE Subham
4235,10023561886,CZE,28.03.2000,ACTIVE,ROTTER Michal
4236,10053696453,CHI,14.09.1997,ACTIVE,CABRERA FREDES Nicolas
4237,10009318953,THA,05.04.1991,INACTIVE,CHANGPAD Kritsada
4238,10006891933,COL,26.07.1991,Inactive,CHAPARRO RUEDA Yeison Andres
4239,10109152666,KOR,07.12.2002,INACTIVE,KIM Jinwoong
4240,10092103096,MAS,24.07.2003,ACTIVE,HENG Zi Hen
4241,10101834018,KAZ,01.10.2003,ACTIVE,STRELNIKOV Yegor
4242,10058461173,POL,02.11.2002,INACTIVE,KRUKOWSKI Aleksander
4243,10082733708,JPN,12.05.2001,INACTIVE,IZAWA Masaya
4244,10088481360,USA,01.04.2004,ACTIVE,STEIN Dakota
4245,10135032670,UZB,05.05.2004,INACTIVE,TROMAN Vladislav
4246,10063966733,POL,20.04.2004,ACTIVE,RATAJCZAK Dominik Jedrzej
4247,10101568781,THA,25.12.2003,ACTIVE,PHONKLA Phongsin
4248,10026228275,FRA,18.09.2000,ACTIVE,CARREAU Dorian
4249,10097170742,ECU,03.02.2005,ACTIVE,CHALCO VALLEJO Marco
4250,10009134451,BEL,14.01.1996,ACTIVE,ROGIER Stef
4251,10044305136,POR,20.10.2003,ACTIVE,SALEIRO Sérgio
4252,10036553624,GER,01.01.2001,ACTIVE,BUCK-GRAMCKO Tobias
4253,10050118163,IND,24.06.2002,INACTIVE,ALI Sayyad Bhuran
4254,10009528111,NOR,20.03.1990,ACTIVE,MYHRER Kristian
4255,10050030358,DEN,14.09.1996,ACTIVE,KONGSTAD Tobias
4256,10060058441,CHI,02.07.2002,ACTIVE,BRETTI VILLALOBOS Daniel
4257,10097390711,THA,17.09.1999,ACTIVE,PUCHITAKORN Phum
4258,10009565594,COL,19.11.1994,ACTIVE,GOMEZ PEÑALOZA Bryan Steve
4259,10009114950,MAS,04.01.1990,Active,JUMARI Muhammad Elmi
4260,10054626946,POL,13.07.2002,INACTIVE,MALKIEWICZ Bartosz
4261,10088070829,POR,03.10.2003,ACTIVE,MOREIRA Alexandre
4262,10006483624,USA,13.02.1989,ACTIVE,CHISELKO Stephen
4263,10037774208,ESP,08.07.2004,ACTIVE,MERENCIANO LOPEZ Alejandro
4264,10065943412,FRA,20.06.2004,ACTIVE,DUPE Mathieu
4265,10105335415,RUS,04.06.2005,ACTIVE,MUKHIN Mikhail
4266,10109415273,NZL,20.04.2004,INACTIVE,GILLINGHAM Jack Grady
4267,10136187475,CHN,10.04.2004,INACTIVE,BAI Zhengtao
4268,10097451739,JPN,05.02.2002,INACTIVE,MATSUOKA Yuma
4269,10015713172,CAN,06.01.1999,ACTIVE,TAYLOR Lucas
4270,10036500979,GER,16.08.2002,ACTIVE,TEMMEN Jan-Marc
4271,10135692573,IND,05.03.2003,INACTIVE,KUMAR Veeresh
4272,10047329314,CZE,16.01.2004,ACTIVE,PADĚLEK Viktor
4273,10061972674,CHI,01.12.1987,INACTIVE,VERGARA BERMEO Felix
4274,10069038419,FRA,09.11.2002,ACTIVE,DUC Maxence
4275,10009873065,COL,02.11.1996,INACTIVE,CAÑAVERAL VARGAS Johnatan
4276,10063857811,USA,30.09.2000,INACTIVE,SIMS Patton
4277,10132548864,KOR,26.08.2003,INACTIVE,HONG Jiwon
4278,10010827507,SUI,13.09.1993,ACTIVE,GYSLING David
4279,10075888336,FRA,25.12.2003,ACTIVE,ROBIC Julien
4280,10036091660,RUS,15.09.2003,Active,GUTOVSKII Vladislav
4281,10083825966,JPN,21.01.1998,INACTIVE,KITTA Kazuki
4282,10010202663,ESP,21.11.1997,ACTIVE,GOMIZ PEREZ Alejandro
4283,10094145150,ECU,25.02.2003,ACTIVE,ULCUANGO SANCHEZ Kevin
4284,10012856120,BEL,15.02.1993,ACTIVE,GOEMAN Jonas
4285,10048387018,CAN,13.09.2001,ACTIVE,FRONER Axel
4286,10022081729,NZL,14.07.2003,ACTIVE,VAN HEYNINGEN Michiel
4287,10064151033,IND,06.09.2000,INACTIVE,BISHNOI Sandeep
4288,10046409430,CZE,01.09.2004,ACTIVE,MAZEL Ondřej
4289,10063166582,CHI,24.05.1998,ACTIVE,VARGAS PARRAGUEZ Bastian
4290,10079997294,MAS,16.05.2000,ACTIVE,AZRIN Ameenur Haqeem
4291,10030624702,ITA,04.01.2003,ACTIVE,OLIVO Bryan
4292,10056467118,POL,14.10.2004,ACTIVE,DOLAK Kamil
4293,10067003439,COL,29.03.2004,INACTIVE,ROMERO FORERO Luis Fernando
4294,10091526251,IRL,10.10.2002,ACTIVE,HASSETT Eoin
4295,10121795709,KOR,29.09.2003,INACTIVE,JANG Yeonho
4296,10023534406,MAS,13.04.1992,ACTIVE,SHATHIRAN Muhammad Irfan
4297,10013697188,POL,20.01.2002,INACTIVE,KALINOWSKI Michal
4298,10066333331,POL,25.01.2003,INACTIVE,STEMPNAKOWSKI Mateusz
4299,10131133270,JPN,07.12.2003,INACTIVE,FUKUNAGA Kazuto
4300,10021462949,JPN,22.08.2001,INACTIVE,TAKECHI Hikari
4301,10061209610,MAS,25.12.2000,Active,MOHD ZAINI Muhammad Akmal Zaidi
4302,10084699976,ECU,16.09.2002,ACTIVE,VELASQUEZ INTRIAGO Edison
4303,10122560187,BRA,13.10.1991,INACTIVE,CASETTA João Paulo
4304,10009141525,BEL,12.05.1995,ACTIVE,REYNAERTS Wim
4305,10021684534,NZL,20.04.2004,ACTIVE,GILLINGHAM Jack
4306,10015766322,GER,08.11.1999,ACTIVE,HEINSCHKE Leon
4307,10064842157,POL,22.02.2004,INACTIVE,KUDLINSKI Kamil
4308,10010830335,COL,26.12.1997,INACTIVE,AVELLANEDA SANDOVAL Daniel Eduardo
4309,10122246353,KOR,18.04.2003,INACTIVE,KIM Duha
4310,10124898493,UZB,16.03.2005,ACTIVE,BOBOSHEROV Farrukh
4311,10087838130,AUS,17.10.2002,ACTIVE,EDDY Patrick
4312,10135030650,UZB,29.10.2000,INACTIVE,FOMOVSKIY Aleksey
4313,10081638315,UKR,16.10.2003,ACTIVE,HORBOVYI Sviatoslav
4314,10009652995,FRA,02.05.1998,ACTIVE,FOULON Dorian
4315,10055237945,POL,01.06.2004,Active,KIDA Antoni
4316,10023524100,RUS,06.01.2000,ACTIVE,GONOV Lev
4317,10112359932,AUS,24.11.2004,ACTIVE,PALMER Campbell
4318,10090838460,MAS,28.06.2004,ACTIVE,AFDZAL Muhammad Adam Danish
4319,10115014601,JPN,13.09.2002,INACTIVE,YAHAGI Yuya
4320,10036117831,DEN,28.11.2001,ACTIVE,LARSEN Ruben Zilas
4321,10034790951,SUI,08.02.2003,ACTIVE,RUSSENBERGER Wanja
4322,10009258733,BRA,05.01.1994,ACTIVE,ASSIS GARCIA Bruno Aron
4323,10124904254,BEL,14.08.2001,ACTIVE,VAN CRAEN Maximiliaan
4324,10059695703,CAN,13.11.1969,ACTIVE,MCKEE Steve
4325,10096660278,CHI,26.01.1999,ACTIVE,ILUFI ROCA Adolfo
4326,10073851235,MAS,21.09.2003,ACTIVE,MD HAZRI Muhammad Hariz
4327,10071650446,FRA,12.01.2003,ACTIVE,BROUSSE Mathieu
4328,10003298687,COL,27.11.1981,ACTIVE,PEDRAZA MORALES Walter Fernando
4329,10064902882,KOR,22.01.2000,INACTIVE,JUN Hyunsu
4330,10079996789,MAS,11.01.2003,Active,NORHISYAM Muhammad Putra Radzi
4331,10051885179,POL,27.02.2001,INACTIVE,SZARY Jan
4332,10120245729,UZB,27.11.2004,ACTIVE,JANIKULOV Samandar
4333,10129484472,IRL,22.12.2001,ACTIVE,LIGHTFOOT Jack
4334,10089838653,MAS,27.02.2004,ACTIVE,M. ZAINI Muhammad Faheem Razen
4335,10047235647,CZE,05.05.2003,INACTIVE,ČEPEK Martin
4336,10068629096,FRA,30.07.2001,ACTIVE,SEGUI Lucas
4337,10049081273,ECU,04.07.1998,ACTIVE,TORO CAICEDO Cristian Alexander
4338,10072044207,BRA,13.12.1982,INACTIVE,DE SOUSA SILVA Gilberto
4339,10065034339,BEL,02.09.2003,ACTIVE,DEWULF Wannes
4340,10085828210,COL,15.05.2002,INACTIVE,BOHORQUEZ FLOREZ Santiago
4341,10101449755,KAZ,27.02.2003,ACTIVE,STRELCHENKO Kirill
4342,10053810833,POL,01.07.2001,INACTIVE,NOCEN Maciej
4343,10008651976,AUT,26.10.1994,ACTIVE,AUER Daniel
4344,10094658341,GBR,10.02.2003,ACTIVE,CHARLTON Josh
4345,10069844125,FRA,30.01.2003,ACTIVE,FAURE Corentin
4346,10058750557,RUS,22.05.2004,ACTIVE,BABYUK Aleksandr
4347,10036589693,LTU,22.08.2000,ACTIVE,KMIELIAUSKAS Rokas
4348,10039917302,ESP,18.09.2002,ACTIVE,TORRENT ORTIZ Pau
4349,10096304917,JPN,03.08.2002,INACTIVE,NAKAMURA Eito
4350,10049079455,CAN,25.08.1987,ACTIVE,LANCARIC Sean
4351,10049134827,ESP,06.04.2004,ACTIVE,VILLAR VINADE Jaume
4352,10120363644,ECU,28.01.2005,ACTIVE,NAVAS PAREDES Kevin
4353,10065058789,BEL,18.05.2004,ACTIVE,L´EAU Michiel
4354,10097927645,FRA,10.12.2000,ACTIVE,RIBEIRO DA CRUZ Mathias
4355,10011146900,AUS,31.05.1999,ACTIVE,DRIZNERS Jarrad
4356,10036358816,GER,03.04.2003,ACTIVE,SCHRAG Daniel
4357,10015727522,ITA,18.09.1999,INACTIVE,VITILLO Nicolò
4358,10030701894,ITA,02.03.2003,ACTIVE,GRANDO Riccardo
4359,10067494402,FRA,15.02.2003,ACTIVE,WALLIANG Thibault
4360,10035249780,COL,08.02.1993,ACTIVE,GARCIA ALVAREZ Nicolas David
4361,10104236180,KAZ,11.05.2003,ACTIVE,VASSILYEV Dmitriy
4362,10051903872,POL,14.08.2001,INACTIVE,BIERNACKI Filip
4363,10135032165,UZB,27.06.2002,INACTIVE,EMINOV Edem
4364,10015922229,POL,22.10.1999,ACTIVE,MIAZGA Jan
4365,10048203122,CZE,06.01.1991,INACTIVE,KŘENEK Miroslav
4366,10010100916,KOR,11.01.1996,INACTIVE,KIM Unggyeom
4367,10020964310,JPN,22.07.2000,INACTIVE,KAZAMA Ryuta
4368,10025562110,FRA,24.06.2000,ACTIVE,MONMASSON Guillaume
4369,10049986609,GER,25.08.2001,ACTIVE,LOHSE Constantin
4370,10135439969,MAS,17.12.2002,INACTIVE,RAZALI Muhammad Noor Harris
4371,10048893539,USA,11.03.2003,ACTIVE,HILL Wesley
4372,10108567838,COL,23.11.2002,INACTIVE,NAVARRO FUENTES Sergio
4373,10062930853,MAS,18.05.2002,INACTIVE,"LEE Vui Lin, Steven"
4374,10053810631,POL,30.03.2001,INACTIVE,DABSKI Patryk
4375,10089581302,LTU,14.07.2004,ACTIVE,VENCKUS Jomantas
4376,10088702440,BUL,18.05.1986,ACTIVE,DIMITROV Galin
4377,10096850440,CZE,12.05.1993,ACTIVE,RYBÍN Ondřej
4378,10009252871,JPN,11.08.1993,INACTIVE,HARADA Hiroaki
4379,10004722870,FRA,04.06.1982,ACTIVE,CLERE Emilien
4380,10026079745,FRA,07.11.2000,ACTIVE,CHAILLAN Emanuel
4381,10015551912,USA,10.09.1998,ACTIVE,HOUSE Elijah
4382,10084612676,COL,13.07.2002,ACTIVE,KELLY MURILLO Santiago
4383,10081650136,RUS,17.06.2005,ACTIVE,PURYGIN Maxim
4384,10036018811,RUS,04.06.2002,ACTIVE,NOVOLODSKII Ivan
4385,10122263026,BEL,31.12.2001,ACTIVE,DE MEY Remi
4386,10063226705,JPN,10.12.2001,Inactive,SHINOMIYA Hiroto
4387,10060367528,CAN,11.07.1991,ACTIVE,COTE Nicolas
4388,10036275758,GER,02.12.2001,ACTIVE,HEINRICH Nicolas
4389,10073585190,DEN,22.06.2003,ACTIVE,HOLM Albert
4390,10069309211,FRA,17.04.2003,ACTIVE,DUFFAUD Marco
4391,10055207229,USA,04.05.2003,ACTIVE,GIBSON Anton
4392,10085199730,COL,04.09.2003,INACTIVE,MACHADO GAMBA Carlos
4393,10055209754,POL,26.07.2003,INACTIVE,KOWALCZYK Adrian
4394,10059000535,LAT,09.06.2004,ACTIVE,REINFELDS Rihards
4395,10087761944,ESP,17.09.2004,ACTIVE,URRETABIZKAIA AUZMENDI Unax
4396,10021170232,JPN,13.11.2000,INACTIVE,KAWADA Shinya
4397,10084699673,COL,10.04.2002,INACTIVE,RIVEROS CLAVIJO Miguel
4398,10076574006,MAS,14.03.2000,INACTIVE,MOHD HANIFIAH Muhamad Fakhruazam
4399,10054650790,POL,26.02.2001,INACTIVE,POTASZNIK Szymon
4400,10072631055,FRA,03.06.2003,ACTIVE,PERLEAUX Dorian
4401,10047362050,CZE,22.08.2003,INACTIVE,KOVAŘČÍK Petr
4402,10078794292,RUS,27.05.2003,ACTIVE,TISHKIN Alexander
4403,10082960242,JPN,05.07.2003,ACTIVE,ONAKA Riku
4404,10035445295,COL,14.05.2000,INACTIVE,UMBA LOPEZ Juan Alejandro
4405,10118975736,USA,03.12.1982,ACTIVE,KOEHLER Lucas
4406,10095816277,JPN,09.10.2002,INACTIVE,UDAGAWA Rui
4407,10072875272,AUS,24.11.1996,ACTIVE,VILLANI Jordan
4408,10080655682,COL,14.10.2003,ACTIVE,MONTES AVILA Jaider
4409,10055146100,POL,15.03.2003,INACTIVE,KAMINSKI Jakub
4410,10016202822,USA,08.11.1989,INACTIVE,BAKER Nicholas
4411,10079374373,POL,19.12.2005,ACTIVE,WISNIEWSKI Szymon
4412,10021590059,JPN,23.07.2000,INACTIVE,UMAKOSHI Hiroyuki
4413,10014054573,CAN,22.11.1996,ACTIVE,WALSH Edward
4414,10131776706,UZB,06.05.2005,ACTIVE,OTCHENKO Danil
4415,10006061369,POL,10.07.1989,ACTIVE,STACHOWIAK Adam
4416,10010835688,VEN,13.03.1997,ACTIVE,QUINTERO ARTEAGA Leonel
4417,10046480562,CZE,15.01.2003,INACTIVE,VLČEK Radek
4418,10023932611,GBR,12.11.2001,ACTIVE,HARRINGTON Thomas
4419,10078216740,ROU,11.04.2004,ACTIVE,NOVAK Edvard
4420,10081168570,ROU,20.01.2004,Active,TOROK Janos
4421,10054288961,UKR,08.10.2003,ACTIVE,BORYSLAVSKYI Bohdan
4422,10007509194,MEX,27.04.1993,ACTIVE,MALDONADO RAYAS Edibaldo
4423,10011044442,ISR,20.09.1997,ACTIVE,EINHORN Itamar
4424,10050151812,SLO,26.04.2004,ACTIVE,GREGORCIC Natan
4425,10066728809,FRA,12.11.2002,ACTIVE,CHAPEAU Florian
4426,10089404678,ESP,26.01.2004,ACTIVE,RUIZ PINO Rodrigo
4427,10135031054,UZB,16.05.2000,INACTIVE,EVDOKIMOV Danil
4428,10135031559,UZB,06.06.2002,INACTIVE,BOCHAROV Dmitriy
4429,10035025771,AUT,19.07.2003,ACTIVE,HAJEK Alexander
4430,10047373366,CZE,27.12.2001,ACTIVE,VOLTR Martin
4431,10009090496,GER,25.02.1996,ACTIVE,PORZNER Manuel
4432,10028945790,ITA,20.06.2001,ACTIVE,BONELLI Alessio
4433,10029223353,ITA,09.03.2003,ACTIVE,ORLANDO Matteo
4434,10030615002,ITA,29.03.2003,ACTIVE,FLORIAN Riccardo
4435,10065769216,FRA,13.10.2004,ACTIVE,SALVADORI Axel
4436,10015859682,TTO,29.04.2000,ACTIVE,BURNETTE Maurice
4437,10007892447,UKR,23.06.1993,INACTIVE,DZHUS Volodymyr
4438,10011335846,IRL,04.07.1990,ACTIVE,SALLEE Connor
4439,10064387469,UZB,03.03.2001,ACTIVE,ZABIROV Damir
4440,10007891336,BLR,03.07.1994,ACTIVE,RAMANAU Raman
4441,10079412264,BLR,19.12.2005,ACTIVE,YARASH Uladzislau
4442,10091972047,RUS,23.11.2005,ACTIVE,KUZMENKO Nikolai
4443,10105865881,RUS,25.07.2003,ACTIVE,DIKII Mark
4444,10120244012,UZB,25.12.2005,ACTIVE,TAKHIROV Diyor
4445,10126744426,TJK,10.03.2005,ACTIVE,RUSTAMOV Najibullo
4446,10126744729,TJK,08.07.2003,ACTIVE,ABDULLOEV Manuchehr
4447,10127044924,TJK,15.07.2005,ACTIVE,JAMOLIDDINI Jumakhon
4448,10131887042,TJK,02.10.2003,Active,PIROV Shohrukh
4449,10070040044,ESP,11.07.2003,ACTIVE,DIAZ DE ANDRES Ibon
4450,10008661979,POR,16.12.1993,ACTIVE,BARBIO António
4451,10009235996,POR,20.10.1993,ACTIVE,AFONSO José
4452,10048898387,AUT,17.01.2001,ACTIVE,LÄSSER Franz-Josef
4453,10049184640,ARG,04.03.1996,INACTIVE,RAMOS Duilio Alfredo
4454,10123457338,ARG,16.01.1993,INACTIVE,LUCIANI Gustavo Javier
4455,10058984569,USA,18.08.2004,INACTIVE,OLSZEWSKI Zac
4456,10083967426,USA,13.11.2003,INACTIVE,LAFAVER Ben
4457,10094461816,USA,11.06.1991,ACTIVE,DUDLE Andrew
4458,10009251760,FRA,22.02.1992,ACTIVE,DELEVOYE Jordan
4459,10076426280,FRA,04.07.2003,ACTIVE,BEAUCART Jean Philippe
4460,10072567195,FRA,06.06.2003,ACTIVE,CHOUFFE Lenny
4461,10025664867,FRA,25.07.2000,ACTIVE,BARON Adrien
4462,10069019322,FRA,13.02.2005,ACTIVE,LEGROS Thibault
4463,10071209502,FRA,23.06.2005,ACTIVE,VELNA Yann
4464,10072404420,FRA,14.02.2003,ACTIVE,HOUCOU Emmanuel
4465,10072981568,FRA,19.01.2003,ACTIVE,SANLAVILLE Mathias
4466,10100631723,AUS,11.10.2003,ACTIVE,MCGOVERN Mitchell
4467,10001078094,USA,29.11.1968,ACTIVE,CARNEY James
4468,10064645733,USA,21.09.1999,INACTIVE,RIDEOUT Samuel
4469,10094146160,USA,13.05.1990,Inactive,FINNERAN Daniel (Danny)
4470,10095305918,USA,14.05.1998,ACTIVE,ZOUGHAIB William
4471,10096389183,USA,03.05.1992,INACTIVE,LENGLING Kyle
4472,10132224320,USA,12.08.2003,ACTIVE,HENDRICKS Ethan
4473,10132348396,USA,18.04.1960,INACTIVE,DECK Joseph
4474,10036503104,DEN,31.08.2000,ACTIVE,MALMBERG Matias
4475,10009166682,BLR,09.06.1996,ACTIVE,KARALIOK Yauheni
4476,10095704729,NGR,23.03.2002,ACTIVE,GABRIEL John
4477,10131768420,NGR,09.05.2000,ACTIVE,MUTIU Azeez Olalekan
4478,10131768622,NGR,01.10.2002,INACTIVE,AKANDE Azeez Abazz
4479,10034936653,RUS,14.04.2000,ACTIVE,SYRITSA Gleb
4480,10062195067,GBR,05.11.2002,ACTIVE,ROOTKIN-GRAY Jack
4481,10041652790,ESP,23.02.2001,ACTIVE,GARCIA PIERNA Raul
4482,10080054585,AUS,15.07.2002,Inactive,DIETZE Henry
4483,10015568581,GBR,04.06.1998,ACTIVE,ROBERTS William
4484,10044967665,POR,29.10.2001,INACTIVE,SILVA André
4485,10046043254,SVK,04.12.2002,ACTIVE,VANČO Tobias
4486,10009991687,ESP,16.03.1997,ACTIVE,CAÑELLAS SANCHEZ Xavier
4487,10050716331,IND,26.06.1987,INACTIVE,SINGH Satbir
4488,10002264932,CHI,10.11.1981,ACTIVE,CABRERA TORRES Antonio
4489,10015413684,NOR,17.01.1998,INACTIVE,VABØ Tore Andre Aase
4490,10017587902,SLO,01.05.2002,ACTIVE,GLIVAR Gal
4491,10015855844,MEX,27.12.1999,INACTIVE,MIRAFUENTES RESENDEZ Emiliano
4492,10052435049,LTU,30.08.2002,INACTIVE,BITINAS Mantas
4493,10121008692,INA,15.08.2001,INACTIVE,DWI WAHYU PRAHESTA Angga
4494,10015956581,MEX,27.12.1999,INACTIVE,MIRAFUENTES RESENDEZ Eugenio
4495,10039715420,ESP,26.01.1999,ACTIVE,LLANERAS CASAS Pau
4496,10017585777,SLO,16.02.2002,INACTIVE,COLNAR Aljaž
4497,10050711479,IND,10.07.1995,INACTIVE,KUMAR Dinesh
4498,10015978510,BLR,20.11.2000,ACTIVE,KIRYIEVICH Artur
4499,10002689308,MEX,15.07.1983,INACTIVE,SARABIA DIAZ Ignacio
4500,10004680838,ESP,03.05.1983,ACTIVE,TERUEL ROVIRA Eloy
4501,10015508967,NED,01.06.1999,ACTIVE,ZIJLAARD Maikel
4502,10050627213,IND,03.04.2002,INACTIVE,LAHCHENBA Elangbam
4503,10061155753,CHI,22.03.1989,ACTIVE,CHACON GOMEZ Nicolas
4504,10014699524,BRA,10.12.1992,ACTIVE,CANDIDO PRADO JUNIOR Joel
4505,10004505531,LTU,30.01.1988,ACTIVE,NAVARDAUSKAS Ramūnas
4506,10084010064,INA,09.06.2001,INACTIVE,MAULIDAN Muhammad
4507,10008705227,RUS,04.05.1993,ACTIVE,STASH Mamyr
4508,10009050181,BLR,30.06.1995,INACTIVE,AKHRAMENKA Yauheni
4509,10081178169,SVK,12.12.2002,ACTIVE,HOZA Denis
4510,10080214334,UKR,20.12.2001,Inactive,HANZIN Andrii
4511,10041869830,ESP,02.06.2002,ACTIVE,CAVIA SANZ Daniel
4512,10014890793,BEL,25.08.1998,ACTIVE,APERS Ruben
4513,10050636711,IND,12.02.2000,INACTIVE,KAPIL Naman
4514,10060037425,CHI,07.11.2002,ACTIVE,QUIROZ MARTINEZ Tomas
4515,10005417230,INA,25.09.1987,ACTIVE,WASESO Projo
4516,10008689766,SLO,13.02.1995,INACTIVE,PER David
4517,10036092468,RUS,26.02.2003,INACTIVE,VALGONEN Daniil
4518,10009492240,BLR,21.07.1994,INACTIVE,SHEMETAU Mikhail
4519,10036114494,KOR,07.04.1998,INACTIVE,BANG Seonhoe
4520,10050204655,MEX,23.10.2001,ACTIVE,AGUIRRE GARZA Tomas
4521,10009385742,KAZ,27.01.1994,INACTIVE,ASTAFYEV Stepan
4522,10023351217,NED,06.10.2001,ACTIVE,PRONK Jens
4523,10016310835,IND,02.04.1999,INACTIVE,DESAI Sachin
4524,10060131896,CHI,31.07.2000,ACTIVE,LOVERA MOREIRA Alejandro
4525,10058440662,DEN,03.10.2000,INACTIVE,THOMSEN Frederik
4526,10097342312,JAM,06.05.1996,INACTIVE,HIBBERT Issa
4527,10081972155,INA,08.04.2000,INACTIVE,MUNIR Muhamad Afandi
4528,10054294116,BLR,12.05.2000,ACTIVE,SHMANTSAR Aliaksei
4529,10114762195,SVK,01.08.2002,INACTIVE,ČIEŠKO Juraj
4530,10049191512,MEX,04.01.1994,INACTIVE,AGUIRRE INFANTE Jose Alfredo
4531,10076472356,ESP,21.01.2003,INACTIVE,PALLARES REYES Marcel
4532,10110907457,AUS,31.08.2003,ACTIVE,HRIBAR Jackson
4533,10004595558,AUS,11.01.1988,ACTIVE,MEYER Cameron
4534,10017564559,SLO,19.07.2002,INACTIVE,HRIBAR Jernej
4535,10050312062,IND,17.10.1998,INACTIVE,KUMAR Saurabh
4536,10004658812,BRA,20.10.1987,INACTIVE,DE MATTOS ANDRIATO Rafael
4537,10086777901,INA,03.03.2001,INACTIVE,SAPUTRA Geri
4538,10034952922,RUS,25.03.2000,ACTIVE,BERSENEV Nikita
4539,10064906118,KOR,27.05.2000,INACTIVE,CHOI Sangjin
4540,10096093840,MEX,19.04.2002,ACTIVE,MUÑIZ VÁZQUEZ José
4541,10003293233,GBR,12.03.1985,ACTIVE,CLANCY Edward
4542,10015327293,SLO,09.04.1999,INACTIVE,JARC Aljaž
4543,10004589801,LTU,30.12.1988,INACTIVE,ŠIŠKEVIČIUS Evaldas
4544,10077657978,SLO,05.12.1998,INACTIVE,VRHOVNIK Luka
4545,10015769150,RUS,10.02.1998,Inactive,SMIRNOV Aleksandr
4546,10064294614,BLR,27.11.2001,INACTIVE,SAUCHYTS Uladzislau
4547,10010962495,KOR,07.01.1997,INACTIVE,KEUM Kangsan
4548,10015205035,MEX,09.04.1998,INACTIVE,LEMUS GUERRERO Salvador
4549,10089778130,KAZ,24.12.2002,INACTIVE,TRETYAKOV Lev
4550,10007898006,UKR,02.02.1994,INACTIVE,KLEPIKOV Illia
4551,10015329317,ESP,30.05.1999,ACTIVE,BENNASSAR ROSSELLO Joan Marti
4552,10050716028,IND,07.02.1996,INACTIVE,DILAWAR Dilawar
4553,10008901853,BRA,07.02.1983,INACTIVE,DO NASCIMENTO MACEDO Rogerio
4554,10003950106,LTU,22.12.1986,INACTIVE,MICĖ Tomas
4555,10063752727,BLR,20.09.2001,INACTIVE,PRYMAKOU Kiryl
4556,10050766245,KOR,27.06.2002,INACTIVE,BAE Hyoungjun
4557,10089545330,MEX,29.01.2002,ACTIVE,MARTINEZ HUERTA Jorge Fabrizio
4558,10009499112,GBR,02.09.1996,ACTIVE,GIBSON Matthew
4559,10106763133,SLO,16.11.2003,ACTIVE,ČERNE Andrej
4560,10023453267,IND,16.12.1999,INACTIVE,PATIL Ashwin
4561,10091382266,BRA,27.11.2002,INACTIVE,DIESEL JORGE Diego
4562,10078433877,INA,02.02.2002,INACTIVE,FAISAL Diaz
4563,10034975049,RUS,20.03.2000,INACTIVE,POTEKALO Nikolay
4564,10015979419,BLR,19.05.2000,ACTIVE,MARCHUK Dzianis
4565,10097023929,KOR,19.04.2001,INACTIVE,LEE Ho
4566,10093370564,MEX,25.03.2002,INACTIVE,GARCIA JUAREZ Vicente
4567,10041032600,ESP,28.05.2002,ACTIVE,MOYA NADAL Albert
4568,10050716937,IND,13.07.1992,INACTIVE,RAMESH N
4569,10004632944,LTU,07.09.1988,INACTIVE,KAUPAS Gediminas
4570,10009674419,BLR,04.12.1997,ACTIVE,SHPAKOUSKI Yahor
4571,10089555030,MEX,07.12.2002,INACTIVE,ESQUIVEL ESPINOZA Carlos
4572,10085001383,AUS,27.09.2002,ACTIVE,GREWAL Devraj
4573,10064123852,GBR,08.04.2002,ACTIVE,DONALDSON Robert
4574,10041619751,ESP,30.11.2002,ACTIVE,VILLAVERDE RODRIGUEZ Joel
4575,10017651051,SLO,31.03.2002,ACTIVE,PEČNIK Teo
4576,10065048988,BEL,04.02.2004,ACTIVE,SLAETS Yorick
4577,10050854151,IND,13.12.1996,INACTIVE,ROHIT Rohit
4578,10101807645,DEN,13.07.2003,ACTIVE,DUPONT Mads
4579,10107575206,LTU,03.11.1987,INACTIVE,ANDRIUŠKEVIČIUS Mantas
4580,10010177708,BLR,13.01.1998,INACTIVE,BIALIAUSKI Kanstantsin
4581,10089543209,MEX,04.12.2002,ACTIVE,CARREON ALFARO Ricardo Abiel
4582,10062738368,KAZ,16.04.2001,INACTIVE,BURNASHOV Denis
4583,10014992039,SLO,26.06.1998,ACTIVE,JERMAN Žiga
4584,10050585076,IND,29.03.1999,INACTIVE,A Anandhu
4585,10005747939,RUS,07.03.1990,ACTIVE,ERSHOV Artur
4586,10089545229,MEX,15.11.2002,INACTIVE,SILVA CARRIEDO Jesus
4587,10083182130,KAZ,02.11.2001,ACTIVE,SLAMZHANOV Orken
4588,10087510855,IRL,08.06.2003,ACTIVE,CHILDS Lance
4589,10050142617,IND,25.07.1998,INACTIVE,DIWAKER Roshan Kr
4590,10102135728,DEN,26.08.1996,INACTIVE,HEICK Christoffer
4591,10015328206,LTU,22.11.1999,INACTIVE,MASIULIS Denas
4592,10036018609,RUS,01.08.2002,ACTIVE,IVANOV Viacheslav
4593,10016290425,MEX,01.04.1999,INACTIVE,ROMERO HERNANDEZ Rodrigo
4594,10070377423,KAZ,22.06.2001,ACTIVE,KARMAZHAKOV Sergey
4595,10044850053,POR,06.02.2002,ACTIVE,MARTINS Gonçalo
4596,10048408236,ESP,25.04.2002,INACTIVE,POZO NOTARIO Asier
4597,10064601273,LTU,08.02.1990,INACTIVE,ZDANEVIČIUS Jokūbas
4598,10036048820,RUS,24.11.2001,ACTIVE,VIUNOSHEV Mikhail
4599,10076580672,BLR,11.04.2001,ACTIVE,KAVALIOU Kiryl
4600,10116114640,MEX,11.10.2002,INACTIVE,GONZALEZ VELAZQUEZ Axel
4601,10009499415,ITA,01.05.1996,ACTIVE,MARIANI Alessandro
4602,10096588944,AUS,13.05.2003,ACTIVE,WALSH Finlay
4603,10023853391,GBR,01.01.2001,ACTIVE,BIRCHILL Harry
4604,10070526155,ESP,04.07.2003,ACTIVE,MORENO AGUIRREZABALAGA Eder
4605,10010168412,RUS,08.08.1998,ACTIVE,MALNEV Sergey
4606,10116087156,MEX,05.12.2001,INACTIVE,RODRIGUEZ HERNANDEZ Daniel
4607,10107519531,LTU,19.01.1997,ACTIVE,BALČIŪNAS Mantas
4608,10010165277,RUS,29.01.1998,ACTIVE,NIKIFOROV Arseny
4609,10060545865,BLR,20.05.2002,ACTIVE,ZHAVRID Anton
4610,10015265659,RUS,24.05.1999,ACTIVE,MUKHOMEDIAROV Dmitrii
4611,10080672456,BLR,15.08.2003,ACTIVE,BARNATOVICH Uladzislau
4612,10066472666,AUS,01.12.1996,ACTIVE,RICHARDS Kane
4613,10008677541,ESP,02.02.1991,ACTIVE,JURADO RODRIGUEZ Marcos
4614,10036065489,RUS,20.06.2001,INACTIVE,ISLAMOV Valerii
4615,10044415068,POR,25.06.1972,ACTIVE,MUCHÃO Rui
4616,10036019215,RUS,09.08.2001,ACTIVE,POLOZOV Viacheslav
4617,10064295927,BLR,30.01.2002,ACTIVE,ABDUL Raman
4618,10073754134,BLR,26.08.2002,ACTIVE,KAMINSKI Zakhar
4619,10089457828,UKR,11.09.1999,INACTIVE,BLIKHARSKYI Mykhailo
4620,10015328408,POL,26.01.2000,INACTIVE,PAPIERSKI Damian
4621,10063535990,GRE,23.03.2001,INACTIVE,KARATSIVIS Panagiotis
4622,10015820175,GBR,13.08.1989,ACTIVE,BRINKLEY Andrew
4623,10019052400,GBR,12.05.1997,ACTIVE,WILSON Sidney
4624,10058287785,GBR,16.04.2004,ACTIVE,HEWING Carrick
4625,10087511360,GBR,28.07.2004,ACTIVE,MORRIS Anthony
4626,10005885860,MEX,25.03.1990,INACTIVE,CARBAJAL BALBUENA Ivan de Jesus
4627,10009031993,MEX,29.07.1994,INACTIVE,RUIZ ROMERO Victor
4628,10050431593,MEX,06.06.1998,INACTIVE,MARQUEZ BALDERRAMA Edgardo
4629,10051542750,MEX,28.07.1993,INACTIVE,VON NACHER SUESS Fabrizio
4630,10078982030,MEX,03.12.1999,INACTIVE,ZARATE ANIMA José
4631,10101986184,MEX,17.10.2002,INACTIVE,RIVAS TREVIÑO Adrian
4632,10007224258,SUI,18.02.1993,INACTIVE,SCHIR Thery
4633,10002931606,AUT,07.08.1985,ACTIVE,GRAF Andreas
4634,10092823627,RSA,27.11.2002,INACTIVE,SWANEPOEL Kyle
4635,10050678137,CHI,01.06.1994,ACTIVE,RODRIGUEZ AGUILAR Jose
4636,10006497970,ALG,09.01.1990,ACTIVE,REGUIGUI Youcef
4637,10006883344,DEN,11.02.1992,ACTIVE,LETH Lasse
4638,10009118081,AUS,19.01.1996,ACTIVE,WELSFORD Samuel
4639,10006904057,ITA,10.10.1992,ACTIVE,SIMION Paolo
4640,10009096964,USA,06.01.1985,ACTIVE,MAYFIELD Robert
4641,10063968652,KEN,15.09.1989,ACTIVE,LANGAT Geoffrey Kiprotich
4642,10063727263,DOM,12.06.1999,ACTIVE,HERNANDEZ ALEJO Carlos Manuel
4643,10035246548,COL,10.12.1996,ACTIVE,HOYOS CANO Juan Diego
4644,10009673106,VEN,13.11.1996,INACTIVE,SIERRA Robert
4645,10035347588,COL,11.05.1999,INACTIVE,SARMIENTO QUINCHIA Miguel Angel
4646,10009513761,IRL,03.07.1996,ACTIVE,DOWNEY Mark
4647,10060324684,KEN,12.05.1984,ACTIVE,ODHIAMBO Nixon
4648,10047304456,CZE,13.06.2002,INACTIVE,ČEKAL Josef
4649,10029822026,ITA,10.09.2000,ACTIVE,NENCINI Tommaso
4650,10109512677,ECU,13.01.1987,INACTIVE,QUISPE CEVALLOS Giovanny
4651,10036454604,USA,09.06.2001,INACTIVE,ROBERTS Nathan
4652,10047330627,CZE,12.03.2001,INACTIVE,SMÉKAL René
4653,10036560088,GER,12.05.2002,ACTIVE,KRETSCHY Moritz
4654,10063110204,ISR,29.05.2001,INACTIVE,TSAHOR Yuval
4655,10003310714,FRA,31.08.1987,ACTIVE,KNEISKY Morgan
4656,10010828012,COL,30.04.1998,ACTIVE,MOLINA RICO Wilmar
4657,10036281923,GER,14.01.2001,ACTIVE,KEUP Pierre-Pascal
4658,10015998314,CHN,24.12.1998,INACTIVE,GUO Liang
4659,10036365583,GER,23.03.2001,ACTIVE,LÜHRS Leslie
4660,10023886939,GBR,22.02.2001,ACTIVE,HAINES Alex
4661,10009326431,IRL,25.03.1992,INACTIVE,DELANEY Ben
4662,10013841577,USA,29.09.1992,ACTIVE,RAMIREZ Dennis
4663,10035543208,USA,17.07.1994,ACTIVE,GALLEGO Cesar
4664,10059238890,CZE,12.03.2001,ACTIVE,ŘEHA Filip
4665,10061852840,CRC,12.03.2002,INACTIVE,CHAVARRIA ZUMBADO Allan
4666,10007448671,IRI,07.03.1989,ACTIVE,RAHMANIBEIRAGH Mohsen
4667,10052865889,BUL,28.04.2002,ACTIVE,DIMITROV Petar
4668,10082723604,COL,05.07.2001,ACTIVE,ARBOLEDA RUIZ Anderson
4669,10050218395,VEN,01.08.2001,ACTIVE,ARAUJO BASTIDAS Jhonny Alexander
4670,10062931661,ISR,27.11.2000,INACTIVE,RUBINSTEIN Roy
4671,10002301914,UZB,11.06.1982,ACTIVE,KHALMURATOV Muradjan
4672,10009021384,JPN,17.04.1992,INACTIVE,CHIKATANI Ryo
4673,10035289590,COL,02.01.1998,INACTIVE,GONZALEZ TORO Sebastian
4674,10055514494,CRC,07.04.1999,INACTIVE,QUESADA PICADO Yeicoth
4675,10004593639,IRI,09.02.1987,ACTIVE,OLAMAEI Mahdi
4676,10063593079,COL,24.02.1998,ACTIVE,RUEDA TORRES Nestor Javier
4677,10008199312,FRA,18.12.1992,ACTIVE,BARBIER Rudy
4678,10063107978,ISR,14.02.2001,ACTIVE,KOGUT Oded
4679,10009148801,JPN,01.06.1995,ACTIVE,OKAMOTO Hayato
4680,10015859985,TTO,30.11.1999,INACTIVE,OROSCO Lorenzo
4681,10006450076,COL,06.01.1980,INACTIVE,URAN ARROYAVE Carlos Alberto
4682,10083951258,IRI,04.10.2001,Active,MOHAMMADIROSHNAVAND Amir
4683,10009543669,GRE,24.08.1994,INACTIVE,MAVRIKAKIS Michail
4684,10045852082,FIN,25.08.1982,INACTIVE,ALA-PEIJARI Juho
4685,10010835789,VEN,18.12.1998,INACTIVE,COLMENAREZ GOMEZ Luis Cesar
4686,10064369382,UZB,17.09.2001,ACTIVE,STENKOVOY Nikita
4687,10009975018,ROU,05.04.1996,ACTIVE,BARBU Leonard
4688,10010713430,ITA,24.10.1997,INACTIVE,GIORDANI Carloalberto
4689,10068310414,FRA,03.10.2002,ACTIVE,JOUANJAN Lilian
4690,10067207644,FRA,26.04.2001,ACTIVE,VAUQUELIN Kévin
4691,10087538440,IRI,29.08.2002,ACTIVE,KHAKI Masoud
4692,10006897892,GRE,13.03.1991,ACTIVE,KASTRANTAS Charalampos
4693,10002963130,FIN,25.07.1967,INACTIVE,VILEN Mika
4694,10015709031,ESP,10.09.1999,ACTIVE,GRANADOS PASTOR Raul
4695,10069221608,VEN,16.12.2002,Inactive,ANTICA Samuel
4696,10030129493,ITA,31.10.2001,ACTIVE,UMBRI Gidas
4697,10015528771,CZE,07.11.1999,ACTIVE,DOLNÍČEK Marek
4698,10092786039,UKR,11.04.1998,INACTIVE,TSARAN Rostislav
4699,10049037625,ECU,14.01.1995,ACTIVE,NARVAEZ ALMENDARIZ Alexis David
4700,10010957445,POL,18.06.1997,ACTIVE,BANASZEK Norbert
4701,10023551277,BUL,22.10.1999,ACTIVE,PAPANOV Martin
4702,10120362735,COL,09.10.1985,ACTIVE,OSPINA NAVARRO Dalivier
4703,10064722424,GRE,07.09.2001,ACTIVE,MOUTSIOS Martinos
4704,10074547615,RSA,17.04.2001,ACTIVE,DA SILVA Tiano
4705,10008663801,VEN,14.05.1993,ACTIVE,YAGUARO FLORES Isaac Simon
4706,10050535465,IND,12.06.2001,INACTIVE,KENGALAGUTTI Venkappa
4707,10096871658,UZB,08.07.2002,Active,BAKHTIYOROV Umidjon
4708,10009087365,JPN,29.08.1994,ACTIVE,WATANABE Shotaro
4709,10030124544,ITA,24.06.2001,INACTIVE,DEL FIOL Mattia
4710,10082153425,COL,06.03.2002,INACTIVE,GONZALEZ SILVA Roman
4711,10035452167,COL,27.02.2002,ACTIVE,OSORIO HENAO Julian
4712,10071381876,FRA,23.02.2002,ACTIVE,CARPENTIER Florian
4713,10017190505,IRL,28.05.2001,INACTIVE,O SULLIVAN David
4714,10118971086,USA,13.12.1989,INACTIVE,BOWIE John
4715,10050941855,IND,10.08.1998,INACTIVE,THATHU Surya
4716,10006216367,SUI,27.09.1990,INACTIVE,THIÈRY Cyrille
4717,10035411751,COL,17.07.1998,ACTIVE,ARBELAEZ GARCIA Juan Camilo
4718,10030151018,ITA,24.08.2001,INACTIVE,VETTOR Matteo
4719,10085538220,ESP,15.01.2003,ACTIVE,PEÑARANDA LOPEZ David
4720,10096340683,IRI,11.08.2001,ACTIVE,GHALEHNOEI Ariyan
4721,10035386691,COL,30.03.2000,INACTIVE,BUSAQUILLO PACHON Juan Santiago
4722,10063780817,GRE,29.07.2001,INACTIVE,SARRIS Evangelos
4723,10015328105,FRA,22.08.1999,ACTIVE,LAMAILLE Christopher
4724,10045957772,UZB,11.09.2000,ACTIVE,ELLI Konstantin
4725,10036595858,ROU,23.04.1993,ACTIVE,BARTHA Csaba
4726,10035032845,AUT,05.03.1993,INACTIVE,KROMOSER Christian
4727,10026697919,FRA,18.01.2000,INACTIVE,CHARLOT Victor
4728,10029385021,ITA,18.06.2001,ACTIVE,FAVRETTO Carlo Francesco
4729,10035374062,COL,12.03.2001,INACTIVE,RODAS RAIGOZA Francisco
4730,10016154726,IRI,02.04.1999,ACTIVE,NOEIDASHDEBI Alireza
4731,10042387768,ESP,25.02.2001,INACTIVE,RODRIGUEZ HOLGUIN Markel
4732,10050712186,IND,10.10.1998,INACTIVE,THALOR Omprakash
4733,10021518321,JPN,20.11.1999,INACTIVE,TANASE Yoshihiro
4734,10076588150,BLR,27.01.2002,INACTIVE,KSIANDZOU Eduard
4735,10010740005,GER,12.03.1998,ACTIVE,HAPPKE Luca Felix
4736,10015771978,CZE,10.04.1995,INACTIVE,ŠŇUPÁREK Václav
4737,10092801193,UKR,30.08.1994,INACTIVE,RYBARUK Konstiantyn
4738,10013725985,IND,24.02.1995,INACTIVE,B Mugesh
4739,10021668063,JPN,23.11.2001,INACTIVE,KITAYA Toma
4740,10015849174,POL,03.05.1999,INACTIVE,KOSTANSKI Mateusz
4741,10006187873,CZE,20.05.1963,ACTIVE,JAURIS René
4742,10120544308,IRI,10.11.1998,ACTIVE,ROSTAMI Meysam
4743,10052865990,BUL,19.03.2002,Inactive,ILCHEV Lybomir
4744,10015903031,ITA,08.09.1999,ACTIVE,FERRARI Davide
4745,10007816160,POR,15.01.1992,ACTIVE,RODRIGUES Rui
4746,10009707963,RSA,06.08.1993,INACTIVE,VAN HEERDEN Steven
4747,10070695200,FRA,07.09.2002,ACTIVE,LECLERCQ Clément
4748,10050635495,IND,04.05.1996,INACTIVE,PANNU Harjit Singh
4749,10083669049,JPN,08.05.1999,INACTIVE,HENZAN Ryoki
4750,10007161513,USA,05.01.1984,ACTIVE,HEGYVARY Adrian
4751,10023994851,FRA,28.02.1999,INACTIVE,COQUEMONT Rémi
4752,10092777955,UKR,21.01.1998,INACTIVE,PIDKUIKO Andrii
4753,10118776581,IRI,02.01.2000,INACTIVE,AZIMI Mehrshad
4754,10045737201,POR,14.09.1990,ACTIVE,MODESTO Cesar
4755,10072107053,AUS,07.03.2001,INACTIVE,SIMPSON Bill
4756,10054876116,POL,31.01.2001,INACTIVE,DROBEK Hubert
4757,10022680503,NED,22.07.2001,ACTIVE,VAN UDEN Casper
4758,10011156394,FRA,01.04.1998,ACTIVE,BOUDRAS Arnaud
4759,10082677326,CZE,20.10.2003,INACTIVE,BORKOVEC Matyáš
4760,10036120457,DEN,14.01.2001,ACTIVE,LEVY William
4761,10065490946,RUS,24.02.2003,ACTIVE,KRYUCHKOV Mark
4762,10120544409,IRI,05.08.1997,ACTIVE,HOKMABADI Reza
4763,10015643959,POR,30.01.1998,INACTIVE,SIMÕES Tiago
4764,10068492589,FRA,10.04.2001,ACTIVE,DUJARDIN Julien
4765,10012223192,USA,03.01.1987,INACTIVE,MARTINEZ Nicholas
4766,10050719361,IND,27.01.2001,INACTIVE,CHRISTOPHER L
4767,10021155579,JPN,22.06.1998,INACTIVE,SEKINE Norihiro
4768,10068801878,FRA,07.09.2002,ACTIVE,BRAMOULLE Valentin
4769,10047134708,CZE,19.05.2003,INACTIVE,LAMAČ Martin
4770,10009311980,GRE,26.11.1992,INACTIVE,VLACHAKIS Nikolaos
4771,10044426889,POR,28.04.2001,ACTIVE,BAUWENS Tomás
4772,10026511902,FRA,28.08.1997,ACTIVE,GAZETTA Yan
4773,10028903960,ITA,29.09.2001,INACTIVE,VITO Giovanni
4774,10094448880,GRE,02.02.2002,INACTIVE,KOUROS Iakovos
4775,10059711766,USA,25.10.1994,ACTIVE,TERRELL John
4776,10050726031,IND,01.01.2000,INACTIVE,DHAMODAR M
4777,10026666900,FRA,09.09.1998,ACTIVE,PERRAGIN Eliott
4778,10026265863,FRA,26.07.1999,ACTIVE,RICHIERO Axel
4779,10054372221,POL,21.02.2003,INACTIVE,RYKOWSKI Lukasz
4780,10054846006,BUL,23.11.1975,ACTIVE,VENKOV Daniel
4781,10030434843,ITA,02.05.2001,ACTIVE,DELLA LUNGA Francesco
4782,10007080374,GRE,01.04.1982,INACTIVE,TZANNIS Kimon Eleftherios
4783,10064630676,JPN,21.11.2001,ACTIVE,SHONO Yuto
4784,10015978308,BLR,17.10.1999,INACTIVE,HARBACH Artsiom
4785,10036092569,RUS,13.03.2003,INACTIVE,DOLZHIKOV Dmitrii
4786,10031492345,ITA,02.09.1998,ACTIVE,ALBERTI Stefano
4787,10084438480,GRE,09.10.2002,ACTIVE,VAROTSOS Ioannis
4788,10015782284,POL,11.03.1999,INACTIVE,KWIATKOWSKI Maciej
4789,10030435045,ITA,17.04.2002,ACTIVE,CALI' Francesco
4790,10009511438,JPN,16.10.1993,INACTIVE,SHIMMURA Minori
4791,10016304872,CZE,21.03.1999,INACTIVE,PROCHÁZKA Michal
4792,10055691623,GER,29.08.2002,INACTIVE,EIßER Maximilian
4793,10041597321,ESP,22.09.2001,ACTIVE,SEBASTIA GOMEZ Agustin
4794,10015266568,RUS,08.05.1999,Active,SHAKOTKO Aleksandr
4795,10021436879,JPN,19.11.1999,ACTIVE,SATO Ken
4796,10020950869,JPN,22.10.1999,INACTIVE,KOIDE Itsuki
4797,10021228533,JPN,05.04.1997,ACTIVE,ISHIHARA Yuki
4798,10047248377,CZE,27.08.2003,INACTIVE,ČERVÍČEK David
4799,10014629200,RUS,13.03.1999,INACTIVE,GERASIMOV Ivan
4800,10021624112,JPN,19.04.1997,INACTIVE,UEMASU Kazuyuki
4801,10008705025,RUS,30.06.1993,INACTIVE,EVTUSHENKO Alexander
4802,10015564238,JPN,18.05.1998,INACTIVE,ONO Hiroto
4803,10065321602,CZE,18.02.2002,INACTIVE,KOPELENT David
4804,10026436120,FRA,02.10.2000,INACTIVE,BRULE Louis
4805,10007513036,IRL,11.10.1992,INACTIVE,ENGLISH Felix
4806,10064419603,BEL,19.03.2001,ACTIVE,FRETIN Milan
4807,10010193367,RUS,30.10.1998,ACTIVE,NICHIPURENKO Pavel
4808,10010880552,RUS,02.06.1997,INACTIVE,PODOYNIKOV Viktor
4809,10036013555,RUS,22.01.2002,ACTIVE,CHASOVNIKOV Artem
4810,10063327543,RUS,02.02.2001,INACTIVE,STARIKOV Stanislav
4811,10014374673,JPN,22.01.1997,INACTIVE,TOMIO Daichi
4812,10021600062,JPN,07.09.1998,INACTIVE,YABE Hayato
4813,10021667962,JPN,20.12.2001,ACTIVE,AMANO Takeharu
4814,10004628496,USA,21.05.1987,INACTIVE,HOLLOWAY Daniel
4815,10006278106,HKG,08.02.1991,INACTIVE,CHEUNG King Lok
4816,10004748738,USA,11.04.1989,INACTIVE,KLINE Shane
4817,10009840531,KAZ,08.10.1996,INACTIVE,VASSILENKOV Roman
4818,10062644095,CHN,26.04.1997,INACTIVE,LI Jinsong
4819,10014872912,TPE,12.09.1998,INACTIVE,LI Wen Chao
4820,10061977728,PER,23.12.1992,INACTIVE,GAMERO ZÚÑIGA Alonso Miguel
4821,10007893760,ARG,04.07.1993,ACTIVE,CURUCHET Juan Ignacio
4822,10050281851,CHN,29.10.1998,INACTIVE,CHEN Zhiwen
4823,10009692102,RUS,10.10.1997,INACTIVE,PISKUNOV Maksim
4824,10014630008,RUS,27.07.1999,ACTIVE,NOVIKOV Savva
4825,10047170272,CZE,18.11.2000,ACTIVE,KELEMEN Petr
4826,10010169523,GER,17.02.1997,INACTIVE,SCHMIEDEL Sebastian
4827,10058578684,HKG,03.02.1995,ACTIVE,LAU Wan Hei Victor
4828,10011161953,HKG,06.05.1999,INACTIVE,CHOI Kwan Lok
4829,10009047959,RUS,30.04.1996,INACTIVE,ILCHENKO Vladimir
4830,10062609743,CHN,29.07.1996,INACTIVE,YAO Chengwei
4831,10006895266,KAZ,18.03.1992,INACTIVE,PANASSENKO Nikita
4832,10010656644,THA,26.03.1997,ACTIVE,MANO Yuttana
4833,10010589350,FRA,03.09.1996,ACTIVE,MAITRE Florian
4834,10011134873,MAC,31.08.1990,Inactive,KOK Mun Wa
4835,10009762022,COL,03.06.1994,ACTIVE,SANCHEZ VERGARA Brayan Stiven
4836,10045952823,TTO,30.11.1999,INACTIVE,OROSCO Kemp
4837,10062738671,KAZ,31.05.2001,INACTIVE,BEKENOV Alexandr
4838,10009225589,COL,14.10.1995,INACTIVE,TOBON VASQUEZ Carlos Andres
4839,10051373810,CHN,06.06.1997,INACTIVE,SHI Yahui
4840,10006288008,COL,17.12.1984,INACTIVE,TORRES QUIROGA Pedro Nelson
4841,10036119144,DEN,11.10.2000,Inactive,FREDERIKSEN Oliver Wulff
4842,10010783956,POR,09.02.1998,INACTIVE,DO REGO Miguel
4843,10007896588,RUS,25.01.1994,INACTIVE,SAZANOV Andrei
4844,10007199202,ECU,21.07.1991,INACTIVE,QUISHPE QUISHPE Carlos Eduardo
4845,10022706468,NED,16.07.2001,ACTIVE,LEIJNSE Enzo
4846,10040756148,ESP,13.06.1999,ACTIVE,MARTIN MIGUEL Ricard
4847,10004780565,NED,12.06.1989,INACTIVE,PIETERS Roy
4848,10010771327,BEL,21.06.1998,ACTIVE,THIJSSEN Gerben
4849,10072875474,AUS,07.08.2001,INACTIVE,THOMAS Kael
4850,10005408742,RUS,06.03.1989,ACTIVE,CHISTIK Evgeny
4851,10003011529,COL,23.03.1983,INACTIVE,ALZATE ESCOBAR Carlos Eduardo
4852,10046010518,SVK,02.12.2000,INACTIVE,MICHALIČKA Štefan
4853,10010167907,RUS,18.03.1997,INACTIVE,SUKHOV Maksim
4854,10009016031,JPN,12.08.1994,INACTIVE,KOBAYASHI Taisei
4855,10023867842,GBR,24.09.2001,ACTIVE,WATSON Samuel
4856,10015998920,CHN,16.01.1998,INACTIVE,SUN Wanyi
4857,10010176900,DEN,22.01.1998,ACTIVE,MADSEN Frederik
4858,10011233994,ESP,30.05.1994,ACTIVE,PELEGRI FERRANDIS Oscar
4859,10023895528,GBR,30.01.2001,ACTIVE,GEORGE Alfred
4860,10015320324,CHN,23.02.1998,INACTIVE,YANG Haoran
4861,10042291980,ESP,16.09.1999,INACTIVE,SEMPERENA OYARZABAL Urko
4862,10016087028,GRE,18.08.1997,ACTIVE,GIANNOUTSOS Miltiadis
4863,10004738331,ESP,31.03.1985,ACTIVE,CARRASCO RAMIREZ Fco. Javier
4864,10009148494,KOR,08.01.1996,INACTIVE,KIM Hwanghee
4865,10023917958,GBR,20.01.2001,ACTIVE,RUSHBY Max
4866,10009987445,GER,20.04.1997,ACTIVE,DOMNICK Julius
4867,10009977846,NZL,02.01.1998,ACTIVE,STRONG Hayden
4868,10005878079,COL,17.05.1985,ACTIVE,ROLDAN ORTIZ Weimar Alfonso
4869,10002746393,ARG,01.01.1970,INACTIVE,STERN Matias Emmanuel
4870,10009484257,RUS,12.04.1995,ACTIVE,KOMIN Aleksandr
4871,10007754223,GER,30.06.1992,INACTIVE,BURKART Achim
4872,10009380587,KOR,31.10.1995,INACTIVE,HAM Seokhyun
4873,10036161681,GER,24.04.2000,INACTIVE,WEISPFENNIG Nils
4874,10008787271,TTO,29.12.1993,INACTIVE,GOMEZ Jovian
4875,10004555849,CUB,04.09.1985,ACTIVE,ARIAS PEREZ Yans Carlos
4876,10034813684,EST,31.03.2000,ACTIVE,ÄRM Rait
4877,10052853361,LAT,17.06.2001,Inactive,RUBENIS Pauls
4878,10051354511,ESP,30.12.1988,ACTIVE,LOBATO DEL VALLE Juan Jose
4879,10015875143,UKR,29.09.1999,INACTIVE,ROMANENKOV Valerii
4880,10043810537,GER,07.04.1953,ACTIVE,PIRIUS Hans
4881,10003046487,KOR,27.02.1985,INACTIVE,PARK Sungbaek
4882,10009498203,FRA,30.08.1996,ACTIVE,SCHMITZ Ivan
4883,10015327596,GBR,13.06.1999,ACTIVE,WRIGHT Fred
4884,10053731112,ROU,22.02.1997,Active,DIMA Emil
4885,10006330444,TPE,13.03.1992,INACTIVE,TSENG Yi Hao
4886,10084661883,CHN,11.12.2000,INACTIVE,ZHANG Jinlong
4887,10044418405,POR,05.05.2000,INACTIVE,ESPERANÇA Wilson
4888,10050311759,IND,14.02.1999,INACTIVE,MANGLAW Anil
4889,10021427179,JPN,17.04.1998,INACTIVE,NAGAMATSU Daisuke
4890,10008667336,RUS,17.09.1994,Inactive,CHERNYSH Rostislav
4891,10016520595,EST,23.09.2000,ACTIVE,PAJUR Markus
4892,10010580660,ARG,03.05.1982,INACTIVE,VALENZUELA Diego
4893,10017854549,TPE,09.04.1999,INACTIVE,CHEN Xuan Ye
4894,10003333548,IRI,26.05.1985,INACTIVE,NOROUZI Vahid
4895,10074405347,VEN,21.01.1996,ACTIVE,BRUZUAL RODRIGUEZ Jose Rafael
4896,10015390951,ESP,06.03.1998,ACTIVE,GOMEZ BARRACHINA Josue
4897,10010992811,UAE,09.11.1991,ACTIVE,ALMANSOORI Jaber
4898,10014858865,KSA,26.04.1996,INACTIVE,ALRABIE Mostafa
4899,10060058946,CHI,13.04.2000,INACTIVE,SOTO NORAMBUENA Alejandro
4900,10009993812,KAZ,03.02.1997,INACTIVE,SHATOVKIN Sergey
4901,10003035474,COL,29.10.1986,ACTIVE,CASTAÑEDA ORTEGA Jaime Alberto
4902,10063679672,EST,22.05.2001,INACTIVE,LAANEMÄE Erki
4903,10072670057,KOR,15.02.2001,INACTIVE,PARK Youngkyun
4904,10016193122,GUA,24.05.1999,ACTIVE,SAM Henry
4905,10083441404,VEN,22.02.2000,INACTIVE,MATERANO Delvis
4906,10035348400,COL,22.09.2000,INACTIVE,CALVO BETANCURT Luis Felipe
4907,10008930852,TTO,21.05.1988,ACTIVE,GOMEZ Jovian
4908,10006795438,RUS,10.02.1992,INACTIVE,SVESHNIKOV Kirill
4909,10100632632,AUS,15.05.2002,INACTIVE,WALKER Jarren
4910,10011186811,POR,09.06.1999,ACTIVE,SALGUEIRO Carlos
4911,10051905589,CHI,15.10.1998,INACTIVE,WALKER GARCIA Nicanor
4912,10036588683,LTU,07.11.2001,INACTIVE,AŽELIS Eitvilas
4913,10063680278,EST,14.03.1988,INACTIVE,VAINRE Mart
4914,10021742431,NZL,23.04.1996,ACTIVE,JONES Ollie
4915,10039861829,ESP,27.03.1991,ACTIVE,BALLESTER LLOBERA Antonio
4916,10058552921,GER,30.10.2001,ACTIVE,WILKSCH Hannes
4917,10007210114,IRI,08.01.1992,INACTIVE,BEYK KHORMIZI Hamid
4918,10015220088,MEX,14.07.1998,INACTIVE,MADUEÑO AMADOR Jose Alejandro
4919,10059186552,GUA,30.06.1990,ACTIVE,ESCOBAR LOPEZ Walter Filadelfo
4920,10053205591,POR,19.01.2000,INACTIVE,CONCEIÇÃO João
4921,10072670966,KOR,05.09.2000,INACTIVE,PARK Jooyoung
4922,10021431425,JPN,28.06.1999,INACTIVE,ISHIKAWA Kodai
4923,10015795826,GRE,10.03.1999,INACTIVE,VORRES Georgios
4924,10015796230,JPN,06.12.1998,Inactive,WATANABE Keita
4925,10052179314,LAT,30.03.2001,INACTIVE,KAZIS Daniels
4926,10006003371,NED,12.03.1990,INACTIVE,ASSELMAN Jesper
4927,10007507376,ARG,16.07.1992,ACTIVE,VELAZQUEZ Hugo Angel
4928,10009531848,JPN,08.09.1996,ACTIVE,KUSABA Keigo
4929,10062593676,CHN,03.07.1998,INACTIVE,YI Tegele
4930,10009831538,UZB,26.11.1996,ACTIVE,SUNNATOV Akramjon
4931,10003333851,IRI,06.04.1985,ACTIVE,RAJABLOU Mohammad
4932,10004759751,USA,13.02.1989,INACTIVE,SUMMERHILL Daniel
4933,10054989785,MEX,04.10.2000,ACTIVE,ROSALES HERNANDEZ Juan
4934,10009331582,VEN,30.11.1995,ACTIVE,PINTO Luis
4935,10045954742,TTO,20.09.1998,INACTIVE,ALEXANDER Nathan
4936,10070508674,IRI,14.12.2000,INACTIVE,BAHRAMINEJAD Hossein
4937,10007812625,AUS,27.04.1994,INACTIVE,ASTELL Michael
4938,10084950560,JPN,06.11.1998,INACTIVE,KAWATOU Souma
4939,10010745358,COL,13.12.1995,ACTIVE,GONZALEZ GIRON Javier Steven
4940,10015004567,ITA,18.11.1998,INACTIVE,FERRONATO Filippo
4941,10009826484,UAE,09.09.1986,INACTIVE,ALNAQBI Khamis
4942,10007296707,NED,09.09.1993,ACTIVE,TUSVELD Martijn
4943,10046331224,CZE,29.05.2001,INACTIVE,JANOŠ Matyáš
4944,10036119043,DEN,25.08.2000,ACTIVE,HANSEN Marcus Sander
4945,10009768688,BEL,22.07.1998,ACTIVE,COLMAN Alex
4946,10027379141,FRA,23.03.2000,ACTIVE,CASCARO Arnaud
4947,10063953090,IRI,28.11.2000,INACTIVE,DEHGHANMANGABADI Ehsan
4948,10007172324,KOR,02.08.1991,INACTIVE,JUNG Jimin
4949,10006501206,MEX,30.09.1991,ACTIVE,CORELLA BRAUN Rene
4950,10010737274,IRL,28.06.1983,ACTIVE,GRANT Richard
4951,10092462000,GUA,07.02.1995,ACTIVE,MENDEZ SARAT Amilcar
4952,10007219410,KAZ,01.01.1991,INACTIVE,GATSKIY Pavel
4953,10005519785,BRA,26.02.1988,INACTIVE,NASCIMENTO SILVA Glauber Alexandre
4954,10039724615,ESP,23.10.2000,ACTIVE,RIERA CLAR Joan Albert
4955,10006113913,IRI,02.11.1989,INACTIVE,JANNAT Hamed
4956,10004714685,ECU,26.09.1988,ACTIVE,MONTENEGRO REVELO Jorge Luis
4957,10021426876,JPN,14.06.1999,INACTIVE,KOBAYASHI Ukyo
4958,10007896992,KAZ,28.06.1994,INACTIVE,GAINEYEV Robert
4959,10002510967,RUS,16.06.1983,INACTIVE,POPKOV Vitalii
4960,10008736044,GRE,18.04.1977,ACTIVE,TSIANTOS Theocharis
4961,10009710993,GER,05.12.1986,INACTIVE,BAUMGARTEN Hannes
4962,10036440759,GER,18.04.2000,ACTIVE,HENKELMANN Milan
4963,10062662485,ARG,14.09.1991,INACTIVE,RABOSO Federico Nicolas
4964,10015571413,JPN,08.03.1998,INACTIVE,SOGABE Atsunori
4965,10009835881,CHN,09.10.1996,INACTIVE,QI Junshan
4966,10015338613,BLR,10.05.1999,INACTIVE,TSIMOSHYK Uladzislau
4967,10045958378,UZB,10.03.2000,INACTIVE,KARIMOV Olimjon
4968,10007804036,IRI,22.08.1993,INACTIVE,JAFARNASAB Sajad
4969,10063281871,HKG,01.08.1970,ACTIVE,WHYMAN Mark
4970,10005497961,MEX,22.04.1989,INACTIVE,VAQUERA RESENDIZ Cesar Salvador
4971,10013822985,GUA,06.04.1994,ACTIVE,AJPACAJA Celso
4972,10007604477,BRA,13.07.1991,INACTIVE,SILVEIRA GONÇALVES Rauny Leonardo
4973,10055348079,AUS,23.05.1999,INACTIVE,REARDON Connor
4974,10040568414,ESP,08.01.1980,ACTIVE,FOLGOSO CHAMORRO Fco. Javier
4975,10094938126,RUS,23.08.1994,INACTIVE,DAIASOV Fedor
4976,10016080661,GRE,03.11.1995,INACTIVE,CHRISTOPOULOS Cheller
4977,10003202903,POL,17.10.1984,INACTIVE,ZIOLKOWSKI Wojciech
4978,10060018025,CHI,22.07.1999,Inactive,SCHEIHING CABALLERO Geralds
4979,10072797874,IRI,06.04.2000,INACTIVE,BIDRAM GORGABI Mehdi
4980,10006897084,GER,09.01.1992,ACTIVE,PIRIUS Hans
4981,10047299103,CZE,16.06.2001,INACTIVE,KOLAŘÍK Lukáš
4982,10011167007,POR,11.03.1999,ACTIVE,MOREIRA Francisco
4983,10050004793,GER,23.10.1990,INACTIVE,HEßLICH Nico
4984,10015904849,DEN,17.04.1998,INACTIVE,JENSEN Rasmus Rauch
4985,10050084316,ARG,10.07.1990,INACTIVE,NARANJO SANCHEZ Nicolas Javier
4986,10016106226,UKR,13.10.2000,INACTIVE,POKOIOVYI Nazar
4987,10063769194,CHN,19.06.1997,INACTIVE,ZIRONG Zhong
4988,10026020838,FRA,09.12.1996,ACTIVE,GRACIANNETTE Gaetan
4989,10084434844,KOR,13.03.2000,INACTIVE,LEE Gwangyoon
4990,10060617506,GUA,01.12.1998,INACTIVE,MALDONADO LOPEZ Larry Maximiliano
4991,10010856809,BRA,29.05.1997,INACTIVE,PATTERO ROSA Rafael
4992,10021676349,NZL,24.02.2002,ACTIVE,GRAVE Oliver
4993,10060017823,CHI,02.02.1998,INACTIVE,KLENNER BRINTRUP Nicolas Felipe
4994,10029962977,ITA,16.06.1999,INACTIVE,GOFFI Geremia
4995,10048203930,CZE,13.11.2001,INACTIVE,MÜLLER Maxim
4996,10010085051,DEN,30.10.1994,INACTIVE,FRANDSEN Jakob
4997,10010172755,POL,25.04.1997,INACTIVE,MROWKA Adrian
4998,10010771630,BEL,05.04.1998,INACTIVE,STEYAERT Michael
4999,10084645012,CHN,03.09.2000,ACTIVE,LI Boan
5000,10029926100,ITA,03.07.2000,INACTIVE,BOSINI Diego
5001,10008881140,FRA,05.06.1990,INACTIVE,DERIAUX Florian
5002,10084156877,UZB,14.04.2000,INACTIVE,YUNUSOV Asadbek
5003,10007898713,RUS,09.05.1994,INACTIVE,KURBATOV Alexey
5004,10016282745,MEX,15.08.1998,INACTIVE,VILLA MEDINA Luis Francisco
5005,10059297494,GUA,24.07.1998,INACTIVE,CHUMIL AJQUICHI Erick Rumualdo
5006,10035349915,COL,27.01.1999,INACTIVE,GOMEZ GODOY Cristian Fabian
5007,10023527029,BRA,27.05.1999,INACTIVE,DA SILVA BRAZ Matheus Antônio
5008,10016145228,POL,12.05.1999,INACTIVE,BYSTRZYCKI Wojciech
5009,10051244272,UAE,11.08.1995,ACTIVE,AL KAABI Saif
5010,10006240013,RUS,25.02.1985,INACTIVE,LIKHACHEV Vladimir
5011,10009194772,RUS,08.07.1996,INACTIVE,KULIKOV Vladislav
5012,10051472224,POL,12.04.2000,INACTIVE,MODLINSKI Marcel
5013,10045374560,POR,02.01.1999,ACTIVE,RESENDE Fábio
5014,10089470154,UKR,23.07.2000,INACTIVE,KANAKA Oleh
5015,10054594412,KSA,02.08.1987,Inactive,JASSAS Ali
5016,10009026539,RUS,21.04.1995,INACTIVE,CHURSIN Pavel
5017,10060044293,CHI,17.05.1998,ACTIVE,PORTAL OLMEDO Cristobal
5018,10089974251,UKR,27.04.2000,INACTIVE,SOKOLOVSKYI Maksym
5019,10022749413,NED,28.03.2000,ACTIVE,VAN GESTEL Luuk
5020,10010791737,GER,09.12.1998,ACTIVE,NOLDE Tobias
5021,10009229936,ARG,22.07.1996,INACTIVE,ARCHIPRETE Mauricio
5022,10011003622,CHN,26.10.1997,INACTIVE,LI Zisen
5023,10007242042,USA,09.01.1990,INACTIVE,LARSEN Bryan
5024,10015202510,KOR,16.10.1995,INACTIVE,CHOI Junghwan
5025,10004714382,MEX,31.08.1988,INACTIVE,AGUIRRE INFANTE José Ramon
5026,10085042207,GUA,30.12.1995,INACTIVE,MENDEZ MENDEZ Raul
5027,10041726653,ESP,17.04.2001,ACTIVE,SERRANO RODRIGUEZ Javier
5028,10053915311,POL,23.03.2000,INACTIVE,JAKUBASZ Mateusz
5029,10062115851,ARG,08.03.1999,INACTIVE,LEON Nicolas
5030,10016104812,UKR,23.07.2000,INACTIVE,KANAKA Marian
5031,10047209476,CZE,02.08.2001,INACTIVE,VITNER David
5032,10013765391,ARG,03.06.1993,ACTIVE,NEBOT Miguel
5033,10023487421,CHN,14.01.1999,INACTIVE,CHEN Zeqin
5034,10011073542,UZB,01.04.1997,INACTIVE,YOKUBBAEV Alisher
5035,10008017335,KOR,22.04.1993,INACTIVE,LEE Seungkwon
5036,10015390850,ESP,17.11.1998,ACTIVE,GARCIA SORIANO Jose Maria
5037,10054669887,POL,08.02.2000,INACTIVE,ZABLOCKI Bartlomiej
5038,10072341570,CHI,02.04.2000,ACTIVE,LEON DIAZ Nicolas
5039,10059648516,CZE,29.03.1999,ACTIVE,HABERMANN Richard
5040,10014394275,DEN,04.01.1992,INACTIVE,BROGE Nils Lau
5041,10045601805,POR,11.02.1991,ACTIVE,FRANCISCO Telmo
5042,10014441361,ARG,26.12.1988,INACTIVE,CHARRI Diego
5043,10086002305,CHN,11.04.1999,INACTIVE,WANG Hanqing
5044,10015727926,FRA,20.01.1998,ACTIVE,CRABOS Vincent
5045,10045957671,UZB,14.08.1999,INACTIVE,DUSHAMOV Jasurbek
5046,10010924810,USA,20.10.1998,INACTIVE,POULSON Justin
5047,10060614674,GUA,25.05.2000,INACTIVE,OROZCO LOPEZ Wilmer Fernando
5048,10016276984,COL,13.02.1998,ACTIVE,YEPEZ PATERNINA Eduard Rafael
5049,10040407756,ESP,28.02.2001,ACTIVE,CAMPOY FERRER Carles
5050,10034917253,RUS,15.07.1999,INACTIVE,POPOV Anton
5051,10006412690,RUS,06.02.1988,INACTIVE,SHILOV Sergei
5052,10007294380,CZE,12.05.1993,INACTIVE,RYBÍN Ondrej
5053,10047358313,CZE,09.01.2001,INACTIVE,REH Antonín
5054,10095119089,CHN,01.07.2001,INACTIVE,CUI Peixiang
5055,10097461237,CHN,01.12.1999,INACTIVE,CHENG Tingzhuang
5056,10060680352,BLR,21.11.2001,Inactive,ANDROSAU Mikhail
5057,10014167741,FRA,05.09.1997,ACTIVE,LETELU Robin
5058,10054822158,USA,23.06.1997,INACTIVE,LYNN Simon
5059,10059187663,GUA,11.10.1998,INACTIVE,OROZCO LOPEZ Eduardo Eliud
5060,10041037953,ESP,16.02.2000,ACTIVE,RODRIGUEZ ROMERO Fernando Manuel
5061,10009330976,USA,21.11.1984,INACTIVE,BERNSTEIN Andrew
5062,10013902104,RUS,06.05.1996,ACTIVE,EREMKIN Arkadiy
5063,10010879643,RUS,21.08.1997,INACTIVE,MARKOV Dmitrii
5064,10022443760,SWE,08.01.2000,ACTIVE,PALM Oskar
5065,10009172847,GER,18.04.1996,ACTIVE,JÄGELER Robert
5066,10025100752,FRA,24.06.1994,ACTIVE,ROMIAN Davy
5067,10045960095,UZB,04.09.2000,INACTIVE,SULYAEV Marat
5068,10096469918,USA,08.06.1991,ACTIVE,JORDAN George
5069,10059849687,GUA,18.02.1999,ACTIVE,TUIZ TUY Victor Alfonso
5070,10039893757,ESP,12.10.2001,INACTIVE,AMENGUAL MATEMALES Sebastia
5071,10015850083,POL,16.02.1999,INACTIVE,POMASKI Mateusz
5072,10064419805,BEL,14.08.2001,ACTIVE,WAEYAERT Arno
5073,10016094102,ITA,02.07.1999,ACTIVE,MINALI Michael
5074,10006107344,POR,18.06.1988,ACTIVE,ANES André
5075,10053975733,RUS,02.09.1998,INACTIVE,PETROV Ilia
5076,10014842495,NED,28.01.1998,INACTIVE,RUIJMGAARD Yentl
5077,10009823050,UKR,25.06.1990,INACTIVE,ZHUKOVSKYI Rostyslav
5078,10060885062,BLR,16.10.2000,INACTIVE,VABISHCHEVICH Aliaksei
5079,10045959590,UZB,08.07.1998,INACTIVE,SEYDALIEV Saidhan
5080,10059272438,GUA,13.08.1998,INACTIVE,VAIL VAIL Dimas Danisar
5081,10090050942,UKR,29.09.1997,INACTIVE,CHERNIAVSKYI Andriy
5082,10065275627,THA,07.09.2000,ACTIVE,NOMAI Aukkrit
5083,10021519533,JPN,13.09.1998,INACTIVE,KAMEGAI Masayoshi
5084,10023524201,RUS,15.05.2000,INACTIVE,BARSOV Aleksandr
5085,10008653592,NED,14.04.1994,ACTIVE,VAN EMPEL Etienne
5086,10054671406,POL,26.03.2001,INACTIVE,TACZYNSKI Kamil
5087,10011202773,JPN,01.12.1997,INACTIVE,NAGATA Riku
5088,10015326384,CHN,20.06.1998,INACTIVE,LIN Jiahao
5089,10015674675,FRA,11.09.1999,INACTIVE,BEAUSSIRE Martin
5090,10011240664,UZB,10.10.1997,Inactive,OLLAMOV Dostonbek
5091,10056297164,GUA,10.02.2000,INACTIVE,PEREZ PEREZ Wenderley Jose
5092,10034912203,RUS,28.04.2000,ACTIVE,ROZHDESTVENSKIY Aleksandr
5093,10021423947,JPN,24.03.2000,INACTIVE,NAGAMATSU Kugo
5094,10034938875,RUS,09.05.2000,INACTIVE,KOSMACHEV Gleb
5095,10014850579,POR,04.02.1986,ACTIVE,LIMA Sérgio
5096,10051728060,DEN,27.11.2000,ACTIVE,ANDERSEN Mads
5097,10036174718,GER,01.01.2000,ACTIVE,RICHTER Elias
5098,10010169927,USA,24.06.1975,ACTIVE,COTTELL Jeromy
5099,10092461390,GUA,03.08.1998,INACTIVE,MEJIA FUENTES Manuel
5100,10045528447,POR,22.04.2001,ACTIVE,BARÃO Bruno
5101,10015314361,RUS,14.01.1999,ACTIVE,SMIRNOV Ivan
5102,10010087475,IRL,10.10.1991,ACTIVE,POTTS Marc
5103,10015460770,FRA,30.08.1999,INACTIVE,SELLIER Valentin
5104,10010173361,POL,19.12.1997,Inactive,RAGUS Krystian
5105,10023403050,NED,19.09.2001,INACTIVE,ZWAAN Wouter
5106,10049190805,CAN,07.04.1975,ACTIVE,VALENTI Jason
5107,10015390143,ESP,03.12.1998,INACTIVE,SANCHEZ MORENO Alejandro
5108,10034943626,RUS,20.07.2000,ACTIVE,OVCHINNIKOV Evgenii
5109,10035554019,PHI,14.05.2000,ACTIVE,KROG Rex Luis
5110,10020807389,JPN,15.02.2000,INACTIVE,HARA Takayasu
5111,10008855878,RUS,21.08.1993,INACTIVE,VDOVIN Alexander
5112,10090072665,COL,12.12.2000,INACTIVE,TABARES CARDONA Julio Cesar
5113,10022841460,NED,27.09.2001,INACTIVE,MEIJDAM Sam
5114,10034909674,RUS,20.10.1999,INACTIVE,RAEVSKIY Rodion
5115,10015390345,ESP,09.02.1998,INACTIVE,CABELLO PALAZON Daniel
5116,10008129489,CZE,13.07.1995,INACTIVE,SEKANINA Adam
5117,10071514747,PHI,02.02.1999,INACTIVE,BONIFACIO Joshua Mari
5118,10011202571,JPN,16.08.1997,INACTIVE,KAIHARA Ryota
5119,10034988082,RUS,08.09.2000,ACTIVE,YATSENKO Ivan
5120,10035264837,COL,19.10.1995,INACTIVE,GONZALEZ GONZALEZ Juan Gabriel
5121,10009495068,NED,22.07.1996,INACTIVE,ARENTSEN Arjan
5122,10015765817,GER,07.11.1999,ACTIVE,ASCHENBRENNER Michel
5123,10035567557,USA,02.06.1989,INACTIVE,EMMONS Joseph
5124,10080927686,GUA,27.01.1996,INACTIVE,VARGAS CASTAÑEDA Luis
5125,10039597404,ESP,15.07.2000,INACTIVE,ORTIZ IVORRA Marc
5126,10046614241,CZE,20.11.2000,INACTIVE,KOSTIHA Antonín
5127,10056220069,MYA,19.05.1999,INACTIVE,ZIN OO Thaw
5128,10016209084,USA,16.11.1977,INACTIVE,GALLACHER Jason
5129,10023348587,NED,17.07.2001,ACTIVE,HEZEMAN Rick
5130,10064644319,USA,12.12.2000,INACTIVE,BONILLA Christopher
5131,10096480022,USA,01.11.1994,INACTIVE,BEHM Peter
5132,10056032941,GUA,25.10.1985,INACTIVE,MEJIA ESTUPINIAN Juan Pablo
5133,10010133551,RUS,11.03.1997,INACTIVE,DENISOV Nikolay
5134,10039907501,ESP,26.05.2000,INACTIVE,FONOLLOSA MIRALLES Arnau
5135,10051457672,POL,16.06.2000,INACTIVE,NIKIEL Aleksander
5136,10010782643,NED,14.12.1998,INACTIVE,OTTEVANGER Bas
5137,10058759348,GUA,03.11.1989,INACTIVE,HIGUEROS CUELLAR Rafael Antonio
5138,10034972524,RUS,23.02.1973,ACTIVE,MURASHKO Dmitry
5139,10021002908,JPN,02.05.2000,INACTIVE,SAITO Tomoki
5140,10080715805,NED,15.04.2001,INACTIVE,PRONK Jens
5141,10003096001,NED,23.05.1985,ACTIVE,STROETINGA Wim
5142,10022065258,NZL,05.02.2000,INACTIVE,TREYMANE Jarred
5143,10034909775,RUS,12.01.1999,INACTIVE,SALIAKHUTDINOV Dmitrii
5144,10005390352,ITA,21.01.1989,INACTIVE,PELUCCHI Matteo
5145,10009492846,ITA,03.04.1995,INACTIVE,BRUGNA Alessio
5146,10029859816,ITA,09.09.2000,INACTIVE,SCANDIUZZI Davide
5147,10029861028,ITA,22.06.2000,ACTIVE,BESSEGA Davide
5148,10015019927,VEN,24.09.1997,INACTIVE,MENDOZA Luis
5149,10035519764,COL,05.08.1997,INACTIVE,QUINTERO MOSQUERA Ulrich Santigo
5150,10062699265,COL,03.06.1999,INACTIVE,MENDIGAÑO ALBA Jefry Nicolas
5151,10064280062,VEN,11.02.2001,ACTIVE,PEÑUELA SANDOVAL Francisco Joel
5152,10011071926,POR,20.07.1999,ACTIVE,SALGADO João
5153,10008927418,FRA,25.08.1985,ACTIVE,MARTINS Vincent
5154,10011135681,JPN,03.08.1997,INACTIVE,OMAE Kakeru
5155,10011202975,JPN,04.03.1998,INACTIVE,KONDO Shoma
5156,10015144310,JPN,22.09.1997,INACTIVE,NAKAGAWA Ken
5157,10016281432,JPN,29.09.1997,INACTIVE,FUJITA Shunsuke
5158,10020925813,JPN,13.11.1998,INACTIVE,KAWASHIMA Yusuke
5159,10021180740,JPN,01.11.2000,ACTIVE,SHIGETA Keito
5160,10021305123,JPN,10.02.1999,INACTIVE,MITSUDA Koki
5161,10021316641,JPN,22.12.1999,INACTIVE,MIYAGAWA Yamato
5162,10021577531,JPN,05.10.1998,INACTIVE,ITO Kohei
5163,10064189934,JPN,15.05.1997,INACTIVE,TERAO Shun
5164,10094647025,JPN,24.09.1970,INACTIVE,YOSHII Koji
5165,10034925438,RUS,01.02.1999,ACTIVE,BONDARCHUK Nikita
5166,10062449893,CAN,21.05.1985,ACTIVE,MILLER David
5167,10015375086,MAS,04.11.1997,INACTIVE,ABU SAMAH Muhamad Aliff Farhan
5168,10049099057,MAS,03.01.2000,INACTIVE,HISHAM Abdul Rashid
5169,10079997803,MAS,16.02.2000,INACTIVE,HASHIM Muhammad Zikri Asyraf
5170,10080054888,MAS,31.12.2000,INACTIVE,ROEIFF Muhammad Ammar Haziq
5171,10015312240,MEX,09.05.1998,INACTIVE,GAERTNER RUIZ Sergio
5172,10015571615,KAZ,02.06.1999,INACTIVE,SHTEIN Iogan
5173,10005631640,TTO,29.08.1985,ACTIVE,ALEXANDER Adam
5174,10010102734,TTO,20.10.1976,INACTIVE,HADEED James
5175,10009258632,BRA,05.03.1994,INACTIVE,DA ROSA PEREIRA Endrigo
5176,10015849073,POL,01.01.1999,INACTIVE,KORDUS Kamil
5177,10005504227,AUS,18.10.1989,INACTIVE,HOWARD Leigh
5178,10006895064,FRA,25.04.1992,ACTIVE,COQUARD Bryan
5179,10063803651,ZIM,12.11.1997,ACTIVE,PHIRI Advocate
5180,10007680865,INA,14.02.1992,INACTIVE,EKO WAHYUDI Nandra
5181,10009173756,MGL,04.09.1996,ACTIVE,SAINBAYAR Jambaljamts
5182,10015652649,NZL,10.11.1999,INACTIVE,WYLLIE Aaron
5183,10016193930,THA,26.06.1999,ACTIVE,CHAIYASOMBAT Thanakhan
5184,10052018050,THA,18.03.1989,ACTIVE,BOONRATANATHANAKORN Thurakit
5185,10055222888,AUS,26.02.2000,ACTIVE,QUICK Blake
5186,10050672881,USA,26.04.1983,INACTIVE,KOVALCIK Zachary
5187,10007737449,NED,11.12.1993,INACTIVE,VAN DER BURG Joost
5188,10060059249,CHI,09.10.1997,INACTIVE,GARCIA RIVERA Claudio
5189,10008696941,SIN,08.03.1994,INACTIVE,TEH Jing Long
5190,10010188519,ITA,10.08.1998,ACTIVE,BAFFI Stefano
5191,10011147001,AUS,25.02.1999,ACTIVE,SAYERS Cooper
5192,10006896680,UKR,14.08.1992,INACTIVE,FREDIUK Volodymyr
5193,10016095011,ITA,05.07.1999,INACTIVE,CAVICCHIOLI Jacopo
5194,10005965884,COL,21.11.1989,INACTIVE,AVILA VANEGAS Edwin Alcibiades
5195,10009517603,ESP,03.04.1996,ACTIVE,BUADES FERRIOL Marc
5196,10015958605,RUS,01.04.1998,INACTIVE,TIKHONIN Evgenii
5197,10014942630,FRA,17.07.1998,ACTIVE,DAVY Clément
5198,10060901432,CHI,26.01.1988,ACTIVE,SEISDEDOS DUQUE Pablo
5199,10009869732,DOM,02.10.1991,INACTIVE,NUÑEZ HERNANDEZ Adrian Santiago
5200,10014458640,CUB,01.11.1997,INACTIVE,CARRILES LA O Alejandro
5201,10008764134,CHN,31.03.1992,INACTIVE,XUE Chaohua
5202,10008001369,SIN,14.12.1990,INACTIVE,GOH Choon Huat
5203,10009035027,PUR,27.01.1995,ACTIVE,REYES Elvis
5204,10015325677,CHN,07.03.1998,INACTIVE,QIAO Yulei
5205,10011018574,CHN,13.06.1997,INACTIVE,LIU Jiahui
5206,10012279069,TTO,09.11.1982,ACTIVE,RAMJIT Sheldon
5207,10016234952,IRL,26.09.1999,INACTIVE,MURNANE Sean
5208,10015340027,CHN,25.07.1997,INACTIVE,ZHAO Riqiang
5209,10008687140,COL,17.01.1994,INACTIVE,MUÑOZ PEREZ William David
5210,10015329923,POL,03.09.1999,INACTIVE,MACIEJUK Filip
5211,10077911188,AUS,30.04.1997,INACTIVE,ABELS Nicolas
5212,10003048915,TTO,26.07.1984,ACTIVE,ALEXANDER Stephen
5213,10049091579,KOR,08.07.1999,INACTIVE,JOO Mideum
5214,10012489237,VEN,13.08.1992,INACTIVE,DÍAZ Enrique
5215,10006893044,MEX,05.03.1992,ACTIVE,CASTILLO SOTO Ulises Alfredo
5216,10011005440,CHN,23.08.1997,INACTIVE,WANG Zhonghui
5217,10050714109,IND,12.11.1996,INACTIVE,DELU Bajrang
5218,10004739442,ITA,22.08.1988,INACTIVE,COLEDAN Marco
5219,10006477560,VEN,05.09.1991,INACTIVE,LINARES ZAMBRANO Carlos
5220,10073722105,IRI,13.08.2000,INACTIVE,SHAHRIYARI BONAB Amirreza
5221,10015126728,FIN,22.02.1998,INACTIVE,UUSIPERHE Jesse
5222,10009369978,NED,10.12.1991,INACTIVE,VAN ZIJL Melvin
5223,10003388617,RSA,23.04.1985,INACTIVE,HOFFMAN Nolan
5224,10062076445,CHN,14.01.1999,INACTIVE,CHEN Zeqin
5225,10009403324,NED,27.07.1995,ACTIVE,BOL Cees
5226,10015358720,BEL,13.06.1997,INACTIVE,DEVOLDER Pieter
5227,10015559689,POL,21.07.1999,INACTIVE,WISZNIEWSKI Kacper
5228,10023485502,CHN,01.11.1998,INACTIVE,ZOU Tianyi
5229,10073282773,HKG,15.11.1988,INACTIVE,SZE TO Hin Leung
5230,10008732206,POR,14.11.1990,ACTIVE,SILVA Rafael
5231,10015334670,LTU,24.11.1999,INACTIVE,ZUBRICKAS Romas
5232,10050238708,VEN,20.02.1999,INACTIVE,ALVARADO GAMEZ Asdrubal Adrian
5233,10010984020,COL,21.02.1996,ACTIVE,FLOREZ LOPEZ Miguel Eduardo
5234,10009639457,MEX,19.05.1997,ACTIVE,RODRIGUEZ VICTORIA Jose Alfredo
5235,10007769377,BLR,28.06.1993,INACTIVE,AHIYEVICH Aleh
5236,10014802483,FRA,10.08.1998,ACTIVE,GROLLEAU Quentin
5237,10009717865,POL,25.01.1996,INACTIVE,SOLINSKI Patryk
5238,10009713219,KOR,01.07.1993,INACTIVE,KIM Jooseok
5239,10009193863,RUS,24.07.1996,Inactive,PROSTOKISHIN Andrey
5240,10009324411,GRE,14.09.1994,ACTIVE,KORTSIDAKIS Michail
5241,10041040377,ESP,05.01.2000,INACTIVE,FELIPE LEKUONA Beñat
5242,10063954205,IRI,06.04.2000,INACTIVE,BIDRAMGORGABI Mahdi
5243,10076567841,CAN,24.04.1997,INACTIVE,COTE Pier Andre
5244,10015332145,GER,03.10.1999,INACTIVE,BRÜCKNER Rico
5245,10015563127,MAC,06.08.1999,INACTIVE,IEONG Chi Son
5246,10010747883,CZE,01.12.1997,INACTIVE,ŠTIBINGR Matěj
5247,10007895073,RUS,05.11.1993,INACTIVE,SAMOLENKOV Artem
5248,10009165773,IRL,27.01.1988,ACTIVE,COLLINS Ross
5249,10006713289,IRI,14.06.1990,INACTIVE,ZANGI ABADI Mohammad
5250,10016097233,UZB,12.07.1997,INACTIVE,TUGIZAKOV Adilbek
5251,10050196773,CHI,29.04.1994,INACTIVE,TELLO BOLVARAN Elias Daniel
5252,10009380486,KOR,30.04.1995,INACTIVE,JUNG Hajeon
5253,10009739386,GRE,17.09.1997,INACTIVE,TERZIS Dimitrios
5254,10052570647,MAC,18.09.2000,INACTIVE,LAM Hou In
5255,10016793613,IRL,14.01.2000,INACTIVE,HIGGINS Shane
5256,10009968752,NED,18.10.1997,INACTIVE,KOOISTRA Marten
5257,10034841572,UKR,13.01.2000,INACTIVE,TSARENKO Kirilo
5258,10009871045,GRE,02.05.1995,ACTIVE,KOUMPETSOS Anastasios
5259,10083545676,IRI,16.07.1989,INACTIVE,ABDI Mehdi
5260,10009088880,USA,25.04.1995,INACTIVE,CARLSON Zachary
5261,10009500627,HUN,26.03.1996,INACTIVE,MÓRICZ Dániel
5262,10015467844,UZB,31.05.1998,INACTIVE,EGAMBERDIEV Javokhir
5263,10002885328,ITA,12.06.1984,INACTIVE,VIGANO Davide
5264,10010916524,CHN,15.04.1997,INACTIVE,LIU Chengzhi
5265,10006384200,GBR,23.08.1981,ACTIVE,RUTHERFORD Alistair
5266,10080047414,DEN,05.04.1997,INACTIVE,NIELSEN Andreas
5267,10005430667,BEL,21.08.1989,INACTIVE,STEELS Stijn
5268,10014950613,FRA,08.07.1998,ACTIVE,MAISON Maxime
5269,10009724333,CHN,30.06.1993,INACTIVE,GUO Xiaopeng
5270,10010958758,GBR,02.12.1991,ACTIVE,TIPPER Jacob
5271,10015723983,ITA,14.05.1999,ACTIVE,MASOTTO Giulio
5272,10010916423,CHN,11.06.1996,INACTIVE,YAN Wenlong
5273,10042493357,ESP,09.09.2000,ACTIVE,ETXEBERRIA AZPILIKUETA Josu
5274,10006476752,COL,07.04.1990,INACTIVE,JEFFERSON Rueda Tobon
5275,10014548768,MEX,31.01.1995,ACTIVE,SARABIA GONZAGA Uriel
5276,10014936465,FRA,10.08.1999,INACTIVE,MEUNIER Lucas
5277,10008758979,CHN,21.05.1992,ACTIVE,YANG Jin
5278,10004779656,NED,26.11.1989,ACTIVE,KREDER Raymond
5279,10005671450,BRA,12.10.1980,INACTIVE,CARDOSO SANTOS Flavio
5280,10004520887,RUS,19.03.1988,INACTIVE,SOKOLOV Dmitrii
5281,10013217949,FRA,06.02.1995,ACTIVE,VAN ESLANDER Florian
5282,10036466930,SYR,09.08.1997,ACTIVE,AL MOAKEE Tarek
5283,10008950050,ITA,30.11.1994,INACTIVE,SALVADOR Enrico
5284,10009801024,UKR,16.02.1996,INACTIVE,MALEEV Timur
5285,10013683852,NZL,21.03.1993,ACTIVE,LAWSON Richard
5286,10016206660,USA,09.07.1999,INACTIVE,GOTTESMAN Zachary
5287,10014562512,HUN,20.03.1968,INACTIVE,ANDRISTYÁK Gábor
5288,10016129060,LTU,06.01.1998,INACTIVE,PUNKRYS Kasparas
5289,10008960053,FRA,12.01.1994,ACTIVE,THOMAS Adrien
5290,10011146391,ESP,16.12.1997,INACTIVE,ORENGO LOPEZ Alvaro
5291,10006892034,COL,16.10.1991,INACTIVE,GOMEZ PINEDA Javier Eduardo
5292,10015686500,FRA,14.10.1999,INACTIVE,SPOHR Maxime
5293,10014525631,JPN,22.11.1997,ACTIVE,TAKEYAMA Kosuke
5294,10060119469,CHI,02.07.1992,Active,CANDIA SANDOVAL Ignacio
5295,10015350333,BRA,15.01.1991,INACTIVE,BURGER Guilherme
5296,10016103802,UKR,24.04.1999,INACTIVE,ODNOROG Dmutro
5297,10005982456,ITA,29.03.1990,ACTIVE,FELLINE Fabio
5298,10009691492,MDA,15.11.1996,INACTIVE,STRELTSOV Alexander
5299,10015710041,ESP,12.06.1999,Active,IRIBAR JAUREGI Unai
5300,10050431290,MEX,08.10.1997,INACTIVE,LOPEZ ROSAS Victor Manuel
5301,10008962881,FRA,15.02.1995,ACTIVE,EVENOT Killian
5302,10065433655,BRA,01.09.1979,INACTIVE,OLIVEIRA RIBEIRO Ector
5303,10091211508,CZE,28.04.1999,ACTIVE,BÁRTA Tomáš
5304,10025583025,FRA,12.06.1994,ACTIVE,BERLIN SEMON Joseph
5305,10028302560,LTU,08.05.1999,INACTIVE,MARCINKENAS Alanas
5306,10056555226,ITA,13.03.1988,INACTIVE,CECCHINATO Marco
5307,10009532757,JPN,22.04.1997,INACTIVE,TOKUDA Takumi
5308,10044275127,POR,03.04.2000,ACTIVE,FERREIRA António
5309,10015331943,BLR,10.07.1999,Inactive,BARAVIK Nikita
5310,10036495424,GER,09.02.1999,ACTIVE,MÜNSTERMANN Per Christian
5311,10072035315,BRA,22.04.1991,INACTIVE,STEFFENS Luís Carlos
5312,10015330731,CZE,28.02.1999,INACTIVE,VAVREK DušAn
5313,10058857964,USA,16.07.1992,INACTIVE,CALVETTI James
5314,10021040896,JPN,09.07.1999,INACTIVE,TSUNODA Akira
5315,10009691900,RUS,19.02.1997,INACTIVE,NEKRASOV Denis
5316,10014681740,USA,18.04.1983,INACTIVE,MONTESANO Matthew
5317,10009696142,INA,24.03.1989,INACTIVE,RIYADI Elan Sutomo
5318,10044042327,POR,04.01.2000,ACTIVE,GONÇALVES Luís
5319,10042392721,ESP,24.11.2000,INACTIVE,GONZALEZ TORRES Mateo
5320,10010118595,SUI,05.02.1998,INACTIVE,MÜLLER Reto
5321,10009353713,USA,08.11.1995,INACTIVE,ARIAS J.R. Raul
5322,10023847432,GBR,13.07.1999,INACTIVE,NALLY Joseph
5323,10010606932,NED,25.03.1992,ACTIVE,JANSEN Luuk
5324,10059019632,RUS,27.01.1998,INACTIVE,SOMOV Stepan
5325,10008821829,POR,29.04.1995,INACTIVE,SANTOS João
5326,10009531949,JPN,12.10.1996,INACTIVE,MATSUMOTO Kento
5327,10010170129,CZE,15.10.1997,INACTIVE,STRUPEK Matyáš
5328,10045652931,POR,22.04.1999,ACTIVE,SOARES André
5329,10010589249,ESP,13.09.1990,ACTIVE,MASANA SOLE Albert
5330,10016123404,SUI,17.06.1999,INACTIVE,QUINCEY Scott
5331,10007735530,GRE,26.04.1993,ACTIVE,ILIADIS Ioanis
5332,10016193728,COL,23.03.1999,INACTIVE,TORO COY Nicolas Javier
5333,10010677660,USA,17.05.1996,INACTIVE,ASKERVOLD Thorsten
5334,10064296331,BLR,26.03.2000,INACTIVE,HOMZA Aliaksei
5335,10005852922,FRA,05.06.1989,ACTIVE,COUSIN Jérôme
5336,10016305781,ITA,08.12.1999,INACTIVE,PAOLINI Emanuele
5337,10015322849,CHN,29.07.1998,INACTIVE,WANG Wei
5338,10015713475,CAN,01.03.1999,INACTIVE,GUILLEMETTE Tristan
5339,10007962973,GBR,08.12.1993,INACTIVE,HOLMES Matthew
5340,10022817111,NED,28.04.2000,INACTIVE,HENDRIKS Leco
5341,10009346538,GER,26.05.1997,INACTIVE,APPELT Leo
5342,10034944535,RUS,01.06.1996,INACTIVE,KUPRIYANOV Andrey
5343,10007906389,ANT,22.08.1989,INACTIVE,BRIDGES Jyme
5344,10025561403,FRA,25.03.2000,Inactive,BILLOUIN Victor
5345,10062266203,USA,02.01.2000,INACTIVE,GIBSON Joshua
5346,10087747901,POR,09.02.1992,INACTIVE,OLIVEIRA Albino
5347,10010791333,SUI,01.09.1998,ACTIVE,AEBI Antoine
5348,10015828259,ITA,24.10.1999,ACTIVE,BOAGA Francesco
5349,10002694055,NED,28.10.1983,ACTIVE,HONIG Reinier
5350,10015092978,POL,20.03.1998,Inactive,MURIAS Jakub
5351,10055805902,GER,03.11.1988,ACTIVE,SINSKE Yannick
5352,10016413794,BEL,24.06.2000,INACTIVE,HAEX Joris
5353,10007517480,POR,21.09.1992,INACTIVE,FERREIRA Ricardo
5354,10014400036,RUS,23.01.1997,INACTIVE,PUPYSHEV Aleksandr
5355,10005974473,ARG,18.10.1989,INACTIVE,AGOSTINI Mauro
5356,10009043919,RUS,24.10.1995,INACTIVE,MOSIN Sergey
5357,10013395175,UKR,30.03.1995,INACTIVE,ZUBENKO Mykyta
5358,10016130979,GER,10.10.1998,ACTIVE,GEBAUER Oskar
5359,10015922128,POL,22.06.1999,INACTIVE,SZTRAUCH Patryk
5360,10005979022,NED,22.11.1990,INACTIVE,STÖPLER Nick
5361,10004680636,VEN,27.02.1983,INACTIVE,RAMOS Jose
5362,10021351805,JPN,06.01.1999,INACTIVE,UMEMOTO Taiki
5363,10034906240,RUS,09.10.1999,Inactive,LUNEV Iurii
5364,10016301640,GRE,29.08.1991,INACTIVE,KARRIS Ioannis
5365,10016203024,USA,14.01.1983,ACTIVE,CLARKE Lucas
5366,10015565147,JPN,22.10.1998,INACTIVE,YOSHIOKA Mamoru
5367,10010660381,GER,08.09.1986,ACTIVE,EGGERS Hendrik
5368,10083826067,JPN,11.02.1998,INACTIVE,KANEKO Masataka
5369,10005876160,ITA,30.01.1989,ACTIVE,NIZZOLO Giacomo
5370,10016277085,UKR,11.09.1999,INACTIVE,BLIKHARSKII Mykhailo
5371,10024628280,FRA,03.06.1992,ACTIVE,SERO Yohann
5372,10052014010,CAN,17.04.1999,INACTIVE,LIPINSKI Zachary
5373,10004880700,GBR,15.01.1970,ACTIVE,MCCLELLAND John
5374,10023274223,NED,20.05.2000,ACTIVE,VAN BELLE Bas
5375,10036116114,DEN,03.10.2000,INACTIVE,THOMSEN Frederik
5376,10010859637,POL,07.07.1998,INACTIVE,SITARZ Jakub
5377,10008737357,UZB,02.06.1989,ACTIVE,ABRAMOV Nikita
5378,10010956637,FRA,13.03.1998,INACTIVE,MALDONADO Dylan
5379,10008010463,NED,11.11.1995,INACTIVE,WOLSINK Jelle
5380,10015175733,GER,04.11.1998,INACTIVE,BRANDT Nicolas
5381,10015690237,POL,13.07.1999,INACTIVE,KLIMKOWSKI Piotr
5382,10016133609,FRA,14.08.1999,INACTIVE,LE VIGOUROUX Baptiste
5383,10022863385,NED,21.02.1997,Inactive,GROOT Neville
5384,10010184879,POL,27.01.1998,INACTIVE,KUSWIK Przemyslaw
5385,10010115262,USA,30.06.1998,ACTIVE,MULLIS Luke
5386,10013927766,RUS,03.06.1998,INACTIVE,SVESHNIKOV Pavel
5387,10009041996,GER,25.12.1995,INACTIVE,GEßNER Konrad
5388,10018661265,GBR,03.08.1997,ACTIVE,HUSZAR Oliver
5389,10023906137,GBR,06.06.2000,ACTIVE,DURHAM Christopher
5390,10048892327,DEN,09.10.1993,ACTIVE,TØNNESEN Emil
5391,10015083177,ITA,07.10.1998,ACTIVE,VENCHIARUTTI Nicola
5392,10003166022,ROU,31.01.1983,INACTIVE,PRIA Lars
5393,10009318145,GBR,26.04.1973,ACTIVE,HEIGHTON Howard
5394,10053684935,GER,24.09.1998,INACTIVE,MECHSNER Josh Falk
5395,10036435002,GER,12.01.2000,INACTIVE,GEHRMANN Max
5396,10021519634,JPN,21.04.1998,INACTIVE,OYA Masatoshi
5397,10016130070,GBR,19.06.1999,ACTIVE,TILLETT James
5398,10019197900,GBR,10.09.1994,ACTIVE,SAVAGE Ryan
5399,10021519735,JPN,11.07.1998,INACTIVE,HAYASHI Kinji
5400,10019253874,GBR,20.04.1994,ACTIVE,KILSBY Frank
5401,10021427078,JPN,07.01.1999,INACTIVE,NAKAYAMA Hayao
5402,10064189732,JPN,09.07.1997,INACTIVE,WATARIGUCHI Katsunari
5403,10020814766,JPN,12.05.1996,INACTIVE,MIYAMOTO Takashi
5404,10021609055,JPN,18.10.1997,INACTIVE,ONO Shunsuke
5405,10011135883,JPN,09.08.1997,INACTIVE,KANEDA Yusaku
5406,10009871752,BLR,21.12.1995,ACTIVE,BIALIAUSKI Vasili
5407,10007899016,BLR,16.12.1994,INACTIVE,MUZYCHKIN Anton
5408,10009049777,BLR,07.03.1996,INACTIVE,PIASHKUN Aliaksei
5409,10077469436,BLR,25.03.2000,INACTIVE,MUZYKIN Artsiom
5410,10024133378,FRA,16.01.1980,ACTIVE,PHILIBERT Julien
5411,10059699339,CAN,10.04.1997,INACTIVE,MACLEOD Chris
5412,10036582623,LTU,27.06.2000,INACTIVE,KURAS Laurynas
5413,10040452216,ESP,23.06.2000,INACTIVE,VILANOVA CALMAESTRA Pau
5414,10022194388,NZL,25.09.2000,ACTIVE,O'DONNELL Bailey
5415,10014936768,SUI,17.05.1999,INACTIVE,PAROZ Aurèle
5416,10016536157,SUI,20.04.1998,ACTIVE,HASLER Pavel
5417,10016531814,SUI,10.04.1998,ACTIVE,JOLIDON Cédric
5418,10035418522,COL,02.08.1995,INACTIVE,AMAYA GARCIA Camilo Andres
5419,10056182582,MAS,11.05.1999,INACTIVE,ROSLI Muhammad Asyraf Danial
5420,10053238230,MAS,18.08.1999,INACTIVE,MOHD SHAIRUL FAIZAL Muhammad Aiman Haiqal
5421,10015976688,MAS,19.07.1996,INACTIVE,MAHAMAD SOBRI Muhammad Izzat
5422,10001575929,CZE,23.06.1980,INACTIVE,KAŇKOVSKÝ Josef
5423,10046633439,CZE,26.07.1999,INACTIVE,KOUDELKA David
5424,10047318907,CZE,06.05.2000,INACTIVE,BÓDAY Šimon
5425,10070052774,CZE,18.10.2000,INACTIVE,ŠTEMBERK Jáchym
5426,10050678036,CHI,08.06.1998,INACTIVE,SEPULVEDA RAMIREZ Fernando
5427,10061156864,CHI,27.08.1995,INACTIVE,OLAVE LOPEZ Ignacio Pablo
5428,10050678238,CHI,22.06.1998,ACTIVE,CORVALAN ROJAS Joaquin
5429,10060097342,CHI,21.05.1999,INACTIVE,MORAGA FLORES Jose
5430,10055056372,MAS,11.02.1999,INACTIVE,MOHAMAD ISMAIL ABDULLAH Nor Fahmie
5431,10056182784,MAS,08.04.1998,INACTIVE,ABD RAUH Zahrol Aidil Adha
5432,10010647045,MAS,11.07.1997,INACTIVE,TOLHA Muhammad Izat
5433,10015565248,MAS,18.07.1998,INACTIVE,ZULKEFLI Zamirul Adlisham
5434,10055037174,MAS,01.09.1989,INACTIVE,MASTAPA KAMAR Fazlan Adhili
5435,10009159713,RSA,14.04.1991,INACTIVE,MALULEKE Oupa
5436,10010823867,RSA,22.01.1997,INACTIVE,PERRINS George
5437,10055349089,AUS,19.12.2000,INACTIVE,WIGHT Luke
5438,10055220565,AUS,03.10.2000,INACTIVE,GANDY Daniel
5439,10011147304,AUS,11.09.1999,INACTIVE,SCOTT Lachlan
5440,10086777695,AUS,15.04.1996,INACTIVE,HO Wesley
5441,10082024695,USA,17.10.1965,ACTIVE,STIGERS Michael
5442,10008731495,HUN,17.04.1992,INACTIVE,HOLLÓ Botond
5443,10080052868,MAC,30.11.1987,INACTIVE,KOU Wai Man
5444,10062665216,CHN,08.01.1992,INACTIVE,HOU Yake
5445,10012590883,ITA,31.03.1993,INACTIVE,CAZZOLA Daniele
5446,10009190025,ESP,15.07.1996,INACTIVE,ETXABE CASTILLO Gorka
5447,10015635471,ITA,01.09.1999,INACTIVE,FLORISSI Mauro Ermes
5448,10007744220,ITA,20.10.1993,ACTIVE,MALUCELLI Matteo
5449,10077250982,DOM,27.06.1984,INACTIVE,HENRIQUEZ CERON Giovanni
5450,10015830279,ITA,01.12.1999,INACTIVE,D'EREDITÀ Tommaso
5451,10016150379,JPN,11.08.1996,INACTIVE,SUZUKI Ryo
5452,10009087668,JPN,19.07.1995,INACTIVE,ARAI Yuta
5453,10008178801,RUS,24.08.1984,INACTIVE,MOISEEV Gleb
5454,10004740755,ITA,05.09.1988,ACTIVE,MARCOLINA Piergiacomo
5455,10054727077,ALB,30.05.1994,INACTIVE,KAMBERAJ Xhuliano
5456,10029673391,ITA,10.12.1999,INACTIVE,DEL PIO Alessandro
5457,10010178011,BLR,03.06.1998,INACTIVE,MIRONAU Uladzislau
5458,10007388754,RUS,08.01.1990,INACTIVE,NEUSTROEV Vasilii
5459,10015528670,CZE,20.03.1999,INACTIVE,BUŠEK Matyáš
5460,10007182832,CZE,30.06.1993,INACTIVE,ZECHMEISTER Tomáš
5461,10015652750,NZL,25.08.1998,INACTIVE,GRAY Jared
5462,10025919693,FRA,17.06.1999,INACTIVE,MORO Romain
5463,10054068891,GER,14.10.1978,ACTIVE,OBERT Alexander
5464,10073619243,DEN,15.03.1996,ACTIVE,PEDERSEN Casper
5465,10008710580,KOR,16.11.1994,INACTIVE,KIM Okcheol
5466,10006481907,RSA,26.09.1991,INACTIVE,HENDRICKS Clint
5467,10004711453,DOM,30.07.1987,INACTIVE,GERMAN MERAN Rafael
5468,10007985003,RSA,24.12.1991,INACTIVE,BENEKE Calvin
5469,10006428050,RSA,06.02.1983,INACTIVE,JEFFERIES Peter-Lee
5470,10007732500,MAS,19.04.1993,INACTIVE,MOHD BAKRI Sofian Nabil Omar
5471,10015584749,RSA,10.11.1998,INACTIVE,SWANEPOEL Wessel
5472,10010172250,GBR,16.07.1997,ACTIVE,BOSTOCK Matthew
5473,10009976129,HKG,13.08.1997,INACTIVE,FUNG Ka Hoo
5474,10009703115,TTO,26.09.1990,INACTIVE,SAMUEL Gevan
5475,10010794161,NZL,07.11.1997,INACTIVE,YATES Joel
5476,10014257061,RSA,28.12.1991,INACTIVE,ELSE Jarryd
5477,10014384373,MAS,03.08.1994,ACTIVE,AZMAN Muhammad Zawawi
5478,10006720262,CHN,07.11.1988,INACTIVE,LIU Hao
5479,10015525539,KSA,07.04.1995,ACTIVE,ALJUMAH Hassan
5480,10062006727,CHN,23.02.1997,INACTIVE,YIN Xiaolei
5481,10007004188,KOR,19.12.1989,INACTIVE,CHOI Seungwoo
5482,10010844277,ZIM,16.11.1998,INACTIVE,HADDON Thomas
5483,10009684624,BLR,17.02.1997,INACTIVE,PRAKAPCHUK Vitali
5484,10015974971,THA,11.03.1998,ACTIVE,PHODINGAM Sakchai
5485,10014871801,MAS,01.10.1997,ACTIVE,MOHD ZARIFF Muhamad Nur Aiman
5486,10054588045,KSA,13.09.1987,INACTIVE,ASIRI Sultan
5487,10010747075,NZL,30.03.1989,ACTIVE,BUNN Nathan
5488,10009201543,USA,26.02.1995,INACTIVE,NOTHSTEIN Tyler
5489,10010656038,KAZ,25.04.1997,INACTIVE,TSOY Vladimir
5490,10010915413,CHN,24.03.1996,INACTIVE,HONG Congcong
5491,10007502730,ESP,12.03.1993,ACTIVE,AMORES PALACIOS Julio Alberto
5492,10009161127,HKG,15.12.1995,INACTIVE,CHIU Ho San
5493,10010176290,JPN,13.03.1997,INACTIVE,YAMASHITA Shohei
5494,10008696840,GBR,17.11.1994,ACTIVE,TANFIELD Harry
5495,10007200515,TTO,07.07.1992,INACTIVE,VARUN Maharajh
5496,10009847403,COL,23.01.1992,INACTIVE,MESA PEREZ Juan Martin
5497,10008711489,IRI,17.06.1992,INACTIVE,EBADI Hamed
5498,10062827890,CHI,24.05.1990,Inactive,MANSILLA ALMONACID Cristopher Javier
5499,10004609908,NED,16.06.1988,ACTIVE,LIGTHART Pim
5500,10010593491,IND,16.03.1996,INACTIVE,LAL Manohar
5501,10015001335,PUR,31.01.1998,INACTIVE,ARGÜELLES ROMÁN Carlos J.
5502,10006714505,KOR,29.05.1990,INACTIVE,JANG Kyunggu
5503,10010653917,UZB,17.04.1996,INACTIVE,SHUKUROV Roman
5504,10009046545,RUS,29.01.1995,INACTIVE,KAVUN Ilia
5505,10007518288,ITA,13.08.1992,INACTIVE,TONIATTI Andrea
5506,10009864779,PER,17.11.1995,INACTIVE,RASTEGORAC GRUBISIC Antonio
5507,10010592481,DEN,03.03.1996,ACTIVE,LYHNE Daniel
5508,10013921504,JAM,10.02.1990,ACTIVE,THOMPSON Peter
5509,10056606251,CHI,10.11.1992,ACTIVE,SILVA ZAMBRANO Andres
5510,10063896005,KOR,30.03.1998,INACTIVE,LEE Dongseop
5511,10010922483,GBR,13.04.1997,INACTIVE,CLAXTON Angus
5512,10007732601,TPE,11.05.1993,INACTIVE,YANG Wu Hsin
5513,10064151235,IND,15.12.1997,INACTIVE,DELU Bajrang Lal
5514,10009016233,HKG,03.02.1995,INACTIVE,LAU Wan Hei
5515,10015652548,NZL,20.11.1999,INACTIVE,LESTER Jakob
5516,10050174141,CHN,16.06.1992,INACTIVE,WANG Fengnian
5517,10003241093,VEN,11.01.1982,INACTIVE,HERNANDEZ Andris
5518,10004547361,CHI,12.06.1981,INACTIVE,LABRA GARRIDO Jose
5519,10007749775,BEL,15.07.1994,ACTIVE,VERGAERDE Otto
5520,10009048363,RUS,15.01.1997,INACTIVE,ALEKSUK Seraphim
5521,10008986426,GBR,25.07.1995,INACTIVE,MAY Zachery
5522,10015992149,LTU,24.03.1999,INACTIVE,MIKALAJUNAS Ignas-Edmundas
5523,10062004202,CHN,21.11.1997,INACTIVE,LI Jiacheng
5524,10009159915,RSA,29.08.1995,INACTIVE,SALIE Shameeg
5525,10004503107,COL,09.10.1985,INACTIVE,OSPINA NAVARRO Davilier
5526,10008826273,KOR,18.08.1993,INACTIVE,OH Taehee
5527,10006376419,IRI,11.12.1986,ACTIVE,SEYEDGHALICHI Seyedmiladmohammad
5528,10007742402,VEN,21.09.1991,ACTIVE,GARCIA TOLEDO Jose Wladimir
5529,10009974715,ITA,29.10.1997,ACTIVE,CIMA Imerio
5530,10009910350,KOR,29.03.1989,INACTIVE,PARK Sanghong
5531,10056424678,PUR,14.08.1997,INACTIVE,GONZÁLEZ SOTO Yadhiel
5532,10006266988,GBR,04.04.1991,ACTIVE,MOULD Jonathan
5533,10010584401,TTO,17.07.1990,INACTIVE,NERO Gavyn
5534,10003308993,DEN,30.04.1985,ACTIVE,MØRKØV Michael
5535,10007752001,NED,02.02.1989,INACTIVE,BEUKEBOOM Dion
5536,10009732619,IRI,04.02.1996,INACTIVE,KOKABI Sajjad
5537,10055201872,CHI,15.02.1996,ACTIVE,REYES JOFRE Sebastian
5538,10009741006,RUS,24.03.1997,INACTIVE,IVSHIN Vitalii
5539,10010806992,LTU,19.12.1998,INACTIVE,BIRENIS Arvydas
5540,10008679965,DEN,03.02.1995,INACTIVE,KRIGBAUM Mathias
5541,10009720693,KOR,17.08.1992,INACTIVE,JANG Jiung
5542,10010115363,USA,29.10.1998,INACTIVE,KUHFAHL John
5543,10006488573,FRA,20.07.1991,ACTIVE,MORICE Julien
5544,10015982752,TPE,24.07.1997,INACTIVE,LIN Sheng Hui
5545,10063895803,KOR,05.03.1998,INACTIVE,KIM Kihoon
5546,10009723929,CHN,27.10.1992,INACTIVE,WU Chao
5547,10057795008,JAM,12.08.1962,INACTIVE,SMITH Clarence
5548,10006408852,IRI,17.12.1990,INACTIVE,CHERAGHI Gholamreza
5549,10010933904,JPN,19.05.1996,INACTIVE,WATANABE Shouta
5550,10009817289,GER,16.03.1996,INACTIVE,BOKELOH Jonas
5551,10060104820,CHI,06.05.1985,INACTIVE,PARRAGUEZ ALVAREZ Miguel Patricio
5552,10015329822,FRA,13.05.1999,ACTIVE,LECAMUS LAMBERT Florentin
5553,10014457933,TKM,17.05.1997,INACTIVE,OVEZMYRADOV Yhlas
5554,10013985764,LTU,28.05.1996,INACTIVE,GEMBECKAS Tomas
5555,10015483406,GBR,02.10.1999,ACTIVE,STEWART Jake
5556,10010083334,TTO,26.07.1975,ACTIVE,TINTO Kevin
5557,10006267796,AUT,12.03.1980,ACTIVE,CSENAR Christian
5558,10015571312,KOR,04.11.1998,INACTIVE,WE Seokhyeon
5559,10064740814,IRI,31.08.1992,INACTIVE,KARAMINEJAD Mahyar
5560,10009714532,RUS,27.02.1996,INACTIVE,BOCHKOV Kirill
5561,10016034383,BRA,11.09.1997,INACTIVE,LISBOA FERREIRA BASTOS Joao Gabriel
5562,10055525006,ROU,27.12.1999,INACTIVE,BIDILICI Cristian-Andrei
5563,10005354582,POL,24.03.1989,INACTIVE,STEPNIAK Grzegorz
5564,10062397252,CHN,03.05.1995,INACTIVE,LI Xiangyuan
5565,10009674318,BLR,29.10.1997,INACTIVE,SAKALOU Uladzimir
5566,10005793106,PHI,17.06.1977,INACTIVE,MARCELO Arnold
5567,10010784057,POR,05.08.1998,ACTIVE,GONÇALVES ALMEIDA Joao Pedro
5568,10003643443,SUI,28.03.1988,ACTIVE,FANGER Martin
5569,10003301822,AUT,04.03.1986,INACTIVE,TAZREITER Georg
5570,10014551600,KOR,14.03.1994,INACTIVE,KIM Daeyeon
5571,10023528241,BRA,23.07.1998,INACTIVE,STAHLBERG MATOS Murilo Henrique
5572,10015477847,CZE,22.04.1999,INACTIVE,SEDLÁČEK Vojtěch
5573,10010880754,RUS,23.03.1998,INACTIVE,LOSEV Ilya
5574,10005503217,ITA,12.06.1989,ACTIVE,GUARDINI Andrea
5575,10005495335,GRE,29.04.1988,Inactive,MARAVELAKIS Ioannis
5576,10063653000,KOR,25.08.1998,INACTIVE,PARK Sungmok
5577,10009161733,HKG,18.10.1995,INACTIVE,CHAN Tsz Fung
5578,10011167310,POR,25.03.1999,INACTIVE,DINIS João
5579,10036756213,ESP,06.05.1993,INACTIVE,DE JULIAN VAZQUEZ Angel
5580,10036585451,LTU,03.04.1999,INACTIVE,VALIUKAS Paulius
5581,10007894366,RSA,26.05.1994,INACTIVE,STROEBEL Daniel Jacobus
5582,10011189033,TTO,21.05.1974,Inactive,MALCO Roger
5583,10006268204,AUT,19.09.1985,INACTIVE,PLATONOV Aleks
5584,10035515926,COL,18.07.1997,ACTIVE,MOLANO BENAVIDES Julian David
5585,10005875251,FRA,08.03.1990,INACTIVE,BACON Romain
5586,10009524067,CAN,06.05.1996,INACTIVE,AMIRI Alexander
5587,10009123438,JPN,12.12.1996,ACTIVE,NAKAI Tadaaki
5588,10012837225,BRA,27.09.1980,INACTIVE,SIEBERT Ivo Lucas
5589,10015266063,RUS,07.12.1998,INACTIVE,STARCHENKO Nikita
5590,10010807396,LTU,03.03.1998,INACTIVE,RAMONAS Kazimieras
5591,10008633485,CHN,01.04.1992,INACTIVE,SHI Tao
5592,10008944794,RSA,16.03.1985,INACTIVE,VAN DER BANK Theuns
5593,10011124466,TTO,15.10.1960,INACTIVE,SAMUEL Gene
5594,10016003263,COL,20.04.1998,ACTIVE,AMADOR CASTAÑO Juan Jose
5595,10058674472,USA,20.06.1968,INACTIVE,MCCARTHY Mike
5596,10053792847,CHI,08.04.1974,INACTIVE,SEPULVEDA VILLAR Luis Fernando
5597,10009369877,NED,06.12.1994,INACTIVE,VAN ZIJL Dylan
5598,10050032075,DEN,01.06.1998,ACTIVE,KRON Andreas Lorentz
5599,10016594357,SUI,27.02.1998,INACTIVE,RUSSO Jonathan
5600,10006894155,RSA,24.06.1992,ACTIVE,STROEBEL Heinrich
5601,10010838823,COL,18.02.1997,ACTIVE,CHIA BERMUDEZ Luis Carlos
5602,10063896207,KOR,18.06.1998,INACTIVE,LEE Seonghyeon
5603,10011134065,UKR,14.06.1997,INACTIVE,OSADCHYI Danylo
5604,10010167705,RUS,26.01.1998,INACTIVE,KLIMOV Evgeny
5605,10009853362,JPN,24.12.1990,INACTIVE,NAKAMURA Ryutaro
5606,10009212657,IRI,22.03.1996,INACTIVE,SHEKARI Mohammad
5607,10006879001,POR,22.04.1992,ACTIVE,COUTINHO Leonel
5608,10007502932,ESP,24.07.1993,INACTIVE,REY GASTAKA Aitor
5609,10062609642,CHN,12.07.1993,INACTIVE,YANG Qifeng
5610,10006597394,FRA,13.11.1991,ACTIVE,DUGUENET Stéphane
5611,10014681639,USA,23.04.1991,ACTIVE,MOMPER Luke
5612,10014389124,POL,19.04.1997,INACTIVE,MATUSIAK Sebastian
5613,10015426014,CZE,18.03.1999,INACTIVE,ROZEHNAL Jan
5614,10060030957,CHI,26.03.1996,INACTIVE,PAVEZ GONZALEZ Alessandro
5615,10064670284,THA,06.01.1998,ACTIVE,CHITTAWIWAT Sura
5616,10010182758,ITA,27.04.1998,INACTIVE,MARCHETTI Moreno
5617,10002170962,ARG,05.01.1972,INACTIVE,DONADIO Sebastian
5618,10015580608,JPN,14.10.1992,INACTIVE,KITAZAWA Ryutaro
5619,10007755334,ESP,25.01.1992,ACTIVE,RUBIO ARRIBAS Jesus Alberto
5620,10065265826,COL,18.01.1986,INACTIVE,NARVAEZ RODRIGUEZ John Emerson
5621,10009795162,USA,24.11.1985,INACTIVE,RUGG Timothy
5622,10063652996,KOR,16.03.1998,INACTIVE,KANG Donggu
5623,10065419814,CHI,20.10.1988,INACTIVE,MORAGA VEGA Andro Gabriel
5624,10009817188,NED,23.10.1996,ACTIVE,VAN DEN BERG Julius
5625,10035065581,AUT,02.07.1985,INACTIVE,LEHNER Jürgen
5626,10010172452,GRE,06.04.1998,INACTIVE,LINARDOS Nikolaos
5627,10009532959,JPN,19.03.1997,INACTIVE,TAKAHASHI Yuto
5628,10071596892,CHI,30.09.1951,ACTIVE,VERDUGO RODRIGUEZ Nicodemus
5629,10011143058,BEL,18.04.1998,ACTIVE,RIETJENS Sander
5630,10016139871,DEN,26.05.1999,ACTIVE,PRICE PEJTERSEN Johan
5631,10015998415,CHN,11.11.1998,INACTIVE,TAN Xingxin
5632,10010726665,USA,19.04.1986,INACTIVE,PERRY Kyle
5633,10014871696,MGL,01.06.1998,ACTIVE,BATSAIKHAN Tegshbayar
5634,10044450131,POR,02.12.1998,INACTIVE,CUNHA André
5635,10004458344,ESP,15.12.1979,ACTIVE,NEIRA PEREZ Cesar
5636,10009836083,CHN,02.05.1996,INACTIVE,SONG Mingliang
5637,10002934737,GRE,13.10.1985,INACTIVE,NIKOLAOU Eleftherios
5638,10062984710,CHI,19.10.1989,INACTIVE,LLENFO CORREA Brian Antonio
5639,10009033108,POL,11.03.1995,INACTIVE,KRZYWDA Patryk
5640,10020811332,JPN,11.07.1996,INACTIVE,NAGAOKA Yoshikatsu
5641,10011166300,POR,14.05.1999,ACTIVE,BOTELHO António
5642,10009878826,GBR,20.09.1998,INACTIVE,HARTLEY Adam
5643,10015684173,FRA,09.03.1998,INACTIVE,LE HENAFF Romain
5644,10008855979,RUS,21.08.1993,INACTIVE,VDOVIN Sergey
5645,10009992701,FRA,15.04.1997,ACTIVE,COSTEPLANE Aurélien
5646,10044254414,POR,30.07.1998,ACTIVE,BRANCO Sandro
5647,10015391254,ESP,06.10.1998,INACTIVE,PEREZ CLEMENTE Sergio
5648,10051908522,CHI,09.04.1992,INACTIVE,OJEDA MILLALONCO Cristian
5649,10010861354,USA,02.09.1979,ACTIVE,BLACK Michael
5650,10006897589,GRE,23.03.1992,INACTIVE,CHATZAKIS Panagiotis
5651,10009126973,GBR,19.10.1993,ACTIVE,BRADBURY Stephen
5652,10020950465,JPN,21.06.1999,INACTIVE,NAKAMURA Yoshinobu
5653,10050636509,GER,16.10.1998,INACTIVE,KÄßMANN Fabian
5654,10008689564,DEN,18.12.1995,ACTIVE,PEDERSEN Mads
5655,10016295475,JPN,10.01.1997,INACTIVE,MATSUSHITA Ryoma
5656,10009123640,JPN,29.07.1995,INACTIVE,YASUDA Kyosuke
5657,10010169422,GER,20.07.1998,INACTIVE,DEIKE Robert
5658,10010084344,ITA,25.12.1994,INACTIVE,MARONESE Marco
5659,10010935116,JPN,30.11.1996,INACTIVE,KOGA Tomoyasu
5660,10008011170,BRU,28.09.1992,INACTIVE,HAJI JOHOR Ahmad Rifaie
5661,10034771046,NZL,16.06.1999,INACTIVE,FOGELBERG Harris
5662,10014386191,GER,10.04.1997,ACTIVE,AUGUSTIN Hannes
5663,10009531646,JPN,11.02.1997,INACTIVE,YASUDA Kai
5664,10021499931,JPN,09.01.1992,INACTIVE,OTA Daiki
5665,10021305325,JPN,12.03.1998,INACTIVE,HIRATA Yuuki
5666,10013970004,JPN,13.04.1967,INACTIVE,TAKAHASHI Nobushige
5667,10035531787,JPN,30.09.1997,INACTIVE,HIRABAYASHI Fuki
5668,10021598648,JPN,19.02.1982,INACTIVE,YAMAMOTO Koji
5669,10010922180,USA,18.01.1986,INACTIVE,LABRY Zachary
5670,10016023875,KOR,28.07.1997,INACTIVE,KYUI Hyukjin
5671,10049091680,KOR,07.11.1997,INACTIVE,CHOI Siyeong
5672,10064740713,IRI,06.09.1996,INACTIVE,ASADAMRAJI Reza
5673,10010876007,IRI,20.05.1998,INACTIVE,SHAFAGHI YAZDI M.Amin
5674,10010877320,IRI,19.11.1998,INACTIVE,DINARVANDNIA Alireza
5675,10007199101,VEN,16.04.1992,INACTIVE,PEREIRA Ali Rafel
5676,10015718125,CAN,07.12.1998,INACTIVE,STARRS Robert
5677,10042434955,ESP,17.11.1999,INACTIVE,BELTRAN GOMEZ Iulen
5678,10011231974,ESP,13.05.1996,ACTIVE,CASTELLON DOBON Francisco Jose
5679,10005509479,RSA,20.04.1988,INACTIVE,BENJAMIN Reginald
5680,10023470849,FRA,21.06.1994,ACTIVE,DIDIER Baptiste
5681,10010677862,USA,02.12.1996,ACTIVE,ROSS Kent
5682,10014681841,USA,17.12.1990,INACTIVE,CONLEY Chad
5683,10062664307,USA,08.06.1996,INACTIVE,ZHDANOV Jordan
5684,10045480755,GER,30.10.1995,INACTIVE,KESSLER Robert William
5685,10013859260,GER,16.04.1996,INACTIVE,JÜRß Malte
5686,10015765918,GER,14.05.1999,ACTIVE,BANZER Johannes
5687,10010770822,CZE,04.06.1998,ACTIVE,ŠMÍDA Martin
5688,10015522610,CZE,22.01.1999,INACTIVE,KABRHEL Milan
5689,10009032401,POL,15.07.1995,INACTIVE,KAZIMIERCZAK Mateusz
5690,10008708661,CZE,09.04.1994,INACTIVE,URBÁŠEK Jan
5691,10049173425,BRU,15.10.1996,INACTIVE,HJ MOHAMAD AMIR Amiruddin
5692,10010182556,CZE,30.10.1998,INACTIVE,ČAPEK Tomáš
5693,10015860187,TTO,16.09.1999,INACTIVE,BONEO Marcus
5694,10046003949,SVK,02.12.1988,ACTIVE,TARAGEL Valér
5695,10008983291,ITA,20.12.1994,INACTIVE,BRESCIANI Michael
5696,10015856551,ITA,13.06.1998,ACTIVE,MARCHIORI Leonardo
5697,10014407009,ITA,13.09.1997,ACTIVE,DALLA VALLE Nicolas
5698,10003240992,GBR,08.01.1982,ACTIVE,OLIPHANT Evan
5699,10009332592,USA,25.07.1986,INACTIVE,KNOTT Kyle
5700,10005442589,USA,19.09.1986,INACTIVE,CHAUNER Michael
5701,10004521291,FRA,18.05.1988,INACTIVE,REZA Kevin
5702,10015082874,ITA,01.05.1998,INACTIVE,TORTELLOTTI Luca
5703,10035247053,COL,08.05.1991,INACTIVE,AREVALO DELGADILLO Anyer Duvan
5704,10021108796,JPN,14.04.1967,INACTIVE,ABE Masahiro
5705,10049089963,KOR,31.03.1996,INACTIVE,KIM Daehun
5706,10009860335,DEN,21.08.1995,INACTIVE,LANDER Alexandar
5707,10008983695,ITA,03.07.1994,INACTIVE,GORI Simone
5708,10003292324,GBR,21.05.1985,ACTIVE,CAVENDISH Mark
5709,10003181378,NED,14.02.1984,INACTIVE,VELDT Tim
5710,10005969019,AUS,14.06.1989,ACTIVE,O'SHEA Glenn
5711,10009690987,COL,27.04.1996,ACTIVE,PAREDES ZAPATA Wilmar Andres
5712,10050677632,CHI,20.09.1997,INACTIVE,GONZALEZ GUTIERREZ Nicolas
5713,10007809793,AUS,18.03.1994,INACTIVE,MCMANUS Tirian
5714,10009432424,IRI,27.10.1994,ACTIVE,CHAICHIRAGHIMI Mohammad
5715,10009734942,SUI,04.01.1997,ACTIVE,MÄDER Gino
5716,10007230322,NZL,02.03.1993,INACTIVE,BULLING Pieter
5717,10008197389,JPN,01.02.1992,INACTIVE,KURABAYASHI Takuto
5718,10010173563,GER,22.10.1997,ACTIVE,KANTER Max
5719,10007896285,IRI,02.05.1993,ACTIVE,JADIDOLESLAMI Shahab
5720,10005483716,NZL,19.01.1988,INACTIVE,WILLS Ryan
5721,10007898915,ITA,28.04.1994,INACTIVE,CASTEGNARO Francesco
5722,10015536249,AUS,16.02.1988,INACTIVE,TOMLINSON Justin
5723,10014489558,AUS,28.08.1998,INACTIVE,CHAPMAN Colin
5724,10009595405,KOR,28.10.1989,INACTIVE,KIM Joonwoo
5725,10010820938,TTO,11.09.1982,INACTIVE,RAMJIT Sheldon
5726,10010653816,TPE,02.12.1997,INACTIVE,CHEN Chien Chou
5727,10006895670,KAZ,13.07.1992,INACTIVE,OMIRZAKOV Dias
5728,10004713473,VEN,09.11.1988,INACTIVE,BRICENO Manuel
5729,10007505356,GRE,20.05.1993,INACTIVE,SPANOPOULOS Ioannis
5730,10007741590,KOR,06.09.1991,INACTIVE,LIM Jae Yeon
5731,10061393001,MEX,25.03.1990,INACTIVE,CARBAJAL Iván
5732,10011208635,PUR,24.10.1972,ACTIVE,LAJARA MALDONADO Pedro L.
5733,10010165984,COL,18.11.1993,INACTIVE,OSPINA Jhonatan
5734,10009178608,SWE,08.03.1995,INACTIVE,LARSEN Preben
5735,10015983358,TPE,10.10.1980,INACTIVE,TING Cheng Chang
5736,10009139303,NZL,12.06.1996,ACTIVE,MUDGWAY Luke
5737,10006726225,SVK,31.05.1973,INACTIVE,KRIŽAN Pavol
5738,10008865881,MEX,19.10.1996,ACTIVE,ULLOA AREVALO Jose Gerardo
5739,10007360462,DEN,10.04.1993,INACTIVE,BIGUM Simon
5740,10009673207,VEN,17.02.1997,INACTIVE,HIDALGO Miguel
5741,10003245642,UKR,28.07.1984,INACTIVE,KOGUT Volodymyr
5742,10079277575,IRI,05.03.1990,ACTIVE,REZVANI GILKOLAEI Morteza
5743,10006137656,KOR,25.02.1990,INACTIVE,SHIN Donghyun
5744,10007767963,SVK,29.11.1993,ACTIVE,MALIK Róbert
5745,10009002489,NED,02.08.1995,INACTIVE,VELDT Marc
5746,10016303054,GRE,19.02.1992,INACTIVE,TSOPOUROGLOU Vasillios
5747,10006903047,POL,11.05.1991,INACTIVE,GROCHOWSKI Bartosz
5748,10009704024,POL,21.04.1994,INACTIVE,KIETLINSKI Wojciech
5749,10011207524,TTO,07.08.1995,INACTIVE,GREENIDGE Marlon
5750,10016130474,GBR,30.06.1999,ACTIVE,VAUGHAN Jacob
5751,10006896478,UKR,10.02.1991,INACTIVE,PONOMARENKO Dmytro
5752,10014146624,IRI,29.06.1996,INACTIVE,RAKANI Keivan
5753,10010821443,TTO,02.12.1997,INACTIVE,WATSON Emmanuel
5754,10004594043,UKR,08.01.1987,Inactive,AGARKOV Yuriy
5755,10016262941,KOR,05.03.1998,INACTIVE,KIM Gihoon
5756,10010776983,SVK,03.09.1998,ACTIVE,VOJTEK Miloš
5757,10007946809,LTU,31.10.1991,ACTIVE,MANIKAS Domas
5758,10009002792,NED,18.09.1995,ACTIVE,BROER Milan
5759,10009836487,CHN,26.04.1997,INACTIVE,LI Jin Song
5760,10009323094,GRE,12.04.1988,INACTIVE,SIMITZIS Grigorios
5761,10003035676,COL,,INACTIVE,TORRES Camilo
5762,10010088788,IRI,04.03.1995,INACTIVE,KARIMI Ali
5763,10008696436,POL,27.03.1994,INACTIVE,SYKALA Wojciech
5764,10011155485,TPE,12.01.1998,INACTIVE,YANG Bing You
5765,10008937522,MEX,17.01.1993,INACTIVE,VALERA ESPINOSA Carlos Jonathan
5766,10015992048,LTU,17.01.1999,INACTIVE,VAITAITIS Kestutis
5767,10009500829,CZE,27.01.1996,INACTIVE,ŠIPOŠ Marek
5768,10009523663,NED,30.01.1996,INACTIVE,VIERHOUTEN Gino Luca
5769,10009014314,KAZ,22.01.1995,ACTIVE,KLEVANOV Nikita
5770,10009163753,FRA,12.07.1996,ACTIVE,MADOUAS Valentin
5771,10004657802,COL,19.10.1982,INACTIVE,OSPINA HERNANDES Carlos Alberto
5772,10007234261,IRI,01.12.1991,INACTIVE,MOSTAFAVI Mousa
5773,10016128757,JPN,14.11.1996,INACTIVE,YAMADA Kota
5774,10010963206,KOR,01.06.1996,INACTIVE,PARK Byungsuk
5775,10009074635,POR,18.02.1995,INACTIVE,MANSILHAS Fábio
5776,10009490523,SUI,20.03.1995,INACTIVE,DELCÓ Lorenzo
5777,10007357937,BEL,14.09.1993,INACTIVE,VEKEMAN Maxime
5778,10009014516,KAZ,05.05.1995,INACTIVE,MAMEDOV Magomed
5779,10016301539,GRE,12.03.1997,INACTIVE,GAZONIS Petros
5780,10009854776,COL,08.02.1993,INACTIVE,GARCÍA Nicolás
5781,10008712503,IRI,22.10.1994,INACTIVE,BAGHERI Esmaeil
5782,10015150875,ARG,21.02.1998,ACTIVE,SILVA Nahuel
5783,10009322185,KOR,03.08.1994,INACTIVE,LEE Minwoo
5784,10014615254,CUB,07.09.1997,INACTIVE,HERNÁNDEZ IZQUIERDO Maikol
5785,10015031243,GBR,08.07.1987,ACTIVE,KENWAY Adam
5786,10008932569,MEX,19.06.1987,INACTIVE,BETANCOURT SANCHEZ Roberto
5787,10008009958,LTU,30.11.1994,INACTIVE,PELAITIS Arnas
5788,10010114353,KAZ,16.05.1998,INACTIVE,KUAT Timur
5789,10010738890,GRE,22.09.1984,INACTIVE,ARGURIADIS Georgios
5790,10007275788,IRI,23.04.1990,INACTIVE,ZAREZADEH Masoud
5791,10010088081,POL,10.01.1995,INACTIVE,SOLINSKI Jakub
5792,10061276702,UKR,14.06.1997,INACTIVE,OSADCHOY Danil
5793,10009813047,MAS,06.08.1996,INACTIVE,MUSTAFFA KAMAL Ahmad Muazzam Iman
5794,10009828306,UKR,11.02.1993,INACTIVE,MIKHENKO Markiyan
5795,10061280035,CUB,30.03.1994,INACTIVE,CARLZADLLA Adrian
5796,10016044588,MEX,28.10.1998,INACTIVE,COLUNGA RESENDIZ Fernando
5797,10023480953,CHN,05.12.1995,INACTIVE,SHEN Qiang
5798,10010962293,KOR,28.03.1997,INACTIVE,CHOI Jaewoong
5799,10009494159,AUS,09.04.1974,INACTIVE,SALISBURY Paul
5800,10045668085,POR,30.08.1998,INACTIVE,PEREIRA Leandro
5801,10007052587,BEL,08.12.1991,ACTIVE,VAN RAEPENBUSCH Ruben
5802,10061349248,MEX,,INACTIVE,SANTOLLO PEREZ Arturo Alejandro
5803,10015992250,LTU,05.10.1998,INACTIVE,ŠIDEIKIS Povilas
5804,10009003301,NED,09.09.1995,INACTIVE,GESERICK Ocko
5805,10009148191,JPN,09.12.1995,INACTIVE,HARAI Hiroto
5806,10015339724,CHN,21.11.1997,INACTIVE,LI Jiacheng
5807,10016298812,GRE,12.04.1988,INACTIVE,PANIGIRAKIS Ioannis
5808,10016264759,COL,21.09.1993,INACTIVE,GUTIERREZ SALAZAR Cristian Alfonso
5809,10016138356,IRI,03.04.1994,INACTIVE,MOHAMMADI Morteza
5810,10010171240,GBR,28.05.1998,ACTIVE,WOOD Reece
5811,10014724681,SUI,27.10.1985,INACTIVE,DUBOIS Marc
5812,10010916322,CHN,25.02.1996,INACTIVE,SHENTU Jianpu
5813,10010875704,IRI,19.01.1997,INACTIVE,NADERIFARD Alireza
5814,10009337141,POL,25.05.1996,INACTIVE,GORECKI Patryk
5815,10014206642,GBR,08.12.1983,INACTIVE,RUTTER Neil
5816,10015236660,SUI,14.06.1998,INACTIVE,DAVID Andrea
5817,10011140331,NED,08.10.1998,INACTIVE,MILTENBURG Timo
5818,10004872717,IRI,27.04.1988,INACTIVE,MOZAFARI Mohammad Sadegh
5819,10010658159,UKR,05.11.1995,INACTIVE,POGORELOV Vyacheslav
5820,10008698052,ARG,16.04.1994,ACTIVE,TRILLINI Sebastian Maximiliano
5821,10012104873,SUI,27.03.1992,ACTIVE,WIDMER Florian
5822,10007080172,BEL,03.09.1991,ACTIVE,VAN DE MIEROOP Sam
5823,10009523562,NED,09.07.1996,INACTIVE,BUIJS Dennis
5824,10016311542,GRE,03.11.1995,INACTIVE,KLOKAS Stephanos
5825,10013830766,POL,12.02.1996,INACTIVE,WYPYCH Karol
5826,10015971840,CUB,11.07.1998,INACTIVE,SANTANA CAMPOS Carlos Enrique
5827,10015509270,NED,14.01.1998,INACTIVE,POOT Wouter
5828,10016306286,GRE,14.09.1994,INACTIVE,KELEPERAS Danil
5829,10015973052,CUB,11.12.1980,INACTIVE,CABALLERO Jorge
5830,10015992351,LTU,24.09.1999,INACTIVE,ANTANAVICIUS Matas
5831,10005713078,DEN,23.08.1984,INACTIVE,JØRGENSEN Kasper Linde
5832,10009148700,JPN,17.08.1995,INACTIVE,MORIGUCHI Hiroki
5833,10022863284,NED,21.02.1997,INACTIVE,GROOT Tristan
5834,10010738991,GRE,03.11.1995,INACTIVE,CHRISTOPOULOS Panagiotis
5835,10016138255,IRI,28.03.1969,INACTIVE,GHOBADI Afshin
5836,10008983901,ITA,27.04.1994,INACTIVE,PELIZZOLA Marco
5837,10018131708,GBR,01.05.1997,Active,COOPER Nicholas
5838,10016096122,LTU,02.09.1998,INACTIVE,KRIVICKAS Lukas
5839,10045481462,GER,29.10.1996,ACTIVE,KOCH Christian Maximilian
5840,10010173260,POL,15.04.1997,INACTIVE,CYGAN Karol
5841,10007055419,GBR,06.07.1988,INACTIVE,MAGNIER Andrew
5842,10014481171,GER,05.01.1997,ACTIVE,FRANZ Toni
5843,10007360664,DEN,06.12.1990,INACTIVE,SØRENSEN Nichlas Eberhardt
5844,10010920463,UKR,01.04.1989,INACTIVE,BONDARUK Mykyta
5845,10007907100,POR,25.10.1989,ACTIVE,CARVALHO António
5846,10010719793,LTU,18.12.1997,INACTIVE,ŠAKINIS Osvaldas
5847,10010092226,POL,27.01.1996,INACTIVE,WEWIOR Patryk
5848,10010719692,LTU,23.10.1997,ACTIVE,TAUČIUS Jurgis
5849,10010184071,GER,25.06.1998,INACTIVE,FLICKE Bastian
5850,10052433635,LTU,22.01.1997,INACTIVE,MAŽEIKA Augustas
5851,10012438414,DEN,11.04.1992,Inactive,ELAND Lasse
5852,10010607841,GBR,04.12.1997,ACTIVE,ESCRITT Jack
5853,10007049456,DEN,06.04.1990,INACTIVE,MØRKØV Jacob
5854,10015455619,GBR,11.12.1989,INACTIVE,FOSTUN Matthew
5855,10010604609,AUS,16.05.1997,INACTIVE,ROBINSON James
5856,10004813204,USA,17.10.1983,ACTIVE,LEA Bobby
5857,10007357331,BEL,24.11.1993,ACTIVE,DE BUYST Jasper
5858,10005986294,AUS,10.10.1990,INACTIVE,FREIBERG Michael
5859,10009976533,ITA,20.08.1997,INACTIVE,BRESCIANINI Nicolò
5860,10010754250,ITA,11.01.1997,INACTIVE,CESARO Nicola
5861,10012940386,ARG,04.06.1993,INACTIVE,CURUCHET Juan Ignacio
5862,10004593437,IRI,08.02.1987,ACTIVE,NATEGHI Mahdi
5863,10010865293,HUN,30.05.1998,INACTIVE,HAJDÚ Máté Olivér
5864,10010195791,TPE,16.12.1994,INACTIVE,CHUANG Wen Yen
5865,10061382792,TTO,26.07.1984,INACTIVE,ALEXANDER Joshua
5866,10015972547,CUB,06.07.1998,INACTIVE,SAAVEDRA Ignacio
5867,10001478323,GBR,17.09.1979,INACTIVE,LONIE Martin
5868,10009677146,JPN,05.04.1996,INACTIVE,TAKECHI Ibuki
5869,10019240942,GBR,08.03.1986,INACTIVE,CLARK Ross
5870,10010170735,GBR,11.11.1998,INACTIVE,LONGSTAFF Frank
5871,10018676524,GBR,18.12.1989,INACTIVE,NORRIS Ben
5872,10015785924,JPN,13.03.1998,INACTIVE,UENO Kyoya
5873,10018055421,GBR,17.10.1992,ACTIVE,KEY Thomas
5874,10019059470,GBR,23.08.1997,INACTIVE,BOOTH Thomas
5875,10018091288,GBR,28.09.1984,ACTIVE,HAMBREY Oliver
5876,10019456059,GBR,02.01.1994,ACTIVE,FYNN Tarn
5877,10014516537,JPN,20.07.1988,INACTIVE,KITANO Yukinori
5878,10011401423,GBR,05.10.1992,ACTIVE,WOFFINDIN Martin
5879,10019319855,GBR,09.11.1987,INACTIVE,BRADLEY Alan
5880,10009013607,JPN,02.03.1995,INACTIVE,SUZUKI Kohei
5881,10015786934,JPN,20.05.1997,INACTIVE,HASHIMOTO Riku
5882,10023922103,GBR,04.06.1998,INACTIVE,HARDMAN Luke
5883,10017934068,GBR,19.06.1985,ACTIVE,WHITE Joseph
5884,10019378257,GBR,01.10.1980,ACTIVE,FRASER Ian
5885,10018226482,GBR,05.06.1991,INACTIVE,TROTTER David
5886,10019171224,GBR,19.05.1980,ACTIVE,MILNES Rob
5887,10010632089,POR,13.12.1995,INACTIVE,APOLINÁRIO Rafael
5888,10008914886,GER,07.04.1994,INACTIVE,SCHNEIDER Stefan
5889,10016144016,CZE,02.08.1998,ACTIVE,CHARALAMBIDIS Denis
5890,10047420250,CZE,29.02.1996,INACTIVE,ČERNOHORSKÝ David
5891,10011356559,JPN,08.08.1973,INACTIVE,IWATSUKI Nobuo
5892,10009677651,KAZ,17.07.1996,INACTIVE,FRANK Yvan
5893,10023460038,KAZ,25.11.1998,INACTIVE,NOVIKOV Denis
5894,10023551176,KAZ,27.08.1998,INACTIVE,DAVLETOV Muratbek
5895,10006582240,FRA,18.08.1991,INACTIVE,PIJOURLET Jules
5896,10007759879,FRA,22.11.1993,ACTIVE,PREAU Julien
5897,10014949300,FRA,19.06.1998,INACTIVE,FOURNIER Quentin
5898,10010204279,CHN,08.01.1992,INACTIVE,HOU Ya Ke
5899,10005692769,PUR,25.05.1988,INACTIVE,COLÓN ORTIZ Eduardo
5900,10016305478,PUR,07.02.1981,INACTIVE,VELEZ REYES Manuel
5901,10061336922,GRE,01.12.1996,INACTIVE,KARRIS Ioannis
5902,10008016628,KOR,11.06.1993,INACTIVE,KWON Soonyeong
5903,10016023572,KOR,17.05.1997,INACTIVE,GOOK Daejin
5904,10016023673,KOR,15.02.1998,INACTIVE,LEE Dohwan
5905,10016023774,KOR,12.06.1997,INACTIVE,PARK Jooan
5906,10006178981,AUS,09.03.1991,INACTIVE,LAW Scott
5907,10006717333,NZL,03.04.1991,INACTIVE,KARWOWSKI Cameron
5908,10005922034,ECU,11.12.1984,INACTIVE,RAGONESSI GUZMAN Jose Carlos
5909,10005736825,ARG,07.12.1985,ACTIVE,RICHEZE Mauro Abel
5910,10007240527,USA,08.08.1985,INACTIVE,DUEHRING Jacob
5911,10007501922,TTO,07.07.1992,INACTIVE,MAHARAJH Varun
5912,10006322461,CHI,24.05.1990,INACTIVE,MANSILLA ALMONACID Cristopher
5913,10003253322,UZB,25.05.1986,ACTIVE,SHAEKHOV Vadim
5914,10004792891,IRL,06.06.1985,ACTIVE,IRVINE Martyn
5915,10007229918,AUS,02.02.1993,INACTIVE,LAW Jackson
5916,10009136572,AUS,19.06.1996,INACTIVE,FITTER Daniel
5917,10008899833,USA,01.04.1982,INACTIVE,HOLT Ian
5918,10002733158,ESP,22.06.1980,ACTIVE,ELORRIAGA ZUBIAUR Unai
5919,10008995116,NZL,20.12.1995,ACTIVE,HAGGERTY Joshua
5920,10008629142,RUS,17.05.1995,INACTIVE,STRAKHOV Dmitrii
5921,10005343165,VEN,15.06.1985,ACTIVE,MORENO Victor
5922,10089627778,ARG,07.03.1983,ACTIVE,RICHEZE Maximiliano Ariel
5923,10009706448,USA,07.06.1982,ACTIVE,STEPHENS William (Mat)
5924,10003202600,BLR,13.11.1985,INACTIVE,LISOUSKI Aliaksandr
5925,10062591959,CHN,24.11.1988,Inactive,XUE Saifei
5926,10009115556,AUS,10.08.1996,ACTIVE,SCOTSON Callum
5927,10004720042,ARG,29.04.1989,INACTIVE,RICHEZE Adrian
5928,10009201442,USA,10.01.1991,INACTIVE,SHIROCK Jeremy
5929,10006547884,ITA,01.02.1989,ACTIVE,FORTIN Filippo
5930,10007461203,EST,01.06.1990,INACTIVE,ARUMÄGI Anti
5931,10005742178,BRA,14.09.1983,INACTIVE,DIAS Robson
5932,10008191834,COL,24.01.1993,INACTIVE,RIOS QUINTANA Kevin Daniel
5933,10007508790,TUR,12.03.1993,ACTIVE,ORKEN Ahmet
5934,10003349211,NED,29.03.1984,ACTIVE,HUIZENGA Jenning
5935,10010936025,EST,04.01.1966,INACTIVE,OLIVSON Sergei
5936,10002452161,FIN,11.12.1980,INACTIVE,KANANEN Kimmo
5937,10009774954,TPE,05.07.1996,INACTIVE,HSU Hsuan Ping
5938,10003166729,EST,09.11.1981,INACTIVE,OJAVEE Mart
5939,10008943178,GUA,28.03.1992,INACTIVE,QUICIBAL Christian
5940,10009669062,VEN,24.11.1996,INACTIVE,LINARES Andres
5941,10061440285,IRI,08.01.1992,INACTIVE,BEIKKHORMIZI Hamid
5942,10003042043,BUL,31.10.1983,ACTIVE,KONSTANTINOV Radoslav
5943,10009814562,KOR,28.01.1996,INACTIVE,KIM Sangpyo
5944,10006696923,CHN,07.12.1988,INACTIVE,YUAN Zhong
5945,10010743944,COL,04.03.1995,ACTIVE,CUESTA ZAMORA Steven Manuel
5946,10008955811,VEN,22.11.1992,INACTIVE,LÓPEZ Pedro
5947,10008969753,POR,01.11.1994,INACTIVE,BRÁS Pedro
5948,10010717672,CHN,23.01.1997,INACTIVE,YANG Yiming
5949,10008634394,KOR,28.09.1988,INACTIVE,LEE Kisuk
5950,10008979857,USA,12.07.1987,INACTIVE,ROGERS Nicholas
5951,10009125862,NED,24.01.1996,INACTIVE,CORNELISSE Mitchell
5952,10007234463,IRI,16.06.1993,ACTIVE,SADIPOUR Payam
5953,10009194570,RUS,11.10.1996,INACTIVE,RAZUMOV Nikita
5954,10003223010,RUS,26.07.1986,INACTIVE,KOVALEV Ivan
5955,10005480985,JPN,19.05.1989,ACTIVE,YOSHIDA Hayato
5956,10007821012,IRL,21.04.1994,INACTIVE,CLARKE Cormac
5957,10011080414,TPE,13.10.1996,INACTIVE,HO Yun Ren
5958,10004709938,ITA,11.03.1985,ACTIVE,BUTTAZZONI Alex
5959,10010676751,USA,23.02.1997,INACTIVE,HESSERT Nikos
5960,10007729163,NZL,06.03.1993,ACTIVE,JONES Patrick
5961,10007731284,TPE,10.05.1993,ACTIVE,彭 PENG 源堂 Yuan Tang
5962,10011069502,POR,18.04.1996,INACTIVE,VIEIRA Marcelo
5963,10006918407,LAT,23.11.1990,INACTIVE,BARTUSEVICS Rihards
5964,10006879102,POR,15.02.1991,INACTIVE,FERREIRA Hélder
5965,10010163661,USA,24.11.1992,ACTIVE,WARREN Taylor
5966,10009727262,ITA,06.04.1996,INACTIVE,GRODZICKI Cezary
5967,10010915312,CHN,04.09.1996,INACTIVE,GU Tianhao
5968,10009834669,CHN,28.03.1992,INACTIVE,DONG Yun Xuan
5969,10007252045,FRA,05.06.1991,INACTIVE,DANIEL Maxime
5970,10010096670,ARG,07.02.1996,INACTIVE,GARCÍA Joaquín
5971,10007891841,ITA,02.02.1994,INACTIVE,DONATO Riccardo
5972,10006481402,COL,07.11.1991,INACTIVE,BARON CASTILLO Felix Alejandro
5973,10009487590,ARG,01.07.1994,ACTIVE,CONTRERAS Emiliano
5974,10010683926,ITA,18.06.1996,ACTIVE,MESSIERI Francesco
5975,10010599454,COL,09.03.1991,INACTIVE,ULLOA RODRIGUEZ Wilmer
5976,10008984406,ITA,23.10.1993,INACTIVE,MORETTIN David
5977,10061405529,CUB,22.02.1990,INACTIVE,TOUSET Yoandri
5978,10013879165,ITA,12.05.1996,INACTIVE,VECCHIATO Manuel
5979,10009490119,PUR,12.02.1995,INACTIVE,MARTÍNEZ MARTÍNEZ Brandon
5980,10009322690,USA,15.09.1985,INACTIVE,DIPETRILLO David
5981,10009514266,COL,10.08.1995,INACTIVE,MUÑOZ ARENAS Johan Federico
5982,10010848119,COL,02.01.1995,INACTIVE,GALVIS Jorge
5983,10011170643,JPN,15.05.1994,INACTIVE,KAWAMOTO Yusuke
5984,10011170744,JPN,15.03.1997,INACTIVE,USAMI Motoki
5985,10010578438,USA,09.01.1977,INACTIVE,BOETTCHER Randy
5986,10010917231,USA,29.03.1964,INACTIVE,JOHNSON E Eric
5987,10010917332,USA,31.08.1988,INACTIVE,MILLER Kristian
5988,10010917433,USA,29.04.1972,INACTIVE,BAUGHMAN Peter
5989,10010917534,USA,17.12.1973,INACTIVE,SCOTT Ted
5990,10007809894,AUS,18.01.1994,ACTIVE,SCOTSON Miles
5991,10011045856,JPN,09.11.1994,INACTIVE,IKEBE Sei
5992,10011051516,JAM,12.08.1962,ACTIVE,SMITH Clarence
5993,10008939441,GUA,31.01.1994,INACTIVE,POP Luis Fernando
5994,10008967834,VEN,16.08.1989,INACTIVE,SÁNCHEZ Johan
5995,10010718884,CHN,06.02.1992,INACTIVE,YIN Hao
5996,10007734015,HKG,15.01.1992,INACTIVE,CHEUNG Fu Shiu
5997,10009681691,IRI,30.07.1996,INACTIVE,KHALILIAN Mohammad
5998,10009498809,SUI,12.12.1996,INACTIVE,SCHÄPPI Martin
5999,10009523764,NED,07.10.1996,INACTIVE,VOS Jurriaan
6000,10009385641,KAZ,31.01.1995,Inactive,ZVEREV Vitaliy
6001,10011051617,JAM,31.07.1967,INACTIVE,DOUGLAS Karl
6002,10009084840,USA,04.07.1994,INACTIVE,FREUND Alexander
6003,10010856304,BRA,05.01.1996,INACTIVE,DA FONSECA FARINA E SILVA Vitor Demian
6004,10010920059,FIN,14.10.1997,INACTIVE,MANTILA Matti
6005,10009014011,IRI,05.04.1995,INACTIVE,EBADALLAHIRAFSANJANI Mahdi
6006,10009363413,POL,16.08.1993,INACTIVE,KISTOWSKI Kacper
6007,10008665619,SUI,11.03.1995,INACTIVE,BRÜHLMANN Simon
6008,10010604710,AUS,30.04.1997,INACTIVE,PIROTTA Darcy
6009,10011045048,UZB,06.10.1996,ACTIVE,SAIDOV Ulugbek
6010,10007874158,VEN,05.10.1992,INACTIVE,VELÁSQUEZ Alvin
6011,10010176492,FIN,22.01.1997,INACTIVE,HYRKÄS Matias
6012,10010872367,IRI,04.03.1993,INACTIVE,TANBAKOUEI Alireza
6013,10006632558,SUI,20.01.1992,INACTIVE,CHAVANNE Gabriel
6014,10009495775,NED,21.11.1996,INACTIVE,DAATSELAAR Douwe
6015,10007897501,BLR,26.04.1994,INACTIVE,DUBOUSKI Uladzislau
6016,10010919756,VEN,13.09.1995,INACTIVE,GONNELLA Miguel
6017,10010921776,USA,22.12.1982,INACTIVE,GARCIA Anibal
6018,10009213768,CHN,20.12.1996,INACTIVE,ZHANG Heng
6019,10009818101,KAZ,28.12.1996,ACTIVE,NATAROV Yuriy
6020,10009049373,BLR,09.10.1995,ACTIVE,STROKAU Vasili
6021,10010872569,IRI,18.11.1992,INACTIVE,FAROKHI AZGHEH Mehrdad
6022,10005763396,GER,06.06.1988,INACTIVE,THÖMEL Tino
6023,10009495573,NED,18.11.1996,INACTIVE,SPIERINGS Julian
6024,10009709579,KAZ,17.02.1995,ACTIVE,ADILOV Shakir
6025,10009709882,BLR,28.05.1993,INACTIVE,SAKALOU Andrei
6026,10009724131,CHN,08.03.1993,INACTIVE,ZHENG Jianwei
6027,10007896083,RUS,19.04.1994,INACTIVE,ZAKARIN Aydar
6028,10011056061,NED,28.02.1995,INACTIVE,VAN EIJK Erwin
6029,10011030294,KAZ,12.07.1995,INACTIVE,LAVRENTYEV Anton
6030,10008942269,POL,22.03.1994,INACTIVE,KLASINSKI Lukasz
6031,10009791324,BLR,19.11.1992,INACTIVE,PADALIAK Pavel
6032,10009855281,BEL,04.04.1995,INACTIVE,ROS Dieter
6033,10009087163,JPN,10.07.1994,INACTIVE,SOMA Yoshimune
6034,10005441276,USA,09.10.1974,INACTIVE,GARRETT Michael
6035,10009990879,BEL,10.09.1997,INACTIVE,GEERTS Kenneth
6036,10010089394,RUS,31.03.1995,INACTIVE,ODEGOV Ivan
6037,10009348457,SUI,09.10.1993,ACTIVE,FRIEDLI Jacques
6038,10011045755,JPN,10.12.1994,INACTIVE,HIROSE Haruki
6039,10010921877,USA,20.07.1982,INACTIVE,GAITOS Chris
6040,10009577217,RUS,04.01.1994,INACTIVE,IVANOV Evgeny
6041,10009867409,POL,01.04.1996,INACTIVE,CHODYLA Bartosz
6042,10010639466,JPN,10.03.1996,INACTIVE,URATA Massanari
6043,10011079606,KAZ,02.05.1997,INACTIVE,ISKAKOV Meirlan
6044,10007890225,RUS,15.03.1993,INACTIVE,ZHURAVLEV Vadim
6045,10010091822,POL,12.10.1996,INACTIVE,ZAWISTOWSKI Kamil
6046,10010922079,USA,05.02.1996,INACTIVE,BLANTON Johnpaul
6047,10010588239,USA,19.02.1994,ACTIVE,RYAN John
6048,10007891740,RUS,06.03.1993,INACTIVE,ZATESHILOV Evgeny
6049,10010661694,GER,02.09.1997,INACTIVE,SCHULZ Christopher
6050,10007265684,JPN,12.08.1991,ACTIVE,YASUHARA Daiki
6051,10011055455,JPN,06.08.1994,INACTIVE,TORIGOE Keita
6052,10007223450,GBR,02.05.1993,ACTIVE,DOULL Owain
6053,10008910745,SIN,28.07.1982,INACTIVE,YEONG Wai Mun
6054,10008928327,USA,23.01.1984,INACTIVE,DONOGHUE Liam
6055,10010084142,USA,04.05.1994,INACTIVE,HAAS Dean
6056,10006800488,CZE,20.01.1992,INACTIVE,SVORADA Jan
6057,10010165479,ITA,10.10.1995,INACTIVE,BRAVIN Andrea
6058,10009338656,CZE,18.06.1996,Active,PETRUŠ Jiří
6059,10009321680,CUB,15.02.1995,INACTIVE,VIAMONTE OLIVA Yasmany
6060,10009431010,INA,17.11.1994,INACTIVE,NOVARDIANTO Jamalidin
6061,10011025850,BEL,07.03.1996,INACTIVE,DEHEM Arno
6062,10010607134,NED,27.04.1997,INACTIVE,VAN NIEROP Dion
6063,10009349568,CAN,24.11.1995,INACTIVE,MACKINNON Sean
6064,10010579347,CAN,07.01.1982,ACTIVE,SCHILLER Jeff
6065,10006179688,NZL,06.12.1976,INACTIVE,ALEXANDER Zane
6066,10008977029,BLR,21.07.1993,INACTIVE,BUDKEVICH Kanstantsin
6067,10009684826,BLR,24.03.1997,INACTIVE,KOROLEK Serguei
6068,10009737770,BLR,21.05.1996,INACTIVE,IKANOVICH Arseni
6069,10009737871,BLR,23.04.1997,INACTIVE,DUSHYN Ihar
6070,10010589552,AZE,26.09.1996,INACTIVE,MUSTAFAZADE Farid
6071,10009037855,GUA,07.03.1995,ACTIVE,TOC Gerson
6072,10009226603,GUA,29.04.1995,ACTIVE,MORALES Esdras
6073,10009676237,GUA,03.09.1996,INACTIVE,QUICIBAL Andy
6074,10010578236,GUA,14.02.1973,INACTIVE,GODOY Sergio
6075,10004786629,BRA,08.07.1988,INACTIVE,DUARTE NARDIN Thiago
6076,10007237796,BRA,28.06.1986,INACTIVE,DO AMARAL Fagner
6077,10008905994,BRA,03.04.1986,INACTIVE,FERREIRA Willian
6078,10010722019,BRA,20.12.1996,INACTIVE,RIECK Wendryll Borges
6079,10004720446,COL,18.07.1988,INACTIVE,ULLOA RODRIGUEZ Jeyson Camilo
6080,10007528796,COL,05.06.1993,ACTIVE,OCHOA CAMARGO Diego Antonio
6081,10009230441,COL,16.09.1996,ACTIVE,HODEG CHAGUI Alvaro Jose
6082,10009860739,COL,18.07.1991,INACTIVE,MENDOZA RAMIREZ Andres Camilo
6083,10010839732,COL,09.08.1984,INACTIVE,CASTELLANOS Carlos
6084,10061253662,COL,04.07.1993,INACTIVE,RIOS Cristián
6085,10114232941,RSA,14.07.2004,ACTIVE,LESTER Matthew
6086,10087537834,IRI,21.09.2002,ACTIVE,LABIB SHOTORBAN Ali
6087,10030566401,ITA,07.07.2001,INACTIVE,VETTOREL Marco
6088,10030162738,ITA,23.05.2002,ACTIVE,CAO Marco
6089,10086591981,IRI,13.01.1999,ACTIVE,JAMSHIDIAN GHALEHSEFIDI Amir
6090,10099104880,ALG,01.03.2003,ACTIVE,CHERKI Salah Eddine Ayoubi
6091,10055293418,GBR,15.02.2004,ACTIVE,TARLING Joshua
6092,10100390536,GBR,05.04.2004,ACTIVE,HICKS Dylan
6093,10015268891,THA,11.03.1998,INACTIVE,PORDEENGARM Sakchai
6094,10010745156,COL,26.08.1995,ACTIVE,COLON BUELVAS Johan Antonio
6095,10023704356,GRN,19.01.1999,ACTIVE,WALTERS Red
6096,10111419436,ANT,22.08.1989,INACTIVE,BRIDGES Jyme
6097,10084699572,ECU,01.10.2002,ACTIVE,VILLALBA QUISHPE Jordan
6098,10051903165,CHI,17.08.1998,ACTIVE,VERGARA GARCIA Nicolas
6099,10079221904,MAS,06.04.2001,INACTIVE,AJIS Muhammad Hakimi
6100,10008597315,SWE,21.11.1995,ACTIVE,ERIKSSON David
6101,10035373355,COL,17.02.1995,ACTIVE,BAEZ VANEGAS Brayan Alberto
6102,10065535406,BEL,09.03.2003,ACTIVE,BERTELS Lennert
6103,10006407337,KOR,18.07.1991,INACTIVE,PARK Keonwoo
6104,10094612669,ECU,17.04.2004,ACTIVE,MORA REVELO Alejandro
6105,10014867555,THA,14.02.1997,INACTIVE,JUMPRABHUT Thanakom
6106,10132000210,HKG,15.12.2004,INACTIVE,LEE Yan Chak Jacob
6107,10007758061,JPN,05.06.1992,INACTIVE,NAKAZATO Masaru
6108,10009383217,USA,17.03.1992,ACTIVE,FRETER Johnathan
6109,10075938654,AZE,16.02.2001,ACTIVE,EYVAZOV Shahin
6110,10007974087,SLO,09.02.1993,INACTIVE,PAVLIČ Marko
6111,10100095896,KOR,15.06.2000,ACTIVE,PARK Gyeongmin
6112,10052858617,GBR,24.02.2004,ACTIVE,TWELVES Callum
6113,10009014415,THA,21.12.1995,ACTIVE,LADNGERN Peerapong
6114,10097664129,CHI,24.04.1996,ACTIVE,AVILA CASTILLO Jose
6115,10121919381,THA,19.04.2000,ACTIVE,CHALOEMSRIMUEANG Putipong
6116,10083590035,GRE,18.10.2003,INACTIVE,KATSIMPOURAS Dimitrios
6117,10010647348,MAS,23.07.1997,ACTIVE,MISBAH Muhsin Al Redha
6118,10122187951,GBR,26.03.2005,ACTIVE,WIGGINS Ben
6119,10014929900,CHI,29.05.1993,ACTIVE,MERCADO SÁNCHEZ Juan
6120,10089581504,LTU,14.07.2004,INACTIVE,VENCKUS Justinas
6121,10010175078,VEN,16.07.1998,INACTIVE,CHACON ORTEGA Franklin Alejandro
6122,10016128555,THA,24.04.1999,INACTIVE,PAEKRATOK Warut
6123,10002480655,COL,17.04.1979,ACTIVE,SERPA PEREZ Jose Rodolfo
6124,10059641341,DEN,17.07.2003,INACTIVE,ANDERSEN Emil
6125,10059233941,GBR,27.01.2003,ACTIVE,PICKERING Finlay
6126,10093607206,RUS,29.10.2005,ACTIVE,PAVLOV Iaroslav
6127,10072420988,THA,15.09.2000,ACTIVE,CHAIMUSIK Kittidet
6128,10111080037,FRA,07.02.2003,ACTIVE,MILLET Clément
6129,10049043988,ECU,18.08.2001,ACTIVE,OBANDO ROSAS Brayan
6130,10035339811,COL,15.11.2001,ACTIVE,CASTILLO MIRANDA Kevin David
6131,10058403781,DEN,16.10.1989,INACTIVE,SALL Johannes
6132,10012221778,GBR,05.06.1993,ACTIVE,BRIGGS Alec
6133,10056549465,ISR,10.06.2000,INACTIVE,LEVI Eitan
6134,10040407958,ESP,24.02.2003,ACTIVE,TERRASA GUAL Marc
6135,10023442254,NED,02.10.2003,ACTIVE,VAN DER WAL Rik
6136,10135523734,NOR,02.02.1996,ACTIVE,BERGET Espen
6137,10107620874,THA,06.01.2000,ACTIVE,BOONSA-ARDTH Kerkkreat
6138,10035459645,COL,16.08.2000,INACTIVE,CAMPO FRANCO Juan Sebastian
6139,10063777177,DEN,28.05.1980,ACTIVE,NIELSEN Bjarke
6140,10064420512,GBR,19.08.2005,ACTIVE,SMITHSON Jed
6141,10022831558,NED,29.05.2002,ACTIVE,LEERKES Bram
6142,10029276196,ITA,15.07.2003,ACTIVE,MION Samuele
6143,10079225944,MAS,24.08.2002,INACTIVE,SYANIZAM Haiqel Nazmie
6144,10040733112,ESP,21.08.1996,ACTIVE,BELTRAN ESCOFET Oriol
6145,10035327986,COL,03.11.1997,INACTIVE,ARIZA JARAMILLO Heimarhanz
6146,10067251090,POL,10.06.2004,Inactive,JUSZCZAK Lukasz
6147,10081173927,SUI,19.07.2004,ACTIVE,VOUILLOZ Mathis
6148,10090836541,MAS,29.04.2003,ACTIVE,AHMAD SAFIE Amirul Asraf
6149,10096121930,ECU,31.03.2003,ACTIVE,CHANDI CHAFUELAN Edwin
6150,10070430872,FRA,05.06.2004,ACTIVE,COLOMBE Maxence
6151,10108300177,MAS,07.03.2003,ACTIVE,SYAFIQ Ahmad
6152,10007295996,NED,27.05.1993,ACTIVE,SLIK Ivar
6153,10022817414,NED,07.03.2001,ACTIVE,DIJKSMAN Jesper
6154,10064096671,GBR,12.04.2005,ACTIVE,MARSH Ben
6155,10071544453,NED,12.12.2003,ACTIVE,VERBRUGGEN Luuk
6156,10080650329,COL,27.06.2002,ACTIVE,CORTES MUÑOZ Jorge
6157,10071521619,SUI,01.03.2004,ACTIVE,Thalmann Armin
6158,10035456009,COL,17.03.2000,ACTIVE,LESMES RUIZ Jhoan Sebastian
6159,10117766468,KAZ,08.10.2003,INACTIVE,LANKOV Sergey
6160,10101727621,KAZ,05.10.2003,ACTIVE,REMKHI Rudolf
6161,10104304282,MAS,15.08.2004,Inactive,MULIADI Adi Hafiy Idlan
6162,10087773765,FRA,28.07.1952,INACTIVE,JOSEPH EUGENE Jean Claude
6163,10014238671,CZE,22.07.2004,ACTIVE,VENC Adam
6164,10070807859,NED,08.06.2004,ACTIVE,VOS Brent
6165,10119081224,USA,27.04.1983,ACTIVE,HUGHES Jonathon
6166,10080286981,POL,08.04.2005,ACTIVE,GADERA Jan
6167,10081910218,GBR,06.08.2005,ACTIVE,BRENNAN Matthew
6168,10015241916,GBR,24.12.1996,ACTIVE,BOLLAND David
6169,10007994905,POL,21.10.1993,Active,BANASZEK Adrian
6170,10030079175,UKR,08.11.2001,ACTIVE,PERIC Vojislav
6171,10062060782,POL,10.01.2005,ACTIVE,WLODARCZYK Igor
6172,10076700207,POL,12.10.2005,ACTIVE,KUREK Wiktor
6173,10079372050,POL,12.04.2005,ACTIVE,ZIELINSKI Kamil
6174,10106971378,POL,15.09.2004,ACTIVE,BRODAWKA Adrian
6175,10018666824,GBR,21.07.1992,ACTIVE,JOHNSON Christopher
6176,10019010869,GBR,21.07.1992,ACTIVE,JOHNSON Jack
6177,10019339457,GBR,16.01.1985,ACTIVE,HOOPER Byron
6178,10086691712,GBR,20.09.2002,ACTIVE,DAVISON Liam
6179,10093679954,GBR,10.02.2004,ACTIVE,HARDY Nathan
6180,10109960901,GBR,26.08.2004,ACTIVE,LAWRENCE Isaac
6181,10110087607,GBR,25.12.2004,ACTIVE,MEREDITH Fred
6182,10120407494,GBR,17.10.2005,ACTIVE,PATTINSON Tomos
6183,10122622835,GBR,29.08.2005,ACTIVE,CODD Harry
6184,10123115515,GBR,06.07.2005,ACTIVE,ADBY Thomas
6185,10065825800,FRA,25.10.2005,ACTIVE,ZAHEM Maël
6186,10066969184,FRA,03.09.2003,ACTIVE,DELARUE Max
6187,10131575632,NIG,05.05.2002,INACTIVE,SANI BOUREIMA Ibrahim
6188,10119992923,NIG,09.11.2003,INACTIVE,ISSOUFOU Mahamadou
6189,10014882006,CIV,02.02.1995,INACTIVE,SOUMAHORO Ben Ibrahim
6190,10085536604,FRA,28.01.2003,ACTIVE,POULARD Baptiste
6191,10131639589,NIG,14.09.2001,INACTIVE,INFI IBOUGUIGI MAHASSANE Harouna
6192,10105150408,SLO,12.08.2003,INACTIVE,GORJANC Žan
6193,10079275050,CHI,30.04.2002,ACTIVE,ROJAS NARANJO Vicente
6194,10022692627,NED,26.04.2000,ACTIVE,BUITENDIJK Ruben
6195,10004798248,NED,09.02.1989,ACTIVE,SINKELDAM Ramon
6196,10101710241,MEX,03.07.2001,INACTIVE,ROJAS VALDEZ Carlos
6197,10023337170,NED,24.01.2002,ACTIVE,VAN BELLE Loe
6198,10104384815,MEX,07.05.2003,INACTIVE,GARCIA LOPEZ Cristofer
6199,10090680432,CHI,06.10.1979,ACTIVE,MIRANDA FIGUEROA Gonzalo
6200,10005634771,LTU,16.07.1984,ACTIVE,RATKEVIČIUS Marius
6201,10092467757,MEX,30.08.1999,INACTIVE,ALVAREZ LOPEZ Alfonso
6202,10109681924,MEX,08.06.2002,INACTIVE,GASTELUM MUÑOZ Said
6203,10005444108,LTU,07.05.1984,INACTIVE,STRIŠKA Mindaugas
6204,10112003355,MEX,20.02.2002,ACTIVE,REYES MORALES Jose Miguel
6205,10083093012,MEX,28.07.2001,INACTIVE,ESTRADA PORTILLO Gabriel
6206,10022681311,NED,03.10.2001,ACTIVE,LAMBERINK Steyn
6207,10091528473,MEX,15.11.2000,INACTIVE,ARMENTA VAZQUEZ Juan
6208,10014500773,MAR,08.10.1997,ACTIVE,SABBAHI El Houcaine
6209,10065282293,ECU,24.01.2002,ACTIVE,ROSERO ROJAS Nixon Efrain
6210,10054790331,URU,28.03.1995,ACTIVE,TRONCOSO RODRÍGUEZ Pablo Andrés
6211,10046131564,LTU,19.06.2002,INACTIVE,NORUTIS ŽYgimantas
6212,10007743109,FRA,05.03.1993,ACTIVE,GOUGEARD Alexis
6213,10016283856,KAZ,13.02.1999,ACTIVE,MARUKHIN Daniil
6214,10084499411,IRI,25.09.1990,ACTIVE,REZAEI LAYEH Meysam
6215,10120263210,GRE,28.06.1999,INACTIVE,MANIOUDAKIS Eleftherios
6216,10050230725,VEN,13.10.2000,INACTIVE,DIAZ SANTIL Jose Andrés
6217,10015920108,ITA,10.05.1999,INACTIVE,BOBBO Riccardo
6218,10009432323,IRI,12.08.1989,ACTIVE,ARMOON Mehdi
6219,10055306451,RUS,19.09.2003,ACTIVE,LUCHNIKOV Egor
6220,10011886524,IRI,25.03.1989,INACTIVE,HOSSEINI Hadi
6221,10052434948,LTU,24.03.2002,INACTIVE,BAGDONAS Arminas
6222,10120543803,IRI,15.05.1990,ACTIVE,TAGHIFAR Majid
6223,10045848850,FIN,12.12.1974,INACTIVE,ANTIKAINEN Jaakko
6224,10065715460,FRA,27.02.2002,ACTIVE,REYBOZ Vincent
6225,10119837622,IRI,07.02.1989,ACTIVE,KHALILI KHOSROSHAHI Behnam
6226,10009998761,COL,18.07.1997,INACTIVE,MOLANO Juan David
6227,10076742138,BLR,27.04.2002,INACTIVE,KUDRAVETS Artsiom
6228,10035343043,COL,07.04.1998,INACTIVE,ARCINIEGAS GONZALEZ Fabian
6229,10120543702,IRI,24.03.2002,ACTIVE,GHAVAMI Ramyar
6230,10092084407,KAZ,01.01.2002,INACTIVE,BETTS Andrey
6231,10030325719,ITA,09.03.2002,ACTIVE,COMIN Maicol
6232,10120543904,IRI,23.07.1991,ACTIVE,ABBASI Mehrdad
6233,10030250139,ITA,06.10.1987,INACTIVE,ALBERTI Stefano
6234,10035411044,COL,04.02.2000,INACTIVE,RODRIGUEZ SALGADO Anderson Xavier
6235,10014475414,ITA,05.11.1996,ACTIVE,ZANETTA Christian
6236,10036104592,KAZ,24.02.2000,INACTIVE,NIYAZOV Bolat
6237,10038051060,ESP,23.07.2002,ACTIVE,IZQUIERDO CONESA Pedro
6238,10084250746,KAZ,30.07.2002,INACTIVE,ZHAPARULY Bauyrzhan
6239,10096811842,GRE,21.02.2002,ACTIVE,DOUZAS Dionysios
6240,10065728695,BLR,31.01.2001,ACTIVE,GRINKEVICH Mark
6241,10014525025,JPN,26.06.1997,ACTIVE,TOBARU Hayato
6242,10030334207,ITA,08.07.2002,ACTIVE,LA TERRA PIRRE' Samuele
6243,10079567363,BLR,04.04.2003,INACTIVE,SEMASHKO Mikita
6244,10002057087,JPN,14.07.1973,ACTIVE,KANOU Tomoya
6245,10028862534,ITA,03.06.2001,ACTIVE,RANCILIO Marco
6246,10107036652,BLR,09.12.2000,Inactive,SHCHAMIALIOU Tsikhan
6247,10036037605,RUS,01.10.2001,ACTIVE,EREMIN Evgeniy
6248,10007909322,BLR,03.11.1989,ACTIVE,BESAHA Mikhail
6249,10014586255,BLR,19.10.1998,ACTIVE,BRICIS Dainis
6250,10060599520,ARG,19.08.1952,INACTIVE,RAMOS Eduardo Gabriel
6251,10062141416,PER,06.08.1998,INACTIVE,GONZÁLEZ ZENTENO André Alexander
6252,10052265095,THA,23.08.1992,ACTIVE,SIRIRONNACHAI Sarawut
6253,10015331842,LAT,07.09.1999,ACTIVE,ANSONS Kristers
6254,10008919031,VEN,07.07.1991,ACTIVE,SEQUERA Pedro
6255,10005990136,VEN,08.08.1989,INACTIVE,GUTIERREZ Pedro
6256,10089240182,UKR,23.07.2000,INACTIVE,KANAKA Marian
6257,10010178415,MEX,26.06.1998,INACTIVE,VILLALOBOS HERNANDEZ Luis Ricardo
6258,10035271911,COL,31.12.1994,INACTIVE,RODAS MOLINA Sebastian
6259,10048200189,CZE,23.01.2001,INACTIVE,BOUČEK Jakub
6260,10009570143,ARG,24.11.1988,Inactive,FRAYSSE Agustín
6261,10009310061,ESP,24.12.1994,ACTIVE,SOTO GUIRAO Antonio Jesus
6262,10010795070,FRA,21.04.1998,ACTIVE,GRESSIER Maxime
6263,10016009327,DEN,17.07.1997,ACTIVE,PALLESEN Jeppe
6264,10053800022,MEX,14.03.1999,INACTIVE,ISLAS LOPEZ Fernando
6265,10008656323,COL,04.11.1991,INACTIVE,ORJUELA GUTIERREZ Fernando
6266,10083745538,NGR,09.05.2000,INACTIVE,MUTIU Azeez
6267,10006987418,IRI,25.09.1990,INACTIVE,REZAEI Maysam
6268,10050237896,VEN,19.06.2000,ACTIVE,RUIZ PERALTA Omar Antonio
6269,10015281524,BEL,27.07.1998,ACTIVE,HERREGODTS Rune
6270,10064645935,USA,22.04.1996,INACTIVE,WINTER Alexander
6271,10050531021,DEN,24.05.1993,INACTIVE,VORRE Aske Louring
6272,10014991837,ITA,15.02.1998,ACTIVE,MOZZATO Luca
6273,10009324714,GBR,04.03.1995,INACTIVE,RAGAN Jacob
6274,10067246848,IRI,30.12.1997,INACTIVE,JAFAR ZADEH Morteza
6275,10050089164,ARG,09.03.2000,INACTIVE,DEL NEGRO Agustin
6276,10007156762,SUI,03.09.1993,ACTIVE,LIENHARD Fabian
6277,10050227388,VEN,11.06.1999,INACTIVE,LAYA ACEVEDO Ceisthian De Jesus
6278,10006492112,BLR,04.11.1991,ACTIVE,BAZHKOU Stanislau
6279,10049864448,ARG,10.01.1982,ACTIVE,LUCERO Hector Maximiliano
6280,10010163055,ARG,14.03.1988,ACTIVE,JUÁREZ Daniel Omar
6281,10014385585,POL,11.06.2001,INACTIVE,WISNIEWSKI Dawid
6282,10008088568,ARG,23.03.1991,ACTIVE,DURAN Alejandro Antonio
6283,10015543828,SUI,27.05.1994,INACTIVE,MORF Yvan
6284,10011160236,AUS,21.09.1999,INACTIVE,CLAIRS Alex
6285,10010992609,UAE,31.05.1987,ACTIVE,ALBALUSHI Majid
6286,10051434838,ARG,02.08.1996,ACTIVE,RODRIGUEZ Marcos Leon
6287,10023977370,GBR,14.02.2000,ACTIVE,PRICE Joshua
6288,10056107410,BLR,29.11.2000,INACTIVE,MIAZGA Maksim
6289,10005473915,ARG,20.01.1982,ACTIVE,IBARRA Emiliano
6290,10021954114,NZL,28.08.2001,INACTIVE,SPENCER Griffyn
6291,10052081708,GBR,19.01.2002,ACTIVE,FREEMAN Aaron
6292,10014918378,NED,17.08.1998,ACTIVE,MOBACH Jarno
6293,10036365179,GER,30.04.2000,INACTIVE,UHLIG Oscar
6294,10007185660,USA,30.11.1963,INACTIVE,CARLSON Chris
6295,10023858950,GBR,24.02.2001,ACTIVE,ROBERTS Owain
6296,10016518575,GER,17.02.2000,ACTIVE,WOLLENBERG Tim
6297,10034993439,RUS,14.11.2000,ACTIVE,ZATSEPIN Sergey
6298,10015726108,ITA,14.05.1999,INACTIVE,MASOTTO Leandro
6299,10007791508,GBR,13.03.1991,ACTIVE,BREARLEY David
6300,10023673034,GBR,02.03.2001,ACTIVE,MACLEAN Logan
6301,10023881885,GBR,04.01.2001,INACTIVE,BRIDGES Zach
6302,10052090394,GBR,19.01.2002,ACTIVE,FINLAY BALL Alexander
6303,10053192659,GBR,20.03.2002,ACTIVE,PIDCOCK Joseph
6304,10018181117,GBR,19.10.1994,ACTIVE,HITT Peter
6305,10060981557,GBR,11.08.2002,ACTIVE,THOMAS Kyle
6306,10011045553,GUA,12.01.1997,ACTIVE,CANASTUJ José
6307,10009696950,COL,18.06.1991,INACTIVE,JAIMES SILVA Jose De Jesus
6308,10035450147,COL,12.11.1999,INACTIVE,HERNANDEZ GUETTE Alvaro Sebastian
6309,10007692989,RSA,04.02.1993,ACTIVE,DAVIDS Brendon
6310,10008916203,RSA,16.04.1993,INACTIVE,JACOBS Emile
6311,10009716350,RSA,20.04.1996,INACTIVE,JANTJIES Jean Claude
6312,10076388591,RSA,14.06.1998,INACTIVE,TITUS Juries
6313,10001479333,FRA,30.06.1979,ACTIVE,CHAVANEL Sylvain
6314,10008884776,DOM,04.04.1992,ACTIVE,GUZMÁN ROSARIO William De Jesus
6315,10009225185,COL,25.01.1995,INACTIVE,ESTRADA CELIS Eduardo
6316,10015256969,FIN,05.03.1976,INACTIVE,AUVINEN Mikko
6317,10002895533,VEN,26.01.1984,INACTIVE,GARCIA Artur
6318,10087536016,CHI,11.02.1994,INACTIVE,DINAMARCA DINAMARCA Hector
6319,10006656406,RUS,06.03.1992,INACTIVE,SAVITCKII Ivan
6320,10008919738,GUA,15.03.1990,ACTIVE,TORRES Alder
6321,10009680378,IRI,09.06.1997,INACTIVE,NAJAFI Bahram
6322,10016337814,NZL,30.10.2000,INACTIVE,SIMPSON Dylan
6323,10015350030,FIN,03.03.2000,INACTIVE,KOLEHMAINEN Otto Pyry Petteri
6324,10007893457,FRA,12.11.1994,INACTIVE,FOURNIER Marc
6325,10035541588,DEN,15.07.2000,INACTIVE,WACKER Ludvig
6326,10009574486,GUA,09.11.1992,ACTIVE,RIOS ROSALES Brayan
6327,10008990971,FRA,07.04.1995,ACTIVE,LECROQ Jérémy
6328,10008683605,KAZ,25.06.1994,INACTIVE,LUCHSHENKO Sergey
6329,10010587431,MEX,15.04.1995,INACTIVE,SANTOYO GONZALEZ Jose
6330,10006903148,LTU,30.12.1991,ACTIVE,ŠERTVYTIS Donatas
6331,10015508765,NED,22.02.1999,ACTIVE,HOOLE Daan
6332,10055945742,GUA,31.08.1997,ACTIVE,TORRES YUMAN Edgar Geovanny
6333,10006895367,KAZ,02.07.1992,ACTIVE,NIKITIN Matvey
6334,10023963529,GBR,10.08.2001,ACTIVE,HAYTER Leo
6335,10055119929,USA,19.07.1991,INACTIVE,CASSIN Charles (Mac)
6336,10016106327,UKR,23.07.2000,INACTIVE,KANAKA Oleg
6337,10005454212,COL,20.01.1984,INACTIVE,DIAZ CORRALES Andres Miguel
6338,10083138377,ROU,08.11.1999,INACTIVE,SZANISZLO Roland-Istvan
6339,10013406895,GBR,08.06.1990,ACTIVE,MOTTRAM Michael
6340,10051715633,DEN,20.04.1986,INACTIVE,AAEN Jonas
6341,10014328500,POR,20.12.1995,ACTIVE,PEREIRA Paulo
6342,10015877567,RUS,18.03.1999,INACTIVE,RODIONOV Vitalii
6343,10064646440,USA,24.09.1991,INACTIVE,BUESCHER Jake
6344,10060097443,CHI,11.01.1999,INACTIVE,CERDA ALVAREZ Matias
6345,10007773421,FRA,13.12.1992,ACTIVE,MAFFEIS Dany
6346,10061155652,CHI,18.08.1993,INACTIVE,CONCHA CHANDIA Yerko
6347,10015979318,BLR,20.05.2000,INACTIVE,EVMENENKO Evgeniy
6348,10020790619,JPN,24.09.2000,INACTIVE,YAMAUCHI Keigo
6349,10060120782,CHI,23.10.1999,ACTIVE,BELTRAN SANTILLANA Guillermo Andres
6350,10016111377,POR,13.08.1998,ACTIVE,GONÇALVES Bernardo
6351,10016221313,USA,23.07.2000,INACTIVE,GIEM Weston
6352,10085180027,POL,16.09.1980,INACTIVE,CZERNECKI Pawel
6353,10016132700,GBR,19.06.1999,ACTIVE,TILLETT Samuel
6354,10005584150,ESP,19.09.1988,ACTIVE,GARCIA DE MATEOS RUBIO Vicente
6355,10002992331,USA,14.11.1983,ACTIVE,NELESSEN Guillaume
6356,10009486378,DEN,21.11.1992,INACTIVE,LINDBERG MORTENSEN Mathias
6357,10040991271,ESP,06.06.1997,ACTIVE,BUENDIA ROMERO Angel
6358,10023870771,GBR,01.04.2000,INACTIVE,MINGAY Oscar
6359,10077500960,DOM,29.11.1996,ACTIVE,CANELA CAPELLAN Wellinton Dariel
6360,10023708703,GBR,27.08.1998,ACTIVE,RICHARDSON Cameron
6361,10023860263,GBR,16.07.2000,ACTIVE,REES Joseph
6362,10016233336,GBR,11.09.1999,INACTIVE,COOMBE Daniel
6363,10023833183,GBR,30.03.2000,INACTIVE,RIDEHALGH Alex
6364,10023831668,GBR,07.09.2001,INACTIVE,CODD James
6365,10021932892,NZL,22.01.2000,INACTIVE,DONNELLY Felix
6366,10034975756,RUS,02.10.2000,INACTIVE,SHUBIN Ivan
6367,10010168008,RUS,21.03.1998,INACTIVE,GALKIN Maxim
6368,10014015167,GUA,29.04.1993,INACTIVE,FUENTES Marlon
6369,10056169448,GUA,29.06.1999,ACTIVE,MORALES PINZON Pedro Pablo
6370,10078816524,GUA,04.06.1996,INACTIVE,LOPEZ LIMA Carlos
6371,10078808238,GUA,11.03.1991,INACTIVE,OCHOA RECINOS Carlos
6372,10007997228,COL,25.11.1989,ACTIVE,MENDOZA CARDONA Omar Alberto
6373,10006286590,COL,10.08.1990,INACTIVE,ALARCON GONZALEZ Antonio Jose
6374,10035340922,COL,18.01.1999,INACTIVE,ORTEGON BERMUDEZ Sebastian
6375,10014796625,FRA,24.03.1998,ACTIVE,ALLENO Thomas
6376,10064767991,GRE,06.07.1999,INACTIVE,ZOIS Eleftherios
6377,10034894621,UKR,24.04.1999,INACTIVE,ODNOROH Dmytro
6378,10002510563,CZE,19.07.1983,INACTIVE,KAŇKOVSKÝ Alois
6379,10002722347,CZE,14.03.1984,INACTIVE,LECHNER Petr
6380,10016300529,CZE,14.06.1999,INACTIVE,STYBOR Matej
6381,10034940289,RUS,21.04.1999,INACTIVE,PETROV Igor
6382,10005574349,GRE,10.08.1981,INACTIVE,GEROLYMATOS Nikolaos
6383,10012591287,ITA,12.12.1993,INACTIVE,BONASSI Simone
6384,10012448417,GRE,08.09.1993,ACTIVE,PASCHALOPOULOS Nikolaos
6385,10067682338,IND,25.03.1997,INACTIVE,SINGH A Bike
6386,10076263909,SUI,01.08.1992,INACTIVE,SPADINI Gregory
6387,10016297495,ITA,02.02.1998,INACTIVE,GARDINI Lorenzo
6388,10015764605,SWE,09.06.1999,INACTIVE,LUNDMARK Emil
6389,10006303667,GRE,06.12.1982,ACTIVE,POLYPATHELLIS Ioannis Giorgos
6390,10005601429,TPE,02.11.1988,ACTIVE,馮FENG 俊凱 Chun Kai
6391,10006494132,AUT,01.04.1991,ACTIVE,HALLER Marco
6392,10067661221,IND,01.02.1995,INACTIVE,KUMAR Dinesh
6393,10004563327,GBR,05.11.1987,ACTIVE,SWIFT Ben
6394,10005973059,SWE,16.02.1990,INACTIVE,AHLSTRAND Jonas
6395,10008666528,GBR,29.01.1995,INACTIVE,BURTON Germain
6396,10006717232,NZL,08.05.1992,INACTIVE,EVANS Brad
6397,10010879744,SUI,28.08.1993,INACTIVE,MERKT Adrien
6398,10062645008,CHN,07.05.1995,INACTIVE,SONG Anping
6399,10009210233,IRI,30.03.1978,INACTIVE,RAZI Kamal
6400,10015145219,BRA,02.10.1997,INACTIVE,GOMES TREVISAN Luis Fernando
6401,10009353612,USA,18.01.1996,INACTIVE,GRANIGAN Noah
6402,10009080594,AUS,22.11.1995,ACTIVE,CAVANAGH Ryan
6403,10002836626,NED,18.05.1984,ACTIVE,TERPSTRA Niki
6404,10006884455,NED,21.05.1992,ACTIVE,VAN BAARLE Dylan
6405,10003036686,GER,06.01.1986,ACTIVE,SCHÄFER Stefan
6406,10009352396,FRA,29.01.1996,INACTIVE,CHAMPOSSIN Odrian
6407,10007207989,IRI,06.01.1991,INACTIVE,AMINI Maysam
6408,10009671890,VEN,09.06.1997,INACTIVE,OCHOA Gaudys
6409,10008649249,ITA,23.01.1995,INACTIVE,CAPATI Michael
6410,10001462155,COL,17.07.1979,INACTIVE,CASTRO LAVERDE Arles
6411,10064754554,VEN,16.08.1989,ACTIVE,SANCHEZ SÁNCHEZ Yohan
6412,10003330114,DEN,28.06.1985,INACTIVE,HESTER Marc
6413,10007209407,IRI,04.12.1991,INACTIVE,FOROUGHI Davoud
6414,10064741218,IRI,21.07.1997,INACTIVE,KARGARBIDEH Milad
6415,10023528140,BRA,29.06.1998,INACTIVE,CIPRIANO DE JESUS Edilson
6416,10006587391,ESP,29.07.1991,INACTIVE,GALVAN CORTES Cristian
6417,10008681379,GBR,04.11.1995,ACTIVE,LAWLESS Christopher
6418,10015979924,BLR,03.08.1999,INACTIVE,YASKOU Dzmitry
6419,10009978553,NZL,12.11.1998,INACTIVE,PEDLER Jack
6420,10010179526,USA,15.05.1997,INACTIVE,MARHANKA Jordan
6421,10023467213,BRA,15.07.1998,ACTIVE,DE PAULA BRAGA Rafael Augusto
6422,10013562095,FRA,31.12.1995,ACTIVE,ROSE Corentin
6423,10022722030,NED,19.08.2000,INACTIVE,REIJTENBAGH Lennart
6424,10044603210,POR,01.05.1998,INACTIVE,LEITE João
6425,10007891134,BLR,15.05.1993,ACTIVE,PIASETSKI Aliaksandr
6426,10015247875,VEN,28.10.1992,INACTIVE,MERCHAN Luis
6427,10005877069,BRA,17.05.1981,INACTIVE,PEREIRA Luciano
6428,10064740915,IRI,19.06.1990,INACTIVE,ZAREH Masoud
6429,10016095920,LTU,01.09.1987,ACTIVE,KAZINEC Viktor
6430,10015907475,FRA,29.10.1997,INACTIVE,JAVELLY Luis
6431,10015391052,ESP,18.04.1998,INACTIVE,GARICANO LOPETEGUI Luis Maria
6432,10035270392,COL,10.06.1997,INACTIVE,ORDOÑEZ CARMONA Santiago
6433,10064741016,IRI,22.08.1996,INACTIVE,RAHIMINIA Amirhossein
6434,10010781633,GBR,09.09.1996,ACTIVE,MARTIN Fraser
6435,10009002287,NED,25.05.1995,INACTIVE,LOOIJ Andre
6436,10051519310,BLR,03.05.2000,INACTIVE,MILESHKO Egor
6437,10009500223,BEL,29.12.1996,ACTIVE,SIX Franklin
6438,10007063604,GBR,03.05.1992,INACTIVE,MOSES Thomas
6439,10006570015,FRA,18.01.1989,ACTIVE,FOUACHE Kevin
6440,10015397520,GRE,02.02.1984,INACTIVE,KARLOS Georgios
6441,10006569813,FRA,11.11.1983,INACTIVE,LASALLE Vincent
6442,10015506139,USA,27.05.1999,INACTIVE,GILLIAM Jules
6443,10011239654,ESP,01.09.1994,INACTIVE,GIL LLORENS Noel
6444,10004592730,GER,09.03.1987,INACTIVE,KALZ Marcel
6445,10006581735,FRA,16.01.1990,ACTIVE,VERINI Raphaël
6446,10014813294,GBR,02.09.1998,ACTIVE,BURNETT Marcus
6447,10010166994,GER,29.06.1998,ACTIVE,SIEGEL Carsten
6448,10015710142,ESP,04.02.1999,ACTIVE,ISASA REINOSO Imanol
6449,10023466708,ESP,27.01.1997,ACTIVE,IBARGUREN ECHEVERRIA Oier
6450,10006064302,GBR,01.07.1990,INACTIVE,FENN Andrew
6451,10004778141,GBR,01.10.1989,ACTIVE,BLYTHE Adam
6452,10049511511,MAR,27.06.1999,INACTIVE,ARCHANI Akram
6453,10064137390,GHA,12.01.1999,INACTIVE,TAGOE Solomon
6454,10015067922,COL,20.03.1996,INACTIVE,PEDROZA CACERES Andres Camilo
6455,10062701487,COL,08.06.1981,INACTIVE,LEON PULIDO Gilson Adalberto
6456,10009156073,FRA,24.07.1995,ACTIVE,DESTANG Lucas
6457,10009212253,IRI,08.03.1996,INACTIVE,RAZAVI Seyyed Ali
6458,10010871963,IRI,12.01.1991,INACTIVE,MIRZAEI Saber
6459,10015244441,VEN,15.07.1993,ACTIVE,NIEVES Héctor
6460,10063688867,VEN,31.05.1998,INACTIVE,AREVALO Anderson
6461,10010835991,VEN,07.11.1998,INACTIVE,PENA Carlos
6462,10015538774,VEN,07.08.1997,ACTIVE,MARTÍNEZ AGUILERA Wladimir Estefano
6463,10004718123,VEN,18.12.1987,INACTIVE,MARIN Simon
6464,10053825381,DEN,25.08.1998,Inactive,PEDERSEN Nicolai
6465,10015571817,KAZ,20.05.1999,INACTIVE,LESSECHKO Dmitriy
6466,10009993711,KAZ,20.01.1997,INACTIVE,SATLIKOV Maxim
6467,10010672711,KAZ,09.02.1995,INACTIVE,AZEN Madi
6468,10007909625,KAZ,09.05.1992,ACTIVE,KULIMBETOV Nurbolat
6469,10023458321,KAZ,16.08.1999,INACTIVE,ISMAGILOV Munir
6470,10007988942,KAZ,09.03.1993,INACTIVE,LUKYANOV Dmitriy
6471,10008975009,CZE,05.08.1994,INACTIVE,VOGELTANZ Radim
6472,10004522507,BRA,11.03.1977,INACTIVE,DE OLIVEIRA Jeovane Junior
6473,10065462957,BRA,21.05.1997,INACTIVE,RODRIGUES CARVALHO Washington
6474,10006253450,BRA,29.09.1986,INACTIVE,ARES Diego
6475,10023527635,BRA,27.02.1998,INACTIVE,COSTA GALVÃO Bruno
6476,10004174014,BRA,20.01.1982,INACTIVE,HUBNER SIVIRINO Eliesio
6477,10016034181,BRA,26.06.1997,INACTIVE,DE SANTANA MESQUITA Caio Fernando
6478,10014972538,ITA,10.01.1998,ACTIVE,OLDANI Stefano
6479,10006644783,GER,13.05.1989,INACTIVE,GEBAUER Tim
6480,10034980507,RUS,04.01.1999,INACTIVE,ZMIEVSKIY Evgeny
6481,10050983180,IND,04.03.1996,INACTIVE,CHAND Punam
6482,10015321132,CHN,08.02.1998,INACTIVE,WU Leping
6483,10010180536,SWE,29.08.1998,INACTIVE,NISELL Felix
6484,10010753745,ITA,14.01.1997,ACTIVE,GALLASIO Riccardo
6485,10015958504,RUS,16.10.1996,INACTIVE,SKOBELEV Gleb
6486,10009047353,RUS,05.07.1994,ACTIVE,SUCHKOV Vasily
6487,10015958706,RUS,28.03.1996,INACTIVE,BALAEV Evgenii
6488,10007947112,CHN,24.10.1992,INACTIVE,QIN Chenlu
6489,10007766347,IND,26.06.1987,INACTIVE,SINGH Sat Bir
6490,10002264023,BEL,21.12.1982,ACTIVE,KEISSE Iljo
6491,10008930347,FRA,12.06.1994,INACTIVE,BERLIN-SEMON Joseph
6492,10008635408,IRL,07.08.1994,ACTIVE,MULLEN Ryan
6493,10006480388,NZL,15.02.1991,ACTIVE,BEVIN Patrick
6494,10008697648,ARG,31.10.1995,ACTIVE,TIVANI PEREZ German Nicolas
6495,10061297011,INA,29.11.1996,INACTIVE,SETIAWAN Odie Purnomo
6496,10007224056,SUI,04.06.1993,ACTIVE,STÜSSI Colin Chris
6497,10006479782,GER,18.11.1991,ACTIVE,ARNDT Nikias
6498,10007897905,DEN,02.06.1994,INACTIVE,BUSK Elias Helleskov
6499,10007256590,FRA,03.07.1992,ACTIVE,LE ROUX Romain
6500,10006633871,FRA,16.02.1991,ACTIVE,DASSONVILLE Flavien
6501,10010774054,GBR,01.01.1992,INACTIVE,ANDERSON Peter
6502,10007293269,NED,21.06.1993,ACTIVE,GROENEWEGEN Dylan
6503,10004819264,NED,02.12.1987,INACTIVE,VAN WINDEN Dennis
6504,10009516589,ITA,12.05.1996,INACTIVE,BRANCHINI Giulio
6505,10002696782,BRA,23.06.1979,INACTIVE,SILVA Rafael
6506,10006079153,THA,23.03.1988,ACTIVE,SAIUDOMSIN Phuchong
6507,10003206741,NED,15.08.1987,ACTIVE,KREDER Michel
6508,10079277979,IRI,20.03.1994,INACTIVE,RAJABIKABOODCHESHMEH Mahdi
6509,10004880191,GBR,15.06.1989,ACTIVE,KENNAUGH Peter
6510,10052265604,THA,18.10.1991,ACTIVE,LIPHONGYU Navuti
6511,10009095954,ITA,10.04.1995,ACTIVE,FABBRO Matteo
6512,10005797247,USA,18.02.1982,ACTIVE,ARMSTRONG Andrew
6513,10009719380,AZE,06.05.1992,INACTIVE,ILTIFATLI Aykhan
6514,10008951363,ITA,17.05.1994,INACTIVE,RUDI Filippo
6515,10003300004,CAN,21.02.1985,INACTIVE,MEIER Christian
6516,10001072943,AUT,01.06.1970,INACTIVE,TENOR Wolfgang
6517,10015505028,IND,11.09.1992,INACTIVE,NAGARAJAN Ramesh R.
6518,10009317034,GBR,02.08.1986,INACTIVE,TRODDEN Philip
6519,10005865248,SUI,03.08.1990,ACTIVE,DILLIER Silvan
6520,10006466850,BEL,29.09.1991,INACTIVE,WAEYTENS Zico
6521,10061230626,VEN,11.05.1995,INACTIVE,TORRES Leonardo
6522,10061278419,PAK,10.08.1994,INACTIVE,HAFIZ Tahir
6523,10016101475,UKR,02.03.1993,INACTIVE,KREMINSKYI Vladyslaw
6524,10010180637,FRA,15.12.1997,INACTIVE,NEBOIT Romain
6525,10002735178,GBR,16.10.1984,ACTIVE,DUGGLEBY Adam
6526,10010086364,BOL,09.05.1987,INACTIVE,HERRERA Alvaro
6527,10010002300,TTO,07.08.1981,INACTIVE,WILSON Rowan
6528,10061392593,ESP,31.03.1985,INACTIVE,CARRASCO Francisco Javier
6529,10050421792,DEN,10.01.1990,INACTIVE,MEYER Mads Lilholm
6530,10009228118,ARG,22.06.1995,INACTIVE,SOSA Mario
6531,10007499494,SUI,16.11.1993,ACTIVE,KÜNG Stefan
6532,10010958657,GBR,22.03.1996,ACTIVE,STEDMAN Maximilian
6533,10013927362,RUS,24.03.1997,INACTIVE,EPIFANOV Nikita
6534,10009004513,BRA,05.04.1985,INACTIVE,ESTEVINHO Raul Vitor
6535,10061382994,COL,12.08.1980,INACTIVE,ORTÍZ Stíver
6536,10010794060,NZL,06.08.1998,INACTIVE,BROWN Connor
6537,10002751346,ITA,09.03.1983,INACTIVE,FERRARI Roberto
6538,10010723938,MEX,29.12.1996,ACTIVE,SERNA QUINTANA Cesar Omar
6539,10011022820,NED,02.07.1994,ACTIVE,VAN DALEN Jason
6540,10007728153,BOL,30.12.1986,INACTIVE,ZURITA FERRUFINO Gilver
6541,10050321459,IRI,18.04.1996,INACTIVE,ABOUEI MEHRIZI Majid
6542,10009087870,ITA,15.06.1995,ACTIVE,DONESANA Davide
6543,10009967944,GBR,15.09.1997,INACTIVE,WALKER Joey
6544,10009046747,RUS,04.03.1997,INACTIVE,ILICHEV Nikolay
6545,10006074204,GRE,30.06.1990,ACTIVE,GKAZONIS Petros
6546,10008712402,IRI,04.06.1991,INACTIVE,KHORRAMI Karim
6547,10007966613,NED,04.12.1993,INACTIVE,LAMMERTINK Steven
6548,10012345656,FRA,09.03.1993,ACTIVE,RIOU Nicolas
6549,10049192724,ARG,21.05.1996,ACTIVE,VIVAS Federico Nicolas
6550,10008907917,FRA,24.08.1993,ACTIVE,CHARLES Quentin
6551,10009993408,ITA,14.04.1997,INACTIVE,ORLANDI Federico
6552,10009817087,DEN,23.01.1996,ACTIVE,KLARIS Magnus Bak
6553,10007065119,POL,07.10.1991,INACTIVE,FRANCZAK Pawel
6554,10015912226,FRA,27.08.1994,ACTIVE,LEBLOND Lucas
6555,10006467961,ITA,08.05.1990,ACTIVE,SBARAGLI Kristian
6556,10061384008,COL,09.10.1985,INACTIVE,OSPINA Dalivier
6557,10008959043,IRI,15.01.1991,INACTIVE,ALI MOTTAGHIYAN Mohammad
6558,10016563136,ERI,01.01.1996,INACTIVE,ANDEBREHAN Maekele
6559,10015242118,MEX,21.10.1996,INACTIVE,LÓPEZ CONTRERAS Diego
6560,10015957591,FRA,16.05.1991,ACTIVE,CREMA Pierre
6561,10010109707,BOL,24.10.1995,INACTIVE,PIMENTEL MIRANDA Rafael Andres
6562,10004776121,FRA,23.05.1989,ACTIVE,GIRARD Thomas
6563,10028417041,ITA,13.08.1989,ACTIVE,CIMOLAI Davide
6564,10004404790,NZL,22.07.1987,Active,BEWLEY Samuel
6565,10016101071,SWE,11.09.1998,INACTIVE,LUNDQVIST Viktor
6566,10008704621,RUS,02.02.1993,INACTIVE,ZVERKOV Evgeny
6567,10015007803,MEX,03.02.1997,INACTIVE,SANTOYO GONZALEZ Gilberto Jose Manuel
6568,10006472712,NED,17.07.1991,INACTIVE,MARKUS Barry
6569,10007523140,CZE,01.04.1992,INACTIVE,KOUDELA Tomáš
6570,10014168650,FRA,27.10.1997,ACTIVE,MENANT Theo
6571,10007894164,ARM,13.08.1993,INACTIVE,MKRTCHYAN Mher
6572,10009178305,GER,25.10.1996,INACTIVE,MEIER Johannes
6573,10009868520,FRA,05.10.1994,INACTIVE,ROULAND . Hugo
6574,10016193021,COL,28.05.1998,ACTIVE,OSORIO CARVAJAL Alejandro
6575,10011142149,AUS,21.08.1998,ACTIVE,BEIKOFF Joshua
6576,10006067332,RUS,26.11.1990,INACTIVE,BALYKIN Ivan
6577,10006556069,ESP,14.01.1991,INACTIVE,GRIJALBA Fernando
6578,10007582350,GBR,11.02.1993,ACTIVE,SLATER Alistair
6579,10010199633,GUA,20.06.1998,ACTIVE,BORON RABINAL Melvin Daniel
6580,10011024234,NED,02.03.1996,INACTIVE,BUNING Jorn
6581,10009371800,ESP,28.01.1997,ACTIVE,JUNQUERA SAN MILLAN Mario
6582,10009638043,GRE,05.07.1996,INACTIVE,ZEGKLIS Nikolaos
6583,10003267769,GBR,25.05.1987,ACTIVE,STANNARD Ian
6584,10009488806,CZE,23.10.1995,ACTIVE,NEUMAN Dominik
6585,10004572118,DEN,31.07.1987,ACTIVE,GULDHAMMER Thomas
6586,10009497391,NED,01.07.1994,INACTIVE,MEEWISSE John
6587,10009376850,KAZ,07.07.1993,INACTIVE,ZEMLYAKOV Oleg
6588,10016138558,IRI,29.12.1983,INACTIVE,MOZAHHEBI Ziaoddin
6589,10005430768,FRA,07.09.1988,INACTIVE,LAMOISSON Morgan
6590,10008818900,RUS,27.05.1996,ACTIVE,VAVILOV Arsentii
6591,10014704877,ITA,24.10.1996,INACTIVE,GUGLIELMI Giovanni
6592,10010965630,DEN,11.07.1997,INACTIVE,PETERSEN Nicolai
6593,10009689876,MEX,31.10.1996,INACTIVE,TORRES PAGAZA Raul Eduardo
6594,10016328215,RUS,06.01.1998,INACTIVE,KONYAEV Stanislav
6595,10009010270,BEL,05.08.1995,INACTIVE,HEMROULLE Johan
6596,10009495472,NED,24.08.1996,INACTIVE,KREDER Stefan
6597,10002318886,CZE,29.05.1982,INACTIVE,KESL Michal
6598,10010807602,SWE,06.12.1998,INACTIVE,JOHNSSON Jacob
6599,10009508509,FRA,19.11.1996,INACTIVE,KOHL Roman
6600,10007795043,USA,08.01.1986,INACTIVE,TODOROW Valentin
6601,10005597688,SUI,24.12.1985,INACTIVE,BEER Silvio
6602,10005825135,ESP,14.08.1988,INACTIVE,LINARES TRANCHE Jesus Maria
6603,10016015084,GBR,27.08.1995,INACTIVE,JAGGER Freddie
6604,10007504649,FRA,19.04.1993,INACTIVE,VERARDO Yoan
6605,10009547915,RUS,29.04.1997,INACTIVE,SMIRNOV Kirill
6606,10008657434,USA,25.05.1994,INACTIVE,DARVILLE Alexandre
6607,10014021938,USA,27.05.1995,INACTIVE,TORRE Zane
6608,10013788633,ITA,20.01.1994,INACTIVE,MURARO Andrea
6609,10029574573,ITA,23.09.1997,INACTIVE,FORLANI Nicola
6610,10010753139,ITA,20.02.1997,INACTIVE,TOFFOLI Francesco
6611,10016208781,USA,11.06.1987,INACTIVE,VARGAS Wilman
6612,10016208680,USA,04.08.1983,INACTIVE,RALPH Kenyon
6613,10009974816,ITA,22.02.1997,ACTIVE,BEVILACQUA Simone
6614,10014068923,USA,30.09.1997,INACTIVE,WORCESTER Nathaniel
6615,10006423303,GER,14.10.1987,INACTIVE,OBERT Alexander
6616,10015411563,SUI,29.04.1983,INACTIVE,HERRMANN Michael
6617,10010787289,RSA,25.11.1998,INACTIVE,EDWARDS Andrew
6618,10061319946,KSA,01.04.1995,INACTIVE,ALJUMAH Hassan
6619,10007774128,FRA,20.06.1993,INACTIVE,MARCEL MILLET Philémon
6620,10010174674,CZE,26.09.1997,INACTIVE,BRÁZDA Michal
6621,10011207827,GER,08.10.1981,INACTIVE,SCHAEUFLE Stefan
6622,10011207928,GER,07.11.1991,INACTIVE,SCHONEMANN Torsten
6623,10011209544,UAE,07.01.1984,INACTIVE,BADER Mohamed Mirza
6624,10004572825,CZE,24.07.1988,INACTIVE,HAČECKÝ Martin
6625,10009890445,KOR,26.07.1996,Inactive,KIM Doyun
6626,10015958807,RUS,18.08.1998,INACTIVE,LISHCHENKO Vladislav
6627,10006903855,ITA,08.04.1992,INACTIVE,GASPARRINI Rino
6628,10011990190,ITA,16.03.1992,INACTIVE,GALLIO Giacomo
6629,10008960861,FRA,22.02.1994,ACTIVE,BRASSEUR Guillaume
6630,10010791636,GER,16.09.1998,INACTIVE,MEIER Tobias
6631,10016323868,ERI,01.11.1994,INACTIVE,YEMANE Nahom
6632,10009635013,ALB,14.04.1997,INACTIVE,RAMALIU Realdo
6633,10010991292,COL,09.07.1994,INACTIVE,PAZ DUQUE Mario Alejandro
6634,10016135629,CPV,29.12.1992,ACTIVE,DOS SANTOS RODRIGUES Kevin Renato
6635,10011168320,AUS,23.12.1998,ACTIVE,GROVES Kaden
6636,10009140313,NZL,27.12.1996,INACTIVE,VAN DEN AREND Josh
6637,10044727286,POR,12.12.1998,INACTIVE,BARJONA Bruno
6638,10007707844,RUS,06.05.1994,ACTIVE,BOREDSKII Ruslan
6639,10010129309,RUS,14.03.1998,ACTIVE,LUNDE Pavel
6640,10015850588,RUS,11.03.1998,INACTIVE,DUMCHEV Vladimir
6641,10061355312,RUS,,INACTIVE,VERULSKIY Alexsandr
6642,10009435858,CZE,13.12.1995,INACTIVE,MALÁN Petr
6643,10010894595,CZE,09.12.1998,INACTIVE,ŠIMEK Jan
6644,10009994216,ESP,20.11.1997,INACTIVE,HERNANDEZ SALAMANCA Alejandro
6645,10009994317,ESP,30.08.1997,INACTIVE,IGLESIAS GARCIA Alejandro
6646,10009994923,ESP,08.12.1997,INACTIVE,VIEJO REDONDO Jose Daniel
6647,10009722111,BRA,03.07.1995,INACTIVE,GUIMARÃES Alessandro
6648,10009735245,BRA,01.09.1984,INACTIVE,FERNANDES Sidnei
6649,10061420885,BRA,01.12.1990,INACTIVE,DA PAIXÃO MARQUES Felipe Cristiano
6650,10005575359,FRA,27.12.1981,ACTIVE,DAENINCK Benoit
6651,10007776451,FRA,29.05.1995,ACTIVE,LEVASSEUR Jordan
6652,10010172048,FRA,19.11.1997,INACTIVE,SELIVERT Tristan
6653,10010861657,FRA,22.02.1998,INACTIVE,VILLIERS Ivan
6654,10006097341,KAZ,21.02.1988,ACTIVE,GOLOVACHSHENKO Artyom
6655,10006600630,GRE,24.01.1991,ACTIVE,EFSTATHIOU Konstantinos
6656,10009696344,VEN,21.09.1990,INACTIVE,GÓMEZ DUBEN Alexander Del Jesus
6657,10010174876,VEN,03.02.1998,INACTIVE,SAEZ MATOS Enderson Miguel
6658,10061471308,VEN,05.06.1989,INACTIVE,PIÑEIROS José
6659,10008856686,COL,20.01.1984,INACTIVE,DIAZ Andrés
6660,10009808296,COL,26.06.1996,INACTIVE,MONTES CANO Sebastian
6661,10009860840,COL,02.06.1984,INACTIVE,RESTREPO ZAPATA Ferney De Jesus
6662,10010723837,HUN,23.07.1970,INACTIVE,SIKARI Gábor
6663,10010079189,BOL,02.12.1984,INACTIVE,BALDERRAMA MIGUEL José Vladimir
6664,10010927840,USA,12.10.1985,INACTIVE,TORTORELLI Steven
6665,10016220808,USA,27.11.1986,INACTIVE,MARAIN Jeffrey
6666,10004707918,VEN,21.04.1986,INACTIVE,PAEZ Joan
6667,10009986031,RSA,19.11.1979,INACTIVE,SPIES Jean
6668,10006484533,BEL,12.11.1991,ACTIVE,VAN HOECKE Gijs
6669,10002444986,ESP,12.07.1983,INACTIVE,MUNTANER JUANEDA David
6670,10002748821,NZL,10.01.1981,INACTIVE,ROULSTON Hayden
6671,10007229817,AUS,22.12.1993,ACTIVE,EDMONDSON Alexander
6672,10008885079,MAS,13.08.1992,ACTIVE,RUSLI Mohamad Fairet
6673,10009037552,COL,28.11.1994,INACTIVE,RESTREPO VALENCIA Jhonatan
6674,10010112939,FRA,11.06.1993,INACTIVE,EL GHOUATE Ossama
6675,10011171451,MAR,06.05.1998,INACTIVE,EL GHOUATE Ali
6676,10011138614,BDI,23.03.1995,INACTIVE,NIYOYITUNGIRA Ezechiel
6677,10008995015,NZL,26.02.1994,INACTIVE,ZENOVICH Mathew
6678,10048838470,ECU,21.07.1991,INACTIVE,QUISHPE QUISHPE Carlos
6679,10061468577,SUI,28.09.1993,INACTIVE,DIETRICH Silvan
6680,10015185130,GER,16.03.1981,INACTIVE,BAY Christian
6681,10001544708,ARG,31.01.1975,ACTIVE,PEREZ Walter Fernando
6682,10004716507,VEN,23.12.1988,INACTIVE,ROJAS Yosvans
6683,10002071841,BLR,28.06.1981,INACTIVE,KIRYIENKA Vasil
6684,10009502546,GBR,08.04.1996,INACTIVE,CULLAIGH Gabriel
6685,10003253221,GBR,25.05.1986,ACTIVE,THOMAS Geraint
6686,10009577318,PAR,18.03.1994,INACTIVE,GRANGE GONZALEZ Victor Manuel
6687,10010092428,UKR,23.05.1996,INACTIVE,ZAKCHARIN Vitaliy
6688,10010854280,AUS,18.02.1991,INACTIVE,ROSS Aaron
6689,10010089293,FRA,04.11.1994,INACTIVE,BACON Thomas
6690,10006415623,CUB,13.10.1988,INACTIVE,ALONSO RUANO Lisuandi
6691,10006661355,NED,02.06.1990,ACTIVE,KOS Christian
6692,10010581165,CUB,10.09.1989,INACTIVE,NODARSE FERNANDEZ Felix
6693,10009503152,SUI,23.03.1996,INACTIVE,PAROZ Justin
6694,10008904782,BRA,10.12.1992,INACTIVE,JÚNIOR Joel Cândido
6695,10007457664,RSA,30.07.1991,INACTIVE,KRUGER Hendrik
6696,10009505475,ITA,12.11.1996,ACTIVE,ALBANESE Vincenzo
6697,10006656608,RUS,09.01.1992,INACTIVE,YATSEVICH Kirill
6698,10001442250,GBR,28.04.1980,INACTIVE,WIGGINS Bradley
6699,10010590865,FIN,06.10.1992,INACTIVE,MATTSSON Petter
6700,10007264876,IRI,01.01.1992,INACTIVE,KHADEMI Ali
6701,10009415751,IND,09.03.1990,INACTIVE,PANWAR Arvind
6702,10004872313,KOR,14.03.1988,INACTIVE,SEO Joonyong
6703,10006303465,GRE,10.01.1988,INACTIVE,KOURMPETIS Dimitris
6704,10009134754,BEL,15.02.1996,INACTIVE,MALEVEZ Jérémy
6705,10008926206,SUI,18.04.1996,ACTIVE,MÜLLER Patrick
6706,10061467062,KAZ,08.07.1993,INACTIVE,ZHAKSYLYK Parylbek
6707,10008976625,VEN,19.04.1993,INACTIVE,NIEVES Xavier
6708,10007250328,IRI,26.11.1989,INACTIVE,REZAVI Naser
6709,10010108794,KOR,01.10.1996,INACTIVE,KIM Jiho
6710,10010094145,TTO,12.04.1972,ACTIVE,OGISTE Marc
6711,10010608245,COL,17.04.1993,INACTIVE,ARQUELLO SALAZAR Sergio Carlos
6712,10006893145,MEX,21.04.1992,INACTIVE,LEMUS DAVILA Luis Enrique
6713,10008976221,VEN,10.01.1993,ACTIVE,TORRES VILLAREAL Carlos Alberto
6714,10010618147,BRA,12.08.1992,INACTIVE,DORNELAS Michel
6715,10006146245,CHN,29.12.1986,INACTIVE,ZHAO Yongquing
6716,10010839429,COL,01.05.1995,INACTIVE,CAMARGO RAMIREZ Carlos Andres
6717,10009144858,RSA,29.08.1996,INACTIVE,BUCHEL Joshua
6718,10011072431,GBR,11.07.1997,Inactive,DRAPER Nathan
6719,10051337535,ARG,05.09.1995,INACTIVE,NAVARRO Nicolas Oscar
6720,10009189015,ITA,14.08.1996,ACTIVE,MOSCHETTI Matteo
6721,10008200019,GER,09.10.1992,INACTIVE,KENDLER Benedikt
6722,10008982988,IRL,23.03.1993,INACTIVE,NULTY Javan
6723,10006646302,UKR,28.05.1992,INACTIVE,LOBOV Oleksandr
6724,10002522081,RUS,12.11.1982,INACTIVE,SEROV Aleksandr
6725,10009688765,ARG,27.03.1996,INACTIVE,BIOCCA Ezequiel
6726,10061473328,DEN,21.11.1992,INACTIVE,LINDBERG Mathias
6727,10009501334,ITA,09.05.1996,INACTIVE,CALDERARO Filippo
6728,10009189823,ESP,08.05.1995,ACTIVE,IGLESIAS BRAVO Jose Maria
6729,10003203812,RUS,24.01.1987,INACTIVE,KRITSKIY Timofey
6730,10009190429,ESP,08.05.1995,ACTIVE,IGLESIAS BRAVO Miguel Angel
6731,10006586684,ITA,23.07.1991,INACTIVE,CAZZARO Manuel
6732,10009306223,USA,17.04.1973,INACTIVE,LEVKULIC John
6733,10006360352,USA,04.03.1981,INACTIVE,LLOYD Gabriel
6734,10004749546,USA,20.07.1978,INACTIVE,KUKLIS Andrew
6735,10010795878,GBR,19.10.1996,INACTIVE,YEOMAN Ruari
6736,10005826347,ESP,06.08.1982,INACTIVE,HERRERO NADAL Carlos
6737,10007750583,BEL,23.11.1994,INACTIVE,BAEYENS James
6738,10010163560,SUI,07.10.1993,INACTIVE,STÄUBLE Reto
6739,10009104543,SUI,12.01.1995,ACTIVE,BOSSENS Julien
6740,10009503253,SUI,11.12.1996,INACTIVE,FOURNIER Killian
6741,10014020928,GBR,01.03.1996,INACTIVE,WILTSHIRE Joe
6742,10005511200,VEN,26.04.1989,INACTIVE,FIGUEROA Randall
6743,10004595457,GBR,23.02.1988,ACTIVE,HAMPTON Russell
6744,10006384196,GBR,03.01.1992,ACTIVE,MCLAY Daniel
6745,10009993509,GBR,25.01.1997,INACTIVE,FRY Joseph
6746,10011045351,GBR,11.02.1992,ACTIVE,PEARSON Julian
6747,10009234784,USA,28.03.1980,INACTIVE,GIEM Michael
6748,10011078491,ESP,28.05.1996,ACTIVE,IPARRAGIRRE LEKUONA Eneko
6749,10009117172,AUS,19.03.1996,INACTIVE,ROSS Mathew
6750,10009793142,GBR,26.05.1996,INACTIVE,ROBBINS Tristan
6751,10009072211,RSA,17.08.1995,ACTIVE,VAN NIEKERK Morné
6752,10009402011,NED,24.05.1995,INACTIVE,DE JONG Martijn
6753,10009147585,KAZ,22.11.1995,INACTIVE,MINIYAKHMETOV Danis
6754,10007502528,ESP,13.09.1992,INACTIVE,ASTALS FERNANDEZ Cristian
6755,10002244623,IRI,08.02.1979,INACTIVE,HAGHI Alireza
6756,10010882168,BOL,13.07.1986,INACTIVE,BALDERRAMA Ronald
6757,10003035777,COL,08.08.1985,INACTIVE,MARENTES TORRES Wilson Alexander
6758,10004780464,BEL,26.08.1989,INACTIVE,VLASSELAER Maarten
6759,10006555867,ESP,13.06.1991,INACTIVE,RUBIO HERNANDEZ Diego
6760,10001580171,GRE,24.11.1975,INACTIVE,POTOURIDIS Elpidofos
6761,10009055134,VEN,23.03.1995,INACTIVE,AGÜERO Rafael
6762,10010618248,BRA,27.03.1989,INACTIVE,ESTEVINHO Vitor Hugo
6763,10009701701,IRI,30.08.1990,INACTIVE,YAHEIYAEI Mohsen
6764,10005961238,RSA,11.05.1989,INACTIVE,POTGIETER Bradley
6765,10008109281,IRI,03.04.1990,INACTIVE,SHOJAATI MOGHADDAM Amir Hossein
6766,10003388516,RSA,19.10.1984,INACTIVE,VAN NIEKERK Dennis
6767,10005787749,GRE,25.06.1984,INACTIVE,PAPADOMIHELAKIS Ioannis
6768,10009055437,VEN,12.02.1995,INACTIVE,CHÁVEZ NAVA Maiki Ramon
6769,10007297111,NED,04.12.1993,ACTIVE,VAN DER HOORN Taco
6770,10009739689,GRE,26.11.1997,INACTIVE,IOANNIDIS Orestis Stylianos
6771,10010783249,VEN,30.10.1992,ACTIVE,CASTAÑO Neubery
6772,10010083435,IRI,03.01.1993,INACTIVE,ZAREIAN Majid
6773,10004508157,NED,07.10.1988,INACTIVE,VERMEULEN Jeff
6774,10009571961,GRE,11.08.1979,INACTIVE,NIKOLAIDIS Konstantinos
6775,10009231047,GER,22.05.1996,INACTIVE,THIEL André
6776,10009740194,GRE,11.07.1997,INACTIVE,PAPASTATHIS Konstantinos
6777,10007524857,BEL,01.01.1992,INACTIVE,WASTYN Emiel
6778,10009211647,IRI,03.01.1992,INACTIVE,ESFAHANI Alireza
6779,10009774449,GER,02.10.1996,INACTIVE,ROHDE Louis
6780,10009157790,RSA,26.06.1995,INACTIVE,ADAMS Bronwin
6781,10010872771,IRI,02.04.1993,INACTIVE,LOTFI Payam
6782,10004808352,RSA,30.03.1987,INACTIVE,FOUCHE Herman
6783,10007750179,BEL,19.04.1994,INACTIVE,RASSCHAERT Kevin
6784,10061396839,IRI,11.12.1986,INACTIVE,GHALICHI Milad Seyed
6785,10010002805,RSA,03.11.1990,INACTIVE,FITZPATRICK Stuart
6786,10007749977,BEL,01.07.1994,INACTIVE,PYFFEROEN Miel
6787,10007890629,RSA,10.02.1994,INACTIVE,GOUVERIS Kellan Alex
6788,10006481301,RSA,06.03.1990,INACTIVE,DU PREEZ Robert
6789,10009716653,RSA,25.01.1993,INACTIVE,ROSSOUW Neil
6790,10009330572,USA,22.12.1973,INACTIVE,EVANS Brian
6791,10009147888,MAS,28.03.1996,INACTIVE,YING Asyraf Naim
6792,10007771195,ESP,01.04.1993,INACTIVE,AYALA César Octavio
6793,10010089495,RUS,09.08.1995,INACTIVE,SOLOVYEV Pavel
6794,10010092529,UKR,27.06.1996,INACTIVE,SHCHEDOV Vladyslav
6795,10006327818,UKR,04.04.1990,INACTIVE,MOROZOV Roman
6796,10009193964,RUS,07.12.1996,INACTIVE,PRUTSKOV Alexey
6797,10009259642,UKR,03.09.1993,INACTIVE,VERULSKYY Oleksandr
6798,10006605276,ESP,20.10.1990,INACTIVE,LOZANO Pedro
6799,10034915637,RUS,09.09.1984,INACTIVE,RADIONOV Mikhail
6800,10010586724,IND,27.02.1993,INACTIVE,BHOSALE Abhinandan
6801,10011038782,IND,08.08.1996,INACTIVE,ATTAR Malik
6802,10003172688,PHI,22.02.1982,ACTIVE,CATALAN Alfie
6803,10010088485,ITA,25.10.1994,INACTIVE,FAVILLA Christopher
6804,10010097983,ITA,06.08.1996,INACTIVE,CARRUBBA Pierpaolo
6805,10007790696,GBR,01.07.1992,ACTIVE,GITTINGS Matt
6806,10009201341,USA,28.11.1974,INACTIVE,POMAJEVICH Ryan
6807,10009007846,AUS,21.12.1993,INACTIVE,ABELS Ben
6808,10009512246,AUS,19.04.1996,INACTIVE,RANDALL David
6809,10010605215,AUS,31.05.1996,INACTIVE,KEY William
6810,10008986325,GBR,26.03.1995,INACTIVE,HALL Luc
6811,10010787188,NGR,04.10.1988,INACTIVE,BUTLER Jason Daniel
6812,10074846695,USA,05.02.1979,INACTIVE,HUFF Charles
6813,10009319660,USA,07.05.1993,Inactive,NOVAK David
6814,10010657553,CUB,24.10.1993,INACTIVE,LÓPEZ TITO José Luis
6815,10009104442,SUI,09.12.1995,INACTIVE,SUTER Xavier
6816,10009494058,FRA,20.06.1996,INACTIVE,MOSNIER Kevin
6817,10001465387,RSA,19.11.1979,INACTIVE,PERRY James Lewis
6818,10007051577,AUS,22.01.1991,ACTIVE,MULHERN Mitchell
6819,10008997540,AUS,17.10.1994,INACTIVE,ROBINSON Reece
6820,10006466749,BEL,04.01.1991,ACTIVE,BREYNE Jonathan
6821,10010980784,CZE,09.01.1997,ACTIVE,SVATEK Miroslav
6822,10008692800,KAZ,19.04.1995,INACTIVE,RIVE Dmitriy
6823,10010741722,KAZ,29.01.1993,INACTIVE,VASSILENKO Sergey
6824,10011031611,KAZ,01.04.1997,INACTIVE,KORGANBAYEV Eldorbek
6825,10011045957,KAZ,30.05.1997,INACTIVE,OVSYANNIKOV Alexandr
6826,10011046260,KAZ,06.11.1996,INACTIVE,FEDOTOVSKIKH Nikita
6827,10008659252,AUT,06.12.1995,INACTIVE,WINDISCHBAUER Johannes
6828,10010739496,AUT,15.08.1988,ACTIVE,GRATZ Johannes
6829,10061404822,AUT,23.11.1969,INACTIVE,REINBRECHT Georg
6830,10006303869,GRE,09.09.1988,ACTIVE,KOURMPETIS Anastasios
6831,10006988731,GRE,01.03.1989,INACTIVE,SIMANTIRAKIS Vasileios
6832,10009739083,GRE,18.07.1997,INACTIVE,KALIBRETAKIS Dimitrios
6833,10009871146,GRE,12.09.1986,INACTIVE,VLASSIS Georgios
6834,10008968541,MEX,27.10.1993,INACTIVE,SANDOVAL ARELLANO Diego Armando
6835,10009030882,MEX,17.05.1995,INACTIVE,LOPEZ TORRES Jairo
6836,10009031690,MEX,08.08.1995,INACTIVE,CORTEZ Ricardo Karim
6837,10009226296,MEX,11.02.1996,INACTIVE,GUZMAN MARTINEZ Eduardo Rodrigo
6838,10009238727,MEX,09.06.1991,INACTIVE,ORTIZ RODRIGUEZ Daniel
6839,10009723424,MEX,02.04.1990,INACTIVE,GARCÍA Ricardo
6840,10010929759,MEX,02.07.1996,INACTIVE,GARCÍA FRAYRE Juan José
6841,10009301775,VEN,07.05.1995,INACTIVE,LOPEZ Jean
6842,10006522525,BRA,30.07.1987,INACTIVE,DE MELO Rodrigo Araujo
6843,10009035128,BRA,24.04.1995,INACTIVE,RIBEIRO Douglas
6844,10009400593,BRA,13.06.1991,INACTIVE,PONCIANO Edson Antonio
6845,10088683646,MEX,25.10.2002,ACTIVE,PEYROT BALVANERA Jorge
6846,10111998204,MEX,16.11.2003,ACTIVE,NAVA ROMO Fernando Gabriel
6847,10080143505,VEN,27.11.1990,INACTIVE,MARTINEZ Clever
6848,10006032168,FIN,07.01.1977,INACTIVE,ERJOMAA Timo
6849,10123467442,IND,29.03.1999,INACTIVE,A Anandhu
6850,10109357881,CHI,01.06.1998,ACTIVE,LIRA EGUIGUREN Manuel
6851,10127200932,COL,19.06.1994,ACTIVE,SOTO MARTINEZ Nelson Andres
6852,10069353263,NZL,13.01.2004,ACTIVE,BRIGGS Devon
6853,10016351655,BEL,09.09.1998,INACTIVE,BERTELS Jasper
6854,10007225975,THA,25.10.1989,ACTIVE,CHAIMAYO Ath
6855,10054329579,CHI,12.05.2002,ACTIVE,QUINTANA VIDAL Hector
6856,10066511062,COL,29.07.2000,ACTIVE,ESPINEL BAEZ Erin Fabian
6857,10107619561,THA,28.05.2002,ACTIVE,LAKDI Chaiwat
6858,10114777656,ISR,15.05.2004,INACTIVE,BAHARY Ori
6859,10006898704,BEL,20.02.1991,ACTIVE,DEWEER Jochen
6860,10111052957,UZB,03.05.2004,ACTIVE,TUYCHIEV Abdulkhamid
6861,10092095824,MAS,02.09.2002,INACTIVE,CHAN Jian Le
6862,10064947948,BEL,07.08.2001,ACTIVE,SQUIRE Ben
6863,10044354141,POR,14.01.2004,ACTIVE,NUNES Tiago
6864,10095244179,VEN,15.07.2001,INACTIVE,AREVALO ESCOBAR Luis
6865,10082761996,COL,22.05.2003,ACTIVE,ALZATE GIRALDO Juan
6866,10096909044,THA,29.11.2002,ACTIVE,KUNKUMPAI Kantaphon
6867,10135695809,IND,30.01.2003,INACTIVE,PATIL Siddhesh Ajit
6868,10107618147,THA,16.08.2003,ACTIVE,WONGLA Thanapon
6869,10053692009,IRL,23.03.1993,ACTIVE,NULTY Javan
6870,10123479667,IND,02.12.2001,INACTIVE,AJAY PAL SINGH Ajay Pal Singh
6871,10050949333,IND,08.01.1999,INACTIVE,ABHILASH Abhilash
6872,10108608254,COL,20.07.2001,ACTIVE,SOSSA SANCHEZ Juan
6873,10065049594,BEL,10.02.2004,ACTIVE,VAN GUCHT Yoran
6874,10089579884,LTU,11.01.2004,INACTIVE,ŽEKAS Edgaras
6875,10052888222,BUL,01.02.2003,ACTIVE,MARINOV Martin
6876,10012876328,AUS,12.01.1994,ACTIVE,LANGHAM Jacob
6877,10135696819,IND,21.04.2003,INACTIVE,K Pradeep Sankara
6878,10014569885,THA,08.02.1990,INACTIVE,PANTAN Sarayut
6879,10053237321,MAS,06.05.2003,ACTIVE,SAZALI Iman Irfan
6880,10007524049,USA,15.10.1992,ACTIVE,FRANCK Eamon
6881,10133201491,THA,28.02.1999,Active,HAYEESAMA Abdulhakeem
6882,10056225628,ESP,31.07.2003,ACTIVE,OLIVARES TERRES Abel
6883,10135697324,IND,21.09.2002,INACTIVE,HIREKURBAR Rahul
6884,10106858921,CHI,08.05.1997,ACTIVE,PUEBLA SALINAS Pedro
6885,10106829518,CHI,09.09.1989,INACTIVE,RAMIREZ ROJAS Francisco
6886,10107621076,THA,18.11.2000,ACTIVE,SAYOR Suhaimeen
6887,10059705706,CAN,30.06.2002,ACTIVE,GREGORY Daniel
6888,10092837771,CHI,06.04.2003,ACTIVE,REINOSO VERGARA Isai
6889,10009678863,THA,17.09.1990,INACTIVE,SAYO Amree
6890,10097382223,THA,01.10.1991,INACTIVE,YATAN Thanachat
6891,10035359918,COL,12.11.2000,INACTIVE,ROJAS VARGAS Carlos Daniel
6892,10133198562,CHI,31.01.2001,INACTIVE,MUÑOZ CAMPUSANO Matias
6893,10023827830,GBR,15.04.1998,ACTIVE,AMBROSE-PARISH James
6894,10121916048,COL,19.03.2004,INACTIVE,NAVARRETE ECHEVERRY Julian Enrique
6895,10009518512,ESP,23.07.1996,ACTIVE,BALLESTEROS CANOVAS Miguel Angel
6896,10096386355,USA,17.12.1969,ACTIVE,CHIOFFI Terrence
6897,10003477937,GBR,04.12.1978,ACTIVE,BJERGFELT William
6898,10050564565,GBR,24.09.1999,ACTIVE,GRAHAM Finlay
6899,10017925681,GBR,15.01.1975,ACTIVE,BIDDULPH Stephen
6900,10082577595,NIG,07.06.1998,INACTIVE,ISSOUFOU Boureima
6901,10096731212,TOG,17.12.1999,INACTIVE,ABINON Koffi
6902,10131726586,NGR,03.12.1999,INACTIVE,BAKARE Tunde Teslim
6903,10067790553,FRA,09.01.2001,ACTIVE,JACQUEMIN Colin
6904,10115010759,AUS,22.12.2001,INACTIVE,LIGHTFOOT Jack
6905,10016105923,UKR,13.02.2001,INACTIVE,YAKOVLEV Mykyta
6906,10084085139,GBR,21.03.2004,ACTIVE,SMITH William
6907,10079375282,DEN,15.12.2004,Active,BERGENHOLZ Malthe Østergaard
6908,10085000474,AUS,06.01.2002,ACTIVE,KEY Declan
6909,10077454581,RUS,29.04.1982,INACTIVE,MALIKOV Alexey
6910,10049194441,DEN,26.02.2001,ACTIVE,RØNHEDE Thorolf
6911,10023236534,NED,07.05.1984,ACTIVE,POLDER Koen
6912,10023500555,QAT,08.03.1999,INACTIVE,AL FARIZI Farhan
6913,10050525563,DEN,12.11.2004,ACTIVE,LEVRING Tobias
6914,10011112140,NED,03.03.1991,ACTIVE,VAN DE POL Martin
6915,10027206662,FRA,12.10.2000,ACTIVE,LEAUTE Alexandre
6916,10060898095,URU,14.11.2001,ACTIVE,PIANO CEJAS Lucas Alejandro
6917,10063642993,DOM,25.12.2001,ACTIVE,MARTE CESPEDES Jesus Roniel
6918,10008714018,ALG,09.12.1994,ACTIVE,SAIDI Nassim
6919,10049713591,MAR,21.03.2002,ACTIVE,MAATOUGUI Nasr Eddine
6920,10077652726,DOM,15.01.1990,ACTIVE,COLLADO ACOSTA Ismael
6921,10007216073,FRA,10.06.1993,ACTIVE,SARREAU Marc
6922,10083112917,UZB,26.05.2002,INACTIVE,SIRKO Dmitriy
6923,10045824703,FIN,24.10.2003,ACTIVE,KÄLLBERG Axel
6924,10096811539,THA,20.06.2002,ACTIVE,RODVILAI Phurit
6925,10021014022,JPN,25.07.2000,ACTIVE,NAKAMURA Tatsuyoshi
6926,10011856515,IRI,16.09.1976,ACTIVE,LOGHMANIAN Mostafa
6927,10016292243,COL,10.06.1999,Inactive,GUERRERO ARIAS Juan Esteban
6928,10083922764,IRI,23.08.2001,INACTIVE,RAEISIMOBARAKEH Mohammadhossein
6929,10080715603,COL,04.02.2002,ACTIVE,PASTES ALVAREZ Giovanny
6930,10063226402,JPN,20.03.2002,INACTIVE,KOIKE Akito
6931,10011099006,THA,20.07.1994,ACTIVE,JANLUANG Jetsada
6932,10062526988,RUS,18.09.2003,ACTIVE,SHESTAKOV Artem
6933,10064300876,COL,08.11.2001,ACTIVE,SUA TUNJANO David Felipe
6934,10068351739,FRA,08.07.2001,INACTIVE,PARDON Florian
6935,10084061800,UZB,04.01.1999,INACTIVE,SHODIEV Iskandarbek
6936,10095826280,JPN,28.09.2002,INACTIVE,NISHIZAWA Masato
6937,10078258671,KAZ,09.02.1995,INACTIVE,AZEN Madi
6938,10109372130,JPN,30.05.2001,INACTIVE,NAKAMURA Keigo
6939,10096779207,UZB,25.05.2002,INACTIVE,ABDUJABBOROV Shokhrukh
6940,10097390408,THA,28.11.2001,ACTIVE,PANSAARD Arttasorn
6941,10109554208,JPN,25.05.1999,INACTIVE,HOSONAKA Shota
6942,10089593830,UKR,03.03.2002,ACTIVE,MOVCHAN Andrii
6943,10097382324,THA,19.11.1996,ACTIVE,CHAIWONG Khurkoon
6944,10085025332,THA,04.09.2000,ACTIVE,SANITPREM Santhawarak
6945,10092323368,THA,26.05.2002,ACTIVE,SOSALAM Tullatorn
6946,10030672390,ITA,03.02.2001,ACTIVE,LAINO Edoardo
6947,10087309983,THA,12.12.2002,ACTIVE,KEAWTHONG Witsawakorn
6948,10109373342,JPN,09.02.2002,INACTIVE,YOSHIFUSA Haruto
6949,10053904500,POL,03.08.2003,Inactive,LEWANDOWSKI Jakub
6950,10030102215,ITA,19.07.2001,ACTIVE,ZECCHIN Michael
6951,10014684871,FRA,08.07.1997,INACTIVE,MOULIN Quentin
6952,10067207745,FRA,10.04.2002,INACTIVE,LEWANDOWSKI Martin
6953,10034963935,RUS,02.03.1970,INACTIVE,ALEKSEEV Pavel
6954,10072676929,TPE,19.03.2001,INACTIVE,DUAN Cheng En
6955,10056058102,UAE,08.08.1981,ACTIVE,ALMANSOORI Ahmad Mubarak
6956,10016572129,SUI,19.06.1999,ACTIVE,GACHET Guillaume
6957,10001091333,GER,02.09.1970,ACTIVE,TEUTENBERG Lars
6958,10048522414,GER,07.10.2001,INACTIVE,JOSTEN Henrik
6959,10016152504,IRI,14.08.1999,INACTIVE,TABATABAEI Seyed Sajjad
6960,10002462770,VEN,01.08.1969,ACTIVE,BRUZUAL José
6961,10015763692,BRA,11.04.1997,INACTIVE,DO VALE SILVA Lincoln
6962,10051337838,ARG,16.06.1996,INACTIVE,AYALA BENTANCOR Roberto Gabriel
6963,10013900888,VEN,23.03.1996,INACTIVE,CHIA Jefferson
6964,10064236515,BRA,09.02.2000,INACTIVE,CAMPOS DE SÁ PINTO Bruno
6965,10006480691,ARG,30.08.1990,INACTIVE,CASELLES Alexander Emanuel
6966,10023501363,THA,15.08.1999,ACTIVE,YAOWARAT Ratchanon
6967,10006479681,RSA,24.04.1991,INACTIVE,ARENDSE Avery
6968,10014569986,THA,01.02.1991,INACTIVE,SATECHAIYAN Sathit
6969,10040902557,ESP,07.07.1999,INACTIVE,GANDIA SORIANO Enrique
6970,10006082183,THA,07.03.1990,INACTIVE,KERDCHUM Peerapat
6971,10015909495,IRL,22.01.1996,INACTIVE,BRODY David
6972,10053538526,BRA,15.04.1984,INACTIVE,MEDEIROS RODRIGUES FILHO José Eriberto
6973,10045776506,GER,19.06.2000,INACTIVE,DREIER Fabian
6974,10050080575,ARG,11.11.1982,ACTIVE,DE LA BARRERA Pablo Martin
6975,10097389394,THA,25.12.1997,INACTIVE,YIDNORADIN Pitchakorn
6976,10050077040,ARG,25.08.1975,INACTIVE,BRUNETTA Guillermo Martin
6977,10097390509,THA,10.04.1995,ACTIVE,PHAOPKAEO Warakon
6978,10071589115,BRA,08.03.2001,ACTIVE,RODRIGUES OVIDOR Davidson
6979,10097390610,THA,26.06.2000,ACTIVE,PHETCHAMNAN Wangawee
6980,10011543788,ARG,24.12.1975,INACTIVE,YERI Nazareno Valentin
6981,10083861736,ARG,31.08.1988,INACTIVE,CHARRI Hugo Ezequiel
6982,10025451063,FRA,14.01.2000,ACTIVE,THIBAUD Samuel
6983,10011475181,ARG,09.08.1988,ACTIVE,ASTIASARÁN José Rodolfo
6984,10049864347,ARG,26.01.1991,ACTIVE,TIVANI PEREZ Gerardo Matias
6985,10064124155,GBR,13.10.2002,ACTIVE,ONLEY Oscar
6986,10014375380,BLR,01.08.1997,INACTIVE,VOLKAU Ilya
6987,10023924729,GBR,13.03.2000,ACTIVE,OLIVER Cameron
6988,10075477805,GBR,24.10.2002,ACTIVE,SINGER Ben
6989,10080753793,GBR,24.02.2002,ACTIVE,MITCHELL Adam
6990,10014186434,USA,14.07.1991,INACTIVE,ZAVYALOV Innokenty
6991,10095105652,USA,02.01.1988,INACTIVE,QUINTER Geoffrey
6992,10023527332,BRA,22.06.1998,INACTIVE,GRAÇA ALEXANDRE Gabriel
6993,10010597838,NZL,14.03.1997,INACTIVE,DOBBS Sam
6994,10015332852,FRA,01.01.1999,ACTIVE,HUENS Rémi
6995,10035371941,COL,03.09.1999,INACTIVE,JARAMILLO VELEZ Diego Alejandro
6996,10014628489,JPN,09.12.1996,INACTIVE,IKENISHI Takumi
6997,10060600530,CHI,14.10.1999,INACTIVE,MUÑOZ REYES David
6998,10045801562,FIN,08.05.1987,INACTIVE,JOHANSSON Miika
6999,10060058643,CHI,25.09.1999,INACTIVE,YEVENES POWELL Frank
7000,10060575672,FIN,07.09.1983,INACTIVE,LEHTINEN Janne
7001,10005067626,USA,21.05.1978,INACTIVE,LARSEN Bryan
7002,10008687746,FIN,09.02.1993,INACTIVE,NURMI Roope
7003,10013394569,POL,05.08.1995,INACTIVE,KARBOWY Marcin
7004,10050432203,MEX,11.05.1999,INACTIVE,PEDROZA FLORES Ricardo
7005,10062738469,KAZ,05.06.2000,INACTIVE,ZAGIRNYAK Artem
7006,10054808014,USA,31.03.1995,INACTIVE,KOOISTRA Jesse
7007,10077621707,COL,25.09.1993,ACTIVE,CONTRERAS MORALES Joan
7008,10072878811,AUS,26.07.2000,ACTIVE,JONES Taj
7009,10007293370,GRE,31.01.1990,INACTIVE,KOTSIONIS Georgios
7010,10063593281,KAZ,24.07.2000,INACTIVE,MANTUROV Ilya
7011,10006453918,RUS,04.03.1990,INACTIVE,BELYKH Sergey
7012,10021708378,NZL,21.12.2001,ACTIVE,FISHER-BLACK Finn
7013,10004503915,BLR,06.01.1988,ACTIVE,PAPOK Siarhei
7014,10015605361,AUS,27.07.1999,ACTIVE,SENS Connor
7015,10015032758,GBR,19.05.1993,INACTIVE,PERKINS Joseph
7016,10023893104,GBR,06.02.1999,INACTIVE,APPLEBY Isaac
7017,10019414229,GBR,18.02.1974,ACTIVE,ATKINSON Michael
7018,10009368867,GBR,20.08.1986,ACTIVE,VAN GASS Jaco
7019,10077992832,GUA,01.03.1992,INACTIVE,GRAZIOSO DAVILA Alvaro
7020,10008940653,GUA,27.01.1994,INACTIVE,QUICIBAL Daniel
7021,10050432910,MEX,25.11.1997,INACTIVE,SALINAS FRANCO Alberto
7022,10014676686,MEX,18.10.1990,INACTIVE,SÁNCHEZ PEREZ Óscar Antonio
7023,10015860389,GRE,03.11.1999,ACTIVE,NTANOVASILIS Konstantinos
7024,10011164882,JPN,03.02.1998,INACTIVE,TAGAWA Kakeru
7025,10009520128,ESP,21.06.1996,INACTIVE,ROMERO BUENDIA Victor Manuel
7026,10034869157,UKR,22.04.2000,INACTIVE,HOLUB Dmytro
7027,10010735557,NED,22.05.1997,ACTIVE,BURGER Sven
7028,10075184579,AUS,02.07.2001,INACTIVE,VIVIERS Ethan
7029,10009502445,GER,15.02.1996,INACTIVE,FUßNEGGER Moritz
7030,10025569887,FRA,25.01.2000,ACTIVE,GUEZENNEC Hugo
7031,10010003209,SUI,26.07.1993,INACTIVE,PASI-PUTTINI Roberto
7032,10026096216,FRA,20.07.2000,INACTIVE,BOUVIER Bapthiste
7033,10015871103,GER,24.04.1994,ACTIVE,KAASE Moritz
7034,10079277676,IRI,26.03.1990,INACTIVE,MOAZAMI GODARZI Arvin
7035,10008011069,BRU,21.11.1992,INACTIVE,ABD AZIZ Muhammad I'maadi
7036,10073673807,PAK,01.01.1991,ACTIVE,ULLAH Izzat
7037,10063465767,INA,13.07.1990,INACTIVE,HIDAYAT Eko Bayu Nur
7038,10010163257,COL,03.05.1987,INACTIVE,SASTOQUE PULIDO Didier Alexander
7039,10021426068,JPN,10.08.1999,INACTIVE,NAKAMURA Ryutaro
7040,10010791434,GER,06.09.1998,Inactive,ZSCHOCKE Maximilian
7041,10009340878,VEN,28.06.1989,INACTIVE,MONSALVE Yonnatta
7042,10023543500,BRA,04.12.1999,INACTIVE,FELIPE HIPOLITO Wolfgang
7043,10010184374,GER,24.11.1998,INACTIVE,AMBROSIUS Carlos
7044,10053129308,BRA,12.02.1999,ACTIVE,MOLINA Igor Teodoro
7045,10052274492,DEN,01.03.1992,ACTIVE,GREVE Matias
7046,10010807194,LTU,15.05.1998,INACTIVE,STRAKŠYS Svajunas
7047,10010934409,JPN,27.07.1996,INACTIVE,TAKAHASHI Soichiro
7048,10009857002,COL,01.04.1994,INACTIVE,CASTRO ARISMENDI Wilmar Andres
7049,10011202167,JPN,25.11.1995,INACTIVE,SASAKI Shingo
7050,10071486253,BRA,14.09.1983,INACTIVE,RIBEIRO DIAS ROBSON
7051,10010784158,POR,14.05.1998,INACTIVE,SILVA Daniel
7052,10036586966,LTU,22.10.2000,INACTIVE,STANKEVIČIUS Dovydas
7053,10010773650,JPN,24.12.1994,INACTIVE,KANEDA Satoshi
7054,10009532454,JPN,20.07.1996,INACTIVE,NOMOTO Sora
7055,10009211344,IRI,20.10.1989,INACTIVE,EBRAHIMI Hamid
7056,10064741117,IRI,13.09.1996,INACTIVE,MORADI Mohammadamin
7057,10011154374,ESP,01.09.1998,INACTIVE,ALCARAZ MAIQUEZ Tomas
7058,10013688906,USA,21.08.1993,INACTIVE,WOODARD Luke
7059,10015391153,ESP,10.12.1998,ACTIVE,PEÑALVER ANIORTE Manuel
7060,10009667345,JPN,29.09.1995,ACTIVE,HIGUCHI Takaaki
7061,10071486556,BRA,13.11.1978,INACTIVE,FERREIRA FERNANDO ALISSON
7062,10010167095,GER,22.01.1997,INACTIVE,DENGLER Marc
7063,10023945947,GBR,12.11.2000,ACTIVE,BARTON Jack
7064,10011172158,MAR,14.07.1998,INACTIVE,KABBARI Mahmoud
7065,10015527963,AUS,10.12.1999,INACTIVE,BUCKELL Isaac
7066,10015146431,AUS,27.04.1999,INACTIVE,HART Riley
7067,10010700090,IRL,22.03.1997,INACTIVE,TALT Barry
7068,10009637235,ECU,04.03.1997,ACTIVE,NARVAEZ PRADO Jhonatan Manuel
7069,10023502777,CHI,08.01.1997,INACTIVE,PARRAGUEZ Miguel
7070,10007079970,BEL,30.04.1991,ACTIVE,THEUNS Edward
7071,10014016177,AZE,07.03.1998,INACTIVE,NAPERSTKOV Maksim
7072,10061260635,COL,14.10.1995,INACTIVE,TOBÓN Carlos
7073,10005897378,RSA,02.10.1970,INACTIVE,VAN WYK Martin
7074,10009987142,GER,12.05.1997,INACTIVE,AUER Tim
7075,10005961339,ITA,08.11.1989,INACTIVE,GAGGIA Marco
7076,10016282644,CRC,16.05.1999,INACTIVE,FLORES MUÑOZ Joehel
7077,10009629858,ESP,06.05.1993,INACTIVE,VAZQUEZ Angel de Julian
7078,10009027953,ITA,31.05.1995,INACTIVE,PESSOTTO Yuri
7079,10010675236,POR,10.02.1997,INACTIVE,SILVA MAGALHÃES Jorge Daniel
7080,10009501637,ITA,30.07.1996,INACTIVE,SARTORI Mirco
7081,10009067561,FIN,11.12.1996,INACTIVE,NIEMI Marco-Tapio
7082,10014432974,ITA,21.08.1997,INACTIVE,BALDO Mattia
7083,10011207625,BOL,23.12.1993,INACTIVE,RODRIGUEZ CUELLAR : Willam
7084,10002165003,CHI,09.06.1979,INACTIVE,CABRERA Juan Francisco
7085,10061348844,MEX,,INACTIVE,ARREOLA ESTRADA Marco Virgilio
7086,10015372662,GER,18.05.1989,INACTIVE,TOLLERT Markus
7087,10015972345,CUB,15.07.1998,INACTIVE,SOSA DEL SOL Frank
7088,10010962903,GER,22.01.1997,INACTIVE,BERAN Andy
7089,10016220707,USA,06.07.1993,INACTIVE,BAILEY Brad
7090,10014045984,UKR,25.05.1996,INACTIVE,ROGOZIN Kyrylo
7091,10015643656,POR,18.06.1998,INACTIVE,OLIVEIRA Tiago
7092,10006501307,MEX,16.02.1991,INACTIVE,JUAREZ GUTIERREZ Leonardo Daniel
7093,10007764125,FRA,05.05.1993,ACTIVE,MILLOUR Geoffrey
7094,10007052385,BEL,19.09.1991,ACTIVE,DE FAUW Ken Kiefer
7095,10014615759,CUB,01.02.1997,INACTIVE,SERRANO Ronald
7096,10018110789,GBR,11.02.1973,ACTIVE,KIERMAN Jason
7097,10011140735,NED,26.02.1998,ACTIVE,TULNER Rens
7098,10005826751,ESP,13.11.1979,INACTIVE,AZKUE Javier
7099,10009865688,ESP,03.02.1995,INACTIVE,CALMAESTRA LUQUE David
7100,10015145017,BRA,16.01.1997,INACTIVE,PIRES Raphael
7101,10010173462,CZE,27.01.1997,INACTIVE,KOTOUČEK Matej
7102,10015971739,CUB,05.12.1998,INACTIVE,ALVAREZ MONTAGNE Carlos
7103,10016209185,USA,13.09.1979,INACTIVE,MEYER Jeffrey
7104,10010179728,GER,02.04.1997,INACTIVE,SOMMERFELD Max
7105,10009730090,USA,31.07.1997,INACTIVE,HARTLEY Broderick
7106,10009485368,BEL,13.11.1991,ACTIVE,BUYLE Pieter
7107,10052786269,USA,13.10.1966,ACTIVE,BONSER David
7108,10023899164,GBR,13.01.1999,INACTIVE,HARTLEY Theo
7109,10010187711,ITA,01.01.1997,INACTIVE,AFFATICATI Lorenzo
7110,10010188317,ITA,06.09.1997,INACTIVE,PINAZZI Nicolas
7111,10009158905,RSA,29.01.1996,INACTIVE,WALKER Kyle
7112,10053242068,SEY,30.04.1998,ACTIVE,ERNESTA Mario Joseph
7113,10015265962,RUS,30.01.1998,INACTIVE,SHVEDOV Egor
7114,10061301556,TTO,12.09.1977,INACTIVE,POGSON Marc
7115,10012305644,CUB,17.12.1989,INACTIVE,VALDÉS LUACES Lázaro
7116,10015966685,ECU,06.03.1998,INACTIVE,SÁNCHEZ Joseph
7117,10015971537,CUB,08.06.1998,INACTIVE,RODRIGUEZ MORFA Alain
7118,10015972951,CUB,21.12.1997,INACTIVE,SAMON CABALLERO Joaquin
7119,10015973153,CUB,09.02.1998,INACTIVE,MORFA Jose Carlos
7120,10015063070,RUS,10.02.1997,INACTIVE,GRISHIN Maksim
7121,10016082176,MEX,31.10.1997,INACTIVE,BETANCOURT ALVARADO Efren Sebastian
7122,10061249218,MEX,20.10.1978,INACTIVE,VALENZUELA Christian
7123,10061349854,MEX,,INACTIVE,LOPEZ ROSAS Victor Manuel
7124,10061350056,MEX,,INACTIVE,SEGURA SOMERA Overath
7125,10061350157,MEX,,INACTIVE,IBARRA TRUJILLO Manuel David
7126,10011142957,BEL,15.08.1998,INACTIVE,NEVENS Tibo
7127,10008936411,ESP,27.03.1991,INACTIVE,BALLESTER Antonio
7128,10015386709,ESP,11.09.1994,INACTIVE,MARTINEZ PARICIO Francisco
7129,10006072180,GRE,15.09.1978,INACTIVE,ZALAGKITIS Georgios
7130,10008719876,GER,19.09.1994,INACTIVE,SOBALLA Carl
7131,10014681942,USA,11.01.1991,INACTIVE,DICENSO Christian
7132,10003048814,TTO,22.02.1964,INACTIVE,COSTA Guy
7133,10011206312,TTO,06.07.1982,INACTIVE,PHILLIPS Jarod
7134,10007229514,NZL,18.06.1993,INACTIVE,FRAME Alex
7135,10008660969,MAR,23.08.1995,INACTIVE,AOUIDA Abderrahim
7136,10009639356,MAR,23.01.1997,INACTIVE,CHOKRI El Mehdi
7137,10050196672,CHI,19.05.1995,INACTIVE,CORNEJO ALISTE Cristian Fabian
7138,10010182253,CHI,21.05.1997,INACTIVE,ESPINOZA Eduardo
7139,10008713715,ALG,20.11.1994,INACTIVE,SEGUOUINI Mohamed el Mahdi
7140,10002675059,TPE,21.09.1980,INACTIVE,LIU Chin Feng
7141,10008951161,VEN,21.11.1994,INACTIVE,MOLINA Carlos
7142,10005474420,ARG,06.10.1986,INACTIVE,CRESPO Marcos
7143,10049183832,CHI,06.10.1979,INACTIVE,MIRANDA FIGUEROA Gonzalo Savas
7144,10007407144,UKR,03.01.1985,INACTIVE,GOMENIUK Volodymyr
7145,10002442865,BEL,14.10.1984,ACTIVE,COCQUYT Nicky
7146,10007052486,BEL,16.04.1991,ACTIVE,VAN COPPERNOLLE Francesco
7147,10009671385,VEN,22.10.1996,INACTIVE,MINGUET Luis
7148,10006059652,COL,01.12.1972,INACTIVE,FIGUEREDO AGUDELO Duvan Enrique
7149,10003378210,KOR,17.10.1986,INACTIVE,LEE Wonjae
7150,10010746166,COL,03.01.1995,INACTIVE,SOSA CARDONA Miguel Angel
7151,10005969928,NED,28.06.1990,INACTIVE,VINGERLING Michael
7152,10010828214,MEX,21.05.1997,INACTIVE,PANALES CORTES Juan Fernando
7153,10005415816,COL,02.06.1984,INACTIVE,SALAS ATEHORTUA Jairo
7154,10010934106,JPN,24.01.1992,INACTIVE,KOSHIMIZU Yakuya
7155,10010639163,JPN,28.06.1994,INACTIVE,AONO Masahiro
7156,10010930668,USA,30.12.1994,INACTIVE,HAMMOND Jason
7157,10008961063,FRA,28.08.1994,INACTIVE,GRECO Thomas
7158,10004713978,CHI,26.01.1988,INACTIVE,SEISDEDOS Pablo
7159,10007846573,COL,06.02.1994,INACTIVE,SIERRA RUIZ Andres Sebastian
7160,10010820534,GUY,15.08.1996,INACTIVE,ANTHONY Michael
7161,10010820635,ARG,13.07.1975,ACTIVE,PAGLIARICCI Dario Javier
7162,10010643914,BAR,04.03.1996,ACTIVE,KELLY Joshua
7163,10010083233,FIN,15.04.1982,INACTIVE,KOISTINEN Sampo
7164,10005626384,USA,10.07.1981,INACTIVE,FINGERSON Earendel
7165,10006307711,VEN,18.04.1984,INACTIVE,CARMONA Neimanuel
7166,10010736264,IRL,20.06.1989,ACTIVE,TOBIN Colm
7167,10010195185,JPN,30.09.1994,INACTIVE,MASE Yuki
7168,10010736870,IRL,04.03.1987,INACTIVE,MACAODHA Nigel
7169,10010833163,MEX,26.09.1997,INACTIVE,GARCÍA SANCHEZ Jorge Ricardo
7170,10010745762,COL,24.03.1995,INACTIVE,CASTRO PARRA Johan Sebastian
7171,10009158703,RSA,05.09.1995,INACTIVE,HENDRICKS Marchall
7172,10010741621,KAZ,09.06.1997,INACTIVE,KOVAL Igor
7173,10009352905,COL,21.03.1990,INACTIVE,VARGAS CRUZ Juan David
7174,10009303593,IRL,08.12.1980,INACTIVE,CONNELL James
7175,10009592674,BRA,09.10.1997,INACTIVE,DE OLIVEIRA VARGAS Rafael
7176,10010588643,FIN,18.08.1982,INACTIVE,HIRVONEN Keijo
7177,10009212152,IRI,18.04.1996,INACTIVE,KHIZ Amir Sobh
7178,10009818202,KAZ,20.11.1996,ACTIVE,KUZMIN Anton
7179,10008735539,GRE,26.04.1993,INACTIVE,KARABINAKIS Panagiotis
7180,10010839631,COL,04.03.1990,INACTIVE,DE LA TORRE Kevin Gamboa
7181,10010586320,ESP,02.09.1994,INACTIVE,MORALES David
7182,10006885263,BRA,21.03.1991,INACTIVE,BIELINSKI KNAPP Mauricio
7183,10006843130,KAZ,07.12.1991,INACTIVE,ZAITSEV Nikolay
7184,10004625567,NED,26.04.1987,INACTIVE,SCHMIDT Yondi
7185,10007723002,BEL,02.01.1988,INACTIVE,DHOLLANDER Kristof
7186,10008942673,UKR,21.01.1991,INACTIVE,ANDRIICHUK Ievgenii
7187,10009693213,UKR,22.07.1992,INACTIVE,PYLYPIV Taras
7188,10011032520,NZL,06.03.1984,INACTIVE,WILSON Jamie
7189,10002998694,NZL,14.10.1982,INACTIVE,RYAN Marc
7190,10010099906,ARG,18.07.1995,ACTIVE,CIANCI Sebastián
7191,10009988657,EST,04.01.1997,INACTIVE,VAGA Kristo Enn
7192,10010091519,RUS,23.07.1996,INACTIVE,MEKSHEEV Aleksei
7193,10008970561,POR,12.08.1994,ACTIVE,BRITO Hugo
7194,10010660078,USA,02.12.1970,INACTIVE,BRENNAN Andrew
7195,10010861152,USA,11.07.1963,INACTIVE,DREES Paul
7196,10009332996,USA,11.07.1972,INACTIVE,BROWN Gary
7197,10010659977,USA,24.03.1971,INACTIVE,REIDER Cam
7198,10010690794,CUB,27.03.1996,INACTIVE,FERNÁNDEZ Lioni
7199,10010856506,CUB,06.07.1996,INACTIVE,CASTILLO MATOS Frander
7200,10010897023,USA,11.04.1955,INACTIVE,WINKEL PH.D. Glen
7201,10010820736,TTO,27.12.1996,INACTIVE,CHARLES-WALCOTT Kasim
7202,10010820837,TTO,13.10.1980,INACTIVE,SIMPSON Ashton
7203,10010821039,TTO,05.03.1972,INACTIVE,BALGOBIN Robindranath
7204,10008967733,NED,14.08.1994,ACTIVE,MENSINK Rick
7205,10007809288,AUS,18.07.1994,INACTIVE,MORGAN Alexander
7206,10007062893,AUT,11.04.1991,INACTIVE,IMREK Christopher
7207,10010681502,GRE,07.04.1985,ACTIVE,KOULOLIAS Georgios
7208,10006271133,POL,24.10.1991,INACTIVE,BARTKIEWICZ Andrzej
7209,10010173058,POL,09.04.1997,INACTIVE,KARASIEWICZ Kamil
7210,10002234620,IRL,27.06.1966,ACTIVE,PEELO David
7211,10007950041,ESP,19.05.1994,ACTIVE,JUNQUERA SAN MILLAN Luis
7212,10010584300,IRL,06.09.1993,INACTIVE,CAMPBELL GROGAN Ross
7213,10061264877,ESP,21.06.1996,INACTIVE,ROMERO Víctor Manuel
7214,10005885557,MEX,13.09.1989,INACTIVE,YEPEZ ARELLANO Diego Johnathan
7215,10007808177,MEX,02.11.1989,INACTIVE,HORTA CASTRO Rogelio
7216,10009689068,MEX,09.12.1996,INACTIVE,VILLEGAS NULÑEZ Jose Miguel
7217,10010926527,USA,05.11.1976,INACTIVE,LOBATO Bryan
7218,10005527364,VEN,21.08.1987,INACTIVE,NIEVES Enrique
7219,10009228421,VEN,05.12.1996,INACTIVE,YUSTIZ Jose
7220,10010919857,VEN,08.03.1992,INACTIVE,GOMEZ Miguel
7221,10010816591,BRA,22.03.1996,INACTIVE,MATHHEUS Jorge
7222,10010838520,TTO,27.03.1980,INACTIVE,BRAITHWAITE Kenverne
7223,10010838621,TTO,23.08.1980,ACTIVE,CHAPMAN Bronson
7224,10009253376,JPN,08.06.1994,INACTIVE,KOBAYASHI Kazuki
7225,10009531242,JPN,10.09.1996,INACTIVE,SHIMIZU Hayato
7226,10010639668,JPN,22.06.1996,INACTIVE,SAITO Ryota
7227,10010639769,JPN,13.02.1996,INACTIVE,HAYAKAWA Yukiya
7228,10010676145,JPN,16.05.1997,INACTIVE,ONO Kotaro
7229,10010676549,JPN,06.04.1993,INACTIVE,KUBO Tsubasa
7230,10010689279,JPN,25.11.1997,INACTIVE,NAGAHASHI Yuya
7231,10010934813,JPN,11.09.1971,INACTIVE,SHIMIZU Yoichi
7232,10010935419,JPN,12.06.1977,ACTIVE,YAMADA Takashi
7233,10061405630,JPN,27.06.1973,INACTIVE,ZENBA Akira
7234,10009164056,ITA,25.07.1996,ACTIVE,GANNA Filippo
7235,10065356257,COL,27.09.2000,ACTIVE,BARBOZA NADER Juan Manuel
7236,10085846394,CHN,23.12.2000,ACTIVE,ZHANG Haiao
7237,10051964803,NED,26.01.1990,ACTIVE,MEGENS Brian
7238,10052570344,IRI,06.06.2000,ACTIVE,ALIYARI Aidin
7239,10036143392,USA,19.04.2002,ACTIVE,SHEFFIELD Magnus
7240,10036120962,DEN,31.03.2005,ACTIVE,STORM Theodor
7241,10090353460,PAK,12.11.2001,ACTIVE,SHARIF Muhammad
7242,10010130218,USA,26.02.1998,ACTIVE,JOHNSON Anders
7243,10066000905,ARG,06.11.1992,ACTIVE,BUCHANAN Franco
7244,10097862573,PER,08.06.2004,INACTIVE,CASTRO QUISPE Axel
7245,10036589087,LTU,09.11.2001,INACTIVE,RAUGALA Gustas
7246,10049073391,ECU,14.12.1997,ACTIVE,PUENTESTAR VASQUEZ Stalyn Wladimir
7247,10130394252,NED,17.06.1985,ACTIVE,BEILO Cesar
7248,10020071102,NOR,21.08.1998,ACTIVE,ELLINGSEN Christoffer
7249,10077005755,VEN,14.02.1997,ACTIVE,TORRES Edwin Yair
7250,10016784923,IRL,15.08.1998,ACTIVE,LANDERS Sean
7251,10130136190,CRC,14.09.2003,INACTIVE,CASTRO CHAVES Daniel
7252,10010996144,IND,07.04.1986,INACTIVE,JOHN Naveen
7253,10009895394,INA,29.11.1996,ACTIVE,SETIAWAN Odie Purnomo
7254,10097163163,IRL,01.10.1992,ACTIVE,PHELAN Michael
7255,10045822780,FIN,22.10.1975,INACTIVE,KETTUNEN Juha
7256,10119469527,ECU,12.09.2003,ACTIVE,MONTEROS ROMERO Luis
7257,10050444428,IND,12.02.2001,INACTIVE,DAR Bilal
7258,10006999239,NOR,27.11.1977,ACTIVE,ELLINGSEN Jone
7259,10079996991,MAS,31.10.2000,INACTIVE,HASMI Muhammad Asyrul Syafiq
7260,10064275820,ECU,15.08.2003,ACTIVE,VITERI PAREDES Javier
7261,10062667034,MAS,08.09.1999,INACTIVE,MOHD HATA Mohamad Faiz
7262,10107635022,THA,19.04.2003,ACTIVE,MANIAM Sekarnan
7263,10034787214,SUI,18.05.2004,ACTIVE,OBRIST Noah
7264,10010828416,ECU,05.01.1998,ACTIVE,HARO CRIOLLO Wilson Steven
7265,10050712691,IND,09.02.1999,INACTIVE,RAM Birma
7266,10016202317,USA,24.01.1975,INACTIVE,PHILLIPS Dean
7267,10005675692,AZE,12.02.1987,INACTIVE,ASADOV Elchin
7268,10083992987,GBR,09.06.1999,ACTIVE,GARRY Sebastian
7269,10082957818,JPN,01.11.2001,ACTIVE,YAMADA Takumi
7270,10117388875,FRA,01.03.2003,ACTIVE,ROBIN Dimas
7271,10054150838,COL,10.07.2002,INACTIVE,MANCIPE PUIN Andres Libardo
7272,10083975712,GRE,27.05.2000,ACTIVE,KOLETAS Panagiotis
7273,10050585682,IND,21.07.2002,INACTIVE,V R Adharsh
7274,10097451840,JPN,30.10.2002,INACTIVE,TAKESHITA Hiroto
7275,10093142717,MAS,24.04.2001,INACTIVE,ISMAIL Muhamad Firas Aliyan
7276,10008683100,TUR,29.01.1994,ACTIVE,SAMLI Feritcan
7277,10137037540,POL,22.06.1994,ACTIVE,BODNAR Maciej
7278,10016323464,IND,05.09.1999,INACTIVE,BATI Raju
7279,10105199009,COL,27.12.1992,ACTIVE,DEL RISCO SALGUEIDO Dario Jose
7280,10011002208,UAE,02.11.1994,ACTIVE,ALNAQBI Waleed
7281,10066831364,FRA,20.03.2001,ACTIVE,CORVAISIER Antonin
7282,10114489989,COL,26.04.2002,ACTIVE,POSSO CASTELLAR Eduardo
7283,10008520927,POR,05.11.1979,ACTIVE,PINÃO Telmo
7284,10016242834,FRA,22.08.1998,ACTIVE,DRANSART Maxime
7285,10074586415,FRA,09.07.2003,ACTIVE,STOLARZ Florian
7286,10060749767,SLO,19.11.1997,INACTIVE,ŽUMER Matic
7287,10085061405,INA,19.12.2002,INACTIVE,HEFNAR Ilham Sultansyah
7288,10078824911,INA,10.09.2000,INACTIVE,SETRA Qoris Mayu Iswandi
7289,10015332246,SLO,02.08.1999,ACTIVE,ČEMAŽAR Nik
7290,10017629025,SLO,03.05.1999,INACTIVE,HOČEVAR Kristjan
7291,10093538090,TTO,15.02.1976,ACTIVE,GEORGE Kirtson
7292,10080080554,INA,29.01.1995,INACTIVE,KRISTIAWAN Stevanus
7293,10082545970,INA,21.03.1995,INACTIVE,REIHAN Mohammad
7294,10096318253,INA,01.07.2000,INACTIVE,IKHSAN Nur
7295,10115010860,IND,07.07.2000,INACTIVE,BHAGIRATH Bhagirath
7296,10120781249,INA,19.09.1996,INACTIVE,FADILAH S Mufti
7297,10092878894,INA,27.07.2001,INACTIVE,MAULANA Muhamad
7298,10023235019,NED,19.01.2003,INACTIVE,MEINEMA Lennard
7299,10120703447,INA,26.03.2000,INACTIVE,TORISZ Haritz
7300,10003726396,NZL,13.05.1983,ACTIVE,HADEN Glenn
7301,10096750208,NED,07.05.2003,ACTIVE,BUUR Hidde
7302,10123469866,IND,16.01.1999,INACTIVE,SINGH Ratan
7303,10053564592,CHI,16.10.1954,ACTIVE,BERNALES VERA Pedro
7304,10114912446,IND,05.12.1999,INACTIVE,ROHIT Rohit
7305,10064294311,GBR,17.07.2002,ACTIVE,DAY Thomas
7306,10096553275,INA,11.12.2002,INACTIVE,PRIATNA Arvan Denia
7307,10123469967,IND,03.12.1996,INACTIVE,GOUTAM Alok Kumar
7308,10123470068,IND,08.07.2002,INACTIVE,MEITEI Konthoujam Runabas
7309,10084013195,INA,19.02.2001,INACTIVE,GUNAWAN Muhammad Ihsan
7310,10086778002,INA,29.01.2000,INACTIVE,ANDI Andi
7311,10048858880,ECU,03.12.2000,ACTIVE,LOPEZ GRANIZO Harold Martin
7312,10016178065,MAR,15.02.1995,ACTIVE,EL ARBAOUI Adil
7313,10062662990,ARG,26.06.2002,ACTIVE,DUNDIC Lukas
7314,10007388350,URU,20.06.1990,ACTIVE,ASCONEGUY DÍAZ Roderyck
7315,10113649224,URU,10.12.2001,ACTIVE,WEICKERT ALTESOR Ivo
7316,10083861130,DOM,17.06.2001,ACTIVE,GOMEZ TORRES Emilio
7317,10016027111,IRL,03.02.1997,ACTIVE,MC DUNPHY Conn
7318,10009738275,GRE,04.07.1997,INACTIVE,KASSIDIS Aimilianos
7319,10109632010,CRC,13.03.1999,INACTIVE,AGUILAR CAMACHO Roger
7320,10107557725,FIN,08.06.1982,INACTIVE,KOISTINEN Tatu-Matti
7321,10035348905,COL,16.12.1998,INACTIVE,TORRES PEREZ Camilo Antonio
7322,10041027647,ESP,29.01.2001,ACTIVE,POLO ORTUÑO Alvaro
7323,10097407885,THA,26.11.2001,ACTIVE,JANTHON Parit
7324,10047307991,CZE,28.01.2001,INACTIVE,KOMÍNEK Luboš
7325,10021406163,JPN,16.01.1988,INACTIVE,WATANABE Masamitsu
7326,10010196094,IRI,31.12.1991,INACTIVE,MOSTAFAVI Seyedmousa
7327,10096485981,FIN,07.04.1974,INACTIVE,NURMINEN Ilkka
7328,10011415163,FRA,16.03.1988,ACTIVE,LE CUNFF Kevin
7329,10114945081,IND,03.08.2000,Inactive,BOORA Vijay
7330,10096874991,UZB,28.08.2002,INACTIVE,KHARLAMOV Anatoliy
7331,10008977635,IRI,13.09.1994,INACTIVE,ZOHRI Alireza
7332,10058818255,POL,26.09.2002,INACTIVE,MODZELEWSKI Jan
7333,10058821184,USA,30.04.1991,INACTIVE,QADADO George
7334,10050585379,IND,18.07.2001,INACTIVE,R J Sujith
7335,10015794412,BUL,16.01.1999,Active,KOSTOV Yoan
7336,10050535869,IND,02.07.2001,INACTIVE,GADAD Vishwanath
7337,10021042011,JPN,22.05.1996,ACTIVE,KAZAMA Shoma
7338,10120544005,IRI,01.01.2000,ACTIVE,AZIZI Mohammad
7339,10079044270,IRI,12.12.1980,INACTIVE,POURHEMMATI Masoud
7340,10052886808,BUL,23.11.1967,ACTIVE,MINCHEV Dobromir
7341,10025170369,FRA,05.01.1963,ACTIVE,MONTIER Pascal
7342,10111754387,BUL,08.07.1985,ACTIVE,TSOTSAKOV Vladimir
7343,10050618220,IND,18.09.2001,INACTIVE,ANGRE Onkar
7344,10002461659,BUL,19.08.1979,ACTIVE,STAMBOLIYSKI Nikolay
7345,10050731687,IND,04.02.1998,INACTIVE,KUMAR Sunny
7346,10064295523,BLR,25.11.2001,INACTIVE,MARACHYNSKI Maksim
7347,10035361130,COL,19.06.2000,ACTIVE,ARROYAVE CAÑAS Daniel
7348,10006468870,GBR,20.11.1990,ACTIVE,CHRISTIAN Mark
7349,10089837643,CHN,06.10.2000,INACTIVE,GUO Huangchen
7350,10096589045,AUS,24.02.1995,INACTIVE,MOORE Harley
7351,10062122319,ARG,26.05.2000,INACTIVE,SANCHEZ ORDOÑEZ Santiago Jose
7352,10006600428,IRL,18.01.1991,ACTIVE,CHRISTIE Marcus
7353,10008653996,NED,02.12.1993,ACTIVE,BOUWMAN Koen
7354,10007897396,MEX,17.11.1993,Inactive,BADILLA LOPEZ Daniel
7355,10010100209,THA,10.11.1996,ACTIVE,TANGPRASERT Chirapon
7356,10028363184,FRA,25.12.1989,INACTIVE,WILD Damien
7357,10023346466,NED,22.12.2001,INACTIVE,KROON Joris
7358,10063375336,ROU,02.09.1999,ACTIVE,COJANU Andrei
7359,10014617375,ARG,28.01.1997,ACTIVE,FERNÁNDEZ ABAYAY Emiliano Adrian
7360,10015595762,USA,11.11.1991,ACTIVE,MASON James Brock
7361,10009671789,VEN,28.03.1997,ACTIVE,VILLEGAS Jesus
7362,10087834086,AUS,14.05.1984,INACTIVE,NORTON Bradley
7363,10061709966,ROU,15.09.2000,INACTIVE,JITARU Ciprian Ioan
7364,10008880938,ARG,23.08.1990,ACTIVE,ROSAS Laureano
7365,10036110050,KAZ,06.04.1999,INACTIVE,FILATOV Yuriy
7366,10011232580,IRI,30.12.1997,INACTIVE,JAFARZADEH Morteza
7367,10083931353,USA,28.07.1980,INACTIVE,RAPP Jordan
7368,10035417613,COL,05.02.1998,INACTIVE,ROA COLORADO Jhon Erik
7369,10021493665,JPN,05.10.2000,INACTIVE,MATSUYAMA Sakito
7370,10060471602,CAN,02.03.1983,INACTIVE,LUSSIER Benoit
7371,10074822144,ESP,12.03.2000,INACTIVE,DALMAU I AREGALL Sergi
7372,10084276513,USA,04.09.1988,INACTIVE,HOVLAND Benjamin
7373,10005795227,USA,15.12.1980,INACTIVE,MACOM Jason
7374,10055722642,BLR,01.05.2001,INACTIVE,ZHUKOVICH Uladzislau
7375,10060012870,BLR,19.02.2002,ACTIVE,SYCHUHOU Aliaksandr
7376,10011136994,IRI,13.01.1999,INACTIVE,JAMAHISIAN GHALEHSEFIDI Amirhossein
7377,10048854941,ECU,24.08.2000,INACTIVE,GUZMAN ILLESCAS Kenneth Eduardo
7378,10009225286,PER,16.02.1996,INACTIVE,GÁRATE GUARNÍZ César Enrique
7379,10015971941,CUB,01.06.1999,INACTIVE,PÉREZ TRUJILLO Cristián
7380,10064358268,MAS,07.05.1999,INACTIVE,MOHD ZARIFF Muhammad Nur Aimin
7381,10050716432,IND,12.07.1993,INACTIVE,HARISH Harish
7382,10021860144,NZL,13.02.1986,INACTIVE,BOND Hamish
7383,10004707009,FIN,13.01.1982,INACTIVE,MARTIKAINEN Tommi Petteri
7384,10080933649,TTO,24.01.1981,INACTIVE,CARVALHO Marcus
7385,10017730267,RSA,12.12.1998,ACTIVE,MUNTON Byron
7386,10084791017,NEP,09.07.1992,INACTIVE,MAHARJAN Alin
7387,10007124733,BRA,23.06.1985,ACTIVE,DO NASCIMENTO Rodrigo
7388,10060875766,INA,22.05.1998,INACTIVE,KURNIAWAN Maulana Fahrizal
7389,10084477987,HUN,21.04.1989,ACTIVE,BARANYAI György
7390,10050431492,MEX,30.10.1997,INACTIVE,MANZANO CHAVEZ Hector Humberto
7391,10046072859,SVK,24.03.1999,INACTIVE,BERDIS Richard
7392,10009992293,FRA,09.03.1997,INACTIVE,DENDIEVEL Cyril
7393,10018937818,GBR,31.05.1989,ACTIVE,DAVIDSON Jamie
7394,10010805477,POR,30.05.1986,INACTIVE,PACHECO David
7395,10009700283,INA,27.09.1986,ACTIVE,WARSENO Warseno
7396,10012780035,FRA,25.04.1990,ACTIVE,MOULIN Aurelien
7397,10007397444,NED,11.02.1985,ACTIVE,ABRAHAM GEBRU Daniel
7398,10044202678,POR,31.05.2000,ACTIVE,ANDRADE Pedro
7399,10082672373,JPN,13.03.1997,ACTIVE,FUJITA Ryohei
7400,10013907861,INA,26.01.1994,INACTIVE,IRAWAN Jefri
7401,10010736163,IRL,31.07.1981,INACTIVE,O'SULLIVAN Daire
7402,10012730828,NED,09.03.1985,INACTIVE,VAN DE POL Martin
7403,10007517985,FIN,08.09.1992,INACTIVE,MYLLYMÄKI Mikael
7404,10007079566,BEL,21.01.1992,INACTIVE,VAN MEIRHAEGHE Jef
7405,10007998339,BRA,28.03.1982,INACTIVE,RODRIGUES DA SILVA Sidinei
7406,10045970607,USA,20.04.1961,INACTIVE,METCALFE Kevin
7407,10020944607,JPN,22.01.1981,ACTIVE,KISHIMOTO Iori
7408,10023855718,GBR,07.05.1998,INACTIVE,STATHAM Christopher
7409,10063952080,IRI,01.12.1999,INACTIVE,MAZDAB Parsa
7410,10068246756,IRI,15.01.1992,INACTIVE,GHASEMI Alireza
7411,10064297543,BLR,24.12.2000,INACTIVE,DUBKO Danil
7412,10068246857,IRI,20.04.1977,INACTIVE,KARIMI Akbar
7413,10038897586,ESP,29.01.1976,ACTIVE,URTIAGA SANZ Ibon
7414,10034894722,UKR,14.06.2000,INACTIVE,ODNOROH Denys
7415,10066470444,USA,12.04.1981,INACTIVE,BAKER Chris
7416,10006656002,GER,15.02.1991,ACTIVE,MAYER Yannick
7417,10084276614,USA,18.01.1996,INACTIVE,SCHOENBRUNNER Max
7418,10076572689,CAN,19.07.1976,INACTIVE,OLSON Ryan
7419,10084276715,USA,01.02.1988,INACTIVE,HEDRICK Carson
7420,10078907157,USA,18.08.1968,INACTIVE,DENISON Thomas
7421,10084276816,USA,06.06.1966,ACTIVE,PIERCE Dana
7422,10052359166,GBR,04.03.1995,ACTIVE,TREMLETT Sebastian
7423,10018983385,GBR,09.11.1988,ACTIVE,GELATI Thomas
7424,10022002513,NZL,14.01.1980,INACTIVE,SCARLETT Rob
7425,10008002278,ALG,10.02.1991,INACTIVE,HADJ-BOUZID Abderrahmane Karim
7426,10014250795,NZL,04.03.1994,INACTIVE,ATKINS Toby
7427,10008019153,USA,25.03.1995,INACTIVE,OWEN Logan
7428,10006808673,RUS,15.04.1991,INACTIVE,SMIRNOV Ivan
7429,10054589863,KSA,26.01.1988,Inactive,ALHABRATI Ayman
7430,10011462653,DOM,23.07.1990,ACTIVE,GARCÍA Geovanny
7431,10010087172,IRL,13.01.1988,INACTIVE,RICHARDSON Ian
7432,10015853117,USA,16.10.1991,ACTIVE,PIPER Cameron
7433,10009200129,IRI,15.02.1987,INACTIVE,MASHHADI TAFRESHI Saleh
7434,10015084591,KAZ,04.06.1998,ACTIVE,PRONSKIY Vadim
7435,10006693283,INA,11.04.1987,INACTIVE,MANULANG Robin
7436,10011106682,IRI,08.05.1996,INACTIVE,FARSHI SOBHKHIZ Amir
7437,10063593988,KAZ,05.02.1998,INACTIVE,BYKOV Ilya
7438,10059042567,RUS,11.01.1998,INACTIVE,MALKOV Alexey
7439,10054046057,KOR,18.08.1998,INACTIVE,BYEON Hwiam
7440,10060815243,CZE,17.12.1993,INACTIVE,ŠTĚRBÁK Adam
7441,10004488959,KAZ,26.02.1987,ACTIVE,SHUSHEMOIN Alexandr
7442,10006156955,CAN,28.02.1984,INACTIVE,BOX Erik
7443,10020860741,JPN,29.08.1996,INACTIVE,INOUE Koichiro
7444,10011267845,IRL,08.05.1975,ACTIVE,FORDE Nigel
7445,10023466405,KAZ,31.05.1999,INACTIVE,KHARCHENKO Anton
7446,10021314217,JPN,29.04.1998,INACTIVE,NISHITOMI Masaki
7447,10016208579,USA,29.09.1987,INACTIVE,SHEAN Ryan
7448,10021151842,JPN,19.05.1995,INACTIVE,HIRAYAMA Daiki
7449,10021553077,JPN,03.01.1998,INACTIVE,TAKAI Hisanari
7450,10007766953,GBR,01.08.1980,ACTIVE,WILSON Simon
7451,10064190540,JPN,02.10.1996,INACTIVE,OKANO Ryo
7452,10005873534,GBR,11.05.1981,ACTIVE,FRIEL Robert
7453,10020970269,JPN,11.10.1996,INACTIVE,NISHIBE Mao
7454,10019321774,GBR,17.09.1980,INACTIVE,RENWICK Wilson
7455,10021162249,JPN,07.09.1998,INACTIVE,NAKAGAWA Ryo
7456,10021486187,JPN,17.06.1997,INACTIVE,MORI Tatsuya
7457,10009367453,GBR,03.09.1978,Active,GILDEA Jonathan
7458,10010862768,GER,12.06.1998,INACTIVE,OTTERBEIN René
7459,10064647248,USA,01.07.1979,INACTIVE,RESELLA Ryan
7460,10010855900,GER,08.06.1998,INACTIVE,IMBERY Felix
7461,10018595789,GBR,09.03.1975,ACTIVE,WEST Robert
7462,10061647423,GBR,16.02.1985,INACTIVE,DAVIES Ryan
7463,10060921135,GBR,20.11.1981,INACTIVE,RYVES Ian
7464,10050563555,GBR,21.07.1978,ACTIVE,WOODHOUSE David
7465,10012755581,GBR,18.03.1985,ACTIVE,DISLEY B Xavier
7466,10019119892,GBR,17.12.1986,INACTIVE,LEEK Alex
7467,10018838390,GBR,15.08.1994,INACTIVE,WELLS Rory
7468,10050677531,CHI,22.02.1992,ACTIVE,BRAVO MANSILLA Edison
7469,10009979866,SEY,03.05.1996,INACTIVE,LARUE Xerxes
7470,10009369170,SVK,08.09.1986,INACTIVE,METELKA Jozef
7471,10008611863,MEX,18.08.1995,INACTIVE,DIAZ SALAZAR Rodrigo
7472,10015907374,FRA,14.07.1996,INACTIVE,BACHELOT Loïc
7473,10013497532,FIN,31.03.1963,ACTIVE,PAJANNE Kari
7474,10050431900,MEX,26.02.1999,INACTIVE,MIER Y TERAN CHAMBON Carlos
7475,10013896242,BEL,28.11.1996,ACTIVE,SEYE Guillaume
7476,10006897791,GRE,31.10.1991,INACTIVE,PAPADEROS Alexandros
7477,10014676282,FRA,17.07.1997,INACTIVE,HERVE Raphaël
7478,10006661961,IRL,26.04.1979,ACTIVE,ENRIGHT Gareth
7479,10011189134,TTO,03.09.1994,INACTIVE,REECE Kamau
7480,10061349551,MEX,,INACTIVE,ROMERO SANCHEZ Raul Emilio
7481,10061350864,MEX,,INACTIVE,PENA MATA Abraham Randal
7482,10015409341,ITA,21.02.1997,INACTIVE,MORO Simone
7483,10015304358,BRA,04.12.1995,INACTIVE,SARTORI Flávio
7484,10007351368,AUS,12.01.1992,INACTIVE,LOVELOCK-FAY Mitchell
7485,10014576151,BRA,06.05.1984,INACTIVE,WAIANDT DA SILVA Tiago
7486,10007331463,GRE,01.04.1991,ACTIVE,MOLLA AMET ALI OGLOU Charoun
7487,10016202519,USA,15.04.1986,INACTIVE,GRAF Ryon
7488,10061349046,MEX,,INACTIVE,MENDEZ GALICIA Gerardo
7489,10015280413,NZL,18.02.1997,INACTIVE,CANNINGS Cory
7490,10061350965,MEX,,INACTIVE,PEDROZA FLORES Ricardo
7491,10012747905,NZL,12.07.1992,ACTIVE,FURMINGER Steve
7492,10016202721,USA,17.04.1991,INACTIVE,BADIR Kaan
7493,10023459735,KAZ,05.02.1998,Inactive,BUKOV Ilya
7494,10016202923,USA,23.03.1995,INACTIVE,STOCKTON William
7495,10015103486,IRI,12.03.1994,INACTIVE,DARBANDI Maysam
7496,10023459836,KAZ,06.03.1998,INACTIVE,ZHAKSYLYKOV Adlet
7497,10014674363,UKR,20.12.1997,INACTIVE,MALYNIVSKYI Mykhailo
7498,10010178213,GER,25.07.1997,ACTIVE,MAGDEBURG Tobias
7499,10014590093,GER,19.06.1997,ACTIVE,ECHTERMANN Leon
7500,10010871862,IRI,26.06.1989,INACTIVE,KHOSHNAVAZ Ahmad
7501,10011219244,KAZ,28.12.1998,INACTIVE,ZHAILYBAY Damir
7502,10009682301,IRI,09.10.1997,INACTIVE,BEYRAGH HENDI Sajad
7503,10007222440,GBR,21.09.1987,ACTIVE,BREARLEY John
7504,10003234831,BEL,02.08.1987,ACTIVE,DUFRASNE Jonathan
7505,10006291442,AUS,17.08.1991,ACTIVE,HEPBURN Michael
7506,10009639255,MAR,01.01.1996,INACTIVE,ZAHIRI Abderrahim
7507,10008664508,SUI,17.01.1994,ACTIVE,BOHLI Tom
7508,10009688462,ECU,01.03.1996,INACTIVE,JARAMILLO Adrián
7509,10009854069,GBR,17.01.1995,INACTIVE,KELLY Jake
7510,10006209701,TPE,31.03.1986,INACTIVE,CHEN Li Wei
7511,10009418276,FIN,15.10.1981,INACTIVE,NUMMIKKO Jussi
7512,10009403728,ARG,19.05.1978,ACTIVE,MERLOS Juan Dario
7513,10004635267,POL,13.06.1988,INACTIVE,KRYSZTOFIK Tomasz
7514,10074404034,VEN,23.11.1994,ACTIVE,MORA RAMIREZ Luis Guillermo
7515,10010941479,AUT,22.03.1989,INACTIVE,WARINGER Gabriel
7516,10002496924,UKR,06.01.1983,INACTIVE,DIUDIA Volodymyr
7517,10010590663,FIN,16.03.1971,INACTIVE,PASANEN Santtu
7518,10003097314,FRA,20.08.1986,ACTIVE,GAUDIN Damien
7519,10008672083,IRL,26.01.1995,ACTIVE,FALLON Thomas
7520,10010102330,ITA,06.06.1997,INACTIVE,CRISTOFALETTI Mattia
7521,10011044644,POL,24.10.1994,INACTIVE,MIAZGA Jerzy
7522,10010843065,TTO,30.12.1984,ACTIVE,SCOTT Marlon
7523,10010726362,VEN,03.12.1992,INACTIVE,PEREZ Pierangel
7524,10009816279,KOR,10.10.1996,INACTIVE,JOO Daeyeong
7525,10007900531,JPN,27.03.1994,INACTIVE,TAKASHI Takuya
7526,10009670274,VEN,02.06.1997,INACTIVE,CASTELLANO Edwin
7527,10010100815,KOR,19.10.1994,INACTIVE,LEE Jinwoo
7528,10009451016,GRE,25.07.1997,INACTIVE,VASILANTONAKIS Stefanos
7529,10002671928,GRE,06.07.1978,ACTIVE,CHALKIOPOULOS Pavlos
7530,10010875401,VEN,24.12.1985,INACTIVE,BELLO Socrates
7531,10009330370,USA,17.07.1993,INACTIVE,CELENTANO Gregory
7532,10009669567,VEN,15.04.1997,INACTIVE,CASTRO Daniel
7533,10010871660,IRI,10.06.1991,INACTIVE,SAFAEI Davoud
7534,10009378769,KOR,27.08.1995,INACTIVE,CHOE Junghwan
7535,10009049676,BLR,08.06.1995,INACTIVE,BARKUN Dzianis
7536,10010108491,KOR,14.04.1996,INACTIVE,OH Hyeonjoon
7537,10010681401,GRE,31.05.1984,ACTIVE,TRIANTAFYLLOU Andreas
7538,10061260130,ESP,05.07.1994,INACTIVE,SÁNCHEZ Germán
7539,10009252770,JPN,19.04.1985,INACTIVE,OKAJIMA Noboru
7540,10007894063,RSA,22.06.1994,INACTIVE,NEL Dirk
7541,10010088889,IRI,04.08.1995,INACTIVE,ZARINY FAR Mostafa
7542,10010823665,RSA,28.10.1987,INACTIVE,KAMALDIEN Rafiq
7543,10009717764,BLR,29.07.1996,INACTIVE,SANDU Konstantin
7544,10010094549,GER,19.03.1979,ACTIVE,HEINOWSKY Enrico
7545,10009680984,IRI,20.09.1985,INACTIVE,KAVOUSI Jasem
7546,10010174270,SWE,10.08.1996,INACTIVE,LARSSON Albin
7547,10010094347,RUS,11.12.1988,INACTIVE,SERYAEV Evgeny
7548,10010663617,IRL,29.07.1981,ACTIVE,SHEEHAN Gary
7549,10097304118,CHN,31.01.2001,INACTIVE,HU Haojun
7550,10063788796,DOM,19.06.2002,ACTIVE,GONZALEZ RODRIGUEZ Jose Junior
7551,10136187576,CHN,04.01.2004,INACTIVE,WANG Jinwei
7552,10136223750,CHN,20.02.2004,INACTIVE,MEI Yuxin
7553,10041873870,ESP,15.10.2005,ACTIVE,BARROS CALVO Arturo
7554,10119338373,ISR,19.03.2005,ACTIVE,RITZ Yahli
7555,10030436560,ITA,22.05.2005,ACTIVE,SALVADEO Alessio Luca
7556,10136187273,CHN,13.06.2004,INACTIVE,CHEN Yu
7557,10136187374,CHN,05.09.2004,INACTIVE,LIU Yuhao
7558,10021956538,NZL,20.08.2001,ACTIVE,SOMERVELL Tait
7559,10048545753,GER,09.09.2005,ACTIVE,KESSLER Bruno
7560,10064571567,GER,30.01.2004,ACTIVE,JOCHUM Ben Felix
7561,10121685066,BRA,07.09.2003,INACTIVE,RODRIGUES SILVA Luan Carlos
7562,10084439793,KOR,03.01.2001,INACTIVE,LEE Jeonghoon
7563,10097464974,CHN,27.03.2001,INACTIVE,YU Yuanfeng
7564,10046259381,DEN,18.05.2003,ACTIVE,SØRENSEN Frederik
7565,10014661431,CHN,23.02.1997,INACTIVE,LUO Yilun
7566,10051158386,PAR,14.07.2000,ACTIVE,MAIDANA ORTIZ David Alexander
7567,10079475417,PAR,23.12.2003,Active,ZACHAR PERALTA Bruno
7568,10048319522,DEN,13.03.2003,ACTIVE,WANG Gustav
7569,10045891993,GER,19.01.2005,ACTIVE,REIBSCH Jonas
7570,10062245385,GER,19.08.2005,ACTIVE,ARENZ Leon
7571,10105984103,CHN,13.01.2001,INACTIVE,JIA Zhuoxin
7572,10063078878,INA,28.06.2000,INACTIVE,MAULANA Kevin Dani
7573,10049097845,CAN,09.02.2002,INACTIVE,HOGAN Matthew
7574,10053240149,MAS,05.11.2002,INACTIVE,ZURAINI Mohd Iqbal
7575,10023053648,NED,11.09.2004,ACTIVE,NEELE Maurits
7576,10023345355,NED,06.10.2004,ACTIVE,DINGEMANS Marijn
7577,10140372926,BRA,12.05.1980,ACTIVE,FREITAS TENORIO Fabio Jose
7578,10005999937,USA,05.05.1989,ACTIVE,WIESELER Alex
7579,10021596224,JPN,18.11.1999,INACTIVE,NISHIHARA Yutaro
7580,10023269775,NED,24.05.2002,INACTIVE,VAN STRATEN Xander
7581,10119893394,BRA,30.05.2004,INACTIVE,MADEIRA BRESOLIN Jaisson
7582,10119895620,BRA,01.09.2004,INACTIVE,BATISTA MAZUREK Gustavo Vinicius
7583,10122225943,USA,26.10.1989,INACTIVE,BATORY Craig
7584,10047280309,CZE,24.03.2005,ACTIVE,KOBR Richard
7585,10047280410,CZE,24.03.2005,ACTIVE,KOBR Robert
7586,10036180374,GER,27.06.2003,ACTIVE,RUHE Robin
7587,10050165350,DEN,10.07.2004,ACTIVE,LOWTH William
7588,10055144379,DEN,15.11.2004,ACTIVE,CHRISTOFFERSEN Erik
7589,10119080315,USA,29.07.1974,INACTIVE,KOESEL David
7590,10023365765,NED,02.10.2004,ACTIVE,DUBA Maxime
7591,10107664930,NED,30.11.2004,ACTIVE,HART Justin
7592,10009000772,USA,17.07.1995,ACTIVE,GILLOTT Owen
7593,10030546189,ITA,14.06.2005,ACTIVE,FIORIN Matteo
7594,10002603119,USA,20.02.1978,ACTIVE,CRATER Andrew
7595,10008657939,USA,11.10.1987,ACTIVE,UBERTI Christopher
7596,10036399838,GER,30.04.2005,ACTIVE,LEHMEIER Tom Luis
7597,10022843177,NED,28.06.2004,ACTIVE,MEIJERS Sal
7598,10096371706,NED,24.01.2004,ACTIVE,RAADGERS Ravi
7599,10071865159,USA,06.07.2004,ACTIVE,CRISMON Benjamin
7600,10119336454,USA,13.03.2004,ACTIVE,LEARY Brendan
7601,10036389431,GER,20.05.2005,ACTIVE,LEU Richard
7602,10023434675,NED,17.05.2001,ACTIVE,HOPMANS Wouter
7603,10122230286,USA,03.05.1991,INACTIVE,BOBER Timothy
7604,10075236214,GER,06.02.2002,ACTIVE,EL KHANJI Nils
7605,10106636528,TPE,10.08.2005,ACTIVE,黃 HUANG 榆哲 Yu Jhe
7606,10037633152,ESP,08.02.2004,ACTIVE,LOPEZ AROCA Carlos
7607,10065031309,BEL,09.08.2003,ACTIVE,BEIRLAEN Jakov
7608,10007490707,BRA,21.03.1987,INACTIVE,OLIVEIRA DO SACRAMENTO Josimar
7609,10083963685,USA,30.08.2002,ACTIVE,MCDONALD Brody
7610,10014474505,KOR,15.01.1995,INACTIVE,CHOI Donghyuk
7611,10062121511,ARG,12.01.2002,ACTIVE,DÍAZ Rodrigo
7612,10076166909,KOR,07.08.2002,INACTIVE,JUN Jeehwan
7613,10056169650,GUA,08.10.2000,ACTIVE,CHUMIL GONZALEZ Sergio Geovani
7614,10056297467,GUA,19.11.2001,INACTIVE,SAM POZ Edwin
7615,10083966416,USA,07.04.2003,INACTIVE,ROSSI Antonio
7616,10064902983,KOR,21.03.2000,INACTIVE,KIM Taehyung
7617,10113649931,URU,10.10.2002,ACTIVE,PEREIRA DELVALLE Iván Santiago
7618,10121699012,BRA,18.07.2002,INACTIVE,TOME AMARILLA Juan Gabriel
7619,10072068758,USA,31.08.2001,INACTIVE,BOBROW William
7620,10050764124,DEN,01.09.2002,ACTIVE,JØRGENSEN Adam Holm
7621,10071588812,BRA,29.03.2001,INACTIVE,ALMENARA ROSENDO Arthur
7622,10034764881,CUB,11.01.1999,INACTIVE,VEGA Kevin
7623,10096278039,CUB,23.10.2000,INACTIVE,RAMIREZ ROJAS Luis Alejandro
7624,10064566214,GBR,27.11.2004,ACTIVE,DODD Mattie
7625,10088070425,GBR,05.02.2004,ACTIVE,MANGHAM Olivier
7626,10008928529,USA,06.03.1985,ACTIVE,VECCHIO Martin
7627,10049075920,ECU,19.02.2001,ACTIVE,RODRIGUEZ ROSERO Jordan Santiago
7628,10039893959,ESP,06.02.2002,ACTIVE,VICENC SABATER Jaume
7629,10007685212,BRA,20.02.1992,INACTIVE,TONI MARINELLI Iago
7630,10067298075,PER,02.05.2001,INACTIVE,ZAPATA CHINININ Franco Anthonys
7631,10071485849,BRA,13.05.1997,INACTIVE,FERREIRA DE SOUZA ALISON
7632,10122245040,USA,28.05.1977,INACTIVE,HARTRICK Michael
7633,10007360563,DEN,10.10.1993,INACTIVE,LUND Rasmus
7634,10023543496,BRA,10.02.1998,INACTIVE,DE MORAIS Wender Michael
7635,10119528030,BRA,10.05.2002,INACTIVE,DE SANTANA VIEIRA Ewerton Eduardo
7636,10083966719,USA,04.05.2002,INACTIVE,CAPELA Jackson
7637,10122230993,USA,15.07.1981,INACTIVE,WINN Roger
7638,10048382368,USA,07.11.1968,INACTIVE,LAUGHTON Nick
7639,10122230387,USA,02.07.1990,INACTIVE,GASWINT Levi
7640,10122258982,USA,01.05.1984,INACTIVE,SAVAGE Derek
7641,10120207838,USA,15.08.1967,INACTIVE,JOHNSON Jaret
7642,10122244232,USA,09.06.1970,INACTIVE,BUCKHAVE Eric
7643,10036124396,DEN,09.05.2001,ACTIVE,WANDAHL Frederik
7644,10062702093,COL,26.12.2001,INACTIVE,PINEDA VASQUEZ Juan Felipe
7645,10062604184,CHN,04.04.1997,INACTIVE,YI Yaozu
7646,10084791421,CHN,13.09.2001,INACTIVE,LU Jiacheng
7647,10051727858,DEN,18.04.2001,INACTIVE,BUSK Peter
7648,10005966288,BEL,28.11.1990,ACTIVE,VAN DER SANDE Tosh
7649,10036128238,DEN,14.10.2001,ACTIVE,HERTZ Benjamin
7650,10015339623,CHN,10.12.1996,INACTIVE,GUO Kai
7651,10045965755,HKG,24.06.2000,ACTIVE,HO Kwun Hei
7652,10062603780,CHN,16.01.1997,INACTIVE,LIU Hao
7653,10036559987,GER,07.01.2000,ACTIVE,OBERMANN Vitus
7654,10003246955,ECU,14.06.1985,ACTIVE,GUAMA DE LA CRUZ Bayron Patricio
7655,10095119594,CHN,22.07.2000,INACTIVE,WANG Kuicheng
7656,10009764749,COL,26.09.1996,INACTIVE,RESTREPO DIOSA Jaime Alberto
7657,10017850408,TPE,31.10.2000,INACTIVE,CHOU Shu Chen
7658,10022161753,NZL,17.07.2002,ACTIVE,PITHIE Laurence
7659,10023485906,CHN,25.06.1999,INACTIVE,DAI Wenhao
7660,10062076647,CHN,25.01.1999,INACTIVE,MA Binyan
7661,10066165296,FRA,29.04.2001,INACTIVE,DUCRUET Mathis
7662,10005506651,NZL,02.02.1989,ACTIVE,ARCHBOLD Shane
7663,10064984223,BEL,08.05.2002,ACTIVE,DEWEIRDT Siebe
7664,10041177692,ESP,29.07.2000,ACTIVE,UREÑA RUBIO Javier
7665,10005511196,BIZ,26.05.1989,INACTIVE,WILLIAMS Justin
7666,10015349828,ESP,31.08.1985,ACTIVE,FONT BERTOLI Joan
7667,10021812149,NZL,08.09.2002,INACTIVE,BROTHERSTON Navarh
7668,10011018473,CHN,06.06.1997,INACTIVE,SHI Yahui
7669,10035036986,AUT,02.08.2001,ACTIVE,KABAS Maximilian
7670,10008017032,KOR,18.06.1993,INACTIVE,PARK Kyoungho
7671,10050075828,ARG,23.10.1997,INACTIVE,RODRIGUEZ Santiago Agustin
7672,10064905714,KOR,15.06.2000,ACTIVE,PARK Kyungmin
7673,10005669733,BRA,27.09.1977,INACTIVE,AMORIN FERRAO TAVARES Luiz Carlos
7674,10014943135,FRA,16.01.1998,ACTIVE,GRELIER Corentin
7675,10045991926,TPE,01.11.2000,INACTIVE,TAN Zong Lin
7676,10022052730,NZL,01.10.2002,INACTIVE,WILLIAMS Max
7677,10023880774,GBR,09.09.2000,INACTIVE,MODELL Theo
7678,10038051363,ESP,02.04.2001,INACTIVE,TORO SANTIAGO Jonathan
7679,10097464570,CHN,01.05.2000,Inactive,WEI Xigang
7680,10097464671,CHN,25.02.2000,INACTIVE,ZHAO Pengcheng
7681,10015357609,IRL,14.06.1974,ACTIVE,DOLLARD Gerry
7682,10011239452,CHN,08.05.1997,INACTIVE,MENG Juntao
7683,10023484387,CHN,22.08.1998,INACTIVE,YU Benneng
7684,10097464873,CHN,29.01.2000,INACTIVE,ZHANG Yihang
7685,10104207383,AUS,20.10.1995,INACTIVE,O'NEILL Ash
7686,10036034268,RUS,06.12.2001,Active,SAPEGIN Egor
7687,10043796288,DEN,02.07.2001,ACTIVE,BJERREGAARD Mads Bak
7688,10097465075,CHN,16.07.2001,INACTIVE,XIAO Tiance
7689,10016031757,JPN,02.02.1999,INACTIVE,YAMAMOTO Masahiro
7690,10083845164,JPN,23.11.1998,INACTIVE,KATANO Riku
7691,10097465176,CHN,28.10.2000,INACTIVE,MIAO Yuhang
7692,10097465277,CHN,28.01.2000,INACTIVE,PEI Jian
7693,10015141478,GER,01.06.1998,Active,RUDYS Paul
7694,10015322243,CHN,22.04.1999,INACTIVE,CAI Xin
7695,10086304015,CHN,29.04.2000,INACTIVE,QIANG Shuhua
7696,10021305628,JPN,30.12.1998,INACTIVE,TAKI Kazuma
7697,10021466181,JPN,22.05.1998,INACTIVE,KUBOTA Kanei
7698,10016157049,GBR,24.04.1999,ACTIVE,MEW JENSEN Georg
7699,10023838540,GBR,14.01.2000,INACTIVE,DRAPER William
7700,10023844705,IRL,27.08.2001,ACTIVE,BILYARD Louis
7701,10036361846,GER,12.09.2001,INACTIVE,BIBERGER Anian
7702,10007809490,AUS,11.07.1994,ACTIVE,EWAN Caleb
7703,10004879787,GBR,16.04.1980,ACTIVE,BUGDEN Scott
7704,10023527231,BRA,03.10.1999,INACTIVE,MORAIS SANTOS Brendo
7705,10045919982,GER,26.04.2000,ACTIVE,WERNER Franz
7706,10064756372,VEN,17.04.2000,INACTIVE,BELLO Cesar
7707,10064757584,VEN,07.12.2000,INACTIVE,RIVERO Aiel
7708,10050219005,VEN,04.03.2000,INACTIVE,MENDOZA SUAREZ Williams Alexander
7709,10050229816,VEN,13.03.2000,INACTIVE,BLANCO NAVA Carlos Eduardo
7710,10016212118,ECU,01.10.1997,ACTIVE,QUINTEROS MOYA Alexis Benjamin
7711,10059509682,IRL,01.03.2000,INACTIVE,KIELY Robert
7712,10002227445,IRI,12.10.1981,INACTIVE,SOHRABI Mehdi
7713,10014661633,CHN,26.01.1997,INACTIVE,FEI Wenbao
7714,10019430696,GBR,27.05.1997,ACTIVE,MACKAY Rory
7715,10064782038,UZB,11.07.1999,INACTIVE,IKRAMOV Umid
7716,10023481559,CHN,16.01.1997,ACTIVE,XU Changquan
7717,10006281338,DEN,11.03.1991,INACTIVE,LANDER Sebastian
7718,10062593474,CHN,03.08.1996,ACTIVE,ZHANG Yi
7719,10021264202,JPN,11.03.1999,INACTIVE,SHINODA Kouki
7720,10055344241,AUS,22.03.2000,INACTIVE,LINDORFF Tyler
7721,10009977240,BEL,30.07.1997,ACTIVE,REYNAERTS Jan
7722,10015321233,CHN,24.03.1998,INACTIVE,ZHANG Lianshan
7723,10015325273,CHN,05.03.1998,INACTIVE,LI Wenjie
7724,10082894564,KOR,16.06.1999,INACTIVE,LEE Hongjoon
7725,10072342580,AUS,28.06.2001,INACTIVE,FOSTER Ben
7726,10083338946,KOR,16.01.1999,INACTIVE,KIM Dongmin
7727,10016012761,JPN,09.02.1999,INACTIVE,OKUMURA Tomu
7728,10021597739,JPN,25.05.1999,INACTIVE,HOSOKAWA Shota
7729,10069790066,CHN,12.04.1998,INACTIVE,LIU Manduo
7730,10002840565,FRA,19.10.1982,ACTIVE,MONCOMBLE Nicolas
7731,10015325475,CHN,11.07.1999,INACTIVE,TENG Pengkai
7732,10015599806,FRA,06.10.1998,ACTIVE,SAN ROMAN Lucas
7733,10061340962,AUS,12.05.2000,INACTIVE,BOF Nathan
7734,10080979321,GRE,12.01.2000,INACTIVE,ZANNAKIS Vasileios
7735,10010934005,JPN,03.09.1996,INACTIVE,SAKAI Sho
7736,10004442984,DOM,19.12.1983,ACTIVE,BERIGUETE Augusto Sanchez
7737,10013315858,URU,08.08.1995,INACTIVE,GUTIÉRREZ GOÑI Alexander
7738,10020916416,JPN,27.09.1999,INACTIVE,TSUDA Yuta
7739,10014836536,AUS,04.10.1992,INACTIVE,DOUGLAS Callan
7740,10020894689,JPN,12.11.1996,INACTIVE,TAKAHARA Keito
7741,10034794890,GBR,18.01.2001,Active,LAWTON Henry
7742,10068508151,FRA,27.09.2002,ACTIVE,ROLLEE Thibault
7743,10053457084,BOL,20.03.2000,INACTIVE,ACOSTA ALCOBA Miguel Ángel
7744,10018483231,GBR,29.01.1993,INACTIVE,THOMAS Alistair
7745,10065060207,BEL,07.06.2004,ACTIVE,PUNNEWAERT Liam
7746,10010656745,THA,14.06.1996,INACTIVE,KANKHONSUE Patiphan
7747,10114876373,TTO,05.06.2003,ACTIVE,WILLIAMS Justin
7748,10075988871,ECU,26.04.2003,ACTIVE,MIRANDA VINUEZA Santiago
7749,10078984454,COL,11.08.2003,ACTIVE,ALBARRACIN FONSECA Sebastian
7750,10133201390,THA,23.01.1997,ACTIVE,INAUNCHOT Yossarin
7751,10018143630,GBR,05.08.1986,ACTIVE,KILPATRICK Philip
7752,10108209443,MAS,11.10.2003,INACTIVE,MOHD SABRI Muhammad Naim
7753,10121685571,BRA,09.03.2004,INACTIVE,MURARO PEREIRA Victor
7754,10112820781,POR,22.06.2004,ACTIVE,SIMÕES João
7755,10108209140,MAS,11.12.2003,INACTIVE,MOHD MUZAFARAR Muhammad Dinie Ilham
7756,10069732371,FRA,22.04.2005,ACTIVE,FORBRAS Nicolas
7757,10119743854,USA,04.03.1973,INACTIVE,READ James
7758,10064155679,GRE,28.06.2004,INACTIVE,ERELIDIS Ioannis
7759,10121659101,BRA,19.03.1990,INACTIVE,DE JESUS MENDES Diego
7760,10023323733,NED,18.05.2004,ACTIVE,TENNIGLO Niels
7761,10063781019,GRE,14.07.2002,ACTIVE,FASOULAKIS Konstantinos
7762,10034778827,SUI,09.11.2003,ACTIVE,MARKWALDER Yanis-Eric
7763,10056178037,SUI,04.04.2003,ACTIVE,TEUSCHER Remo
7764,10140624419,UZB,04.01.2005,ACTIVE,KAMOLOV Avazbek
7765,10071237689,FRA,17.05.2003,ACTIVE,TIPHAIGNE Mathis
7766,10067469140,FRA,29.09.2004,ACTIVE,ANDRE Valentin
7767,10064273796,RSA,17.09.2003,Inactive,BRUINTJIES Jason
7768,10096374332,ISR,12.12.2003,ACTIVE,GABAY Ido
7769,10095104440,RSA,16.01.2003,INACTIVE,PERRINS Chanton
7770,10121700325,BRA,22.11.2002,INACTIVE,DOS SANTOS DOMINGOS Gustavo Henrique
7771,10022699192,NED,11.05.2002,INACTIVE,SMIT Erwin
7772,10023283115,NED,31.08.2002,ACTIVE,SWENNE Delano
7773,10089789648,RSA,07.02.1998,INACTIVE,MOKOENA Thabiso
7774,10053232671,MAS,21.03.2001,INACTIVE,ABD RAUF Muhammad Ibni Hissham
7775,10021444357,JPN,29.07.2001,INACTIVE,KATO Gaiya
7776,10095825573,JPN,28.05.2001,INACTIVE,KITABAYASHI Daichi
7777,10015528367,FRA,27.04.1999,ACTIVE,GROS Mathilde
7778,10015171184,GER,07.01.2000,ACTIVE,FRIEDRICH Lea Sophie
7779,10009040279,COL,12.08.1995,ACTIVE,BAYONA PINEDA Martha
7780,10075047668,CAN,26.11.1993,ACTIVE,MITCHELL Kelsey
7781,10015442077,NZL,31.12.1999,INACTIVE,ANDREWS Ellesse
7782,10010171442,GBR,04.09.1998,ACTIVE,CAPEWELL Sophie
7783,10010579448,NED,10.08.1987,INACTIVE,VAN RIESSEN Laurine
7784,10010644015,NED,29.05.1998,ACTIVE,VAN DER WOUW Hetty
7785,10010169624,GER,14.01.1998,ACTIVE,GRABOSCH Pauline Sophie
7786,10010652196,GER,17.09.1997,ACTIVE,HINZE Emma
7787,10066161458,FRA,30.07.2002,ACTIVE,KOUAME Taky Marie Divine
7788,10020981585,JPN,17.08.1994,Active,OHTA Riyu
7789,10009233370,UKR,22.04.1996,ACTIVE,STARIKOVA Olena
7790,10058497650,GBR,22.12.2002,ACTIVE,FINUCANE Emma
7791,10011157206,CAN,28.05.1998,ACTIVE,GENEST Lauriane
7792,10010714137,ITA,16.03.1997,ACTIVE,VECE Miriam
7793,10014699726,NED,10.09.1999,ACTIVE,VAN DER PEET Steffie
7794,10010775973,AUS,13.04.1998,Active,CLONAN Kristina
7795,10007618524,NED,18.05.1991,INACTIVE,BRASPENNINCX Shanne
7796,10006904461,MEX,25.11.1992,ACTIVE,GAXIOLA GONZALEZ Luz Daniela
7797,10004616877,ESP,24.07.1988,ACTIVE,CASAS ROIGE Helena
7798,10007793326,POL,18.02.1994,ACTIVE,LOS Urszula
7799,10009134956,BEL,11.10.1996,ACTIVE,DEGRENDELE Nicky
7800,10053771225,POL,03.02.2000,ACTIVE,PETRI Paulina
7801,10009118990,AUS,09.02.1983,Active,HARGRAVE Breanna
7802,10020784353,JPN,07.12.1998,ACTIVE,SATO Mina
7803,10016235255,IRL,09.05.1989,ACTIVE,WALSH Orla
7804,10082509796,CAN,22.10.1995,ACTIVE,ORBAN Sarah
7805,10036279596,GER,04.03.2001,ACTIVE,PRÖPSTER Alessa-Catriona
7806,10006669439,USA,07.08.1991,ACTIVE,MARQUARDT Mandy
7807,10047201594,CZE,02.02.2001,Active,JABORNÍKOVÁ Veronika
7808,10010798003,MAS,20.01.1998,ACTIVE,ROSIDI Anis Amira
7809,10129788913,CHN,13.04.2005,ACTIVE,YUAN Liying
7810,10016111983,POL,21.06.2000,ACTIVE,SIBIAK Nikola
7811,10075826193,UKR,19.05.2003,ACTIVE,BILETSKA Alla
7812,10021769713,NZL,25.01.2001,ACTIVE,KING Olivia
7813,10053232065,MAS,11.09.2003,ACTIVE,MOHD ASRI Nurul Izzah Izzati
7814,10080656490,COL,11.05.2003,ACTIVE,SALAZAR SANCHEZ Marianis
7815,10010028770,NZL,09.07.1998,ACTIVE,PETCH Rebecca
7816,10097290475,AUS,24.04.2003,ACTIVE,MCCAIG Alessia
7817,10010098589,POL,20.02.1997,ACTIVE,KARWACKA Marlena
7818,10009840733,JPN,18.01.1994,INACTIVE,KOBAYASHI Yuka
7819,10009008856,KOR,13.01.1995,INACTIVE,PARK Jihae
7820,10063745855,AUS,25.06.2001,ACTIVE,MCGILL Molly
7821,10004875747,HKG,12.05.1987,ACTIVE,LEE Wai Sze
7822,10020982696,JPN,01.03.1991,ACTIVE,UMEKAWA Fuko
7823,10009727767,MEX,29.06.1997,ACTIVE,VERDUGO OSUNA Yuli
7824,10119724252,EGY,15.02.2004,ACTIVE,MOHAMED Shahd
7825,10083968537,USA,25.10.2003,ACTIVE,MCKEE Mckenna
7826,10015578382,AUS,09.06.1999,ACTIVE,HO Selina
7827,10045952924,JAM,24.09.1992,ACTIVE,PALMER Dahlia
7828,10064452743,GBR,06.10.1999,ACTIVE,BELL Lauren
7829,10064643309,USA,03.11.2002,INACTIVE,HANKINS Kayla
7830,10096737777,GBR,04.04.2003,ACTIVE,EDMUNDS Rhian
7831,10097392125,AUS,12.12.2003,ACTIVE,ROBINSON Kalinda
7832,10045965957,HKG,28.12.2000,ACTIVE,YEUNG Cho Yiu
7833,10056072650,INA,20.06.2000,ACTIVE,LESTARI Wiji
7834,10034884921,UKR,08.09.2001,ACTIVE,LOHVINIUK Oleksandra
7835,10007737146,COL,31.03.1991,ACTIVE,GAVIRIA RENDON Juliana
7836,10081958819,FRA,12.02.2002,ACTIVE,MICHAUX Julie
7837,10133175627,LTU,10.03.1996,ACTIVE,LENDEL Migle
7838,10062787474,CHN,15.03.1999,ACTIVE,GUO Yufang
7839,10010717268,CHN,03.11.1997,ACTIVE,BAO Shanju
7840,10128740808,AUS,08.02.1997,ACTIVE,WATTS Sophie
7841,10007827375,KOR,22.04.1993,INACTIVE,CHO Sunyoung
7842,10053184070,NGR,09.09.1993,ACTIVE,GRIKPA Tombrapa Gladys
7843,10010914908,CHN,23.07.1996,ACTIVE,ZHUANG Wei
7844,10084486980,AUS,13.09.1978,ACTIVE,MENGLER-MOHR Jacqui
7845,10050942663,IND,15.12.2000,ACTIVE,LUTE Mayuri
7846,10064643006,USA,26.11.2002,ACTIVE,LAWRENCE Stephanie
7847,10062578118,CIV,09.12.2002,ACTIVE,KOUAME Affoué Sarah
7848,10064453955,NED,07.03.2002,ACTIVE,KALEE Kimberly
7849,10053568131,CHI,15.09.1998,ACTIVE,COLILEF BARRIOS Daniela
7850,10010664728,CAN,04.05.1985,ACTIVE,WILMOT Lizanne
7851,10045965149,HKG,21.06.2000,ACTIVE,NG Sze Wing
7852,10015279605,GUA,14.08.1997,INACTIVE,HACOHEN MONTEROS Nicole
7853,10087566126,IND,25.05.2002,ACTIVE,PAUL Triyasha
7854,10016292748,SUR,27.04.2000,Active,DALGER Tachana
7855,10131438923,BEN,15.11.2004,INACTIVE,METOEVI Charlotte
7856,10056270690,CAN,09.10.2003,ACTIVE,SAVARD Emy
7857,10011100420,GBR,07.05.1999,ACTIVE,RIDGE-DAVIS Blaine
7858,10009900145,NED,27.08.1998,ACTIVE,HUISMAN Ruby
7859,10016297293,CRC,06.09.2000,ACTIVE,RECIO CARVAJAL Abigail
7860,10081162106,MAS,16.03.2003,Active,YONG Ann Yii
7861,10084026333,NGR,29.06.1993,ACTIVE,DUROGBADE Adejoke
7862,10029804040,ITA,25.10.2000,ACTIVE,CAPOBIANCHI Giada
7863,10045989906,TPE,17.01.2001,INACTIVE,WANG Sin Ting
7864,10096818512,KAZ,29.09.2003,ACTIVE,GOLUBKOVA Yuliya
7865,10127764239,BDI,19.01.2004,ACTIVE,EMMANUELLA Rukundo
7866,10059070960,AUS,02.05.1981,ACTIVE,BEITZEL Felice
7867,10064645228,USA,23.07.2000,Active,KOESTER Ivy
7868,10083950450,AUS,24.11.2002,INACTIVE,BENNETT Eliza
7869,10007242648,USA,05.09.1992,INACTIVE,GODBY Madalyn
7870,10061978132,ARG,31.01.2003,ACTIVE,LUNA Valentina
7871,10016191708,ARG,12.06.1999,ACTIVE,VERA Natalia Andrea
7872,10023845210,GBR,03.03.1999,ACTIVE,THOMAS Lowri
7873,10011163973,TPE,25.11.1999,ACTIVE,陳CHEN 靖云 Ching Yun
7874,10096589146,AUS,22.12.2003,ACTIVE,BLINCO Deneaka
7875,10124023170,KOR,17.02.2003,ACTIVE,HWANG Hyunseo
7876,10023297158,NED,13.03.2002,ACTIVE,GERAERTS Lonneke
7877,10036438840,GER,07.04.2001,ACTIVE,SPERLICH Christina
7878,10140426678,AUS,19.02.1996,ACTIVE,CLARK Tomasin
7879,10085002700,AUS,22.03.2002,ACTIVE,SIBLEY Ella
7880,10011088393,TPE,26.03.1997,ACTIVE,王 WANG 慈均 Tzu Chun
7881,10119038178,INA,27.03.2001,ACTIVE,NUR INDAH Ratu Afifah
7882,10056608978,CHI,10.03.1998,ACTIVE,MOLINA RODRIGUEZ Paula
7883,10115010961,AUS,09.01.2004,ACTIVE,STEVENS Emma
7884,10055328073,USA,17.08.1980,INACTIVE,WAGNER Jennifer
7885,10118905513,USA,25.11.1985,INACTIVE,SCHELBERG Emily
7886,10036173102,GER,05.03.2002,ACTIVE,HAINZL Sandra
7887,10010716864,CHN,15.03.1997,INACTIVE,CHEN Feifei
7888,10051091803,GER,27.05.2001,INACTIVE,ALBERS Katharina
7889,10080054686,HKG,22.07.2001,ACTIVE,CHING Yin Shan
7890,10010713935,ITA,10.01.1997,ACTIVE,BISSOLATI Elena
7891,10056177128,MAS,21.07.2003,ACTIVE,AZIZAN Nurul Aliana Syafika
7892,10009195883,GBR,30.01.1993,ACTIVE,MARCHANT Katy
7893,10136962364,AUS,09.06.1992,ACTIVE,NOCK Jacqueline
7894,10065055052,BEL,04.04.2004,ACTIVE,WOLFS Zoë
7895,10095118786,CHN,25.08.2003,ACTIVE,ZHAI Fei
7896,10136023888,CHN,27.01.2004,ACTIVE,JIANG Yulu
7897,10008167986,MEX,21.09.1995,ACTIVE,SALAZAR VALLES Jessica
7898,10072822227,IRI,18.11.2001,ACTIVE,ZARGAR Setareh
7899,10128713021,AUS,19.02.1997,ACTIVE,LYSAGHT Indiana
7900,10065045049,BEL,01.01.2004,ACTIVE,NICOLAES Julie
7901,10035376688,COL,01.06.1999,ACTIVE,CARDOZO CABRERA Valeria
7902,10110977983,BEL,18.09.1995,ACTIVE,JENAER Valerie
7903,10009914491,THA,21.08.1996,ACTIVE,RASEE Pannaray
7904,10010177203,IRI,02.07.1998,ACTIVE,NAZARI Maedeh
7905,10110977478,NZL,03.10.2000,INACTIVE,FULTON Shaane
7906,10007257806,VEN,26.12.1988,Active,VILERA Mariaesthela Carolina
7907,10015442279,NZL,23.02.1999,ACTIVE,SHEARMAN Emily
7908,10126973182,BAN,15.06.1997,INACTIVE,AURTHI Samapti
7909,10016112084,POL,29.03.2001,INACTIVE,SEREMAK Nikola
7910,10136024090,CHN,30.08.2003,ACTIVE,TONG Mengqi
7911,10047309712,CZE,09.03.2004,ACTIVE,JABORNÍKOVÁ Anna
7912,10010914807,CHN,02.07.1997,ACTIVE,ZHANG Linyin
7913,10130236729,BAN,08.09.2000,INACTIVE,BISWAS Tithi
7914,10022169029,NZL,10.07.2000,ACTIVE,MARSHALL Nicole
7915,10123615669,NZL,21.07.1990,INACTIVE,HENDRY Rosita
7916,10064562978,GBR,05.10.2003,ACTIVE,MOIR Iona
7917,10082764525,COL,13.12.2001,ACTIVE,MOSQUERA QUICENO Yarli
7918,10095257721,VEN,02.09.2003,INACTIVE,RODRIGUEZ MARTINES Jalymar Elianna
7919,10002559669,AUS,21.09.1983,INACTIVE,MEARES Anna
7920,10112266265,NZL,20.05.1996,ACTIVE,UIVEL Bella
7921,10095256004,VEN,03.09.2003,INACTIVE,MARTINEZ GONZALEZ Carliany
7922,10094501121,CAN,07.08.1997,ACTIVE,BOYLE Jackie
7923,10022075968,NZL,18.09.1979,ACTIVE,VENTER Geertien
7924,10064452844,GBR,10.01.1999,ACTIVE,TANNER Millicent
7925,10021733438,NZL,13.01.2003,ACTIVE,FOWLER Prudence
7926,10021886921,NZL,13.05.2004,ACTIVE,DE VRIES Sophie
7927,10043261778,ESP,05.01.2004,ACTIVE,ORGAMBIDE SAGARDOY Saioa
7928,10021847313,NZL,17.10.2002,ACTIVE,ANDERSON Mya
7929,10015270612,BOL,15.02.2000,INACTIVE,SARABIA RICALDEZ Micaela
7930,10072421796,THA,17.12.2001,ACTIVE,HNOKAEW Kanyarat
7931,10077681725,FRA,07.02.2001,ACTIVE,MARCHAND Constance
7932,10014583831,INA,12.05.2002,INACTIVE,SAPUTRI Ananda Diva
7933,10056073357,INA,21.12.2003,ACTIVE,PUTRI Imelda Tabita Deswari
7934,10089760245,LTU,26.09.2004,ACTIVE,DUBAUSKAITĖ Eglė
7935,10006640238,NED,07.12.1992,ACTIVE,VAN BENTHEM Merle
7936,10040300955,ESP,19.09.2004,ACTIVE,SESMA BOZAL Goretti
7937,10053580659,POL,04.12.2002,ACTIVE,WIELOWSKA Nikola
7938,10132658695,UZB,21.02.2004,ACTIVE,SAFONOVA Anastasya
7939,10036382155,GER,02.08.2004,ACTIVE,SCHNEIDER Clara
7940,10053924102,USA,25.12.2001,ACTIVE,ROMANO Vanessa
7941,10052570546,MAC,08.08.2000,ACTIVE,AU Hoi Ian
7942,10117563071,CZE,02.06.1988,ACTIVE,RYCHNOVSKÁ Zuzana
7943,10022042828,NZL,01.09.2002,ACTIVE,WYLLIE Ella
7944,10080711761,LTU,30.08.2004,ACTIVE,SAMOKIŠINA Karina
7945,10093661766,CUB,14.01.2001,ACTIVE,DIAZ GUERRA Thalia
7946,10055127912,CAN,28.12.2000,ACTIVE,MACDONALD Sophie
7947,10056227749,CZE,19.09.2004,ACTIVE,MIKŠANÍKOVÁ Natálie
7948,10023846927,GBR,21.06.2000,INACTIVE,STEELE Lusia
7949,10089612018,MEX,24.09.2002,ACTIVE,GARCIA ARRACHE Kala
7950,10054716973,POL,19.03.2002,INACTIVE,NIERUCHALSKA Natalia
7951,10068994767,FRA,23.09.2003,ACTIVE,OLLIER Benedicte
7952,10072810911,ESP,20.06.2003,ACTIVE,MANGAS ECHEVESTE Naya
7953,10071427851,BRA,24.07.1998,INACTIVE,BARBOSA ALVES DO NASCIMENTO CAROLINA
7954,10023663738,NZL,03.10.2000,INACTIVE,FULTON Shaane Hazel
7955,10008956114,NOR,28.08.1992,ACTIVE,STENBERG Anita Yvonne
7956,10063184770,ROU,30.05.2001,INACTIVE,STANCU Maria-Ecaterina
7957,10064778196,UZB,17.02.2004,Active,KARIMOVA Sofiya
7958,10008928226,GRE,03.07.1992,ACTIVE,MILAKI Argiro
7959,10013498239,FIN,11.02.1986,INACTIVE,SAVOLAINEN Sini
7960,10007209609,KOR,23.01.1992,INACTIVE,LEE Hyejin
7961,10075816901,AZE,11.01.2003,ACTIVE,SIDORENKO Viktoriya
7962,10132399122,CUB,12.10.2004,INACTIVE,CABRERA DUVERGEL Sandra Ilianet
7963,10052493754,POL,25.12.2003,INACTIVE,BLASZCZAK Joanna
7964,10095254485,VEN,08.10.2003,INACTIVE,SOTERAN CAICEDO. Elianta
7965,10127068263,SUI,24.10.1966,INACTIVE,MARR Dorris
7966,10097226417,CHI,06.05.1999,ACTIVE,URRUTIA DIAZ Renata
7967,10118215294,HKG,21.11.2002,ACTIVE,TUNG Phoebe
7968,10009548319,SUI,17.02.1997,ACTIVE,SEITZ Aline
7969,10113660136,EGY,13.06.2004,ACTIVE,HABIB Mariam
7970,10015111873,BRA,29.04.1995,INACTIVE,VALADARES DE SOUZA Tatielle
7971,10019762116,NOR,19.12.2002,ACTIVE,TVEIT Nora
7972,10090504317,ROU,02.12.2003,ACTIVE,CATINEANU Catalina-Andreea
7973,10005601631,THA,08.07.1988,ACTIVE,MANEEPHAN Jutatip
7974,10015358316,IRL,19.05.1997,ACTIVE,IVORY Deirbhle
7975,10015504523,UZB,31.07.1998,ACTIVE,KOZIEVA Nafosat
7976,10006306091,GRE,10.02.1987,INACTIVE,PRINTEZI Christina
7977,10117761721,KAZ,04.08.2003,INACTIVE,BRATCHIKOVA Polina
7978,10088567145,FIN,15.11.1994,INACTIVE,LEPISTÖ Iisa
7979,10010109909,BOL,26.08.1995,Inactive,SARABIA RICALDEZ Rebeca
7980,10063913179,AZE,07.09.2001,ACTIVE,KHANKISHIYEVA Ayan
7981,10053904294,POL,21.10.2003,ACTIVE,WEZYK Natalia
7982,10008973995,GBR,31.01.1996,INACTIVE,COSTER Ellie
7983,10005791284,RUS,11.11.1990,INACTIVE,ASSESEROVA Elizaveta
7984,10015473908,ITA,17.04.1999,ACTIVE,SELVA Francesca
7985,10079682046,EGY,16.03.2001,ACTIVE,ELSAYED Alaa
7986,10007268516,BRA,20.04.1991,INACTIVE,MULLER Maria Tereza
7987,10016316592,IND,09.05.1999,INACTIVE,REJI Aleena
7988,10014867050,NOR,01.02.2000,INACTIVE,FELDMANN Pernille Larsen
7989,10080747026,ROU,29.03.2003,INACTIVE,MANESCU Georgeta-Natalia
7990,10080666901,LTU,13.08.2003,Active,LAUŽIKAITĖ Neimantė
7991,10133935560,VEN,25.08.2001,INACTIVE,CUEVA DE JESUS Sthefany Cristina
7992,10072421190,THA,03.01.2001,ACTIVE,JITMAT Yaowaret
7993,10037538273,ESP,08.12.2000,ACTIVE,GOMIZ PEREZ Melisa
7994,10008678551,IRL,07.09.1995,ACTIVE,KAY Emily
7995,10088779434,UZB,18.10.2002,ACTIVE,GOLOTINA Evgeniya
7996,10115347835,GRE,08.02.2004,ACTIVE,FRAGKIOUDAKI Vasiliki
7997,10101895652,KAZ,24.07.2003,ACTIVE,CHERNYSHEVA Kristina
7998,10007224763,FIN,03.10.1973,ACTIVE,RONKAINEN Anna
7999,10128344118,CZE,04.12.1978,INACTIVE,ONDRÁŠOVÁ Magdaléna
8000,10072671168,KOR,01.05.2001,INACTIVE,KIM Haeun
8001,10015270511,BOL,11.01.2001,INACTIVE,FERNANDEZ VALDEZ Karen Olga
8002,10075931984,AZE,02.02.2003,ACTIVE,ABDURAHMANOVA Lala
8003,10047310318,CZE,18.05.2004,Active,POULOVÁ Michaela
8004,10140765471,RUS,13.10.2002,ACTIVE,IVANOVA Kristina
8005,10007904369,AUS,01.02.1994,ACTIVE,WARD Caitlin
8006,10041585904,ESP,18.02.2002,ACTIVE,HURTADO CAMPUZANO Esthefania
8007,10089867854,GBR,10.07.2002,ACTIVE,PARRIS-SMITH Rhianna
8008,10127891652,EGY,04.02.2004,ACTIVE,ABDELHAFEEZ Alaa
8009,10071485445,BRA,21.07.1982,INACTIVE,DOS SANTOS RIBEIRO SUMAIA ALI
8010,10050629334,IND,04.03.2002,INACTIVE,BARIK Barsarani
8011,10071597296,CHI,04.03.1993,ACTIVE,PONTILLO GONZALEZ Paulina
8012,10128558326,VEN,23.01.2002,INACTIVE,MARCHAN MARTINEZ Valeria Alejandra
8013,10107613501,THA,04.03.2003,ACTIVE,APHIMOT Natthaporn
8014,10014966070,ITA,17.01.1997,ACTIVE,PANZERI Paola
8015,10118775773,JAM,18.12.2004,ACTIVE,RUSSELL Chanelle
8016,10041888624,ESP,16.05.2000,ACTIVE,BARRIO TURRADO Virginia
8017,10122776116,JPN,03.09.1999,INACTIVE,KUME Uta
8018,10124478363,IRL,25.05.2000,ACTIVE,HARRISON Orla Mary
8019,10035369820,COL,22.05.1989,INACTIVE,ROA BONILLA Sol Angie
8020,10093918313,GRE,31.05.2004,ACTIVE,KARLOU Konstantina
8021,10101897167,KAZ,13.04.2003,INACTIVE,TYULKINA Darya
8022,10106592876,FIN,06.07.2002,INACTIVE,PIEKKALA Oona
8023,10083504553,GBR,02.04.2002,ACTIVE,NATT Serena
8024,10016240107,PAR,24.05.1992,ACTIVE,RODAS MALDONADO Silvia Maria
8025,10140695046,UZB,06.02.2005,ACTIVE,IRMATOVA Diana
8026,10120914524,INA,29.02.2004,INACTIVE,NOREENTI Keysha Kabhita
8027,10063850636,ESP,27.04.2004,ACTIVE,BORRAS CASAS Julia
8028,10030681585,ITA,12.01.2002,ACTIVE,AFFATICATI Giulia
8029,10123975680,JPN,09.02.2004,INACTIVE,ONO Fukime
8030,10066162973,FRA,10.08.2004,ACTIVE,PRUDENT Farrah
8031,10121656976,BRA,07.07.2003,INACTIVE,FINCO SILVA Ana Paula
8032,10065050406,BEL,14.02.2004,ACTIVE,POETS Kjelle
8033,10111820065,CAN,13.05.1999,ACTIVE,WATCHMAN Erin
8034,10095118887,CHN,18.06.2002,INACTIVE,LUO Jing
8035,10006292957,NED,19.03.1976,ACTIVE,VAN HERRIKHUYZEN Carolien
8036,10133934449,EGY,02.03.1999,ACTIVE,ABDELFTAH Enas
8037,10050874359,IND,18.02.1995,INACTIVE,DEBORAH Deborah
8038,10125812721,CHI,21.05.2003,ACTIVE,HUERTA CALDERON Sofia
8039,10080711660,LTU,07.11.2004,INACTIVE,BRUČAITĖ Barbora
8040,10016235356,IRL,22.11.1992,INACTIVE,CONLAN Aisling
8041,10016203428,USA,01.12.1964,ACTIVE,NUTTER Lisa
8042,10117694629,GRE,28.08.2004,ACTIVE,ANGELAKI Glykeria
8043,10104781909,MAS,04.03.2003,INACTIVE,KHAIRIL ANUAR Nurul Ain Najwa
8044,10090348511,UKR,31.10.2003,Inactive,MALICKA Lidiia
8045,10075673118,ESP,13.01.1982,ACTIVE,CASAS FORTUNY Fina
8046,10009998357,SUI,08.09.1998,ACTIVE,METTRAUX Lena
8047,10132540780,CAN,23.06.1997,ACTIVE,RABET Parmis
8048,10121657380,BRA,05.08.2004,INACTIVE,SCHUSTER Isabela Leticia
8049,10035198149,NZL,17.11.2004,ACTIVE,KELLY Ciara
8050,10015703674,BEL,17.08.1999,ACTIVE,STOCKMAN Julie
8051,10053606628,EGY,11.01.1999,INACTIVE,YASER Maryam
8052,10062251247,NED,04.09.1997,ACTIVE,GROOT Caroline
8053,10135770678,IND,19.02.2003,INACTIVE,GUNJAL Shwetha Balu
8054,10060680453,CHI,29.03.2003,ACTIVE,HUENCHUMIL RAIN Victoria
8055,10080667204,LTU,15.10.2004,INACTIVE,NAUJOKAITYTĖ Ugnė
8056,10097389293,THA,04.10.2002,ACTIVE,KAEWMUKDA Jidapa
8057,10065841055,FRA,28.02.2004,ACTIVE,TREGOUET Maurene
8058,10093733306,UZB,09.06.2002,ACTIVE,KAKHKHOROVA Madina
8059,10080656187,COL,17.03.2004,ACTIVE,ALVAREZ BULA Luna
8060,10118968864,USA,28.07.2003,ACTIVE,JOHNSTON Morgan
8061,10070453003,KOR,25.07.2002,INACTIVE,PARK Hayoung
8062,10084509111,MAS,07.04.2002,INACTIVE,SYED YUSOFF Syarifah Nuraisyah Umairah
8063,10051151417,PAR,06.05.1997,ACTIVE,GALEANO CENTURION Araceli Jazmin
8064,10045947163,USA,15.12.2003,Inactive,CHRISTIAN Sylese
8065,10140694945,UZB,07.06.2005,ACTIVE,ZAXIDOVA Sabina
8066,10069708729,LAO,11.01.2001,ACTIVE,CAUCHOIS ONE Fanny Malissa
8067,10096553477,INA,16.01.2000,INACTIVE,MELIANA Annisa
8068,10050979342,ESP,30.07.2004,ACTIVE,VILANOVA CALMAESTRA Marta
8069,10104748967,FRA,19.01.1996,ACTIVE,CASSIER Claire
8070,10067881893,NZL,19.08.2004,Active,BREEN Alana
8071,10023122760,NED,12.04.2004,ACTIVE,DULLEMOND Nienke
8072,10049971956,IND,10.01.2002,INACTIVE,NISHA Nikita
8073,10060445229,USA,07.01.1990,INACTIVE,LAMPEL Camille
8074,10049094007,KOR,10.01.2001,INACTIVE,BAK Seojin
8075,10069654872,MAS,17.10.2000,ACTIVE,SANUDDIN Arni
8076,10103672065,AZE,07.03.2003,ACTIVE,AFGANZADE Zahra
8077,10010644520,PAR,03.10.1991,ACTIVE,TORRES CALCENA Sara Maria
8078,10009741309,RSA,30.10.1995,ACTIVE,GNUDI Claudia
8079,10109497119,UZB,21.02.2005,ACTIVE,RIZAEVA Asal
8080,10011184484,ESP,19.07.1999,ACTIVE,RODRIGUEZ CORDERO Laura
8081,10108225308,MAS,19.07.2004,ACTIVE,MIZY Fatin Nursyakira
8082,10090080446,CHI,19.07.1985,ACTIVE,CAMPOS SALAS Francisca
8083,10070001547,FRA,05.01.2004,ACTIVE,LEVITE Myriam
8084,10021425260,JPN,09.03.2001,ACTIVE,IWAMOTO Anna
8085,10119190752,CAN,17.08.1992,ACTIVE,SNOBELEN Diane
8086,10071600128,BRA,08.06.2002,INACTIVE,CONSTANTINO Julia Maria
8087,10010626938,NZL,25.11.1996,ACTIVE,PEPPERELL Eleanor
8088,10092509486,GBR,10.02.2001,ACTIVE,STONE Ellie
8089,10136323982,CHN,30.03.2004,ACTIVE,LI Zishan
8090,10097532571,IND,01.11.1996,INACTIVE,KAUR Harpreet
8091,10071125434,FRA,13.01.2004,ACTIVE,JULIEN Louise
8092,10132658594,UZB,21.02.2004,INACTIVE,OJERELEVA Polina
8093,10035396900,COL,24.10.2001,INACTIVE,OVALLE ROJAS Angelica Lisbeth
8094,10010108996,KOR,07.11.1996,INACTIVE,KIM Taenam
8095,10119955436,AZE,12.10.2002,INACTIVE,VALIYEVA Natavan
8096,10060995907,POL,25.09.2003,ACTIVE,PRUSINSKA Sara
8097,10047405904,CZE,07.02.2004,ACTIVE,PETERKOVÁ Sára Kateřina
8098,10042475876,ESP,01.06.2003,ACTIVE,ESPARZA GARIN Amaia
8099,10049163725,ESP,26.07.2002,ACTIVE,PRADAS CLAR Judith
8100,10083813135,JPN,07.02.2004,ACTIVE,OKURA Kokoro
8101,10132283732,CAN,11.12.1996,ACTIVE,RIEDER Erica
8102,10121657178,BRA,29.04.2004,INACTIVE,FLORO ALBERNAZ FERREIRA Anna Luiza
8103,10115010658,IND,01.03.2002,INACTIVE,DEVI Yumnam Thaja
8104,10132205122,COL,22.07.1995,INACTIVE,DUARTE GELVEZ Alejandra
8105,10010114959,KOR,26.11.1998,INACTIVE,KWON Serim
8106,10064811037,KOR,03.01.1999,INACTIVE,KWON Soyeon
8107,10052494259,POL,18.02.2002,INACTIVE,PICZ Zofia
8108,10119435070,UKR,05.05.2005,Active,KELIUKH Karolina
8109,10062335618,LTU,02.12.2004,ACTIVE,STRAKŠYTĖ Kotryna
8110,10020779606,JPN,17.03.2003,ACTIVE,WATABE Kasuga
8111,10131556535,CAN,04.11.2000,ACTIVE,DUMONT Anne-Marie
8112,10140336247,BRA,10.07.1969,ACTIVE,DE SOUZA DA COSTA LIONÇO Lorena Aparecida
8113,10128887318,NZL,10.02.1996,ACTIVE,PADDON Charlotte
8114,10023807521,GBR,15.05.2000,ACTIVE,HALL Stephani
8115,10079745906,COL,08.07.2000,INACTIVE,HERNANDEZ DOVALE Nohely
8116,10055519447,POL,13.06.2003,INACTIVE,MILDA Wiktoria
8117,10036443183,GER,06.05.2004,ACTIVE,JÄGER Lara-Sophie
8118,10054664938,POL,20.09.2003,ACTIVE,GORZKIEWICZ Barbara
8119,10077942615,POL,23.05.2004,ACTIVE,KACZMARCZYK Natalia
8120,10124541718,AUS,05.04.2005,ACTIVE,WILLIS-HELL Mirella
8121,10119693132,GBR,20.06.2005,ACTIVE,WHITWORTH HAY Anna
8122,10051115243,POL,14.12.2000,INACTIVE,BYKOWSKA Dominika
8123,10064452642,GBR,30.06.1999,ACTIVE,MISZTAL Sylvia
8124,10058503310,GBR,03.11.2002,ACTIVE,COLE Amy
8125,10109918562,GBR,30.05.2004,ACTIVE,BURGESS Emily
8126,10014178552,GBR,24.10.1999,ACTIVE,BATE Lauren
8127,10096739191,GBR,01.10.2004,ACTIVE,JOHNSON Kirsty
8128,10060603055,ARG,02.08.2002,INACTIVE,SANABRIA Milagros Yohana
8129,10081245867,PER,16.03.2003,INACTIVE,GALVEZ HUAMANI Madeley
8130,10013284233,GHA,19.03.1985,ACTIVE,HERIDOR Florence
8131,10015400146,GHA,23.12.1995,INACTIVE,SEDZRO Erica
8132,10007272455,RUS,26.10.1994,ACTIVE,SHMELEVA Daria
8133,10007498484,RUS,05.02.1993,INACTIVE,VOINOVA Anastasiia
8134,10034919778,RUS,01.08.2000,ACTIVE,BURLAKOVA Yana
8135,10002501368,LTU,13.12.1982,INACTIVE,KRUPECKAITE-LEOPOLD Simona
8136,10094638234,CIV,01.05.2002,ACTIVE,SORO Minata
8137,10122265955,EGY,13.06.1999,ACTIVE,ELSHERBINI Rehab
8138,10113653163,EGY,08.04.2001,ACTIVE,ABOUBALASH Nada
8139,10085207713,BEN,12.10.1995,INACTIVE,VIDOGNONLONHOUE Chantal
8140,10023525110,RUS,06.03.1999,ACTIVE,GRISHINA Serafima
8141,10009118384,RUS,15.08.1996,INACTIVE,SUKHAREVA Anastasiya
8142,10006462305,RUS,11.12.1992,ACTIVE,GNIDENKO Ekaterina
8143,10009045636,RUS,25.05.1995,ACTIVE,ANTONOVA Nataliia
8144,10009125458,NED,15.04.1996,ACTIVE,LAMBERINK Kyra
8145,10096093941,MEX,26.07.2002,ACTIVE,VIZCAINO GARCIA Maria
8146,10090742369,MEX,04.02.2002,INACTIVE,MARTINEZ HERNANDEZ Sofia
8147,10113345793,CHI,10.07.2001,ACTIVE,NAVARRO VEGA Camila
8148,10058755510,RSA,28.03.2003,INACTIVE,OLIVIER Chante
8149,10060155138,BLR,01.07.2002,Active,MANETS Yuliya
8150,10004594447,UKR,16.07.1988,INACTIVE,BASOVA Liubov
8151,10045939382,TTO,14.10.2001,ACTIVE,SEYJAGAT Adrianna
8152,10090187550,RUS,17.05.2003,ACTIVE,LYSENKO Alina
8153,10010167402,CZE,22.06.1998,INACTIVE,KAŇKOVSKÁ Sára
8154,10075692619,BLR,29.05.2003,Inactive,USS Kseniya
8155,10010801134,KOR,26.10.1998,INACTIVE,KIM Soohyun
8156,10034833791,UKR,12.05.1998,INACTIVE,SKORYSHCHENKO Yuliia
8157,10011147203,AUS,08.07.1999,ACTIVE,PLOUFFE Maeve
8158,10074551756,RSA,11.12.1993,ACTIVE,GROVE S'annara
8159,10116409579,TTO,28.08.1989,ACTIVE,PAUL-PAYNE Kanika
8160,10050629435,IND,16.05.2001,INACTIVE,SINGH Swasti
8161,10082780891,INA,24.08.2000,INACTIVE,MAGHFIROH Ni'mal
8162,10034991217,RUS,25.07.2000,ACTIVE,ANDREEVA Ksenia
8163,10015980429,BLR,29.12.2000,INACTIVE,DZIAKOLA Darya
8164,10127061694,TTO,06.10.2000,ACTIVE,ROBERTS Kezia
8165,10046251095,RSA,21.05.1996,ACTIVE,JONKER Kerry
8166,10109913007,IND,10.02.2002,INACTIVE,DEVI Khoirom Rejiya
8167,10008953888,BRA,21.10.1994,INACTIVE,NISHI GOMES Gabriela Yumi
8168,10007774835,BLR,15.01.1993,INACTIVE,SHMAYANKOVA Maryna
8169,10016105418,UKR,19.12.2002,INACTIVE,LUTSYK Ganna
8170,10010666142,AUS,16.11.1998,ACTIVE,MORAN Chloe
8171,10124682063,AUS,10.11.1990,INACTIVE,SEDUNARY Jessica
8172,10082513941,RSA,08.04.2003,ACTIVE,DE BEER Ainslii
8173,10050022981,IND,25.10.2002,INACTIVE,GOGOI Chayanika
8174,10079974864,BLR,01.12.2003,INACTIVE,STSEPANETS Valeryia
8175,10049099966,KOR,17.02.2003,INACTIVE,HWANG Sojin
8176,10016294465,MEX,20.08.1999,ACTIVE,RAMIREZ NORIEGA Melanie Janet
8177,10075726668,UKR,27.05.2002,INACTIVE,ZARVANSKA Tetiana
8178,10055097701,RSA,03.11.2000,Active,SMITH Courtney
8179,10120255934,CHI,12.07.2000,INACTIVE,SAAVEDRA AGUAYO Isidora
8180,10065475081,BRA,21.08.2000,INACTIVE,ADATI LENARTOWICZ Bruna Lie
8181,10060406732,BLR,17.07.2003,ACTIVE,KUSHCHANKOVA Tatsiana
8182,10090167544,UKR,03.01.2001,INACTIVE,PANKIV Yuliia
8183,10083821522,ECU,30.01.2002,INACTIVE,SAMANIEGO GUAMAN Donie
8184,10008944087,RSA,15.08.1975,INACTIVE,GIANCHINO Elisa
8185,10122561908,BRA,24.12.1978,ACTIVE,ALIPERTI ANGULO Camila
8186,10104425736,BLR,04.07.2001,ACTIVE,MOLODOVA Yanina
8187,10009809007,KOR,19.06.1997,INACTIVE,CHOI Seulgi
8188,10096040387,MEX,05.03.2002,INACTIVE,OROZCO TERRONES Daniela
8189,10089675672,UKR,06.01.2001,INACTIVE,KALIUHA Valeriia
8190,10055348382,AUS,28.03.2000,Active,MARTIN-WALLACE Alexandra
8191,10091575357,RSA,12.02.2002,ACTIVE,SCHULTZ Charlissa
8192,10123474516,IND,07.01.2002,INACTIVE,R K Aryavinod
8193,10065474475,BRA,08.01.2000,INACTIVE,MACHADO SIQUEIRA DA SILVA Juliana Andressa
8194,10014630109,RUS,04.01.2000,ACTIVE,VASHCHENKO Polina
8195,10054111432,BLR,23.08.2002,INACTIVE,ZAITSAVA Maryia
8196,10010095054,KOR,26.01.1995,INACTIVE,KIM Huiju
8197,10090759244,MEX,15.06.2001,INACTIVE,CASTILLEJA LLANAS Maria
8198,10090290816,UKR,21.10.2002,ACTIVE,BOHDAN Alina
8199,10021859639,USA,24.01.2001,INACTIVE,BONNETT Fiona
8200,10096636333,RSA,10.06.2002,INACTIVE,VAN DER WALT Sunique
8201,10123474112,IND,02.05.2001,INACTIVE,RATHEESH Adithya
8202,10091381862,BRA,05.12.2002,INACTIVE,MARGONAR DOS PASSOS Maria Vitoria
8203,10050548094,RUS,07.10.1995,INACTIVE,ROGOVAYA Ekaterina
8204,10079975268,BLR,10.09.2003,INACTIVE,SHAPIATSIUK Natallia
8205,10115326314,MEX,18.04.2002,ACTIVE,ORTIZ OROZCO Andrea
8206,10103181611,UKR,30.10.2002,INACTIVE,OLIINYK Yelyzaveta
8207,10050996924,IND,22.02.2002,INACTIVE,VARSHINI K R
8208,10122562110,BRA,08.02.2002,INACTIVE,MARTINS GIMENES Leticia
8209,10050430179,MEX,28.10.2000,INACTIVE,DE LA FUENTE CASTAÑEDA Jenny Fernanda
8210,10089723465,UKR,05.05.2000,INACTIVE,BELIAK Daryna
8211,10080375695,ECU,10.04.2003,INACTIVE,MEJIA LIMONES Luisa
8212,10123469563,IND,21.06.1997,INACTIVE,MANESH Sona
8213,10007739267,RUS,09.04.1995,INACTIVE,KOROLEVA Ekaterina
8214,10050432809,MEX,06.11.1999,Inactive,SALINAS RODRIGUEZ Zyanya Nayeli
8215,10089726293,UKR,26.04.2000,INACTIVE,LAZURKO Viktoriia
8216,10123474213,IND,22.10.1981,INACTIVE,YADAV Manisha
8217,10009045434,RUS,17.08.1997,ACTIVE,GONCHAROVA Olga
8218,10036080647,RUS,16.09.2001,INACTIVE,DOZHDEVA Anna
8219,10083774537,GBR,26.04.2004,ACTIVE,TAYLOR Jodie
8220,10036082162,RUS,07.09.2002,Inactive,DRYAGINA Ekaterina
8221,10036079031,RUS,30.07.2002,INACTIVE,GRECHISHKINA Anastasia
8222,10023893508,GBR,20.10.2001,ACTIVE,BROUGHTON Elizabeth
8223,10096739292,GBR,04.05.2004,INACTIVE,SHERIDAN Charlotte
8224,10078876037,GBR,16.09.2003,ACTIVE,INGRAM Kinga
8225,10023730729,GBR,22.05.1999,ACTIVE,BUTLER Gabriella
8226,10054876823,GBR,16.07.1992,ACTIVE,HUNTER Natalie
8227,10010640880,LTU,10.03.1996,INACTIVE,MAROZAITE Migle
8228,10009143949,RSA,04.12.1987,INACTIVE,DU PREEZ Charlene
8229,10006899613,CHN,02.02.1991,INACTIVE,ZHONG Tianshi
8230,10096621579,NGR,21.03.1999,ACTIVE,UKPESERAYE Ese
8231,10096482648,NGR,08.06.1993,INACTIVE,IFEAKAN Oveh
8232,10049659233,MAR,04.07.2000,INACTIVE,BARHRAOUI Hakima
8233,10084277119,USA,21.09.1993,ACTIVE,WINTZ Mary
8234,10066087191,HKG,21.07.1990,INACTIVE,LEE Hoi Yan Jessica
8235,10006289624,AUS,28.11.1990,INACTIVE,MORTON Stephanie
8236,10061870927,BAR,15.12.1999,ACTIVE,JOSEPH Amber
8237,10009691088,COL,05.12.1996,INACTIVE,OCAMPO FLOREZ Valentina
8238,10010828618,COL,13.07.1998,INACTIVE,GUERRERO ROJAS Camila Alejandra
8239,10045942517,TTO,25.08.1995,Active,RAMIREZ Alexi
8240,10075430719,USA,22.03.2003,INACTIVE,DEYE Mia
8241,10035202795,COL,29.05.2000,INACTIVE,VILLEGAS CASTAÑO Valentina
8242,10016194031,USA,30.08.1999,INACTIVE,WASIELEWSKI Allyson
8243,10077616249,USA,17.07.2003,INACTIVE,THOMAS Anja
8244,10004779050,BEL,14.03.1990,ACTIVE,D'HOORE Jolien
8245,10051223357,ESP,16.04.1997,ACTIVE,RUBIO MORALES Ester
8246,10009196489,MEX,13.04.1996,Active,BONILLA ESCAPITE Jessica
8247,10005968918,NZL,15.11.1989,ACTIVE,HANSEN Natasha
8248,10110737608,IRL,16.10.1997,ACTIVE,COLLINS Autumn
8249,10051046737,ESP,18.11.2001,INACTIVE,PEREZ PEREZ Diana
8250,10044363134,GER,05.11.2001,INACTIVE,ENDLEIN Carina
8251,10050680460,USA,25.01.1984,ACTIVE,ZUBRIS Kimberly Ann
8252,10010598141,NZL,24.05.1997,INACTIVE,PODMORE Olivia
8253,10071254362,FRA,21.04.2001,ACTIVE,RANDAL Rachel
8254,10055316050,USA,23.04.2003,ACTIVE,SHUMSKAS Danielle
8255,10006078446,USA,07.10.1991,INACTIVE,HUYETT Elspeth
8256,10060813223,FRA,23.02.2001,INACTIVE,HUET Floriane
8257,10023451752,ROU,28.01.1977,INACTIVE,CEAUSESCU Adriana
8258,10058814215,VEN,17.03.2000,ACTIVE,PACHECO GELDER Wilmarys Del Valle
8259,10007134130,CRC,09.08.1988,INACTIVE,RUBIANO GARCES Marcela
8260,10113423700,IRI,18.03.1997,ACTIVE,ABDOLLAHI ARAB Foroozan
8261,10063969460,GRE,10.06.2001,INACTIVE,LIODAKI Sofia
8262,10083975106,AUT,23.10.2003,ACTIVE,GSCHWENTNER Leila
8263,10063048263,VEN,11.08.2000,ACTIVE,GARCÍA RODRIGUEZ Katiuska Andreina
8264,10009091005,GER,30.06.1997,ACTIVE,HOFMANN Jenny
8265,10030400689,ITA,23.07.2002,ACTIVE,TORMENA Gaia
8266,10073852548,CAN,20.07.2002,ACTIVE,BARRACLOUGH Ngaire
8267,10014052048,IRI,03.03.1999,INACTIVE,ABDI Narges
8268,10088225726,IRL,12.02.1986,ACTIVE,TAGGART Nikki
8269,10009409990,FIN,02.02.1979,INACTIVE,HYVÄRINEN Jaana
8270,10010676044,AUT,09.04.1982,INACTIVE,WINDISCH Veronika
8271,10050942562,IND,18.07.1999,ACTIVE,AGASHE Shushikala
8272,10014575848,ROU,17.09.1997,ACTIVE,STAN Miriam
8273,10010807905,LTU,03.09.1998,ACTIVE,BALEIŠYTE Olivija
8274,10063548017,VEN,27.04.2001,ACTIVE,DAZA SANTANA Maria Andreina
8275,10030545987,ITA,24.09.2003,ACTIVE,FIORIN Sara
8276,10048875553,CAN,04.12.2001,ACTIVE,VAN DAM Sarah
8277,10120611501,IRI,10.10.2000,ACTIVE,MAZARI Azadeh
8278,10009324512,GRE,16.05.1995,ACTIVE,PLEGA-GAVRILAKI Ioanna
8279,10005978820,ITA,01.05.1990,ACTIVE,SCANDOLARA Valentina
8280,10062860832,IRL,03.04.1997,INACTIVE,MCMULLAN Eimer
8281,10007191522,FIN,08.10.1983,INACTIVE,PENSAARI Pia
8282,10015707516,ESP,02.09.1999,ACTIVE,GOMEZ RAMOS Dolores
8283,10014861188,AUT,21.11.1998,INACTIVE,IMREK Tatjana
8284,10007476963,USA,26.08.1993,ACTIVE,AINSLIE Keely
8285,10006127350,THA,08.12.1989,ACTIVE,NUNTANA Supuksorn
8286,10015781476,NZL,04.07.1998,INACTIVE,RAY Olivia
8287,10105775854,ROU,05.08.2002,INACTIVE,CRACIUN-BUNDA Ioana-Theodora
8288,10068631524,VEN,27.09.2002,INACTIVE,ABREU ALVARADO Veronica Sofia
8289,10090741157,MEX,30.11.2002,ACTIVE,HINOJOSA CRUZ Romina
8290,10030702100,ITA,17.04.2003,Active,BASILICO Valentina
8291,10051239222,CAN,12.03.1999,ACTIVE,ATTWELL Erin J
8292,10084174257,IRI,21.03.2001,INACTIVE,GHOLAMREZAEI Yeganeh
8293,10094543153,GRE,08.11.2001,INACTIVE,NIKITA Foteini
8294,10031444451,ITA,03.12.2002,ACTIVE,DEL SARTO Milena
8295,10017043587,IRL,16.07.1975,ACTIVE,COLEMAN Anne
8296,10077693647,FIN,13.07.1994,ACTIVE,STEN Ida
8297,10003310108,ESP,18.04.1984,ACTIVE,LOPEZ MORALES Belen
8298,10035025569,AUT,06.03.2001,ACTIVE,VOGL Anja
8299,10015570201,JPN,27.04.1999,INACTIVE,MATSUI Yuka
8300,10029861533,ITA,13.03.2000,ACTIVE,ZANETTI Emanuela
8301,10048851204,POL,10.04.1999,INACTIVE,RYSZ Kaja
8302,10068643042,VEN,20.07.2002,ACTIVE,ZAMBRANO OLARTE Shantal Anabella
8303,10010939055,CAN,07.07.1999,ACTIVE,WEST Ruby
8304,10088976868,GRE,13.03.2002,ACTIVE,KAROUSOU Eirini Maria
8305,10035369719,COL,07.01.1991,ACTIVE,OJEDA IBARRA Marta Catalina
8306,10030698056,ITA,08.01.2002,ACTIVE,PEDRELLI Chia
8307,10107420410,IRL,13.01.1995,ACTIVE,MCPARLAND Helen
8308,10014361539,USA,25.12.1973,INACTIVE,KORNELY Camie
8309,10050940946,IND,07.04.2000,INACTIVE,K J Kalyni
8310,10011159731,AUS,30.08.1999,INACTIVE,TUCKER Lara
8311,10020782232,JPN,19.08.2002,INACTIVE,KANEDA Maika
8312,10009988556,POL,06.01.1997,Active,PIKULIK Daria
8313,10058538268,CAN,14.06.2001,ACTIVE,PLANTE Lily
8314,10015240603,GRE,08.10.1983,INACTIVE,VOUTZALI Vasiliki
8315,10015190382,FIN,29.05.2001,INACTIVE,TASKINEN Sonja
8316,10050519402,IND,12.06.2000,INACTIVE,BATI Arati
8317,10048445925,POL,01.07.2000,INACTIVE,MAJEWSKA Oliwia
8318,10034093359,ROU,05.05.2002,INACTIVE,ANTON Annamaria
8319,10060054603,POL,22.01.2003,Inactive,PCHELKA Zuzanna
8320,10083207691,GRE,06.01.1988,INACTIVE,KELERMENOU Anna
8321,10100654961,IND,09.07.1998,INACTIVE,KARANDE Priyanka
8322,10010792242,NZL,17.06.1997,INACTIVE,DUNN Rhiannon
8323,10015339320,POL,21.11.2000,INACTIVE,POLAK Wiktoria
8324,10103815040,ESP,09.04.1982,ACTIVE,RODRIGUEZ HERNANDEZ Miriam
8325,10059958411,COL,29.05.2002,INACTIVE,PAEZ ESPINEL Maria Puala
8326,10009138188,FRA,19.09.1995,INACTIVE,TURBLIN Chloë
8327,10027625277,FRA,16.02.2000,ACTIVE,HINAULT Maryanne
8328,10068152685,FRA,17.07.2003,ACTIVE,HENRY Emma
8329,10071484334,FRA,02.05.2003,ACTIVE,ROBIC Angelina
8330,10052840833,POL,04.09.2002,INACTIVE,JEDRZEJAK Sandra
8331,10035458433,COL,11.11.1999,INACTIVE,RAMIREZ ESCOBAR Angela Maria
8332,10083968133,USA,18.01.2002,INACTIVE,PLACER Reina
8333,10010114151,KAZ,10.01.1998,INACTIVE,SANAKBAYEVA Zhanerke
8334,10006604771,ESP,16.06.1992,ACTIVE,CALVO BARBERO Tania
8335,10007773825,FRA,10.10.1992,ACTIVE,DEMAY Coralie
8336,10009139404,NZL,25.05.1989,INACTIVE,JAMES Kirstie
8337,10015346895,INA,23.04.1998,INACTIVE,DWI PUTRI Crismonita
8338,10005511503,AUS,20.01.1988,INACTIVE,MCCULLOCH Kaarle
8339,10010797696,HKG,05.06.1998,INACTIVE,LI Yin Yin
8340,10006401172,CHN,09.12.1990,INACTIVE,LIN Junhong
8341,10005605267,MAS,12.03.1989,ACTIVE,MUSTAPA Fatehah
8342,10018638431,IRL,10.04.1990,INACTIVE,STEWART Robyn
8343,10002577150,COL,17.03.1982,INACTIVE,GARCIA ORREGO Diana Maria
8344,10007428362,INA,14.11.1993,INACTIVE,NOVANDA Elga Kharisma
8345,10010716965,CHN,27.04.1997,INACTIVE,SONG Chaorui
8346,10003100950,GER,09.12.1986,INACTIVE,WELTE Miriam
8347,10010626837,NZL,07.01.1997,INACTIVE,KING Jaymie
8348,10010630574,NZL,12.04.1993,INACTIVE,YOUNG Tessa
8349,10011163872,TPE,02.07.1999,INACTIVE,QIU Jing Wen
8350,10009068066,MAS,17.07.1996,ACTIVE,MOHD ADNAN Farina Shawati
8351,10036105000,KAZ,16.04.2000,INACTIVE,SHAPOVALOVA Anastassiya
8352,10051986930,COL,12.01.2001,ACTIVE,HERRERA SERRANO Mariana
8353,10083742205,BUR,15.06.1999,ACTIVE,BAMOGO Awa
8354,10063752828,BLR,02.05.2001,INACTIVE,MIADZVETSKAYA Dziyana
8355,10010640981,POL,10.02.1997,INACTIVE,JAGODZINSKA Julita
8356,10015321940,CHN,22.10.1998,INACTIVE,TANG Mengqi
8357,10049781693,MAR,02.08.2000,ACTIVE,ES-SADDY Siham
8358,10072341873,AUS,16.08.2001,INACTIVE,MAY Heather
8359,10015171386,GER,27.08.2000,INACTIVE,GÖTZ Emma
8360,10010641082,POL,25.08.1998,INACTIVE,TOLOMANOW Aleksandra
8361,10009692304,RUS,21.05.1997,INACTIVE,BOGOYAVLENSKAYA Kseniya
8362,10010167806,RUS,18.08.1998,INACTIVE,SUKHAREVA Elizaveta
8363,10063227311,JPN,12.12.1991,INACTIVE,YAMAGUCHI Mami
8364,10009762325,CAN,23.07.1988,ACTIVE,O'BRIEN Kate
8365,10048305677,CAN,18.07.1982,INACTIVE,MCKINNON Rachel
8366,10008996631,AUS,21.12.1995,INACTIVE,TAKOS Holly
8367,10007500003,GBR,15.09.1993,INACTIVE,WILLIAMSON Victoria
8368,10036578276,LTU,07.07.2000,INACTIVE,ŠUMSKYTĖ Viktorija
8369,10055349800,AUS,29.07.2000,INACTIVE,FIELD Alana
8370,10004594750,CUB,31.10.1987,INACTIVE,GUERRA RODRIGUEZ Lisandra
8371,10062776259,KAZ,06.05.2001,INACTIVE,ABRAMCHUK Alyona
8372,10015000527,ECU,27.01.1999,INACTIVE,CARGUA SEVILLA Katheryne Adamary
8373,10089623435,UKR,03.09.1999,INACTIVE,MARTYNIUK Daryna
8374,10010717167,CHN,14.03.1996,INACTIVE,SHEN Yan
8375,10034770945,NZL,30.04.2000,INACTIVE,BLOXHAM Sophie-Leigh
8376,10010840742,TTO,01.01.1998,INACTIVE,LOVELL Dominique
8377,10049091377,KOR,30.06.1999,INACTIVE,HA Jieun
8378,10015982651,TPE,13.09.1999,INACTIVE,CHANG Ya Wen
8379,10034990611,RUS,21.03.2000,Inactive,DIKAYA Aleksandra
8380,10009690179,COL,29.06.1997,INACTIVE,PARRA GOENZ Luisa Fernanda
8381,10010119205,GBR,06.03.1996,INACTIVE,GRANT Lucy
8382,10064451531,BLR,21.10.2001,ACTIVE,MILENKAYA Polina
8383,10036104996,KAZ,26.03.2000,INACTIVE,SAKTAGANOVA Aizhan
8384,10016221919,USA,02.03.2000,INACTIVE,BARDMAN Marcy
8385,10017854751,TPE,03.02.2000,INACTIVE,CHEN Yu Hsin
8386,10064811138,CAN,18.04.1992,ACTIVE,FARRINGTON Courtenay
8387,10075184478,AUS,07.12.2001,INACTIVE,BONSER Karis
8388,10022167817,NZL,03.08.2001,INACTIVE,PATERSON Emily
8389,10015319920,CHN,26.12.1999,INACTIVE,SHEN Chaoyue
8390,10016280422,ECU,21.04.2000,INACTIVE,LOZANO TARIRA Genesis
8391,10009062006,ITA,08.04.1995,INACTIVE,ANDREOTTI Maila
8392,10079661737,IRL,13.01.1992,INACTIVE,NUGENT Clodagh
8393,10015662349,ITA,05.11.1999,ACTIVE,FIDANZA Martina
8394,10045957065,UZB,30.06.1998,INACTIVE,ADELSHINOVA Diana
8395,10053514678,BOL,14.12.2001,ACTIVE,SARABIA RICALDEZ Abigail
8396,10063079484,RSA,09.04.1977,INACTIVE,NEETHLING Adelia
8397,10044087793,POR,31.03.2002,ACTIVE,CAMPOS Daniela
8398,10004617988,FRA,01.04.1988,INACTIVE,CLAIR Sandie
8399,10035465406,COL,05.03.2001,INACTIVE,GIL GUZMAN Isabella
8400,10023484791,CHN,13.07.2000,INACTIVE,HU Jiafang
8401,10009084739,AUS,26.09.1995,INACTIVE,JONES Hayley
8402,10045942416,TTO,17.09.1992,INACTIVE,COSTA Jessica
8403,10053113544,DEN,02.05.1983,Inactive,SØVANG Kirsten
8404,10014673858,HUN,06.08.1999,INACTIVE,LÁSZLÓ Tamara
8405,10008999156,IRI,24.07.1988,INACTIVE,ABBASI Atoosa
8406,10035393563,COL,25.09.2001,INACTIVE,BOTERO FIGUEROA Catalina
8407,10022119620,NZL,11.02.2001,INACTIVE,MILNE McKenzie
8408,10010093741,TTO,01.11.1996,ACTIVE,AWAI Cheyenne
8409,10023483680,CHN,12.01.1997,ACTIVE,HUANG Zhilin
8410,10015572726,JPN,07.03.1999,INACTIVE,MATSUMOTO Shino
8411,10011559350,ARG,11.07.1970,INACTIVE,PERINO Adriana
8412,10008688150,DEN,12.01.1994,ACTIVE,OLSEN Amalie Winther
8413,10023622312,HUN,12.07.2000,INACTIVE,KOVÁCS Vivien
8414,10009042707,VEN,11.11.1992,INACTIVE,PÉREZ Yolimar Diovic
8415,10059565256,GUA,18.06.1993,ACTIVE,GUILLEN RIVERA Andrea Fernanda
8416,10035025670,AUT,16.10.2000,INACTIVE,HAJEK Caroline
8417,10010609154,UZB,13.12.1996,ACTIVE,KNEBELEVA Ekaterina
8418,10009202856,CHN,18.04.1995,INACTIVE,JIN Chenhong
8419,10045988185,TPE,15.12.2000,INACTIVE,WANG Ling Hsuan
8420,10061681775,ARG,30.09.1987,INACTIVE,SENGER Antonella
8421,10056453677,ESP,12.07.1994,ACTIVE,NUÑO IGLESIAS Nerea
8422,10097450325,JPN,07.05.1999,INACTIVE,OGATA Mao
8423,10006083395,THA,21.07.1987,INACTIVE,LUEKAJORH Wathinee
8424,10006883445,DEN,18.05.1991,INACTIVE,QUAADE Michelle
8425,10023611093,HUN,26.10.2000,INACTIVE,HONOS Csenge
8426,10009077261,IRI,21.10.1993,ACTIVE,FEIZI Fatemeh
8427,10010167503,CZE,22.06.1998,ACTIVE,KAŇKOVSKÁ Ema
8428,10063454956,GUA,27.10.1990,INACTIVE,GIRON DE LEON Maria Andre
8429,10064756473,VEN,22.04.1996,INACTIVE,MARTINEZ Kimberly
8430,10007750684,AUS,13.11.1994,INACTIVE,JANSSEN Madison
8431,10008945101,RSA,09.02.1988,INACTIVE,BESTER Victoria Sarah
8432,10094330460,ARG,24.08.1989,INACTIVE,CAGNOLO Gina Sofia
8433,10056259576,ARG,15.11.2001,ACTIVE,GUTIERREZ Micaela Beatriz
8434,10005838168,GRE,08.02.1990,INACTIVE,PLESIOTI Dimitra
8435,10010714743,ITA,21.02.1997,ACTIVE,BARBIERI Rachele
8436,10009102220,IRL,13.10.1975,INACTIVE,MITCHELL Susie
8437,10070917690,FRA,03.08.1998,INACTIVE,LE GUET Anais
8438,10010868529,DEN,14.08.1991,Inactive,SØGAARD Camilla
8439,10006140383,IRI,19.09.1981,ACTIVE,KHEDRI Nasim
8440,10010101118,KOR,01.05.1995,INACTIVE,KIM Seungyeon
8441,10050430785,MEX,26.09.1998,INACTIVE,JASSO ESPINOZA Claudia Yareli
8442,10035041131,AUT,22.11.2001,INACTIVE,HUTER Petra
8443,10096578436,ARG,20.09.1992,INACTIVE,DIAZ Mariana
8444,10010590360,UZB,09.08.1998,ACTIVE,BAYMETOVA Renata
8445,10010108390,KOR,04.03.1994,INACTIVE,IM Dabin
8446,10089025368,ARG,19.12.1991,INACTIVE,BARROS SILVA Scarlett
8447,10020955721,JPN,20.10.2000,INACTIVE,GEJO Miyu
8448,10017855862,TPE,30.05.2000,INACTIVE,CHEN Ching Yu
8449,10050620240,THA,10.09.1996,ACTIVE,SOPA Suthima
8450,10079555845,GRE,30.07.2001,ACTIVE,KOKOLIOU Eleni
8451,10023549661,FRA,13.08.1998,INACTIVE,BRUNET Marie
8452,10065893292,DEN,31.12.2000,ACTIVE,KLINGE Ellen
8453,10062736550,KAZ,01.01.2001,ACTIVE,KHAMZINA Elvira
8454,10014051947,IRI,14.01.1998,INACTIVE,LARAKI Rahil
8455,10016191607,KOR,02.12.1999,INACTIVE,JEONG Seolhwa
8456,10087884408,CZE,04.03.2001,INACTIVE,VAN NECK Alysha
8457,10014682144,USA,07.06.1988,INACTIVE,PRIETO Janelly
8458,10097135275,VEN,31.03.2000,INACTIVE,ORTIZ DE LA CABADA Andrea Valenti
8459,10011135984,JPN,23.03.1999,INACTIVE,KOIZUMI Yumena
8460,10016105721,UKR,21.04.2000,INACTIVE,DOROSHENKO Julia
8461,10092049445,POL,14.07.1995,ACTIVE,FLIS Agata
8462,10010998568,CAN,12.02.1999,ACTIVE,COLES-LYSTER Maggie
8463,10096075753,TPE,13.08.1987,ACTIVE,PAN Hui Ching
8464,10072422002,THA,13.05.2000,ACTIVE,INCHAN Salinthip
8465,10081026508,GRE,28.11.2001,INACTIVE,STAVGIANNOUDAKI Chrysi
8466,10015980126,BLR,07.07.2000,INACTIVE,BARANAVA Anastasiya
8467,10023844503,IRL,10.09.2000,ACTIVE,HOMER Gabriella
8468,10016026000,DEN,26.07.1988,ACTIVE,HEMMSEN Karoline
8469,10063589039,KAZ,05.12.2001,INACTIVE,LYNNIK Anastassiya
8470,10062193552,GER,17.02.1992,INACTIVE,IMPERATORI Laura
8471,10060946090,USA,20.06.1969,INACTIVE,MAXIMOVICH Kira
8472,10023526423,BRA,07.10.1999,INACTIVE,SANTOS DA SILVA CRUZ Esther Fernanda
8473,10035047191,AUT,04.03.1998,ACTIVE,DANIEL Jennifer
8474,10015397924,POL,24.04.1999,INACTIVE,PRZYBYLAK Karolina
8475,10062753829,PER,10.03.1996,INACTIVE,BENDEZÚ FLORES Ghillma Anahell
8476,10016149571,JPN,17.10.1997,INACTIVE,UCHIMURA Fuka
8477,10060907290,ARG,26.06.1998,INACTIVE,CAMPOS Daniela
8478,10009683917,BLR,16.12.1997,INACTIVE,SAFONAVA Anastasiya
8479,10018749474,IRL,16.10.1997,INACTIVE,COLLINS Autumn
8480,10062737762,KAZ,26.11.2001,INACTIVE,BRYNZA Yekaterina
8481,10084176984,IRI,16.04.1995,INACTIVE,KOCHAKPOUR Fatemeh
8482,10023545621,BRA,26.05.1988,INACTIVE,ALVES DA SILVA Rosemeire
8483,10061643884,AUT,25.05.2001,INACTIVE,HAIDEGGER Sophia
8484,10010741419,POL,28.08.1997,INACTIVE,PIZON Karolina
8485,10060468972,PER,07.02.2001,INACTIVE,VALDIVIA VILCHEZ Estephany
8486,10015570807,KOR,16.09.1999,INACTIVE,KIM Hyesu
8487,10063489312,ARG,17.04.2001,INACTIVE,VICTORIO VILLARROEL Camila
8488,10045797926,CAN,19.08.1985,ACTIVE,PHILLIP Rosa
8489,10036109747,KAZ,09.09.2000,INACTIVE,AIZAKHMETOVA Anelya
8490,10015915660,POL,28.11.2000,INACTIVE,KROLIKOWSKA Klaudia
8491,10002880476,VEN,03.01.1981,ACTIVE,GONZALEZ GARCIA Angie Sabrina
8492,10036084283,RUS,21.02.2001,INACTIVE,LUKYANOVA Anastasiya
8493,10096344323,KOR,03.05.2000,INACTIVE,LEE Haran
8494,10089820970,GBR,28.05.2000,ACTIVE,HOLT Georigia
8495,10099000709,NZL,12.08.1986,ACTIVE,BENNETTS Fiona
8496,10015714889,CAN,25.10.1999,INACTIVE,BERGERON Katherine
8497,10064439205,USA,07.04.1981,INACTIVE,ORWICK Dawn
8498,10016299216,POL,09.09.2000,INACTIVE,SZYMCZAK Natalia
8499,10065475586,BRA,16.03.2000,INACTIVE,DA SILVA Juliana
8500,10015997708,CHN,12.03.1997,INACTIVE,ZHANG Ying
8501,10059926883,GBR,08.02.2001,INACTIVE,ROBINSON Charlotte
8502,10076199241,UKR,17.06.2000,INACTIVE,VACHKO Tetiana
8503,10070874547,FRA,30.01.2001,INACTIVE,FARGIER Jade
8504,10083954995,CHN,28.05.2001,INACTIVE,QI Lei
8505,10025561302,FRA,02.06.2000,INACTIVE,DAYDE Léa
8506,10052470516,RUS,19.01.2001,INACTIVE,MEDVEDEVA Darina
8507,10036105202,KAZ,21.04.2000,INACTIVE,BOGDANOVA Tatyana
8508,10016105519,UKR,24.06.2001,INACTIVE,LAZURKO Iryna
8509,10064526505,USA,25.04.1990,INACTIVE,GRAY Heather
8510,10009785866,ITA,18.07.1995,ACTIVE,FRAIEGARI Giorgia
8511,10028103207,FRA,15.04.1973,ACTIVE,FOURCADE Elodie
8512,10062462526,CHN,27.07.1999,INACTIVE,XIAO Jiaxi
8513,10023774175,GBR,05.06.2001,INACTIVE,WINTON Elizabeth
8514,10062538308,CHN,08.10.1998,INACTIVE,WANG Nuonan
8515,10015999021,CHN,25.10.1998,INACTIVE,LIU Tianzi
8516,10007059560,RUS,04.01.1990,INACTIVE,BREZHNIVA Elena
8517,10084757469,CHN,03.12.1995,INACTIVE,WANG Pengyun
8518,10018827680,GBR,22.03.1992,ACTIVE,HOWARD Rebecca
8519,10010929052,CHN,29.06.1995,INACTIVE,WANG Qiya
8520,10009208617,CHN,04.10.1994,INACTIVE,FAN Yonghong
8521,10083955201,CHN,02.08.2001,INACTIVE,JIANG Xuezhi
8522,10093926090,GBR,08.09.1999,INACTIVE,NOBLE Millie
8523,10062448378,CHN,04.08.2001,INACTIVE,CHEN Yuling
8524,10005916475,CAN,30.11.1979,INACTIVE,GRAY Heather
8525,10062638035,GBR,26.11.1993,ACTIVE,ADESIDA Yewande
8526,10015321536,CHN,26.06.1999,INACTIVE,CHEN Sining
8527,10084757267,CHN,29.01.1999,INACTIVE,ZHANG Xinyue
8528,10010620066,BRA,19.09.1979,ACTIVE,SAGGIORO GASPAROTTO Gisele
8529,10006640036,CAN,02.08.1992,INACTIVE,WALSH Amelia
8530,10010747681,NZL,20.02.1998,INACTIVE,CUMMING Emma
8531,10007722594,NED,28.06.1994,INACTIVE,LIGTLEE Elis
8532,10055349493,AUS,17.05.1994,INACTIVE,KNOX Sophie
8533,10005967908,GER,10.11.1990,INACTIVE,VOGEL Kristina
8534,10010181344,ITA,25.04.1998,INACTIVE,MANZONI Gloria
8535,10010655735,HKG,15.08.1997,INACTIVE,MA Wing Yu
8536,10049558694,MAR,23.07.1996,ACTIVE,EL HAYANI Fatima Zahra
8537,10010612891,ZIM,17.10.1997,ACTIVE,MITCHELL Helen
8538,10074564082,RSA,16.08.2000,INACTIVE,SUTTON Rimari
8539,10009073221,FRA,05.06.1995,ACTIVE,PAIN Mélissandre
8540,10006409963,JPN,13.01.1991,ACTIVE,MAEDA Kayono
8541,10015965877,CUB,05.03.1999,INACTIVE,GARCIA BLANCO Mirta
8542,10010652503,TPE,16.04.1997,INACTIVE,CHANG Yao
8543,10055348786,AUS,18.10.2000,INACTIVE,VONDERWALL Brooklyn
8544,10051352083,USA,09.05.1990,INACTIVE,ERICKSON Missy
8545,10014739435,UKR,03.09.1999,INACTIVE,MARTYNYUK Daryna
8546,10052293993,THA,21.07.1987,ACTIVE,LUEKAJORN Watinee
8547,10036578478,LTU,20.11.2000,INACTIVE,SAVIČIŪTĖ Arune
8548,10007502023,ESP,22.09.1993,INACTIVE,USABIAGA BALERDI Irene
8549,10051717552,CAN,19.02.1985,ACTIVE,ROY Emilie
8550,10009024519,AUS,09.08.1977,INACTIVE,WHEADON Rebecca
8551,10015509977,NED,03.01.1999,ACTIVE,DE ZOETE Mylene
8552,10007076839,ARG,20.09.1992,INACTIVE,DIAZ Mariana
8553,10015483507,GBR,25.08.1999,INACTIVE,HILLEARD Georgia
8554,10006902643,POL,23.07.1992,INACTIVE,KARASIEWICZ Karolina
8555,10006065716,SVK,06.02.1990,ACTIVE,BAČÍKOVÁ Alžbeta
8556,10016326191,VEN,31.03.2000,Inactive,ORTIZ DE LA CABADA Andrea Valñentina
8557,10029881337,ITA,30.09.2000,ACTIVE,SCARSI Gloria
8558,10014173502,NED,27.04.1999,ACTIVE,VAN TEESELING Bente
8559,10006136545,KOR,27.01.1990,INACTIVE,KIM Wongyeong
8560,10010676448,JPN,15.08.1997,INACTIVE,OKAMOTO Nina
8561,10023560472,ITA,05.09.2000,INACTIVE,POMPEI Valeria
8562,10054028980,CHI,06.05.1999,INACTIVE,URRUTIA DIAZ Renata Almendra
8563,10053908237,POL,07.04.2001,INACTIVE,KOWALSKA Julia
8564,10005979123,ESP,19.01.1990,ACTIVE,USABIAGA BALERDI Ana
8565,10009489513,BEL,22.03.1984,INACTIVE,VERSTICHELEN Femke
8566,10025458036,FRA,04.01.1999,ACTIVE,LEBRUN Cassandra
8567,10060754013,ROU,27.08.2000,INACTIVE,IONESCU Andreea
8568,10009325118,GBR,30.08.1988,ACTIVE,JAMES Rachel
8569,10004735806,NED,04.07.1988,ACTIVE,KESSLER Nina
8570,10011200652,JPN,03.01.1995,INACTIVE,NISHIJIMA Kanoko
8571,10009455359,JPN,17.02.1990,INACTIVE,ISHII Takako
8572,10008970258,GBR,18.04.1994,INACTIVE,CRAMPTON Jessica
8573,10008939239,GUA,02.11.1994,INACTIVE,GUILLÉN Paula
8574,10016301236,VEN,02.01.1998,INACTIVE,PERDOMO Grendanny
8575,10010903083,IRI,02.08.1986,INACTIVE,ASADOLLAHI Bahareh
8576,10015265053,NOR,18.03.1988,Active,FLATAAS Marie
8577,10006711774,RSA,19.11.1988,INACTIVE,NICHOLSEN Magdalene
8578,10015577574,POR,09.07.1999,ACTIVE,MARTINS Maria
8579,10053508113,BOL,14.09.2000,INACTIVE,TORRICO ESCALERA Raquel Cristiane
8580,10016232124,BOL,09.04.1998,INACTIVE,FLORES Marcyn
8581,10008789695,GBR,12.03.1994,ACTIVE,ARCHIBALD Katie
8582,10010665031,NZL,24.06.1998,INACTIVE,CHRISTIE Tahlay
8583,10078184206,GUA,05.11.1988,Active,CASTILLO MALOUF Stephany
8584,10010835385,VEN,02.06.1998,INACTIVE,TORRES GONZALEZ Sorelys Paola
8585,10009237616,IRI,13.02.1985,INACTIVE,RAHIMI Samira
8586,10009190227,ESP,13.12.1996,INACTIVE,ARAIZ AGUIRRE Gudane
8587,10015957995,DEN,10.04.1995,ACTIVE,HUITFELDT Josefine
8588,10009159612,RSA,18.12.1996,INACTIVE,VAN DEVENTER Odette
8589,10016262234,COL,04.08.1998,INACTIVE,DAZA RINCON Adriana Ximena
8590,10056179249,MAS,27.11.1999,INACTIVE,ZAIDI Nia Vanessa Suhana
8591,10011202470,GRE,11.01.1989,INACTIVE,ATHANASOPOULOU Christina Ioanna
8592,10009728171,UKR,25.04.1996,INACTIVE,ZALIZNA Valeria
8593,10015427024,KAZ,12.09.1998,INACTIVE,GAVRILOVA Viktoriya
8594,10071428053,BRA,10.08.1993,INACTIVE,MARQUES DOS SANTOS VIVIANE CRISTINA
8595,10010808309,POL,31.05.1997,INACTIVE,KACZMARCZYK Karolina
8596,10012267450,USA,11.08.1971,INACTIVE,D'ERCOLE Christine
8597,10010599858,COL,19.11.1995,ACTIVE,GOMEZ DIAZ Valentina
8598,10053236816,MAS,19.03.1999,INACTIVE,MOHD ZAINUDIN Nur Syazrena Irdayu
8599,10010736769,IRL,31.07.1987,INACTIVE,LOSCHER Sofie
8600,10007767256,GRE,11.02.1980,INACTIVE,TZOMPANAKI Katerina
8601,10041108883,ESP,05.07.2000,Inactive,BARRIGUETE RODRIGUEZ Sofia
8602,10075346853,UKR,12.07.1999,INACTIVE,YAROSHENKO Viktoriia
8603,10014170468,POL,08.11.1997,INACTIVE,BAKULA Anna
8604,10013963738,MEX,04.02.1993,INACTIVE,MARTÍNEZ CLARK Elian Aida
8605,10055035356,MAS,22.12.1999,INACTIVE,HALIM Fatin Najiha
8606,10040761000,ESP,15.09.2000,ACTIVE,BANLLES SANTAMARIA Maria
8607,10023476307,CAN,29.01.1988,ACTIVE,NESTMAN Jenna
8608,10075323009,UKR,24.03.2000,INACTIVE,ELINA Huselnykova
8609,10061873654,NED,30.01.1998,INACTIVE,BROMMER Imke
8610,10021679682,NZL,09.08.2000,INACTIVE,GREENE Britney
8611,10051979351,COL,09.05.2000,INACTIVE,YARA Jessica Alexandra
8612,10054034640,USA,04.05.1993,INACTIVE,RICHARDSON Sydney
8613,10009197503,ESP,17.09.1986,ACTIVE,SOPEÑA ESPA Cecilia
8614,10074370385,ITA,20.09.1998,ACTIVE,VEZZI Ginevra
8615,10015874335,LTU,29.08.1999,INACTIVE,KAZLAUSKAITE Kristina
8616,10010860041,POL,28.05.1998,INACTIVE,FAJKOWSKA Ewa
8617,10009077665,IRI,29.12.1992,INACTIVE,SHALIHA Fahimeh
8618,10016652658,IRL,14.12.1991,INACTIVE,HAVERTY Gill
8619,10074677250,FRA,28.12.2000,INACTIVE,CHARRIER Celia
8620,10011153465,ESP,31.01.1998,INACTIVE,PAREDES ALARCON Esperanza
8621,10015833515,POL,30.01.1997,INACTIVE,PRZEZAK Dorota
8622,10064060093,USA,25.01.1987,INACTIVE,FISK Andrea
8623,10084696845,CAN,01.12.1987,INACTIVE,DAGENAIS EVERELL Sara
8624,10036578579,LTU,15.02.2000,INACTIVE,SAKAVICKAITĖ Jovita
8625,10010684330,BRA,01.08.1995,INACTIVE,DA SILVA BEZERRA Luana
8626,10054634626,POL,15.05.1998,INACTIVE,KLATKA Malgorzata
8627,10030013400,ITA,18.09.1999,ACTIVE,COSENTINO Caris
8628,10084651981,GBR,01.07.1990,INACTIVE,HELSBY Ashley Faye
8629,10084277220,USA,28.01.1993,INACTIVE,SALORT D'marlyd
8630,10080141077,CAN,02.09.1994,INACTIVE,SIFTON Evelyn
8631,10065475687,BRA,06.12.1999,INACTIVE,DE SOUZA GONÇALVES Gabriela
8632,10062872451,POL,25.03.1997,INACTIVE,RYDZYNSKA Sandra
8633,10005497254,ITA,14.07.1988,ACTIVE,FRAPPORTI Simona
8634,10008908422,CRO,22.09.1996,ACTIVE,MUSA Alessandra
8635,10023859960,GBR,24.11.2000,INACTIVE,COOMBES Amelia
8636,10034819546,UKR,05.05.2000,INACTIVE,BELIAK Dasha
8637,10015405806,BRA,13.06.1991,ACTIVE,SIMÕES DE ALMEIDA Aline
8638,10015659016,LAT,11.09.1999,INACTIVE,CARBONARI Anastasia
8639,10025841184,FRA,17.08.2000,INACTIVE,GESLIN Marie
8640,10016108347,UKR,26.04.2000,INACTIVE,LAZURKO Viktoria
8641,10029491721,CRO,13.10.1997,ACTIVE,MUSA Gloria
8642,10079185831,GBR,18.12.1981,INACTIVE,LOVESAY Naomi
8643,10034912001,RUS,23.02.1998,INACTIVE,VERTIKOVA Anastasia
8644,10015321738,CHN,10.03.1998,INACTIVE,FENG Jingjing
8645,10005968009,TPE,29.05.1990,ACTIVE,黃 HUANG 亭茵 Ting Ying
8646,10061198088,CHN,07.12.1997,INACTIVE,XIAO Yue
8647,10010921069,USA,12.09.1995,INACTIVE,BROWNE Mckenzie
8648,10014659815,CHN,05.10.1997,INACTIVE,CUI Jiarui
8649,10014169155,FRA,11.08.1997,ACTIVE,POIRIER Juliette
8650,10008918122,RUS,21.01.1996,INACTIVE,KISELEVA Tatiana
8651,10053580255,EGY,25.09.1996,ACTIVE,ZAYED AHMED Ebtissam
8652,10010702316,RSA,01.05.1998,INACTIVE,ABBOT Jennifer
8653,10009728676,IRI,21.09.1997,INACTIVE,HADAVAND Fatemeh
8654,10053580356,EGY,18.05.1998,INACTIVE,MOHAMED RASHWAN Donia
8655,10023476408,CAN,12.08.1992,INACTIVE,COCHRANE Tegan
8656,10009202250,MAR,19.09.1994,INACTIVE,BENAJI Mounia
8657,10009727666,TTO,30.07.1997,INACTIVE,ST GEORGE Kollyn
8658,10009424340,NGR,09.09.1993,INACTIVE,GRIPKA Tombrapa
8659,10050940845,IND,28.07.1998,INACTIVE,P Nayana Rajesh
8660,10013621410,GUA,15.05.1986,INACTIVE,JIMENEZ GALICIA Yamilet
8661,10008670770,AUT,06.12.1994,ACTIVE,EBERHARDT Verena
8662,10007273061,RUS,14.01.1993,INACTIVE,BONDARENKO Alina
8663,10011157307,IND,01.04.1998,INACTIVE,CHUTIA Anu
8664,10004866653,TPE,07.01.1985,ACTIVE,蕭 HSIAO 美玉 Mei Yu
8665,10007227793,AUS,02.07.1993,INACTIVE,BELDER Rikki
8666,10061837581,CRC,28.08.1985,INACTIVE,LOPEZ TORRES Laura
8667,10007499090,GER,15.06.1993,INACTIVE,KÜLLMER Lisa
8668,10010165176,RUS,11.06.1998,INACTIVE,CHEPURNOVA Sofia
8669,10009730393,USA,04.12.1997,INACTIVE,SANTE Julia
8670,10009518916,ESP,10.05.1996,INACTIVE,LUQUE BENITO Tamar
8671,10009205381,CHN,16.07.1995,INACTIVE,MA Jin
8672,10015321637,CHN,22.12.1998,INACTIVE,CHENG Li
8673,10009995832,ESP,18.06.1997,INACTIVE,AHECHU GARRO Itsaso
8674,10008883968,BEL,03.07.1996,ACTIVE,WERNIMONT Catherine
8675,10011152455,ESP,04.09.1998,INACTIVE,TORRES GALLO Alba
8676,10062036938,CHN,06.11.1996,INACTIVE,TANG Ying
8677,10016032262,BLR,14.12.1996,INACTIVE,SVIRKOVA Nadzeya
8678,10009088173,HUN,01.04.1991,ACTIVE,KERCSÓ-MAGOS Zsuzsanna
8679,10011162559,UZB,14.03.1999,INACTIVE,JANTUGANOVA Olga
8680,10011037065,BEL,02.07.1990,INACTIVE,NYS Inge
8681,10045775088,NED,14.04.1997,INACTIVE,JANSSEN Lotte
8682,10063607025,KOR,31.10.1998,INACTIVE,KANG Juyeon
8683,10010175684,VEN,04.03.1998,INACTIVE,LEAL Maria
8684,10016033878,HUN,10.02.1983,Inactive,MATUZ Etelka
8685,10064030488,CRC,21.12.1993,INACTIVE,MORA MONTOYA Katherine
8686,10013774889,DEN,18.11.1996,ACTIVE,RASMUSSEN Anika
8687,10009150720,KAZ,17.03.1996,INACTIVE,ZADNEPRYANOVA Tatyana
8688,10010945725,POL,07.10.1997,INACTIVE,KACZKOWSKA Justyna
8689,10015358215,IRL,01.03.1997,INACTIVE,SHERIDAN Naoise
8690,10069182101,RSA,02.02.1976,INACTIVE,VAN DER POLL Gigi
8691,10005731872,JPN,09.01.1986,INACTIVE,ISHII Hiroko
8692,10016033777,HUN,08.10.1986,INACTIVE,MARTON Orsolya
8693,10009050484,BLR,20.01.1996,INACTIVE,KUCHYNSKAYA Maryna
8694,10056868252,CRC,21.04.1990,INACTIVE,CAMACHO FALLAS Susan
8695,10015286372,CZE,25.09.1999,ACTIVE,VALUCHOVÁ Natálie
8696,10015336589,LTU,10.01.1999,INACTIVE,RASTAUSKAITÉ Monika
8697,10064888435,INA,07.12.1979,INACTIVE,MUZIZAH Uyun
8698,10010857011,AUS,30.11.1988,INACTIVE,MCGOWAN Courtney
8699,10015442380,NZL,12.08.1999,INACTIVE,ARBUCKLE Libby
8700,10009787381,USA,31.05.1979,INACTIVE,FADER Sarah
8701,10009049171,BLR,19.09.1995,ACTIVE,NASKOVICH Taisa
8702,10011073340,KAZ,04.07.1997,INACTIVE,GONCHAROVA Darya
8703,10047368619,CZE,20.05.1999,INACTIVE,BOHATÁ Anna
8704,10078996780,TTO,23.09.1997,Active,CAMPBELL Teniel
8705,10009208011,CHN,15.08.1993,INACTIVE,HAN Yan
8706,10021836296,NZL,25.10.1999,INACTIVE,BROWN Rhiannon
8707,10010578034,JPN,12.04.1978,INACTIVE,SHIMIZU Tomomi
8708,10006149073,CHN,16.11.1988,INACTIVE,LI Xuemei
8709,10014764087,ITA,15.06.1996,INACTIVE,CAPPONI Federica
8710,10016200091,IRI,23.06.1986,INACTIVE,GHASHGHAEIJAMALPOUR Ayeh
8711,10007774734,BLR,30.03.1979,Inactive,AZARKEVICH Alena
8712,10009442023,UKR,08.08.1995,INACTIVE,HODA Anastasiya
8713,10011162660,KAZ,19.09.1999,ACTIVE,MYRXINA Veronika
8714,10071427750,BRA,02.04.1995,ACTIVE,LEITE DE MELO Alice Tamirys
8715,10009150922,KOR,06.05.1996,INACTIVE,JANG Yeonhee
8716,10010652604,SIN,04.10.1997,INACTIVE,LOO Tze En Dana Joy
8717,10035071140,AUT,16.08.1998,INACTIVE,GÖTZINGER Elisa
8718,10006149578,CHN,29.10.1988,INACTIVE,SHI Jingjing
8719,10009506384,IRI,23.06.1996,INACTIVE,DERAKHSHAN Ghazaleh
8720,10007753920,VEN,27.02.1992,INACTIVE,TAPIA Gleydimar
8721,10010938853,BLR,16.10.1998,INACTIVE,DATSYK Darya
8722,10015714283,CAN,22.11.1999,INACTIVE,CRESWICKE Charlotte
8723,10010860243,POL,02.03.1995,INACTIVE,JEDRZEJCZAK Patrycja
8724,10060854144,GUA,21.11.1999,INACTIVE,SIAM VELASQUEZ Kenia Saime
8725,10015661339,LTU,02.12.1999,INACTIVE,KARASIOVAITĖ Greta
8726,10009015425,TPE,27.01.1995,INACTIVE,CHENG Yu Hsiu
8727,10007729971,USA,11.11.1986,INACTIVE,COBB Anissa
8728,10009076352,IRI,07.10.1991,INACTIVE,ZAKERANI Delaram
8729,10009050585,BLR,08.11.1996,INACTIVE,RUDAK Maria
8730,10009313596,CAN,31.05.1990,INACTIVE,ELLIS Meika
8731,10010859334,POL,05.06.1997,INACTIVE,RZACA Magdalena
8732,10010671802,FIN,06.08.1985,INACTIVE,ONGER Heidi
8733,10010639062,JPN,02.07.1996,INACTIVE,ITO Kaho
8734,10010105057,IRI,04.08.1987,INACTIVE,BAGHERI Elnaz
8735,10015981944,BLR,10.08.1999,ACTIVE,KIPTSIKAVA Nastassia
8736,10023526726,BRA,26.05.1998,INACTIVE,FANECO PAVANELO Rebecca
8737,10010860445,POL,13.11.1997,INACTIVE,KRAKOWSKA Aleksandra
8738,10023468930,FRA,13.05.1997,ACTIVE,CLOAREC Marine
8739,10008985012,USA,13.11.1981,INACTIVE,GLOVER Erin
8740,10008986123,IRI,13.05.1987,INACTIVE,SOLMAZ KARBALAEE Sadabad
8741,10016269914,COL,24.08.1998,INACTIVE,CARDOZO CARRILLO Pamela Andrea
8742,10015978207,BLR,26.01.1999,INACTIVE,HERASIMUK Aliaksandra
8743,10016876768,IRL,20.11.1982,INACTIVE,BRYCE Lyndsey
8744,10010860142,POL,11.10.1998,INACTIVE,SEREMAK Klaudia
8745,10034885224,UKR,09.01.1999,INACTIVE,LUKASHOVA Ahcelina
8746,10023676973,GBR,03.02.2000,INACTIVE,NOVACKI Alexandra
8747,10064804569,COL,29.04.1996,INACTIVE,URREA VARGAS Diana Mayerli
8748,10009050888,BLR,06.08.1998,INACTIVE,BIALETSKAYA Krystsina
8749,10016025087,KOR,24.09.1997,INACTIVE,JOO Seonghee
8750,10003100344,CHN,26.02.1986,INACTIVE,GUO Shuang
8751,10010886111,USA,09.10.1975,INACTIVE,MCLAUGHRY Alexandra
8752,10064874085,COL,28.04.1989,INACTIVE,RONDON ROMAN Nataly
8753,10015901920,BLR,19.08.1999,INACTIVE,KANTARIA Valeria
8754,10054770123,POL,23.12.1998,INACTIVE,KROLIKOWSKA Klaudia
8755,10011130227,UKR,20.02.1995,INACTIVE,SLOBODIAN Anastasiya
8756,10016034989,KOR,18.11.1997,INACTIVE,LEE Dajeong
8757,10009204674,CHN,09.02.1990,INACTIVE,HAN Jun
8758,10010921271,USA,09.01.1984,INACTIVE,LEDESMA Allison
8759,10064804367,COL,20.08.1987,INACTIVE,ORDOÑEZ LAGOS Adriana
8760,10003045376,IRL,12.06.1978,ACTIVE,KENNEDY Róisín
8761,10023524908,RUS,04.11.1999,INACTIVE,GERASIMOVA Anzhelika
8762,10058781879,IRL,26.11.1980,ACTIVE,SAMSEL Agnieszka
8763,10015916569,POL,11.07.1998,INACTIVE,JANKIEWICZ Weronika
8764,10064647349,USA,22.04.1979,INACTIVE,KIRATSOUS Lisa
8765,10016221010,USA,12.02.1983,INACTIVE,LEE Michelle
8766,10009214273,CHN,12.01.1995,INACTIVE,GU Jiali
8767,10019418370,GBR,04.09.1997,INACTIVE,DORNAN Rebecca
8768,10010922988,GBR,24.09.1998,INACTIVE,DAWBER Lauryn
8769,10015319516,CHN,10.12.1998,INACTIVE,DONG Beilei
8770,10016189179,USA,31.10.1999,INACTIVE,BURKE Eva
8771,10008986224,GBR,30.08.1990,INACTIVE,QUENBY Lauren
8772,10019295102,GBR,22.09.1997,INACTIVE,WHITELEY Isobel
8773,10010917130,CHN,26.04.1996,INACTIVE,GU Keke
8774,10006086429,USA,11.10.1989,INACTIVE,FEISS Dana
8775,10063542761,USA,07.08.1984,INACTIVE,ZEISEL Chanel
8776,10010035541,AUS,23.04.1997,INACTIVE,FIELD Courtney
8777,10006898603,GBR,29.11.1991,INACTIVE,JAMES Rebecca
8778,10010823463,RSA,17.01.1992,INACTIVE,BEYERS Bernette
8779,10009205280,CHN,25.12.1994,INACTIVE,LIU Lili
8780,10004618392,FRA,18.06.1988,INACTIVE,CUEFF Virginie
8781,10061260736,MEX,29.06.1997,INACTIVE,VERDUGO July
8782,10061231737,MEX,21.09.1995,INACTIVE,SALAZAR Jessica
8783,10006416936,GUA,15.05.1986,INACTIVE,JIMENEZ GALICIA Maria Fernanda
8784,10061269123,NGR,,INACTIVE,AGGO Rita
8785,10005929916,AZE,16.09.1985,INACTIVE,ISMAYILOVA Olga
8786,10006083294,HKG,14.12.1989,INACTIVE,MENG Zhaojuan
8787,10008992789,ALG,14.03.1991,INACTIVE,TIHAR Aicha
8788,10007793427,POL,25.11.1994,INACTIVE,KIRSCHENSTEIN Katarzyna
8789,10061297213,IND,28.07.1998,INACTIVE,RAJESH Nayana
8790,10008927822,IND,03.11.1991,INACTIVE,VARGHEESE Kezia
8791,10009720996,CZE,28.02.1997,INACTIVE,ŠRŮTKOVÁ Natálie
8792,10007827678,IRI,01.01.1993,INACTIVE,TALEBISOMEESARAEI Reihameh
8793,10003033555,CHI,16.09.1986,INACTIVE,ARAVENA Irene
8794,10004866249,CHN,12.11.1986,INACTIVE,GONG Jinjie
8795,10010898437,IRL,21.02.1984,INACTIVE,MORAN Eimear
8796,10009727464,TTO,26.05.1997,INACTIVE,LESTER Keiana
8797,10010114454,KAZ,13.08.1998,INACTIVE,TIKHOVA Valeriya
8798,10006759567,SUI,26.02.1990,INACTIVE,PERIZZOLO POINTET Virginie
8799,10014845428,ARG,25.11.1997,INACTIVE,PIRIZ Ludmila
8800,10009182749,GBR,01.07.1986,INACTIVE,RICHARDSON Eleanor
8801,10007742301,POR,03.04.1993,INACTIVE,AZENHA Ana
8802,10010678468,FRA,13.09.1997,INACTIVE,DUFOUR Marie
8803,10006464426,FRA,26.08.1991,INACTIVE,BERTHON Laurie
8804,10007056631,IRL,26.04.1992,ACTIVE,MCCURLEY Shannon
8805,10010781532,GBR,01.08.1990,ACTIVE,EVANS Neah
8806,10006552433,FRA,23.09.1987,INACTIVE,BUGEIA Alessia
8807,10010655634,TPE,03.07.1997,INACTIVE,CHENG Chia Hui
8808,10009971277,KOR,24.09.1992,INACTIVE,NAMKUNG Soyoung
8809,10009233168,ESP,04.04.1995,INACTIVE,IRIARTE LASA Ane
8810,10010663415,HUN,19.10.1997,ACTIVE,BORISSZA Johanna Kitti
8811,10004629510,FRA,02.06.1987,ACTIVE,JEULAND Pascale
8812,10007272152,RUS,31.03.1994,INACTIVE,PLUZHNIKOVA Lidiya
8813,10007809086,NZL,27.11.1994,INACTIVE,SHEATH Racquel
8814,10009965520,EST,07.09.1997,INACTIVE,SIIMSON Ele
8815,10009989970,FRA,24.11.1997,ACTIVE,BORRAS Marion
8816,10002669605,BLR,31.07.1984,ACTIVE,SHARAKOVA Tatsiana
8817,10010626231,NZL,09.03.1991,INACTIVE,BAYARD Hannah
8818,10010747277,NZL,05.04.1998,ACTIVE,DRUMMOND Michaela
8819,10009532252,JPN,22.12.1997,INACTIVE,OKUBO Karin
8820,10009487085,DEN,24.05.1996,ACTIVE,DIDERIKSEN Amalie
8821,10061307822,BOL,05.10.1991,INACTIVE,ALMANZA Kenia
8822,10007222844,GBR,25.01.1989,INACTIVE,BAIRD Emma
8823,10010109000,KOR,14.02.1994,INACTIVE,PARK Minam
8824,10015976385,USA,20.09.1991,ACTIVE,BORDEN Chelsea
8825,10015197456,DEN,26.07.1999,ACTIVE,JORGENSEN Emma Cecilie Norsgaard
8826,10023466910,BRA,24.07.1998,INACTIVE,NASCIMENTO Carolina
8827,10009313701,CAN,31.01.1991,INACTIVE,CORMIER Natalie
8828,10005970433,AZE,01.03.1989,INACTIVE,PAVLUKHINA Olena
8829,10010086263,BOL,08.02.1995,INACTIVE,VASQUEZ AVILA Elizabeth
8830,10063403325,IRI,22.08.1996,ACTIVE,YOSEFI Fatemeh
8831,10011137301,UKR,02.12.1997,INACTIVE,SHIPAEVA Alina
8832,10015975476,KOR,11.10.1995,INACTIVE,KIM Hyunji
8833,10009528414,NOR,24.05.1997,INACTIVE,BAGGER Ingrid Elisabet
8834,10014513709,DEN,19.11.1964,ACTIVE,BORMANN Janni
8835,10009216495,BRA,08.10.1993,INACTIVE,SANTOS Viviane
8836,10009520734,KAZ,25.09.1996,INACTIVE,PROKHORENKO Yelizaveta
8837,10010738385,AZE,10.03.1988,INACTIVE,NAZARLI Ulfet
8838,10045754981,GER,05.11.1980,ACTIVE,GAß Daniela
8839,10034867541,UKR,15.12.1993,INACTIVE,GUSTAN Olena
8840,10011207423,BOL,23.05.1981,INACTIVE,ROBLES FILIPOVIC Vanessa
8841,10009077160,IRI,16.01.1989,INACTIVE,ELAHI Mina
8842,10010746873,UKR,28.02.1997,INACTIVE,BOGONOSYUK Zoya
8843,10009034320,TTO,07.07.1995,INACTIVE,BROWNE Aziza
8844,10010784865,POR,18.11.1998,INACTIVE,SILVA Soraia
8845,10015958403,RUS,19.05.1995,INACTIVE,TISHENKO Ludmila
8846,10013501168,CUB,04.01.1994,ACTIVE,ECHENIQUE GOMEZ Olga Anabel
8847,10015966079,CUB,13.02.1998,INACTIVE,VARGAS DOMENECH Aimee
8848,10061350662,MEX,,INACTIVE,JASSO ESPINOZA Claudia Yareli
8849,10007191421,BRA,25.11.1988,INACTIVE,MURAKAMI Maira
8850,10009670779,VEN,01.07.1997,INACTIVE,UZCATEGUI Dariana
8851,10009199220,GER,29.06.1996,INACTIVE,LOOK Jo Ellen
8852,10004706100,IRL,16.10.1963,INACTIVE,HENDRON Orla
8853,10016266476,GUA,03.02.1968,INACTIVE,M.MILAN Maria
8854,10007909423,FIN,06.08.1992,INACTIVE,TÖRMÄNEN Rosa
8855,10015869483,BOL,12.06.1995,INACTIVE,ZARATE Jhenny
8856,10007416339,KOR,04.05.1993,INACTIVE,KIM Hyunji
8857,10007793528,POL,09.12.1994,INACTIVE,TARCZYLO Dorota
8858,10006436336,POL,16.08.1989,INACTIVE,PAWLOWSKA Katarzyna
8859,10007229716,NZL,15.02.1993,INACTIVE,MCKENZIE Stephanie
8860,10061349753,MEX,,Inactive,DE LA FUENTE CASTANEDA Jenny Fernanda
8861,10009217408,BRA,01.09.1996,INACTIVE,CASTELARI DE LIMA Larissa
8862,10011032722,CAN,22.04.1996,INACTIVE,RITCHIE Josie
8863,10009811734,KAZ,12.09.1996,ACTIVE,POTAPOVA Faina
8864,10010777791,CZE,23.10.1998,ACTIVE,KOHOUTKOVÁ Kateřina
8865,10010738789,AZE,31.05.1994,INACTIVE,QASIMOVA Jamila
8866,10010651792,POL,17.06.1996,INACTIVE,GARCZAREK Jagoda
8867,10008601557,UKR,08.08.1995,INACTIVE,GODA Anastasiya
8868,10045813787,FIN,06.01.1985,INACTIVE,SELIN Elina
8869,10010590158,KOR,12.08.1994,INACTIVE,YOO Jongmin
8870,10006100472,USA,10.10.1986,INACTIVE,CRANE Tela
8871,10003090947,NOR,18.12.1979,ACTIVE,LIMA Tone Hatteland
8872,10009001176,HKG,31.08.1992,INACTIVE,WANG Xiao Fei
8873,10016287593,MEX,19.03.1999,INACTIVE,GALLARDO CHAVEZ Maria Fernanda
8874,10009001883,NED,13.06.1995,INACTIVE,DOLMAN Haliegh
8875,10009710488,BRA,02.04.1995,INACTIVE,MELO Alice
8876,10008669558,UKR,11.09.1995,INACTIVE,DEMYDOVA Olena
8877,10061236181,IRI,21.01.1993,INACTIVE,FEYZI Fatemeh
8878,10003145915,ESP,03.12.1973,ACTIVE,BARROS FERNANDEZ Maria Jesus
8879,10014555741,SWE,06.10.1995,INACTIVE,SVANEHED Felicia
8880,10010755664,HON,15.12.1992,INACTIVE,BLANCO Jahzeel
8881,10015966281,CUB,26.07.1994,INACTIVE,URQUIZA Danae
8882,10015781880,NZL,26.04.1992,INACTIVE,HUNKIN Lisa
8883,10061349955,MEX,,INACTIVE,SALINAS RODRIGUEZ Zyanya Nayeli
8884,10010721817,BRA,15.02.1988,INACTIVE,VALENTIM SILVA Nayra Yacy
8885,10016303559,AZE,02.04.1996,INACTIVE,QASİMOVA Sabina
8886,10010126073,FIN,25.05.1995,ACTIVE,GRÖNDAHL Antonia
8887,10009728575,IRI,18.03.1997,INACTIVE,ABDOLLAHI ARAB Frouzan
8888,10010798306,KOR,09.12.1997,INACTIVE,KIM Daeun
8889,10009733831,POL,20.11.1996,INACTIVE,SOLGALA Aleksandra
8890,10009051393,RUS,14.01.1993,INACTIVE,SAVOSTIKOVA Ekaterina
8891,10015191291,KOR,09.01.1997,INACTIVE,PARK Kyungjin
8892,10008996328,NZL,02.07.1994,INACTIVE,STEEL Victoria
8893,10061350763,MEX,,INACTIVE,ROMO GARCIA Liliana
8894,10014669414,BRA,17.06.1994,INACTIVE,DOS SANTOS BRAZ Jéssica Aparecida
8895,10010853472,RUS,23.09.1998,INACTIVE,GORLINA Ekaterina
8896,10010776579,CZE,20.08.1998,INACTIVE,KUCHAROVÁ Zuzana
8897,10016302044,AZE,20.04.1996,INACTIVE,ABDULLAYEVA Rinata
8898,10010737173,IRL,19.01.1985,ACTIVE,MADDEN Deborah
8899,10010671903,FIN,18.10.1997,INACTIVE,AINTILA Cecilia
8900,10004742270,USA,31.05.1979,INACTIVE,CARAVELLA Sarah
8901,10009506586,IRI,26.04.1996,INACTIVE,DOKOUHAKI Niloufar
8902,10016022259,KOR,03.02.1990,INACTIVE,KIM Yourim
8903,10010794464,AUS,31.07.1998,INACTIVE,QUICK Georgia
8904,10010181849,CZE,09.08.1998,ACTIVE,NEUMANOVÁ Tereza
8905,10014515830,USA,30.12.1997,INACTIVE,ELLISON Jordan
8906,10009237515,IRI,23.03.1994,INACTIVE,CHELANI Fereshteh
8907,10009353511,POL,12.07.1995,INACTIVE,ZEGLEN Wiktoria
8908,10010599555,COL,07.01.1989,INACTIVE,OJEDA Marta Catalina
8909,10023545722,BRA,23.03.1985,INACTIVE,ARAUJO COSTA Daniela
8910,10016235457,IRL,20.01.1987,INACTIVE,YERISKIN Irene
8911,10009509620,USA,15.03.1996,INACTIVE,SUTER Anna
8912,10009237111,IRI,03.07.1994,INACTIVE,EBRAHIMI Fatemeh
8913,10010662708,USA,27.04.1976,INACTIVE,FAIRWEATHER Cheryl
8914,10009490725,CZE,23.05.1988,INACTIVE,KUČEROVÁ Božena
8915,10010700700,POL,07.05.1996,INACTIVE,GRACZEWSKA Monika
8916,10009301068,CZE,20.06.1995,INACTIVE,MAJEROVÁ Tereza
8917,10016205852,IRI,26.01.1997,INACTIVE,ZAKERANI Parfam
8918,10010186495,IRI,05.10.1997,Inactive,POURJAM Pegah
8919,10010859738,POL,19.06.1997,INACTIVE,ROLKA Katarzyna
8920,10010777993,CZE,09.07.1998,INACTIVE,VÁVROVÁ Kristýna
8921,10016200293,IRI,18.07.1983,INACTIVE,KHAMISI Fatemeh
8922,10061393708,RUS,06.02.1990,INACTIVE,TYUMNEVA Victoria
8923,10010922786,GBR,04.09.1997,INACTIVE,DOMAN Rebecca
8924,10016205953,IRI,22.08.1995,INACTIVE,BANA Farzaneh
8925,10010853371,RUS,01.04.1997,INACTIVE,LAVRUXINA Viktoriya
8926,10010923190,GBR,21.03.1997,INACTIVE,NUTTON Paige
8927,10016200495,IRI,12.04.1987,INACTIVE,KOUSHAKI Mahdieh
8928,10015914044,RUS,06.05.1997,INACTIVE,BAZANOVA Valeria
8929,10009205179,CHN,29.11.1993,INACTIVE,LI Lei
8930,10014659714,CHN,07.12.1997,INACTIVE,XIAO Yue
8931,10015340532,CHN,02.07.1996,INACTIVE,LIU Xiu
8932,10006602246,CZE,07.07.1991,INACTIVE,HOCHMANN Lucie
8933,10005504530,CAN,21.02.1989,Inactive,SULLIVAN Monique
8934,10005427839,GBR,19.11.1990,INACTIVE,VARNISH Jessica
8935,10007297515,NED,09.05.1992,INACTIVE,RIJKHOFF Yesna
8936,10007832025,JPN,31.05.1980,INACTIVE,KASE Kanako
8937,10006464325,FRA,26.08.1991,INACTIVE,MONTAUBAN Olivia
8938,10006183227,NZL,25.03.1984,ACTIVE,SCHOFIELD Katie
8939,10009073120,GBR,01.09.1995,ACTIVE,KHAN Danielle
8940,10009008553,AUS,12.06.1987,INACTIVE,FERNANDEZ-PREISKA Stefanie
8941,10007858394,ESA,18.07.1986,INACTIVE,CRUZ CARRANZA Karen
8942,10006463214,RUS,19.08.1991,INACTIVE,HUDENKO Olga
8943,10010584094,JPN,26.01.1987,INACTIVE,KAJITA Mai
8944,10045840665,FIN,29.10.1987,INACTIVE,TURUNEN Elisa
8945,10008938027,TTO,23.06.1994,INACTIVE,GOODRIDGE Jodi
8946,10006478873,VEN,05.08.1991,INACTIVE,PRADA RODRIGUEZ Marynes Chiguinguira
8947,10008928428,USA,01.02.1985,INACTIVE,MAGLATY Alissa
8948,10007890326,ARG,05.10.1993,INACTIVE,CORONEL Deborah
8949,10009050989,BLR,04.05.1996,Inactive,SVIRKOVA Nadezhda
8950,10011172562,EGY,27.02.1997,ACTIVE,KHALED AHMED Toka
8951,10011159024,EGY,15.05.1998,INACTIVE,MAHMOUD Donia Rashwan
8952,10007056732,AUS,06.05.1992,INACTIVE,CULVENOR Catherine
8953,10007057035,AUS,09.05.1992,INACTIVE,STEVENSON Rebecca
8954,10009032094,FIN,24.07.1995,INACTIVE,FERRARA AIRAS Sara
8955,10011172360,MAR,04.04.1994,INACTIVE,EDRHOURHI Wissame
8956,10006899007,CAN,01.11.1991,INACTIVE,RUBY Krista
8957,10009261460,USA,14.01.1987,INACTIVE,WALTER Shelby
8958,10009261258,USA,18.09.1967,INACTIVE,JOHNSON Gea
8959,10007387441,INA,12.06.1988,INACTIVE,FITRIYANI Fitriyani
8960,10009914289,TPE,13.09.1996,INACTIVE,LI Chia Yun
8961,10009997347,ESP,30.05.1997,INACTIVE,CEREZO FORTUNA Marina
8962,10010195993,RSA,27.04.1964,INACTIVE,WILKEN Myrtle
8963,10009730292,USA,13.02.1997,INACTIVE,MULLIS Danielle
8964,10009016334,TPE,19.05.1995,INACTIVE,LIN Yi Ju
8965,10009513963,KOR,08.09.1995,INACTIVE,KIM Soojin
8966,10061277712,KAZ,29.03.1995,INACTIVE,ISHAKOVA Amiliya
8967,10003102364,ITA,04.03.1986,INACTIVE,CUCINOTTA Annalisa
8968,10007509396,MEX,28.08.1992,INACTIVE,FONG ECHEVARRIA Frany Maria
8969,10006326606,FIN,30.08.1988,INACTIVE,SALOVAARA Heini
8970,10009015728,TPE,01.07.1995,INACTIVE,HUNG Yu Ting
8971,10009515579,EST,19.01.1996,INACTIVE,KALLAS Rahel
8972,10009045535,RUS,05.01.1995,INACTIVE,GORLOVA Olesia
8973,10010615319,AUS,23.01.1983,INACTIVE,CRAMER Quinn
8974,10011078390,GBR,22.07.1995,INACTIVE,CLODE Laura
8975,10007895881,USA,24.12.1994,ACTIVE,VALENTE Jennifer
8976,10006645995,UKR,31.01.1992,INACTIVE,SOLOVEI Ganna
8977,10009179012,POR,24.01.1996,ACTIVE,LOPES Ana
8978,10003046588,KOR,11.12.1989,INACTIVE,LEE Eunji
8979,10010772135,BAN,15.06.1997,INACTIVE,AURTHI Sampti Biswas
8980,10010936429,AUT,06.02.1991,INACTIVE,BACHMANN Anna Katharina
8981,10004702662,GBR,23.09.1988,INACTIVE,READE Shanaze
8982,10007947213,CHN,14.12.1993,INACTIVE,HUANG Dongyan
8983,10009049070,BLR,28.08.1996,INACTIVE,GURIK Anna
8984,10008870834,CHI,25.05.1996,INACTIVE,VILLALON Paula *
8985,10010739702,GRE,17.07.1992,INACTIVE,SOURLANTZI Anna
8986,10009988758,EST,26.04.1997,ACTIVE,KALM Kelly
8987,10007003885,BRA,21.07.1982,INACTIVE,RIBEIRO Sumaia
8988,10009076857,IRI,25.03.1986,Inactive,BOZORGMEHR Shiva
8989,10006424515,RSA,10.01.1989,INACTIVE,MATTHEE Maroesjka
8990,10007193239,CHI,01.01.1993,INACTIVE,VICENCIO Paz
8991,10007078455,BEL,30.05.1994,ACTIVE,DALVING Shana
8992,10008989355,CUB,16.01.1992,INACTIVE,ARIAS Laura
8993,10009528313,NOR,18.12.1991,ACTIVE,HANSEN Josephine
8994,10007930237,GRE,07.03.1994,INACTIVE,PAVLI Athina
8995,10007122713,EST,17.07.1992,INACTIVE,RIST Daisi
8996,10009702509,BRA,03.02.1982,INACTIVE,LOURENÇO DOS SANTOS Viviane
8997,10008999055,HKG,07.03.1993,ACTIVE,YANG Qianyu
8998,10006140484,IRI,21.03.1986,INACTIVE,SADEGHZADEH Zahra
8999,10006324279,DEN,13.07.1992,ACTIVE,LETH Julie
9000,10004738937,CZE,09.01.1986,ACTIVE,MACHAČOVÁ Jarmila
9001,10009136067,AUS,10.07.1993,INACTIVE,BAX Deanna
9002,10010096266,LAT,27.03.1997,INACTIVE,SAUKA Elina
9003,10010938146,GRE,06.05.1992,INACTIVE,PAGONI Natalia
9004,10009863668,IRL,13.08.1995,INACTIVE,MULLEN Michelle
9005,10008601254,EST,14.09.1995,INACTIVE,LEPIK Sirje
9006,10008937017,MEX,29.06.1994,INACTIVE,TAMEZ Aline
9007,10007477872,VEN,12.01.1991,INACTIVE,TAPIA María
9008,10009088779,USA,25.09.1995,INACTIVE,MCCORMICK Tara
9009,10008689059,HKG,27.05.1995,ACTIVE,PANG Yao
9010,10009238020,IRI,12.05.1993,ACTIVE,KHATOONI DARYAN Reyhane
9011,10061306711,BOL,26.08.1995,INACTIVE,SARAVIA Rebeca
9012,10009231451,GER,17.01.1995,INACTIVE,OSSYRA Sabina
9013,10010100512,FIN,20.02.1976,INACTIVE,JOKIO Kati
9014,10009683816,BLR,06.09.1997,INACTIVE,KHMIL Alina
9015,10010929153,MEX,29.02.1996,INACTIVE,MALO VILLALOBOS Katherine Josab
9016,10007201929,BRA,03.05.1986,INACTIVE,BARBOSA Maria
9017,10006278510,HKG,21.11.1993,ACTIVE,LEUNG Bo Yee
9018,10010883885,BOL,27.09.1995,INACTIVE,PEREDO Maria Jose
9019,10002468026,NZL,24.05.1979,ACTIVE,KIESANOWSKI Joanne
9020,10010869741,NED,04.05.1989,INACTIVE,HUNNEMAN Carolien
9021,10010589956,IRL,02.11.1976,INACTIVE,WHITE Julie
9022,10010738486,AZE,15.08.1994,Inactive,SAFARLI Shalale
9023,10010680286,BRA,30.03.1991,INACTIVE,DO NASCIMENTO FONSECA Rebeca
9024,10009077463,IRI,12.06.1991,INACTIVE,BEYRAMI Samaneh
9025,10010109303,BOL,12.11.1995,INACTIVE,ORTUÑO Daniela
9026,10007891033,POL,18.03.1993,INACTIVE,BORKOWSKA Dominika
9027,10010830537,COL,10.04.1997,INACTIVE,ESPINAL Lorena
9028,10007831621,JPN,29.05.1984,INACTIVE,NAKAGAWA Ryoko
9029,10009157891,RSA,03.12.1977,INACTIVE,LOFFELL-DAWSON Debra
9030,10004742876,USA,27.04.1991,ACTIVE,GULICK Colleen
9031,10009151427,TPE,22.12.1996,INACTIVE,WU Yu Ting
9032,10010917837,USA,29.06.1985,INACTIVE,ERICKSON Kimberly(kae)
9033,10009015021,KAZ,11.08.1994,ACTIVE,UMUTZHANOVA Makhabbat
9034,10010938247,GRE,12.10.1997,INACTIVE,MARKOU Eleni
9035,10009673510,BLR,24.07.1997,ACTIVE,SAFONCHYK Aksana
9036,10009301270,ESP,08.12.1964,INACTIVE,ROCA SATORRES Olga Alexandra
9037,10010936934,IRL,11.02.1987,INACTIVE,IRVINE Grace
9038,10008918930,EST,05.06.1992,ACTIVE,UIBOKAND Janelle
9039,10009056043,VEN,28.12.1995,INACTIVE,OCANTO Yaretzi
9040,10010856708,BRA,08.03.1997,ACTIVE,DA LUZ DE OLIVEIRA Talita
9041,10010093842,BOL,30.08.1991,INACTIVE,SARABIA RICALDEZ Sharon Raquel
9042,10061283469,COL,05.12.1996,INACTIVE,OCAMPOO Valentina
9043,10010823564,RSA,16.07.1981,INACTIVE,BARNARDT Leandi
9044,10009321074,CAN,14.05.1978,ACTIVE,BYERS Sara
9045,10009118889,AUS,21.01.1995,INACTIVE,DASHORST Isabella
9046,10008973894,GBR,28.12.1994,INACTIVE,BLOUNT Rosie
9047,10008689362,ITA,12.03.1995,INACTIVE,PATTARO Francesca
9048,10010169018,HUN,19.10.1995,INACTIVE,VÁLÓCZI Boglárka
9049,10008965915,GER,28.07.1996,INACTIVE,HEINZE Doreen
9050,10010915009,KOR,15.10.1996,INACTIVE,NOH Hyemin
9051,10009149407,KOR,22.05.1995,INACTIVE,IM Sarang
9052,10009874277,TTO,02.04.1987,INACTIVE,FARAH Christiane
9053,10010871357,KOR,14.01.1997,INACTIVE,LEE Sangeun
9054,10007831722,KOR,22.03.1993,INACTIVE,HAN Songyi
9055,10008937219,GUA,18.06.1993,INACTIVE,GUILLÉN Andrea
9056,10010928850,KOR,23.07.1996,INACTIVE,WON Jisoo
9057,10010820433,TTO,23.12.1997,INACTIVE,JOHN Joy-Abigail
9058,10009546501,KAZ,22.08.1997,INACTIVE,SEITOVA Zhanuya
9059,10009310263,GRE,15.06.1995,INACTIVE,LEPENIOTI Konstantina-Irini
9060,10009683513,BLR,08.09.1997,INACTIVE,KARPOVICH Aliaksandra
9061,10009326027,EST,06.12.1994,INACTIVE,KARING Krista
9062,10009323805,VEN,02.05.1995,INACTIVE,GONZÁLEZ Stefany
9063,10010176795,CZE,13.10.1997,INACTIVE,DRDOVÁ Anna
9064,10010926931,IRL,23.10.1972,INACTIVE,MARTIN Jane
9065,10009055033,VEN,15.09.1996,INACTIVE,TOVAR Keisnel
9066,10010176896,CZE,01.10.1997,ACTIVE,MRÁČKOVÁ Kristýna
9067,10009867510,POL,23.03.1996,INACTIVE,LORKOWSKA Weronika
9068,10010653412,KAZ,27.06.1997,INACTIVE,RYABOVA Svetlana
9069,10009726656,IRL,27.04.1995,INACTIVE,GIBBONS Kayleigh
9070,10009730595,EST,17.12.1997,INACTIVE,TAKEL Iiris
9071,10009053720,VEN,11.11.1994,INACTIVE,GARCIA Genesis
9072,10010641587,POL,19.03.1995,INACTIVE,KUPTZ Emilia
9073,10009546602,KAZ,31.08.1997,INACTIVE,PASTARNAK Viktoriya
9074,10061473025,BLR,01.02.1994,INACTIVE,SHEVCHENKA Marina
9075,10009066753,POL,10.04.1993,INACTIVE,MORYTKO Natalia
9076,10010599656,COL,06.05.1995,INACTIVE,CAICEDO Chesly
9077,10010591572,IRL,27.10.1995,INACTIVE,NEARY Lisa
9078,10009965318,EST,09.06.1997,INACTIVE,KALLAS Laura
9079,10009016940,IRI,11.12.1994,INACTIVE,SAYAHIAN Saeideh
9080,10010839025,COL,11.01.1997,INACTIVE,GARCIA Camila
9081,10009506182,IRI,17.02.1996,INACTIVE,MOHAMMADI Azardokht
9082,10010662102,COL,24.04.1996,INACTIVE,CAICEDO CALVO Edisney
9083,10009237212,IRI,18.08.1988,INACTIVE,KHOSRAVI ARDEBILI Maryam
9084,10010839126,COL,15.11.1997,INACTIVE,VELASQUEZ Karol
9085,10011076269,AUS,26.12.1978,INACTIVE,MOSS Laurelea
9086,10009965419,EST,07.09.1997,INACTIVE,SIIMSON Ebe
9087,10010921372,USA,31.07.1983,INACTIVE,CLAUDE Margeaux
9088,10010679882,IRI,26.03.1993,INACTIVE,AZIMI Zahra
9089,10009867611,COL,17.01.1996,INACTIVE,NIÑO Paula
9090,10010926123,USA,17.09.1977,Inactive,ROCHESTER Angela
9091,10009076251,IRI,21.07.1993,INACTIVE,BAHAGHIGHAT Khadijeh Keshavarz
9092,10010675438,IRI,04.10.1993,INACTIVE,KARIMI Mandana
9093,10010717066,CHN,06.11.1996,INACTIVE,TANG Yin
9094,10010168614,CHN,08.03.1992,INACTIVE,SUN Jiaojiao
9095,10083749376,NGR,01.08.2001,ACTIVE,YEKEEN Tawakalt
9096,10131418008,IRI,22.09.1997,ACTIVE,HADAVAND Fatemeh
9097,10009997751,ESP,03.12.1997,ACTIVE,LOPEZ LLULL Margarita
9098,10115622465,TKM,14.02.2000,ACTIVE,GYLYCHDURDYYEVA Jennet
9099,10015447939,CAN,20.07.1998,ACTIVE,COLLIER Devaney
9100,10009119596,AUS,29.03.1996,ACTIVE,PERRY Lauren
9101,10031697358,ITA,23.07.2004,ACTIVE,BOLOGNESI Gaia
9102,10030561650,ITA,29.11.2003,Active,CAUDERA Beatrice
9103,10121506830,INA,24.12.2003,INACTIVE,PUTRI Farrenty
9104,10047762174,CZE,30.03.2000,ACTIVE,HEŘMANOVSKÁ Hana
9105,10011153667,ESP,13.09.1998,ACTIVE,LARRARTE ARTEAGA Eukene
9106,10073979254,CAN,05.10.2003,ACTIVE,SCOTT Annie
9107,10121657279,BRA,13.05.2004,INACTIVE,SANTOS ALVES Ana Julia
9108,10031466477,ITA,20.09.2004,INACTIVE,FANTINI Carlotta
9109,10066975046,URU,26.04.1989,ACTIVE,GARCIA BRITOS Mariana
9110,10030468084,ITA,09.03.2004,ACTIVE,ONEDA Irene
9111,10046055984,SVK,14.12.2000,ACTIVE,MACHÁLKOVÁ Petra
9112,10112357508,AUS,18.12.2004,ACTIVE,MARR Sophie
9113,10053236109,MAS,20.07.2001,ACTIVE,MOHD AZLI Nur Alya
9114,10109711630,NZL,21.09.2004,INACTIVE,SCHULER Jessica
9115,10100589788,KAZ,23.07.2003,ACTIVE,MANDRAKOVA Yelena
9116,10065891878,BRA,12.12.2001,ACTIVE,KUNKEL Amanda
9117,10050623573,IND,11.03.1997,INACTIVE,CHANU M Sonali
9118,10109711529,NZL,21.09.2004,ACTIVE,SCHULER Jessica
9119,10119189338,INA,13.07.1999,ACTIVE,SETIAWAN Liontin Evangelina
9120,10011136893,INA,13.07.1999,INACTIVE,SETIAWAN Liontin Evangelina
9121,10052432524,LTU,07.01.2004,INACTIVE,ČEPONYTĖ Gabrielė
9122,10096620973,HKG,12.11.2004,INACTIVE,LO Yee Kei
9123,10017395417,IRL,20.01.2002,ACTIVE,MAC HALE Keela
9124,10056389316,USA,04.06.2001,INACTIVE,OESTREICH Annalise
9125,10117762125,KAZ,12.05.2003,INACTIVE,NUGAYEVA Mariba
9126,10010795676,FRA,17.05.1990,ACTIVE,FLAMENT Aurore
9127,10107613400,THA,07.10.2003,ACTIVE,NONTAKAEW Woranan
9128,10041176379,ESP,11.06.2002,ACTIVE,ANGUELA YAGUEZ Eva
9129,10124081471,IRL,27.01.1995,INACTIVE,FERRIS Angela
9130,10100590802,KAZ,19.04.2003,INACTIVE,TROPINA Viktoriya
9131,10064723333,MAS,31.12.2001,INACTIVE,CHIA Chika Cherryca
9132,10075682010,NZL,14.07.2004,ACTIVE,SYKES Amelia
9133,10123474415,IND,04.03.2002,INACTIVE,BARIK Barsharani
9134,10063404739,INA,24.07.2003,INACTIVE,HASELLI Miftahunur
9135,10117530133,IRL,04.01.1985,ACTIVE,MCLAUGHLIN Nicola
9136,10132208556,COL,28.12.1994,ACTIVE,HURTADO MALAGON Stephanie Andrea
9137,10015976486,MAS,20.07.1999,INACTIVE,SHAIFUL HISHAM Ezzatie Fifiyana Shazwanie
9138,10081210808,EGY,28.11.2001,INACTIVE,MOSTAFA Salma
9139,10054570261,INA,28.04.2003,ACTIVE,MULYA SOVA Dewika
9140,10121657986,BRA,20.05.2004,INACTIVE,FRANCO DA ROSA ANTUNES Jennifer
9141,10075231867,FRA,12.01.2003,ACTIVE,DOLEZ Lou
9142,10115005204,IND,10.05.2003,INACTIVE,CELESTINA Celestina
9143,10093946908,LTU,21.04.2004,INACTIVE,ŠIAUDKULYTĖ Deimantė
9144,10040302672,ESP,15.09.2002,ACTIVE,GARAU ROCA Marina
9145,10083731693,MAS,01.06.2003,ACTIVE,PAN Phi Kun
9146,10122266157,EGY,30.08.2003,ACTIVE,ELAMIR Alaa
9147,10042482647,ESP,11.05.2005,ACTIVE,ERDOCIAIN NAVARRO Raquel
9148,10078021730,INA,13.12.2004,INACTIVE,ANP I Hadenova Majid
9149,10121657481,BRA,23.08.2004,INACTIVE,FERREIRA DA SILVA Luana
9150,10092249206,UKR,02.12.2005,ACTIVE,MISHCHENKO Daria
9151,10136111794,AUS,12.04.1979,ACTIVE,THOMASZ Gabrielle
9152,10066169946,FRA,10.02.2003,ACTIVE,TORRES Adriana
9153,10131042637,NZL,18.10.2000,ACTIVE,MILNE Olivia
9154,10132537144,CAN,03.04.1991,ACTIVE,YEUNG Teresa
9155,10009150417,IND,25.05.1995,INACTIVE,T. Manorama Devi
9156,10081110370,CAN,05.11.2003,ACTIVE,THOMAS Justine
9157,10088779535,UZB,25.10.2001,ACTIVE,ABDULLAEVA Shakhnoza
9158,10136037531,CHN,12.12.2004,ACTIVE,YAN Xue
9159,10040703709,ESP,13.05.1991,ACTIVE,AGELL SIMAL Georgina
9160,10023063651,NED,06.02.2004,INACTIVE,KNOEF Norah
9161,10097593296,NZL,25.09.1974,ACTIVE,MILLER Joanne
9162,10084690276,CAN,23.09.2004,ACTIVE,FRASER Aderyn
9163,10022095166,NZL,10.03.2004,ACTIVE,WALKER Samantha
9164,10021956740,NZL,24.11.2003,ACTIVE,SPENCER Jessica
9165,10123116222,GBR,13.12.2005,ACTIVE,CALTON Katie-Anne
9166,10095745347,ESP,10.04.2005,ACTIVE,PEREZ OIARBIDE Arene
9167,10084547709,EGY,29.05.2003,INACTIVE,ELIWA Hapepa
9168,10099022634,ALG,27.08.2003,INACTIVE,HOUILI Nesrine
9169,10072329648,CHI,03.06.2003,INACTIVE,REINOSO DUQUE Constanza
9170,10055223696,AUS,25.02.2000,ACTIVE,EDWARDS Sophie
9171,10080341141,RSA,15.03.2001,Inactive,DE WAAL Andrea
9172,10065016050,BEL,03.03.2003,ACTIVE,VAN DE PAAR Ines
9173,10053222163,CHI,13.04.1986,ACTIVE,MUÑOZ GRANDON Paola
9174,10021931579,NZL,19.08.2002,INACTIVE,DOWNIE Erin
9175,10016108145,UKR,29.06.2002,INACTIVE,SHEVCHENKO Sofiia
9176,10078439032,INA,22.02.2002,INACTIVE,WAHYUNI Atika
9177,10065015444,BEL,28.02.2003,ACTIVE,COOLS Aaike
9178,10016104004,UKR,29.01.2000,INACTIVE,SOLTYS Bohdana
9179,10006289523,AUS,10.11.1990,INACTIVE,SEDUNARY Jessica
9180,10109519246,NZL,13.12.2001,ACTIVE,DONNELLY Samantha
9181,10075824072,BEL,20.06.2003,ACTIVE,VAN DEN DRIES Ann-Sophie
9182,10050850616,IND,10.02.1992,INACTIVE,KAVITA Kavita
9183,10113605774,AUS,21.05.2004,INACTIVE,MARKER Meg
9184,10023236837,NED,22.09.2001,ACTIVE,SERNÉ Elisa
9185,10050715624,IND,01.04.1996,INACTIVE,DEVI T Monorama
9186,10009366140,GBR,19.03.2001,INACTIVE,BOOTH Lauren
9187,10042363217,ESP,29.01.2002,ACTIVE,ESTEVEZ GUEDE Garazi
9188,10010177910,BLR,07.09.1998,ACTIVE,TSERAKH Hanna
9189,10064451733,BLR,07.08.2003,ACTIVE,SUBBOTSINA Dziyana
9190,10002191574,VEN,10.04.1979,INACTIVE,MACHADO JAIMES Karelia Judith
9191,10021933195,NZL,13.12.2001,INACTIVE,DONNELLY Sami
9192,10099134586,EGY,17.07.2000,INACTIVE,MOHAMED Aya
9193,10087577038,ROU,30.01.1997,INACTIVE,CIOLACU Andreea-Teodora
9194,10079681945,EGY,18.06.2001,INACTIVE,YOUSSUF Sohaila
9195,10021677258,NZL,04.03.2002,INACTIVE,GREEN Tyla
9196,10095845882,JPN,19.08.2001,INACTIVE,TANAKA Yuna
9197,10030159607,ITA,03.03.2000,ACTIVE,ZANARDI Silvia
9198,10065928860,FRA,01.12.2002,ACTIVE,AGUER Maitena
9199,10118893385,IRL,24.02.1995,ACTIVE,COOPER Julia
9200,10011162256,THA,12.08.1999,ACTIVE,BATRIYA Chaniporn
9201,10115009244,IND,27.09.1997,INACTIVE,HARWINDER KAUR Harwinder Kaur
9202,10101946172,EGY,28.02.2001,INACTIVE,AHMED Nada
9203,10069191902,FRA,26.10.2002,ACTIVE,DIRINGER Manon
9204,10079681844,EGY,21.10.2001,INACTIVE,SALAH Esraa
9205,10031546808,ITA,25.03.2002,ACTIVE,GASPARRINI Eleonora Camilla
9206,10053130924,POL,12.01.2001,Inactive,GONDEK Maja
9207,10109512778,USA,10.06.1994,INACTIVE,ESPINOZA Skyler
9208,10100511582,EGY,15.12.1997,INACTIVE,ALI Esraa
9209,10042451628,ESP,13.02.2001,ACTIVE,AMONDARAIN GAZTAÑAGA Naia
9210,10013456005,USA,18.01.1985,ACTIVE,CHONG Jessica
9211,10050023991,IND,20.05.2000,INACTIVE,GOGOI Bristikong Kona
9212,10101945465,EGY,10.07.2000,INACTIVE,MOUSTAFA Amira
9213,10010114252,KAZ,17.03.1998,Active,SULTANOVA Rinata
9214,10049549402,MAR,05.07.2001,INACTIVE,BOUCHAMA Nousk
9215,10022697475,NED,12.09.2001,ACTIVE,VAN DER DUIN Maike
9216,10060100978,CHI,30.09.1999,INACTIVE,MUÑOZ RAMOS Anany
9217,10073516785,ESP,30.12.1999,INACTIVE,GIL PARODI Michelle-Nathal
9218,10053157701,MAS,02.08.2001,INACTIVE,MANSOR Siti Nur Alia
9219,10008976928,VEN,26.11.1993,Inactive,RIVAS MOLINA Zuralmy Coromoto
9220,10009232966,POL,22.05.1996,ACTIVE,PLOSAJ Nikol
9221,10015338916,FRA,16.08.2000,ACTIVE,BERTEAU Victoire
9222,10053235604,MAS,23.02.2000,ACTIVE,NORZALI Nurqadrina Emylia
9223,10014173300,NED,17.03.1999,ACTIVE,WIEBES Lorena
9224,10053236311,MAS,21.01.2001,ACTIVE,MOHD ROSLI Nurul Nazirah
9225,10013167631,KOR,12.04.1989,INACTIVE,YU Seonha
9226,10040912863,ESP,01.05.1993,ACTIVE,CHAPA LLORET Amparo
9227,10055650601,MAS,26.04.2001,INACTIVE,KADIR Nur Syafika Natasha
9228,10023459533,KAZ,10.12.1999,INACTIVE,SARKULOVA Alina
9229,10084177085,IRI,30.08.1995,INACTIVE,VALEH Zeynab
9230,10084051288,MEX,30.03.2000,INACTIVE,CANTU ELIZONDO Lisa
9231,10006399051,ARG,05.01.1989,INACTIVE,ALMADA Daiana
9232,10080770163,MAS,11.10.2001,INACTIVE,KAMARUDIN Nur Fatin Eliana
9233,10006570823,FRA,21.07.1991,INACTIVE,JAMONEAU Steffi
9234,10007738257,VEN,01.03.1992,ACTIVE,CHACON GARCIA Lilibeth De Carmen
9235,10015440865,CAN,21.04.1986,ACTIVE,RUTTAN Erin
9236,10004469660,GRE,18.07.1974,ACTIVE,TSAVARI Eleni Michalista
9237,10010655432,KAZ,29.03.1995,INACTIVE,ISKAKOVA Amiliya
9238,10016128959,JPN,09.08.1998,INACTIVE,NODERA Kaede
9239,10101945869,EGY,09.08.1998,INACTIVE,ABDELHAMED Esraa
9240,10010800225,KOR,17.10.1998,INACTIVE,PARK Subin
9241,10096169016,JPN,14.10.1997,INACTIVE,ITSUMIDA Nao
9242,10094619844,KAZ,14.11.1998,INACTIVE,MURZAGELDINOVA Nazgul
9243,10016805636,IRL,06.10.1963,ACTIVE,HENDRON Orla
9244,10063636226,KAZ,14.04.1997,ACTIVE,GENELEVA Tatyana
9245,10015469460,ESP,01.05.1999,ACTIVE,MARTIN MARTIN Isabel
9246,10065659785,FRA,18.06.2001,ACTIVE,GUIRADO Axelle
9247,10092946996,IRL,15.10.1985,INACTIVE,BYRNES Claire
9248,10034909270,RUS,24.05.2000,INACTIVE,BELOBORODOVA Alevtina
9249,10026261419,FRA,07.08.2000,ACTIVE,HANS Steffie
9250,10010170937,GBR,04.06.1997,INACTIVE,CAPEWELL Emily
9251,10010718278,CHN,29.06.1995,INACTIVE,WANG Yaqi
9252,10097462146,CHN,16.02.2001,INACTIVE,LI Mengjie
9253,10085602682,BRA,20.03.1975,INACTIVE,BASSI KURY Erika
9254,10016000536,GER,02.07.1999,ACTIVE,TEUTENBERG Lea Lin
9255,10062942371,FIN,31.07.1991,INACTIVE,SARLIN Eeva
9256,10004474613,GRE,07.11.1977,ACTIVE,CHATZISTYLI Athina
9257,10015567167,GER,18.08.1999,ACTIVE,STEFFEN Hannah
9258,10010169220,GER,20.11.1998,ACTIVE,BRAUßE Franziska
9259,10011023628,GBR,07.03.1987,ACTIVE,SMITH Joanna
9260,10010608851,AUS,12.12.1996,INACTIVE,CLAYTON Zoe
9261,10063981180,IRI,05.07.1996,INACTIVE,DERAKHSHAN Ghazaleh
9262,10084256810,USA,05.08.1988,INACTIVE,MARS Kyo
9263,10004552920,BRA,12.02.1985,INACTIVE,FERREIRA DA SILVA Luciene
9264,10010725958,KOR,14.01.1997,INACTIVE,KIM Seokran
9265,10029943476,ITA,11.02.2000,ACTIVE,CALDERINI Alice
9266,10011047371,GBR,11.10.1995,ACTIVE,LANKFORD Sophie
9267,10008691887,BRA,20.07.1995,ACTIVE,DOS SANTOS RODRIGUES Wellyda Regisleyne
9268,10005991045,IRL,16.06.1981,INACTIVE,SPATH Melanie
9269,10085563781,KAZ,10.12.1999,ACTIVE,SARKULOVA Alina
9270,10009069581,BRA,09.12.1990,INACTIVE,FERREIRA DA SILVA Danilas
9271,10011057475,POL,28.09.1999,INACTIVE,BIELAWSKA Klaudia
9272,10040477171,ESP,25.01.2000,INACTIVE,MORENO ROCA Alexandra
9273,10006896882,NZL,25.02.1992,INACTIVE,STEEL Elizabeth
9274,10084757065,CHN,05.08.1991,INACTIVE,HAN Shuang
9275,10006256177,BRA,01.01.1989,ACTIVE,LIONÇO Daniela Cristine
9276,10042501744,ESP,24.12.2000,INACTIVE,GONZALEZ ALDASORO Bakarne
9277,10083485254,KOR,27.03.1999,INACTIVE,PARK Jiyoung
9278,10052690380,IRL,02.11.1974,INACTIVE,MALLON Noreen
9279,10010880956,RUS,20.03.1998,INACTIVE,TASHBULATOVA Viktoria
9280,10015339017,FRA,24.04.1999,ACTIVE,FORTIN Valentine
9281,10015328711,FRA,12.01.1999,ACTIVE,COPPONI Clara
9282,10030434237,ITA,09.10.2000,INACTIVE,DE LUCA Chiara
9283,10075987760,IRL,24.07.1972,ACTIVE,WHITE Sarah
9284,10081003266,IRL,01.10.1972,INACTIVE,KEOGH Deirdre
9285,10084189314,GBR,10.03.1999,INACTIVE,FUSS Kelsey
9286,10026187051,FRA,19.06.2000,INACTIVE,DA CRUZ Laura
9287,10015510280,NED,24.06.1999,ACTIVE,KROL Phaedra
9288,10062151116,IRL,30.12.1998,ACTIVE,GRIFFIN Mia
9289,10049768660,MAR,20.12.1999,INACTIVE,OUAICHA Soumia
9290,10062576300,CIV,03.08.1993,INACTIVE,KOUASSI Adahi Orneila
9291,10009914996,INA,12.12.1997,ACTIVE,DELIA PRIATNA Ayustina
9292,10007708551,SUI,13.06.1994,INACTIVE,WALDIS Andrea
9293,10010789616,PUR,13.11.1998,INACTIVE,BÁEZ Jougna
9294,10010177809,BLR,21.04.1998,ACTIVE,BIRUK Karalina
9295,10010619359,PUR,21.09.1997,INACTIVE,GOLDEROS TRUJILLO Christie
9296,10063250751,CRC,31.01.1997,INACTIVE,SEGURA MIRANDA Monserrat
9297,10007077647,BEL,01.11.1992,INACTIVE,CROKET Gilke
9298,10015781779,NZL,19.10.1996,ACTIVE,HODGES Jessie
9299,10015286271,CZE,08.02.1999,INACTIVE,CETKOVSKÁ Ema
9300,10063606924,KOR,30.03.1998,INACTIVE,YANG Kyungmin
9301,10004739341,ESP,17.02.1977,INACTIVE,OLABERRIA DORRONSORO Leire
9302,10014218059,BEL,20.06.1999,INACTIVE,SELOSSE Noa
9303,10015336387,ITA,22.07.1999,ACTIVE,PATERNOSTER Letizia
9304,10023672327,GBR,25.10.2000,INACTIVE,NIBLETT Esme
9305,10054069396,GER,07.04.1998,INACTIVE,"LINDNER Francis, Sophie"
9306,10015559184,IRL,07.02.1998,Inactive,HARRISON Eimear
9307,10010095155,KOR,16.02.1993,INACTIVE,HWANG Yeeun
9308,10021587231,JPN,02.09.1998,INACTIVE,SAKAMOTO Honoka
9309,10007782818,IRL,05.07.1992,ACTIVE,GUIHEN Fiona
9310,10009102523,IRL,07.05.1986,INACTIVE,MICHAUD Melisande
9311,10054660692,POL,19.08.1998,INACTIVE,ZABISZAK Paulina
9312,10007760182,SIN,24.05.1986,INACTIVE,CHAN Dinah
9313,10062544166,CHN,06.09.1998,INACTIVE,ZHANG Jieqiong
9314,10016235154,IRL,14.03.1978,INACTIVE,HARRIS Rebecca
9315,10016799370,IRL,21.12.1979,INACTIVE,HOWARD Sandra
9316,10009216394,BRA,28.04.1994,INACTIVE,GOMES RAMOS Nayara
9317,10011128005,NED,29.03.1999,ACTIVE,BLOEMHOF Wietske
9318,10016277691,KOR,05.07.1997,INACTIVE,KIM Yura
9319,10063830529,KOR,08.09.1995,INACTIVE,KIM Chaehyeon
9320,10064212162,IRL,28.07.1974,ACTIVE,O BRIEN Serena
9321,10063767174,IRL,10.10.1995,INACTIVE,IVORY Caoimhe
9322,10063520230,IRL,04.03.1983,INACTIVE,BRADSHAW Eilish
9323,10015997809,CHN,04.03.1996,INACTIVE,LIU Chuxuan
9324,10023676367,GBR,13.02.2000,INACTIVE,JONES Chloe
9325,10009862658,CAN,10.01.1983,INACTIVE,GRANT Meghan
9326,10009258531,UKR,25.09.1995,Inactive,BONDAR Viktoriia
9327,10010765970,GBR,03.05.1997,INACTIVE,DENTUS Abigail
9328,10009162238,FRA,11.10.1996,INACTIVE,LAMBOLEY Soline
9329,10006489381,ESP,18.08.1990,INACTIVE,RAYO RAMIS Catalina
9330,10016112185,BRA,22.11.1990,INACTIVE,VALERIA Pamella
9331,10010656442,KAZ,14.04.1997,INACTIVE,GENELEVA Nadezhda
9332,10003299802,CAN,03.12.1986,ACTIVE,ROORDA Stephanie
9333,10015145118,BRA,10.01.1997,Inactive,ARAUJO DE LIMA Thayná
9334,10010176088,VEN,02.06.1998,INACTIVE,TORRES Sorelis
9335,10015191089,KOR,14.04.1996,INACTIVE,PARK Jeongeun
9336,10010979269,BEL,01.10.1992,ACTIVE,INGHELBRECHT Sarah
9337,10009508408,FRA,25.09.1996,INACTIVE,DUTOUR Margot
9338,10007934681,GRE,02.02.1991,INACTIVE,FASOI Varvara
9339,10009808805,JPN,09.02.1997,INACTIVE,SUZUKI Nao
9340,10013559974,KOR,04.01.1993,INACTIVE,LEE Eunhee
9341,10009138289,FRA,31.03.1995,ACTIVE,GUEDON Mélanie
9342,10009643905,GER,01.05.1990,INACTIVE,RETTNER Julia
9343,10006265271,GBR,25.07.1990,ACTIVE,SCOTT Helen
9344,10005489473,FRA,28.01.1989,ACTIVE,DELZENNE Elise
9345,10006649736,TPE,16.01.1992,INACTIVE,LIN Chia Hui
9346,10009727363,ECU,27.05.1997,INACTIVE,SUÁREZ Ana
9347,10005729044,FRA,16.03.1989,ACTIVE,WYPELIER HUYGENS Cynthia
9348,10016322050,GRE,08.11.1997,INACTIVE,MAVROGIANNI Zoi
9349,10004828661,KOR,18.04.1986,INACTIVE,YOU Jina
9350,10003522696,CHI,19.07.1985,INACTIVE,CAMPOS SALAS Francisca
9351,10009137683,NZL,25.01.1996,INACTIVE,SMITH Frances
9352,10010900861,UKR,15.04.1997,INACTIVE,BABUKA Elizaveta
9353,10016203327,USA,21.02.1984,INACTIVE,JOHNSON Heather
9354,10015855339,KOR,28.03.1992,INACTIVE,LEE Jihye
9355,10010665132,AUS,14.09.1998,INACTIVE,JACKSON Brittany
9356,10010094953,KOR,06.03.1994,INACTIVE,LEE Hyojin
9357,10016025188,KOR,14.06.1997,INACTIVE,JEONG Euna
9358,10010671495,MAR,26.08.1992,INACTIVE,SKOUKDI Nadia
9359,10011172057,EGY,03.01.1995,INACTIVE,HELMY Hamedia
9360,10009219428,IRL,06.05.1981,INACTIVE,GUNN Sarah
9361,10009497088,UZB,20.09.1996,ACTIVE,BEZUGLOVA Alla
9362,10007751795,GBR,24.12.1994,INACTIVE,ROBERTS Amy
9363,10007786454,USA,18.12.1986,INACTIVE,NELSON Lindsay
9364,10004742775,USA,21.12.1990,INACTIVE,HAYDUK Colleen
9365,10011043129,BAN,29.03.1996,INACTIVE,KHATUN Rumi
9366,10011061216,BAN,24.01.1995,INACTIVE,BISWAS Sathi
9367,10002741545,ITA,22.08.1984,ACTIVE,GUDERZO Tatiana
9368,10010719389,LTU,15.06.1997,INACTIVE,EIDEJUTE Egle
9369,10009674520,BLR,28.05.1992,INACTIVE,HAMID Natalia
9370,10008601456,ECU,10.08.1994,ACTIVE,NÚÑEZ PADILLA Miryam Maritza
9371,10011057172,GBR,01.09.1997,INACTIVE,DORNAN Becky
9372,10061232949,BLR,12.03.1996,INACTIVE,SACHENKO Marta
9373,10008696234,GER,23.05.1995,INACTIVE,STOCK Gudrun
9374,10010582680,NOR,11.03.1989,INACTIVE,OMMUNDSEN Marie Elise
9375,10007189300,GBR,24.04.1992,INACTIVE,KENNY Laura
9376,10009673914,BLR,16.12.1990,INACTIVE,NAVITSKAYA Hanna
9377,10010651893,GER,02.06.1997,INACTIVE,BERTHOLD Carla
9378,10014473996,TTO,04.12.1992,INACTIVE,FRANCIS Denese
9379,10007236281,UKR,08.03.1992,INACTIVE,TERESHCHUK Marta
9380,10009509519,USA,20.04.1996,INACTIVE,CARRENO Lucia
9381,10009056144,VEN,04.07.1995,INACTIVE,SÁNCHEZ PEREZ Michelle Andreina
9382,10006410064,KOR,23.10.1991,INACTIVE,HONG Hyeonji
9383,10009157689,RSA,15.04.1993,INACTIVE,ABRAHAMS Browyn
9384,10006603761,ESP,08.07.1991,INACTIVE,VILLARROEL ARRATE Ivana
9385,10010924911,USA,17.04.1987,INACTIVE,WALKER Esther
9386,10008948939,BLR,21.06.1994,INACTIVE,KASABUTSKAYA Kseniya
9387,10009513054,ITA,13.04.1996,INACTIVE,GIORDANI Matilde
9388,10009103533,ITA,02.09.1995,ACTIVE,MAFFIETTI Nicole
9389,10007207686,KOR,06.01.1992,INACTIVE,YOUN Ahyoung
9390,10006902744,POL,21.01.1991,INACTIVE,RUTKOWSKA Natalia
9391,10006321249,UKR,09.05.1990,INACTIVE,TSYOS Olena
9392,10010700696,USA,17.04.1996,INACTIVE,SHORE Dominique
9393,10010653715,KOR,25.05.1996,INACTIVE,LEE Boram
9394,10010590966,BRA,23.03.1985,INACTIVE,OLIVEIRA Luzia
9395,10010108592,KOR,15.10.1996,INACTIVE,RO Hye-Min
9396,10005917485,RSA,17.04.1981,INACTIVE,BOLE Ilze
9397,10008949040,BLR,22.12.1993,INACTIVE,SMIRNOVA Aliaksandra
9398,10010841954,COL,09.04.1990,INACTIVE,BURITICA SALAZAR Laura Maria
9399,10010927032,IRL,07.05.1986,INACTIVE,READE Milly
9400,10010698979,KOR,03.05.1993,INACTIVE,KIM Suyeon
9401,10010612083,KOR,21.04.1995,INACTIVE,KIM Hyuna
9402,10009509923,USA,06.04.1996,INACTIVE,WILLIAMS Kirsten
9403,10010168715,CHN,14.03.1994,INACTIVE,LI Meng
9404,10010926224,USA,20.04.1986,INACTIVE,DUBAN Ash
9405,10076778716,NGR,03.11.2002,ACTIVE,AYUBA Grace
9406,10096343515,KOR,29.03.2000,INACTIVE,KIM Bomi
9407,10010823261,RSA,18.09.1998,ACTIVE,VAN NIEKERK Danielle
9408,10083748972,NGR,29.08.2001,ACTIVE,SAMUEL Mary
9409,10094277112,ECU,24.04.2004,INACTIVE,HERRERA TERAN Danna
9410,10081888491,NOR,25.04.1978,ACTIVE,MOI Sonja
9411,10036104087,KAZ,08.12.2000,ACTIVE,SOLOVYEVA Anzhela
9412,10114876474,TTO,01.07.2004,ACTIVE,SANDY Phoebe
9413,10082275380,DEN,05.09.2004,INACTIVE,LUND Victoria
9414,10107613804,THA,16.08.2003,ACTIVE,NAPHOM Thipphawan
9415,10128040687,DEN,26.01.1997,ACTIVE,AGUIRRE Mathilde
9416,10077742753,INA,26.02.2000,INACTIVE,RICHA Rosa
9417,10134896870,ROU,07.01.1993,INACTIVE,DARABANT-HUSANU Noelle-Priscilla
9418,10010180233,ESP,08.10.1998,ACTIVE,FERRERES NAVARRO Isabel
9419,10094087455,UZB,25.10.2001,INACTIVE,ABDULLAEVA Shahnoza
9420,10072127362,FRA,07.08.1988,ACTIVE,PATOUILLET Marie
9421,10109286951,BRA,29.09.1999,ACTIVE,DA COSTA Gabriela
9422,10136470290,DEN,22.05.1998,ACTIVE,HERMANSEN Emma
9423,10010810127,CHI,01.02.1980,ACTIVE,SCOTT ROMAN Mariela
9424,10016040346,HKG,26.01.1999,INACTIVE,CHAN Lok Yin
9425,10132762668,JPN,03.06.1987,INACTIVE,ISHINAKA Aoi
9426,10135666204,IND,27.07.2003,INACTIVE,GIBI Binilamol
9427,10131998792,HKG,12.08.1993,ACTIVE,LO Siu Yee
9428,10069680942,IRL,27.04.1995,ACTIVE,TIMOTHY Richael
9429,10140336146,BRA,06.05.1999,ACTIVE,RODRIGUES MARINHO Lara
9430,10008664811,CAN,02.04.1995,ACTIVE,BONHOMME Ariane
9431,10050588918,IND,19.03.2003,INACTIVE,K Sneha
9432,10073727054,MAS,01.02.2002,INACTIVE,ZAMRI Aisyah Nabihah
9433,10135666608,IND,28.07.2004,INACTIVE,BISHNOI Shivam
9434,10072016420,FRA,19.03.2004,ACTIVE,KAUFMANN Doriane
9435,10049102592,MAS,19.10.2000,INACTIVE,NORHISHAM Fatin Noryasminajwa
9436,10135666305,IND,29.05.2002,INACTIVE,BASANDRAI Bhavika
9437,10101982043,ESP,25.06.2002,ACTIVE,TAULER LORENZO Nuria
9438,10071191415,FRA,11.01.2004,ACTIVE,RADADI Ambre
9439,10080746521,CAN,09.06.2004,ACTIVE,LYLYK Kiara
9440,10135666406,IND,08.02.2002,INACTIVE,KAVITA Kavita
9441,10026615568,FRA,07.09.1996,ACTIVE,GUEGAN Laura
9442,10111004558,NZL,02.09.2004,ACTIVE,JUDD Belle
9443,10135666507,IND,03.04.2003,INACTIVE,BISHNOI Nikita
9444,10011131944,CAN,08.06.1998,ACTIVE,SIMONSON Holly
9445,10052780916,CAN,29.07.2004,ACTIVE,PRIMEAU Penelope
9446,10111509261,CAN,11.01.1999,INACTIVE,BASTERAH Hayley
9447,10015198466,CAN,14.11.1991,INACTIVE,BROUWER Miriam
9448,10088130746,CAN,05.11.1997,ACTIVE,MAJENDIE Fiona
9449,10121917260,CAN,16.02.2004,ACTIVE,LEBRETON Madeline
9450,10132546844,CAN,30.10.1999,ACTIVE,BURNS Paige
9451,10132620909,CAN,28.07.1996,ACTIVE,DASILVA Stephanie
9452,10073661679,CAN,13.03.2004,ACTIVE,WATSON Mackenzie
9453,10078069422,JAM,17.10.2000,ACTIVE,SHARPE Llori
9454,10015225243,HUN,03.01.1997,ACTIVE,SZABÓ Zsófia
9455,10017612554,SLO,25.10.2002,ACTIVE,AHAČIČ Ana
9456,10090168352,UKR,19.12.2002,INACTIVE,LUTSYK Anna
9457,10036124295,DEN,14.06.2003,ACTIVE,AUERBACH-LIND Laura
9458,10015264952,NOR,13.07.1991,INACTIVE,NILSSEN Birgitte Andersen
9459,10080445619,SLO,20.05.2002,INACTIVE,ŽIBERT Ema
9460,10010785471,HUN,26.09.1998,ACTIVE,KAPOTT Szonja
9461,10017612453,SLO,03.08.2002,INACTIVE,SUŠNIK Tjaša
9462,10009073827,UKR,08.05.1994,INACTIVE,KLIMCHENKO Tetyana
9463,10091241820,DEN,06.07.1991,ACTIVE,JENSEN Marita
9464,10122030327,HUN,09.03.2001,INACTIVE,TÚRI Anna
9465,10080501290,HUN,12.01.2002,INACTIVE,HÉRINCS Diána Letti
9466,10023652018,HUN,20.06.2002,INACTIVE,TIRCSI Andrea
9467,10121028904,INA,06.01.2001,INACTIVE,PEEPITHA KUNAWI Theola
9468,10123469462,IND,13.12.1997,INACTIVE,SUDHAKARAN Athulya K
9469,10096552770,INA,01.12.2001,INACTIVE,PRIATNA Anatasya
9470,10085001585,AUS,22.03.2002,INACTIVE,SIBLEY Ella
9471,10115778473,INA,21.02.1994,INACTIVE,RAMANTI Mutiara
9472,10083470201,BLR,01.07.1999,Inactive,KAVALIOVA Hanna
9473,10089597668,UKR,16.02.2002,INACTIVE,FARSHCHUK Snizhana
9474,10123474314,IND,22.02.2002,INACTIVE,K R Varshini
9475,10049102390,MAS,26.03.2001,INACTIVE,CHEK RAMLI Nor Aisyah Munirah
9476,10115741087,SUI,13.02.1996,ACTIVE,SCHNEIDER Cybèle
9477,10113467752,GUI,03.05.2000,INACTIVE,HAWA Camara
9478,10009677550,ISR,16.10.1997,INACTIVE,WEINBERG Gali
9479,10076035452,JPN,13.04.1991,INACTIVE,YAMAMOTO Sakura
9480,10006139777,IRI,26.03.1985,ACTIVE,JALALIYEH Seyedehmaryam
9481,10110725379,AUT,02.05.1976,ACTIVE,KRAUT Cecilia
9482,10010713228,ITA,10.02.1997,ACTIVE,ALZINI Martina
9483,10030478592,ITA,20.11.2003,INACTIVE,GORINI Sara
9484,10084177388,IRI,09.02.1993,INACTIVE,MAJNOUNI Parisa
9485,10017492417,IRL,17.04.2002,ACTIVE,O BRIEN Caoimhe
9486,10096722623,FIN,31.05.2003,INACTIVE,TURPEINEN Iida
9487,10114931240,IND,13.08.2000,INACTIVE,YADAV Shravya
9488,10084176883,IRI,25.12.1996,ACTIVE,SASANIAN Fatemeh
9489,10053952289,POL,06.06.2002,INACTIVE,OLEJNICZAK Zuzanna
9490,10102020944,GRE,04.08.2003,INACTIVE,KORAKI Anna
9491,10035487028,COL,28.12.2000,ACTIVE,VARGAS VELASQUEZ Melissa
9492,10069926371,FIN,19.10.2002,Inactive,NURMINEN Kaarina
9493,10028799179,ITA,02.01.2001,ACTIVE,BONETTI Giorgia
9494,10050720674,IND,15.02.2000,INACTIVE,SUMITHRA V
9495,10028734212,ITA,08.03.2001,ACTIVE,VITILLO Matilde
9496,10068823302,FRA,16.12.2002,ACTIVE,SARRON Maylis
9497,10059286481,USA,06.10.2000,INACTIVE,KELLEY Kate
9498,10040979046,ESP,15.02.2001,ACTIVE,ESTEBAN FERNANDEZ Carolina
9499,10090742268,MEX,13.08.2002,INACTIVE,RODRIGUEZ GONZALEZ Melissa
9500,10054289769,UKR,28.06.2002,INACTIVE,VETRYCHENKO Elizaveta
9501,10101703268,SUD,14.11.1992,INACTIVE,ABDELRAHMAN Salma
9502,10009021081,JPN,15.01.1993,INACTIVE,YOSHIKAWA Miho
9503,10008625607,SVK,27.03.1996,ACTIVE,MEDVEĎOVÁ Tereza
9504,10051245888,UAE,25.11.1999,INACTIVE,BILAL Fatma
9505,10011154475,ESP,19.08.1998,ACTIVE,ALONSO DOMINGUEZ Sandra
9506,10036107525,KAZ,26.07.2000,ACTIVE,PACHSHENKO Svetlana
9507,10015954157,SIN,18.01.1990,ACTIVE,LUO Yiwei
9508,10069117332,GHA,01.06.1998,INACTIVE,AYOUNG Clementina
9509,10100511077,EGY,06.06.2000,INACTIVE,MOHAMED Mariam
9510,10010798407,THA,15.12.1998,INACTIVE,THITJAN Piyathida
9511,10053141533,GUA,28.01.2000,INACTIVE,LOPEZ ALVAREZ Karold Adriana
9512,10060960642,ALG,06.10.2000,INACTIVE,KASMI Tefaha Lydia
9513,10022764769,NED,18.08.2000,ACTIVE,VAN DER POLS Sandy
9514,10060598005,ARG,07.03.1998,INACTIVE,BARRETO CACERES Selene
9515,10023622211,HUN,11.06.2000,INACTIVE,KOVÁCS Petra
9516,10016200903,IRI,03.07.1988,ACTIVE,BAHRAMI Tahoura
9517,10018660053,GBR,13.06.1995,ACTIVE,MORRIS Anna
9518,10009914390,THA,15.08.1997,ACTIVE,KAMONKHON Sarocha
9519,10011150940,MAS,25.03.1999,ACTIVE,MOHD FUAD Siti Nur Adibah Akma
9520,10022712532,NED,29.06.2001,ACTIVE,ADRIAANSEN Maud
9521,10051342383,ARG,22.09.2000,INACTIVE,GOMEZ Jasmin Evangelina
9522,10005510994,UKR,30.09.1988,INACTIVE,NAHIRNA Anna
9523,10007211528,CAN,01.06.1993,INACTIVE,BEVERIDGE Allison
9524,10097461843,CHN,09.12.2001,INACTIVE,LIANG Siqing
9525,10015346693,MAS,15.11.1999,INACTIVE,MOHAMAD FAUZI Nurul Najwa
9526,10036059328,RUS,23.04.2001,ACTIVE,IVANTSOVA Maria
9527,10010179930,UKR,30.12.1997,ACTIVE,FEDOTOVA Kseniia
9528,10016795330,IRL,27.09.1974,ACTIVE,HOARE Angela
9529,10010580559,CAN,11.03.1989,INACTIVE,SIMMERLING Georgia
9530,10092435526,ESP,27.01.1985,ACTIVE,CAVAS OLMOS Elena
9531,10054140431,BLR,03.03.2001,INACTIVE,PIPCHANKOVA Yuliya
9532,10005850801,FRA,25.08.1990,ACTIVE,VALENTINO Manon
9533,10034905028,RUS,17.08.2000,INACTIVE,ANISIMOVA Valeriia
9534,10010746570,UKR,11.09.1997,Inactive,KLIACHINA Oksana
9535,10041864675,ESP,29.10.1990,INACTIVE,PUJOL MUÑOZ Cristina
9536,10006077638,UKR,21.12.1986,INACTIVE,SHARHA Olena
9537,10008173040,CAN,26.06.1991,INACTIVE,FOREMAN-MACKEY Annie
9538,10097462045,CHN,26.06.2001,INACTIVE,LI Yingxin
9539,10097461944,CHN,26.03.1999,INACTIVE,WANG Man
9540,10015283746,CAN,07.09.1999,INACTIVE,JUSSAUME Laurie
9541,10089974958,UKR,18.02.2001,INACTIVE,ZAICHUK Valeriia
9542,10015975577,CAN,06.03.1991,INACTIVE,BOURBEAU Luce
9543,10023572192,FRA,04.07.2000,INACTIVE,GRIMAUD Océane
9544,10045927056,NZL,14.08.2000,INACTIVE,MAILLARD Esme
9545,10060627610,AUS,24.04.1980,ACTIVE,PETRICOLA Emily
9546,10054563591,INA,17.09.1998,INACTIVE,ALMIRA Findra
9547,10050375821,CRC,08.01.1998,Inactive,MARCHENA MEDINA Ana Cristina
9548,10054557632,INA,27.10.1991,INACTIVE,ARIEANTI Caputri
9549,10075048274,INA,15.06.1999,INACTIVE,ANNAKKE Angellia
9550,10010921170,USA,17.07.1984,INACTIVE,UHLAENDER Katie
9551,10076377073,FIN,28.08.1989,INACTIVE,KUUSINEN Miisa
9552,10007242951,USA,19.09.1980,ACTIVE,WHEELER Jennifer
9553,10084666432,GRE,16.12.1995,ACTIVE,GIAMPANI Maria Ioanna
9554,10010813460,GBR,14.04.1998,INACTIVE,RAYBOULD Rebecca
9555,10015781577,NZL,04.05.1999,ACTIVE,HAYTHORNE Dayna
9556,10035471062,COL,09.06.1999,ACTIVE,LATRIGLIA ALARCON Maria Valentina
9557,10011139220,FIN,05.02.1983,ACTIVE,KANGAS Minna-Maria
9558,10006654887,USA,02.03.1964,INACTIVE,BOYENGER Cj
9559,10017440378,IRL,06.08.1998,ACTIVE,NEENAN Jennifer
9560,10034898156,UKR,25.11.2000,INACTIVE,PASTUH Diana
9561,10071427952,BRA,03.05.1986,INACTIVE,DE MORAES BARBOSA MAIRA HENDI
9562,10007806157,GBR,17.09.1989,INACTIVE,HORNE Ciara
9563,10082872841,COL,03.06.1999,INACTIVE,RINCON MONZON Valentina
9564,10045809444,FIN,29.11.1989,INACTIVE,JÄPÖLÄ Anna-Maria
9565,10009098883,USA,06.02.1964,INACTIVE,HOLLAND Annabell
9566,10023464583,UKR,05.06.1998,INACTIVE,PRYYMA Sofya
9567,10045804087,FIN,14.12.1975,INACTIVE,PELKONEN-MUTANEN Mari
9568,10084304300,USA,31.05.1988,INACTIVE,LAGUNA Emily
9569,10071485546,BRA,23.03.1985,INACTIVE,DE OLIVEIRA LUZIA TATIANNE
9570,10064646339,USA,17.08.1994,INACTIVE,MARTZ Rebecca
9571,10049182822,CAN,26.04.1981,INACTIVE,LENTINI Nicole
9572,10034825711,UKR,15.06.1998,INACTIVE,SAMOILENKO Olena
9573,10009319458,CUB,01.03.1993,INACTIVE,SÁNCHEZ BORGES Mailin
9574,10007860014,BEL,08.04.1986,INACTIVE,DOM Annelies
9575,10007515561,RUS,10.02.1993,INACTIVE,CHEKINA Aleksandra
9576,10010808006,POL,31.08.1998,INACTIVE,ROZYNSKA Nikola
9577,10054554093,INA,27.04.1981,INACTIVE,KUSUMA Santia Tri
9578,10015441875,NZL,09.09.1999,INACTIVE,SHIELDS Nicole
9579,10010199128,FRA,28.08.1998,ACTIVE,LAURANCE Typhaine
9580,10071485344,BRA,19.04.1981,INACTIVE,DELLA GIUSTINA RAFAELLA
9581,10005299416,JPN,13.11.1961,INACTIVE,WACHI Emi
9582,10015652952,NZL,03.04.1999,INACTIVE,SMITH Kate
9583,10010199027,FRA,16.07.1998,ACTIVE,JOUNIER Lucie
9584,10062863357,IRL,27.09.1991,INACTIVE,FOX Orla
9585,10015763894,UKR,19.04.1990,Inactive,SEMENOVA Iryna
9586,10023447005,FRA,22.07.1999,INACTIVE,PARET PEINTRE Maeva
9587,10017296801,IRL,13.10.1987,INACTIVE,TIGHE Laura
9588,10009512347,CAN,21.09.1995,ACTIVE,PAULY Brenna
9589,10006646504,UKR,13.09.1991,INACTIVE,METALNYKOVA Inna
9590,10064646743,USA,19.11.1985,INACTIVE,GEORGE Kathryn
9591,10015447636,CAN,09.03.1998,INACTIVE,SWAN Callie
9592,10003836534,UKR,14.05.1990,Active,KONONENKO Valeriia
9593,10010181748,FRA,05.02.1998,INACTIVE,CLOUARD Pauline
9594,10062860933,IRL,05.07.1993,ACTIVE,COTTER Imogen
9595,10009850332,CAN,06.04.1993,ACTIVE,FLYNN Emily
9596,10062862549,IRL,24.04.1986,INACTIVE,HUGHES Hilary
9597,10062863054,IRL,20.06.1991,ACTIVE,NÍ REACHTAGÁIN Claire
9598,10009184163,RUS,10.01.1996,INACTIVE,MOLOVSTVOVA Valentina
9599,10088433466,UKR,24.01.1998,Active,BIRIUKOVA Yuliia
9600,10015427832,GBR,17.09.1965,ACTIVE,CAPEWELL Deborah
9601,10062095441,IRL,07.04.1980,INACTIVE,FAGAN Susan
9602,10023843590,GBR,11.06.1999,ACTIVE,GURNEY Matilda
9603,10023861273,GBR,22.03.2000,INACTIVE,ASHWORTH Georgia
9604,10018858703,GBR,17.11.1978,INACTIVE,MOORE Lucy
9605,10018960753,GBR,13.04.1976,ACTIVE,DOBBINS Melanie
9606,10019160716,GBR,01.07.1964,ACTIVE,CHAMBERS Amanda
9607,10018510311,GBR,16.12.1997,ACTIVE,MAYNARD Rebecca
9608,10009485570,NZL,10.09.1992,INACTIVE,SUTTON Philippa
9609,10052012188,CAN,21.11.1988,INACTIVE,BLAIS Marie Soleil
9610,10061466759,MAS,26.04.1993,INACTIVE,SOMNET Jupha
9611,10004631732,DEN,03.06.1988,INACTIVE,SCHMIDT Trine
9612,10015336791,CZE,01.09.2000,ACTIVE,ŠEVČÍKOVÁ Petra
9613,10009638447,HUN,20.05.1996,INACTIVE,TOLNAI Zsanett
9614,10009196590,MEX,08.12.1996,ACTIVE,SALAZAR VAZQUEZ Lizbeth Yarely
9615,10008965814,GER,15.07.1996,ACTIVE,KLEIN Lisa
9616,10006789576,NZL,03.09.1985,INACTIVE,NIELSEN Jaime
9617,10009090294,GER,07.06.1997,INACTIVE,EBERT Michaela
9618,10010602585,CZE,09.04.1997,INACTIVE,PLANIČKOVÁ Eva
9619,10005270114,NZL,10.07.1988,INACTIVE,WALKER Sarah
9620,10008673905,CAN,16.01.1995,ACTIVE,GIBSON Kinley
9621,10008964501,GER,29.08.1996,ACTIVE,LANGE Alina
9622,10009508004,FRA,03.04.1995,INACTIVE,GERARD Helene
9623,10009089789,GER,30.09.1996,INACTIVE,PETERS Johanna
9624,10010700801,LTU,21.01.1997,INACTIVE,JAKUBOVSKAJA Kristina
9625,10009690381,MEX,20.05.1997,ACTIVE,GAXIOLA GONZALEZ Maria Antonieta
9626,10008902661,NED,13.09.1971,ACTIVE,DRYSDALE Larissa
9627,10007742705,FRA,03.05.1993,ACTIVE,DUVAL Eugénie
9628,10016317505,GRE,21.08.1989,INACTIVE,KATSALI Amalia
9629,10061404418,UKR,30.09.1988,INACTIVE,NAGIRNA Ganna
9630,10023544712,BRA,10.12.1998,INACTIVE,FERREIRA SALES Kathleen Caroline
9631,10010698070,FRA,02.07.1997,INACTIVE,LE BRIS Cecilia
9632,10009719279,CAN,22.10.1981,INACTIVE,GILGEN Jamie
9633,10008964905,GER,28.10.1996,INACTIVE,MANGERTSEDER Sofie
9634,10061336720,COL,14.05.1987,INACTIVE,CASTANEDA Elizabeth
9635,10006328929,POL,28.11.1986,INACTIVE,JASINSKA Edyta
9636,10008954292,GUA,11.01.1993,INACTIVE,SOTO Jazmín
9637,10009215182,CHN,09.01.1996,INACTIVE,YANG Lili
9638,10006326303,FIN,29.02.1968,INACTIVE,LEHIKOINEN Pia
9639,10008967632,GUA,09.04.1993,INACTIVE,LEE Cintia
9640,10008954696,CAN,27.10.1992,INACTIVE,RASMUSSEN Sarah
9641,10010691303,UKR,25.10.1996,INACTIVE,ALIEKSIEIEVA Viktoria
9642,10045877243,FIN,21.05.1986,INACTIVE,EKLUND Karoliina
9643,10023476610,CAN,02.06.1982,INACTIVE,DESYLVA Aubrie
9644,10015975981,CAN,17.04.1990,INACTIVE,GIOVANNETTI Sara
9645,10023476711,CAN,18.07.1992,INACTIVE,SINTAL Valina
9646,10015959110,UKR,08.11.1996,INACTIVE,SIRYACHENKO Oksana
9647,10010746772,UKR,20.06.1997,INACTIVE,LYOVINA Anastasiya
9648,10016309421,GRE,17.09.1994,INACTIVE,BIDALI Olga-Mixaela
9649,10011129924,MAR,23.07.1996,INACTIVE,EL HIYANI Fatima Zahra
9650,10011032823,PHI,02.10.1993,INACTIVE,BENJAMIN Aimee
9651,10010115666,ARG,11.02.1997,ACTIVE,BARROSO Micaela Belen
9652,10009514165,IND,17.08.1995,INACTIVE,BIDYALUXMI Devi
9653,10009325219,IND,04.06.1994,INACTIVE,SATPUTE Rutuja
9654,10009964712,NZL,08.05.1993,INACTIVE,VAN KAMPEN Hannah
9655,10007498585,RUS,04.10.1993,ACTIVE,AVERINA Mariia
9656,10011038580,BAN,05.03.1993,INACTIVE,AKTER Shilpi
9657,10002730431,USA,18.08.1983,INACTIVE,HAMMER Sarah
9658,10009711805,FIN,23.01.1993,INACTIVE,SAARINEN Anna-Mari
9659,10009972590,BEL,18.05.1997,INACTIVE,DRUYTS Lenny
9660,10061257201,POL,17.07.1996,INACTIVE,RADZICKA Natalia
9661,10009142030,CAN,07.04.1988,INACTIVE,LAY Kirsti
9662,10005512715,POL,21.09.1989,INACTIVE,WOJTYRA Malgorzata
9663,10010933601,JPN,13.10.1985,INACTIVE,KOSAKA Tomoko
9664,10008884170,BEL,17.01.1996,ACTIVE,VANDENBULCKE Jesse
9665,10004884437,GBR,05.12.1988,INACTIVE,ROWSELL-SHAND Joanna
9666,10009641275,VEN,24.04.1997,INACTIVE,ARRIECHE PALENCIA Daryorie Coromoto
9667,10004716002,BRA,21.10.1982,INACTIVE,VASEL KOSAK Ana Rafaela
9668,10009726353,USA,03.11.1995,INACTIVE,CATLIN Kelly
9669,10008691483,POL,25.06.1995,INACTIVE,RATAJCZAK Alicja
9670,10008091194,GBR,07.09.1994,ACTIVE,BARKER Elinor
9671,10008938835,MEX,04.03.1994,INACTIVE,PADILLA María Fernanda
9672,10009972691,BEL,13.01.1997,INACTIVE,ZEGERS Kato
9673,10009639861,POL,19.02.1996,INACTIVE,DROZDEK Agata
9674,10009517300,ESP,16.05.1995,INACTIVE,GOMIS SIFRE Maria
9675,10009183961,RUS,30.04.1996,INACTIVE,ONUCHINA Viktoria
9676,10009021283,JPN,26.03.1993,INACTIVE,KOBAYASHI Riko
9677,10053708678,CAN,08.07.1992,INACTIVE,DUEHRING Jasmin
9678,10010885707,USA,15.11.1981,INACTIVE,TETRICK Jennifer
9679,10007501518,USA,09.07.1993,ACTIVE,WINDER Ruth
9680,10010886010,USA,05.07.1994,INACTIVE,KARAS Corrie
9681,10002482574,USA,25.10.1983,INACTIVE,TAMAYO Lauren
9682,10010885808,USA,10.04.1989,INACTIVE,STUMHOFER Gretchen
9683,10008939138,GUA,15.08.1993,INACTIVE,BRUDERER COFINO Nicolle
9684,10001568653,USA,27.05.1968,INACTIVE,ALBERT Heather
9685,10004724183,NED,06.10.1987,INACTIVE,JOCHEMS Sigrid
9686,10008690271,POL,27.12.1995,INACTIVE,PIETRZAK Lucja
9687,10009060588,BRA,09.03.1994,INACTIVE,BORGES Caroline
9688,10008927721,COL,13.04.1993,INACTIVE,PAZ ROBLES Maria Fernanda
9689,10010786481,RSA,30.03.1975,INACTIVE,WOLFAARDT Elfriede
9690,10009371594,BEL,13.12.1995,INACTIVE,VERHAEST Sara
9691,10004678919,GRE,22.03.1986,ACTIVE,STROUBOULI Danae
9692,10059070657,COL,25.03.1992,ACTIVE,OSSA VELOZA Paula Andrea
9693,10006187166,CAN,27.11.1986,ACTIVE,BROWN Laura
9694,10009672496,VEN,05.06.1996,INACTIVE,SATIZABAL Heleanys
9695,10010582983,BRA,30.01.1983,INACTIVE,MARQUES Andrea
9696,10010718177,CHN,04.07.1994,INACTIVE,ZHANG Feng
9697,10009034522,COL,01.03.1994,INACTIVE,SANABRIA PUERTO Angie Liliana
9698,10010842459,COL,07.10.1987,INACTIVE,GARCIA GIL Luz Samara
9699,10009512448,CAN,16.05.1996,INACTIVE,OUELLETTE Catherine
9700,10010591067,BRA,16.08.1982,INACTIVE,DE SALLES PENTEADO PROENÇA Paula
9701,10010842560,COL,10.09.1995,INACTIVE,PINZON PERILLA Liliana Catalina
9702,10010920362,BRA,24.05.1993,INACTIVE,DENIPOTI Maria Julia
9703,10009863466,FIN,27.09.1984,INACTIVE,LAAKKONEN Tuulikki
9704,10009323502,CAN,21.01.1983,INACTIVE,DESSUREAULT Catherine
9705,10010660280,CAN,01.09.1988,INACTIVE,GUENTHER Allie
9706,10009711502,,04.04.1988,INACTIVE,WATTERS Ellen
9707,10003562914,CAN,30.08.1987,ACTIVE,CONEY Sarah
9708,10008674107,CAN,16.11.1994,INACTIVE,GILLARD Allyson
9709,10010972805,CAN,07.05.1996,ACTIVE,POIDEVIN Sara
9710,10007350459,BEL,10.11.1995,ACTIVE,KOPECKY Lotte
9711,10022056265,NZL,04.01.2001,ACTIVE,WOLLASTON Ally
9712,10009668658,JPN,10.04.1997,INACTIVE,KAJIHARA Yumi
9713,10064106977,MEX,05.08.2002,ACTIVE,VELASCO FUENTES Victoria
9714,10010182657,ITA,27.02.1998,ACTIVE,BALSAMO Elisa
9715,10082954077,JPN,13.01.2002,ACTIVE,UCHINO Tsuyaka
9716,10009808906,NZL,04.11.1997,ACTIVE,BOTHA Bryony
9717,10064777994,UZB,16.04.2003,ACTIVE,MISYURINA Margarita
9718,10086136283,GBR,17.06.2002,ACTIVE,LEWIS Sophie
9719,10045966058,HKG,05.05.2001,ACTIVE,LEE Sze Wing
9720,10009115253,AUS,28.02.1996,ACTIVE,MANLY Alexandra
9721,10015510078,NED,02.06.1999,ACTIVE,RAAIJMAKERS Marit
9722,10014872306,MAS,04.10.1997,ACTIVE,MOHAMAD ZUBIR Nur Aisyah
9723,10010915110,CHN,06.04.1994,ACTIVE,LIU Jiali
9724,10056232092,CHI,25.05.1996,ACTIVE,VILLALON SANCHEZ Paula
9725,10007808682,AUS,21.09.1994,ACTIVE,BAKER Georgia
9726,10016636692,IRL,21.04.2001,ACTIVE,GILLESPIE lara
9727,10082684804,GBR,04.05.2003,ACTIVE,LEECH Madelaine
9728,10009445154,SUI,26.05.1997,ACTIVE,ANDRES Michelle
9729,10036438537,GER,14.11.2000,ACTIVE,REIßNER Lena Charlotte
9730,10072671976,KOR,10.10.2001,ACTIVE,SHIN Jieun
9731,10048818161,ECU,05.07.2000,ACTIVE,AGUILAR GARCIA Dayana Lizbeth
9732,10064418993,BEL,05.02.2002,ACTIVE,DE CLERCQ Katrijn
9733,10045969492,USA,24.06.1994,ACTIVE,WILLIAMS Lily
9734,10059063583,COL,04.01.1999,ACTIVE,HERNANDEZ GOMEZ Lina Marcela
9735,10010800124,JPN,21.07.1997,ACTIVE,FURUYAMA Kie
9736,10003026885,AUS,01.12.2004,ACTIVE,STEWART Lucinda
9737,10060036617,CHI,23.08.1999,ACTIVE,CORTES UGARTE Scarlet
9738,10016341349,NZL,19.07.1995,ACTIVE,MCMULLEN Rylee
9739,10069724186,FRA,20.07.2003,ACTIVE,LABASTUGUE Jade
9740,10010201148,POL,15.06.1998,ACTIVE,PIKULIK Wiktoria
9741,10015529478,SUI,17.03.1999,ACTIVE,BURI Fabienne
9742,10015334872,BEL,05.09.2000,ACTIVE,BOSSUYT Shari
9743,10097392428,AUS,22.07.2003,ACTIVE,ANDERSON Alli
9744,10117937230,SUI,09.10.2002,ACTIVE,LIECHTI Jasmin
9745,10047208365,CZE,25.03.2002,ACTIVE,BURLOVÁ Kristýna
9746,10005780978,TPE,21.06.1987,ACTIVE,曾 ZENG 可妡 Ke Xin
9747,10123466735,IND,25.06.2002,INACTIVE,MEENAKSHI Meenakshi
9748,10009117374,AUS,09.08.1996,ACTIVE,TALBOT Josie
9749,10016236063,IRL,03.05.1994,ACTIVE,SHARPE Alice
9750,10023913110,GBR,14.01.2001,Active,BARNWELL Ella
9751,10010666243,AUS,02.06.1998,ACTIVE,MACDONALD Nicola
9752,10090478449,SIN,29.05.2002,ACTIVE,LIAU Elizabeth Le Min
9753,10001441139,UZB,10.05.1980,ACTIVE,ZABELINSKAYA Olga
9754,10112162191,JPN,14.12.2004,ACTIVE,KAKITA Maho
9755,10055035558,MAS,17.01.2004,ACTIVE,NYO Ci Hui
9756,10059182209,POL,15.06.2003,ACTIVE,WANKIEWICZ Olga
9757,10009862254,AUT,29.10.1996,ACTIVE,SCHWEINBERGER Kathrin
9758,10009882967,POL,04.12.1998,ACTIVE,LORKOWSKA Patrycja
9759,10090489058,GBR,16.09.2003,ACTIVE,PERKINS Flora
9760,10035447420,COL,30.10.2000,ACTIVE,ROJAS ZAPATA Lina Mabel
9761,10009515983,ESP,05.08.1995,ACTIVE,ISASI CRISTOBAL Ziortza
9762,10088227039,DEN,21.03.2004,ACTIVE,KRUM Ida
9763,10014843206,NED,08.05.1998,ACTIVE,BRANDWAGT Maaike
9764,10089042142,ARG,14.12.2004,INACTIVE,GARZÓN Abril Guadalupe
9765,10064556110,ESP,01.07.2003,ACTIVE,ESCALERA Isabella Maria
9766,10036108737,KAZ,24.08.2000,ACTIVE,KUZMINA Marina
9767,10047309914,CZE,11.12.2004,ACTIVE,NĚMCOVÁ Barbora
9768,10015660026,ITA,24.06.1999,ACTIVE,CONSONNI Chiara
9769,10115013082,AUS,21.04.2004,ACTIVE,SUTTON Sophie
9770,10046095996,SVK,14.04.2002,ACTIVE,JENČUŠOVÁ Nora
9771,10069184323,FRA,20.04.2004,ACTIVE,PERNOLLET Aurore
9772,10022750322,NED,02.03.2000,ACTIVE,UNEKEN Lonneke
9773,10015509775,NED,21.09.1999,ACTIVE,VAN DER HULST Amber
9774,10023161560,NED,17.11.2002,ACTIVE,HENGEVELD Daniek
9775,10060355505,CHI,23.06.1990,ACTIVE,GUAJARDO CORNEJO Daniela
9776,10108823169,USA,16.07.1998,ACTIVE,MATSICK Bethany
9777,10053375040,POL,02.06.2003,ACTIVE,SZALINSKA Tamara
9778,10036352247,GER,17.07.2002,ACTIVE,DOPJANS Hanna
9779,10044298567,POR,30.09.2003,ACTIVE,ROXO Beatriz
9780,10083678345,ISR,26.05.2004,INACTIVE,BASH DUBINSKI Ori
9781,10023395673,NED,23.05.2003,ACTIVE,VAN DER MOLEN Yuli
9782,10100626467,AUS,16.10.2003,Active,FULLER Haylee
9783,10062331372,GBR,12.09.2002,ACTIVE,RICHARDSON Kate
9784,10005886365,ITA,02.10.1990,ACTIVE,GUARISCHI Barbara
9785,10096162851,USA,17.02.2002,INACTIVE,RUTECKI Julianna
9786,10047417725,CZE,15.07.2002,ACTIVE,BARTONÍKOVÁ Veronika
9787,10042531551,ESP,21.06.2003,ACTIVE,ALBERT BOSCH Ainara
9788,10004712867,ARG,20.07.1987,INACTIVE,GREVE Cristina Irma
9789,10052500121,ESP,05.10.2004,ACTIVE,ESTELLA LUMBRERAS Ana
9790,10094659351,GBR,27.05.2004,ACTIVE,LISTER Grace
9791,10083581446,MEX,29.07.2001,ACTIVE,ACEVEDO MENDOZA Yareli
9792,10099945245,AUS,02.02.2003,ACTIVE,POLITES Alyssa
9793,10047282935,CZE,13.02.2003,ACTIVE,BÁRTOVÁ Gabriela
9794,10047448643,CZE,02.02.2004,Active,RUNTOVÁ Hanka
9795,10045732753,GER,08.06.2003,ACTIVE,KÄMPFERT Isabel
9796,10047208769,CZE,10.02.2003,ACTIVE,HEJHALOVÁ Dagmar
9797,10094208505,SVK,18.07.2004,ACTIVE,BASÁROVÁ Katarína
9798,10108293309,IRI,16.10.1990,ACTIVE,YAZDANI Somayeh
9799,10054051919,UKR,20.03.2001,ACTIVE,YASHCHENKO Tetiana
9800,10106833659,NOR,15.10.1993,ACTIVE,MASDAL Thea
9801,10047281622,CZE,20.03.2001,ACTIVE,HARTYCHOVÁ Nicole
9802,10036482690,GER,28.02.2001,ACTIVE,SMEKAL Finja
9803,10046049924,SVK,08.07.2002,ACTIVE,BIROŠOVÁ Tereza
9804,10053554791,CHI,08.04.2001,ACTIVE,SOTO CAMPOS Catalina
9805,10035363756,COL,20.10.2001,ACTIVE,CASTAÑO QUINTERO Elizabeth
9806,10110306764,IRL,19.07.1987,INACTIVE,BOYLAN Lydia
9807,10051796263,GER,25.08.2000,ACTIVE,HEITZMANN Dorothea
9808,10088798329,UKR,02.04.2004,INACTIVE,KOLYZHUK Anna
9809,10106816683,SVK,25.08.1995,INACTIVE,DIABELKOVÁ Alena
9810,10058506340,GBR,01.08.2002,ACTIVE,KING Eluned
9811,10015335882,TUR,02.06.2000,ACTIVE,KOYUN Keziban
9812,10085002191,AUS,07.12.2002,INACTIVE,DOLE Tahlia
9813,10113125222,ISR,28.12.2004,Active,TZUR Maayan
9814,10023522278,FRA,25.01.2000,ACTIVE,LE NET Marie
9815,10023482064,CHN,02.02.1997,ACTIVE,CAO Yuan
9816,10009914592,KOR,13.08.1991,INACTIVE,LEE Joohee
9817,10053374434,POL,15.10.2003,ACTIVE,WROBLEWSKA Maja
9818,10125042579,UZB,27.09.2005,ACTIVE,ELMURODOVA Mohinabonu
9819,10124902537,UZB,04.04.2005,ACTIVE,YULDASHEVA Sevinch
9820,10027578595,FRA,28.11.1990,ACTIVE,POMARES Cindy
9821,10088541782,ARG,15.05.1999,ACTIVE,AGUIRRE MANGUE Maribel Roxana
9822,10063516388,TUR,04.03.2001,ACTIVE,BEKAR Azize
9823,10034780039,SUI,29.10.2004,ACTIVE,LEU Lorena
9824,10015326283,CHN,11.07.1997,INACTIVE,GUAN Siqi
9825,10009969156,NED,18.02.1997,ACTIVE,DIJKSMAN Tessa
9826,10120255833,CHI,16.06.1999,ACTIVE,DIAZ ESPINOZA Leonor
9827,10068663957,FRA,01.04.2002,Active,NENADOVIC Kristina
9828,10035376587,COL,26.06.1998,ACTIVE,ESCOBAR GRANDA Kimberly Dahiana
9829,10079599493,USA,11.12.2001,INACTIVE,STEVENSON Elizabeth
9830,10096616226,KOR,19.09.2001,INACTIVE,KIM Minjeong
9831,10015327802,NOR,15.03.2000,ACTIVE,LUTRO Amalie
9832,10130947455,NOR,25.01.1996,INACTIVE,MILLER Lotte
9833,10064779715,UZB,05.12.2001,ACTIVE,KUSKOVA Yanina
9834,10048803512,DEN,15.08.2004,ACTIVE,ANDERSON Solbjørk
9835,10064381510,MAS,10.02.2003,ACTIVE,YEONG Zhen Yi
9836,10114109467,SUI,30.06.2004,ACTIVE,STETTLER Janice
9837,10009636326,BRA,04.03.1996,ACTIVE,CASETTA Ana Paula
9838,10065064954,BEL,12.07.2004,ACTIVE,WITTEVRONGEL Lani
9839,10010088990,POR,03.08.1983,Active,JESUS Liliana
9840,10062074425,CHN,29.05.2001,INACTIVE,CUI Yuhang
9841,10022797004,NED,29.04.2004,ACTIVE,VAN DER WOLF Babette
9842,10106794051,CHI,05.12.1995,ACTIVE,GARCIA DONOSO Camila
9843,10008686635,VEN,16.05.1993,INACTIVE,MORENO DURAN Wilmarys Del Valle
9844,10107445870,AUT,14.04.2004,ACTIVE,WINTER Elisa
9845,10106735750,COL,02.04.1998,ACTIVE,VILLAMIZAR VARON Karen
9846,10097022515,KOR,25.02.2000,INACTIVE,KIM Hyowon
9847,10112168154,SLO,04.06.2003,ACTIVE,BOBNAR Nika
9848,10023593010,HUN,10.08.2004,INACTIVE,SÁRY Boglárka
9849,10123068126,AUS,31.07.2005,ACTIVE,WILL Keira
9850,10021186396,JPN,15.03.2001,ACTIVE,TAROUDA Mio
9851,10065016454,BEL,07.03.2003,ACTIVE,VANHOVE Marith
9852,10073908425,POR,02.04.1992,ACTIVE,PEDROSA Diana
9853,10048561416,GER,04.06.2001,ACTIVE,SCHOPPE Olivia
9854,10076427088,MAS,01.06.2004,ACTIVE,SAIFULNIZAM Khairunnisa Aleeya
9855,10097252584,COL,28.01.2003,INACTIVE,GOMEZ OSORIO Mariana
9856,10013559772,KOR,27.03.1993,INACTIVE,PARK Subin
9857,10087479230,KAZ,04.05.2002,ACTIVE,STUZHUK Kristina
9858,10116798286,SUI,09.01.1993,INACTIVE,RYF Corina
9859,10124901426,UZB,22.06.2005,Active,LI Kseniya
9860,10050053600,ESP,23.08.2004,ACTIVE,MORENO OSSOWSKY Ainhoa
9861,10030483848,ITA,21.03.2002,ACTIVE,CRESTANELLO Lara
9862,10064970883,BEL,23.01.2002,ACTIVE,MAES Sara
9863,10128885904,AUS,06.12.2004,ACTIVE,MULHERN Amelia
9864,10015510179,NED,15.06.1999,ACTIVE,CENT Marit
9865,10048395304,GER,28.11.2003,ACTIVE,EBERLE Lana
9866,10051358147,CHI,18.10.1993,Active,SUBIABRE SUBIABRE Fernanda
9867,10055650803,MAS,20.07.2003,INACTIVE,NORMAN Noor Mastura
9868,10114213642,RSA,13.03.2002,INACTIVE,LOUW Lize-Ann
9869,10122999822,AUT,22.06.1996,ACTIVE,SVOZIL Anna
9870,10084206589,COL,26.11.2003,INACTIVE,GARCIA SANCHEZ Laura
9871,10010797902,KOR,30.03.1998,INACTIVE,SONG Minji
9872,10086193372,SUI,24.11.1998,ACTIVE,STRÄULI Alessia
9873,10055138420,POL,02.10.2002,INACTIVE,KRZESLAK Natalia
9874,10051245585,UAE,15.05.1999,ACTIVE,RASHED Shaikha
9875,10054101227,GER,04.10.2003,ACTIVE,JÄHRIG Fabienne
9876,10075797905,THA,15.12.1998,ACTIVE,THITJAN Piyathida
9877,10021429405,JPN,02.11.2000,INACTIVE,NARUMI Ayaka
9878,10065464270,BRA,03.05.1984,ACTIVE,MAHFUZ TOLDI Marcella
9879,10016056110,BEL,12.04.1997,ACTIVE,D´HONT Silke
9880,10022726272,NED,29.08.2001,ACTIVE,VAN ROOIJEN Eline
9881,10097572987,CHI,31.01.1988,ACTIVE,MAUREIRA CORREA Katerine
9882,10010636941,COL,12.12.1994,ACTIVE,NARANJO HENAO Luisa Fernanda
9883,10016105620,UKR,21.11.2002,INACTIVE,SHIMANSKA Irina
9884,10014585649,BLR,02.06.2000,ACTIVE,KOLESAVA Anastasiya
9885,10133963953,NOR,24.10.1988,INACTIVE,BØHM Marit Fjellanger
9886,10034785796,SUI,16.01.2004,ACTIVE,FRAGNIÈRE Fantine
9887,10067470049,FRA,06.02.2004,ACTIVE,LALLEMANT Lara
9888,10009124650,NED,19.06.1996,ACTIVE,LUST Bianca
9889,10036458139,GER,03.09.2004,ACTIVE,TUSINT Carla
9890,10097134063,AUS,21.04.1995,ACTIVE,PATE Amber
9891,10058975879,POL,22.06.2004,INACTIVE,TRACKA Maja
9892,10006285176,COL,16.07.1990,ACTIVE,GULUMA ORTIZ Serika Mitchell
9893,10008646421,USA,28.11.1988,ACTIVE,FISCHER Heather
9894,10017340550,IRL,09.06.2003,ACTIVE,MCALLISTER Maria
9895,10106940056,KOR,30.01.1993,INACTIVE,PARK Doyoung
9896,10084203155,KAZ,05.03.2003,ACTIVE,ABDRAKHMANOVA Karina
9897,10050550522,GER,23.06.2003,ACTIVE,SIGMUND Marla
9898,10122009412,SUI,25.09.2001,ACTIVE,STERN Léa
9899,10022140636,NZL,20.08.2004,ACTIVE,LOWRY Maddison
9900,10023294128,NED,30.01.2004,ACTIVE,VAN BELLE Lisa
9901,10035470860,COL,09.06.1999,ACTIVE,LATRIGLIA ALARCON Maria Paula
9902,10082559209,KAZ,20.06.2002,ACTIVE,SUKHOREBRIK Ulyana
9903,10113783913,CZE,09.02.2004,ACTIVE,KROCHMAĹOVÁ Sára
9904,10030319049,ITA,20.10.2002,ACTIVE,BONZANINI Rachele
9905,10089600904,ECU,07.04.2004,ACTIVE,VASQUEZ AMAYA Natalia
9906,10067657076,FRA,07.10.2005,ACTIVE,CHEREAU Clémence
9907,10019773634,NOR,24.12.2002,INACTIVE,BYBERG Tuva
9908,10074644312,FRA,05.04.1996,ACTIVE,TESSIER Océane
9909,10034803984,SUI,31.07.2004,ACTIVE,JACOLINO Emeline
9910,10048404596,CAN,20.04.2000,ACTIVE,RAUWERDA Kaitlyn
9911,10055814083,GER,28.02.2004,ACTIVE,ARENDT Franzi
9912,10083967830,USA,09.09.2003,INACTIVE,CAYA Autumn
9913,10055098913,POL,23.07.2000,INACTIVE,PASTUSZEK Paulina
9914,10056353142,UKR,21.03.2004,ACTIVE,KOLYZHUK Anna
9915,10132339609,JPN,11.12.2003,INACTIVE,ISHIDA Akari
9916,10034804388,SUI,11.03.2004,ACTIVE,GAILLARD Anaelle
9917,10040986423,ESP,14.01.2004,ACTIVE,MORALES PEREZ Almudena
9918,10002266346,BRA,23.08.1980,INACTIVE,FERNANDES SILVA Janildes
9919,10052015424,CAN,19.01.2004,ACTIVE,WUERR Astrid
9920,10070043983,FRA,14.05.2002,ACTIVE,LE DEUNFF Marie Morgane
9921,10023131652,NED,29.04.2004,ACTIVE,THREELS Yilla
9922,10055683135,GER,16.04.2003,ACTIVE,LANTZSCH Selma
9923,10056455802,POL,05.11.2004,INACTIVE,CHYLINSKA Zuzanna
9924,10035360019,COL,17.12.1999,ACTIVE,CASTILLO MURILLO Laura Sofia
9925,10053789918,USA,14.11.1996,ACTIVE,BATES Hayley
9926,10067247656,POL,03.08.2003,INACTIVE,LICHOSYT Agata
9927,10058460163,POL,04.01.2005,ACTIVE,RABAZYNSKA Eliza
9928,10096637343,SUI,28.10.1999,ACTIVE,MEIER Jessica
9929,10023347880,NED,04.09.2002,ACTIVE,BOUWERS Lisa
9930,10054420620,GER,20.03.2002,ACTIVE,WALDHOFF Lea
9931,10109909973,AUS,14.11.2003,ACTIVE,MARCKS Claudia
9932,10030616719,ITA,21.03.2002,ACTIVE,SAVI Prisca
9933,10131995560,USA,03.01.1975,INACTIVE,SNIEDERS Monique
9934,10119904411,POL,23.07.2002,ACTIVE,MROZ Kamila
9935,10127275195,USA,03.06.1997,INACTIVE,LEIA GENIS Leia
9936,10066239058,POL,12.07.2004,ACTIVE,RYBKIEWICZ Laura
9937,10095821533,JPN,08.04.2000,INACTIVE,ABE Karin
9938,10063850737,ESP,26.03.2004,ACTIVE,GARCIA MUÑOZ Lucia
9939,10028942659,ITA,24.09.2002,ACTIVE,BERTOLINI Matilde
9940,10087440733,CAN,07.06.2004,INACTIVE,BAKER Dylan
9941,10035335969,COL,03.10.2001,ACTIVE,CARMONA OROZCO Natalia
9942,10060991863,USA,19.09.2002,ACTIVE,HARDEN Elizabeth
9943,10036442072,GER,21.08.2003,ACTIVE,RÖHRICHT Lara
9944,10083135650,DEN,31.05.2003,ACTIVE,WESTERGAARD Clara
9945,10081907285,COL,02.03.2001,ACTIVE,CARDONA VANEGAS Manuela
9946,10015335074,GBR,27.09.2000,ACTIVE,GEORGI Pfeiffer
9947,10007739974,RUS,21.04.1994,ACTIVE,KHATUNTSEVA Gulnaz
9948,10131727596,NGR,04.04.2001,ACTIVE,ERNEST Happiness
9949,10006180193,AUS,12.12.1991,INACTIVE,EDMONDSON Annette
9950,10009183557,RUS,08.10.1996,INACTIVE,KLIMOVA Diana
9951,10002919175,NED,15.10.1982,ACTIVE,WILD Kirsten
9952,10004779252,NED,01.06.1991,INACTIVE,PIETERS Amy
9953,10015331438,GBR,11.04.1999,ACTIVE,ROBERTS Jessica
9954,10009968146,GBR,15.08.1997,ACTIVE,BARKER Megan
9955,10051466059,CHI,18.06.1995,ACTIVE,VILLALON SANCHEZ Aranza
9956,10062462829,ISR,02.04.2001,INACTIVE,WALLACH Gali
9957,10007272253,RUS,13.08.1993,ACTIVE,DRONOVA Tamara
9958,10023307969,NED,16.11.2001,ACTIVE,EICKHOF Juliet
9959,10009762224,GBR,29.03.1997,ACTIVE,KNIGHT Josie
9960,10036070644,RUS,16.07.2001,Inactive,MILIAEVA Mariia
9961,10015326990,BLR,02.07.1999,INACTIVE,SALAUYEVA Aksana
9962,10013559166,KOR,01.03.1993,INACTIVE,AN Seonjin
9963,10003045881,ISR,31.07.1973,INACTIVE,BASH Orat
9964,10044253909,POR,11.02.2004,ACTIVE,SIMÃO Laura
9965,10058537561,CHI,28.03.2001,ACTIVE,MORA PARRA Araceli
9966,10023524807,RUS,22.01.1999,ACTIVE,MARTYNOVA Gyunel
9967,10008946717,BLR,05.08.1994,INACTIVE,SAVENKA Ina
9968,10070453407,KOR,30.07.2002,INACTIVE,JANG Juae
9969,10006501105,MEX,22.04.1991,ACTIVE,ARREOLA NAVARRO Sofia
9970,10107777185,BEL,16.09.2003,INACTIVE,SNAUWAERT Yara
9971,10016189381,BRA,09.08.1998,Active,BORGES Nicolle Wendy
9972,10046105090,SVK,07.03.2002,INACTIVE,ZELINOVÁ Vladimíra
9973,10044466194,POR,21.05.2001,INACTIVE,PEREIRA Joana
9974,10084576001,AUS,28.06.2002,INACTIVE,HAINES Dharlia
9975,10055223595,AUS,26.11.2000,ACTIVE,WATTS Emily
9976,10009721505,RUS,05.07.1997,ACTIVE,FROLOVA Natalia
9977,10015978813,BLR,26.10.2000,Active,ABRAMENKA Alina
9978,10009914693,KOR,06.01.1995,INACTIVE,KANG Hyunkyung
9979,10090740248,MEX,10.04.2002,INACTIVE,TAMEZ ESCAMILLA Sofia
9980,10067434582,FRA,06.06.2003,ACTIVE,BOULAIS Flavie
9981,10085379683,AUS,28.06.2002,ACTIVE,HAINES Dharlia
9982,10010198825,ESP,03.02.1998,ACTIVE,BLANCO CALBET Iurani
9983,10006543137,BRA,21.10.1988,ACTIVE,POLEGATCH Ana Paula
9984,10036076809,RUS,20.03.2003,ACTIVE,ABAIDULLINA Inna
9985,10055774374,BLR,04.10.2002,ACTIVE,LEBEDZ Dziyana
9986,10007829294,KOR,10.09.1994,INACTIVE,OH Hyeonji
9987,10009690583,MEX,20.08.1997,ACTIVE,VALADEZ ORTIZ Mariana
9988,10090769146,UKR,15.10.2001,ACTIVE,VELYCHKO Kateryna
9989,10077531777,GER,14.10.1998,ACTIVE,BIEBER Helena
9990,10022025852,NZL,15.10.1999,INACTIVE,WILKINSON Anna
9991,10014629604,RUS,14.05.1999,Active,ROSTOVTSEVA Maria
9992,10096343616,KOR,31.08.1999,INACTIVE,LEE Yeonkyeong
9993,10053795473,MEX,17.01.2001,ACTIVE,MARTINEZ MIÑARRO Katia
9994,10081107845,CAN,30.07.2003,ACTIVE,JACKSON Yasmin
9995,10115022883,AUS,25.09.2002,ACTIVE,CARR Isla
9996,10113991653,DEN,20.07.1999,ACTIVE,RÜTZOU Mia Sofie
9997,10080636787,BLR,16.01.2003,INACTIVE,VASILYEVA Diana
9998,10016189482,KOR,26.05.1999,INACTIVE,KIM Minhwa
9999,10075296737,MEX,04.09.2001,INACTIVE,CASTAÑEDA VILLARREAL Melanie
10000,10009692001,RUS,16.04.1997,ACTIVE,STEPANOVA Daria
10001,10054710711,BLR,06.04.2001,INACTIVE,VASILKOVA Hanna
10002,10119264918,KOR,20.11.2002,INACTIVE,PARK Suin
10003,10006655392,USA,10.08.1992,ACTIVE,RYAN Kendall
10004,10112266467,AUS,06.12.1986,INACTIVE,BATTLE Claire
10005,10011057677,GBR,23.10.1986,ACTIVE,PARNHAM Charlotte
10006,10119264716,KOR,05.10.2002,INACTIVE,NO Yunseo
10007,10016005687,MEX,18.12.1999,INACTIVE,HERROS GOMEZ Ana Marina
10008,10085002696,AUS,05.12.2002,INACTIVE,CHUNG-ORR Katarina
10009,10034955245,RUS,15.08.2000,ACTIVE,LUKASHENKO Anastasia
10010,10061145144,BLR,28.03.2003,INACTIVE,BANDARENKA Aliaksandra
10011,10023852179,GBR,30.08.2000,ACTIVE,NELSON Lucy
10012,10039727140,ESP,25.12.2003,ACTIVE,CAPELLA FLORIT Margalida
10013,10049916685,RUS,26.02.2003,ACTIVE,VALGONEN Valeria
10014,10112268790,AUS,17.06.2000,INACTIVE,COWAN Celia
10015,10131372942,USA,01.11.1993,INACTIVE,PORTER Erin
10016,10064705044,RUS,27.04.1996,INACTIVE,GRUMAND Kristina
10017,10082240018,CAN,02.05.2002,ACTIVE,AYROUD Kathryn
10018,10081561119,FRA,06.05.1995,ACTIVE,TRITSCH Balladyne
10019,10128736158,USA,21.07.1986,INACTIVE,HARVEY Amanda
10020,10036015070,RUS,21.01.2001,ACTIVE,ZAKHARKINA Valeriya
10021,10063930155,USA,29.05.2004,INACTIVE,DAHLIN Kelly
10022,10086076164,COL,08.01.2003,ACTIVE,MORENO BENITEZ Sara
10023,10076751737,ESP,17.09.2003,ACTIVE,ROSILLO MARCHANTE Marta
10024,10054263400,RUS,16.11.2003,ACTIVE,IVANCHENKO Alena
10025,10113469267,COL,25.03.2004,ACTIVE,PADILLA PEÑUELA Adriana
10026,10036017494,RUS,15.06.2001,ACTIVE,GOLAYEVA Valeria
10027,10093888708,RUS,19.01.2000,ACTIVE,ARCHIBASOVA Elizaveta
10028,10084417363,DEN,28.11.2003,ACTIVE,HOLM Mikka
10029,10009838814,RUS,02.11.1998,ACTIVE,ILINA Kristina
10030,10034962521,RUS,06.06.2000,INACTIVE,RYTSEVA Alena
10031,10064963914,BEL,30.11.2001,ACTIVE,LENAERS Jade
10032,10006893246,MEX,08.11.1991,INACTIVE,CASAS BONILLA Ana Teresa
10033,10052927931,MEX,10.03.2001,INACTIVE,PEÑA TREVIÑO Ana Cecilia
10034,10058982448,MEX,17.12.1999,INACTIVE,GUTIERREZ RAMOS Emilia
10035,10009115758,NZL,05.12.1996,INACTIVE,EDMONDSTON Holly
10036,10087531063,CHI,08.04.1993,INACTIVE,AHUMADA RIQUELME Denisse
10037,10006185550,COL,14.05.1988,ACTIVE,SALCEDO ZAMBRANO Jannie Milena
10038,10014629705,RUS,28.07.1999,ACTIVE,NOVOLODSKAIA Mariya
10039,10047254845,CZE,13.12.2002,INACTIVE,DŽERENGOVÁ Sabina
10040,10060624576,PER,05.07.2000,ACTIVE,MEDRANO ILIZARBE Romina Maribel
10041,10035349814,COL,07.01.2000,ACTIVE,BOTERO LOPEZ Erika Milena
10042,10007278822,ITA,30.03.1993,ACTIVE,CONFALONIERI Maria Giulia
10043,10015335983,UKR,01.02.2000,ACTIVE,KULYNYCH Olha
10044,10003139043,CAN,08.03.1981,INACTIVE,CAMERON Claire
10045,10010830133,COL,31.03.1998,ACTIVE,DUEÑAS GOMEZ Yesi Tatiana
10046,10081576879,COL,02.11.2001,ACTIVE,ORJUELA GALINDO Tatiana
10047,10088752455,UKR,25.10.1996,INACTIVE,ALIEKSIEIEVA Viktoriia
10048,10072906493,FRA,27.04.2002,ACTIVE,GOERGEN Océane
10049,10062755243,COL,02.03.2001,INACTIVE,CARDONA VANEGAS Manuela
10050,10064641487,IRI,25.07.2001,ACTIVE,SIYAHIAN Sajedeh
10051,10051439282,POL,16.04.1999,INACTIVE,KUMIEGA Karolina
10052,10097622905,IRI,28.05.2002,INACTIVE,NIKFAR Parmida
10053,10062680168,RSA,04.06.2001,ACTIVE,VAN SCHOOR Kelsey
10054,10051579126,GER,05.09.2001,ACTIVE,STELLING Victoria
10055,10015328913,BLR,16.12.2000,ACTIVE,KRASKO Anhelina
10056,10109554309,IRI,09.02.1993,ACTIVE,MAJNOUNI Parisa
10057,10095213564,IRL,04.01.1992,ACTIVE,HARVEY Cleo
10058,10009020677,JPN,07.01.1993,INACTIVE,NAKAMURA Kisato
10059,10008623886,AUT,15.02.1996,ACTIVE,HEIGL Nadja
10060,10015559386,POL,06.09.1999,INACTIVE,SAGAN Anna
10061,10091280418,COL,02.12.1995,ACTIVE,ZAPATA MORA Barbara
10062,10069238883,FRA,08.11.2002,INACTIVE,HOEBANCKX Daphnée
10063,10087481048,KAZ,23.10.2002,ACTIVE,OSSIM Akpeiil
10064,10036018306,RUS,28.01.2002,ACTIVE,PECHERSKIKH Anastasiia
10065,10015339118,ITA,26.12.2000,ACTIVE,GUAZZINI Vittoria
10066,10005942444,KAZ,11.02.1989,INACTIVE,SAIFUTDINOVA Natalya
10067,10072342075,AUS,14.08.2001,INACTIVE,JONES Ashlee
10068,10015780668,NZL,03.04.1999,ACTIVE,DANFORD Georgia
10069,10015267578,RUS,16.11.2000,ACTIVE,MALKOVA Daria
10070,10008635610,ITA,15.04.1994,ACTIVE,SANGUINETI Ilaria
10071,10092576881,RSA,19.02.2002,INACTIVE,LABUSCHAGNE Lenka
10072,10041679163,ESP,19.09.2002,INACTIVE,SAN ROMAN VILLALBA Adriana
10073,10072487777,AUS,04.11.1991,ACTIVE,WHITEHOUSE Georgia
10074,10006552130,JPN,18.05.1991,INACTIVE,UWANO Minami
10075,10080149060,COL,28.08.2002,INACTIVE,VARGAS ATEHORTUA Carolina
10076,10039894060,ESP,20.04.2002,ACTIVE,ROSSELLO COLL Maria
10077,10096162548,USA,08.08.2002,INACTIVE,KING Cara
10078,10062736752,KAZ,17.08.2001,INACTIVE,TOLEMISSOVA Assem
10079,10035434787,COL,05.08.1991,ACTIVE,PRADA RODRIGUEZ Marynes Chiquinquira
10080,10089961723,COL,06.09.2000,INACTIVE,LOPEZ OCAMPO Maria
10081,10006881122,ITA,25.05.1992,ACTIVE,CECCHINI Elena
10082,10097019986,IRL,07.03.1984,ACTIVE,KENT Elizabeth
10083,10013295347,AUS,12.10.1988,INACTIVE,DE RITER Samantha
10084,10062452624,COL,29.11.2002,ACTIVE,GUEVARA LEON Luisa Alejandra
10085,10021266828,JPN,26.09.2000,INACTIVE,NAKAGAWA Yuri
10086,10089222301,UKR,30.04.2001,INACTIVE,LUKACHUK Solomiia
10087,10084206488,COL,23.08.2003,ACTIVE,SANCHEZ MELO Jennifer
10088,10034843188,UKR,07.02.2001,ACTIVE,VARENYK Maryna
10089,10036042251,RUS,10.03.2002,ACTIVE,BALAEVA Sofia
10090,10028752295,ITA,02.08.2002,ACTIVE,MANTOVANI Aurora
10091,10070266679,FRA,15.07.2003,ACTIVE,MARREL Jessie
10092,10023469132,FRA,22.12.1999,ACTIVE,LEMOINE Léa
10093,10070411371,FRA,13.09.2003,INACTIVE,PAYET Elisa
10094,10030264788,ITA,10.12.2002,INACTIVE,TONELLI Elisa
10095,10036081455,RUS,14.06.2002,ACTIVE,KUTSENKO Anastasiia
10096,10009044828,RUS,26.04.1997,INACTIVE,LEVCHENKO Viktoria
10097,10005791183,RUS,02.10.1991,INACTIVE,STRELTSOVA Galina
10098,10099472470,FRA,07.04.1996,ACTIVE,COLARD Marion
10099,10014860481,LUX,21.06.1998,INACTIVE,FABER Claire
10100,10035362241,COL,13.10.2001,INACTIVE,ROJAS GUTIERREZ Maria Fernanda
10101,10015151481,RUS,26.11.1996,INACTIVE,GRISHECHKO Viktoriya
10102,10034971211,RUS,28.08.2000,ACTIVE,KANEEVA Daria
10103,10036017393,RUS,25.08.2001,ACTIVE,CHURENKOVA Taisiia
10104,10036043261,RUS,10.09.2002,INACTIVE,DOROKHINA Nadezhda
10105,10036055587,RUS,16.06.2001,ACTIVE,STESHINA Alexandra
10106,10087479937,KAZ,19.03.2002,INACTIVE,BEKENOVA Kristina
10107,10062018851,CHN,31.08.1992,INACTIVE,WANG Xiaofei
10108,10004616271,NZL,20.01.1988,INACTIVE,BUCHANAN Rushlee
10109,10003100849,RUS,07.03.1985,INACTIVE,CHULKOVA Anastasia
10110,10011138311,AUS,08.11.1998,ACTIVE,ROSEMAN-GANNON Ruby
10111,10006274668,AUS,31.12.1992,INACTIVE,CURE Amy
10112,10016189583,ARG,15.05.1999,INACTIVE,AGUIRRE MANGUE Marib
10113,10009513862,GBR,10.11.1996,ACTIVE,NELSON Emily
10114,10008991678,USA,17.11.1986,INACTIVE,BIRCH Christina
10115,10010797595,HKG,23.09.1998,INACTIVE,LEUNG Hoi Wah
10116,10063606823,KOR,13.03.1997,INACTIVE,JANG Suji
10117,10015335478,GER,10.03.2000,ACTIVE,HECHLER Katharina
10118,10004625466,USA,29.04.1987,INACTIVE,GEIST Kimberly
10119,10009403627,GBR,05.11.1996,INACTIVE,LLOYD Manon
10120,10005965379,CUB,26.05.1989,INACTIVE,GARCIA OCASIO Iraida
10121,10004623244,RUS,22.01.1988,Active,MUDRAYA Evgenia
10122,10008920950,BLR,12.10.1994,INACTIVE,PIVAVARAVA Palina
10123,10009038360,COL,10.08.1995,ACTIVE,PARRA ROJAS Jessica Marcela
10124,10023827628,GBR,24.07.2001,INACTIVE,SHARPE Amelia
10125,10045991825,TPE,23.10.2000,INACTIVE,CHIU Sheng Hsin
10126,10015461376,USA,19.05.1999,INACTIVE,BEATTY Alijah
10127,10007771906,HKG,29.10.1996,ACTIVE,LEUNG Wing Yee
10128,10015483911,GBR,13.09.1999,ACTIVE,HOLL Jenny
10129,10014662239,CHN,11.04.1996,INACTIVE,SHEN Shanrong
10130,10007733409,MAS,26.04.1993,INACTIVE,SOM NET Jupha
10131,10022075463,NZL,02.05.2001,INACTIVE,VANNER Claudia
10132,10002848952,KOR,19.08.1984,INACTIVE,GU Sungeun
10133,10006462709,RUS,26.10.1992,INACTIVE,GONCHAROVA Alexandra
10134,10096728481,CHN,22.04.1999,ACTIVE,LUO Liping
10135,10015762985,GER,25.07.1999,INACTIVE,WOLFRAM Vanessa
10136,10015585355,COL,31.05.1994,ACTIVE,HERRERA MARIN Estefania
10137,10015510381,NED,21.01.1999,ACTIVE,VAN HAAFTEN Kirstie
10138,10002849154,THA,09.10.1984,ACTIVE,NONTASIN Chanpeng
10139,10005454010,COL,25.10.1986,INACTIVE,LOZANO RAMIREZ Laura Camila
10140,10023904420,GBR,20.07.2000,INACTIVE,DOCHERTY Anna
10141,10022207930,NZL,03.02.2001,INACTIVE,QUINLAN Hannah
10142,10006888802,COL,15.02.1991,ACTIVE,COLMENARES COLMENARES Yeny Lorena
10143,10023847129,GBR,17.05.2001,ACTIVE,SHACKLEY Anna
10144,10015341441,CHN,17.02.1997,INACTIVE,SUNTIAN Pingyue
10145,10007199808,CUB,07.12.1992,ACTIVE,SIERRA CANADILLA Arlenis
10146,10009081204,GER,23.02.1997,ACTIVE,SÜßEMILCH Laura
10147,10009683715,BLR,02.01.1997,INACTIVE,DZEDZIKAVA Anastasiya
10148,10044572389,POR,03.04.2001,ACTIVE,FARIA Beatriz
10149,10045364759,POR,25.04.2001,ACTIVE,VIANA Carina
10150,10091016595,UKR,12.07.1999,INACTIVE,YAROSHENKO Viktoriya
10151,10083931252,KOR,15.09.1999,INACTIVE,JEON Miyeon
10152,10023483074,CHN,18.08.1997,INACTIVE,SUN Yuan
10153,10085003306,AUS,28.06.2002,INACTIVE,CARNES Brooke
10154,10045622922,POR,07.09.2001,INACTIVE,COSTA Maria
10155,10023483276,CHN,28.10.1997,INACTIVE,SHENG Yan
10156,10009809310,COL,18.02.1997,ACTIVE,VALBUENA ROA Camila Andrea
10157,10010751119,IRL,09.09.1984,INACTIVE,GURLEY Lydia
10158,10069353364,AUS,14.02.2001,INACTIVE,ROBARDS Lauren
10159,10055221777,AUS,19.11.2000,ACTIVE,FITYUS Lucie
10160,10009495371,NED,27.03.1996,ACTIVE,VAN 'T GELOOF Maria Apolonia
10161,10011053334,IRL,03.12.1988,ACTIVE,MCDERMOTT Ellen
10162,10015287483,JPN,11.08.1998,INACTIVE,NAKAMURA Aika
10163,10011139422,AUS,10.03.1999,INACTIVE,HAINES Jade
10164,10086775271,AUS,07.08.2001,INACTIVE,CORSET Stephanie
10165,10052178910,LAT,15.03.2001,ACTIVE,SVARINSKA Lina
10166,10063679369,EST,28.06.2001,ACTIVE,SOONIK Kristel Sandra
10167,10064951483,BEL,12.09.2001,ACTIVE,GIELKENS Esmée
10168,10034951508,RUS,20.12.1999,INACTIVE,OSOVINA Kseniia
10169,10015979015,BLR,12.11.2000,INACTIVE,SHYSHLIANNIKAVA Darya
10170,10014858562,USA,03.09.1998,ACTIVE,SCHNEIDER Skylar
10171,10009135663,AUS,16.01.1996,INACTIVE,STEWART Macey
10172,10063468090,NGR,21.03.1999,INACTIVE,UKPESERAYE Ese Lovina
10173,10010801235,JPN,16.06.1997,INACTIVE,HASHIMOTO Yuya
10174,10089915142,EST,06.09.2001,INACTIVE,KUTSER Indra
10175,10014456317,TPE,03.01.1997,INACTIVE,CHOU Hsuan
10176,10005346401,VEN,25.02.1985,INACTIVE,BRICEÑO JIMENEZ Maria Elena
10177,10015335579,POL,25.03.2000,INACTIVE,JASKULSKA Marta
10178,10035541689,DEN,10.05.2001,ACTIVE,SVANHOLMER Tusnelda
10179,10013443069,CZE,13.10.1991,ACTIVE,VAN NECK Melissa
10180,10048857668,ECU,24.10.2001,INACTIVE,HERRERA TERAN Ariadna Tais
10181,10062141517,PER,22.05.1997,INACTIVE,PAULETT BUSTAMANTE Angie Marielle
10182,10006289018,AUS,20.08.1990,ACTIVE,ANKUDINOFF Ashlee
10183,10036578175,LTU,28.12.2001,INACTIVE,PATINSKAITĖ Paulina
10184,10073892762,POR,10.07.1991,ACTIVE,ROSA Patrícia
10185,10010098993,ARG,02.12.1980,ACTIVE,PREZIOSO Maria Alejandra
10186,10010857819,CHN,24.09.1997,INACTIVE,MA Menglu
10187,10015571009,TPE,05.09.1999,INACTIVE,WANG Yu Lun
10188,10002526125,ITA,19.07.1982,ACTIVE,VALSECCHI Silvia
10189,10095298440,USA,12.10.1992,ACTIVE,HALAMEK Stephanie
10190,10010593289,NGR,04.10.1993,INACTIVE,MARCUS Rosemary
10191,10036578983,LTU,02.04.2001,INACTIVE,RUKAITĖ Gabija
10192,10009570547,ARG,07.08.1985,INACTIVE,PILZ Estefania Sibila
10193,10002810354,AUT,07.10.1982,ACTIVE,CSENAR Lisa
10194,10062512844,MAS,05.04.2000,INACTIVE,ROZMAN Putri Rabi'atul Nisa
10195,10008937118,MEX,26.04.1993,INACTIVE,HERNÁNDEZ DELGADO Ana
10196,10015390446,ESP,07.05.1999,INACTIVE,GOROSTIZA ULLOA Aroa
10197,10021311183,JPN,12.01.2000,INACTIVE,NAKATOMI Shoko
10198,10075184175,AUS,01.02.1998,INACTIVE,GAMMIE Megan
10199,10085003205,AUS,23.07.2002,INACTIVE,MCLENNAN Liliana
10200,10015326182,CHN,11.07.1997,INACTIVE,GUAN Siyu
10201,10056296255,GUA,11.01.1993,INACTIVE,SOTO LOPEZ Jasmin Gabriela
10202,10002426600,ARG,13.08.1974,INACTIVE,MULLER Valeria
10203,10009914794,KOR,12.01.1996,INACTIVE,MUN Hyeseon
10204,10063595810,KAZ,01.10.1996,INACTIVE,LUKYANOVA Lolita
10205,10009226502,COL,18.06.1995,ACTIVE,MENESES GONZALEZ Jessenia Alejandra
10206,10016034585,BRA,30.03.1992,ACTIVE,BENATO Taise Maiara
10207,10064237525,BRA,26.09.2000,INACTIVE,SILVA SODRE PEREIRA Marcella
10208,10015334771,GER,01.04.2000,ACTIVE,BAUERNFEIND Ricarda
10209,10004603137,GER,05.05.1988,ACTIVE,KASPER Romy
10210,10054151141,SUI,30.11.1995,INACTIVE,SAUTEBIN Marie-Lise
10211,10009137178,NZL,05.08.1996,INACTIVE,WOLLASTON Nina
10212,10049188781,ARG,02.02.1998,INACTIVE,TURIENZO Carolina
10213,10060359848,MEX,01.05.1998,INACTIVE,MARTINEZ HERNANDEZ Neftali Sharazan
10214,10054318364,ARG,29.12.2000,INACTIVE,POSSE Ludmila
10215,10064934107,BEL,24.03.2001,ACTIVE,VERBEEK Britt
10216,10051368857,CAN,05.04.2001,ACTIVE,HARGREAVES Samantha
10217,10009203664,CHN,20.01.1993,INACTIVE,LIU Dexiang
10218,10056178744,UZB,25.09.1997,INACTIVE,KHAKIMOVA Alina
10219,10007890023,KOR,21.11.1987,INACTIVE,KIM Yu Ri
10220,10035344457,COL,19.09.1993,INACTIVE,RONCANCIO CABRA Claudia Angelica
10221,10021930569,NZL,01.02.2002,ACTIVE,DOUGLAS Maddison
10222,10080569089,URU,01.08.1987,INACTIVE,GRANIZAL FERNANDEZ Fabiana Andrea
10223,10009521037,NED,01.12.1997,ACTIVE,DE GRAAF Michelle
10224,10035025468,AUT,06.09.2000,INACTIVE,KOKAS Janine
10225,10010697767,POL,21.07.1997,INACTIVE,HUMELT Weronika
10226,10002523701,GER,19.05.1983,INACTIVE,BECKER Charlotte
10227,10044681719,CAN,01.02.2000,INACTIVE,BESLER Micaiah
10228,10015340936,CHN,21.12.1995,ACTIVE,ZHANG Hongjie
10229,10007829193,UZB,21.12.1984,INACTIVE,DROBYSHEVA Olga
10230,10051474951,USA,03.04.1997,ACTIVE,SACCIO Zoe
10231,10007498989,GER,21.11.1993,INACTIVE,FISCHER Lisa
10232,10062568418,CHN,24.11.1995,INACTIVE,CHEN Zhanmei
10233,10096870749,UZB,19.02.2000,INACTIVE,DAYANA Arutyunyan
10234,10064872974,COL,09.04.1999,ACTIVE,CARRASCO VILLALBA Paula Andrea
10235,10015708627,ESP,01.11.1999,ACTIVE,CUENCA SALAZAR Elena
10236,10002192180,DOM,15.05.1971,INACTIVE,FERNANDEZ VERAS Juana
10237,10022230764,NZL,06.02.2001,INACTIVE,PARKINSON Eva
10238,10010808107,POL,26.06.1998,INACTIVE,LIPIEJKO Karolina
10239,10008964703,GER,08.04.1994,INACTIVE,RATHMANN Maxie
10240,10034932916,RUS,23.06.1999,ACTIVE,STARIKOVA Elena
10241,10008688857,GER,07.09.1995,INACTIVE,PALLER Tatjana
10242,10069650832,CHN,27.08.1996,INACTIVE,PEIXIAO Wu
10243,10077354248,BLR,05.12.2001,INACTIVE,PIRAHOVA Anastasiya
10244,10016040952,FRA,21.11.1997,INACTIVE,LAHAYE Lucie
10245,10061611855,USA,26.09.1996,ACTIVE,MORSHEAD Danielle
10246,10096344424,KOR,18.09.2000,INACTIVE,KANG Chaelyn
10247,10065464977,BRA,21.08.1990,INACTIVE,DE LIMA Andheara
10248,10095119392,CHN,14.01.2001,INACTIVE,ZHANG Mingzhu
10249,10016191506,RUS,30.07.1999,INACTIVE,ANTIPOVA Angelina
10250,10015397823,POL,03.05.1999,Inactive,GOLEC Joanna
10251,10015999324,GER,25.03.1999,ACTIVE,SCHÜTZ Eleonora
10252,10054339582,POL,17.05.2001,INACTIVE,WESOLOWSKA Marta
10253,10023484084,CHN,06.07.1998,INACTIVE,ZHANG Yifan
10254,10077467921,BLR,03.11.2000,INACTIVE,CHUYANKOVA Hanna
10255,10072671875,KOR,21.01.2000,INACTIVE,KIM Nayeon
10256,10014242614,COL,19.03.1987,ACTIVE,NARVAEZ RODRIGUEZ Sindra Bibiana
10257,10093542235,DEN,21.10.1977,INACTIVE,BERG OSTERGAARD Line
10258,10075184781,AUS,07.08.2001,INACTIVE,GREEN Emma
10259,10095119190,CHN,11.09.2001,INACTIVE,GAO Na
10260,10034967167,RUS,29.01.1999,INACTIVE,PUGACHEVA Anastasia
10261,10005316590,GER,01.12.1985,ACTIVE,VENTKER Lydia
10262,10016279412,GER,17.02.1999,INACTIVE,SCHOENEMEYER Lotta
10263,10023481963,CHN,06.11.1998,INACTIVE,ZHU Jing
10264,10064733841,USA,17.12.1994,INACTIVE,WINDER Fiona
10265,10035316064,COL,31.01.1996,ACTIVE,DUCUARA ACEVEDO Jennifer Tatiana
10266,10014669515,BRA,28.08.1988,INACTIVE,AZUMA LOBO Adriana
10267,10008900439,NED,29.07.1990,INACTIVE,BLOEM Judith
10268,10010915211,CHN,10.01.1996,INACTIVE,LI Hanqing
10269,10027974174,FRA,15.09.2000,ACTIVE,SILANDE Laura
10270,10064646642,USA,17.03.1988,INACTIVE,SEMPERE Luisa
10271,10015565450,HKG,09.05.1999,INACTIVE,MA Yin Yu
10272,10034937663,RUS,17.06.2000,INACTIVE,FAIZULINA Gulnara
10273,10052589138,POL,03.08.2000,INACTIVE,KIERAT Wiktoria
10274,10048454817,GER,16.10.2001,INACTIVE,FUCHS Valentina
10275,10096890755,MYA,12.02.1999,INACTIVE,DAYA Tha
10276,10015225546,ITA,14.05.1996,ACTIVE,GALVANI Letizia
10277,10084256406,USA,08.01.1992,INACTIVE,BRNICEVIC Aurora
10278,10076238445,RUS,04.09.2001,INACTIVE,KUZNETSOVA Elizaveta
10279,10020780212,JPN,19.05.2000,INACTIVE,ISHIGAMI Yuno
10280,10010880653,RUS,12.01.1998,INACTIVE,CHIRKOVA Sofia
10281,10084277422,USA,06.08.1987,INACTIVE,CUSHEN Julia
10282,10036173607,GER,26.09.2002,ACTIVE,LEONHARDT Paula
10283,10021306941,JPN,22.12.1999,INACTIVE,IKEGAMI Akari
10284,10084661378,CHN,04.08.2001,INACTIVE,SHEN Xinxin
10285,10015646888,ESP,11.01.1997,ACTIVE,VILLARET RECHE Esther
10286,10079505224,RUS,11.07.1997,INACTIVE,GORDEEVA Daria
10287,10088655758,UKR,15.06.1998,INACTIVE,SAMOILENKO Olena
10288,10034947868,RUS,09.11.2000,ACTIVE,UVAROVA Marina
10289,10006502115,NED,27.01.1991,ACTIVE,SPOOR Winanda
10290,10034918970,RUS,26.09.2000,INACTIVE,UDALOVA Alena
10291,10023433766,NED,26.02.2000,INACTIVE,HOOLWERF Cathalijne
10292,10015510482,NED,14.07.1999,INACTIVE,SCHUITEMAKER Lily
10293,10067678294,FRA,15.02.2001,INACTIVE,AIDAT Mauryne
10294,10082433715,GER,15.09.1995,ACTIVE,BETZ Svenja
10295,10020982090,JPN,10.06.1999,INACTIVE,SUZUKI Honoka
10296,10049921840,USA,19.12.2001,INACTIVE,QUINONES Melanie
10297,10015540592,GER,09.12.1985,ACTIVE,STEFFENHAGEN Diana
10298,10036440456,GER,26.12.2001,ACTIVE,MÜLLER Jasmin
10299,10072256593,MAC,23.09.2001,INACTIVE,AU Hoi Man
10300,10036078021,RUS,13.07.2001,INACTIVE,VOEVODINA Darya
10301,10066995254,COL,05.12.2000,INACTIVE,YAÑEZ BAUTISTA Laura Daniela
10302,10008679056,GER,20.02.1995,INACTIVE,KNAUER Anna
10303,10006406529,HKG,15.03.1986,ACTIVE,DIAO Xiaojuan
10304,10059449967,INA,10.04.1998,ACTIVE,MARENDRA Magh Firotika
10305,10004602935,GER,08.06.1988,ACTIVE,BRENNAUER Lisa
10306,10011156495,AUS,07.02.1999,INACTIVE,HEFFERNAN Chloe
10307,10009135057,BEL,13.02.1996,ACTIVE,VANDENBROUCKE Saartje
10308,10010170634,GBR,04.06.1998,INACTIVE,DICKINSON Eleanor
10309,10002895432,CUB,19.01.1985,INACTIVE,DOMINGUEZ MASAGUE Yudelmis
10310,10007795649,USA,28.01.1993,INACTIVE,WILSON Kate
10311,10055349190,AUS,28.11.2000,INACTIVE,CULLING Alice
10312,10015484012,GBR,22.06.1999,INACTIVE,CALLANDER Rhona
10313,10009118283,RUS,22.07.1996,INACTIVE,KALASHEEVA Tatiana
10314,10010646742,MAS,12.05.1997,INACTIVE,AHMAD JUMRY Nur Azrenna
10315,10010116575,CAN,22.11.1997,INACTIVE,MAINE Katherine
10316,10009119495,AUS,12.09.1995,INACTIVE,SMITH Angela
10317,10003089634,AUT,28.10.1984,ACTIVE,RUSO Karin
10318,10055224811,AUS,24.05.1999,INACTIVE,SCOTT Makenzie
10319,10006284873,COL,16.03.1989,INACTIVE,UPEGUI QUEVEDO Carolina
10320,10084753126,CHN,02.01.1999,INACTIVE,SHEN Hui
10321,10036581714,LTU,11.10.2001,INACTIVE,ŽUPERKAITĖ Erika
10322,10044033839,POR,01.06.2000,ACTIVE,RODRIGUES Raquel
10323,10009669264,VEN,28.09.1997,INACTIVE,CARRUIDO Andrea
10324,10074513057,IRL,13.11.1986,INACTIVE,DESMOND Emma
10325,10015326889,RUS,02.10.1999,INACTIVE,PUSTOVALOVA Alena
10326,10062492232,CHN,09.11.1997,INACTIVE,WEI Xiaoqing
10327,10010880451,RUS,06.08.1998,ACTIVE,GOLOVASTOVA Ekaterina
10328,10005506752,NZL,19.04.1989,INACTIVE,ELLIS Lauren
10329,10007817372,SVK,27.04.1985,ACTIVE,FINDROVÁ Mariana
10330,10053568737,CHI,25.08.1987,INACTIVE,PAREDES MARTINEZ Constanza Victoria
10331,10035150760,AUT,26.09.2000,INACTIVE,FERNBACH Laura
10332,10007296505,NED,07.02.1993,INACTIVE,MARKUS Kelly
10333,10072329850,CHI,06.08.1999,Inactive,BAEZA CARRASCO Paula
10334,10009980775,RSA,03.05.1991,INACTIVE,HUMAN Ronet
10335,10036577973,LTU,14.02.2001,ACTIVE,GEDRAITYTĖ Akvile
10336,10063900045,USA,12.08.2000,INACTIVE,TAYLOR Sawyer
10337,10008658949,BLR,11.07.1995,INACTIVE,PIATROUSKAYA Katsiaryna
10338,10010660684,ITA,19.05.1997,ACTIVE,RAGUSA Katia
10339,10055931190,CHI,14.07.1988,INACTIVE,OYARZO MANRIQUEZ Carolina Andrea
10340,10015334973,GBR,19.09.1999,INACTIVE,DOLAN Lauren
10341,10036580603,LTU,20.03.2001,INACTIVE,ŠIKAILOVAITĖ Ona
10342,10050430482,MEX,07.11.1999,INACTIVE,HERRERA LOPEZ Alejandra Valentina
10343,10015701351,BEL,08.05.1999,ACTIVE,CASTRIQUE Alana
10344,10009882159,POL,11.02.1998,INACTIVE,NERLO Aurela
10345,10010879441,RUS,26.01.1994,INACTIVE,ZOTEEVA Alena
10346,10050429775,MEX,24.12.1998,INACTIVE,CAMACHO TORRES Giselle Guadalupe
10347,10054804980,USA,21.05.1988,INACTIVE,WILSON Jennifer
10348,10062568519,CHN,21.09.1997,INACTIVE,ZHOU Xie
10349,10006503832,RUS,19.06.1991,INACTIVE,OSHURKOVA Elizaveta
10350,10023487825,CHN,15.11.1998,INACTIVE,ZHU Yufeng
10351,10009715845,NZL,14.04.1996,INACTIVE,FARRANT Madison
10352,10015587375,COL,02.01.1997,INACTIVE,ALVAREZ TABARES Yesenia Maritza
10353,10015216351,MEX,11.04.1998,INACTIVE,HERNÁNDEZ HUITZIL Gloria
10354,10023483175,CHN,16.04.1997,INACTIVE,LU Mei
10355,10070008217,JPN,17.04.1984,INACTIVE,ITO Yui
10356,10016040750,DEN,07.11.1987,INACTIVE,DALGAARD Rikke
10357,10086673524,CHI,27.08.1988,INACTIVE,CASTILLO MUÑOZ Alejandra Macarena
10358,10008884069,BEL,06.06.1996,ACTIVE,VANDEWALLE Isabel
10359,10009639962,POL,26.05.1997,INACTIVE,LACH Marta
10360,10021073535,JPN,18.12.1999,INACTIVE,KOGUCHI Kanae
10361,10015874133,UKR,18.09.1999,INACTIVE,YAMELNYTSKA Mariia
10362,10012904721,FRA,29.11.1990,INACTIVE,FONSECA Barbara
10363,10021707267,NZL,12.08.2000,ACTIVE,FISHER-BLACK Niamh
10364,10010179021,RUS,05.06.1998,INACTIVE,KASENOVA Karina
10365,10035150861,AUT,26.09.2000,INACTIVE,FERNBACH Lisa
10366,10060851316,CAN,21.05.1999,ACTIVE,FORTIN Emilie
10367,10021664124,JPN,13.07.1972,INACTIVE,SHIMABUKURO Yoko
10368,10010790121,GER,30.07.1998,INACTIVE,RIFFEL Christa
10369,10010585613,BRA,25.05.1983,INACTIVE,DA SILVA Silvia Augusta
10370,10011143260,ITA,18.03.1998,ACTIVE,CAVALLI Marta
10371,10009189116,ESP,06.04.1996,ACTIVE,ORENGO LLACER Mireia
10372,10007740277,RUS,21.05.1995,ACTIVE,ABASOVA Natalia
10373,10023466809,BRA,28.09.1998,INACTIVE,NASCIMENTO BATISTA Beatriz
10374,10064363019,UKR,28.02.1997,INACTIVE,BOGONOSYUK Zoya
10375,10058808353,RUS,08.11.1998,INACTIVE,PASKO Anastasiya
10376,10042288041,ESP,19.09.2000,INACTIVE,IMAZ CORNAGO Amaia
10377,10014940105,FRA,13.10.1993,INACTIVE,LE HUITOUZE SERO Fanny
10378,10023481862,CHN,01.06.1996,INACTIVE,LIU Zixin
10379,10015999526,GER,20.10.1999,INACTIVE,CUNERT Jasmin
10380,10023549257,FRA,07.12.1999,INACTIVE,OURLIAC Eva
10381,10084256507,USA,07.02.1991,INACTIVE,BOLLELLA Allie
10382,10034916647,RUS,17.10.2000,INACTIVE,MINASIAN Karine
10383,10011073643,USA,04.07.1987,ACTIVE,MERTZ Nicole
10384,10007773926,FRA,13.08.1993,INACTIVE,FAURE Fleur
10385,10009139909,FRA,31.05.1995,ACTIVE,COMPARAT Claire Lise
10386,10003553618,GBR,31.05.1962,ACTIVE,CLARKE Lindsay
10387,10084256709,USA,05.11.1980,INACTIVE,KONDO Erika
10388,10009044323,RUS,21.03.1996,INACTIVE,KANTSYBER Maria
10389,10010881663,RUS,22.01.1998,INACTIVE,SAVONOVA Ekaterina
10390,10016220909,USA,23.12.1983,INACTIVE,O'NEILL Courtney
10391,10056279885,USA,20.04.1986,INACTIVE,DUBAN Ashley
10392,10009232865,ITA,20.11.1996,INACTIVE,SPEROTTO Maria Vittoria
10393,10041037650,ESP,04.10.1986,INACTIVE,FARABELLO SUHR Mariela Antone
10394,10036581916,LTU,14.11.2001,INACTIVE,JANKAUSKAITĖ Kristina
10395,10035376385,COL,10.11.1998,INACTIVE,MORENO AVELLA Karol Julieth
10396,10062592565,CHN,17.02.1997,INACTIVE,SUN Tianpingyue
10397,10010778195,CZE,18.11.1998,INACTIVE,TRČKOVÁ Daniela
10398,10055220767,AUS,06.10.2000,ACTIVE,GIGANTE Sarah
10399,10006480489,GER,26.11.1991,INACTIVE,BUBNER Janine
10400,10024527846,FRA,13.11.1980,ACTIVE,DUPONT Emmanuelle
10401,10010881562,RUS,20.11.1998,INACTIVE,VALIEVA Viktoria
10402,10034936552,RUS,05.06.2000,INACTIVE,ALIEVA Leila
10403,10006578907,FRA,07.11.1991,ACTIVE,FOURNIER Roxane
10404,10014152078,CUB,22.04.1997,INACTIVE,CERVANTES TRUJILLO Idarys
10405,10008999560,MAS,13.09.1985,INACTIVE,PHANG Ching Zhen Grace
10406,10006711269,CHN,20.09.1988,INACTIVE,LUO Xiaoling
10407,10010853068,UKR,25.05.1998,INACTIVE,HALYK Diana
10408,10010604104,AUS,23.01.1997,INACTIVE,MCKINNIREY Danielle
10409,10009138087,FRA,21.02.1996,ACTIVE,MIDELET Alphanie
10410,10023868145,GBR,06.06.2000,INACTIVE,RUSSELL Ellie
10411,10010852866,RUS,24.10.1998,INACTIVE,STEPANOVA Polina
10412,10078998295,THA,06.06.1995,ACTIVE,SOMRAT Phetdarin
10413,10015141377,CZE,07.04.1999,INACTIVE,DŽERENGOVÁ Barbora
10414,10010674731,HUN,29.07.1997,Inactive,KANTI Dorottya
10415,10009629757,IRI,08.01.1997,ACTIVE,BASTIDEHKHARGHANI Parastoo
10416,10048798862,FRA,13.12.1987,INACTIVE,BERTHON Laurie
10417,10009331077,USA,26.10.1994,INACTIVE,VOLK Monica
10418,10002525317,ITA,03.08.1983,ACTIVE,BRONZINI Giorgia
10419,10010920968,USA,08.12.1982,INACTIVE,GOODSON Heidi
10420,10014714274,USA,12.11.1983,INACTIVE,RABBIT Travis
10421,10006148871,CHN,23.12.1988,INACTIVE,HUANG Li
10422,10059835846,RUS,19.03.1997,INACTIVE,NOSOVA Kristina
10423,10015331034,RUS,08.05.1999,INACTIVE,GONCHAROVA Elizaveta
10424,10010639365,JPN,26.09.1996,INACTIVE,ITO Mao
10425,10061279126,VEN,03.08.1998,INACTIVE,MARTÍNEZ Mariana
10426,10014455812,JPN,17.05.1996,INACTIVE,NAKAI Ayako
10427,10004779151,FRA,25.01.1989,INACTIVE,DUTRIAUX Fiona
10428,10065496404,SVK,21.11.1974,INACTIVE,ORVISKÁ Jana
10429,10060036819,CHI,23.08.1999,INACTIVE,CORTES UGARTE Franchesca
10430,10005791688,RUS,13.07.1991,INACTIVE,MALAKHOVA Lidia
10431,10056436503,SUI,18.10.1984,INACTIVE,IAVARONE-SCHNIDER Pascale
10432,10074512956,POR,03.04.1993,INACTIVE,AZENHA Ana
10433,10009986132,RSA,07.01.1998,INACTIVE,GERBER Jessica
10434,10009436060,COL,27.08.1986,INACTIVE,VARGAS VILLAMIL Lorena Maria
10435,10014510574,SVK,11.10.1997,INACTIVE,PANÁCKOVÁ Petra
10436,10007191219,BRA,27.03.1988,INACTIVE,COELHO FERREIRA Camila
10437,10052597626,POR,15.03.1999,ACTIVE,SOARES Rita
10438,10053569141,CHI,19.12.1989,INACTIVE,RUIZ VENEGAS Paula Andrea
10439,10007826264,BEL,22.06.1995,INACTIVE,VAN DER MEULEN Kaat
10440,10036579084,LTU,10.11.2000,INACTIVE,PALTAROKAITĖ ŽIdrune
10441,10016558486,SUI,12.06.1997,INACTIVE,BURCH Selina
10442,10062601659,CHN,19.10.1993,INACTIVE,RUAN Yuemin
10443,10007589323,COL,08.09.1986,ACTIVE,PEÑUELA MARTINEZ Diana Carolina
10444,10009118182,RUS,23.02.1996,INACTIVE,EGOROVA Daria
10445,10008650865,FRA,29.05.1994,ACTIVE,SACHET Iris
10446,10006322562,UKR,19.09.1990,ACTIVE,IVANIUK Maryna
10447,10006410266,KOR,02.06.1990,INACTIVE,SON Eunju
10448,10059164930,CHI,07.06.1999,INACTIVE,SEPULVEDA PEÑALOZA Khamila
10449,10059594457,CHN,03.07.1992,INACTIVE,TIAN Yuanyuan
10450,10010799316,KOR,11.12.1998,INACTIVE,KIM Okhui
10451,10016134518,LTU,21.05.1999,INACTIVE,JUCEVICIUTE Gabriele
10452,10008921051,BLR,01.02.1994,INACTIVE,SHAUCHENKA Maryna
10453,10007724315,COL,21.02.1983,ACTIVE,TOVAR SALGADO Luz Adriana
10454,10006888701,RUS,03.01.1991,INACTIVE,DROKINA Viktoria
10455,10010766273,GBR,05.05.1998,ACTIVE,BROUGHTON Charlotte
10456,10009173857,CHN,27.07.1995,INACTIVE,LI Jiaqi
10457,10064738386,USA,15.04.1992,INACTIVE,BEAUDOIN Emily
10458,10008882756,AUS,24.05.1984,INACTIVE,WIASAK Rebecca
10459,10015341037,CHN,12.09.1995,INACTIVE,ZHENG Chao
10460,10008676228,RUS,07.04.1995,INACTIVE,CHURSINA Anastasiia
10461,10064212970,USA,11.12.1976,INACTIVE,LUTHER Hilary
10462,10040480205,ESP,28.03.1999,ACTIVE,FENOLL ALBALADEJO Natalia
10463,10064874287,COL,20.01.1985,INACTIVE,FRANCO CABEZAS Claudia Viviana
10464,10046256149,CAN,29.10.1975,INACTIVE,GOTZEVA Ivana
10465,10009043111,CHN,13.08.1992,INACTIVE,GONG Xingyu
10466,10009045333,RUS,08.01.1997,ACTIVE,TSYMBALYUK Kseniia
10467,10018823034,GBR,13.03.1990,ACTIVE,WALKER Sarah
10468,10010717571,CHN,26.04.1995,INACTIVE,ZHENG Dandan
10469,10053702416,USA,14.02.1985,INACTIVE,DEESE Marayah
10470,10015761672,GBR,19.06.1999,ACTIVE,TILLETT Emily
10471,10023222790,NED,04.11.1999,INACTIVE,BUITENHUIS Babette
10472,10015267780,RUS,16.05.1999,INACTIVE,STEPANOVA Aleksandra
10473,10015587274,COL,24.09.1996,INACTIVE,MOTAVITA DUARTE Luisa Fernanda
10474,10009850736,FRA,15.12.1994,INACTIVE,FENART Ophelie
10475,10011163771,KOR,05.12.1998,INACTIVE,MIN Geumju
10476,10009148090,KOR,17.05.1996,INACTIVE,CHOI Jihye
10477,10015286574,CZE,15.09.1999,INACTIVE,DOSEDĚLOVÁ Tereza
10478,10021453148,CHN,10.08.1996,INACTIVE,RYU Seigi
10479,10006415118,CUB,29.12.1992,ACTIVE,MEJIAS GARCIA Marlies
10480,10003220481,LTU,18.10.1988,INACTIVE,TREBAITE Ausrine
10481,10008971470,JPN,13.04.1991,INACTIVE,TSUKAGOSHI Sakura
10482,10010600161,NZL,13.09.1997,INACTIVE,WHITE Holly
10483,10061308529,IRL,09.09.1994,INACTIVE,GURLEY Lydia
10484,10009233067,LTU,10.02.1996,INACTIVE,MAZUREVICIUTE Edita
10485,10006410367,KOR,26.04.1990,INACTIVE,LEE Aejung
10486,10011030395,GBR,24.04.1996,INACTIVE,PARK Annasley
10487,10010782037,AUS,10.06.1998,INACTIVE,CHILTON Emma
10488,10007808985,AUS,25.09.1994,INACTIVE,MUNDY Jessica
10489,10009149811,MAS,21.10.1996,INACTIVE,MOHAMAD AZMAN Nurul Alissa
10490,10009233875,ITA,24.05.1996,INACTIVE,CRETTI Claudia
10491,10005601732,KOR,24.04.1989,INACTIVE,LEE Jumi
10492,10004717214,VEN,26.05.1989,INACTIVE,CESAR SALAZAR Jennifer
10493,10009034421,COL,24.06.1995,INACTIVE,GUZMAN CADENA Angy Carolina
10494,10008837286,SVK,30.11.1985,INACTIVE,ŠIMORA Andrea
10495,10008684817,ITA,20.04.1995,INACTIVE,MALTESE Michela
10496,10010199431,GBR,20.04.1998,INACTIVE,COLBORNE Henrietta
10497,10002521172,NED,31.10.1983,ACTIVE,KOEDOODER Vera
10498,10007256287,COL,02.05.1990,ACTIVE,SANABRIA SANCHEZ Ana Cristina
10499,10014484912,SUI,11.02.1985,ACTIVE,MATTHEY Crystel
10500,10061348743,MEX,,INACTIVE,HERRRERA LOPEZ Alejandra Valentina
10501,10006151804,CHN,25.05.1989,INACTIVE,JING Yali
10502,10003267163,ITA,30.04.1987,ACTIVE,BASTIANELLI Marta
10503,10010741520,POL,07.08.1997,INACTIVE,DABROWSKA Patrycja
10504,10011081929,CHN,08.03.1998,INACTIVE,LU Xiuyan
10505,10015205136,MEX,12.03.1996,INACTIVE,LEMUS GUERRERO Gabriela
10506,10009123741,SVK,17.01.1996,INACTIVE,JANUŠÍKOVÁ Nina
10507,10014965363,LTU,08.02.1998,INACTIVE,JOVAIŠYTÉ Justina
10508,10009551652,CHN,14.01.1996,INACTIVE,MIAO Wei
10509,10005985688,MEX,28.03.1990,INACTIVE,LEON Ariadna Roxana
10510,10023481761,CHN,30.03.1998,INACTIVE,ZENG Mengyao
10511,10010661900,COL,29.03.1997,ACTIVE,PATIÑO BEDOYA Paula Andrea
10512,10010656341,KOR,12.09.1996,INACTIVE,KIM Bobae
10513,10015997607,CHN,09.08.1997,INACTIVE,QI Jingyu
10514,10003157332,ITA,10.07.1984,INACTIVE,BASSO Laura
10515,10008996227,NZL,09.04.1994,INACTIVE,KEITH Alysha
10516,10061349652,MEX,,INACTIVE,CAMACHO TORRES Giselle Guadalupe
10517,10015337195,LTU,15.01.1999,INACTIVE,VAICYTÉ Kotryna
10518,10010966135,DEN,12.02.1995,Inactive,HANSEN Louise
10519,10009811835,KAZ,18.01.1990,INACTIVE,SOKOVNINA Natalya
10520,10016310936,COL,16.02.1998,ACTIVE,SEPULVEDA DURAN Lady Johana
10521,10003087816,FRA,03.08.1984,INACTIVE,CLOAREC Marie-Laure
10522,10009676641,JPN,03.02.1995,INACTIVE,ETO Rikako
10523,10052961071,SUI,12.09.1996,INACTIVE,ZIMMERMANN Meret
10524,10008997035,NZL,15.03.1988,ACTIVE,FRASER Elyse
10525,10015336993,LTU,11.05.1999,INACTIVE,STEGVILAITÉ Regina
10526,10008891749,NED,03.05.1994,INACTIVE,KLEMENT Melanie
10527,10015185635,JPN,05.08.1986,ACTIVE,NAKAHARA Yasue
10528,10016022966,KOR,20.08.1997,INACTIVE,KIM Minjeong
10529,10009776671,GBR,15.05.1996,INACTIVE,LOWTHER Melissa
10530,10014015773,SUI,15.06.1997,INACTIVE,SCHEIDEGGER Julia
10531,10010200946,NED,24.08.1998,ACTIVE,BOOGAARD Maaike
10532,10010916827,CHN,01.01.1997,INACTIVE,LI Jingyao
10533,10014254435,SUI,31.08.1998,ACTIVE,SCHNEEBERGER Eléa
10534,10009090193,GER,01.10.1997,INACTIVE,GERSTÄCKER Lena-Marie
10535,10016149470,JPN,31.07.1993,ACTIVE,TAKADA Nao
10536,10009150619,KAZ,08.08.1996,INACTIVE,YURAITIS Yekaterina
10537,10007504750,ITA,05.02.1993,INACTIVE,BARTELLONI Beatrice
10538,10004791376,SUI,20.08.1991,INACTIVE,EHRLER Désirée
10539,10008819304,SUI,07.12.1995,ACTIVE,BAUMANN Chrystelle
10540,10007722695,NED,19.12.1990,INACTIVE,STAPPENBELT Nadia
10541,10015202005,KAZ,01.10.1996,INACTIVE,LUKYANOVA Lolita
10542,10003292526,SUI,18.10.1984,INACTIVE,SCHNIDER Pascale
10543,10009140515,NZL,19.09.1996,ACTIVE,JENKINS Tessa
10544,10009870439,GER,22.02.1990,INACTIVE,KLOTZ Sandra
10545,10011076168,BEL,12.04.1998,ACTIVE,BEX Nathalie
10546,10004882316,GBR,26.10.1977,ACTIVE,STOREY Sarah
10547,10010792545,NZL,29.10.1998,INACTIVE,KERR Michaela
10548,10007947314,CHN,11.03.1990,INACTIVE,LI Ying Tong
10549,10011136287,POR,30.09.1997,INACTIVE,CARAPETO Natacha
10550,10015323758,CHN,26.02.1998,INACTIVE,SUN Yuanyuan
10551,10009089688,GER,01.01.1997,INACTIVE,BREITENFELLNER Katja
10552,10015341239,CHN,17.02.1997,INACTIVE,LV Ping
10553,10010970680,ITA,14.04.1997,INACTIVE,NANNI Giulia
10554,10018306914,GBR,01.11.1988,ACTIVE,PRANKERD Katie
10555,10009215283,CHN,30.01.1996,INACTIVE,CHEN Siyu
10556,10014964858,ITA,21.10.1997,INACTIVE,CANVELLI Vania
10557,10019395738,GBR,23.11.1988,ACTIVE,ROBSON Christine
10558,10010879340,RUS,12.06.1996,INACTIVE,ZHURAVLEVA Anastasiia
10559,10011159125,IND,15.06.1998,INACTIVE,REGHUNATHAN Amritha
10560,10009038461,CHI,11.04.1996,INACTIVE,REYES Javiera
10561,10009226195,ECU,08.03.1996,INACTIVE,GALARZA Esther
10562,10016102788,USA,07.07.1973,INACTIVE,SIGMOND Elli
10563,10015661541,LTU,17.08.1998,INACTIVE,JAKUBONYTÉ Ieva
10564,10010862263,SUI,19.02.1998,INACTIVE,TSCHÜMPERLIN Elma
10565,10014506534,SUI,28.02.1990,INACTIVE,BUCHER Carmen
10566,10007748765,NED,02.11.1994,INACTIVE,VAN BAARLE Ashlynn
10567,10006662668,IRL,13.12.1991,ACTIVE,WITHERS Rachael
10568,10008999762,AUS,02.09.1995,INACTIVE,WUNDERSITZ Elissa
10569,10004602329,GER,21.10.1987,ACTIVE,GAUMNITZ Stephanie
10570,10007898107,NZL,28.03.1994,ACTIVE,WILLIAMSON Sophie
10571,10008700779,CHI,18.06.1995,INACTIVE,VILLALON SANCHEZ Aranza Valentina
10572,10009137481,NZL,03.03.1996,INACTIVE,PERRY Ruby
10573,10009809512,CHN,16.02.1994,INACTIVE,WANG Wan Tong
10574,10004614049,RUS,12.11.1988,INACTIVE,MOLICHEVA Irina
10575,10003220582,LTU,18.06.1986,INACTIVE,RAGAŽINSKIENĖ Daiva
10576,10006654685,USA,26.03.1982,INACTIVE,HERNANDEZ Elizabeth
10577,10009762426,CHN,14.02.1989,INACTIVE,JIN Di
10578,10010626534,NZL,29.09.1997,INACTIVE,SAVILLE Bailey
10579,10003309401,RUS,25.02.1987,INACTIVE,STRELTSOVA Olga
10580,10010041403,CHN,02.09.1996,INACTIVE,CHEN Qiaolin
10581,10007200616,CHI,08.04.1993,INACTIVE,AHUMADA Denisse
10582,10004626274,LTU,12.02.1987,INACTIVE,SEREIKAITE Vilija
10583,10009329461,USA,08.07.1989,INACTIVE,GOODALL Erin
10584,10010105663,MAS,26.08.1995,INACTIVE,YEE TING Sek
10585,10061257100,MEX,13.04.1996,INACTIVE,BONILLA Jessica
10586,10008922162,ESP,30.09.1993,INACTIVE,SAYAGO FERNANDEZ Cristina
10587,10006551726,JPN,17.09.1991,INACTIVE,KOJIMA Yoko
10588,10004658307,CUB,31.07.1987,INACTIVE,TORRES BELTRAN Yeima
10589,10007199404,GUA,22.12.1992,ACTIVE,GALICIA Emelyn
10590,10007137362,BRA,30.04.1982,ACTIVE,PEREIRA DA SILVA Cristiane
10591,10006410973,CHN,11.08.1989,INACTIVE,WU Chao Mei
10592,10008837185,SVK,30.11.1985,INACTIVE,JUHASOVA Zuzana
10593,10007273263,RUS,29.08.1993,INACTIVE,PROKOFIEVA Alena
10594,10006887788,BLR,29.02.1992,INACTIVE,ANTONAVA Volha
10595,10007520110,GER,18.07.1993,ACTIVE,KRÖGER Mieke
10596,10010932183,MEX,24.07.1991,INACTIVE,VEGA RODRIGUEZ Alejandra Eliza
10597,10009672702,VEN,22.08.1997,INACTIVE,MEDINA Meiver
10598,10010657957,SVK,10.08.1983,INACTIVE,VÉGHOVÁ Silvia
10599,10009067359,COL,19.04.1994,INACTIVE,PANIAGUA AREIZA Valentina
10600,10061296001,POR,21.05.1970,INACTIVE,PERRONE Marcia
10601,10061232848,BLR,11.07.1995,INACTIVE,PIATROVSKAYA Katsiaryna
10602,10009197196,EST,04.02.1996,INACTIVE,LANG Mae
10603,10008976524,VEN,03.01.1986,INACTIVE,VELAZCO FERNANDES Iliana Nathaly
10604,10010084445,SVK,12.08.1990,INACTIVE,BÄUMLOVÁ Karin
10605,10009042909,CHN,12.08.1993,INACTIVE,ZHAO Baofang
10606,10010745560,COL,16.12.1993,INACTIVE,MANTILLA Yina
10607,10010846705,VEN,23.03.1980,INACTIVE,CANDIALE Wanifer
10608,10010599757,COL,22.06.1991,INACTIVE,BOTERO CADAVID Vanessa
10609,10009233269,ITA,23.02.1996,INACTIVE,MAGNETTO ALLIETTA Daniela
10610,10007892851,NZL,18.06.1994,INACTIVE,CAMERON Cassie
10611,10009849120,CZE,23.09.1989,INACTIVE,KOTALOVÁ Veronika
10612,10009097368,USA,21.05.1984,INACTIVE,ZAMORA Jasmine
10613,10009144656,COL,27.07.1992,ACTIVE,FAGUA RAQUIRA Ana Milena
10614,10010885909,ECU,01.01.1995,INACTIVE,NUNEZ Miryam
10615,10010741318,USA,07.07.1997,INACTIVE,WOODS Ashlyn
10616,10006497162,LTU,29.03.1991,INACTIVE,BRONICKIENĖ Vaida
10617,10010187004,KOR,01.07.1993,INACTIVE,JANG Jinha
10618,10009512953,ITA,11.11.1996,ACTIVE,CIPRIANI Carmela
10619,10010861455,USA,03.12.1993,INACTIVE,MISSEL Riley
10620,10010856607,CUB,19.12.1997,INACTIVE,CERVANTES Idanis
10621,10009733326,CUB,11.08.1996,INACTIVE,FONT ALMARAL Miglay
10622,10009320468,USA,04.12.1985,INACTIVE,SHEPARD Amy
10623,10010886212,USA,27.04.1994,INACTIVE,TUGGLE Madison
10624,10010677963,USA,19.05.1996,INACTIVE,CASEBOLT Andrea
10625,10010917635,USA,16.09.1958,INACTIVE,JOHNSON Carol
10626,10010784764,POR,17.05.1997,INACTIVE,FERREIRA Joana
10627,10009199018,JPN,18.09.1994,INACTIVE,SAITO Nozomi
10628,10007126854,NED,02.04.1982,ACTIVE,ROOS Birgitta
10629,10009149912,KAZ,10.07.1996,Inactive,MURZALINA Venera
10630,10006987519,EST,30.07.1966,INACTIVE,LANG Tea
10631,10007754021,VEN,03.04.1991,INACTIVE,CORREA Ludy
10632,10007772512,RUS,26.06.1995,INACTIVE,BUCHNEVA Anastasija
10633,10010630473,NZL,18.02.1993,INACTIVE,POOLE Emma
10634,10051438070,POL,02.04.1996,INACTIVE,NOWOTARSKA Natalia
10635,10011029486,NED,30.08.1979,ACTIVE,SMORENBURG Cornelie
10636,10005453404,COL,02.09.1984,INACTIVE,MENDEZ VALLE Monica
10637,10011079808,NZL,17.06.1991,INACTIVE,WILLIAMS Sarah
10638,10007501215,POL,06.01.1993,INACTIVE,KOPINSKA Monika
10639,10009081507,GER,20.02.1997,INACTIVE,SEIF Isabell
10640,10007272556,RUS,20.11.1995,INACTIVE,CHIGRINA Polina
10641,10010916928,CHN,10.09.1996,INACTIVE,XU Jienan
10642,10010917029,CHN,20.08.1997,INACTIVE,LE Caiyue
10643,10009194873,RUS,11.10.1996,INACTIVE,OKHRIMENKO Olga
10644,10010674226,RUS,15.09.1995,Inactive,INEVATKINA Elizaveta
10645,10015172602,GER,17.01.1997,INACTIVE,DREIER Josefine
10646,10008918223,RUS,01.09.1994,INACTIVE,KULIKOVA Tatiyana
10647,10008957124,RUS,21.03.1995,INACTIVE,ABRAMOVA Maria
10648,10008957023,RUS,14.09.1994,INACTIVE,NUTSALOVA Anastasia
10649,10009875691,AUS,27.09.1995,INACTIVE,MACDONALD Alicia
10650,10010628655,NZL,27.09.1997,INACTIVE,GRUBB Alice
10651,10014674565,UKR,12.12.1996,INACTIVE,KABANOVA Iryna
10652,10014674666,UKR,06.01.1996,INACTIVE,KUTSENKO Yana
10653,10010680084,KOR,15.08.1995,INACTIVE,JIN Migyeong
10654,10010917736,CAN,02.04.1985,INACTIVE,CHATER Katie
10655,10006335700,POL,02.08.1990,INACTIVE,CYWINSKA Paulina
10656,10006891125,POL,22.01.1991,INACTIVE,MIELNIK Natalia
10657,10007808480,MEX,16.12.1992,ACTIVE,ARREOLA NAVARRO Graciela Adelaida
10658,10010089903,GUA,20.02.1979,INACTIVE,SANTOS Patricia
10659,10004960623,USA,20.07.1980,INACTIVE,KAPP Morgan
10660,10009712411,BRA,04.01.1989,INACTIVE,COMETI STOCCO Gimena
10661,10009861042,COL,18.06.1994,INACTIVE,RODRÍGUEZ Naira
10662,10010090105,COL,11.01.1994,INACTIVE,RAMOS Juleidy
10663,10121012837,NGR,12.11.2001,ACTIVE,COXSON Treasure Melubari
10664,10064256420,AUS,25.02.2000,INACTIVE,EDWARDS Sophie
10665,10049183226,USA,27.03.2002,ACTIVE,TA-PEREZ Zoe
10666,10083911751,ARG,11.08.2004,ACTIVE,BENEDETTI VENTURELLA Julieta
10667,10065074553,BEL,04.10.2004,Active,JOORIS Febe
10668,10111517547,AUS,19.04.2004,ACTIVE,CARNES Isabelle
10669,10096414546,USA,31.10.2004,INACTIVE,PATRICK Chloe
10670,10055641709,MAS,16.06.2002,INACTIVE,SUHARDI Haziatul Eisya
10671,10018805654,GBR,11.04.1995,ACTIVE,HALL Francesca
10672,10086187615,COL,17.10.2003,ACTIVE,GONZALEZ RAMIREZ Karen
10673,10090732366,CZE,09.12.2002,ACTIVE,NOVÁČKOVÁ Barbora
10674,10065057678,BEL,04.05.2004,ACTIVE,PUYPE Laura
10675,10070869594,FRA,30.11.2004,ACTIVE,GAUGAIN Heidi
10676,10091593848,COL,09.09.2001,ACTIVE,LONDOÑO RUIZ Valery
10677,10124125426,AUS,26.02.1995,ACTIVE,TAYLOR Maddison
10678,10093710064,COL,05.04.2003,ACTIVE,CASTRO MARIN Natalia
10679,10089622021,UKR,21.11.2002,ACTIVE,SHYMANSKA Iryna
10680,10082192124,POL,24.06.2005,ACTIVE,GRUDZINSKA Aleksandra
10681,10096739696,GBR,23.02.2005,ACTIVE,ROBERTS Awen
10682,10088213400,ESP,17.09.2004,INACTIVE,GINESTAR SIGNES Anna
10683,10099673544,KAZ,08.02.2003,ACTIVE,SHTRO Nina
10684,10078190266,POL,06.05.2005,ACTIVE,STELMACH Katarzyna
10685,10112268184,AUS,30.03.2004,ACTIVE,CORSET Caitlin
10686,10023711329,GBR,04.08.1999,ACTIVE,JESSETT Miriam
10687,10035271709,COL,26.07.1999,INACTIVE,RAMIREZ ROJO Yully Marcela
10688,10034781554,SUI,12.06.2002,ACTIVE,SOLLBERGER Sara
10689,10123059739,GBR,27.01.2005,ACTIVE,JAMIESON Ella
10690,10050492019,GER,18.09.2004,ACTIVE,PAGGEL Katharina
10691,10122961628,NED,21.12.2004,ACTIVE,POLAND Meis
10692,10055701222,GER,03.03.2003,INACTIVE,PADUCH Linda
10693,10116148992,GBR,18.06.2005,ACTIVE,RICHARDS Lowri
10694,10089660417,GBR,04.12.2005,ACTIVE,RAMSEY Holly
10695,10045784485,GER,28.01.2002,Inactive,MÄDER Thalea
10696,10063566912,GBR,29.06.2005,ACTIVE,SHARP Isabel
10697,10023315851,NED,20.03.2004,ACTIVE,VEENHOVEN Nienke
10698,10036435103,GER,11.09.2003,INACTIVE,BALLHAUS Tasia
10699,10050337526,GER,28.09.2002,ACTIVE,MÜHLBACH Antonia
10700,10036388522,GER,13.09.2003,INACTIVE,MASNIK Lisa Marie
10701,10018856275,GBR,17.03.1997,ACTIVE,CHILTON Emily
10702,10074582573,GBR,05.12.2001,ACTIVE,HALSEY Sasha
10703,10077271392,GBR,27.12.2002,ACTIVE,VASIC Maisy
10704,10087921386,ESP,12.02.2005,ACTIVE,OLIVEIRA ALBERDI Izaro
10705,10093656817,CHI,20.06.1996,ACTIVE,DONOSO ZUÑIGA Francisca
10706,10006386422,MEX,26.10.1988,INACTIVE,ROCHA GUERRERO Mayra Del Rocio
10707,10002619081,NZL,24.07.1970,ACTIVE,PAWSON Penny
10708,10083968436,USA,07.01.2003,ACTIVE,SCHMID Kaia
10709,10084093526,MEX,09.01.2000,INACTIVE,VELAZQUEZ PEREZ Maria
10710,10086199739,NED,23.09.2002,ACTIVE,BOSKAMP Lente
10711,10082228500,GBR,27.12.2004,ACTIVE,SHAW Eilidh
10712,10096739700,GBR,29.03.2004,ACTIVE,BRAMELD Amber
10713,10070541515,ESP,27.01.2004,INACTIVE,MAZON AHEDO Ane
10714,10112960625,URU,08.11.2000,ACTIVE,SILVA WYNANTS Paola Belén
10715,10112364073,IRI,25.07.2001,INACTIVE,SIYAHAN Sajedeh
10716,10056384969,POL,23.09.2003,INACTIVE,URBAN Karolina
10717,10065315437,USA,27.09.1991,ACTIVE,STERN Morgan
10718,10028969941,ITA,23.07.2001,INACTIVE,ALESSIO Camilla
10719,10082953875,JPN,27.04.2002,ACTIVE,ISHIDA Yui
10720,10021779918,NZL,25.01.2001,INACTIVE,KING Courtney
10721,10016001243,USA,27.10.1993,INACTIVE,FOX Samantha
10722,10087839241,AUS,26.02.1995,INACTIVE,TAYLOR Maddison
10723,10085147085,BLR,10.01.2003,ACTIVE,RUSAK Katsiaryna
10724,10106639255,CZE,28.11.1995,INACTIVE,FILIPOVÁ Klára
10725,10032461436,ITA,14.06.2003,Active,PUIATTI Martina
10726,10082866070,COL,18.04.2001,ACTIVE,CARRERO VASQUEZ Liseth
10727,10007471307,BLR,12.12.1988,INACTIVE,SOUPEL Tatsiana
10728,10016025390,ESP,14.05.1992,ACTIVE,MENDEZ MELGAREJO Irene
10729,10081212323,USA,04.05.1994,ACTIVE,HOUND Evelyn
10730,10061141912,BLR,20.05.2003,ACTIVE,CHUYANKOVA Iryna
10731,10079704981,BLR,01.06.2002,Inactive,BUCHATSKAYA Katsiaryna
10732,10036013959,RUS,02.01.2002,INACTIVE,VERSHININA Nelli
10733,10006136646,KOR,24.03.1990,INACTIVE,NA Ahreum
10734,10014992342,ARG,02.11.1983,ACTIVE,RUIZ Anabel
10735,10014592319,ALG,25.09.1998,INACTIVE,BELKACEM BEN OUANANE Racha
10736,10096481941,NGR,30.12.1995,INACTIVE,AKAEGBU Juliet
10737,10013766203,ARG,24.04.1982,INACTIVE,FERRARA Sonia
10738,10084499815,IRI,13.05.1987,ACTIVE,KARBALAEESADABAD Solmaz
10739,10015761369,GBR,18.08.1999,INACTIVE,BENNETT Elizabeth
10740,10009191742,THA,09.03.1995,ACTIVE,THIANGKAEW Apinya
10741,10083106651,USA,22.04.1989,INACTIVE,ERIKSSON Lisa
10742,10016311744,ESP,22.03.1999,ACTIVE,MARTIN MARTIN Sara
10743,10010830032,MEX,17.07.1998,Active,AGUILA HERNANDEZ Julyn
10744,10016055096,GBR,18.12.1988,ACTIVE,MEAKIN Emily
10745,10054395762,GER,07.10.1989,ACTIVE,ERATH Tanja
10746,10086136182,GBR,01.04.2002,ACTIVE,SMITH Abi
10747,10014641930,IRI,18.02.1985,INACTIVE,RAHIMI Samira
10748,10030262263,ITA,15.06.2001,INACTIVE,CATARZI Giorgia
10749,10009505677,AUS,05.05.1996,INACTIVE,CUNDY Amy
10750,10023958172,GBR,03.03.2000,ACTIVE,ELLIS Isabel
10751,10036348510,GER,06.03.2000,INACTIVE,KLIMSA Paulina Maxima
10752,10084187694,GBR,12.09.2002,ACTIVE,MORROW Beth
10753,10016005889,COL,31.01.1999,INACTIVE,MANCIPE ABRIL Lizeth Paola
10754,10035323542,COL,17.06.2000,INACTIVE,CARDENAS FRANCO Paula Julieth
10755,10003064978,VEN,20.08.1986,ACTIVE,GARCIA BUITRAGO Daniely Del Valle
10756,10060616593,GUA,09.04.1993,INACTIVE,LEE LOPEZ Cynthia Eugenia
10757,10008668144,ROU,08.12.1994,INACTIVE,COVRIG Ana Maria
10758,10080258184,POR,07.11.1988,ACTIVE,MAIA Melissa
10759,10007378448,GUA,09.08.1988,ACTIVE,DE LEÓN Florinda
10760,10040173138,ESP,10.09.1992,ACTIVE,ELBUSTO ARTEAGA Ainara
10761,10009728777,IRI,07.01.1997,INACTIVE,TAVAKOLI Shiva
10762,10084176782,IRI,10.02.1994,INACTIVE,SALEHIDASHKSAN Masoumeh
10763,10009402617,GBR,21.11.1990,INACTIVE,ROWE Danielle
10764,10086404247,NZL,13.08.1993,ACTIVE,PERRY Georgia
10765,10008932670,MEX,06.09.1991,INACTIVE,MENDIVIL SOTO Yusseli
10766,10007731486,IRI,17.11.1984,INACTIVE,SHARIFI Roghayeh
10767,10014189262,FRA,02.01.1997,ACTIVE,VERHULST Gladys
10768,10006241326,GBR,24.09.1989,INACTIVE,ROE Eileen
10769,10003266456,NED,01.04.1987,INACTIVE,KNETEMANN Roxane
10770,10064889445,BLR,12.10.2001,INACTIVE,SHAURKA Alesia
10771,10082219709,BLR,06.08.2001,INACTIVE,SNAPKOVA Karyna
10772,10009098782,USA,18.03.1982,INACTIVE,SEIGLE Amanda
10773,10016025491,ESP,12.10.1981,ACTIVE,NUÑEZ VILLADEAMIGO Pilar
10774,10009996034,ESP,25.02.1997,INACTIVE,MENDEZ GARCIA Laura
10775,10077470547,BLR,11.10.2001,INACTIVE,KALINOUSKAYA Aksana
10776,10023877946,GBR,04.08.2001,ACTIVE,SMITH Elena
10777,10014756916,NED,04.01.2000,ACTIVE,BIJWAARD Eva
10778,10053315931,USA,23.11.1976,INACTIVE,MUNOZ Sarah
10779,10006886172,ESP,06.03.1992,ACTIVE,RODRIGUEZ SANCHEZ Gloria
10780,10023925335,GBR,12.10.2000,ACTIVE,TACEY April
10781,10034951003,RUS,13.11.2000,INACTIVE,BAIDAK Anna
10782,10084277018,USA,19.12.1983,INACTIVE,FRANCO Joy
10783,10009517296,ESP,24.07.1996,INACTIVE,BASTIDA NATIVIDAD Lucia
10784,10006241124,GBR,20.02.1991,ACTIVE,HALL Corrine
10785,10023863596,GBR,06.05.2001,INACTIVE,MONKHOUSE Amy
10786,10065902588,ECU,04.04.1999,INACTIVE,OJEDA RIVERA Leslye Alexandra
10787,10008435344,GBR,13.09.1985,ACTIVE,LANE-WRIGHT Crystal
10788,10023732345,GBR,06.10.2001,ACTIVE,WOOTTON Kate
10789,10023783774,GBR,16.02.2001,ACTIVE,WATTERS Zoe
10790,10014119342,GBR,18.05.1996,INACTIVE,CHEESMAN Laura
10791,10015978914,BLR,24.07.2000,INACTIVE,KOVALEVA Alina
10792,10034968379,RUS,23.02.2000,INACTIVE,LUKYANOVA Alina
10793,10035449440,COL,10.04.1995,INACTIVE,MUÑOZ VELA Maria Alexandra
10794,10051866385,DEN,08.09.2000,Inactive,KONRADSEN Ida Victoria
10795,10009517195,ESP,02.01.1996,INACTIVE,MARTINEZ BONAFE Cristina
10796,10023769024,GBR,14.11.1998,ACTIVE,HENDERSON Anna
10797,10011137604,ESP,07.04.1998,INACTIVE,AMONDARAIN GAZTAÑAGA Maddi
10798,10063490625,CRC,11.11.1992,INACTIVE,SOLANO ROJAS Diana
10799,10005846353,VEN,25.11.1982,INACTIVE,ALVAREZ Fanny
10800,10010171341,GBR,14.01.1998,ACTIVE,DEW Monica
10801,10006492415,ESP,12.05.1990,INACTIVE,BONNIN PALOU Maria Del Mar
10802,10011200753,JPN,21.12.1998,INACTIVE,SUGAHARA Akane
10803,10002697085,BRA,25.06.1979,INACTIVE,FERNANDES SILVA Clemilda
10804,10062610349,CHN,29.09.1997,INACTIVE,LIU Yu
10805,10016190896,USA,30.10.1986,ACTIVE,WONG Melanie
10806,10025685479,FRA,26.04.1999,INACTIVE,BARBE Victoire
10807,10006603458,ESP,17.01.1990,INACTIVE,DIEZ LOPEZ Alba
10808,10009507903,FRA,11.04.1996,INACTIVE,ZAMBON Fanny
10809,10008974302,GBR,04.07.1995,INACTIVE,HILL Amy
10810,10063589847,KAZ,12.09.1996,INACTIVE,GROT Oxana
10811,10053124658,GUA,21.02.1999,INACTIVE,ZAMORA ARRIZA Maria Nohemi
10812,10014178451,GBR,11.04.1998,INACTIVE,ROBERTS Jessica
10813,10015902021,BLR,01.04.1999,INACTIVE,KRASHEVSKAYA Yna
10814,10015565349,KAZ,29.08.1999,INACTIVE,BRAGINETS Veronika
10815,10004598891,GBR,18.12.1988,ACTIVE,DEIGNAN Elizabeth
10816,10005972554,FRA,15.01.1990,ACTIVE,VERHOEVEN Aurore
10817,10023531372,ESP,20.09.1988,INACTIVE,BRUNOT GARAU Laura
10818,10023828436,GBR,20.03.1999,ACTIVE,JARY Rachel
10819,10054534390,CHI,19.07.1985,INACTIVE,CAMPOS SALAS Francisca
10820,10010171139,GBR,06.01.1998,ACTIVE,CHARD Megan
10821,10023726786,GBR,11.02.2000,INACTIVE,PRIOR Alana
10822,10015781274,ESP,25.12.1997,INACTIVE,BRU CLOTET Cristina
10823,10040140200,ESP,20.12.1997,ACTIVE,LEONET IRURETA Naia
10824,10017958623,GBR,20.05.1996,INACTIVE,PESTANA Lauren
10825,10015761975,GBR,09.11.1999,ACTIVE,HUGHES Gwenno
10826,10016147854,MAR,19.05.1997,ACTIVE,LOUKILI Siham
10827,10035415286,COL,05.05.1998,INACTIVE,GIRALDO MARIN Daniela
10828,10059053277,COL,02.09.1984,INACTIVE,MENDEZ ORTIZ Monica Lorena
10829,10009097570,USA,13.01.1968,INACTIVE,GREEN Laurel
10830,10016034888,BRA,06.03.1997,INACTIVE,TATCHEVA SILVA Karina
10831,10023928769,GBR,30.04.2000,INACTIVE,WOODWORTH Jessica
10832,10010691404,UKR,27.10.1996,INACTIVE,PONOMARENKO Kristina
10833,10008672689,ITA,06.01.1995,ACTIVE,FIDANZA Arianna
10834,10008651572,ESP,01.01.1994,ACTIVE,GUTIERREZ RUIZ Sheyla
10835,10050427452,MEX,17.08.1996,INACTIVE,SANTOYO PEREZ Brenda Andrea
10836,10007742196,POR,06.04.1993,INACTIVE,REIS Daniela
10837,10009969560,GBR,30.09.1995,INACTIVE,MCVITTY Keira
10838,10009690078,MEX,13.12.1997,INACTIVE,FLORES Karen
10839,10010805982,POR,14.07.1998,ACTIVE,LOPES Beatriz
10840,10009364221,COL,08.07.1992,INACTIVE,MORENO Liliana
10841,10010579650,ESP,06.05.1987,INACTIVE,GOMEZ FRANQUET Beatriu
10842,10007530315,POR,05.04.1991,ACTIVE,LOPES Andreia
10843,10009236909,IRI,05.08.1987,INACTIVE,SADAT JABBARI Alemeh
10844,10006659941,NED,08.08.1991,INACTIVE,VAN HOEK Lotte
10845,10014842192,NED,09.11.1998,INACTIVE,HOFMAN Merel
10846,10007836267,POR,25.07.1988,ACTIVE,VIDA Fátima
10847,10023464684,UKR,12.05.1998,INACTIVE,SKORYSHENKO Julia
10848,10014119544,GBR,17.07.1978,INACTIVE,KOVACS Niki
10849,10015593237,NED,02.07.1979,INACTIVE,BOERMANS Sylvie
10850,10010198623,ESP,11.09.1997,INACTIVE,LLABRES FERRER Elisabet
10851,10016200596,IRI,30.12.1992,INACTIVE,SHALIHA Mahdieh
10852,10010797090,POL,26.02.1998,INACTIVE,MAKAREWICZ Katarzyna
10853,10010923291,GBR,17.12.1998,INACTIVE,NIBLETT Hetty
10854,10004725395,USA,23.01.1991,INACTIVE,COSTELLOE Mary
10855,10061332979,ESP,12.10.1981,INACTIVE,NÚÑEZ Maria Pilar
10856,10010674327,RUS,06.03.1995,Inactive,SAVKINA Viktoriia
10857,10015266770,RUS,27.06.1998,INACTIVE,VAKHRUSHEVA Vera
10858,10004399639,NZL,13.07.1971,INACTIVE,FULTON Karen
10859,10010129410,RUS,29.10.1998,ACTIVE,KIRSANOVA Viktoria
10860,10011038378,GBR,25.08.1988,INACTIVE,COCKROFT Emma
10861,10009137885,NZL,09.10.1996,INACTIVE,TARBOTTON Julia
10862,10009838713,RUS,19.06.1998,INACTIVE,SMIRNOVA Olga
10863,10010792747,NZL,27.11.1998,INACTIVE,SMITH Isabella
10864,10010796181,NZL,31.08.1998,INACTIVE,KING Loren
10865,10044497924,EST,22.02.1983,ACTIVE,MEIER Maaris
10866,10009701091,RUS,06.11.1997,INACTIVE,GONCHAROVA Evgenija
10867,10061355110,RUS,,INACTIVE,SAVUSHKINA Mariia
10868,10006570621,FRA,28.02.1991,INACTIVE,SARAIVA Eléonore
10869,10009673409,VEN,05.12.1997,INACTIVE,MATA CONTRERAS Rebeca Del Valle
10870,10015857965,PAN,19.06.1994,INACTIVE,SALCEDO Daniela
10871,10007534860,IRL,10.10.1979,INACTIVE,RYAN Caroline
10872,10009099388,USA,16.09.1987,INACTIVE,HUIZAR Korina
10873,10006660446,GBR,18.04.1988,INACTIVE,JOINER Charline
10874,10010752533,ITA,04.12.1997,INACTIVE,CAPOBIANCHI Giorgia
10875,10007199707,MEX,28.07.1993,INACTIVE,DREXEL CLOUTHIER Ingrid
10876,10001575020,CAN,05.12.1971,ACTIVE,BRADLEY Julia
10877,10010752634,ITA,17.08.1997,INACTIVE,FRANCESCHELLI Sara
10878,10061282964,UKR,27.10.1996,INACTIVE,KONDRATENKO Khrystyna
10879,10009301876,IRL,25.01.1982,INACTIVE,CONNELL Sarah
10880,10010753543,ITA,07.07.1997,INACTIVE,SALTON Basei Marzia
10881,10008949444,BLR,01.11.1994,INACTIVE,SLIZH Anastasiya
10882,10011042826,GBR,19.09.1989,INACTIVE,COLBORNE Henrietta
10883,10010718682,CHN,22.06.1992,INACTIVE,AN Qi
10884,10006406428,IRI,05.06.1988,INACTIVE,NOURI Adeleh
10885,10003039316,KOR,11.10.1985,INACTIVE,LEE Minhye
10886,10061392694,COL,16.07.1990,INACTIVE,GULUMÁ Sérika
10887,10005486241,SUI,28.08.1989,INACTIVE,SCHWEIZER Doris
10888,10010766677,ITA,31.08.1997,INACTIVE,STRIZZI Isabella
10889,10061260534,CUB,11.02.1996,INACTIVE,BARCO Claudia
10890,10004882720,GBR,01.11.1988,INACTIVE,CURTIS Katie
10891,10007074011,AUS,09.04.1992,INACTIVE,KING Isabella
10892,10003568065,BRA,20.06.1983,INACTIVE,CRUZ CORSI Giovana
10893,10010857920,CHN,27.01.1997,INACTIVE,WANG Hong
10894,10008976726,VEN,23.01.1989,INACTIVE,URBINA Keyni
10895,10010929456,MEX,23.07.1990,INACTIVE,LEON GARCIA Ariana Roxana
10896,10009670678,VEN,23.04.1997,INACTIVE,SUÁREZ SARABIA Dayana Jose
10897,10010588340,CZE,22.07.1995,INACTIVE,DRAHOTOVÁ ElišKa
10898,10010100714,KOR,06.07.1995,INACTIVE,YUN Hyekyeong
10899,10061304384,COL,21.02.1987,INACTIVE,CALDERON Mónica
10900,10010680185,UKR,19.04.1990,INACTIVE,SEMIONOVA Iryna
10901,10014473895,USA,05.07.1986,INACTIVE,LLOYD Kacey
10902,10010589754,MEX,19.04.1995,INACTIVE,MENDOZA MENDOZA Frida
10903,10010870044,KOR,27.03.1993,INACTIVE,PARK Sub-In
10904,10008988042,USA,11.07.1995,INACTIVE,SEMIAN Bailey
10905,10009057558,VEN,10.02.1996,INACTIVE,SUÁREZ Leidimar
10906,10010726867,USA,12.09.1989,INACTIVE,TABAS Melissa
10907,10006881223,ITA,26.09.1992,INACTIVE,DONATO Giulia
10908,10011026456,GBR,11.04.1996,ACTIVE,BLACK Sophie
10909,10010754553,ITA,29.06.1997,ACTIVE,TORTOLINA Gaia
10910,10011030496,GBR,03.03.1978,INACTIVE,FERGUSON Lorna
10911,10003966169,USA,01.12.1970,INACTIVE,MOORE Catherine
10912,10011046462,GBR,05.04.1995,INACTIVE,BORTHWICK Louise
10913,10009326633,GBR,14.11.1993,INACTIVE,TATE Brit
10914,10010916726,CHN,08.10.1996,INACTIVE,JIN Jiali
10915,10054335037,COL,03.08.1994,INACTIVE,BUITRAGO CALDERON Claudia Patricia
10916,10004829772,VEN,20.09.1985,INACTIVE,LOVERA Adriana
10917,10009204472,CHN,15.02.1989,INACTIVE,LI lixin
10918,10010842762,COL,18.12.1996,ACTIVE,MARTINEZ GALLEGO Vanesa
10919,10009056750,VEN,22.09.1995,INACTIVE,MARTÍNEZ Fraibeth
10920,10010842863,COL,16.05.1997,ACTIVE,HERNANDEZ TORRES Luisa Daniela
10921,10009874075,ESP,10.05.1996,Inactive,JORDÁ Sandra
10922,10010842964,COL,25.05.1986,INACTIVE,VELASQUEZ PARDO Aida Liliana
10923,10010842257,COL,18.07.1996,INACTIVE,VILLADA VALENCIA Lorena
10924,10010875603,VEN,02.11.1997,INACTIVE,OVIEDO Omaifeer
10925,10010846806,VEN,27.01.1992,INACTIVE,DÍAZ Yenderlin
10926,10005441882,USA,15.09.1990,INACTIVE,SANTIAGO Nina
10927,10010724241,MEX,05.05.1993,INACTIVE,GONZALEZ GARCIA Daniela Irais
10928,10009056245,VEN,23.06.1995,INACTIVE,TORRES Maire
10929,10010590057,JPN,16.01.1996,INACTIVE,TANI Iori
10930,10009514064,RSA,31.03.1995,INACTIVE,NORMAN Danielle
10931,10077998589,ARG,07.06.2004,INACTIVE,CAPDEVILA RIVERO Abril Luciana
10932,10086000281,PER,17.04.2004,INACTIVE,TAPIA SANCHEZ Ariana
10933,10088793982,UKR,30.11.2003,ACTIVE,HOLOD Yelyzaveta
10934,10060058845,CHI,19.04.2000,ACTIVE,MARTINEZ RETAMAL Victoria
10935,10058485324,THA,06.06.1998,ACTIVE,JANTIMA Satinee
10936,10074385442,POR,27.02.2004,ACTIVE,FIGUEIREDO Marta
10937,10060020146,CHI,11.06.2003,ACTIVE,MANSILLA MANCILLA Nya
10938,10114954781,SUI,16.10.2002,ACTIVE,CHAUVEAU Caroline
10939,10123581418,AUS,15.11.1975,INACTIVE,STRATES Suzanne
10940,10055134376,GER,21.12.2002,ACTIVE,CLEVES Marlene
10941,10079601315,AUS,06.07.1987,INACTIVE,SAWYER Jessica
10942,10123135622,GBR,30.12.2005,ACTIVE,CAMPBELL WILLIAMS Niamh
10943,10036434089,GER,16.03.2004,ACTIVE,WOLLWEBER Isabel
10944,10089643643,UKR,07.01.2004,ACTIVE,MYSLYVETS Anastasiia
10945,10111052654,POL,30.09.2004,ACTIVE,WILIJEWICZ Anastazja
10946,10011034035,GBR,17.11.1999,ACTIVE,GAMMONS Madeleine
10947,10119693031,GBR,25.05.2005,ACTIVE,WHITE Evie
10948,10113991855,DEN,24.04.1996,INACTIVE,STORM Julie
10949,10052928032,MEX,06.07.2000,INACTIVE,VELASCO FUENTES Valentina
10950,10099917963,GBR,17.11.2003,ACTIVE,SMITHSON Libby
10951,10009777277,ARG,19.10.1991,ACTIVE,LEONARDI Antonella Lilia
10952,10049534850,MAR,20.11.2001,INACTIVE,BENZEKRI Fatima Zahra
10953,10092628213,DOM,10.01.2002,INACTIVE,SANTANA GARRIDO Ruth Elisa
10954,10097623006,IRI,28.05.2002,ACTIVE,NIKFAR Parmida
10955,10015835030,IRL,03.11.1989,ACTIVE,MURPHY Kelly
10956,10050619735,THA,21.08.1996,INACTIVE,RASI Phannarai
10957,10064778200,UZB,19.03.2001,ACTIVE,KULIKOVA Anna
10958,10055517831,POL,19.10.2003,INACTIVE,WIKLINSKA Iga
10959,10016946284,IRL,23.08.2002,ACTIVE,BRENNAN Eva
10960,10092043987,THA,27.09.2001,ACTIVE,DECHAPHAN Anna
10961,10088740028,UZB,28.08.2001,INACTIVE,ZAYTSEVA Elena
10962,10085481434,FRA,07.10.1999,INACTIVE,GUILLOTEAU Blandine
10963,10084615205,AUS,30.12.2002,ACTIVE,BENNETT Keely
10964,10061148073,BLR,02.10.2003,ACTIVE,SHAPAVALAVA Viktoryia
10965,10001343331,CUB,13.06.1979,INACTIVE,GONZALEZ VALDIVIESO Yumari
10966,10011140937,COL,14.01.1994,ACTIVE,MONTOYA ZULUAGA Katherin Steisy
10967,10023831264,IRL,15.02.2001,ACTIVE,KNIGHT Emily
10968,10015229586,IRL,06.04.1987,ACTIVE,BATES Jennifer
10969,10062780505,KAZ,21.07.2001,INACTIVE,IVANOVA Anastassiya
10970,10097672819,DEN,02.02.1996,ACTIVE,MUNK Kirstine
10971,10094576495,ARG,29.06.1986,INACTIVE,FERNANDEZ Alejandra Veronica
10972,10058956580,ARG,31.05.1991,INACTIVE,BATTCOCK Yamila Ivana
10973,10026193721,FRA,28.09.1993,ACTIVE,CHARPENTIER Chloé
10974,10073760501,GBR,05.05.2002,ACTIVE,CHASTELL Imogen
10975,10089622930,UKR,21.04.2000,INACTIVE,DOROSHENKO Yulia
10976,10061161817,GBR,04.08.1980,ACTIVE,HILL Emma
10977,10030059977,ITA,24.08.2001,ACTIVE,COLLINELLI Sofia
10978,10016205347,PER,04.11.1997,INACTIVE,FERNÁNDEZ QUISPE Luddy Alheli
10979,10021363929,JPN,31.08.1980,INACTIVE,NAKAZATO Yuka
10980,10016036205,MEX,22.03.1999,INACTIVE,OLIVO RODRIGUEZ Mariana Vanessa
10981,10035387196,COL,01.01.2000,ACTIVE,HURTADO HOLGUIN Yesica Geraldine
10982,10082219002,BLR,08.05.2001,ACTIVE,PITALENKA Palina
10983,10072341974,AUS,24.12.2001,ACTIVE,NUSPAN Elizabeth
10984,10054788513,CAN,09.04.1996,INACTIVE,THEROUX IZQUIERDO Dafne
10985,10005797752,USA,24.01.1987,INACTIVE,FISK Andrea
10986,10023948977,GBR,25.07.2000,INACTIVE,LARWOOD Emily
10987,10023911187,GBR,06.12.1999,INACTIVE,VERRILL Samantha
10988,10088470751,GBR,18.09.2001,INACTIVE,MCINERNEY Eve
10989,10056525621,EGY,22.01.1998,INACTIVE,ALAA ELDIN ALI Nadeen
10990,10011013221,ANT,04.01.1991,INACTIVE,BUTLER Tamiko
10991,10002225223,USA,24.10.1970,INACTIVE,WALTON Dana
10992,10036578882,LTU,15.08.2000,INACTIVE,ŠADAUSKAITĖ Emilija
10993,10009137380,NZL,13.05.1996,INACTIVE,COTTAM Maxyna
10994,10014868868,ESP,20.10.1992,INACTIVE,ELBUSTO Ainara
10995,10015658612,LTU,20.04.1999,INACTIVE,CERVONIKOVAITE Agne
10996,10006264362,BRA,29.05.1991,INACTIVE,FERNANDES SILVA Marcia
10997,10002307671,HUN,21.11.1981,INACTIVE,SZEGHALMINÉ KENYÓ Anita
10998,10010923493,GBR,26.07.1998,INACTIVE,MARTIN Rosa
10999,10014178754,GBR,11.02.1999,INACTIVE,WILLIAMS Sophie
11000,10010941580,UKR,10.07.1996,INACTIVE,BORYSYK Vira
11001,10009191035,ESP,19.12.1996,INACTIVE,DOMINGUEZ IRIBARREN Nahia
11002,10008938734,CHI,07.10.1993,ACTIVE,VALLEJOS PUCHI Karla
11003,10084261456,LTU,20.11.1993,INACTIVE,PACEVICIENE Silvija
11004,10009224882,CUB,11.12.1995,INACTIVE,ENJAMIO ALEJO Anel
11005,10008838401,USA,28.12.1986,ACTIVE,STEPHENS Lauren
11006,10010842156,COL,22.04.1994,INACTIVE,ARISTIZABAL CUELLAR Katherine
11007,10010937641,GRE,04.04.1976,INACTIVE,SYNTZANAKI Konstantina
11008,10004874838,KOR,06.07.1987,INACTIVE,SON Heejung
11009,10009228320,COL,07.05.1996,INACTIVE,VALENCIA Laura Melissa
11010,10009870944,GRE,22.11.1985,ACTIVE,ARKOUDI VAFEA Angeliki
11011,10010737779,UKR,25.05.1997,INACTIVE,GALYK Diana
11012,10009971681,GER,08.09.1997,INACTIVE,HEEGER Jenny
11013,10010790222,GER,18.12.1998,INACTIVE,HINGST Tamika
11014,10009322892,GBR,16.08.1992,INACTIVE,WALKER Hannah
11015,10002665460,UKR,05.05.1978,INACTIVE,BOCHKAROVA Yelizaveta
11016,10009189722,ESP,06.11.1994,INACTIVE,HERNANDEZ RODRIGUEZ Maite
11017,10010926325,USA,22.08.1988,INACTIVE,SAYLE Clarice
11018,10009860133,NED,19.03.1996,INACTIVE,HOPPEZAK Eline
11019,10009968045,GBR,17.07.1997,INACTIVE,SHAW Lucy
11020,10010930769,VEN,10.12.1993,INACTIVE,GONZALEZ Angie
11021,10010926426,USA,20.10.1991,Inactive,WYMBS Katherine
11022,10006185045,COL,20.11.1974,INACTIVE,BERNAL Rocio Ana
11023,10010637042,COL,25.05.1985,INACTIVE,VELÁZQUEZ Aida
11024,10010838924,COL,31.01.1987,INACTIVE,MALDONADO Ruth Macana
11025,10050409567,CAN,20.04.2002,ACTIVE,DESGAGNES Adele
11026,10009387358,ITA,19.03.1987,ACTIVE,BUSSI Vittoria
11027,10015341845,CHN,30.06.1996,ACTIVE,WANG Susu
11028,10090759345,MEX,10.01.2003,ACTIVE,CORDOVA GUERRA Nicole
11029,10007708955,USA,08.01.1994,ACTIVE,POWLESS Shayna
11030,10130237638,BAN,14.11.1999,INACTIVE,KHATUN Rita
11031,10136134733,AUS,23.07.1990,ACTIVE,FRANTZ Celestine
11032,10111052351,UZB,25.05.2004,INACTIVE,KUSKOVA Anna
11033,10107403737,POL,27.08.1992,ACTIVE,HALL Marianna
11034,10098911082,VEN,26.11.1993,ACTIVE,LUNA RAMIREZ Angy Deneska
11035,10117669872,SUI,12.12.1990,ACTIVE,HARTMANN Elena
11036,10111403571,IRL,06.03.2004,ACTIVE,CREIGHTON Erin Grace
11037,10095257519,ECU,26.10.2004,ACTIVE,ONTUÑA CHALCO Estefany
11038,10120130844,PER,05.03.2004,INACTIVE,MARTINEZ HURTADO Alejandra
11039,10009457076,AUS,27.02.1986,ACTIVE,ROY Sarah
11040,10047403981,CZE,14.05.2003,ACTIVE,PARMOVÁ Barbora
11041,10122153595,UAE,08.07.2001,ACTIVE,HUSSAIN Zahra
11042,10114935583,IND,02.09.2000,INACTIVE,JAT Monika
11043,10009075948,IRI,26.02.1991,ACTIVE,DEHGHAN MANSHADI Mandana
11044,10046242207,SUI,05.11.2002,ACTIVE,LIEHNER Annika
11045,10107054941,CAN,18.12.1996,ACTIVE,FILMER Caileigh
11046,10050876985,IND,17.05.2002,INACTIVE,RANGASWAMY C Keerthi
11047,10067530471,COL,21.01.2003,ACTIVE,SAAVEDRA MARTINEZ Anette Oriana
11048,10132677287,IND,11.03.2003,INACTIVE,ANGMO Leakzes
11049,10064297644,IND,06.09.2002,INACTIVE,BORDOLI Gongutri
11050,10009097166,USA,21.11.1985,INACTIVE,LONCHAR Julia
11051,10104624685,COL,07.06.2002,ACTIVE,GARCIA GONZALEZ Nicoll
11052,10050606496,IND,19.08.2002,INACTIVE,JADHAV Priynka
11053,10016314370,IND,21.10.1999,INACTIVE,GABNE Vaishnavi
11054,10053215695,COL,28.09.2001,ACTIVE,GUTIERREZ RENDON Isabel
11055,10050623977,IND,24.10.2003,INACTIVE,CHANU N Biseshori
11056,10116486977,GBR,21.12.2000,ACTIVE,MACIVER Beth
11057,10050321964,IND,08.08.2001,INACTIVE,KAUR Prabhjot
11058,10050536576,IND,01.06.2001,INACTIVE,GURAV Danamma
11059,10069418436,FRA,03.08.2001,ACTIVE,GAUTHIER Coline
11060,10083099779,ESA,16.09.2003,INACTIVE,MADRID Griselda
11061,10071493933,ESA,04.01.2002,INACTIVE,BOLAÑOS Iris Ivette
11062,10119189237,INA,01.08.1999,Inactive,YUNIKA Gita Widya
11063,10112269093,AUS,26.05.1992,ACTIVE,DE FRANCESCO Danielle
11064,10068681337,INA,09.06.1996,INACTIVE,LESTARI Yuni Indah
11065,10018705725,GBR,13.02.1988,ACTIVE,SMITH Vicky
11066,10051360268,MEX,16.04.2001,INACTIVE,LLEDIAS VILLEGAS Julieta
11067,10050583359,IND,15.06.1998,INACTIVE,REGHUNATH Amritha
11068,10123466836,IND,10.11.1999,INACTIVE,SIYAG Kavita
11069,10107658664,INA,11.10.1978,INACTIVE,OKTRIA Vitri
11070,10010971690,USA,01.01.1997,ACTIVE,DYGERT Chloe
11071,10009354319,USA,23.08.1997,INACTIVE,WHITE Emma
11072,10015167952,MAR,17.03.1997,INACTIVE,SAHMOUD Nora
11073,10114936189,IND,15.02.2000,INACTIVE,SUNITHRA V Sunithra V
11074,10050731081,IND,05.01.1995,INACTIVE,SINGH Sonal
11075,10107054133,COL,09.10.1996,ACTIVE,ALZATE GOMEZ Andrea
11076,10050945996,IND,01.05.1998,INACTIVE,DEVI I Matouleibi
11077,10091456129,SUI,17.06.1988,ACTIVE,MAURER Melanie
11078,10050022779,IND,25.03.2000,INACTIVE,GOGOI Joyshree
11079,10050517378,IND,06.07.1999,INACTIVE,GUGAD Megha
11080,10114912749,IND,15.11.2000,INACTIVE,MUKUL Mukul
11081,10050536879,IND,08.06.2001,INACTIVE,MURANAL Kaveri
11082,10050590029,IND,21.09.2001,INACTIVE,ANITA N
11083,10072439479,THA,07.06.2001,ACTIVE,JAROENSAPYANON Phasiree
11084,10045987781,TPE,28.02.2001,INACTIVE,LAI Tzu Hui
11085,10013070227,USA,01.03.1973,ACTIVE,VAN HOUWELING Molly
11086,10050589322,IND,04.03.1994,INACTIVE,DEVI E Chaoba
11087,10014555842,SWE,14.05.1997,INACTIVE,KNUTSSON Frida
11088,10018895580,GBR,03.10.1987,INACTIVE,LOWDEN Joscelin
11089,10052497390,GBR,26.08.1991,ACTIVE,DIXON Leah
11090,10014748024,IRL,18.06.1973,ACTIVE,KINCH Ciara
11091,10096309159,IRI,10.02.1994,INACTIVE,SALEHI Masoomeh
11092,10063596719,COL,15.05.2001,ACTIVE,GUTIERREZ BAYONA Angie Paola
11093,10015535239,AUS,13.02.1965,ACTIVE,DAVIS Anna
11094,10019294593,GBR,08.11.1996,ACTIVE,THOMPSON Poppy
11095,10096396257,GBR,28.05.1999,ACTIVE,NEWBERRY Morgan
11096,10049057025,ECU,05.05.2000,INACTIVE,PANCHA CAIZA Liseth Leonor
11097,10009371392,BEL,04.03.1983,ACTIVE,BECKERS Isabelle
11098,10014217150,NED,07.08.1996,ACTIVE,ADEGEEST Loes
11099,10015200082,IRL,17.02.1989,INACTIVE,BURNS Eileen
11100,10080685489,HUN,18.04.1986,INACTIVE,HAJNAL Adrienn
11101,10060344084,CAN,10.03.1995,INACTIVE,BOVELL Alexandra
11102,10055119020,CRC,08.01.1998,INACTIVE,MARCHENA MEDINA Ana Cristina
11103,10009069985,GRE,28.07.1982,INACTIVE,ZOGLI Anna Maria
11104,10051981270,COL,29.12.1998,INACTIVE,BLANDON RAMIREZ Valentina
11105,10085255506,POL,24.05.1982,INACTIVE,RZASOWSKA Anna
11106,10054793563,COL,19.03.1998,INACTIVE,LOPEZ Leidy Dayanna
11107,10064406465,USA,13.11.1970,INACTIVE,SEIDEL Michelle
11108,10015715293,CAN,11.01.1999,INACTIVE,VAN YZENDOORN Ali
11109,10015975779,CAN,20.01.1993,INACTIVE,BERNARD Sophie
11110,10018142317,GBR,12.07.1995,ACTIVE,PATCH Molly
11111,10034990914,RUS,13.01.2000,INACTIVE,POSKONINA Kristina
11112,10006065514,NED,08.10.1982,ACTIVE,VAN VLEUTEN Annemiek
11113,10009225084,CUB,11.02.1996,ACTIVE,BARO ARANGO Claudia
11114,10009722313,IRL,05.02.1980,INACTIVE,TURVEY Anna
11115,10016092684,FIN,28.12.1995,INACTIVE,ELLMEN Anni Marita
11116,10010175785,VEN,03.08.1998,INACTIVE,MARTINEZ BLANCO Mariana
11117,10021090511,JPN,23.08.1994,INACTIVE,TAMBA Kanami
11118,10067742962,NEP,03.10.1992,INACTIVE,KHADKA Manju Kumari
11119,10012571685,USA,19.05.1959,INACTIVE,CLEMENCE Ruth
11120,10009003402,AUS,08.10.1981,INACTIVE,GARFOOT Katrin
11121,10064804468,COL,19.11.1986,INACTIVE,HERAZO RODRIGUEZ Alejandra
11122,10064734043,COL,19.04.1979,INACTIVE,D CROZ BRUSATIN Fiorella
11123,10013534716,IRI,19.12.1987,INACTIVE,RAHIMI Elham
11124,10011191053,ESP,18.09.1986,INACTIVE,MARIN IBARRA Isabel Maria
11125,10035459140,COL,21.09.1979,INACTIVE,PARDO LOZANO Ana Fernanda
11126,10064876513,IRI,27.12.1993,INACTIVE,JAFARIHOTAKI Asma
11127,10023873906,GBR,28.10.2000,ACTIVE,SIDE Corinne
11128,10023774276,GBR,26.06.2000,INACTIVE,BARKER Ellen
11129,10052202754,GBR,19.09.1994,INACTIVE,OWLER Laura
11130,10005300123,AUS,29.04.1974,INACTIVE,O'DONNELL Bridie
11131,10016316693,IND,01.02.1996,INACTIVE,DEVI Raj Kumari Abe
11132,10009142232,CHI,14.07.1988,INACTIVE,OYARZO Carolina Andrea
11133,10061350258,MEX,,INACTIVE,RODRIGUEZ GALVAN Diana Valeria
11134,10014519062,IRI,20.04.1989,ACTIVE,FALLAH Sara
11135,10023545217,BRA,03.03.1997,INACTIVE,MUNHOZ DA ROCHA DE PADUA Gabriela
11136,10009315014,GBR,07.04.1979,INACTIVE,MOORE Madeline
11137,10061355211,RUS,,Inactive,FADEEVA Anastasiia
11138,10023458927,KAZ,12.02.1998,INACTIVE,TERZOVA Marina
11139,10016200802,IRI,25.08.1992,INACTIVE,BAAZLIABOUTALEBI Soudabeh
11140,10018656720,GBR,20.05.1993,INACTIVE,JONES Christie
11141,10061357029,GBR,,INACTIVE,LINDSAY Rosie
11142,10011171855,MAR,24.08.1971,INACTIVE,EL MOUTCHOU Khadija
11143,10061289331,EGY,05.11.1997,INACTIVE,RAGAB Menatallah
11144,10007199909,CHI,15.03.1993,INACTIVE,PALMA Flor
11145,10001459327,ESP,07.10.1980,Inactive,JORDA PASCO Sandra
11146,10009410091,FIN,09.09.1994,INACTIVE,SYRJÄ Maija
11147,10010587734,VEN,19.01.1989,ACTIVE,LINDO PESOLA Katherine
11148,10010108693,KOR,23.07.1995,INACTIVE,YUN Eunmi
11149,10010101017,KOR,27.11.1995,INACTIVE,KIM Mingyeom
11150,10007829496,IRI,11.03.1993,INACTIVE,HOSSEINPOUR Najmeh
11151,10009059881,BLR,08.08.1995,INACTIVE,NESTIAROVICH Aliaksandra
11152,10010105158,IRI,03.01.1988,INACTIVE,ZAREEI Maryam
11153,10010675842,IRI,18.07.1987,INACTIVE,AMIRI Mandana
11154,10010105259,IRI,05.04.1995,INACTIVE,SHEKARI Shaghayegh
11155,10010876108,IRI,11.02.1983,INACTIVE,HAIDARI Mahboubeh
11156,10064643410,USA,29.01.2002,ACTIVE,JASTRAB Megan
11157,10107750917,BEL,03.01.2005,ACTIVE,HESTERS Hélène
11158,10095257317,ECU,24.02.2004,INACTIVE,CAIZATOA CHIRIBOGA Suanny
11159,10130636954,JPN,06.08.2004,ACTIVE,IKEDA Mizuki
11160,10004922126,USA,23.08.1976,INACTIVE,BOREM Nicole
11161,10009697657,USA,19.11.1969,ACTIVE,MILNE Debra
11162,10128980981,AUT,25.01.1991,ACTIVE,KUHRN Sabrina
11163,10136223851,CHN,31.10.2004,INACTIVE,PENG Ju
11164,10136223952,CHN,04.12.2004,INACTIVE,QIN Jiaxin
11165,10023054254,NED,06.02.2004,ACTIVE,MAATHUIS Nina
11166,10044493072,POR,23.11.2005,ACTIVE,CARVALHO Marta
11167,10127341075,POR,11.04.2005,ACTIVE,DUARTE Patricia
11168,10045970910,USA,17.09.2003,ACTIVE,MACPHERSON Makayla
11169,10095808294,BRA,31.10.2002,INACTIVE,CAMARGO Yana
11170,10071596690,USA,23.10.1984,ACTIVE,MERNER Alison
11171,10097391519,KOR,19.10.2001,INACTIVE,YU Gaeun
11172,10096349272,KOR,05.04.2000,INACTIVE,PARK Seohui
11173,10018728256,GBR,07.05.1981,ACTIVE,FOVARGUE Alison
11174,10080487247,GBR,08.04.2002,ACTIVE,NELSON Josie
11175,10023963428,GBR,02.10.2000,ACTIVE,GREENWOOD Nicola
11176,10086733037,GBR,18.02.2002,ACTIVE,BRIGGS Sarah
11177,10088256038,GBR,28.07.2004,ACTIVE,BAILEY Holly
11178,10073485059,NZL,23.01.2003,INACTIVE,GRANT Mikaela
11179,10048427333,DEN,09.02.2002,INACTIVE,BERTELSEN Maria
11180,10095240139,KAZ,15.12.2002,INACTIVE,SHPILYUKOVA Yelizaveta
11181,10023482569,CHN,14.10.1995,INACTIVE,YU Xiaoxiao
11182,10073026129,TPE,27.11.2001,INACTIVE,LAI Chia Chi
11183,10006680149,USA,18.09.1990,ACTIVE,SCHNEIDER Samantha
11184,10015972850,CUB,17.02.1998,ACTIVE,PRADERA BERNAL Jeydy
11185,10010857718,CHN,25.08.1997,INACTIVE,CHEN Lulu
11186,10053583386,CHN,23.04.2000,INACTIVE,KANG Qiao
11187,10017296595,IRL,02.12.2001,ACTIVE,TILLY Hannah
11188,10041885085,ESP,11.06.2001,INACTIVE,DE LA FUENTE ALCALDE Lorena
11189,10062786262,CHN,07.08.1999,INACTIVE,NIU Hui
11190,10021674228,NZL,04.03.2002,INACTIVE,GREEN Natalie
11191,10062078263,CHN,25.05.2000,INACTIVE,ZHANG Yiyi
11192,10062081293,CHN,13.12.2001,INACTIVE,ZHAN Xiaolu
11193,10014662340,CHN,25.04.1996,INACTIVE,WANG Ying
11194,10063015022,CHN,13.12.1997,INACTIVE,FENG Lin
11195,10062568721,CHN,18.05.1998,INACTIVE,DUAN Xue
11196,10084782731,CHN,25.07.1997,INACTIVE,ZHANG Lulu
11197,10022121741,NZL,03.05.1967,INACTIVE,MCMULLAN Jane
11198,10062607016,CHN,27.11.1998,INACTIVE,LIU Chengye
11199,10023483579,CHN,03.08.1997,INACTIVE,SHAO Dan
11200,10023483377,CHN,30.03.1998,INACTIVE,ZENG Luyao
11201,10061669045,COL,30.03.1999,INACTIVE,ATEHORTUA HOYOS Daniela
11202,10004715695,USA,01.01.1991,INACTIVE,REYNOLDS Shelby
11203,10011325237,AUS,26.05.1990,INACTIVE,PANE Emma
11204,10015486840,GER,24.10.1999,ACTIVE,BARTHELMES Eva
11205,10015341946,CHN,03.04.1996,INACTIVE,ZHAO Weixia
11206,10016127141,POL,18.07.1998,INACTIVE,TRACZYK Sandra
11207,10080004772,POL,27.02.1999,INACTIVE,NOCON Magdalena
11208,10011025345,INA,16.06.1994,INACTIVE,AZIZAH Rachana
11209,10084753328,CHN,06.08.1997,INACTIVE,ZHANG Jiaxin
11210,10063016941,CHN,04.11.1996,Inactive,LU Siying
11211,10084752924,CHN,18.02.1999,INACTIVE,CHUAI Xing
11212,10083967729,USA,06.08.2003,ACTIVE,CUMMINS Olivia
11213,10126914275,AUS,02.06.1994,ACTIVE,WALKER Emily
11214,10105358653,BRA,29.05.2003,INACTIVE,BRONISKI VIXIMICZEN Emanuelle
11215,10065504686,BRA,27.05.1992,INACTIVE,MOURA COSTA Debora
11216,10051918020,ARG,30.07.1999,INACTIVE,MENDOZA Veronica Lucia
11217,10112577170,COL,20.01.2004,ACTIVE,BARRIOS RIVEROS Paula
11218,10114718951,ARG,10.12.1981,INACTIVE,BOZZER AREVALO Maria Eva
11219,10123581115,AUS,25.06.2004,INACTIVE,O'ROURKE Eugenie
11220,10127630762,NZL,18.07.1975,INACTIVE,ANDERSON Petra
11221,10075234796,GER,09.02.2001,INACTIVE,THÜMMLER Maren
11222,10092411476,AUS,26.12.2002,INACTIVE,WRIGHT Amy
